datetime,interface,taxa_total_Mbps,banda_disponivel
2025-11-26 11:00:22.433205,s1-eth1,0.0,100.0
2025-11-26 11:00:22.433303,s2-eth2,0.0,100.0
2025-11-26 11:00:22.433443,s3-eth2,0.0,100.0
2025-11-26 11:00:23.434096,s1-eth1,0.005126953125,99.994873046875
2025-11-26 11:00:23.434134,s2-eth2,0.0058746337890625,99.99412536621094
2025-11-26 11:00:23.434196,s3-eth2,0.0054473876953125,99.99455261230469
2025-11-26 11:00:24.434612,s1-eth1,0.00299072265625,99.99700927734375
2025-11-26 11:00:24.434660,s2-eth2,0.00299072265625,99.99700927734375
2025-11-26 11:00:24.434727,s3-eth2,0.00299072265625,99.99700927734375
2025-11-26 11:00:25.435182,s1-eth1,0.00299072265625,99.99700927734375
2025-11-26 11:00:25.435236,s2-eth2,0.0022430419921875,99.99775695800781
2025-11-26 11:00:25.435313,s3-eth2,0.00299072265625,99.99700927734375
2025-11-26 11:00:26.435783,s1-eth1,0.00299072265625,99.99700927734375
2025-11-26 11:00:26.435840,s2-eth2,0.0022430419921875,99.99775695800781
2025-11-26 11:00:26.435917,s3-eth2,0.00299072265625,99.99700927734375
2025-11-26 11:00:27.436377,s1-eth1,0.00299072265625,99.99700927734375
2025-11-26 11:00:27.436431,s2-eth2,0.00299072265625,99.99700927734375
2025-11-26 11:00:27.436510,s3-eth2,0.00299072265625,99.99700927734375
2025-11-26 11:00:28.436977,s1-eth1,0.0042724609375,99.9957275390625
2025-11-26 11:00:28.437032,s2-eth2,0.0042724609375,99.9957275390625
2025-11-26 11:00:28.437109,s3-eth2,0.0035247802734375,99.99647521972656
2025-11-26 11:00:29.437577,s1-eth1,0.00299072265625,99.99700927734375
2025-11-26 11:00:29.437637,s2-eth2,0.00299072265625,99.99700927734375
2025-11-26 11:00:29.437714,s3-eth2,0.00299072265625,99.99700927734375
2025-11-26 11:00:30.438506,s1-eth1,0.00299072265625,99.99700927734375
2025-11-26 11:00:30.438619,s2-eth2,0.00299072265625,99.99700927734375
2025-11-26 11:00:30.438764,s3-eth2,0.0029877471923828126,99.99701225280762
2025-11-26 11:00:31.439603,s1-eth1,0.0029877471923828126,99.99701225280762
2025-11-26 11:00:31.439721,s2-eth2,0.0029877471923828126,99.99701225280762
2025-11-26 11:00:31.439865,s3-eth2,0.0029877471923828126,99.99701225280762
2025-11-26 11:00:32.440702,s1-eth1,0.0029877471923828126,99.99701225280762
2025-11-26 11:00:32.440804,s2-eth2,0.0029877471923828126,99.99701225280762
2025-11-26 11:00:32.440964,s3-eth2,0.0029877471923828126,99.99701225280762
2025-11-26 11:00:33.441775,s1-eth1,0.0029877471923828126,99.99701225280762
2025-11-26 11:00:33.441876,s2-eth2,0.0029877471923828126,99.99701225280762
2025-11-26 11:00:33.442029,s3-eth2,0.0029877471923828126,99.99701225280762
2025-11-26 11:00:34.442840,s1-eth1,0.0029877471923828126,99.99701225280762
2025-11-26 11:00:34.442973,s2-eth2,0.0029877471923828126,99.99701225280762
2025-11-26 11:00:34.443133,s3-eth2,0.0029877471923828126,99.99701225280762
2025-11-26 11:00:35.444028,s1-eth1,0.0029877471923828126,99.99701225280762
2025-11-26 11:00:35.444129,s2-eth2,0.0029877471923828126,99.99701225280762
2025-11-26 11:00:35.444273,s3-eth2,0.0029877471923828126,99.99701225280762
2025-11-26 11:00:36.445070,s1-eth1,0.0029877471923828126,99.99701225280762
2025-11-26 11:00:36.445177,s2-eth2,0.0029877471923828126,99.99701225280762
2025-11-26 11:00:36.445320,s3-eth2,0.0029877471923828126,99.99701225280762
2025-11-26 11:00:37.446117,s1-eth1,0.0029877471923828126,99.99701225280762
2025-11-26 11:00:37.446218,s2-eth2,0.0029877471923828126,99.99701225280762
2025-11-26 11:00:37.446365,s3-eth2,0.0029877471923828126,99.99701225280762
2025-11-26 11:00:38.447177,s1-eth1,0.0029877471923828126,99.99701225280762
2025-11-26 11:00:38.447278,s2-eth2,0.0029877471923828126,99.99701225280762
2025-11-26 11:00:38.447422,s3-eth2,0.0029877471923828126,99.99701225280762
2025-11-26 11:00:39.448228,s1-eth1,0.0029877471923828126,99.99701225280762
2025-11-26 11:00:39.448329,s2-eth2,0.0029877471923828126,99.99701225280762
2025-11-26 11:00:39.448471,s3-eth2,0.0029877471923828126,99.99701225280762
2025-11-26 11:00:40.449368,s1-eth1,0.0029877471923828126,99.99701225280762
2025-11-26 11:00:40.449471,s2-eth2,0.0029877471923828126,99.99701225280762
2025-11-26 11:00:40.449614,s3-eth2,0.0029877471923828126,99.99701225280762
2025-11-26 11:00:41.450256,s1-eth1,0.00299072265625,99.99700927734375
2025-11-26 11:00:41.450362,s2-eth2,0.00299072265625,99.99700927734375
2025-11-26 11:00:41.450506,s3-eth2,0.00299072265625,99.99700927734375
2025-11-26 11:00:42.451022,s1-eth1,0.00299072265625,99.99700927734375
2025-11-26 11:00:42.451059,s2-eth2,0.00299072265625,99.99700927734375
2025-11-26 11:00:42.451114,s3-eth2,0.00299072265625,99.99700927734375
2025-11-26 11:00:43.451462,s1-eth1,0.0022430419921875,99.99775695800781
2025-11-26 11:00:43.451500,s2-eth2,0.00299072265625,99.99700927734375
2025-11-26 11:00:43.451553,s3-eth2,0.00299072265625,99.99700927734375
2025-11-26 11:00:44.451901,s1-eth1,0.00299072265625,99.99700927734375
2025-11-26 11:00:44.451938,s2-eth2,0.00299072265625,99.99700927734375
2025-11-26 11:00:44.451991,s3-eth2,0.00299072265625,99.99700927734375
2025-11-26 11:00:45.452413,s1-eth1,0.00299072265625,99.99700927734375
2025-11-26 11:00:45.452449,s2-eth2,0.00299072265625,99.99700927734375
2025-11-26 11:00:45.452503,s3-eth2,0.0022430419921875,99.99775695800781
2025-11-26 11:00:46.452861,s1-eth1,0.00299072265625,99.99700927734375
2025-11-26 11:00:46.452901,s2-eth2,0.00299072265625,99.99700927734375
2025-11-26 11:00:46.452954,s3-eth2,0.00299072265625,99.99700927734375
2025-11-26 11:00:47.453303,s1-eth1,0.00299072265625,99.99700927734375
2025-11-26 11:00:47.453340,s2-eth2,0.00299072265625,99.99700927734375
2025-11-26 11:00:47.453396,s3-eth2,0.00299072265625,99.99700927734375
2025-11-26 11:00:48.453756,s1-eth1,0.00299072265625,99.99700927734375
2025-11-26 11:00:48.453793,s2-eth2,0.00299072265625,99.99700927734375
2025-11-26 11:00:48.453847,s3-eth2,0.00299072265625,99.99700927734375
2025-11-26 11:00:49.454194,s1-eth1,0.00299072265625,99.99700927734375
2025-11-26 11:00:49.454236,s2-eth2,0.0022430419921875,99.99775695800781
2025-11-26 11:00:49.454289,s3-eth2,0.00299072265625,99.99700927734375
2025-11-26 11:00:50.454699,s1-eth1,0.00299072265625,99.99700927734375
2025-11-26 11:00:50.454767,s2-eth2,0.00299072265625,99.99700927734375
2025-11-26 11:00:50.454821,s3-eth2,0.00299072265625,99.99700927734375
2025-11-26 11:00:51.455181,s1-eth1,0.00299072265625,99.99700927734375
2025-11-26 11:00:51.455226,s2-eth2,0.00299072265625,99.99700927734375
2025-11-26 11:00:51.455280,s3-eth2,0.00299072265625,99.99700927734375
2025-11-26 11:00:52.455617,s1-eth1,0.0022430419921875,99.99775695800781
2025-11-26 11:00:52.455654,s2-eth2,0.00299072265625,99.99700927734375
2025-11-26 11:00:52.455712,s3-eth2,0.00299072265625,99.99700927734375
2025-11-26 11:00:53.456047,s1-eth1,0.00299072265625,99.99700927734375
2025-11-26 11:00:53.456084,s2-eth2,0.00299072265625,99.99700927734375
2025-11-26 11:00:53.456141,s3-eth2,0.00299072265625,99.99700927734375
2025-11-26 11:00:54.456477,s1-eth1,0.00299072265625,99.99700927734375
2025-11-26 11:00:54.456514,s2-eth2,0.00299072265625,99.99700927734375
2025-11-26 11:00:54.456570,s3-eth2,0.00299072265625,99.99700927734375
2025-11-26 11:00:55.456964,s1-eth1,0.00299072265625,99.99700927734375
2025-11-26 11:00:55.457001,s2-eth2,0.00299072265625,99.99700927734375
2025-11-26 11:00:55.457054,s3-eth2,0.00299072265625,99.99700927734375
2025-11-26 11:00:56.457400,s1-eth1,0.00299072265625,99.99700927734375
2025-11-26 11:00:56.457437,s2-eth2,0.00299072265625,99.99700927734375
2025-11-26 11:00:56.457490,s3-eth2,0.00299072265625,99.99700927734375
2025-11-26 11:00:57.457896,s1-eth1,0.00299072265625,99.99700927734375
2025-11-26 11:00:57.457947,s2-eth2,0.00299072265625,99.99700927734375
2025-11-26 11:00:57.458019,s3-eth2,0.00299072265625,99.99700927734375
2025-11-26 11:00:58.458458,s1-eth1,0.00299072265625,99.99700927734375
2025-11-26 11:00:58.458509,s2-eth2,0.00299072265625,99.99700927734375
2025-11-26 11:00:58.458581,s3-eth2,0.00299072265625,99.99700927734375
2025-11-26 11:00:59.459035,s1-eth1,0.00299072265625,99.99700927734375
2025-11-26 11:00:59.459086,s2-eth2,0.00299072265625,99.99700927734375
2025-11-26 11:00:59.459158,s3-eth2,0.00299072265625,99.99700927734375
2025-11-26 11:01:00.459898,s1-eth1,0.003631591796875,99.99636840820312
2025-11-26 11:01:00.460000,s2-eth2,0.003631591796875,99.99636840820312
2025-11-26 11:01:00.460144,s3-eth2,0.003631591796875,99.99636840820312
2025-11-26 11:01:01.460971,s1-eth1,0.0029877471923828126,99.99701225280762
2025-11-26 11:01:01.461073,s2-eth2,0.0029877471923828126,99.99701225280762
2025-11-26 11:01:01.461217,s3-eth2,0.0029877471923828126,99.99701225280762
2025-11-26 11:01:02.461903,s1-eth1,0.00299072265625,99.99700927734375
2025-11-26 11:01:02.461972,s2-eth2,0.00299072265625,99.99700927734375
2025-11-26 11:01:02.462069,s3-eth2,0.00299072265625,99.99700927734375
2025-11-26 11:01:03.462626,s1-eth1,0.00299072265625,99.99700927734375
2025-11-26 11:01:03.462693,s2-eth2,0.00299072265625,99.99700927734375
2025-11-26 11:01:03.462789,s3-eth2,0.00299072265625,99.99700927734375
2025-11-26 11:01:04.463354,s1-eth1,0.00299072265625,99.99700927734375
2025-11-26 11:01:04.463422,s2-eth2,0.00299072265625,99.99700927734375
2025-11-26 11:01:04.463517,s3-eth2,0.00299072265625,99.99700927734375
2025-11-26 11:01:05.464143,s1-eth1,0.00299072265625,99.99700927734375
2025-11-26 11:01:05.464211,s2-eth2,0.00299072265625,99.99700927734375
2025-11-26 11:01:05.464305,s3-eth2,0.00299072265625,99.99700927734375
2025-11-26 11:01:06.464865,s1-eth1,0.00299072265625,99.99700927734375
2025-11-26 11:01:06.464933,s2-eth2,0.00299072265625,99.99700927734375
2025-11-26 11:01:06.465028,s3-eth2,0.00299072265625,99.99700927734375
2025-11-26 11:01:07.465588,s1-eth1,0.00299072265625,99.99700927734375
2025-11-26 11:01:07.465656,s2-eth2,0.00299072265625,99.99700927734375
2025-11-26 11:01:07.465751,s3-eth2,0.00299072265625,99.99700927734375
2025-11-26 11:01:08.466307,s1-eth1,0.00299072265625,99.99700927734375
2025-11-26 11:01:08.466375,s2-eth2,0.00299072265625,99.99700927734375
2025-11-26 11:01:08.466470,s3-eth2,0.00299072265625,99.99700927734375
2025-11-26 11:01:09.467037,s1-eth1,0.00299072265625,99.99700927734375
2025-11-26 11:01:09.467106,s2-eth2,0.00299072265625,99.99700927734375
2025-11-26 11:01:09.467201,s3-eth2,0.00299072265625,99.99700927734375
2025-11-26 11:01:10.468016,s1-eth1,0.0042724609375,99.9957275390625
2025-11-26 11:01:10.468120,s2-eth2,0.0042681884765625,99.99573181152344
2025-11-26 11:01:10.468264,s3-eth2,0.0042681884765625,99.99573181152344
2025-11-26 11:01:11.469085,s1-eth1,0.0029877471923828126,99.99701225280762
2025-11-26 11:01:11.469198,s2-eth2,0.0029877471923828126,99.99701225280762
2025-11-26 11:01:11.469342,s3-eth2,0.0029877471923828126,99.99701225280762
2025-11-26 11:01:12.470134,s1-eth1,0.0029877471923828126,99.99701225280762
2025-11-26 11:01:12.470246,s2-eth2,0.0029877471923828126,99.99701225280762
2025-11-26 11:01:12.470390,s3-eth2,0.0029877471923828126,99.99701225280762
2025-11-26 11:01:13.471206,s1-eth1,0.0029877471923828126,99.99701225280762
2025-11-26 11:01:13.471318,s2-eth2,0.0029877471923828126,99.99701225280762
2025-11-26 11:01:13.471462,s3-eth2,0.0029877471923828126,99.99701225280762
2025-11-26 11:01:14.472262,s1-eth1,0.0036279296875,99.9963720703125
2025-11-26 11:01:14.472365,s2-eth2,0.0029877471923828126,99.99701225280762
2025-11-26 11:01:14.472517,s3-eth2,0.0029877471923828126,99.99701225280762
2025-11-26 11:01:15.473373,s1-eth1,0.0029877471923828126,99.99701225280762
2025-11-26 11:01:15.473475,s2-eth2,0.0029877471923828126,99.99701225280762
2025-11-26 11:01:15.473628,s3-eth2,0.0029877471923828126,99.99701225280762
2025-11-26 11:01:16.474421,s1-eth1,0.0029877471923828126,99.99701225280762
2025-11-26 11:01:16.474524,s2-eth2,0.0036279296875,99.9963720703125
2025-11-26 11:01:16.474681,s3-eth2,0.0036279296875,99.9963720703125
2025-11-26 11:01:17.475510,s1-eth1,0.0029877471923828126,99.99701225280762
2025-11-26 11:01:17.475613,s2-eth2,0.0029877471923828126,99.99701225280762
2025-11-26 11:01:17.475756,s3-eth2,0.0029877471923828126,99.99701225280762
2025-11-26 11:01:18.476560,s1-eth1,0.0029877471923828126,99.99701225280762
2025-11-26 11:01:18.476663,s2-eth2,0.0029877471923828126,99.99701225280762
2025-11-26 11:01:18.476808,s3-eth2,0.0029877471923828126,99.99701225280762
2025-11-26 11:01:19.477615,s1-eth1,0.0029877471923828126,99.99701225280762
2025-11-26 11:01:19.477717,s2-eth2,0.0029877471923828126,99.99701225280762
2025-11-26 11:01:19.477861,s3-eth2,0.0029877471923828126,99.99701225280762
2025-11-26 11:01:20.478711,s1-eth1,0.0029877471923828126,99.99701225280762
2025-11-26 11:01:20.478813,s2-eth2,0.0029877471923828126,99.99701225280762
2025-11-26 11:01:20.479028,s3-eth2,0.0029877471923828126,99.99701225280762
2025-11-26 11:01:21.479857,s1-eth1,0.0029877471923828126,99.99701225280762
2025-11-26 11:01:21.479960,s2-eth2,0.0029877471923828126,99.99701225280762
2025-11-26 11:01:21.480104,s3-eth2,0.0029877471923828126,99.99701225280762
2025-11-26 11:01:22.480911,s1-eth1,0.0029877471923828126,99.99701225280762
2025-11-26 11:01:22.481014,s2-eth2,0.0029877471923828126,99.99701225280762
2025-11-26 11:01:22.481158,s3-eth2,0.0029877471923828126,99.99701225280762
2025-11-26 11:01:23.481964,s1-eth1,0.0029877471923828126,99.99701225280762
2025-11-26 11:01:23.482066,s2-eth2,0.0029877471923828126,99.99701225280762
2025-11-26 11:01:23.482211,s3-eth2,0.0029877471923828126,99.99701225280762
2025-11-26 11:01:24.483030,s1-eth1,0.0029877471923828126,99.99701225280762
2025-11-26 11:01:24.483133,s2-eth2,0.0029877471923828126,99.99701225280762
2025-11-26 11:01:24.483277,s3-eth2,0.0029877471923828126,99.99701225280762
2025-11-26 11:01:25.484151,s1-eth1,0.0029877471923828126,99.99701225280762
2025-11-26 11:01:25.484253,s2-eth2,0.0029877471923828126,99.99701225280762
2025-11-26 11:01:25.484396,s3-eth2,0.0029877471923828126,99.99701225280762
2025-11-26 11:01:26.485207,s1-eth1,0.0029877471923828126,99.99701225280762
2025-11-26 11:01:26.485310,s2-eth2,0.0029877471923828126,99.99701225280762
2025-11-26 11:01:26.485454,s3-eth2,0.0029877471923828126,99.99701225280762
2025-11-26 11:01:27.486262,s1-eth1,0.0029877471923828126,99.99701225280762
2025-11-26 11:01:27.486364,s2-eth2,0.0029877471923828126,99.99701225280762
2025-11-26 11:01:27.486508,s3-eth2,0.0029877471923828126,99.99701225280762
2025-11-26 11:01:28.487331,s1-eth1,0.0029877471923828126,99.99701225280762
2025-11-26 11:01:28.487434,s2-eth2,0.0029877471923828126,99.99701225280762
2025-11-26 11:01:28.487578,s3-eth2,0.0029877471923828126,99.99701225280762
2025-11-26 11:01:29.488385,s1-eth1,0.0029877471923828126,99.99701225280762
2025-11-26 11:01:29.488487,s2-eth2,0.0029877471923828126,99.99701225280762
2025-11-26 11:01:29.488631,s3-eth2,0.0029877471923828126,99.99701225280762
2025-11-26 11:01:30.489511,s1-eth1,0.0029877471923828126,99.99701225280762
2025-11-26 11:01:30.489614,s2-eth2,0.0029877471923828126,99.99701225280762
2025-11-26 11:01:30.489758,s3-eth2,0.0029877471923828126,99.99701225280762
2025-11-26 11:01:31.490259,s1-eth1,0.00299072265625,99.99700927734375
2025-11-26 11:01:31.490297,s2-eth2,0.00299072265625,99.99700927734375
2025-11-26 11:01:31.490349,s3-eth2,0.00299072265625,99.99700927734375
2025-11-26 11:01:32.490700,s1-eth1,0.00299072265625,99.99700927734375
2025-11-26 11:01:32.490744,s2-eth2,0.00299072265625,99.99700927734375
2025-11-26 11:01:32.490798,s3-eth2,0.00299072265625,99.99700927734375
2025-11-26 11:01:33.491455,s1-eth1,0.00299072265625,99.99700927734375
2025-11-26 11:01:33.491568,s2-eth2,0.00299072265625,99.99700927734375
2025-11-26 11:01:33.491711,s3-eth2,0.00299072265625,99.99700927734375
2025-11-26 11:01:34.492521,s1-eth1,0.0029877471923828126,99.99701225280762
2025-11-26 11:01:34.492633,s2-eth2,0.0029877471923828126,99.99701225280762
2025-11-26 11:01:34.492779,s3-eth2,0.0029877471923828126,99.99701225280762
2025-11-26 11:01:35.493641,s1-eth1,0.0029877471923828126,99.99701225280762
2025-11-26 11:01:35.493746,s2-eth2,0.0036279296875,99.9963720703125
2025-11-26 11:01:35.493905,s3-eth2,0.0036279296875,99.9963720703125
2025-11-26 11:01:36.494703,s1-eth1,0.0029877471923828126,99.99701225280762
2025-11-26 11:01:36.494805,s2-eth2,0.0029877471923828126,99.99701225280762
2025-11-26 11:01:36.494970,s3-eth2,0.0029877471923828126,99.99701225280762
2025-11-26 11:01:37.495796,s1-eth1,0.004908447265625,99.99509155273438
2025-11-26 11:01:37.495901,s2-eth2,0.0036279296875,99.9963720703125
2025-11-26 11:01:37.496057,s3-eth2,0.0036279296875,99.9963720703125
2025-11-26 11:01:38.496865,s1-eth1,0.0029877471923828126,99.99701225280762
2025-11-26 11:01:38.496967,s2-eth2,0.0029877471923828126,99.99701225280762
2025-11-26 11:01:38.497111,s3-eth2,0.0029877471923828126,99.99701225280762
2025-11-26 11:01:39.497653,s1-eth1,0.00299072265625,99.99700927734375
2025-11-26 11:01:39.497690,s2-eth2,0.00299072265625,99.99700927734375
2025-11-26 11:01:39.497744,s3-eth2,0.00299072265625,99.99700927734375
2025-11-26 11:01:40.498175,s1-eth1,0.00299072265625,99.99700927734375
2025-11-26 11:01:40.498212,s2-eth2,0.00299072265625,99.99700927734375
2025-11-26 11:01:40.498266,s3-eth2,0.00299072265625,99.99700927734375
2025-11-26 11:01:41.498949,s1-eth1,0.00299072265625,99.99700927734375
2025-11-26 11:01:41.499052,s2-eth2,0.00299072265625,99.99700927734375
2025-11-26 11:01:41.499196,s3-eth2,0.00299072265625,99.99700927734375
2025-11-26 11:01:42.500037,s1-eth1,0.0029877471923828126,99.99701225280762
2025-11-26 11:01:42.500140,s2-eth2,0.0029877471923828126,99.99701225280762
2025-11-26 11:01:42.500284,s3-eth2,0.0029877471923828126,99.99701225280762
2025-11-26 11:01:43.501182,s1-eth1,0.0029877471923828126,99.99701225280762
2025-11-26 11:01:43.501287,s2-eth2,0.0036279296875,99.9963720703125
2025-11-26 11:01:43.501433,s3-eth2,0.0036279296875,99.9963720703125
2025-11-26 11:01:44.502275,s1-eth1,0.0029877471923828126,99.99701225280762
2025-11-26 11:01:44.502378,s2-eth2,0.0029877471923828126,99.99701225280762
2025-11-26 11:01:44.502524,s3-eth2,0.0029877471923828126,99.99701225280762
2025-11-26 11:01:45.503125,s1-eth1,0.003631591796875,99.99636840820312
2025-11-26 11:01:45.503212,s2-eth2,0.003631591796875,99.99636840820312
2025-11-26 11:01:45.503358,s3-eth2,0.003631591796875,99.99636840820312
2025-11-26 11:01:46.504121,s1-eth1,0.00299072265625,99.99700927734375
2025-11-26 11:01:46.504226,s2-eth2,0.0029877471923828126,99.99701225280762
2025-11-26 11:01:46.504373,s3-eth2,0.0029877471923828126,99.99701225280762
2025-11-26 11:01:47.505267,s1-eth1,0.0029877471923828126,99.99701225280762
2025-11-26 11:01:47.505372,s2-eth2,0.0029877471923828126,99.99701225280762
2025-11-26 11:01:47.505518,s3-eth2,0.0029877471923828126,99.99701225280762
2025-11-26 11:01:48.506061,s1-eth1,0.00299072265625,99.99700927734375
2025-11-26 11:01:48.506099,s2-eth2,0.00299072265625,99.99700927734375
2025-11-26 11:01:48.506174,s3-eth2,0.00299072265625,99.99700927734375
2025-11-26 11:01:49.506706,s1-eth1,0.00299072265625,99.99700927734375
2025-11-26 11:01:49.506743,s2-eth2,0.00299072265625,99.99700927734375
2025-11-26 11:01:49.506797,s3-eth2,0.00299072265625,99.99700927734375
2025-11-26 11:01:50.507334,s1-eth1,0.00299072265625,99.99700927734375
2025-11-26 11:01:50.507371,s2-eth2,0.00299072265625,99.99700927734375
2025-11-26 11:01:50.507425,s3-eth2,0.00299072265625,99.99700927734375
2025-11-26 11:01:51.508153,s1-eth1,0.00299072265625,99.99700927734375
2025-11-26 11:01:51.508255,s2-eth2,0.00299072265625,99.99700927734375
2025-11-26 11:01:51.508401,s3-eth2,0.00299072265625,99.99700927734375
2025-11-26 11:01:52.508942,s1-eth1,0.00299072265625,99.99700927734375
2025-11-26 11:01:52.508980,s2-eth2,0.00299072265625,99.99700927734375
2025-11-26 11:01:52.509037,s3-eth2,0.00299072265625,99.99700927734375
2025-11-26 11:01:53.509561,s1-eth1,0.00299072265625,99.99700927734375
2025-11-26 11:01:53.509604,s2-eth2,0.00299072265625,99.99700927734375
2025-11-26 11:01:53.509658,s3-eth2,0.00299072265625,99.99700927734375
2025-11-26 11:01:54.510023,s1-eth1,0.00299072265625,99.99700927734375
2025-11-26 11:01:54.510066,s2-eth2,0.00299072265625,99.99700927734375
2025-11-26 11:01:54.510121,s3-eth2,0.00299072265625,99.99700927734375
2025-11-26 11:01:55.510563,s1-eth1,0.00299072265625,99.99700927734375
2025-11-26 11:01:55.510606,s2-eth2,0.00299072265625,99.99700927734375
2025-11-26 11:01:55.510660,s3-eth2,0.00299072265625,99.99700927734375
2025-11-26 11:01:56.511034,s1-eth1,0.00299072265625,99.99700927734375
2025-11-26 11:01:56.511072,s2-eth2,0.00299072265625,99.99700927734375
2025-11-26 11:01:56.511132,s3-eth2,0.00299072265625,99.99700927734375
2025-11-26 11:01:57.511887,s1-eth1,0.00299072265625,99.99700927734375
2025-11-26 11:01:57.511991,s2-eth2,0.00299072265625,99.99700927734375
2025-11-26 11:01:57.512152,s3-eth2,0.0029877471923828126,99.99701225280762
2025-11-26 11:01:58.512683,s1-eth1,0.00299072265625,99.99700927734375
2025-11-26 11:01:58.512721,s2-eth2,0.00299072265625,99.99700927734375
2025-11-26 11:01:58.512781,s3-eth2,0.00299072265625,99.99700927734375
2025-11-26 11:01:59.513545,s1-eth1,0.003631591796875,99.99636840820312
2025-11-26 11:01:59.513647,s2-eth2,0.003631591796875,99.99636840820312
2025-11-26 11:01:59.513805,s3-eth2,0.0036279296875,99.9963720703125
2025-11-26 11:02:00.514692,s1-eth1,0.0029877471923828126,99.99701225280762
2025-11-26 11:02:00.514795,s2-eth2,0.0029877471923828126,99.99701225280762
2025-11-26 11:02:00.514954,s3-eth2,0.0029877471923828126,99.99701225280762
2025-11-26 11:02:01.515783,s1-eth1,0.0029877471923828126,99.99701225280762
2025-11-26 11:02:01.515886,s2-eth2,0.0029877471923828126,99.99701225280762
2025-11-26 11:02:01.516029,s3-eth2,0.0029877471923828126,99.99701225280762
2025-11-26 11:02:02.516841,s1-eth1,0.0029877471923828126,99.99701225280762
2025-11-26 11:02:02.516943,s2-eth2,0.0029877471923828126,99.99701225280762
2025-11-26 11:02:02.517087,s3-eth2,0.0029877471923828126,99.99701225280762
2025-11-26 11:02:03.517906,s1-eth1,0.0036279296875,99.9963720703125
2025-11-26 11:02:03.518009,s2-eth2,0.0029877471923828126,99.99701225280762
2025-11-26 11:02:03.518154,s3-eth2,0.0029877471923828126,99.99701225280762
2025-11-26 11:02:04.518977,s1-eth1,0.0029877471923828126,99.99701225280762
2025-11-26 11:02:04.519080,s2-eth2,0.0029877471923828126,99.99701225280762
2025-11-26 11:02:04.519225,s3-eth2,0.0029877471923828126,99.99701225280762
2025-11-26 11:02:05.520099,s1-eth1,0.0029877471923828126,99.99701225280762
2025-11-26 11:02:05.520201,s2-eth2,0.0029877471923828126,99.99701225280762
2025-11-26 11:02:05.520344,s3-eth2,0.0029877471923828126,99.99701225280762
2025-11-26 11:02:06.521150,s1-eth1,0.0029877471923828126,99.99701225280762
2025-11-26 11:02:06.521252,s2-eth2,0.0029877471923828126,99.99701225280762
2025-11-26 11:02:06.521394,s3-eth2,0.0029877471923828126,99.99701225280762
2025-11-26 11:02:07.522190,s1-eth1,0.0029877471923828126,99.99701225280762
2025-11-26 11:02:07.522292,s2-eth2,0.0029877471923828126,99.99701225280762
2025-11-26 11:02:07.522434,s3-eth2,0.0029877471923828126,99.99701225280762
2025-11-26 11:02:08.523250,s1-eth1,0.0029877471923828126,99.99701225280762
2025-11-26 11:02:08.523352,s2-eth2,0.0029877471923828126,99.99701225280762
2025-11-26 11:02:08.523496,s3-eth2,0.0029877471923828126,99.99701225280762
2025-11-26 11:02:09.524308,s1-eth1,0.0029877471923828126,99.99701225280762
2025-11-26 11:02:09.524410,s2-eth2,0.0029877471923828126,99.99701225280762
2025-11-26 11:02:09.524553,s3-eth2,0.0029877471923828126,99.99701225280762
2025-11-26 11:02:10.525147,s1-eth1,0.00299072265625,99.99700927734375
2025-11-26 11:02:10.525185,s2-eth2,0.003631591796875,99.99636840820312
2025-11-26 11:02:10.525238,s3-eth2,0.003631591796875,99.99636840820312
2025-11-26 11:02:11.525889,s1-eth1,0.00299072265625,99.99700927734375
2025-11-26 11:02:11.525991,s2-eth2,0.00299072265625,99.99700927734375
2025-11-26 11:02:11.526134,s3-eth2,0.00299072265625,99.99700927734375
2025-11-26 11:02:12.526955,s1-eth1,0.0029877471923828126,99.99701225280762
2025-11-26 11:02:12.527058,s2-eth2,0.0029877471923828126,99.99701225280762
2025-11-26 11:02:12.527201,s3-eth2,0.0029877471923828126,99.99701225280762
2025-11-26 11:02:13.528113,s1-eth1,0.0029877471923828126,99.99701225280762
2025-11-26 11:02:13.528217,s2-eth2,0.0029877471923828126,99.99701225280762
2025-11-26 11:02:13.528366,s3-eth2,0.0029877471923828126,99.99701225280762
2025-11-26 11:02:14.529205,s1-eth1,0.0029877471923828126,99.99701225280762
2025-11-26 11:02:14.529308,s2-eth2,0.0029877471923828126,99.99701225280762
2025-11-26 11:02:14.529453,s3-eth2,0.0029877471923828126,99.99701225280762
2025-11-26 11:02:15.530267,s1-eth1,0.0029877471923828126,99.99701225280762
2025-11-26 11:02:15.530381,s2-eth2,0.0029877471923828126,99.99701225280762
2025-11-26 11:02:15.530525,s3-eth2,0.0029877471923828126,99.99701225280762
2025-11-26 11:02:16.531366,s1-eth1,0.0036279296875,99.9963720703125
2025-11-26 11:02:16.531482,s2-eth2,0.0036279296875,99.9963720703125
2025-11-26 11:02:16.531627,s3-eth2,0.0036279296875,99.9963720703125
2025-11-26 11:02:17.532445,s1-eth1,0.0029877471923828126,99.99701225280762
2025-11-26 11:02:17.532558,s2-eth2,0.0029877471923828126,99.99701225280762
2025-11-26 11:02:17.532702,s3-eth2,0.0029877471923828126,99.99701225280762
2025-11-26 11:02:18.533499,s1-eth1,0.0029877471923828126,99.99701225280762
2025-11-26 11:02:18.533601,s2-eth2,0.0029877471923828126,99.99701225280762
2025-11-26 11:02:18.533755,s3-eth2,0.0029877471923828126,99.99701225280762
2025-11-26 11:02:19.534555,s1-eth1,0.0029877471923828126,99.99701225280762
2025-11-26 11:02:19.534657,s2-eth2,0.0029877471923828126,99.99701225280762
2025-11-26 11:02:19.534810,s3-eth2,0.0029877471923828126,99.99701225280762
2025-11-26 11:02:20.535650,s1-eth1,0.0036279296875,99.9963720703125
2025-11-26 11:02:20.535752,s2-eth2,0.0036279296875,99.9963720703125
2025-11-26 11:02:20.535906,s3-eth2,0.0036279296875,99.9963720703125
2025-11-26 11:02:21.536710,s1-eth1,0.0029877471923828126,99.99701225280762
2025-11-26 11:02:21.536813,s2-eth2,0.0029877471923828126,99.99701225280762
2025-11-26 11:02:21.536956,s3-eth2,0.0029877471923828126,99.99701225280762
2025-11-26 11:02:22.537767,s1-eth1,0.0036279296875,99.9963720703125
2025-11-26 11:02:22.537870,s2-eth2,0.0029877471923828126,99.99701225280762
2025-11-26 11:02:22.538013,s3-eth2,0.0029877471923828126,99.99701225280762
2025-11-26 11:02:23.538914,s1-eth1,0.0029877471923828126,99.99701225280762
2025-11-26 11:02:23.539016,s2-eth2,0.0029877471923828126,99.99701225280762
2025-11-26 11:02:23.539161,s3-eth2,0.0029877471923828126,99.99701225280762
2025-11-26 11:02:24.539960,s1-eth1,0.0029877471923828126,99.99701225280762
2025-11-26 11:02:24.540063,s2-eth2,0.0036279296875,99.9963720703125
2025-11-26 11:02:24.540206,s3-eth2,0.0036279296875,99.9963720703125
2025-11-26 11:02:25.541014,s1-eth1,0.0029877471923828126,99.99701225280762
2025-11-26 11:02:25.541117,s2-eth2,0.0029877471923828126,99.99701225280762
2025-11-26 11:02:25.541260,s3-eth2,0.0029877471923828126,99.99701225280762
2025-11-26 11:02:26.542068,s1-eth1,0.0029877471923828126,99.99701225280762
2025-11-26 11:02:26.542171,s2-eth2,0.0029877471923828126,99.99701225280762
2025-11-26 11:02:26.542314,s3-eth2,0.0029877471923828126,99.99701225280762
2025-11-26 11:02:27.543152,s1-eth1,0.0029877471923828126,99.99701225280762
2025-11-26 11:02:27.543255,s2-eth2,0.0029877471923828126,99.99701225280762
2025-11-26 11:02:27.543399,s3-eth2,0.0029877471923828126,99.99701225280762
2025-11-26 11:02:28.544283,s1-eth1,0.0029877471923828126,99.99701225280762
2025-11-26 11:02:28.544385,s2-eth2,0.0029877471923828126,99.99701225280762
2025-11-26 11:02:28.544528,s3-eth2,0.0029877471923828126,99.99701225280762
2025-11-26 11:02:29.545332,s1-eth1,0.0029877471923828126,99.99701225280762
2025-11-26 11:02:29.545433,s2-eth2,0.0029877471923828126,99.99701225280762
2025-11-26 11:02:29.545576,s3-eth2,0.0029877471923828126,99.99701225280762
2025-11-26 11:02:30.546386,s1-eth1,0.0036279296875,99.9963720703125
2025-11-26 11:02:30.546488,s2-eth2,0.0029877471923828126,99.99701225280762
2025-11-26 11:02:30.546632,s3-eth2,0.0029877471923828126,99.99701225280762
2025-11-26 11:02:31.547546,s1-eth1,0.0029877471923828126,99.99701225280762
2025-11-26 11:02:31.547649,s2-eth2,0.0029877471923828126,99.99701225280762
2025-11-26 11:02:31.547795,s3-eth2,0.0029877471923828126,99.99701225280762
2025-11-26 11:02:32.548655,s1-eth1,0.0029877471923828126,99.99701225280762
2025-11-26 11:02:32.548756,s2-eth2,0.0029877471923828126,99.99701225280762
2025-11-26 11:02:32.548900,s3-eth2,0.0029877471923828126,99.99701225280762
2025-11-26 11:02:33.549502,s1-eth1,0.00299072265625,99.99700927734375
2025-11-26 11:02:33.549544,s2-eth2,0.00299072265625,99.99700927734375
2025-11-26 11:02:33.549602,s3-eth2,0.00299072265625,99.99700927734375
2025-11-26 11:02:34.549969,s1-eth1,0.00299072265625,99.99700927734375
2025-11-26 11:02:34.550010,s2-eth2,0.00299072265625,99.99700927734375
2025-11-26 11:02:34.550068,s3-eth2,0.00299072265625,99.99700927734375
2025-11-26 11:02:35.550436,s1-eth1,0.00299072265625,99.99700927734375
2025-11-26 11:02:35.550477,s2-eth2,0.00299072265625,99.99700927734375
2025-11-26 11:02:35.550536,s3-eth2,0.00299072265625,99.99700927734375
2025-11-26 11:02:36.550920,s1-eth1,0.00299072265625,99.99700927734375
2025-11-26 11:02:36.550961,s2-eth2,0.003631591796875,99.99636840820312
2025-11-26 11:02:36.551019,s3-eth2,0.003631591796875,99.99636840820312
2025-11-26 11:02:37.551390,s1-eth1,0.00299072265625,99.99700927734375
2025-11-26 11:02:37.551436,s2-eth2,0.00299072265625,99.99700927734375
2025-11-26 11:02:37.551494,s3-eth2,0.00299072265625,99.99700927734375
2025-11-26 11:02:38.551905,s1-eth1,0.00299072265625,99.99700927734375
2025-11-26 11:02:38.551952,s2-eth2,0.00299072265625,99.99700927734375
2025-11-26 11:02:38.552010,s3-eth2,0.00299072265625,99.99700927734375
2025-11-26 11:02:39.552375,s1-eth1,0.00299072265625,99.99700927734375
2025-11-26 11:02:39.552421,s2-eth2,0.00299072265625,99.99700927734375
2025-11-26 11:02:39.552479,s3-eth2,0.00299072265625,99.99700927734375
2025-11-26 11:02:40.552844,s1-eth1,0.00299072265625,99.99700927734375
2025-11-26 11:02:40.552885,s2-eth2,0.00299072265625,99.99700927734375
2025-11-26 11:02:40.552947,s3-eth2,0.00299072265625,99.99700927734375
2025-11-26 11:02:41.553309,s1-eth1,0.00299072265625,99.99700927734375
2025-11-26 11:02:41.553350,s2-eth2,0.00299072265625,99.99700927734375
2025-11-26 11:02:41.553412,s3-eth2,0.00299072265625,99.99700927734375
2025-11-26 11:02:42.553769,s1-eth1,0.00299072265625,99.99700927734375
2025-11-26 11:02:42.553810,s2-eth2,0.00299072265625,99.99700927734375
2025-11-26 11:02:42.553867,s3-eth2,0.00299072265625,99.99700927734375
2025-11-26 11:02:43.554289,s1-eth1,0.00299072265625,99.99700927734375
2025-11-26 11:02:43.554330,s2-eth2,0.00299072265625,99.99700927734375
2025-11-26 11:02:43.554388,s3-eth2,0.00299072265625,99.99700927734375
2025-11-26 11:02:44.554778,s1-eth1,0.003631591796875,99.99636840820312
2025-11-26 11:02:44.554819,s2-eth2,0.00299072265625,99.99700927734375
2025-11-26 11:02:44.554887,s3-eth2,0.00299072265625,99.99700927734375
2025-11-26 11:02:45.555267,s1-eth1,0.00299072265625,99.99700927734375
2025-11-26 11:02:45.555309,s2-eth2,0.00299072265625,99.99700927734375
2025-11-26 11:02:45.555366,s3-eth2,0.00299072265625,99.99700927734375
2025-11-26 11:02:46.555733,s1-eth1,0.00299072265625,99.99700927734375
2025-11-26 11:02:46.555773,s2-eth2,0.00299072265625,99.99700927734375
2025-11-26 11:02:46.555831,s3-eth2,0.00299072265625,99.99700927734375
2025-11-26 11:02:47.556201,s1-eth1,0.00299072265625,99.99700927734375
2025-11-26 11:02:47.556242,s2-eth2,0.00299072265625,99.99700927734375
2025-11-26 11:02:47.556301,s3-eth2,0.00299072265625,99.99700927734375
2025-11-26 11:02:48.557038,s1-eth1,0.00299072265625,99.99700927734375
2025-11-26 11:02:48.557140,s2-eth2,0.003631591796875,99.99636840820312
2025-11-26 11:02:48.557285,s3-eth2,0.003631591796875,99.99636840820312
2025-11-26 11:02:49.558135,s1-eth1,0.0029877471923828126,99.99701225280762
2025-11-26 11:02:49.558238,s2-eth2,0.0029877471923828126,99.99701225280762
2025-11-26 11:02:49.558383,s3-eth2,0.0029877471923828126,99.99701225280762
2025-11-26 11:02:50.559228,s1-eth1,0.0029877471923828126,99.99701225280762
2025-11-26 11:02:50.559331,s2-eth2,0.0029877471923828126,99.99701225280762
2025-11-26 11:02:50.559475,s3-eth2,0.0029877471923828126,99.99701225280762
2025-11-26 11:02:51.560312,s1-eth1,0.0029877471923828126,99.99701225280762
2025-11-26 11:02:51.560414,s2-eth2,0.0029877471923828126,99.99701225280762
2025-11-26 11:02:51.560557,s3-eth2,0.0029877471923828126,99.99701225280762
2025-11-26 11:02:52.561392,s1-eth1,0.0029877471923828126,99.99701225280762
2025-11-26 11:02:52.561493,s2-eth2,0.0029877471923828126,99.99701225280762
2025-11-26 11:02:52.561637,s3-eth2,0.0029877471923828126,99.99701225280762
2025-11-26 11:02:53.562545,s1-eth1,0.0029877471923828126,99.99701225280762
2025-11-26 11:02:53.562649,s2-eth2,0.0029877471923828126,99.99701225280762
2025-11-26 11:02:53.562794,s3-eth2,0.0029877471923828126,99.99701225280762
2025-11-26 11:02:54.563657,s1-eth1,0.0029877471923828126,99.99701225280762
2025-11-26 11:02:54.563759,s2-eth2,0.0029877471923828126,99.99701225280762
2025-11-26 11:02:54.563905,s3-eth2,0.0029877471923828126,99.99701225280762
2025-11-26 11:02:55.564755,s1-eth1,0.0042681884765625,99.99573181152344
2025-11-26 11:02:55.564858,s2-eth2,0.0042681884765625,99.99573181152344
2025-11-26 11:02:55.565003,s3-eth2,0.0042681884765625,99.99573181152344
2025-11-26 11:02:56.565844,s1-eth1,0.0029877471923828126,99.99701225280762
2025-11-26 11:02:56.565946,s2-eth2,0.0029877471923828126,99.99701225280762
2025-11-26 11:02:56.566090,s3-eth2,0.0029877471923828126,99.99701225280762
2025-11-26 11:02:57.566969,s1-eth1,0.0036279296875,99.9963720703125
2025-11-26 11:02:57.567073,s2-eth2,0.0029877471923828126,99.99701225280762
2025-11-26 11:02:57.567219,s3-eth2,0.0029877471923828126,99.99701225280762
2025-11-26 11:02:58.568086,s1-eth1,0.0029877471923828126,99.99701225280762
2025-11-26 11:02:58.568200,s2-eth2,0.0029877471923828126,99.99701225280762
2025-11-26 11:02:58.568344,s3-eth2,0.0029877471923828126,99.99701225280762
2025-11-26 11:02:59.569173,s1-eth1,0.0029877471923828126,99.99701225280762
2025-11-26 11:02:59.569287,s2-eth2,0.0029877471923828126,99.99701225280762
2025-11-26 11:02:59.569432,s3-eth2,0.0029877471923828126,99.99701225280762
2025-11-26 11:03:00.570283,s1-eth1,0.0029877471923828126,99.99701225280762
2025-11-26 11:03:00.570399,s2-eth2,0.0029877471923828126,99.99701225280762
2025-11-26 11:03:00.570546,s3-eth2,0.0029877471923828126,99.99701225280762
2025-11-26 11:03:01.571378,s1-eth1,0.0029877471923828126,99.99701225280762
2025-11-26 11:03:01.571480,s2-eth2,0.0029877471923828126,99.99701225280762
2025-11-26 11:03:01.571643,s3-eth2,0.0029877471923828126,99.99701225280762
2025-11-26 11:03:02.572459,s1-eth1,0.0029877471923828126,99.99701225280762
2025-11-26 11:03:02.572562,s2-eth2,0.0029877471923828126,99.99701225280762
2025-11-26 11:03:02.572718,s3-eth2,0.0029877471923828126,99.99701225280762
2025-11-26 11:03:03.573602,s1-eth1,0.0029877471923828126,99.99701225280762
2025-11-26 11:03:03.573707,s2-eth2,0.0036279296875,99.9963720703125
2025-11-26 11:03:03.573866,s3-eth2,0.0036279296875,99.9963720703125
2025-11-26 11:03:04.574695,s1-eth1,0.0029877471923828126,99.99701225280762
2025-11-26 11:03:04.574798,s2-eth2,0.0029877471923828126,99.99701225280762
2025-11-26 11:03:04.574955,s3-eth2,0.0029877471923828126,99.99701225280762
2025-11-26 11:03:05.575797,s1-eth1,0.0029877471923828126,99.99701225280762
2025-11-26 11:03:05.575901,s2-eth2,0.0029877471923828126,99.99701225280762
2025-11-26 11:03:05.576047,s3-eth2,0.0029877471923828126,99.99701225280762
2025-11-26 11:03:06.576882,s1-eth1,0.0029877471923828126,99.99701225280762
2025-11-26 11:03:06.576985,s2-eth2,0.0029877471923828126,99.99701225280762
2025-11-26 11:03:06.577129,s3-eth2,0.0029877471923828126,99.99701225280762
2025-11-26 11:03:07.577974,s1-eth1,0.0036279296875,99.9963720703125
2025-11-26 11:03:07.578077,s2-eth2,0.0029877471923828126,99.99701225280762
2025-11-26 11:03:07.578223,s3-eth2,0.0029877471923828126,99.99701225280762
2025-11-26 11:03:08.579167,s1-eth1,0.0029877471923828126,99.99701225280762
2025-11-26 11:03:08.579270,s2-eth2,0.0029877471923828126,99.99701225280762
2025-11-26 11:03:08.579415,s3-eth2,0.0029877471923828126,99.99701225280762
2025-11-26 11:03:09.580272,s1-eth1,0.0029877471923828126,99.99701225280762
2025-11-26 11:03:09.580375,s2-eth2,0.0029877471923828126,99.99701225280762
2025-11-26 11:03:09.580521,s3-eth2,0.0029877471923828126,99.99701225280762
2025-11-26 11:03:10.581357,s1-eth1,0.0029877471923828126,99.99701225280762
2025-11-26 11:03:10.581461,s2-eth2,0.0029877471923828126,99.99701225280762
2025-11-26 11:03:10.581605,s3-eth2,0.0029877471923828126,99.99701225280762
2025-11-26 11:03:11.582447,s1-eth1,0.0029877471923828126,99.99701225280762
2025-11-26 11:03:11.582550,s2-eth2,0.0029877471923828126,99.99701225280762
2025-11-26 11:03:11.582696,s3-eth2,0.0029877471923828126,99.99701225280762
2025-11-26 11:03:12.583549,s1-eth1,0.0029877471923828126,99.99701225280762
2025-11-26 11:03:12.583652,s2-eth2,0.0029877471923828126,99.99701225280762
2025-11-26 11:03:12.583797,s3-eth2,0.0029877471923828126,99.99701225280762
2025-11-26 11:03:13.584712,s1-eth1,0.0029877471923828126,99.99701225280762
2025-11-26 11:03:13.584816,s2-eth2,0.0036279296875,99.9963720703125
2025-11-26 11:03:13.584960,s3-eth2,0.0036279296875,99.9963720703125
2025-11-26 11:03:14.585816,s1-eth1,0.0029877471923828126,99.99701225280762
2025-11-26 11:03:14.585918,s2-eth2,0.0029877471923828126,99.99701225280762
2025-11-26 11:03:14.586064,s3-eth2,0.0029877471923828126,99.99701225280762
2025-11-26 11:03:15.586904,s1-eth1,0.0029877471923828126,99.99701225280762
2025-11-26 11:03:15.587006,s2-eth2,0.0029877471923828126,99.99701225280762
2025-11-26 11:03:15.587151,s3-eth2,0.0029877471923828126,99.99701225280762
2025-11-26 11:03:16.587975,s1-eth1,0.0029877471923828126,99.99701225280762
2025-11-26 11:03:16.588078,s2-eth2,0.0029877471923828126,99.99701225280762
2025-11-26 11:03:16.588222,s3-eth2,0.0029877471923828126,99.99701225280762
2025-11-26 11:03:17.589047,s1-eth1,0.0029877471923828126,99.99701225280762
2025-11-26 11:03:17.589150,s2-eth2,0.0029877471923828126,99.99701225280762
2025-11-26 11:03:17.589294,s3-eth2,0.0029877471923828126,99.99701225280762
2025-11-26 11:03:18.590183,s1-eth1,0.0029877471923828126,99.99701225280762
2025-11-26 11:03:18.590285,s2-eth2,0.0029877471923828126,99.99701225280762
2025-11-26 11:03:18.590429,s3-eth2,0.0029877471923828126,99.99701225280762
2025-11-26 11:03:19.591256,s1-eth1,0.0029877471923828126,99.99701225280762
2025-11-26 11:03:19.591371,s2-eth2,0.0029877471923828126,99.99701225280762
2025-11-26 11:03:19.591516,s3-eth2,0.0029877471923828126,99.99701225280762
2025-11-26 11:03:20.592340,s1-eth1,0.0029877471923828126,99.99701225280762
2025-11-26 11:03:20.592453,s2-eth2,0.0029877471923828126,99.99701225280762
2025-11-26 11:03:20.592597,s3-eth2,0.0029877471923828126,99.99701225280762
2025-11-26 11:03:21.593412,s1-eth1,0.0029877471923828126,99.99701225280762
2025-11-26 11:03:21.593526,s2-eth2,0.0029877471923828126,99.99701225280762
2025-11-26 11:03:21.593670,s3-eth2,0.0029877471923828126,99.99701225280762
2025-11-26 11:03:22.594484,s1-eth1,0.0029877471923828126,99.99701225280762
2025-11-26 11:03:22.594586,s2-eth2,0.0029877471923828126,99.99701225280762
2025-11-26 11:03:22.594740,s3-eth2,0.0029877471923828126,99.99701225280762
2025-11-26 11:03:23.595656,s1-eth1,0.0036279296875,99.9963720703125
2025-11-26 11:03:23.595759,s2-eth2,0.0029877471923828126,99.99701225280762
2025-11-26 11:03:23.595916,s3-eth2,0.0029877471923828126,99.99701225280762
2025-11-26 11:03:24.596736,s1-eth1,0.0029877471923828126,99.99701225280762
2025-11-26 11:03:24.596839,s2-eth2,0.0029877471923828126,99.99701225280762
2025-11-26 11:03:24.596993,s3-eth2,0.0029877471923828126,99.99701225280762
2025-11-26 11:03:25.597803,s1-eth1,0.0029877471923828126,99.99701225280762
2025-11-26 11:03:25.597905,s2-eth2,0.0029877471923828126,99.99701225280762
2025-11-26 11:03:25.598049,s3-eth2,0.0029877471923828126,99.99701225280762
2025-11-26 11:03:26.598902,s1-eth1,0.0029877471923828126,99.99701225280762
2025-11-26 11:03:26.599005,s2-eth2,0.0029877471923828126,99.99701225280762
2025-11-26 11:03:26.599150,s3-eth2,0.0029877471923828126,99.99701225280762
2025-11-26 11:03:27.599970,s1-eth1,0.0029877471923828126,99.99701225280762
2025-11-26 11:03:27.600074,s2-eth2,0.0029877471923828126,99.99701225280762
2025-11-26 11:03:27.600217,s3-eth2,0.0029877471923828126,99.99701225280762
2025-11-26 11:03:28.601092,s1-eth1,0.0029877471923828126,99.99701225280762
2025-11-26 11:03:28.601194,s2-eth2,0.0029877471923828126,99.99701225280762
2025-11-26 11:03:28.601337,s3-eth2,0.0029877471923828126,99.99701225280762
2025-11-26 11:03:29.602187,s1-eth1,0.0042681884765625,99.99573181152344
2025-11-26 11:03:29.602289,s2-eth2,0.0042681884765625,99.99573181152344
2025-11-26 11:03:29.602433,s3-eth2,0.0042681884765625,99.99573181152344
2025-11-26 11:03:30.603292,s1-eth1,0.0029877471923828126,99.99701225280762
2025-11-26 11:03:30.603394,s2-eth2,0.0029877471923828126,99.99701225280762
2025-11-26 11:03:30.603539,s3-eth2,0.0029877471923828126,99.99701225280762
2025-11-26 11:03:31.604359,s1-eth1,0.0029877471923828126,99.99701225280762
2025-11-26 11:03:31.604462,s2-eth2,0.0029877471923828126,99.99701225280762
2025-11-26 11:03:31.604606,s3-eth2,0.0029877471923828126,99.99701225280762
2025-11-26 11:03:32.605135,s1-eth1,0.00299072265625,99.99700927734375
2025-11-26 11:03:32.605172,s2-eth2,0.00299072265625,99.99700927734375
2025-11-26 11:03:32.605227,s3-eth2,0.00299072265625,99.99700927734375
2025-11-26 11:03:33.606082,s1-eth1,0.003631591796875,99.99636840820312
2025-11-26 11:03:33.606187,s2-eth2,0.0036279296875,99.9963720703125
2025-11-26 11:03:33.606335,s3-eth2,0.0036279296875,99.9963720703125
2025-11-26 11:03:34.607187,s1-eth1,0.0029877471923828126,99.99701225280762
2025-11-26 11:03:34.607290,s2-eth2,0.0029877471923828126,99.99701225280762
2025-11-26 11:03:34.607435,s3-eth2,0.0029877471923828126,99.99701225280762
2025-11-26 11:03:35.608263,s1-eth1,0.0029877471923828126,99.99701225280762
2025-11-26 11:03:35.608365,s2-eth2,0.0029877471923828126,99.99701225280762
2025-11-26 11:03:35.608508,s3-eth2,0.0029877471923828126,99.99701225280762
2025-11-26 11:03:36.609333,s1-eth1,0.0029877471923828126,99.99701225280762
2025-11-26 11:03:36.609436,s2-eth2,0.0029877471923828126,99.99701225280762
2025-11-26 11:03:36.609580,s3-eth2,0.0029877471923828126,99.99701225280762
2025-11-26 11:03:37.610407,s1-eth1,0.0029877471923828126,99.99701225280762
2025-11-26 11:03:37.610508,s2-eth2,0.0029877471923828126,99.99701225280762
2025-11-26 11:03:37.610652,s3-eth2,0.0029877471923828126,99.99701225280762
2025-11-26 11:03:38.611599,s1-eth1,0.0029877471923828126,99.99701225280762
2025-11-26 11:03:38.611703,s2-eth2,0.0036279296875,99.9963720703125
2025-11-26 11:03:38.611847,s3-eth2,0.0036279296875,99.9963720703125
2025-11-26 11:03:39.612665,s1-eth1,0.0029877471923828126,99.99701225280762
2025-11-26 11:03:39.612767,s2-eth2,0.0029877471923828126,99.99701225280762
2025-11-26 11:03:39.612910,s3-eth2,0.0029877471923828126,99.99701225280762
2025-11-26 11:03:40.613723,s1-eth1,0.0029877471923828126,99.99701225280762
2025-11-26 11:03:40.613826,s2-eth2,0.0029877471923828126,99.99701225280762
2025-11-26 11:03:40.613970,s3-eth2,0.0029877471923828126,99.99701225280762
2025-11-26 11:03:41.614782,s1-eth1,0.0029877471923828126,99.99701225280762
2025-11-26 11:03:41.614925,s2-eth2,0.0029877471923828126,99.99701225280762
2025-11-26 11:03:41.615069,s3-eth2,0.0029877471923828126,99.99701225280762
2025-11-26 11:03:42.615868,s1-eth1,0.0029877471923828126,99.99701225280762
2025-11-26 11:03:42.615981,s2-eth2,0.0029877471923828126,99.99701225280762
2025-11-26 11:03:42.616126,s3-eth2,0.0029877471923828126,99.99701225280762
2025-11-26 11:03:43.616976,s1-eth1,0.0029877471923828126,99.99701225280762
2025-11-26 11:03:43.617090,s2-eth2,0.0029877471923828126,99.99701225280762
2025-11-26 11:03:43.617233,s3-eth2,0.0029877471923828126,99.99701225280762
2025-11-26 11:03:44.618040,s1-eth1,0.0029877471923828126,99.99701225280762
2025-11-26 11:03:44.618145,s2-eth2,0.0029877471923828126,99.99701225280762
2025-11-26 11:03:44.618299,s3-eth2,0.0029877471923828126,99.99701225280762
2025-11-26 11:03:45.619183,s1-eth1,0.0029877471923828126,99.99701225280762
2025-11-26 11:03:45.619286,s2-eth2,0.0029877471923828126,99.99701225280762
2025-11-26 11:03:45.619448,s3-eth2,0.0029877471923828126,99.99701225280762
2025-11-26 11:03:46.620271,s1-eth1,0.0029877471923828126,99.99701225280762
2025-11-26 11:03:46.620372,s2-eth2,0.0029877471923828126,99.99701225280762
2025-11-26 11:03:46.620528,s3-eth2,0.0029877471923828126,99.99701225280762
2025-11-26 11:03:47.621340,s1-eth1,0.0029877471923828126,99.99701225280762
2025-11-26 11:03:47.621442,s2-eth2,0.0029877471923828126,99.99701225280762
2025-11-26 11:03:47.621586,s3-eth2,0.0029877471923828126,99.99701225280762
2025-11-26 11:03:48.622497,s1-eth1,0.0029877471923828126,99.99701225280762
2025-11-26 11:03:48.622599,s2-eth2,0.0029877471923828126,99.99701225280762
2025-11-26 11:03:48.622744,s3-eth2,0.0029877471923828126,99.99701225280762
2025-11-26 11:03:49.623580,s1-eth1,0.0029877471923828126,99.99701225280762
2025-11-26 11:03:49.623682,s2-eth2,0.0029877471923828126,99.99701225280762
2025-11-26 11:03:49.623826,s3-eth2,0.0029877471923828126,99.99701225280762
2025-11-26 11:03:50.624651,s1-eth1,0.0036279296875,99.9963720703125
2025-11-26 11:03:50.624755,s2-eth2,0.0029877471923828126,99.99701225280762
2025-11-26 11:03:50.624899,s3-eth2,0.0029877471923828126,99.99701225280762
2025-11-26 11:03:51.625716,s1-eth1,0.0029877471923828126,99.99701225280762
2025-11-26 11:03:51.625818,s2-eth2,0.0029877471923828126,99.99701225280762
2025-11-26 11:03:51.625962,s3-eth2,0.0029877471923828126,99.99701225280762
2025-11-26 11:03:52.626809,s1-eth1,0.0036279296875,99.9963720703125
2025-11-26 11:03:52.626924,s2-eth2,0.0029877471923828126,99.99701225280762
2025-11-26 11:03:52.627071,s3-eth2,0.0029877471923828126,99.99701225280762
2025-11-26 11:03:53.627964,s1-eth1,0.0029877471923828126,99.99701225280762
2025-11-26 11:03:53.628066,s2-eth2,0.0029877471923828126,99.99701225280762
2025-11-26 11:03:53.628210,s3-eth2,0.0029877471923828126,99.99701225280762
2025-11-26 11:03:54.629027,s1-eth1,0.0029877471923828126,99.99701225280762
2025-11-26 11:03:54.629130,s2-eth2,0.0029877471923828126,99.99701225280762
2025-11-26 11:03:54.629273,s3-eth2,0.0029877471923828126,99.99701225280762
2025-11-26 11:03:55.630084,s1-eth1,0.0029877471923828126,99.99701225280762
2025-11-26 11:03:55.630186,s2-eth2,0.0029877471923828126,99.99701225280762
2025-11-26 11:03:55.630330,s3-eth2,0.0029877471923828126,99.99701225280762
2025-11-26 11:03:56.631168,s1-eth1,0.0029877471923828126,99.99701225280762
2025-11-26 11:03:56.631272,s2-eth2,0.0036279296875,99.9963720703125
2025-11-26 11:03:56.631416,s3-eth2,0.0036279296875,99.9963720703125
2025-11-26 11:03:57.632230,s1-eth1,0.0029877471923828126,99.99701225280762
2025-11-26 11:03:57.632332,s2-eth2,0.0029877471923828126,99.99701225280762
2025-11-26 11:03:57.632477,s3-eth2,0.0029877471923828126,99.99701225280762
2025-11-26 11:03:58.633344,s1-eth1,0.0029877471923828126,99.99701225280762
2025-11-26 11:03:58.633446,s2-eth2,0.0029877471923828126,99.99701225280762
2025-11-26 11:03:58.633589,s3-eth2,0.0029877471923828126,99.99701225280762
2025-11-26 11:03:59.634400,s1-eth1,0.0029877471923828126,99.99701225280762
2025-11-26 11:03:59.634502,s2-eth2,0.0029877471923828126,99.99701225280762
2025-11-26 11:03:59.634646,s3-eth2,0.0029877471923828126,99.99701225280762
2025-11-26 11:04:00.635482,s1-eth1,0.0029877471923828126,99.99701225280762
2025-11-26 11:04:00.635584,s2-eth2,0.0029877471923828126,99.99701225280762
2025-11-26 11:04:00.635728,s3-eth2,0.0029877471923828126,99.99701225280762
2025-11-26 11:04:01.636549,s1-eth1,0.0037346649169921874,99.99626533508301
2025-11-26 11:04:01.636653,s2-eth2,0.0029877471923828126,99.99701225280762
2025-11-26 11:04:01.636797,s3-eth2,0.0029877471923828126,99.99701225280762
2025-11-26 11:04:02.637612,s1-eth1,0.0029877471923828126,99.99701225280762
2025-11-26 11:04:02.637716,s2-eth2,0.0036279296875,99.9963720703125
2025-11-26 11:04:02.637860,s3-eth2,0.0036279296875,99.9963720703125
2025-11-26 11:04:03.638713,s1-eth1,0.0029877471923828126,99.99701225280762
2025-11-26 11:04:03.638825,s2-eth2,0.0029877471923828126,99.99701225280762
2025-11-26 11:04:03.638983,s3-eth2,0.0029877471923828126,99.99701225280762
2025-11-26 11:04:04.639789,s1-eth1,0.0036279296875,99.9963720703125
2025-11-26 11:04:04.639903,s2-eth2,0.0036279296875,99.9963720703125
2025-11-26 11:04:04.640049,s3-eth2,0.0036279296875,99.9963720703125
2025-11-26 11:04:05.640854,s1-eth1,0.0029877471923828126,99.99701225280762
2025-11-26 11:04:05.640967,s2-eth2,0.0029877471923828126,99.99701225280762
2025-11-26 11:04:05.641111,s3-eth2,0.0029877471923828126,99.99701225280762
2025-11-26 11:04:06.641938,s1-eth1,0.0029877471923828126,99.99701225280762
2025-11-26 11:04:06.642042,s2-eth2,0.0029877471923828126,99.99701225280762
2025-11-26 11:04:06.642200,s3-eth2,0.0029877471923828126,99.99701225280762
2025-11-26 11:04:07.643031,s1-eth1,0.0037346649169921874,99.99626533508301
2025-11-26 11:04:07.643134,s2-eth2,0.0029877471923828126,99.99701225280762
2025-11-26 11:04:07.643290,s3-eth2,0.0029877471923828126,99.99701225280762
2025-11-26 11:04:08.644143,s1-eth1,0.0029877471923828126,99.99701225280762
2025-11-26 11:04:08.644245,s2-eth2,0.0029877471923828126,99.99701225280762
2025-11-26 11:04:08.644399,s3-eth2,0.0029877471923828126,99.99701225280762
2025-11-26 11:04:09.645206,s1-eth1,0.0029877471923828126,99.99701225280762
2025-11-26 11:04:09.645309,s2-eth2,0.0037346649169921874,99.99626533508301
2025-11-26 11:04:09.645453,s3-eth2,0.0029877471923828126,99.99701225280762
2025-11-26 11:04:10.646270,s1-eth1,0.0036279296875,99.9963720703125
2025-11-26 11:04:10.646372,s2-eth2,0.0036279296875,99.9963720703125
2025-11-26 11:04:10.646515,s3-eth2,0.0036279296875,99.9963720703125
2025-11-26 11:04:11.647362,s1-eth1,0.0029877471923828126,99.99701225280762
2025-11-26 11:04:11.647466,s2-eth2,0.0029877471923828126,99.99701225280762
2025-11-26 11:04:11.647611,s3-eth2,0.0029877471923828126,99.99701225280762
2025-11-26 11:04:12.648447,s1-eth1,0.0029877471923828126,99.99701225280762
2025-11-26 11:04:12.648549,s2-eth2,0.0029877471923828126,99.99701225280762
2025-11-26 11:04:12.648694,s3-eth2,0.0037346649169921874,99.99626533508301
2025-11-26 11:04:13.649539,s1-eth1,0.0029877471923828126,99.99701225280762
2025-11-26 11:04:13.649642,s2-eth2,0.0029877471923828126,99.99701225280762
2025-11-26 11:04:13.649787,s3-eth2,0.0029877471923828126,99.99701225280762
2025-11-26 11:04:14.650635,s1-eth1,0.0036279296875,99.9963720703125
2025-11-26 11:04:14.650738,s2-eth2,0.0029877471923828126,99.99701225280762
2025-11-26 11:04:14.650896,s3-eth2,0.0029877471923828126,99.99701225280762
2025-11-26 11:04:15.651725,s1-eth1,0.0029877471923828126,99.99701225280762
2025-11-26 11:04:15.651828,s2-eth2,0.0037346649169921874,99.99626533508301
2025-11-26 11:04:15.651973,s3-eth2,0.0037346649169921874,99.99626533508301
2025-11-26 11:04:16.652799,s1-eth1,0.0036279296875,99.9963720703125
2025-11-26 11:04:16.652902,s2-eth2,0.0029877471923828126,99.99701225280762
2025-11-26 11:04:16.653047,s3-eth2,0.0029877471923828126,99.99701225280762
2025-11-26 11:04:17.653867,s1-eth1,0.0029877471923828126,99.99701225280762
2025-11-26 11:04:17.653970,s2-eth2,0.0037346649169921874,99.99626533508301
2025-11-26 11:04:17.654114,s3-eth2,0.0029877471923828126,99.99701225280762
2025-11-26 11:04:18.654993,s1-eth1,0.0029877471923828126,99.99701225280762
2025-11-26 11:04:18.655095,s2-eth2,0.0029877471923828126,99.99701225280762
2025-11-26 11:04:18.655239,s3-eth2,0.0037346649169921874,99.99626533508301
2025-11-26 11:04:19.656065,s1-eth1,0.0029877471923828126,99.99701225280762
2025-11-26 11:04:19.656168,s2-eth2,0.0029877471923828126,99.99701225280762
2025-11-26 11:04:19.656313,s3-eth2,0.0029877471923828126,99.99701225280762
2025-11-26 11:04:20.657139,s1-eth1,0.0029877471923828126,99.99701225280762
2025-11-26 11:04:20.657241,s2-eth2,0.0029877471923828126,99.99701225280762
2025-11-26 11:04:20.657386,s3-eth2,0.0029877471923828126,99.99701225280762
2025-11-26 11:04:21.658204,s1-eth1,0.0029877471923828126,99.99701225280762
2025-11-26 11:04:21.658306,s2-eth2,0.0029877471923828126,99.99701225280762
2025-11-26 11:04:21.658451,s3-eth2,0.0037346649169921874,99.99626533508301
2025-11-26 11:04:22.659283,s1-eth1,0.0029877471923828126,99.99701225280762
2025-11-26 11:04:22.659387,s2-eth2,0.0029877471923828126,99.99701225280762
2025-11-26 11:04:22.659531,s3-eth2,0.0029877471923828126,99.99701225280762
2025-11-26 11:04:23.660435,s1-eth1,0.0029877471923828126,99.99701225280762
2025-11-26 11:04:23.660538,s2-eth2,0.004374923706054687,99.99562507629395
2025-11-26 11:04:23.660683,s3-eth2,0.0036279296875,99.9963720703125
2025-11-26 11:04:24.661534,s1-eth1,0.0029877471923828126,99.99701225280762
2025-11-26 11:04:24.661650,s2-eth2,0.0029877471923828126,99.99701225280762
2025-11-26 11:04:24.661798,s3-eth2,0.0029877471923828126,99.99701225280762
2025-11-26 11:04:25.662690,s1-eth1,0.0037346649169921874,99.99626533508301
2025-11-26 11:04:25.662809,s2-eth2,0.0029877471923828126,99.99701225280762
2025-11-26 11:04:25.662971,s3-eth2,0.0029877471923828126,99.99701225280762
2025-11-26 11:04:26.663846,s1-eth1,0.0029877471923828126,99.99701225280762
2025-11-26 11:04:26.663964,s2-eth2,0.0029877471923828126,99.99701225280762
2025-11-26 11:04:26.664111,s3-eth2,0.0029877471923828126,99.99701225280762
2025-11-26 11:04:27.664949,s1-eth1,0.0029877471923828126,99.99701225280762
2025-11-26 11:04:27.665053,s2-eth2,0.0036279296875,99.9963720703125
2025-11-26 11:04:27.665211,s3-eth2,0.0036279296875,99.9963720703125
2025-11-26 11:04:28.666139,s1-eth1,0.0037346649169921874,99.99626533508301
2025-11-26 11:04:28.666242,s2-eth2,0.0029877471923828126,99.99701225280762
2025-11-26 11:04:28.666404,s3-eth2,0.0029877471923828126,99.99701225280762
2025-11-26 11:04:29.666952,s1-eth1,0.00299072265625,99.99700927734375
2025-11-26 11:04:29.666991,s2-eth2,0.00299072265625,99.99700927734375
2025-11-26 11:04:29.667052,s3-eth2,0.00299072265625,99.99700927734375
2025-11-26 11:04:30.667477,s1-eth1,0.00299072265625,99.99700927734375
2025-11-26 11:04:30.667579,s2-eth2,0.00299072265625,99.99700927734375
2025-11-26 11:04:30.667725,s3-eth2,0.00299072265625,99.99700927734375
2025-11-26 11:04:31.668334,s1-eth1,0.00299072265625,99.99700927734375
2025-11-26 11:04:31.668436,s2-eth2,0.00299072265625,99.99700927734375
2025-11-26 11:04:31.668582,s3-eth2,0.00299072265625,99.99700927734375
2025-11-26 11:04:32.669124,s1-eth1,0.00299072265625,99.99700927734375
2025-11-26 11:04:32.669162,s2-eth2,0.00299072265625,99.99700927734375
2025-11-26 11:04:32.669216,s3-eth2,0.00299072265625,99.99700927734375
2025-11-26 11:04:33.669736,s1-eth1,0.00299072265625,99.99700927734375
2025-11-26 11:04:33.669790,s2-eth2,0.00299072265625,99.99700927734375
2025-11-26 11:04:33.669869,s3-eth2,0.00299072265625,99.99700927734375
2025-11-26 11:04:34.670710,s1-eth1,0.00299072265625,99.99700927734375
2025-11-26 11:04:34.670814,s2-eth2,0.0029877471923828126,99.99701225280762
2025-11-26 11:04:34.670978,s3-eth2,0.0029877471923828126,99.99701225280762
2025-11-26 11:04:35.671810,s1-eth1,0.0029877471923828126,99.99701225280762
2025-11-26 11:04:35.671914,s2-eth2,0.0029877471923828126,99.99701225280762
2025-11-26 11:04:35.672061,s3-eth2,0.0029877471923828126,99.99701225280762
2025-11-26 11:04:36.672927,s1-eth1,0.0029877471923828126,99.99701225280762
2025-11-26 11:04:36.673030,s2-eth2,0.0029877471923828126,99.99701225280762
2025-11-26 11:04:36.673176,s3-eth2,0.0029877471923828126,99.99701225280762
2025-11-26 11:04:37.674084,s1-eth1,0.0036279296875,99.9963720703125
2025-11-26 11:04:37.674189,s2-eth2,0.0029877471923828126,99.99701225280762
2025-11-26 11:04:37.674335,s3-eth2,0.0029877471923828126,99.99701225280762
2025-11-26 11:04:38.675275,s1-eth1,0.0029877471923828126,99.99701225280762
2025-11-26 11:04:38.675378,s2-eth2,0.0029877471923828126,99.99701225280762
2025-11-26 11:04:38.675525,s3-eth2,0.0029877471923828126,99.99701225280762
2025-11-26 11:04:39.676063,s1-eth1,0.003631591796875,99.99636840820312
2025-11-26 11:04:39.676100,s2-eth2,0.003631591796875,99.99636840820312
2025-11-26 11:04:39.676154,s3-eth2,0.003631591796875,99.99636840820312
2025-11-26 11:04:40.676517,s1-eth1,0.00299072265625,99.99700927734375
2025-11-26 11:04:40.676555,s2-eth2,0.00299072265625,99.99700927734375
2025-11-26 11:04:40.676608,s3-eth2,0.00299072265625,99.99700927734375
2025-11-26 11:04:41.677334,s1-eth1,0.00299072265625,99.99700927734375
2025-11-26 11:04:41.677436,s2-eth2,0.00299072265625,99.99700927734375
2025-11-26 11:04:41.677582,s3-eth2,0.00299072265625,99.99700927734375
2025-11-26 11:04:42.678123,s1-eth1,0.00299072265625,99.99700927734375
2025-11-26 11:04:42.678160,s2-eth2,0.00299072265625,99.99700927734375
2025-11-26 11:04:42.678215,s3-eth2,0.00299072265625,99.99700927734375
2025-11-26 11:04:43.679047,s1-eth1,0.003631591796875,99.99636840820312
2025-11-26 11:04:43.679150,s2-eth2,0.00299072265625,99.99700927734375
2025-11-26 11:04:43.679299,s3-eth2,0.0029877471923828126,99.99701225280762
2025-11-26 11:04:44.679893,s1-eth1,0.00299072265625,99.99700927734375
2025-11-26 11:04:44.679995,s2-eth2,0.00299072265625,99.99700927734375
2025-11-26 11:04:44.680142,s3-eth2,0.00299072265625,99.99700927734375
2025-11-26 11:04:45.681036,s1-eth1,0.0029877471923828126,99.99701225280762
2025-11-26 11:04:45.681140,s2-eth2,0.0029877471923828126,99.99701225280762
2025-11-26 11:04:45.681287,s3-eth2,0.0029877471923828126,99.99701225280762
2025-11-26 11:04:46.681827,s1-eth1,0.00299072265625,99.99700927734375
2025-11-26 11:04:46.681870,s2-eth2,0.00299072265625,99.99700927734375
2025-11-26 11:04:46.681925,s3-eth2,0.00299072265625,99.99700927734375
2025-11-26 11:04:47.682390,s1-eth1,0.003631591796875,99.99636840820312
2025-11-26 11:04:47.682434,s2-eth2,0.003631591796875,99.99636840820312
2025-11-26 11:04:47.682488,s3-eth2,0.003631591796875,99.99636840820312
2025-11-26 11:04:48.682927,s1-eth1,0.00299072265625,99.99700927734375
2025-11-26 11:04:48.682970,s2-eth2,0.00299072265625,99.99700927734375
2025-11-26 11:04:48.683025,s3-eth2,0.00299072265625,99.99700927734375
2025-11-26 11:04:49.683749,s1-eth1,0.00299072265625,99.99700927734375
2025-11-26 11:04:49.683852,s2-eth2,0.003631591796875,99.99636840820312
2025-11-26 11:04:49.684013,s3-eth2,0.003631591796875,99.99636840820312
2025-11-26 11:04:50.684550,s1-eth1,0.00299072265625,99.99700927734375
2025-11-26 11:04:50.684587,s2-eth2,0.00299072265625,99.99700927734375
2025-11-26 11:04:50.684647,s3-eth2,0.00299072265625,99.99700927734375
2025-11-26 11:04:51.685014,s1-eth1,0.00299072265625,99.99700927734375
2025-11-26 11:04:51.685052,s2-eth2,0.003631591796875,99.99636840820312
2025-11-26 11:04:51.685112,s3-eth2,0.003631591796875,99.99636840820312
2025-11-26 11:04:52.685468,s1-eth1,0.00299072265625,99.99700927734375
2025-11-26 11:04:52.685505,s2-eth2,0.00299072265625,99.99700927734375
2025-11-26 11:04:52.685559,s3-eth2,0.00299072265625,99.99700927734375
2025-11-26 11:04:53.685984,s1-eth1,0.00299072265625,99.99700927734375
2025-11-26 11:04:53.686022,s2-eth2,0.00299072265625,99.99700927734375
2025-11-26 11:04:53.686076,s3-eth2,0.00299072265625,99.99700927734375
2025-11-26 11:04:54.686435,s1-eth1,0.00299072265625,99.99700927734375
2025-11-26 11:04:54.686472,s2-eth2,0.00299072265625,99.99700927734375
2025-11-26 11:04:54.686527,s3-eth2,0.00299072265625,99.99700927734375
2025-11-26 11:04:55.686893,s1-eth1,0.00299072265625,99.99700927734375
2025-11-26 11:04:55.686930,s2-eth2,0.00299072265625,99.99700927734375
2025-11-26 11:04:55.687007,s3-eth2,0.00299072265625,99.99700927734375
2025-11-26 11:04:56.687544,s1-eth1,0.00299072265625,99.99700927734375
2025-11-26 11:04:56.687581,s2-eth2,0.00299072265625,99.99700927734375
2025-11-26 11:04:56.687635,s3-eth2,0.00299072265625,99.99700927734375
2025-11-26 11:04:57.688085,s1-eth1,0.00299072265625,99.99700927734375
2025-11-26 11:04:57.688123,s2-eth2,0.00299072265625,99.99700927734375
2025-11-26 11:04:57.688176,s3-eth2,0.00299072265625,99.99700927734375
2025-11-26 11:04:58.688593,s1-eth1,0.00299072265625,99.99700927734375
2025-11-26 11:04:58.688630,s2-eth2,0.00299072265625,99.99700927734375
2025-11-26 11:04:58.688684,s3-eth2,0.00299072265625,99.99700927734375
2025-11-26 11:04:59.689047,s1-eth1,0.003631591796875,99.99636840820312
2025-11-26 11:04:59.689085,s2-eth2,0.00299072265625,99.99700927734375
2025-11-26 11:04:59.689139,s3-eth2,0.00299072265625,99.99700927734375
2025-11-26 11:05:00.689811,s1-eth1,0.00299072265625,99.99700927734375
2025-11-26 11:05:00.689913,s2-eth2,0.00299072265625,99.99700927734375
2025-11-26 11:05:00.690056,s3-eth2,0.00299072265625,99.99700927734375
2025-11-26 11:05:01.690927,s1-eth1,0.0029877471923828126,99.99701225280762
2025-11-26 11:05:01.691030,s2-eth2,0.0029877471923828126,99.99701225280762
2025-11-26 11:05:01.691176,s3-eth2,0.0029877471923828126,99.99701225280762
2025-11-26 11:05:02.692040,s1-eth1,0.0029877471923828126,99.99701225280762
2025-11-26 11:05:02.692145,s2-eth2,0.0029877471923828126,99.99701225280762
2025-11-26 11:05:02.692292,s3-eth2,0.0029877471923828126,99.99701225280762
2025-11-26 11:05:03.692887,s1-eth1,0.00299072265625,99.99700927734375
2025-11-26 11:05:03.692925,s2-eth2,0.00299072265625,99.99700927734375
2025-11-26 11:05:03.692979,s3-eth2,0.00299072265625,99.99700927734375
2025-11-26 11:05:04.693496,s1-eth1,0.00299072265625,99.99700927734375
2025-11-26 11:05:04.693598,s2-eth2,0.00299072265625,99.99700927734375
2025-11-26 11:05:04.693743,s3-eth2,0.00299072265625,99.99700927734375
2025-11-26 11:05:05.694376,s1-eth1,0.00299072265625,99.99700927734375
2025-11-26 11:05:05.694478,s2-eth2,0.00299072265625,99.99700927734375
2025-11-26 11:05:05.694623,s3-eth2,0.00299072265625,99.99700927734375
2025-11-26 11:05:06.695204,s1-eth1,0.00299072265625,99.99700927734375
2025-11-26 11:05:06.695307,s2-eth2,0.00299072265625,99.99700927734375
2025-11-26 11:05:06.695452,s3-eth2,0.00299072265625,99.99700927734375
2025-11-26 11:05:07.695977,s1-eth1,0.00299072265625,99.99700927734375
2025-11-26 11:05:07.696020,s2-eth2,0.00299072265625,99.99700927734375
2025-11-26 11:05:07.696074,s3-eth2,0.00299072265625,99.99700927734375
2025-11-26 11:05:08.696433,s1-eth1,0.00299072265625,99.99700927734375
2025-11-26 11:05:08.696476,s2-eth2,0.00299072265625,99.99700927734375
2025-11-26 11:05:08.696530,s3-eth2,0.00299072265625,99.99700927734375
2025-11-26 11:05:09.697246,s1-eth1,0.00299072265625,99.99700927734375
2025-11-26 11:05:09.697363,s2-eth2,0.00299072265625,99.99700927734375
2025-11-26 11:05:09.697509,s3-eth2,0.00299072265625,99.99700927734375
2025-11-26 11:05:10.698043,s1-eth1,0.003631591796875,99.99636840820312
2025-11-26 11:05:10.698081,s2-eth2,0.00299072265625,99.99700927734375
2025-11-26 11:05:10.698141,s3-eth2,0.00299072265625,99.99700927734375
2025-11-26 11:05:11.698498,s1-eth1,0.00299072265625,99.99700927734375
2025-11-26 11:05:11.698535,s2-eth2,0.00299072265625,99.99700927734375
2025-11-26 11:05:11.698594,s3-eth2,0.00299072265625,99.99700927734375
2025-11-26 11:05:12.698959,s1-eth1,0.00299072265625,99.99700927734375
2025-11-26 11:05:12.698997,s2-eth2,0.00299072265625,99.99700927734375
2025-11-26 11:05:12.699057,s3-eth2,0.00299072265625,99.99700927734375
2025-11-26 11:05:13.699878,s1-eth1,0.00299072265625,99.99700927734375
2025-11-26 11:05:13.699981,s2-eth2,0.00299072265625,99.99700927734375
2025-11-26 11:05:13.700131,s3-eth2,0.0029877471923828126,99.99701225280762
2025-11-26 11:05:14.700665,s1-eth1,0.003631591796875,99.99636840820312
2025-11-26 11:05:14.700702,s2-eth2,0.003631591796875,99.99636840820312
2025-11-26 11:05:14.700756,s3-eth2,0.003631591796875,99.99636840820312
2025-11-26 11:05:15.701116,s1-eth1,0.00299072265625,99.99700927734375
2025-11-26 11:05:15.701154,s2-eth2,0.00299072265625,99.99700927734375
2025-11-26 11:05:15.701280,s3-eth2,0.00299072265625,99.99700927734375
2025-11-26 11:05:16.701823,s1-eth1,0.00299072265625,99.99700927734375
2025-11-26 11:05:16.701861,s2-eth2,0.0042724609375,99.9957275390625
2025-11-26 11:05:16.701915,s3-eth2,0.0042724609375,99.9957275390625
2025-11-26 11:05:17.702277,s1-eth1,0.00299072265625,99.99700927734375
2025-11-26 11:05:17.702314,s2-eth2,0.00299072265625,99.99700927734375
2025-11-26 11:05:17.702369,s3-eth2,0.00299072265625,99.99700927734375
2025-11-26 11:05:18.702729,s1-eth1,0.00299072265625,99.99700927734375
2025-11-26 11:05:18.702767,s2-eth2,0.00299072265625,99.99700927734375
2025-11-26 11:05:18.702822,s3-eth2,0.00299072265625,99.99700927734375
2025-11-26 11:05:19.703186,s1-eth1,0.00299072265625,99.99700927734375
2025-11-26 11:05:19.703224,s2-eth2,0.00299072265625,99.99700927734375
2025-11-26 11:05:19.703278,s3-eth2,0.00299072265625,99.99700927734375
2025-11-26 11:05:20.703641,s1-eth1,0.00299072265625,99.99700927734375
2025-11-26 11:05:20.703678,s2-eth2,0.00299072265625,99.99700927734375
2025-11-26 11:05:20.703732,s3-eth2,0.00299072265625,99.99700927734375
2025-11-26 11:05:21.704098,s1-eth1,0.00299072265625,99.99700927734375
2025-11-26 11:05:21.704136,s2-eth2,0.00299072265625,99.99700927734375
2025-11-26 11:05:21.704190,s3-eth2,0.00299072265625,99.99700927734375
2025-11-26 11:05:22.704540,s1-eth1,0.003631591796875,99.99636840820312
2025-11-26 11:05:22.704578,s2-eth2,0.00299072265625,99.99700927734375
2025-11-26 11:05:22.704632,s3-eth2,0.00299072265625,99.99700927734375
2025-11-26 11:05:23.705050,s1-eth1,0.00299072265625,99.99700927734375
2025-11-26 11:05:23.705087,s2-eth2,0.00299072265625,99.99700927734375
2025-11-26 11:05:23.705142,s3-eth2,0.00299072265625,99.99700927734375
2025-11-26 11:05:24.705499,s1-eth1,0.003631591796875,99.99636840820312
2025-11-26 11:05:24.705537,s2-eth2,0.003631591796875,99.99636840820312
2025-11-26 11:05:24.705591,s3-eth2,0.003631591796875,99.99636840820312
2025-11-26 11:05:25.705953,s1-eth1,0.00299072265625,99.99700927734375
2025-11-26 11:05:25.705991,s2-eth2,0.00299072265625,99.99700927734375
2025-11-26 11:05:25.706045,s3-eth2,0.00299072265625,99.99700927734375
2025-11-26 11:05:26.706395,s1-eth1,0.00299072265625,99.99700927734375
2025-11-26 11:05:26.706433,s2-eth2,0.00299072265625,99.99700927734375
2025-11-26 11:05:26.706486,s3-eth2,0.00299072265625,99.99700927734375
2025-11-26 11:05:27.706867,s1-eth1,0.00299072265625,99.99700927734375
2025-11-26 11:05:27.706904,s2-eth2,0.00299072265625,99.99700927734375
2025-11-26 11:05:27.706959,s3-eth2,0.00299072265625,99.99700927734375
2025-11-26 11:05:28.707338,s1-eth1,0.00299072265625,99.99700927734375
2025-11-26 11:05:28.707377,s2-eth2,0.00299072265625,99.99700927734375
2025-11-26 11:05:28.707431,s3-eth2,0.00299072265625,99.99700927734375
2025-11-26 11:05:29.707789,s1-eth1,0.00299072265625,99.99700927734375
2025-11-26 11:05:29.707832,s2-eth2,0.00299072265625,99.99700927734375
2025-11-26 11:05:29.707886,s3-eth2,0.00299072265625,99.99700927734375
2025-11-26 11:05:30.708242,s1-eth1,0.00299072265625,99.99700927734375
2025-11-26 11:05:30.708286,s2-eth2,0.00299072265625,99.99700927734375
2025-11-26 11:05:30.708340,s3-eth2,0.00299072265625,99.99700927734375
2025-11-26 11:05:31.709065,s1-eth1,0.00299072265625,99.99700927734375
2025-11-26 11:05:31.709183,s2-eth2,0.00299072265625,99.99700927734375
2025-11-26 11:05:31.709330,s3-eth2,0.00299072265625,99.99700927734375
2025-11-26 11:05:32.709875,s1-eth1,0.00299072265625,99.99700927734375
2025-11-26 11:05:32.709913,s2-eth2,0.00299072265625,99.99700927734375
2025-11-26 11:05:32.709973,s3-eth2,0.00299072265625,99.99700927734375
2025-11-26 11:05:33.710342,s1-eth1,0.00299072265625,99.99700927734375
2025-11-26 11:05:33.710379,s2-eth2,0.00299072265625,99.99700927734375
2025-11-26 11:05:33.710440,s3-eth2,0.00299072265625,99.99700927734375
2025-11-26 11:05:34.710794,s1-eth1,0.00299072265625,99.99700927734375
2025-11-26 11:05:34.710832,s2-eth2,0.00299072265625,99.99700927734375
2025-11-26 11:05:34.710898,s3-eth2,0.00299072265625,99.99700927734375
2025-11-26 11:05:35.711258,s1-eth1,0.00299072265625,99.99700927734375
2025-11-26 11:05:35.711295,s2-eth2,0.00299072265625,99.99700927734375
2025-11-26 11:05:35.711349,s3-eth2,0.00299072265625,99.99700927734375
2025-11-26 11:05:36.711717,s1-eth1,0.003631591796875,99.99636840820312
2025-11-26 11:05:36.711755,s2-eth2,0.00299072265625,99.99700927734375
2025-11-26 11:05:36.711809,s3-eth2,0.00299072265625,99.99700927734375
2025-11-26 11:05:37.712184,s1-eth1,0.00299072265625,99.99700927734375
2025-11-26 11:05:37.712222,s2-eth2,0.00299072265625,99.99700927734375
2025-11-26 11:05:37.712276,s3-eth2,0.00299072265625,99.99700927734375
2025-11-26 11:05:38.712645,s1-eth1,0.00299072265625,99.99700927734375
2025-11-26 11:05:38.712682,s2-eth2,0.00299072265625,99.99700927734375
2025-11-26 11:05:38.712738,s3-eth2,0.00299072265625,99.99700927734375
2025-11-26 11:05:39.713465,s1-eth1,0.00299072265625,99.99700927734375
2025-11-26 11:05:39.713568,s2-eth2,0.003631591796875,99.99636840820312
2025-11-26 11:05:39.713715,s3-eth2,0.003631591796875,99.99636840820312
2025-11-26 11:05:40.714621,s1-eth1,0.0029877471923828126,99.99701225280762
2025-11-26 11:05:40.714724,s2-eth2,0.0029877471923828126,99.99701225280762
2025-11-26 11:05:40.714893,s3-eth2,0.0029877471923828126,99.99701225280762
2025-11-26 11:05:41.715783,s1-eth1,0.0029877471923828126,99.99701225280762
2025-11-26 11:05:41.715886,s2-eth2,0.0029877471923828126,99.99701225280762
2025-11-26 11:05:41.716032,s3-eth2,0.0029877471923828126,99.99701225280762
2025-11-26 11:05:42.716567,s1-eth1,0.00299072265625,99.99700927734375
2025-11-26 11:05:42.716604,s2-eth2,0.003631591796875,99.99636840820312
2025-11-26 11:05:42.716658,s3-eth2,0.003631591796875,99.99636840820312
2025-11-26 11:05:43.717041,s1-eth1,0.00299072265625,99.99700927734375
2025-11-26 11:05:43.717079,s2-eth2,0.00299072265625,99.99700927734375
2025-11-26 11:05:43.717133,s3-eth2,0.00299072265625,99.99700927734375
2025-11-26 11:05:44.717499,s1-eth1,0.00299072265625,99.99700927734375
2025-11-26 11:05:44.717536,s2-eth2,0.00299072265625,99.99700927734375
2025-11-26 11:05:44.717590,s3-eth2,0.00299072265625,99.99700927734375
2025-11-26 11:05:45.717962,s1-eth1,0.003631591796875,99.99636840820312
2025-11-26 11:05:45.717999,s2-eth2,0.00299072265625,99.99700927734375
2025-11-26 11:05:45.718053,s3-eth2,0.00299072265625,99.99700927734375
2025-11-26 11:05:46.718410,s1-eth1,0.00299072265625,99.99700927734375
2025-11-26 11:05:46.718448,s2-eth2,0.00299072265625,99.99700927734375
2025-11-26 11:05:46.718502,s3-eth2,0.00299072265625,99.99700927734375
2025-11-26 11:05:47.718891,s1-eth1,0.00299072265625,99.99700927734375
2025-11-26 11:05:47.718930,s2-eth2,0.00299072265625,99.99700927734375
2025-11-26 11:05:47.718984,s3-eth2,0.00299072265625,99.99700927734375
2025-11-26 11:05:48.719343,s1-eth1,0.00299072265625,99.99700927734375
2025-11-26 11:05:48.719381,s2-eth2,0.00299072265625,99.99700927734375
2025-11-26 11:05:48.719435,s3-eth2,0.00299072265625,99.99700927734375
2025-11-26 11:05:49.719804,s1-eth1,0.003631591796875,99.99636840820312
2025-11-26 11:05:49.719842,s2-eth2,0.003631591796875,99.99636840820312
2025-11-26 11:05:49.719898,s3-eth2,0.003631591796875,99.99636840820312
2025-11-26 11:05:50.720252,s1-eth1,0.00299072265625,99.99700927734375
2025-11-26 11:05:50.720295,s2-eth2,0.00299072265625,99.99700927734375
2025-11-26 11:05:50.720349,s3-eth2,0.00299072265625,99.99700927734375
2025-11-26 11:05:51.720700,s1-eth1,0.00299072265625,99.99700927734375
2025-11-26 11:05:51.720787,s2-eth2,0.00299072265625,99.99700927734375
2025-11-26 11:05:51.720932,s3-eth2,0.00299072265625,99.99700927734375
2025-11-26 11:05:52.721534,s1-eth1,0.00299072265625,99.99700927734375
2025-11-26 11:05:52.721650,s2-eth2,0.0022430419921875,99.99775695800781
2025-11-26 11:05:52.721796,s3-eth2,0.00299072265625,99.99700927734375
2025-11-26 11:05:53.722325,s1-eth1,0.00299072265625,99.99700927734375
2025-11-26 11:05:53.722363,s2-eth2,0.00299072265625,99.99700927734375
2025-11-26 11:05:53.722423,s3-eth2,0.00299072265625,99.99700927734375
2025-11-26 11:05:54.722957,s1-eth1,0.00299072265625,99.99700927734375
2025-11-26 11:05:54.722995,s2-eth2,0.00299072265625,99.99700927734375
2025-11-26 11:05:54.723055,s3-eth2,0.0022430419921875,99.99775695800781
2025-11-26 11:05:55.723413,s1-eth1,0.00299072265625,99.99700927734375
2025-11-26 11:05:55.723451,s2-eth2,0.00299072265625,99.99700927734375
2025-11-26 11:05:55.723551,s3-eth2,0.00299072265625,99.99700927734375
2025-11-26 11:05:56.724201,s1-eth1,0.00299072265625,99.99700927734375
2025-11-26 11:05:56.724304,s2-eth2,0.00299072265625,99.99700927734375
2025-11-26 11:05:56.724449,s3-eth2,0.0022430419921875,99.99775695800781
2025-11-26 11:05:57.724989,s1-eth1,0.00299072265625,99.99700927734375
2025-11-26 11:05:57.725028,s2-eth2,0.00299072265625,99.99700927734375
2025-11-26 11:05:57.725112,s3-eth2,0.00299072265625,99.99700927734375
2025-11-26 11:05:58.725649,s1-eth1,0.00299072265625,99.99700927734375
2025-11-26 11:05:58.725687,s2-eth2,0.00299072265625,99.99700927734375
2025-11-26 11:05:58.725741,s3-eth2,0.00299072265625,99.99700927734375
2025-11-26 11:05:59.726111,s1-eth1,0.00299072265625,99.99700927734375
2025-11-26 11:05:59.726149,s2-eth2,0.0022430419921875,99.99775695800781
2025-11-26 11:05:59.726203,s3-eth2,0.00299072265625,99.99700927734375
2025-11-26 11:06:00.726579,s1-eth1,0.00299072265625,99.99700927734375
2025-11-26 11:06:00.726617,s2-eth2,0.00299072265625,99.99700927734375
2025-11-26 11:06:00.726671,s3-eth2,0.00299072265625,99.99700927734375
2025-11-26 11:06:01.727035,s1-eth1,0.00299072265625,99.99700927734375
2025-11-26 11:06:01.727106,s2-eth2,0.00299072265625,99.99700927734375
2025-11-26 11:06:01.727252,s3-eth2,0.00299072265625,99.99700927734375
2025-11-26 11:06:02.727782,s1-eth1,0.003631591796875,99.99636840820312
2025-11-26 11:06:02.727820,s2-eth2,0.00299072265625,99.99700927734375
2025-11-26 11:06:02.727874,s3-eth2,0.00299072265625,99.99700927734375
2025-11-26 11:06:03.728281,s1-eth1,0.003631591796875,99.99636840820312
2025-11-26 11:06:03.728384,s2-eth2,0.003631591796875,99.99636840820312
2025-11-26 11:06:03.728530,s3-eth2,0.003631591796875,99.99636840820312
2025-11-26 11:06:04.729067,s1-eth1,0.00299072265625,99.99700927734375
2025-11-26 11:06:04.729105,s2-eth2,0.00299072265625,99.99700927734375
2025-11-26 11:06:04.729159,s3-eth2,0.00299072265625,99.99700927734375
2025-11-26 11:06:05.729575,s1-eth1,0.00299072265625,99.99700927734375
2025-11-26 11:06:05.729612,s2-eth2,0.003631591796875,99.99636840820312
2025-11-26 11:06:05.729757,s3-eth2,0.003631591796875,99.99636840820312
2025-11-26 11:06:06.730499,s1-eth1,0.00299072265625,99.99700927734375
2025-11-26 11:06:06.730602,s2-eth2,0.00299072265625,99.99700927734375
2025-11-26 11:06:06.730747,s3-eth2,0.00299072265625,99.99700927734375
2025-11-26 11:06:07.731310,s1-eth1,0.00299072265625,99.99700927734375
2025-11-26 11:06:07.731348,s2-eth2,0.00299072265625,99.99700927734375
2025-11-26 11:06:07.731402,s3-eth2,0.00299072265625,99.99700927734375
2025-11-26 11:06:08.731779,s1-eth1,0.00299072265625,99.99700927734375
2025-11-26 11:06:08.731817,s2-eth2,0.00299072265625,99.99700927734375
2025-11-26 11:06:08.731871,s3-eth2,0.00299072265625,99.99700927734375
2025-11-26 11:06:09.732244,s1-eth1,0.00299072265625,99.99700927734375
2025-11-26 11:06:09.732282,s2-eth2,0.00299072265625,99.99700927734375
2025-11-26 11:06:09.732336,s3-eth2,0.00299072265625,99.99700927734375
2025-11-26 11:06:10.732698,s1-eth1,0.00299072265625,99.99700927734375
2025-11-26 11:06:10.732735,s2-eth2,0.00299072265625,99.99700927734375
2025-11-26 11:06:10.732808,s3-eth2,0.00299072265625,99.99700927734375
2025-11-26 11:06:11.733344,s1-eth1,0.00299072265625,99.99700927734375
2025-11-26 11:06:11.733382,s2-eth2,0.003631591796875,99.99636840820312
2025-11-26 11:06:11.733436,s3-eth2,0.003631591796875,99.99636840820312
2025-11-26 11:06:12.733801,s1-eth1,0.00299072265625,99.99700927734375
2025-11-26 11:06:12.733844,s2-eth2,0.00299072265625,99.99700927734375
2025-11-26 11:06:12.733897,s3-eth2,0.00299072265625,99.99700927734375
2025-11-26 11:06:13.734248,s1-eth1,0.00299072265625,99.99700927734375
2025-11-26 11:06:13.734290,s2-eth2,0.00299072265625,99.99700927734375
2025-11-26 11:06:13.734345,s3-eth2,0.00299072265625,99.99700927734375
2025-11-26 11:06:14.734712,s1-eth1,0.00299072265625,99.99700927734375
2025-11-26 11:06:14.734756,s2-eth2,0.00299072265625,99.99700927734375
2025-11-26 11:06:14.734810,s3-eth2,0.00299072265625,99.99700927734375
2025-11-26 11:06:15.735181,s1-eth1,0.00299072265625,99.99700927734375
2025-11-26 11:06:15.735219,s2-eth2,0.00299072265625,99.99700927734375
2025-11-26 11:06:15.735279,s3-eth2,0.00299072265625,99.99700927734375
2025-11-26 11:06:16.735649,s1-eth1,0.00299072265625,99.99700927734375
2025-11-26 11:06:16.735687,s2-eth2,0.00299072265625,99.99700927734375
2025-11-26 11:06:16.735747,s3-eth2,0.00299072265625,99.99700927734375
2025-11-26 11:06:17.736116,s1-eth1,0.00299072265625,99.99700927734375
2025-11-26 11:06:17.736153,s2-eth2,0.00299072265625,99.99700927734375
2025-11-26 11:06:17.736214,s3-eth2,0.00299072265625,99.99700927734375
2025-11-26 11:06:18.736566,s1-eth1,0.00299072265625,99.99700927734375
2025-11-26 11:06:18.736604,s2-eth2,0.00299072265625,99.99700927734375
2025-11-26 11:06:18.736658,s3-eth2,0.00299072265625,99.99700927734375
2025-11-26 11:06:19.737045,s1-eth1,0.00299072265625,99.99700927734375
2025-11-26 11:06:19.737083,s2-eth2,0.00299072265625,99.99700927734375
2025-11-26 11:06:19.737138,s3-eth2,0.00299072265625,99.99700927734375
2025-11-26 11:06:20.737805,s1-eth1,0.00299072265625,99.99700927734375
2025-11-26 11:06:20.737907,s2-eth2,0.00299072265625,99.99700927734375
2025-11-26 11:06:20.738051,s3-eth2,0.00299072265625,99.99700927734375
2025-11-26 11:06:21.738925,s1-eth1,0.0029877471923828126,99.99701225280762
2025-11-26 11:06:21.739028,s2-eth2,0.0029877471923828126,99.99701225280762
2025-11-26 11:06:21.739173,s3-eth2,0.0029877471923828126,99.99701225280762
2025-11-26 11:06:22.739986,s1-eth1,0.0029877471923828126,99.99701225280762
2025-11-26 11:06:22.740088,s2-eth2,0.0029877471923828126,99.99701225280762
2025-11-26 11:06:22.740232,s3-eth2,0.0029877471923828126,99.99701225280762
2025-11-26 11:06:23.741058,s1-eth1,0.0029877471923828126,99.99701225280762
2025-11-26 11:06:23.741160,s2-eth2,0.0029877471923828126,99.99701225280762
2025-11-26 11:06:23.741304,s3-eth2,0.0029877471923828126,99.99701225280762
2025-11-26 11:06:24.742137,s1-eth1,0.0029877471923828126,99.99701225280762
2025-11-26 11:06:24.742239,s2-eth2,0.0029877471923828126,99.99701225280762
2025-11-26 11:06:24.742382,s3-eth2,0.0029877471923828126,99.99701225280762
2025-11-26 11:06:25.743219,s1-eth1,0.0029877471923828126,99.99701225280762
2025-11-26 11:06:25.743321,s2-eth2,0.0029877471923828126,99.99701225280762
2025-11-26 11:06:25.743466,s3-eth2,0.0029877471923828126,99.99701225280762
2025-11-26 11:06:26.744276,s1-eth1,0.0029877471923828126,99.99701225280762
2025-11-26 11:06:26.744378,s2-eth2,0.0029877471923828126,99.99701225280762
2025-11-26 11:06:26.744523,s3-eth2,0.0029877471923828126,99.99701225280762
2025-11-26 11:06:27.745346,s1-eth1,0.0029877471923828126,99.99701225280762
2025-11-26 11:06:27.745448,s2-eth2,0.0029877471923828126,99.99701225280762
2025-11-26 11:06:27.745592,s3-eth2,0.0029877471923828126,99.99701225280762
2025-11-26 11:06:28.746419,s1-eth1,0.0029877471923828126,99.99701225280762
2025-11-26 11:06:28.746521,s2-eth2,0.0029877471923828126,99.99701225280762
2025-11-26 11:06:28.746664,s3-eth2,0.0029877471923828126,99.99701225280762
2025-11-26 11:06:29.747573,s1-eth1,0.0029877471923828126,99.99701225280762
2025-11-26 11:06:29.747675,s2-eth2,0.0029877471923828126,99.99701225280762
2025-11-26 11:06:29.747819,s3-eth2,0.0029877471923828126,99.99701225280762
2025-11-26 11:06:30.748639,s1-eth1,0.0036279296875,99.9963720703125
2025-11-26 11:06:30.748742,s2-eth2,0.0036279296875,99.9963720703125
2025-11-26 11:06:30.748887,s3-eth2,0.0036279296875,99.9963720703125
2025-11-26 11:06:31.749747,s1-eth1,0.0029877471923828126,99.99701225280762
2025-11-26 11:06:31.749850,s2-eth2,0.0029877471923828126,99.99701225280762
2025-11-26 11:06:31.749996,s3-eth2,0.0029877471923828126,99.99701225280762
2025-11-26 11:06:32.750832,s1-eth1,0.0036279296875,99.9963720703125
2025-11-26 11:06:32.750949,s2-eth2,0.0029877471923828126,99.99701225280762
2025-11-26 11:06:32.751095,s3-eth2,0.0029877471923828126,99.99701225280762
2025-11-26 11:06:33.751945,s1-eth1,0.0029877471923828126,99.99701225280762
2025-11-26 11:06:33.752063,s2-eth2,0.0029877471923828126,99.99701225280762
2025-11-26 11:06:33.752208,s3-eth2,0.0029877471923828126,99.99701225280762
2025-11-26 11:06:34.753135,s1-eth1,0.0029877471923828126,99.99701225280762
2025-11-26 11:06:34.753250,s2-eth2,0.0029877471923828126,99.99701225280762
2025-11-26 11:06:34.753395,s3-eth2,0.0029877471923828126,99.99701225280762
2025-11-26 11:06:35.754213,s1-eth1,0.0029877471923828126,99.99701225280762
2025-11-26 11:06:35.754328,s2-eth2,0.0029877471923828126,99.99701225280762
2025-11-26 11:06:35.754473,s3-eth2,0.0029877471923828126,99.99701225280762
2025-11-26 11:06:36.755295,s1-eth1,0.0029877471923828126,99.99701225280762
2025-11-26 11:06:36.755398,s2-eth2,0.0029877471923828126,99.99701225280762
2025-11-26 11:06:36.755553,s3-eth2,0.0029877471923828126,99.99701225280762
2025-11-26 11:06:37.756372,s1-eth1,0.0029877471923828126,99.99701225280762
2025-11-26 11:06:37.756476,s2-eth2,0.0029877471923828126,99.99701225280762
2025-11-26 11:06:37.756632,s3-eth2,0.0029877471923828126,99.99701225280762
2025-11-26 11:06:38.757442,s1-eth1,0.0029877471923828126,99.99701225280762
2025-11-26 11:06:38.757544,s2-eth2,0.0029877471923828126,99.99701225280762
2025-11-26 11:06:38.757700,s3-eth2,0.0029877471923828126,99.99701225280762
2025-11-26 11:06:39.758610,s1-eth1,0.0029877471923828126,99.99701225280762
2025-11-26 11:06:39.758712,s2-eth2,0.0029877471923828126,99.99701225280762
2025-11-26 11:06:39.758872,s3-eth2,0.0029877471923828126,99.99701225280762
2025-11-26 11:06:40.759699,s1-eth1,0.0036279296875,99.9963720703125
2025-11-26 11:06:40.759802,s2-eth2,0.0029877471923828126,99.99701225280762
2025-11-26 11:06:40.759947,s3-eth2,0.0029877471923828126,99.99701225280762
2025-11-26 11:06:41.760772,s1-eth1,0.0029877471923828126,99.99701225280762
2025-11-26 11:06:41.760874,s2-eth2,0.0029877471923828126,99.99701225280762
2025-11-26 11:06:41.761019,s3-eth2,0.0029877471923828126,99.99701225280762
2025-11-26 11:06:42.761844,s1-eth1,0.0029877471923828126,99.99701225280762
2025-11-26 11:06:42.761948,s2-eth2,0.0036279296875,99.9963720703125
2025-11-26 11:06:42.762093,s3-eth2,0.0036279296875,99.9963720703125
2025-11-26 11:06:43.762933,s1-eth1,0.0029877471923828126,99.99701225280762
2025-11-26 11:06:43.763036,s2-eth2,0.0029877471923828126,99.99701225280762
2025-11-26 11:06:43.763181,s3-eth2,0.0029877471923828126,99.99701225280762
2025-11-26 11:06:44.764133,s1-eth1,0.0029877471923828126,99.99701225280762
2025-11-26 11:06:44.764238,s2-eth2,0.0029877471923828126,99.99701225280762
2025-11-26 11:06:44.764385,s3-eth2,0.0029877471923828126,99.99701225280762
2025-11-26 11:06:45.765228,s1-eth1,0.0036279296875,99.9963720703125
2025-11-26 11:06:45.765331,s2-eth2,0.0036279296875,99.9963720703125
2025-11-26 11:06:45.765477,s3-eth2,0.0036279296875,99.9963720703125
2025-11-26 11:06:46.766301,s1-eth1,0.0029877471923828126,99.99701225280762
2025-11-26 11:06:46.766405,s2-eth2,0.0029877471923828126,99.99701225280762
2025-11-26 11:06:46.766550,s3-eth2,0.0029877471923828126,99.99701225280762
2025-11-26 11:06:47.767361,s1-eth1,0.0029877471923828126,99.99701225280762
2025-11-26 11:06:47.767465,s2-eth2,0.0029877471923828126,99.99701225280762
2025-11-26 11:06:47.767609,s3-eth2,0.0029877471923828126,99.99701225280762
2025-11-26 11:06:48.768428,s1-eth1,0.0029877471923828126,99.99701225280762
2025-11-26 11:06:48.768531,s2-eth2,0.0029877471923828126,99.99701225280762
2025-11-26 11:06:48.768676,s3-eth2,0.0029877471923828126,99.99701225280762
2025-11-26 11:06:49.769590,s1-eth1,0.0029877471923828126,99.99701225280762
2025-11-26 11:06:49.769693,s2-eth2,0.0029877471923828126,99.99701225280762
2025-11-26 11:06:49.769837,s3-eth2,0.0029877471923828126,99.99701225280762
2025-11-26 11:06:50.770661,s1-eth1,0.0029877471923828126,99.99701225280762
2025-11-26 11:06:50.770764,s2-eth2,0.0036279296875,99.9963720703125
2025-11-26 11:06:50.770922,s3-eth2,0.0036279296875,99.9963720703125
2025-11-26 11:06:51.771750,s1-eth1,0.0029877471923828126,99.99701225280762
2025-11-26 11:06:51.771852,s2-eth2,0.0029877471923828126,99.99701225280762
2025-11-26 11:06:51.771997,s3-eth2,0.0029877471923828126,99.99701225280762
2025-11-26 11:06:52.772832,s1-eth1,0.0029877471923828126,99.99701225280762
2025-11-26 11:06:52.772935,s2-eth2,0.0029877471923828126,99.99701225280762
2025-11-26 11:06:52.773079,s3-eth2,0.0029877471923828126,99.99701225280762
2025-11-26 11:06:53.773907,s1-eth1,0.0029877471923828126,99.99701225280762
2025-11-26 11:06:53.774010,s2-eth2,0.0029877471923828126,99.99701225280762
2025-11-26 11:06:53.774155,s3-eth2,0.0029877471923828126,99.99701225280762
2025-11-26 11:06:54.775076,s1-eth1,0.0029877471923828126,99.99701225280762
2025-11-26 11:06:54.775178,s2-eth2,0.0029877471923828126,99.99701225280762
2025-11-26 11:06:54.775323,s3-eth2,0.0029877471923828126,99.99701225280762
2025-11-26 11:06:55.776138,s1-eth1,0.0029877471923828126,99.99701225280762
2025-11-26 11:06:55.776252,s2-eth2,0.0029877471923828126,99.99701225280762
2025-11-26 11:06:55.776396,s3-eth2,0.0029877471923828126,99.99701225280762
2025-11-26 11:06:56.777207,s1-eth1,0.0029877471923828126,99.99701225280762
2025-11-26 11:06:56.777321,s2-eth2,0.0029877471923828126,99.99701225280762
2025-11-26 11:06:56.777466,s3-eth2,0.0029877471923828126,99.99701225280762
2025-11-26 11:06:57.778276,s1-eth1,0.0029877471923828126,99.99701225280762
2025-11-26 11:06:57.778389,s2-eth2,0.0029877471923828126,99.99701225280762
2025-11-26 11:06:57.778534,s3-eth2,0.0029877471923828126,99.99701225280762
2025-11-26 11:06:58.779337,s1-eth1,0.0029877471923828126,99.99701225280762
2025-11-26 11:06:58.779440,s2-eth2,0.0029877471923828126,99.99701225280762
2025-11-26 11:06:58.779596,s3-eth2,0.0029877471923828126,99.99701225280762
2025-11-26 11:06:59.780510,s1-eth1,0.0029877471923828126,99.99701225280762
2025-11-26 11:06:59.780613,s2-eth2,0.0029877471923828126,99.99701225280762
2025-11-26 11:06:59.780774,s3-eth2,0.0029877471923828126,99.99701225280762
2025-11-26 11:07:00.781593,s1-eth1,0.0029877471923828126,99.99701225280762
2025-11-26 11:07:00.781695,s2-eth2,0.0029877471923828126,99.99701225280762
2025-11-26 11:07:00.781851,s3-eth2,0.0029877471923828126,99.99701225280762
2025-11-26 11:07:01.782672,s1-eth1,0.0029877471923828126,99.99701225280762
2025-11-26 11:07:01.782773,s2-eth2,0.0029877471923828126,99.99701225280762
2025-11-26 11:07:01.782930,s3-eth2,0.0029877471923828126,99.99701225280762
2025-11-26 11:07:02.783753,s1-eth1,0.0029877471923828126,99.99701225280762
2025-11-26 11:07:02.783855,s2-eth2,0.0029877471923828126,99.99701225280762
2025-11-26 11:07:02.783999,s3-eth2,0.0029877471923828126,99.99701225280762
2025-11-26 11:07:03.784823,s1-eth1,0.0029877471923828126,99.99701225280762
2025-11-26 11:07:03.784926,s2-eth2,0.0029877471923828126,99.99701225280762
2025-11-26 11:07:03.785070,s3-eth2,0.0029877471923828126,99.99701225280762
2025-11-26 11:07:04.785990,s1-eth1,0.0029877471923828126,99.99701225280762
2025-11-26 11:07:04.786093,s2-eth2,0.0029877471923828126,99.99701225280762
2025-11-26 11:07:04.786237,s3-eth2,0.0029877471923828126,99.99701225280762
2025-11-26 11:07:05.787069,s1-eth1,0.0029877471923828126,99.99701225280762
2025-11-26 11:07:05.787171,s2-eth2,0.0029877471923828126,99.99701225280762
2025-11-26 11:07:05.787314,s3-eth2,0.0029877471923828126,99.99701225280762
2025-11-26 11:07:06.788129,s1-eth1,0.0029877471923828126,99.99701225280762
2025-11-26 11:07:06.788232,s2-eth2,0.0029877471923828126,99.99701225280762
2025-11-26 11:07:06.788376,s3-eth2,0.0029877471923828126,99.99701225280762
2025-11-26 11:07:07.789192,s1-eth1,0.0029877471923828126,99.99701225280762
2025-11-26 11:07:07.789295,s2-eth2,0.0029877471923828126,99.99701225280762
2025-11-26 11:07:07.789437,s3-eth2,0.0029877471923828126,99.99701225280762
2025-11-26 11:07:08.790258,s1-eth1,0.0029877471923828126,99.99701225280762
2025-11-26 11:07:08.790361,s2-eth2,0.0029877471923828126,99.99701225280762
2025-11-26 11:07:08.790505,s3-eth2,0.0029877471923828126,99.99701225280762
2025-11-26 11:07:09.791484,s1-eth1,0.0029877471923828126,99.99701225280762
2025-11-26 11:07:09.791586,s2-eth2,0.0029877471923828126,99.99701225280762
2025-11-26 11:07:09.791731,s3-eth2,0.0029877471923828126,99.99701225280762
2025-11-26 11:07:10.792556,s1-eth1,0.0029877471923828126,99.99701225280762
2025-11-26 11:07:10.792659,s2-eth2,0.0029877471923828126,99.99701225280762
2025-11-26 11:07:10.792803,s3-eth2,0.0029877471923828126,99.99701225280762
2025-11-26 11:07:11.793616,s1-eth1,0.0029877471923828126,99.99701225280762
2025-11-26 11:07:11.793718,s2-eth2,0.0029877471923828126,99.99701225280762
2025-11-26 11:07:11.793861,s3-eth2,0.0029877471923828126,99.99701225280762
2025-11-26 11:07:12.794674,s1-eth1,0.0029877471923828126,99.99701225280762
2025-11-26 11:07:12.794778,s2-eth2,0.0036279296875,99.9963720703125
2025-11-26 11:07:12.794934,s3-eth2,0.0036279296875,99.9963720703125
2025-11-26 11:07:13.795759,s1-eth1,0.0036279296875,99.9963720703125
2025-11-26 11:07:13.795862,s2-eth2,0.0036279296875,99.9963720703125
2025-11-26 11:07:13.796007,s3-eth2,0.0036279296875,99.9963720703125
2025-11-26 11:07:14.796930,s1-eth1,0.0029877471923828126,99.99701225280762
2025-11-26 11:07:14.797034,s2-eth2,0.0029877471923828126,99.99701225280762
2025-11-26 11:07:14.797180,s3-eth2,0.0029877471923828126,99.99701225280762
2025-11-26 11:07:15.798002,s1-eth1,0.0029877471923828126,99.99701225280762
2025-11-26 11:07:15.798105,s2-eth2,0.0029877471923828126,99.99701225280762
2025-11-26 11:07:15.798249,s3-eth2,0.0029877471923828126,99.99701225280762
2025-11-26 11:07:16.799072,s1-eth1,0.0036279296875,99.9963720703125
2025-11-26 11:07:16.799187,s2-eth2,0.0029877471923828126,99.99701225280762
2025-11-26 11:07:16.799332,s3-eth2,0.0029877471923828126,99.99701225280762
2025-11-26 11:07:17.800141,s1-eth1,0.0029877471923828126,99.99701225280762
2025-11-26 11:07:17.800255,s2-eth2,0.0029877471923828126,99.99701225280762
2025-11-26 11:07:17.800401,s3-eth2,0.0029877471923828126,99.99701225280762
2025-11-26 11:07:18.801212,s1-eth1,0.0036279296875,99.9963720703125
2025-11-26 11:07:18.801327,s2-eth2,0.0029877471923828126,99.99701225280762
2025-11-26 11:07:18.801472,s3-eth2,0.0029877471923828126,99.99701225280762
2025-11-26 11:07:19.802376,s1-eth1,0.0029877471923828126,99.99701225280762
2025-11-26 11:07:19.802479,s2-eth2,0.0029877471923828126,99.99701225280762
2025-11-26 11:07:19.802636,s3-eth2,0.0029877471923828126,99.99701225280762
2025-11-26 11:07:20.803474,s1-eth1,0.0029877471923828126,99.99701225280762
2025-11-26 11:07:20.803576,s2-eth2,0.0029877471923828126,99.99701225280762
2025-11-26 11:07:20.803732,s3-eth2,0.0029877471923828126,99.99701225280762
2025-11-26 11:07:21.804546,s1-eth1,0.0029877471923828126,99.99701225280762
2025-11-26 11:07:21.804649,s2-eth2,0.0029877471923828126,99.99701225280762
2025-11-26 11:07:21.804805,s3-eth2,0.0029877471923828126,99.99701225280762
2025-11-26 11:07:22.805619,s1-eth1,0.0029877471923828126,99.99701225280762
2025-11-26 11:07:22.805722,s2-eth2,0.0029877471923828126,99.99701225280762
2025-11-26 11:07:22.805866,s3-eth2,0.0029877471923828126,99.99701225280762
2025-11-26 11:07:23.806687,s1-eth1,0.0029877471923828126,99.99701225280762
2025-11-26 11:07:23.806789,s2-eth2,0.0029877471923828126,99.99701225280762
2025-11-26 11:07:23.806955,s3-eth2,0.0029877471923828126,99.99701225280762
2025-11-26 11:07:24.807863,s1-eth1,0.0029877471923828126,99.99701225280762
2025-11-26 11:07:24.807965,s2-eth2,0.0029877471923828126,99.99701225280762
2025-11-26 11:07:24.808109,s3-eth2,0.0029877471923828126,99.99701225280762
2025-11-26 11:07:25.808934,s1-eth1,0.0029877471923828126,99.99701225280762
2025-11-26 11:07:25.809037,s2-eth2,0.0029877471923828126,99.99701225280762
2025-11-26 11:07:25.809182,s3-eth2,0.0029877471923828126,99.99701225280762
2025-11-26 11:07:26.809998,s1-eth1,0.0029877471923828126,99.99701225280762
2025-11-26 11:07:26.810100,s2-eth2,0.0029877471923828126,99.99701225280762
2025-11-26 11:07:26.810245,s3-eth2,0.0029877471923828126,99.99701225280762
2025-11-26 11:07:27.811088,s1-eth1,0.0029877471923828126,99.99701225280762
2025-11-26 11:07:27.811191,s2-eth2,0.0029877471923828126,99.99701225280762
2025-11-26 11:07:27.811335,s3-eth2,0.0029877471923828126,99.99701225280762
2025-11-26 11:07:28.812145,s1-eth1,0.0036279296875,99.9963720703125
2025-11-26 11:07:28.812249,s2-eth2,0.0036279296875,99.9963720703125
2025-11-26 11:07:28.812393,s3-eth2,0.0036279296875,99.9963720703125
2025-11-26 11:07:29.813323,s1-eth1,0.0029877471923828126,99.99701225280762
2025-11-26 11:07:29.813425,s2-eth2,0.0029877471923828126,99.99701225280762
2025-11-26 11:07:29.813569,s3-eth2,0.0029877471923828126,99.99701225280762
2025-11-26 11:07:30.814391,s1-eth1,0.0029877471923828126,99.99701225280762
2025-11-26 11:07:30.814494,s2-eth2,0.0029877471923828126,99.99701225280762
2025-11-26 11:07:30.814638,s3-eth2,0.0029877471923828126,99.99701225280762
2025-11-26 11:07:31.815494,s1-eth1,0.0029877471923828126,99.99701225280762
2025-11-26 11:07:31.815596,s2-eth2,0.0029877471923828126,99.99701225280762
2025-11-26 11:07:31.815742,s3-eth2,0.0029877471923828126,99.99701225280762
2025-11-26 11:07:32.816554,s1-eth1,0.0029877471923828126,99.99701225280762
2025-11-26 11:07:32.816656,s2-eth2,0.0029877471923828126,99.99701225280762
2025-11-26 11:07:32.816800,s3-eth2,0.0029877471923828126,99.99701225280762
2025-11-26 11:07:33.817607,s1-eth1,0.0029877471923828126,99.99701225280762
2025-11-26 11:07:33.817712,s2-eth2,0.0029877471923828126,99.99701225280762
2025-11-26 11:07:33.817855,s3-eth2,0.0029877471923828126,99.99701225280762
2025-11-26 11:07:34.818772,s1-eth1,0.0029877471923828126,99.99701225280762
2025-11-26 11:07:34.818887,s2-eth2,0.0029877471923828126,99.99701225280762
2025-11-26 11:07:34.819031,s3-eth2,0.0029877471923828126,99.99701225280762
2025-11-26 11:07:35.819842,s1-eth1,0.0029877471923828126,99.99701225280762
2025-11-26 11:07:35.819945,s2-eth2,0.0036279296875,99.9963720703125
2025-11-26 11:07:35.820089,s3-eth2,0.0036279296875,99.9963720703125
2025-11-26 11:07:36.820891,s1-eth1,0.0029877471923828126,99.99701225280762
2025-11-26 11:07:36.820993,s2-eth2,0.0029877471923828126,99.99701225280762
2025-11-26 11:07:36.821137,s3-eth2,0.0029877471923828126,99.99701225280762
2025-11-26 11:07:37.821944,s1-eth1,0.0029877471923828126,99.99701225280762
2025-11-26 11:07:37.822048,s2-eth2,0.0029877471923828126,99.99701225280762
2025-11-26 11:07:37.822192,s3-eth2,0.0029877471923828126,99.99701225280762
2025-11-26 11:07:38.822994,s1-eth1,0.0029877471923828126,99.99701225280762
2025-11-26 11:07:38.823107,s2-eth2,0.0029877471923828126,99.99701225280762
2025-11-26 11:07:38.823252,s3-eth2,0.0029877471923828126,99.99701225280762
2025-11-26 11:07:39.824171,s1-eth1,0.0029877471923828126,99.99701225280762
2025-11-26 11:07:39.824288,s2-eth2,0.0029877471923828126,99.99701225280762
2025-11-26 11:07:39.824433,s3-eth2,0.0029877471923828126,99.99701225280762
2025-11-26 11:07:40.825226,s1-eth1,0.0029877471923828126,99.99701225280762
2025-11-26 11:07:40.825337,s2-eth2,0.0029877471923828126,99.99701225280762
2025-11-26 11:07:40.825480,s3-eth2,0.0029877471923828126,99.99701225280762
2025-11-26 11:07:41.826272,s1-eth1,0.0029877471923828126,99.99701225280762
2025-11-26 11:07:41.826375,s2-eth2,0.0036279296875,99.9963720703125
2025-11-26 11:07:41.826527,s3-eth2,0.0036279296875,99.9963720703125
2025-11-26 11:07:42.827316,s1-eth1,0.0029877471923828126,99.99701225280762
2025-11-26 11:07:42.827418,s2-eth2,0.0029877471923828126,99.99701225280762
2025-11-26 11:07:42.827572,s3-eth2,0.0029877471923828126,99.99701225280762
2025-11-26 11:07:43.828364,s1-eth1,0.0029877471923828126,99.99701225280762
2025-11-26 11:07:43.828467,s2-eth2,0.0029877471923828126,99.99701225280762
2025-11-26 11:07:43.828619,s3-eth2,0.0029877471923828126,99.99701225280762
2025-11-26 11:07:44.829418,s1-eth1,0.0029877471923828126,99.99701225280762
2025-11-26 11:07:44.829520,s2-eth2,0.0029877471923828126,99.99701225280762
2025-11-26 11:07:44.829663,s3-eth2,0.0029877471923828126,99.99701225280762
2025-11-26 11:07:45.830462,s1-eth1,0.0029877471923828126,99.99701225280762
2025-11-26 11:07:45.830565,s2-eth2,0.0029877471923828126,99.99701225280762
2025-11-26 11:07:45.830709,s3-eth2,0.0029877471923828126,99.99701225280762
2025-11-26 11:07:46.831612,s1-eth1,0.0029877471923828126,99.99701225280762
2025-11-26 11:07:46.831715,s2-eth2,0.0029877471923828126,99.99701225280762
2025-11-26 11:07:46.831859,s3-eth2,0.0029877471923828126,99.99701225280762
2025-11-26 11:07:47.832667,s1-eth1,0.0029877471923828126,99.99701225280762
2025-11-26 11:07:47.832769,s2-eth2,0.0029877471923828126,99.99701225280762
2025-11-26 11:07:47.832913,s3-eth2,0.0029877471923828126,99.99701225280762
2025-11-26 11:07:48.833714,s1-eth1,0.0029877471923828126,99.99701225280762
2025-11-26 11:07:48.833817,s2-eth2,0.0029877471923828126,99.99701225280762
2025-11-26 11:07:48.833960,s3-eth2,0.0029877471923828126,99.99701225280762
2025-11-26 11:07:49.834911,s1-eth1,0.0029877471923828126,99.99701225280762
2025-11-26 11:07:49.835013,s2-eth2,0.0029877471923828126,99.99701225280762
2025-11-26 11:07:49.835158,s3-eth2,0.0029877471923828126,99.99701225280762
2025-11-26 11:07:50.835959,s1-eth1,0.0029877471923828126,99.99701225280762
2025-11-26 11:07:50.836062,s2-eth2,0.0029877471923828126,99.99701225280762
2025-11-26 11:07:50.836206,s3-eth2,0.0029877471923828126,99.99701225280762
2025-11-26 11:07:51.837005,s1-eth1,0.0029877471923828126,99.99701225280762
2025-11-26 11:07:51.837108,s2-eth2,0.0029877471923828126,99.99701225280762
2025-11-26 11:07:51.837252,s3-eth2,0.0029877471923828126,99.99701225280762
2025-11-26 11:07:52.838051,s1-eth1,0.0029877471923828126,99.99701225280762
2025-11-26 11:07:52.838153,s2-eth2,0.0029877471923828126,99.99701225280762
2025-11-26 11:07:52.838296,s3-eth2,0.0029877471923828126,99.99701225280762
2025-11-26 11:07:53.839169,s1-eth1,0.0033078765869140624,99.99669212341308
2025-11-26 11:07:53.839272,s2-eth2,0.0029877471923828126,99.99701225280762
2025-11-26 11:07:53.839417,s3-eth2,0.0029877471923828126,99.99701225280762
2025-11-26 11:07:54.840322,s1-eth1,0.0033078765869140624,99.99669212341308
2025-11-26 11:07:54.840425,s2-eth2,0.0029877471923828126,99.99701225280762
2025-11-26 11:07:54.840569,s3-eth2,0.0029877471923828126,99.99701225280762
2025-11-26 11:07:55.841425,s1-eth1,0.0029877471923828126,99.99701225280762
2025-11-26 11:07:55.841527,s2-eth2,0.0029877471923828126,99.99701225280762
2025-11-26 11:07:55.841673,s3-eth2,0.0029877471923828126,99.99701225280762
2025-11-26 11:07:56.842524,s1-eth1,0.0036279296875,99.9963720703125
2025-11-26 11:07:56.842627,s2-eth2,0.0036279296875,99.9963720703125
2025-11-26 11:07:56.842773,s3-eth2,0.0036279296875,99.9963720703125
2025-11-26 11:07:57.843625,s1-eth1,0.0029877471923828126,99.99701225280762
2025-11-26 11:07:57.843728,s2-eth2,0.0029877471923828126,99.99701225280762
2025-11-26 11:07:57.843873,s3-eth2,0.0029877471923828126,99.99701225280762
2025-11-26 11:07:58.844710,s1-eth1,0.0029877471923828126,99.99701225280762
2025-11-26 11:07:58.844813,s2-eth2,0.0029877471923828126,99.99701225280762
2025-11-26 11:07:58.844959,s3-eth2,0.0029877471923828126,99.99701225280762
2025-11-26 11:07:59.845900,s1-eth1,0.0029877471923828126,99.99701225280762
2025-11-26 11:07:59.846014,s2-eth2,0.0029877471923828126,99.99701225280762
2025-11-26 11:07:59.846160,s3-eth2,0.0029877471923828126,99.99701225280762
2025-11-26 11:08:00.847010,s1-eth1,0.0029877471923828126,99.99701225280762
2025-11-26 11:08:00.847124,s2-eth2,0.0029877471923828126,99.99701225280762
2025-11-26 11:08:00.847269,s3-eth2,0.0029877471923828126,99.99701225280762
2025-11-26 11:08:01.848132,s1-eth1,0.0029877471923828126,99.99701225280762
2025-11-26 11:08:01.848253,s2-eth2,0.0029877471923828126,99.99701225280762
2025-11-26 11:08:01.848401,s3-eth2,0.0029877471923828126,99.99701225280762
2025-11-26 11:08:02.849248,s1-eth1,0.0029877471923828126,99.99701225280762
2025-11-26 11:08:02.849351,s2-eth2,0.0029877471923828126,99.99701225280762
2025-11-26 11:08:02.849509,s3-eth2,0.0029877471923828126,99.99701225280762
2025-11-26 11:08:03.850357,s1-eth1,0.0029877471923828126,99.99701225280762
2025-11-26 11:08:03.850459,s2-eth2,0.0029877471923828126,99.99701225280762
2025-11-26 11:08:03.850617,s3-eth2,0.0029877471923828126,99.99701225280762
2025-11-26 11:08:04.851686,s1-eth1,0.0029877471923828126,99.99701225280762
2025-11-26 11:08:04.851789,s2-eth2,0.0029877471923828126,99.99701225280762
2025-11-26 11:08:04.851949,s3-eth2,0.0029877471923828126,99.99701225280762
2025-11-26 11:08:05.852800,s1-eth1,0.0029877471923828126,99.99701225280762
2025-11-26 11:08:05.852903,s2-eth2,0.0029877471923828126,99.99701225280762
2025-11-26 11:08:05.853050,s3-eth2,0.0029877471923828126,99.99701225280762
2025-11-26 11:08:06.853906,s1-eth1,0.0036279296875,99.9963720703125
2025-11-26 11:08:06.854010,s2-eth2,0.0029877471923828126,99.99701225280762
2025-11-26 11:08:06.854157,s3-eth2,0.0029877471923828126,99.99701225280762
2025-11-26 11:08:07.855037,s1-eth1,0.0029877471923828126,99.99701225280762
2025-11-26 11:08:07.855141,s2-eth2,0.0029877471923828126,99.99701225280762
2025-11-26 11:08:07.855288,s3-eth2,0.0029877471923828126,99.99701225280762
2025-11-26 11:08:08.856146,s1-eth1,0.0029877471923828126,99.99701225280762
2025-11-26 11:08:08.856249,s2-eth2,0.0029877471923828126,99.99701225280762
2025-11-26 11:08:08.856395,s3-eth2,0.0029877471923828126,99.99701225280762
2025-11-26 11:08:09.857393,s1-eth1,0.0029877471923828126,99.99701225280762
2025-11-26 11:08:09.857495,s2-eth2,0.0029877471923828126,99.99701225280762
2025-11-26 11:08:09.857641,s3-eth2,0.0029877471923828126,99.99701225280762
2025-11-26 11:08:10.858511,s1-eth1,0.0029877471923828126,99.99701225280762
2025-11-26 11:08:10.858613,s2-eth2,0.0029877471923828126,99.99701225280762
2025-11-26 11:08:10.858759,s3-eth2,0.0029877471923828126,99.99701225280762
2025-11-26 11:08:11.859629,s1-eth1,0.0036279296875,99.9963720703125
2025-11-26 11:08:11.859734,s2-eth2,0.0036279296875,99.9963720703125
2025-11-26 11:08:11.859879,s3-eth2,0.0036279296875,99.9963720703125
2025-11-26 11:08:12.860743,s1-eth1,0.0029877471923828126,99.99701225280762
2025-11-26 11:08:12.860847,s2-eth2,0.0036279296875,99.9963720703125
2025-11-26 11:08:12.860993,s3-eth2,0.0036279296875,99.9963720703125
2025-11-26 11:08:13.861853,s1-eth1,0.0029877471923828126,99.99701225280762
2025-11-26 11:08:13.861957,s2-eth2,0.0029877471923828126,99.99701225280762
2025-11-26 11:08:13.862102,s3-eth2,0.0029877471923828126,99.99701225280762
2025-11-26 11:08:14.863066,s1-eth1,0.0029877471923828126,99.99701225280762
2025-11-26 11:08:14.863169,s2-eth2,0.0029877471923828126,99.99701225280762
2025-11-26 11:08:14.863314,s3-eth2,0.0029877471923828126,99.99701225280762
2025-11-26 11:08:15.864167,s1-eth1,0.0029877471923828126,99.99701225280762
2025-11-26 11:08:15.864270,s2-eth2,0.0029877471923828126,99.99701225280762
2025-11-26 11:08:15.864416,s3-eth2,0.0029877471923828126,99.99701225280762
2025-11-26 11:08:16.865262,s1-eth1,0.0029877471923828126,99.99701225280762
2025-11-26 11:08:16.865365,s2-eth2,0.0029877471923828126,99.99701225280762
2025-11-26 11:08:16.865511,s3-eth2,0.0029877471923828126,99.99701225280762
2025-11-26 11:08:17.866362,s1-eth1,0.0029877471923828126,99.99701225280762
2025-11-26 11:08:17.866464,s2-eth2,0.0029877471923828126,99.99701225280762
2025-11-26 11:08:17.866611,s3-eth2,0.0029877471923828126,99.99701225280762
2025-11-26 11:08:18.867478,s1-eth1,0.0029877471923828126,99.99701225280762
2025-11-26 11:08:18.867582,s2-eth2,0.0029877471923828126,99.99701225280762
2025-11-26 11:08:18.867728,s3-eth2,0.0029877471923828126,99.99701225280762
2025-11-26 11:08:19.868694,s1-eth1,0.0029877471923828126,99.99701225280762
2025-11-26 11:08:19.868797,s2-eth2,0.0029877471923828126,99.99701225280762
2025-11-26 11:08:19.868942,s3-eth2,0.0029877471923828126,99.99701225280762
2025-11-26 11:08:20.869791,s1-eth1,0.0029877471923828126,99.99701225280762
2025-11-26 11:08:20.869896,s2-eth2,0.0036279296875,99.9963720703125
2025-11-26 11:08:20.870042,s3-eth2,0.0036279296875,99.9963720703125
2025-11-26 11:08:21.870897,s1-eth1,0.0029877471923828126,99.99701225280762
2025-11-26 11:08:21.871013,s2-eth2,0.0029877471923828126,99.99701225280762
2025-11-26 11:08:21.871160,s3-eth2,0.0029877471923828126,99.99701225280762
2025-11-26 11:08:22.872002,s1-eth1,0.0029877471923828126,99.99701225280762
2025-11-26 11:08:22.872117,s2-eth2,0.0029877471923828126,99.99701225280762
2025-11-26 11:08:22.872263,s3-eth2,0.0029877471923828126,99.99701225280762
2025-11-26 11:08:23.873104,s1-eth1,0.0029877471923828126,99.99701225280762
2025-11-26 11:08:23.873218,s2-eth2,0.0029877471923828126,99.99701225280762
2025-11-26 11:08:23.873365,s3-eth2,0.0029877471923828126,99.99701225280762
2025-11-26 11:08:24.874317,s1-eth1,0.0029877471923828126,99.99701225280762
2025-11-26 11:08:24.874420,s2-eth2,0.0029877471923828126,99.99701225280762
2025-11-26 11:08:24.874578,s3-eth2,0.0029877471923828126,99.99701225280762
2025-11-26 11:08:25.875417,s1-eth1,0.0029877471923828126,99.99701225280762
2025-11-26 11:08:25.875520,s2-eth2,0.0029877471923828126,99.99701225280762
2025-11-26 11:08:25.875678,s3-eth2,0.0029877471923828126,99.99701225280762
2025-11-26 11:08:26.876516,s1-eth1,0.0029877471923828126,99.99701225280762
2025-11-26 11:08:26.876618,s2-eth2,0.0029877471923828126,99.99701225280762
2025-11-26 11:08:26.876776,s3-eth2,0.0029877471923828126,99.99701225280762
2025-11-26 11:08:27.877613,s1-eth1,0.0029877471923828126,99.99701225280762
2025-11-26 11:08:27.877716,s2-eth2,0.0029877471923828126,99.99701225280762
2025-11-26 11:08:27.877862,s3-eth2,0.0029877471923828126,99.99701225280762
2025-11-26 11:08:28.878708,s1-eth1,0.0029877471923828126,99.99701225280762
2025-11-26 11:08:28.878811,s2-eth2,0.0029877471923828126,99.99701225280762
2025-11-26 11:08:28.878969,s3-eth2,0.0029877471923828126,99.99701225280762
2025-11-26 11:08:29.879933,s1-eth1,0.0036279296875,99.9963720703125
2025-11-26 11:08:29.880036,s2-eth2,0.0029877471923828126,99.99701225280762
2025-11-26 11:08:29.880183,s3-eth2,0.0029877471923828126,99.99701225280762
2025-11-26 11:08:30.881031,s1-eth1,0.0029877471923828126,99.99701225280762
2025-11-26 11:08:30.881135,s2-eth2,0.0029877471923828126,99.99701225280762
2025-11-26 11:08:30.881280,s3-eth2,0.0029877471923828126,99.99701225280762
2025-11-26 11:08:31.882164,s1-eth1,0.0029877471923828126,99.99701225280762
2025-11-26 11:08:31.882267,s2-eth2,0.0029877471923828126,99.99701225280762
2025-11-26 11:08:31.882413,s3-eth2,0.0029877471923828126,99.99701225280762
2025-11-26 11:08:32.883299,s1-eth1,0.0029877471923828126,99.99701225280762
2025-11-26 11:08:32.883402,s2-eth2,0.0029877471923828126,99.99701225280762
2025-11-26 11:08:32.883550,s3-eth2,0.0029877471923828126,99.99701225280762
2025-11-26 11:08:33.884428,s1-eth1,0.0029877471923828126,99.99701225280762
2025-11-26 11:08:33.884531,s2-eth2,0.0029877471923828126,99.99701225280762
2025-11-26 11:08:33.884679,s3-eth2,0.0029877471923828126,99.99701225280762
2025-11-26 11:08:34.885665,s1-eth1,0.0029877471923828126,99.99701225280762
2025-11-26 11:08:34.885769,s2-eth2,0.0029877471923828126,99.99701225280762
2025-11-26 11:08:34.885915,s3-eth2,0.0029877471923828126,99.99701225280762
2025-11-26 11:08:35.886766,s1-eth1,0.0029877471923828126,99.99701225280762
2025-11-26 11:08:35.886882,s2-eth2,0.0029877471923828126,99.99701225280762
2025-11-26 11:08:35.887028,s3-eth2,0.0029877471923828126,99.99701225280762
2025-11-26 11:08:36.887869,s1-eth1,0.0029877471923828126,99.99701225280762
2025-11-26 11:08:36.887972,s2-eth2,0.0029877471923828126,99.99701225280762
2025-11-26 11:08:36.888118,s3-eth2,0.0029877471923828126,99.99701225280762
2025-11-26 11:08:37.888968,s1-eth1,0.0029877471923828126,99.99701225280762
2025-11-26 11:08:37.889072,s2-eth2,0.0029877471923828126,99.99701225280762
2025-11-26 11:08:37.889218,s3-eth2,0.0029877471923828126,99.99701225280762
2025-11-26 11:08:38.890079,s1-eth1,0.0029877471923828126,99.99701225280762
2025-11-26 11:08:38.890183,s2-eth2,0.0033078765869140624,99.99669212341308
2025-11-26 11:08:38.890332,s3-eth2,0.0033078765869140624,99.99669212341308
2025-11-26 11:08:39.891328,s1-eth1,0.0036279296875,99.9963720703125
2025-11-26 11:08:39.891432,s2-eth2,0.0033078765869140624,99.99669212341308
2025-11-26 11:08:39.891579,s3-eth2,0.0033078765869140624,99.99669212341308
2025-11-26 11:08:40.892435,s1-eth1,0.0029877471923828126,99.99701225280762
2025-11-26 11:08:40.892538,s2-eth2,0.0029877471923828126,99.99701225280762
2025-11-26 11:08:40.892685,s3-eth2,0.0029877471923828126,99.99701225280762
2025-11-26 11:08:41.893519,s1-eth1,0.0029877471923828126,99.99701225280762
2025-11-26 11:08:41.893636,s2-eth2,0.0029877471923828126,99.99701225280762
2025-11-26 11:08:41.893782,s3-eth2,0.0029877471923828126,99.99701225280762
2025-11-26 11:08:42.894626,s1-eth1,0.0029877471923828126,99.99701225280762
2025-11-26 11:08:42.894743,s2-eth2,0.0036279296875,99.9963720703125
2025-11-26 11:08:42.894902,s3-eth2,0.0036279296875,99.9963720703125
2025-11-26 11:08:43.895748,s1-eth1,0.0029877471923828126,99.99701225280762
2025-11-26 11:08:43.895870,s2-eth2,0.0029877471923828126,99.99701225280762
2025-11-26 11:08:43.896017,s3-eth2,0.0029877471923828126,99.99701225280762
2025-11-26 11:08:44.896955,s1-eth1,0.0029877471923828126,99.99701225280762
2025-11-26 11:08:44.897081,s2-eth2,0.0029877471923828126,99.99701225280762
2025-11-26 11:08:44.897228,s3-eth2,0.0029877471923828126,99.99701225280762
2025-11-26 11:08:45.898077,s1-eth1,0.0029877471923828126,99.99701225280762
2025-11-26 11:08:45.898180,s2-eth2,0.0029877471923828126,99.99701225280762
2025-11-26 11:08:45.898339,s3-eth2,0.0029877471923828126,99.99701225280762
2025-11-26 11:08:46.899214,s1-eth1,0.0029877471923828126,99.99701225280762
2025-11-26 11:08:46.899318,s2-eth2,0.0029877471923828126,99.99701225280762
2025-11-26 11:08:46.899476,s3-eth2,0.0029877471923828126,99.99701225280762
2025-11-26 11:08:47.900328,s1-eth1,0.0029877471923828126,99.99701225280762
2025-11-26 11:08:47.900431,s2-eth2,0.0029877471923828126,99.99701225280762
2025-11-26 11:08:47.900589,s3-eth2,0.0029877471923828126,99.99701225280762
2025-11-26 11:08:48.901440,s1-eth1,0.0029877471923828126,99.99701225280762
2025-11-26 11:08:48.901544,s2-eth2,0.0029877471923828126,99.99701225280762
2025-11-26 11:08:48.901689,s3-eth2,0.0029877471923828126,99.99701225280762
2025-11-26 11:08:49.902668,s1-eth1,0.0029877471923828126,99.99701225280762
2025-11-26 11:08:49.902772,s2-eth2,0.0029877471923828126,99.99701225280762
2025-11-26 11:08:49.902932,s3-eth2,0.0029877471923828126,99.99701225280762
2025-11-26 11:08:50.903788,s1-eth1,0.0029877471923828126,99.99701225280762
2025-11-26 11:08:50.903891,s2-eth2,0.0029877471923828126,99.99701225280762
2025-11-26 11:08:50.904037,s3-eth2,0.0029877471923828126,99.99701225280762
2025-11-26 11:08:51.904893,s1-eth1,0.0029877471923828126,99.99701225280762
2025-11-26 11:08:51.904997,s2-eth2,0.0029877471923828126,99.99701225280762
2025-11-26 11:08:51.905143,s3-eth2,0.0029877471923828126,99.99701225280762
2025-11-26 11:08:52.906002,s1-eth1,0.0036279296875,99.9963720703125
2025-11-26 11:08:52.906106,s2-eth2,0.0029877471923828126,99.99701225280762
2025-11-26 11:08:52.906254,s3-eth2,0.0029877471923828126,99.99701225280762
2025-11-26 11:08:53.907150,s1-eth1,0.0029877471923828126,99.99701225280762
2025-11-26 11:08:53.907253,s2-eth2,0.0029877471923828126,99.99701225280762
2025-11-26 11:08:53.907400,s3-eth2,0.0029877471923828126,99.99701225280762
2025-11-26 11:08:54.908273,s1-eth1,0.0036279296875,99.9963720703125
2025-11-26 11:08:54.908378,s2-eth2,0.0036279296875,99.9963720703125
2025-11-26 11:08:54.908524,s3-eth2,0.0036279296875,99.9963720703125
2025-11-26 11:08:55.909390,s1-eth1,0.0029877471923828126,99.99701225280762
2025-11-26 11:08:55.909493,s2-eth2,0.0029877471923828126,99.99701225280762
2025-11-26 11:08:55.909640,s3-eth2,0.0029877471923828126,99.99701225280762
2025-11-26 11:08:56.910502,s1-eth1,0.0029877471923828126,99.99701225280762
2025-11-26 11:08:56.910605,s2-eth2,0.0029877471923828126,99.99701225280762
2025-11-26 11:08:56.910751,s3-eth2,0.0029877471923828126,99.99701225280762
2025-11-26 11:08:57.911650,s1-eth1,0.0029877471923828126,99.99701225280762
2025-11-26 11:08:57.911754,s2-eth2,0.0029877471923828126,99.99701225280762
2025-11-26 11:08:57.911901,s3-eth2,0.0029877471923828126,99.99701225280762
2025-11-26 11:08:58.912752,s1-eth1,0.0029877471923828126,99.99701225280762
2025-11-26 11:08:58.912856,s2-eth2,0.0029877471923828126,99.99701225280762
2025-11-26 11:08:58.913002,s3-eth2,0.0029877471923828126,99.99701225280762
2025-11-26 11:08:59.913960,s1-eth1,0.0029877471923828126,99.99701225280762
2025-11-26 11:08:59.914064,s2-eth2,0.0029877471923828126,99.99701225280762
2025-11-26 11:08:59.914210,s3-eth2,0.0029877471923828126,99.99701225280762
2025-11-26 11:09:00.915114,s1-eth1,0.0029877471923828126,99.99701225280762
2025-11-26 11:09:00.915217,s2-eth2,0.0029877471923828126,99.99701225280762
2025-11-26 11:09:00.915364,s3-eth2,0.0029877471923828126,99.99701225280762
2025-11-26 11:09:01.916232,s1-eth1,0.0029877471923828126,99.99701225280762
2025-11-26 11:09:01.916337,s2-eth2,0.0029877471923828126,99.99701225280762
2025-11-26 11:09:01.916483,s3-eth2,0.0029877471923828126,99.99701225280762
2025-11-26 11:09:02.917339,s1-eth1,0.0029877471923828126,99.99701225280762
2025-11-26 11:09:02.917442,s2-eth2,0.0029877471923828126,99.99701225280762
2025-11-26 11:09:02.917589,s3-eth2,0.0029877471923828126,99.99701225280762
2025-11-26 11:09:03.918433,s1-eth1,0.0029877471923828126,99.99701225280762
2025-11-26 11:09:03.918549,s2-eth2,0.0029877471923828126,99.99701225280762
2025-11-26 11:09:03.918695,s3-eth2,0.0029877471923828126,99.99701225280762
2025-11-26 11:09:04.919623,s1-eth1,0.0029877471923828126,99.99701225280762
2025-11-26 11:09:04.919739,s2-eth2,0.0029877471923828126,99.99701225280762
2025-11-26 11:09:04.919885,s3-eth2,0.0029877471923828126,99.99701225280762
2025-11-26 11:09:05.920732,s1-eth1,0.0029877471923828126,99.99701225280762
2025-11-26 11:09:05.920850,s2-eth2,0.0036279296875,99.9963720703125
2025-11-26 11:09:05.920996,s3-eth2,0.0036279296875,99.9963720703125
2025-11-26 11:09:06.921844,s1-eth1,0.0036279296875,99.9963720703125
2025-11-26 11:09:06.921949,s2-eth2,0.0029877471923828126,99.99701225280762
2025-11-26 11:09:06.922108,s3-eth2,0.0029877471923828126,99.99701225280762
2025-11-26 11:09:07.922984,s1-eth1,0.0029877471923828126,99.99701225280762
2025-11-26 11:09:07.923088,s2-eth2,0.0029877471923828126,99.99701225280762
2025-11-26 11:09:07.923247,s3-eth2,0.0029877471923828126,99.99701225280762
2025-11-26 11:09:08.924084,s1-eth1,0.0029877471923828126,99.99701225280762
2025-11-26 11:09:08.924188,s2-eth2,0.0029877471923828126,99.99701225280762
2025-11-26 11:09:08.924346,s3-eth2,0.0029877471923828126,99.99701225280762
2025-11-26 11:09:09.925287,s1-eth1,0.0029877471923828126,99.99701225280762
2025-11-26 11:09:09.925390,s2-eth2,0.0029877471923828126,99.99701225280762
2025-11-26 11:09:09.925534,s3-eth2,0.0029877471923828126,99.99701225280762
2025-11-26 11:09:10.926400,s1-eth1,0.0029877471923828126,99.99701225280762
2025-11-26 11:09:10.926505,s2-eth2,0.0029877471923828126,99.99701225280762
2025-11-26 11:09:10.926652,s3-eth2,0.0029877471923828126,99.99701225280762
2025-11-26 11:09:11.927528,s1-eth1,0.0029877471923828126,99.99701225280762
2025-11-26 11:09:11.927632,s2-eth2,0.0036279296875,99.9963720703125
2025-11-26 11:09:11.927777,s3-eth2,0.0036279296875,99.9963720703125
2025-11-26 11:09:12.928612,s1-eth1,0.0029877471923828126,99.99701225280762
2025-11-26 11:09:12.928717,s2-eth2,0.0029877471923828126,99.99701225280762
2025-11-26 11:09:12.928863,s3-eth2,0.0029877471923828126,99.99701225280762
2025-11-26 11:09:13.929685,s1-eth1,0.0029877471923828126,99.99701225280762
2025-11-26 11:09:13.929788,s2-eth2,0.0029877471923828126,99.99701225280762
2025-11-26 11:09:13.929933,s3-eth2,0.0029877471923828126,99.99701225280762
2025-11-26 11:09:14.930877,s1-eth1,0.0029877471923828126,99.99701225280762
2025-11-26 11:09:14.930979,s2-eth2,0.0029877471923828126,99.99701225280762
2025-11-26 11:09:14.931124,s3-eth2,0.0029877471923828126,99.99701225280762
2025-11-26 11:09:15.931937,s1-eth1,0.0029877471923828126,99.99701225280762
2025-11-26 11:09:15.932040,s2-eth2,0.0029877471923828126,99.99701225280762
2025-11-26 11:09:15.932186,s3-eth2,0.0029877471923828126,99.99701225280762
2025-11-26 11:09:16.932997,s1-eth1,0.0029877471923828126,99.99701225280762
2025-11-26 11:09:16.933100,s2-eth2,0.0029877471923828126,99.99701225280762
2025-11-26 11:09:16.933245,s3-eth2,0.0029877471923828126,99.99701225280762
2025-11-26 11:09:17.934056,s1-eth1,0.0029877471923828126,99.99701225280762
2025-11-26 11:09:17.934159,s2-eth2,0.0029877471923828126,99.99701225280762
2025-11-26 11:09:17.934304,s3-eth2,0.0029877471923828126,99.99701225280762
2025-11-26 11:09:18.935135,s1-eth1,0.0029877471923828126,99.99701225280762
2025-11-26 11:09:18.935238,s2-eth2,0.0029877471923828126,99.99701225280762
2025-11-26 11:09:18.935383,s3-eth2,0.0029877471923828126,99.99701225280762
2025-11-26 11:09:19.936323,s1-eth1,0.0029877471923828126,99.99701225280762
2025-11-26 11:09:19.936426,s2-eth2,0.0029877471923828126,99.99701225280762
2025-11-26 11:09:19.936571,s3-eth2,0.0029877471923828126,99.99701225280762
2025-11-26 11:09:20.937394,s1-eth1,0.0036279296875,99.9963720703125
2025-11-26 11:09:20.937499,s2-eth2,0.0036279296875,99.9963720703125
2025-11-26 11:09:20.937643,s3-eth2,0.0036279296875,99.9963720703125
2025-11-26 11:09:21.938455,s1-eth1,0.0029877471923828126,99.99701225280762
2025-11-26 11:09:21.938557,s2-eth2,0.0029877471923828126,99.99701225280762
2025-11-26 11:09:21.938702,s3-eth2,0.0029877471923828126,99.99701225280762
2025-11-26 11:09:22.939528,s1-eth1,0.0029877471923828126,99.99701225280762
2025-11-26 11:09:22.939631,s2-eth2,0.0029877471923828126,99.99701225280762
2025-11-26 11:09:22.939776,s3-eth2,0.0029877471923828126,99.99701225280762
2025-11-26 11:09:23.940594,s1-eth1,0.0029877471923828126,99.99701225280762
2025-11-26 11:09:23.940697,s2-eth2,0.0029877471923828126,99.99701225280762
2025-11-26 11:09:23.940842,s3-eth2,0.0029877471923828126,99.99701225280762
2025-11-26 11:09:24.941744,s1-eth1,0.0029877471923828126,99.99701225280762
2025-11-26 11:09:24.941857,s2-eth2,0.0029877471923828126,99.99701225280762
2025-11-26 11:09:24.942001,s3-eth2,0.0029877471923828126,99.99701225280762
2025-11-26 11:09:25.942802,s1-eth1,0.0029877471923828126,99.99701225280762
2025-11-26 11:09:25.942928,s2-eth2,0.0029877471923828126,99.99701225280762
2025-11-26 11:09:25.943073,s3-eth2,0.0029877471923828126,99.99701225280762
2025-11-26 11:09:26.943874,s1-eth1,0.0029877471923828126,99.99701225280762
2025-11-26 11:09:26.943989,s2-eth2,0.0029877471923828126,99.99701225280762
2025-11-26 11:09:26.944133,s3-eth2,0.0029877471923828126,99.99701225280762
2025-11-26 11:09:27.944932,s1-eth1,0.0029877471923828126,99.99701225280762
2025-11-26 11:09:27.945034,s2-eth2,0.0029877471923828126,99.99701225280762
2025-11-26 11:09:27.945189,s3-eth2,0.0029877471923828126,99.99701225280762
2025-11-26 11:09:28.945983,s1-eth1,0.0029877471923828126,99.99701225280762
2025-11-26 11:09:28.946086,s2-eth2,0.0029877471923828126,99.99701225280762
2025-11-26 11:09:28.946241,s3-eth2,0.0029877471923828126,99.99701225280762
2025-11-26 11:09:29.947164,s1-eth1,0.0029877471923828126,99.99701225280762
2025-11-26 11:09:29.947267,s2-eth2,0.0029877471923828126,99.99701225280762
2025-11-26 11:09:29.947422,s3-eth2,0.0029877471923828126,99.99701225280762
2025-11-26 11:09:30.948221,s1-eth1,0.0029877471923828126,99.99701225280762
2025-11-26 11:09:30.948323,s2-eth2,0.0029877471923828126,99.99701225280762
2025-11-26 11:09:30.948466,s3-eth2,0.0029877471923828126,99.99701225280762
2025-11-26 11:09:31.949329,s1-eth1,0.0029877471923828126,99.99701225280762
2025-11-26 11:09:31.949433,s2-eth2,0.0029877471923828126,99.99701225280762
2025-11-26 11:09:31.949579,s3-eth2,0.0029877471923828126,99.99701225280762
2025-11-26 11:09:32.950411,s1-eth1,0.0029877471923828126,99.99701225280762
2025-11-26 11:09:32.950515,s2-eth2,0.0029877471923828126,99.99701225280762
2025-11-26 11:09:32.950660,s3-eth2,0.0029877471923828126,99.99701225280762
2025-11-26 11:09:33.951495,s1-eth1,0.0029877471923828126,99.99701225280762
2025-11-26 11:09:33.951599,s2-eth2,0.0029877471923828126,99.99701225280762
2025-11-26 11:09:33.951744,s3-eth2,0.0029877471923828126,99.99701225280762
2025-11-26 11:09:34.952679,s1-eth1,0.0029877471923828126,99.99701225280762
2025-11-26 11:09:34.952781,s2-eth2,0.0029877471923828126,99.99701225280762
2025-11-26 11:09:34.952926,s3-eth2,0.0029877471923828126,99.99701225280762
2025-11-26 11:09:35.953750,s1-eth1,0.0029877471923828126,99.99701225280762
2025-11-26 11:09:35.953853,s2-eth2,0.0029877471923828126,99.99701225280762
2025-11-26 11:09:35.953997,s3-eth2,0.0029877471923828126,99.99701225280762
2025-11-26 11:09:36.954815,s1-eth1,0.0029877471923828126,99.99701225280762
2025-11-26 11:09:36.954930,s2-eth2,0.0029877471923828126,99.99701225280762
2025-11-26 11:09:36.955074,s3-eth2,0.0029877471923828126,99.99701225280762
2025-11-26 11:09:37.955884,s1-eth1,0.0029877471923828126,99.99701225280762
2025-11-26 11:09:37.955986,s2-eth2,0.0029877471923828126,99.99701225280762
2025-11-26 11:09:37.956132,s3-eth2,0.0029877471923828126,99.99701225280762
2025-11-26 11:09:38.956948,s1-eth1,0.0036279296875,99.9963720703125
2025-11-26 11:09:38.957052,s2-eth2,0.0036279296875,99.9963720703125
2025-11-26 11:09:38.957197,s3-eth2,0.0036279296875,99.9963720703125
2025-11-26 11:09:39.958111,s1-eth1,0.0036279296875,99.9963720703125
2025-11-26 11:09:39.958215,s2-eth2,0.0029877471923828126,99.99701225280762
2025-11-26 11:09:39.958360,s3-eth2,0.0029877471923828126,99.99701225280762
2025-11-26 11:09:40.959183,s1-eth1,0.0029877471923828126,99.99701225280762
2025-11-26 11:09:40.959286,s2-eth2,0.0029877471923828126,99.99701225280762
2025-11-26 11:09:40.959431,s3-eth2,0.0029877471923828126,99.99701225280762
2025-11-26 11:09:41.960253,s1-eth1,0.0029877471923828126,99.99701225280762
2025-11-26 11:09:41.960358,s2-eth2,0.0029877471923828126,99.99701225280762
2025-11-26 11:09:41.960502,s3-eth2,0.0029877471923828126,99.99701225280762
2025-11-26 11:09:42.961322,s1-eth1,0.0029877471923828126,99.99701225280762
2025-11-26 11:09:42.961426,s2-eth2,0.0036279296875,99.9963720703125
2025-11-26 11:09:42.961571,s3-eth2,0.0036279296875,99.9963720703125
2025-11-26 11:09:43.962391,s1-eth1,0.0036279296875,99.9963720703125
2025-11-26 11:09:43.962495,s2-eth2,0.0029877471923828126,99.99701225280762
2025-11-26 11:09:43.962640,s3-eth2,0.0029877471923828126,99.99701225280762
2025-11-26 11:09:44.963475,s1-eth1,0.0029877471923828126,99.99701225280762
2025-11-26 11:09:44.963577,s2-eth2,0.0029877471923828126,99.99701225280762
2025-11-26 11:09:44.963721,s3-eth2,0.0029877471923828126,99.99701225280762
2025-11-26 11:09:45.964531,s1-eth1,0.0029877471923828126,99.99701225280762
2025-11-26 11:09:45.964634,s2-eth2,0.0029877471923828126,99.99701225280762
2025-11-26 11:09:45.964780,s3-eth2,0.0029877471923828126,99.99701225280762
2025-11-26 11:09:46.965581,s1-eth1,0.0029877471923828126,99.99701225280762
2025-11-26 11:09:46.965702,s2-eth2,0.0029877471923828126,99.99701225280762
2025-11-26 11:09:46.965847,s3-eth2,0.0029877471923828126,99.99701225280762
2025-11-26 11:09:47.966651,s1-eth1,0.0029877471923828126,99.99701225280762
2025-11-26 11:09:47.966764,s2-eth2,0.0029877471923828126,99.99701225280762
2025-11-26 11:09:47.966920,s3-eth2,0.0029877471923828126,99.99701225280762
2025-11-26 11:09:48.967725,s1-eth1,0.0029877471923828126,99.99701225280762
2025-11-26 11:09:48.967838,s2-eth2,0.0029877471923828126,99.99701225280762
2025-11-26 11:09:48.967982,s3-eth2,0.0029877471923828126,99.99701225280762
2025-11-26 11:09:49.968878,s1-eth1,0.0029877471923828126,99.99701225280762
2025-11-26 11:09:49.968981,s2-eth2,0.0029877471923828126,99.99701225280762
2025-11-26 11:09:49.969138,s3-eth2,0.0029877471923828126,99.99701225280762
2025-11-26 11:09:50.969944,s1-eth1,0.0029877471923828126,99.99701225280762
2025-11-26 11:09:50.970047,s2-eth2,0.0036279296875,99.9963720703125
2025-11-26 11:09:50.970203,s3-eth2,0.0036279296875,99.9963720703125
2025-11-26 11:09:51.971019,s1-eth1,0.0029877471923828126,99.99701225280762
2025-11-26 11:09:51.971122,s2-eth2,0.0029877471923828126,99.99701225280762
2025-11-26 11:09:51.971282,s3-eth2,0.0029877471923828126,99.99701225280762
2025-11-26 11:09:52.972083,s1-eth1,0.0029877471923828126,99.99701225280762
2025-11-26 11:09:52.972186,s2-eth2,0.0029877471923828126,99.99701225280762
2025-11-26 11:09:52.972331,s3-eth2,0.0029877471923828126,99.99701225280762
2025-11-26 11:09:53.973145,s1-eth1,0.0029877471923828126,99.99701225280762
2025-11-26 11:09:53.973249,s2-eth2,0.0029877471923828126,99.99701225280762
2025-11-26 11:09:53.973394,s3-eth2,0.0029877471923828126,99.99701225280762
2025-11-26 11:09:54.974333,s1-eth1,0.0029877471923828126,99.99701225280762
2025-11-26 11:09:54.974435,s2-eth2,0.0029877471923828126,99.99701225280762
2025-11-26 11:09:54.974581,s3-eth2,0.0029877471923828126,99.99701225280762
2025-11-26 11:09:55.975407,s1-eth1,0.0029877471923828126,99.99701225280762
2025-11-26 11:09:55.975509,s2-eth2,0.0029877471923828126,99.99701225280762
2025-11-26 11:09:55.975654,s3-eth2,0.0029877471923828126,99.99701225280762
2025-11-26 11:09:56.976463,s1-eth1,0.0029877471923828126,99.99701225280762
2025-11-26 11:09:56.976565,s2-eth2,0.0029877471923828126,99.99701225280762
2025-11-26 11:09:56.976709,s3-eth2,0.0029877471923828126,99.99701225280762
2025-11-26 11:09:57.977518,s1-eth1,0.0029877471923828126,99.99701225280762
2025-11-26 11:09:57.977621,s2-eth2,0.0029877471923828126,99.99701225280762
2025-11-26 11:09:57.977766,s3-eth2,0.0029877471923828126,99.99701225280762
2025-11-26 11:09:58.978575,s1-eth1,0.0029877471923828126,99.99701225280762
2025-11-26 11:09:58.978677,s2-eth2,0.0029877471923828126,99.99701225280762
2025-11-26 11:09:58.978820,s3-eth2,0.0029877471923828126,99.99701225280762
2025-11-26 11:09:59.979738,s1-eth1,0.0029877471923828126,99.99701225280762
2025-11-26 11:09:59.979843,s2-eth2,0.0029877471923828126,99.99701225280762
2025-11-26 11:09:59.979986,s3-eth2,0.0029877471923828126,99.99701225280762
2025-11-26 11:10:00.980808,s1-eth1,0.0029877471923828126,99.99701225280762
2025-11-26 11:10:00.980911,s2-eth2,0.0029877471923828126,99.99701225280762
2025-11-26 11:10:00.981056,s3-eth2,0.0029877471923828126,99.99701225280762
2025-11-26 11:10:01.981870,s1-eth1,0.0036279296875,99.9963720703125
2025-11-26 11:10:01.981974,s2-eth2,0.0036279296875,99.9963720703125
2025-11-26 11:10:01.982119,s3-eth2,0.0036279296875,99.9963720703125
2025-11-26 11:10:02.982942,s1-eth1,0.0029877471923828126,99.99701225280762
2025-11-26 11:10:02.983044,s2-eth2,0.0029877471923828126,99.99701225280762
2025-11-26 11:10:02.983188,s3-eth2,0.0029877471923828126,99.99701225280762
2025-11-26 11:10:03.983996,s1-eth1,0.0029877471923828126,99.99701225280762
2025-11-26 11:10:03.984098,s2-eth2,0.0029877471923828126,99.99701225280762
2025-11-26 11:10:03.984242,s3-eth2,0.0029877471923828126,99.99701225280762
2025-11-26 11:10:04.985061,s1-eth1,0.0029877471923828126,99.99701225280762
2025-11-26 11:10:04.985163,s2-eth2,0.0029877471923828126,99.99701225280762
2025-11-26 11:10:04.985307,s3-eth2,0.0029877471923828126,99.99701225280762
2025-11-26 11:10:05.986120,s1-eth1,0.0029877471923828126,99.99701225280762
2025-11-26 11:10:05.986223,s2-eth2,0.0029877471923828126,99.99701225280762
2025-11-26 11:10:05.986367,s3-eth2,0.0029877471923828126,99.99701225280762
2025-11-26 11:10:06.987183,s1-eth1,0.0029877471923828126,99.99701225280762
2025-11-26 11:10:06.987285,s2-eth2,0.0029877471923828126,99.99701225280762
2025-11-26 11:10:06.987430,s3-eth2,0.0029877471923828126,99.99701225280762
2025-11-26 11:10:07.988225,s1-eth1,0.0029877471923828126,99.99701225280762
2025-11-26 11:10:07.988343,s2-eth2,0.0029877471923828126,99.99701225280762
2025-11-26 11:10:07.988487,s3-eth2,0.0029877471923828126,99.99701225280762
2025-11-26 11:10:08.989315,s1-eth1,0.0029877471923828126,99.99701225280762
2025-11-26 11:10:08.989430,s2-eth2,0.0029877471923828126,99.99701225280762
2025-11-26 11:10:08.989575,s3-eth2,0.0029877471923828126,99.99701225280762
2025-11-26 11:10:09.990541,s1-eth1,0.0029877471923828126,99.99701225280762
2025-11-26 11:10:09.990658,s2-eth2,0.0029877471923828126,99.99701225280762
2025-11-26 11:10:09.990803,s3-eth2,0.0029877471923828126,99.99701225280762
2025-11-26 11:10:10.991664,s1-eth1,0.0029877471923828126,99.99701225280762
2025-11-26 11:10:10.991770,s2-eth2,0.0029877471923828126,99.99701225280762
2025-11-26 11:10:10.991927,s3-eth2,0.0029877471923828126,99.99701225280762
2025-11-26 11:10:11.992811,s1-eth1,0.0029877471923828126,99.99701225280762
2025-11-26 11:10:11.992914,s2-eth2,0.0029877471923828126,99.99701225280762
2025-11-26 11:10:11.993075,s3-eth2,0.0029877471923828126,99.99701225280762
2025-11-26 11:10:12.993932,s1-eth1,0.0029877471923828126,99.99701225280762
2025-11-26 11:10:12.994038,s2-eth2,0.0036279296875,99.9963720703125
2025-11-26 11:10:12.994196,s3-eth2,0.0036279296875,99.9963720703125
2025-11-26 11:10:13.995074,s1-eth1,0.0029877471923828126,99.99701225280762
2025-11-26 11:10:13.995177,s2-eth2,0.0029877471923828126,99.99701225280762
2025-11-26 11:10:13.995323,s3-eth2,0.0029877471923828126,99.99701225280762
2025-11-26 11:10:14.996300,s1-eth1,0.0029877471923828126,99.99701225280762
2025-11-26 11:10:14.996403,s2-eth2,0.0029877471923828126,99.99701225280762
2025-11-26 11:10:14.996549,s3-eth2,0.0029877471923828126,99.99701225280762
2025-11-26 11:10:15.997393,s1-eth1,0.0029877471923828126,99.99701225280762
2025-11-26 11:10:15.997497,s2-eth2,0.0029877471923828126,99.99701225280762
2025-11-26 11:10:15.997643,s3-eth2,0.0029877471923828126,99.99701225280762
2025-11-26 11:10:16.998492,s1-eth1,0.0029877471923828126,99.99701225280762
2025-11-26 11:10:16.998597,s2-eth2,0.0029877471923828126,99.99701225280762
2025-11-26 11:10:16.998743,s3-eth2,0.0029877471923828126,99.99701225280762
2025-11-26 11:10:17.999628,s1-eth1,0.0029877471923828126,99.99701225280762
2025-11-26 11:10:17.999732,s2-eth2,0.0029877471923828126,99.99701225280762
2025-11-26 11:10:17.999877,s3-eth2,0.0029877471923828126,99.99701225280762
2025-11-26 11:10:19.000741,s1-eth1,0.002984771728515625,99.99701522827148
2025-11-26 11:10:19.000845,s2-eth2,0.002984771728515625,99.99701522827148
2025-11-26 11:10:19.000991,s3-eth2,0.002984771728515625,99.99701522827148
2025-11-26 11:10:20.001862,s1-eth1,0.0029877471923828126,99.99701225280762
2025-11-26 11:10:20.001965,s2-eth2,0.0029877471923828126,99.99701225280762
2025-11-26 11:10:20.002112,s3-eth2,0.0029877471923828126,99.99701225280762
2025-11-26 11:10:21.002982,s1-eth1,0.0036279296875,99.9963720703125
2025-11-26 11:10:21.003087,s2-eth2,0.0029877471923828126,99.99701225280762
2025-11-26 11:10:21.003234,s3-eth2,0.0029877471923828126,99.99701225280762
2025-11-26 11:10:22.004101,s1-eth1,0.0036279296875,99.9963720703125
2025-11-26 11:10:22.004206,s2-eth2,0.0036279296875,99.9963720703125
2025-11-26 11:10:22.004352,s3-eth2,0.0036279296875,99.9963720703125
2025-11-26 11:10:23.005207,s1-eth1,0.0029877471923828126,99.99701225280762
2025-11-26 11:10:23.005310,s2-eth2,0.0029877471923828126,99.99701225280762
2025-11-26 11:10:23.005456,s3-eth2,0.0029877471923828126,99.99701225280762
2025-11-26 11:10:24.006301,s1-eth1,0.0029877471923828126,99.99701225280762
2025-11-26 11:10:24.006404,s2-eth2,0.0029877471923828126,99.99701225280762
2025-11-26 11:10:24.006549,s3-eth2,0.0029877471923828126,99.99701225280762
2025-11-26 11:10:25.007505,s1-eth1,0.0029877471923828126,99.99701225280762
2025-11-26 11:10:25.007608,s2-eth2,0.0029877471923828126,99.99701225280762
2025-11-26 11:10:25.007754,s3-eth2,0.0029877471923828126,99.99701225280762
2025-11-26 11:10:26.008593,s1-eth1,0.0029877471923828126,99.99701225280762
2025-11-26 11:10:26.008696,s2-eth2,0.0029877471923828126,99.99701225280762
2025-11-26 11:10:26.008841,s3-eth2,0.0029877471923828126,99.99701225280762
2025-11-26 11:10:27.009710,s1-eth1,0.0036279296875,99.9963720703125
2025-11-26 11:10:27.009815,s2-eth2,0.0029877471923828126,99.99701225280762
2025-11-26 11:10:27.009962,s3-eth2,0.0029877471923828126,99.99701225280762
2025-11-26 11:10:28.010813,s1-eth1,0.0029877471923828126,99.99701225280762
2025-11-26 11:10:28.010951,s2-eth2,0.0029877471923828126,99.99701225280762
2025-11-26 11:10:28.011099,s3-eth2,0.0029877471923828126,99.99701225280762
2025-11-26 11:10:29.011962,s1-eth1,0.0029877471923828126,99.99701225280762
2025-11-26 11:10:29.012066,s2-eth2,0.0029877471923828126,99.99701225280762
2025-11-26 11:10:29.012214,s3-eth2,0.0029877471923828126,99.99701225280762
2025-11-26 11:10:30.013175,s1-eth1,0.0029877471923828126,99.99701225280762
2025-11-26 11:10:30.013307,s2-eth2,0.0029877471923828126,99.99701225280762
2025-11-26 11:10:30.013453,s3-eth2,0.0029877471923828126,99.99701225280762
2025-11-26 11:10:31.014287,s1-eth1,0.0029877471923828126,99.99701225280762
2025-11-26 11:10:31.014404,s2-eth2,0.0029877471923828126,99.99701225280762
2025-11-26 11:10:31.014550,s3-eth2,0.0029877471923828126,99.99701225280762
2025-11-26 11:10:32.015419,s1-eth1,0.0029877471923828126,99.99701225280762
2025-11-26 11:10:32.015538,s2-eth2,0.0029877471923828126,99.99701225280762
2025-11-26 11:10:32.015685,s3-eth2,0.0029877471923828126,99.99701225280762
2025-11-26 11:10:33.016538,s1-eth1,0.0029877471923828126,99.99701225280762
2025-11-26 11:10:33.016642,s2-eth2,0.0029877471923828126,99.99701225280762
2025-11-26 11:10:33.016801,s3-eth2,0.0029877471923828126,99.99701225280762
2025-11-26 11:10:34.017661,s1-eth1,0.0029877471923828126,99.99701225280762
2025-11-26 11:10:34.017764,s2-eth2,0.0029877471923828126,99.99701225280762
2025-11-26 11:10:34.017928,s3-eth2,0.0029877471923828126,99.99701225280762
2025-11-26 11:10:35.018903,s1-eth1,0.0029877471923828126,99.99701225280762
2025-11-26 11:10:35.019007,s2-eth2,0.0029877471923828126,99.99701225280762
2025-11-26 11:10:35.019167,s3-eth2,0.0029877471923828126,99.99701225280762
2025-11-26 11:10:36.020023,s1-eth1,0.0029877471923828126,99.99701225280762
2025-11-26 11:10:36.020129,s2-eth2,0.0036279296875,99.9963720703125
2025-11-26 11:10:36.020275,s3-eth2,0.0036279296875,99.9963720703125
2025-11-26 11:10:37.021139,s1-eth1,0.0029877471923828126,99.99701225280762
2025-11-26 11:10:37.021242,s2-eth2,0.0029877471923828126,99.99701225280762
2025-11-26 11:10:37.021405,s3-eth2,0.0029877471923828126,99.99701225280762
2025-11-26 11:10:38.022285,s1-eth1,0.0029877471923828126,99.99701225280762
2025-11-26 11:10:38.022389,s2-eth2,0.0029877471923828126,99.99701225280762
2025-11-26 11:10:38.022537,s3-eth2,0.0029877471923828126,99.99701225280762
2025-11-26 11:10:39.023394,s1-eth1,0.0029877471923828126,99.99701225280762
2025-11-26 11:10:39.023498,s2-eth2,0.0029877471923828126,99.99701225280762
2025-11-26 11:10:39.023644,s3-eth2,0.0029877471923828126,99.99701225280762
2025-11-26 11:10:40.024635,s1-eth1,0.0029877471923828126,99.99701225280762
2025-11-26 11:10:40.024738,s2-eth2,0.0029877471923828126,99.99701225280762
2025-11-26 11:10:40.024884,s3-eth2,0.0029877471923828126,99.99701225280762
2025-11-26 11:10:41.025762,s1-eth1,0.0029877471923828126,99.99701225280762
2025-11-26 11:10:41.025868,s2-eth2,0.0029877471923828126,99.99701225280762
2025-11-26 11:10:41.026014,s3-eth2,0.0029877471923828126,99.99701225280762
2025-11-26 11:10:42.026900,s1-eth1,0.0029877471923828126,99.99701225280762
2025-11-26 11:10:42.027005,s2-eth2,0.0036279296875,99.9963720703125
2025-11-26 11:10:42.027152,s3-eth2,0.0036279296875,99.9963720703125
2025-11-26 11:10:43.028027,s1-eth1,0.0029877471923828126,99.99701225280762
2025-11-26 11:10:43.028130,s2-eth2,0.0029877471923828126,99.99701225280762
2025-11-26 11:10:43.028278,s3-eth2,0.0029877471923828126,99.99701225280762
2025-11-26 11:10:44.029150,s1-eth1,0.0036279296875,99.9963720703125
2025-11-26 11:10:44.029255,s2-eth2,0.0036279296875,99.9963720703125
2025-11-26 11:10:44.029402,s3-eth2,0.0036279296875,99.9963720703125
2025-11-26 11:10:45.030279,s1-eth1,0.0029877471923828126,99.99701225280762
2025-11-26 11:10:45.030384,s2-eth2,0.0029877471923828126,99.99701225280762
2025-11-26 11:10:45.030532,s3-eth2,0.0029877471923828126,99.99701225280762
2025-11-26 11:10:46.031397,s1-eth1,0.0029877471923828126,99.99701225280762
2025-11-26 11:10:46.031502,s2-eth2,0.0029877471923828126,99.99701225280762
2025-11-26 11:10:46.031650,s3-eth2,0.0029877471923828126,99.99701225280762
2025-11-26 11:10:47.032545,s1-eth1,0.0029877471923828126,99.99701225280762
2025-11-26 11:10:47.032649,s2-eth2,0.0029877471923828126,99.99701225280762
2025-11-26 11:10:47.032796,s3-eth2,0.0029877471923828126,99.99701225280762
2025-11-26 11:10:48.033675,s1-eth1,0.0029877471923828126,99.99701225280762
2025-11-26 11:10:48.033780,s2-eth2,0.0029877471923828126,99.99701225280762
2025-11-26 11:10:48.033928,s3-eth2,0.0029877471923828126,99.99701225280762
2025-11-26 11:10:49.034804,s1-eth1,0.0029877471923828126,99.99701225280762
2025-11-26 11:10:49.034978,s2-eth2,0.0029877471923828126,99.99701225280762
2025-11-26 11:10:49.035130,s3-eth2,0.0029877471923828126,99.99701225280762
2025-11-26 11:10:50.036017,s1-eth1,0.0029877471923828126,99.99701225280762
2025-11-26 11:10:50.036122,s2-eth2,0.0029877471923828126,99.99701225280762
2025-11-26 11:10:50.036270,s3-eth2,0.0029877471923828126,99.99701225280762
2025-11-26 11:10:51.037126,s1-eth1,0.0029877471923828126,99.99701225280762
2025-11-26 11:10:51.037245,s2-eth2,0.0029877471923828126,99.99701225280762
2025-11-26 11:10:51.037393,s3-eth2,0.0029877471923828126,99.99701225280762
2025-11-26 11:10:52.038245,s1-eth1,0.0029877471923828126,99.99701225280762
2025-11-26 11:10:52.038362,s2-eth2,0.0029877471923828126,99.99701225280762
2025-11-26 11:10:52.038509,s3-eth2,0.0029877471923828126,99.99701225280762
2025-11-26 11:10:53.039362,s1-eth1,0.0029877471923828126,99.99701225280762
2025-11-26 11:10:53.039479,s2-eth2,0.0029877471923828126,99.99701225280762
2025-11-26 11:10:53.039626,s3-eth2,0.0029877471923828126,99.99701225280762
2025-11-26 11:10:54.040477,s1-eth1,0.0029877471923828126,99.99701225280762
2025-11-26 11:10:54.040581,s2-eth2,0.0029877471923828126,99.99701225280762
2025-11-26 11:10:54.040741,s3-eth2,0.0029877471923828126,99.99701225280762
2025-11-26 11:10:55.041747,s1-eth1,0.0029877471923828126,99.99701225280762
2025-11-26 11:10:55.041851,s2-eth2,0.0029877471923828126,99.99701225280762
2025-11-26 11:10:55.042029,s3-eth2,0.0029877471923828126,99.99701225280762
2025-11-26 11:10:56.042914,s1-eth1,0.0029877471923828126,99.99701225280762
2025-11-26 11:10:56.043017,s2-eth2,0.0029877471923828126,99.99701225280762
2025-11-26 11:10:56.043190,s3-eth2,0.0029877471923828126,99.99701225280762
2025-11-26 11:10:57.044050,s1-eth1,0.0029877471923828126,99.99701225280762
2025-11-26 11:10:57.044154,s2-eth2,0.0029877471923828126,99.99701225280762
2025-11-26 11:10:57.044301,s3-eth2,0.0029877471923828126,99.99701225280762
2025-11-26 11:10:58.045184,s1-eth1,0.0036279296875,99.9963720703125
2025-11-26 11:10:58.045288,s2-eth2,0.0029877471923828126,99.99701225280762
2025-11-26 11:10:58.045435,s3-eth2,0.0029877471923828126,99.99701225280762
2025-11-26 11:10:59.046288,s1-eth1,0.0029877471923828126,99.99701225280762
2025-11-26 11:10:59.046392,s2-eth2,0.0029877471923828126,99.99701225280762
2025-11-26 11:10:59.046538,s3-eth2,0.0029877471923828126,99.99701225280762
2025-11-26 11:11:00.047529,s1-eth1,0.0029877471923828126,99.99701225280762
2025-11-26 11:11:00.047633,s2-eth2,0.0029877471923828126,99.99701225280762
2025-11-26 11:11:00.047778,s3-eth2,0.0029877471923828126,99.99701225280762
2025-11-26 11:11:01.048611,s1-eth1,0.0029877471923828126,99.99701225280762
2025-11-26 11:11:01.048715,s2-eth2,0.0029877471923828126,99.99701225280762
2025-11-26 11:11:01.048859,s3-eth2,0.0029877471923828126,99.99701225280762
2025-11-26 11:11:02.049683,s1-eth1,0.0029877471923828126,99.99701225280762
2025-11-26 11:11:02.049787,s2-eth2,0.0029877471923828126,99.99701225280762
2025-11-26 11:11:02.049931,s3-eth2,0.0029877471923828126,99.99701225280762
2025-11-26 11:11:03.050782,s1-eth1,0.0029877471923828126,99.99701225280762
2025-11-26 11:11:03.050899,s2-eth2,0.0029877471923828126,99.99701225280762
2025-11-26 11:11:03.051048,s3-eth2,0.0029877471923828126,99.99701225280762
2025-11-26 11:11:04.051905,s1-eth1,0.0033078765869140624,99.99669212341308
2025-11-26 11:11:04.052009,s2-eth2,0.0036279296875,99.9963720703125
2025-11-26 11:11:04.052156,s3-eth2,0.0036279296875,99.9963720703125
2025-11-26 11:11:05.053136,s1-eth1,0.0033078765869140624,99.99669212341308
2025-11-26 11:11:05.053239,s2-eth2,0.0029877471923828126,99.99701225280762
2025-11-26 11:11:05.053384,s3-eth2,0.0029877471923828126,99.99701225280762
2025-11-26 11:11:06.054242,s1-eth1,0.0029877471923828126,99.99701225280762
2025-11-26 11:11:06.054345,s2-eth2,0.0029877471923828126,99.99701225280762
2025-11-26 11:11:06.054492,s3-eth2,0.0029877471923828126,99.99701225280762
2025-11-26 11:11:07.055354,s1-eth1,0.0029877471923828126,99.99701225280762
2025-11-26 11:11:07.055458,s2-eth2,0.0029877471923828126,99.99701225280762
2025-11-26 11:11:07.055604,s3-eth2,0.0029877471923828126,99.99701225280762
2025-11-26 11:11:08.056433,s1-eth1,0.0029877471923828126,99.99701225280762
2025-11-26 11:11:08.056536,s2-eth2,0.0029877471923828126,99.99701225280762
2025-11-26 11:11:08.056681,s3-eth2,0.0029877471923828126,99.99701225280762
2025-11-26 11:11:09.057542,s1-eth1,0.0029877471923828126,99.99701225280762
2025-11-26 11:11:09.057646,s2-eth2,0.0029877471923828126,99.99701225280762
2025-11-26 11:11:09.057793,s3-eth2,0.0029877471923828126,99.99701225280762
2025-11-26 11:11:10.058712,s1-eth1,0.0029877471923828126,99.99701225280762
2025-11-26 11:11:10.058817,s2-eth2,0.0029877471923828126,99.99701225280762
2025-11-26 11:11:10.058976,s3-eth2,0.0029877471923828126,99.99701225280762
2025-11-26 11:11:11.059810,s1-eth1,0.0029877471923828126,99.99701225280762
2025-11-26 11:11:11.059913,s2-eth2,0.0029877471923828126,99.99701225280762
2025-11-26 11:11:11.060060,s3-eth2,0.0029877471923828126,99.99701225280762
2025-11-26 11:11:12.060911,s1-eth1,0.0029877471923828126,99.99701225280762
2025-11-26 11:11:12.061015,s2-eth2,0.0029877471923828126,99.99701225280762
2025-11-26 11:11:12.061162,s3-eth2,0.0029877471923828126,99.99701225280762
2025-11-26 11:11:13.062000,s1-eth1,0.0029877471923828126,99.99701225280762
2025-11-26 11:11:13.062118,s2-eth2,0.0036279296875,99.9963720703125
2025-11-26 11:11:13.062265,s3-eth2,0.0036279296875,99.9963720703125
2025-11-26 11:11:14.063087,s1-eth1,0.0029877471923828126,99.99701225280762
2025-11-26 11:11:14.063202,s2-eth2,0.0029877471923828126,99.99701225280762
2025-11-26 11:11:14.063346,s3-eth2,0.0029877471923828126,99.99701225280762
2025-11-26 11:11:15.064187,s1-eth1,0.0029877471923828126,99.99701225280762
2025-11-26 11:11:15.064302,s2-eth2,0.0029877471923828126,99.99701225280762
2025-11-26 11:11:15.064449,s3-eth2,0.0029877471923828126,99.99701225280762
2025-11-26 11:11:16.065278,s1-eth1,0.0029877471923828126,99.99701225280762
2025-11-26 11:11:16.065381,s2-eth2,0.0029877471923828126,99.99701225280762
2025-11-26 11:11:16.065537,s3-eth2,0.0029877471923828126,99.99701225280762
2025-11-26 11:11:17.066355,s1-eth1,0.0029877471923828126,99.99701225280762
2025-11-26 11:11:17.066459,s2-eth2,0.0029877471923828126,99.99701225280762
2025-11-26 11:11:17.066614,s3-eth2,0.0029877471923828126,99.99701225280762
2025-11-26 11:11:18.067494,s1-eth1,0.0036279296875,99.9963720703125
2025-11-26 11:11:18.067599,s2-eth2,0.0029877471923828126,99.99701225280762
2025-11-26 11:11:18.067758,s3-eth2,0.0029877471923828126,99.99701225280762
2025-11-26 11:11:19.068579,s1-eth1,0.0029877471923828126,99.99701225280762
2025-11-26 11:11:19.068683,s2-eth2,0.0029877471923828126,99.99701225280762
2025-11-26 11:11:19.068828,s3-eth2,0.0029877471923828126,99.99701225280762
2025-11-26 11:11:20.069812,s1-eth1,0.0029877471923828126,99.99701225280762
2025-11-26 11:11:20.069915,s2-eth2,0.0029877471923828126,99.99701225280762
2025-11-26 11:11:20.070062,s3-eth2,0.0029877471923828126,99.99701225280762
2025-11-26 11:11:21.070938,s1-eth1,0.0029877471923828126,99.99701225280762
2025-11-26 11:11:21.071041,s2-eth2,0.0029877471923828126,99.99701225280762
2025-11-26 11:11:21.071187,s3-eth2,0.0029877471923828126,99.99701225280762
2025-11-26 11:11:22.072027,s1-eth1,0.0029877471923828126,99.99701225280762
2025-11-26 11:11:22.072130,s2-eth2,0.0029877471923828126,99.99701225280762
2025-11-26 11:11:22.072276,s3-eth2,0.0029877471923828126,99.99701225280762
2025-11-26 11:11:23.073107,s1-eth1,0.0029877471923828126,99.99701225280762
2025-11-26 11:11:23.073211,s2-eth2,0.0029877471923828126,99.99701225280762
2025-11-26 11:11:23.073356,s3-eth2,0.0029877471923828126,99.99701225280762
2025-11-26 11:11:24.074201,s1-eth1,0.0036279296875,99.9963720703125
2025-11-26 11:11:24.074305,s2-eth2,0.0036279296875,99.9963720703125
2025-11-26 11:11:24.074451,s3-eth2,0.0036279296875,99.9963720703125
2025-11-26 11:11:25.075296,s1-eth1,0.0029877471923828126,99.99701225280762
2025-11-26 11:11:25.075400,s2-eth2,0.0036279296875,99.9963720703125
2025-11-26 11:11:25.075545,s3-eth2,0.0036279296875,99.9963720703125
2025-11-26 11:11:26.076380,s1-eth1,0.0029877471923828126,99.99701225280762
2025-11-26 11:11:26.076484,s2-eth2,0.0029877471923828126,99.99701225280762
2025-11-26 11:11:26.076628,s3-eth2,0.0029877471923828126,99.99701225280762
2025-11-26 11:11:27.077449,s1-eth1,0.0029877471923828126,99.99701225280762
2025-11-26 11:11:27.077551,s2-eth2,0.0029877471923828126,99.99701225280762
2025-11-26 11:11:27.077696,s3-eth2,0.0029877471923828126,99.99701225280762
2025-11-26 11:11:28.078518,s1-eth1,0.0029877471923828126,99.99701225280762
2025-11-26 11:11:28.078621,s2-eth2,0.0029877471923828126,99.99701225280762
2025-11-26 11:11:28.078765,s3-eth2,0.0029877471923828126,99.99701225280762
2025-11-26 11:11:29.079600,s1-eth1,0.0029877471923828126,99.99701225280762
2025-11-26 11:11:29.079703,s2-eth2,0.0029877471923828126,99.99701225280762
2025-11-26 11:11:29.079848,s3-eth2,0.0029877471923828126,99.99701225280762
2025-11-26 11:11:30.080790,s1-eth1,0.0029877471923828126,99.99701225280762
2025-11-26 11:11:30.080894,s2-eth2,0.0029877471923828126,99.99701225280762
2025-11-26 11:11:30.081039,s3-eth2,0.0029877471923828126,99.99701225280762
2025-11-26 11:11:31.081871,s1-eth1,0.0029877471923828126,99.99701225280762
2025-11-26 11:11:31.081974,s2-eth2,0.0029877471923828126,99.99701225280762
2025-11-26 11:11:31.082119,s3-eth2,0.0029877471923828126,99.99701225280762
2025-11-26 11:11:32.083007,s1-eth1,0.0029877471923828126,99.99701225280762
2025-11-26 11:11:32.083111,s2-eth2,0.0029877471923828126,99.99701225280762
2025-11-26 11:11:32.083257,s3-eth2,0.0029877471923828126,99.99701225280762
2025-11-26 11:11:33.084104,s1-eth1,0.0029877471923828126,99.99701225280762
2025-11-26 11:11:33.084207,s2-eth2,0.0029877471923828126,99.99701225280762
2025-11-26 11:11:33.084353,s3-eth2,0.0029877471923828126,99.99701225280762
2025-11-26 11:11:34.085169,s1-eth1,0.0029877471923828126,99.99701225280762
2025-11-26 11:11:34.085284,s2-eth2,0.0029877471923828126,99.99701225280762
2025-11-26 11:11:34.085430,s3-eth2,0.0029877471923828126,99.99701225280762
2025-11-26 11:11:35.086309,s1-eth1,0.0036279296875,99.9963720703125
2025-11-26 11:11:35.086426,s2-eth2,0.0029877471923828126,99.99701225280762
2025-11-26 11:11:35.086572,s3-eth2,0.0029877471923828126,99.99701225280762
2025-11-26 11:11:36.087390,s1-eth1,0.0029877471923828126,99.99701225280762
2025-11-26 11:11:36.087512,s2-eth2,0.0029877471923828126,99.99701225280762
2025-11-26 11:11:36.087658,s3-eth2,0.0029877471923828126,99.99701225280762
2025-11-26 11:11:37.088477,s1-eth1,0.0029877471923828126,99.99701225280762
2025-11-26 11:11:37.088580,s2-eth2,0.0029877471923828126,99.99701225280762
2025-11-26 11:11:37.088737,s3-eth2,0.0029877471923828126,99.99701225280762
2025-11-26 11:11:38.089540,s1-eth1,0.0029877471923828126,99.99701225280762
2025-11-26 11:11:38.089644,s2-eth2,0.0029877471923828126,99.99701225280762
2025-11-26 11:11:38.089799,s3-eth2,0.0029877471923828126,99.99701225280762
2025-11-26 11:11:39.090633,s1-eth1,0.0029877471923828126,99.99701225280762
2025-11-26 11:11:39.090737,s2-eth2,0.0036279296875,99.9963720703125
2025-11-26 11:11:39.090908,s3-eth2,0.0036279296875,99.9963720703125
2025-11-26 11:11:40.091802,s1-eth1,0.0029877471923828126,99.99701225280762
2025-11-26 11:11:40.091905,s2-eth2,0.0029877471923828126,99.99701225280762
2025-11-26 11:11:40.092050,s3-eth2,0.0029877471923828126,99.99701225280762
2025-11-26 11:11:41.092883,s1-eth1,0.0029877471923828126,99.99701225280762
2025-11-26 11:11:41.092985,s2-eth2,0.0029877471923828126,99.99701225280762
2025-11-26 11:11:41.093131,s3-eth2,0.0029877471923828126,99.99701225280762
2025-11-26 11:11:42.093982,s1-eth1,0.0029877471923828126,99.99701225280762
2025-11-26 11:11:42.094085,s2-eth2,0.0029877471923828126,99.99701225280762
2025-11-26 11:11:42.094230,s3-eth2,0.0029877471923828126,99.99701225280762
2025-11-26 11:11:43.095065,s1-eth1,0.0029877471923828126,99.99701225280762
2025-11-26 11:11:43.095168,s2-eth2,0.0029877471923828126,99.99701225280762
2025-11-26 11:11:43.095312,s3-eth2,0.0029877471923828126,99.99701225280762
2025-11-26 11:11:44.096141,s1-eth1,0.0029877471923828126,99.99701225280762
2025-11-26 11:11:44.096243,s2-eth2,0.0029877471923828126,99.99701225280762
2025-11-26 11:11:44.096387,s3-eth2,0.0029877471923828126,99.99701225280762
2025-11-26 11:11:45.097219,s1-eth1,0.0029877471923828126,99.99701225280762
2025-11-26 11:11:45.097321,s2-eth2,0.0029877471923828126,99.99701225280762
2025-11-26 11:11:45.097466,s3-eth2,0.0029877471923828126,99.99701225280762
2025-11-26 11:11:46.098299,s1-eth1,0.0029877471923828126,99.99701225280762
2025-11-26 11:11:46.098403,s2-eth2,0.0029877471923828126,99.99701225280762
2025-11-26 11:11:46.098548,s3-eth2,0.0029877471923828126,99.99701225280762
2025-11-26 11:11:47.099371,s1-eth1,0.0036279296875,99.9963720703125
2025-11-26 11:11:47.099475,s2-eth2,0.0036279296875,99.9963720703125
2025-11-26 11:11:47.099619,s3-eth2,0.0036279296875,99.9963720703125
2025-11-26 11:11:48.100467,s1-eth1,0.0029877471923828126,99.99701225280762
2025-11-26 11:11:48.100569,s2-eth2,0.0029877471923828126,99.99701225280762
2025-11-26 11:11:48.100714,s3-eth2,0.0029877471923828126,99.99701225280762
2025-11-26 11:11:49.101540,s1-eth1,0.0029877471923828126,99.99701225280762
2025-11-26 11:11:49.101643,s2-eth2,0.0029877471923828126,99.99701225280762
2025-11-26 11:11:49.101787,s3-eth2,0.0029877471923828126,99.99701225280762
2025-11-26 11:11:50.102673,s1-eth1,0.0029877471923828126,99.99701225280762
2025-11-26 11:11:50.102776,s2-eth2,0.0029877471923828126,99.99701225280762
2025-11-26 11:11:50.102934,s3-eth2,0.0029877471923828126,99.99701225280762
2025-11-26 11:11:51.103756,s1-eth1,0.0029877471923828126,99.99701225280762
2025-11-26 11:11:51.103858,s2-eth2,0.0029877471923828126,99.99701225280762
2025-11-26 11:11:51.104003,s3-eth2,0.0029877471923828126,99.99701225280762
2025-11-26 11:11:52.104822,s1-eth1,0.0036279296875,99.9963720703125
2025-11-26 11:11:52.104926,s2-eth2,0.0036279296875,99.9963720703125
2025-11-26 11:11:52.105071,s3-eth2,0.0036279296875,99.9963720703125
2025-11-26 11:11:53.105892,s1-eth1,0.0029877471923828126,99.99701225280762
2025-11-26 11:11:53.105995,s2-eth2,0.0029877471923828126,99.99701225280762
2025-11-26 11:11:53.106139,s3-eth2,0.0029877471923828126,99.99701225280762
2025-11-26 11:11:54.107004,s1-eth1,0.0029877471923828126,99.99701225280762
2025-11-26 11:11:54.107108,s2-eth2,0.0029877471923828126,99.99701225280762
2025-11-26 11:11:54.107252,s3-eth2,0.0029877471923828126,99.99701225280762
2025-11-26 11:11:55.108114,s1-eth1,0.0029877471923828126,99.99701225280762
2025-11-26 11:11:55.108229,s2-eth2,0.0029877471923828126,99.99701225280762
2025-11-26 11:11:55.108373,s3-eth2,0.0029877471923828126,99.99701225280762
2025-11-26 11:11:56.109203,s1-eth1,0.0029877471923828126,99.99701225280762
2025-11-26 11:11:56.109322,s2-eth2,0.0029877471923828126,99.99701225280762
2025-11-26 11:11:56.109467,s3-eth2,0.0029877471923828126,99.99701225280762
2025-11-26 11:11:57.110286,s1-eth1,0.0029877471923828126,99.99701225280762
2025-11-26 11:11:57.110402,s2-eth2,0.0029877471923828126,99.99701225280762
2025-11-26 11:11:57.110547,s3-eth2,0.0029877471923828126,99.99701225280762
2025-11-26 11:11:58.111437,s1-eth1,0.0029877471923828126,99.99701225280762
2025-11-26 11:11:58.111540,s2-eth2,0.0029877471923828126,99.99701225280762
2025-11-26 11:11:58.111696,s3-eth2,0.0029877471923828126,99.99701225280762
2025-11-26 11:11:59.112501,s1-eth1,0.0029877471923828126,99.99701225280762
2025-11-26 11:11:59.112604,s2-eth2,0.0029877471923828126,99.99701225280762
2025-11-26 11:11:59.112761,s3-eth2,0.0029877471923828126,99.99701225280762
2025-11-26 11:12:00.113702,s1-eth1,0.0029877471923828126,99.99701225280762
2025-11-26 11:12:00.113806,s2-eth2,0.0029877471923828126,99.99701225280762
2025-11-26 11:12:00.113964,s3-eth2,0.0029877471923828126,99.99701225280762
2025-11-26 11:12:01.114792,s1-eth1,0.0029877471923828126,99.99701225280762
2025-11-26 11:12:01.114928,s2-eth2,0.0029877471923828126,99.99701225280762
2025-11-26 11:12:01.115089,s3-eth2,0.0029877471923828126,99.99701225280762
2025-11-26 11:12:02.115906,s1-eth1,0.0029877471923828126,99.99701225280762
2025-11-26 11:12:02.116009,s2-eth2,0.0029877471923828126,99.99701225280762
2025-11-26 11:12:02.116154,s3-eth2,0.0029877471923828126,99.99701225280762
2025-11-26 11:12:03.116982,s1-eth1,0.0029877471923828126,99.99701225280762
2025-11-26 11:12:03.117085,s2-eth2,0.0029877471923828126,99.99701225280762
2025-11-26 11:12:03.117230,s3-eth2,0.0029877471923828126,99.99701225280762
2025-11-26 11:12:04.118071,s1-eth1,0.0029877471923828126,99.99701225280762
2025-11-26 11:12:04.118174,s2-eth2,0.0036279296875,99.9963720703125
2025-11-26 11:12:04.118319,s3-eth2,0.0036279296875,99.9963720703125
2025-11-26 11:12:05.119347,s1-eth1,0.0029877471923828126,99.99701225280762
2025-11-26 11:12:05.119452,s2-eth2,0.0029877471923828126,99.99701225280762
2025-11-26 11:12:05.119599,s3-eth2,0.0029877471923828126,99.99701225280762
2025-11-26 11:12:06.120484,s1-eth1,0.0029877471923828126,99.99701225280762
2025-11-26 11:12:06.120589,s2-eth2,0.0029877471923828126,99.99701225280762
2025-11-26 11:12:06.120735,s3-eth2,0.0029877471923828126,99.99701225280762
2025-11-26 11:12:07.121597,s1-eth1,0.0036279296875,99.9963720703125
2025-11-26 11:12:07.121701,s2-eth2,0.0029877471923828126,99.99701225280762
2025-11-26 11:12:07.121849,s3-eth2,0.0029877471923828126,99.99701225280762
2025-11-26 11:12:08.122704,s1-eth1,0.0029877471923828126,99.99701225280762
2025-11-26 11:12:08.122808,s2-eth2,0.0029877471923828126,99.99701225280762
2025-11-26 11:12:08.122968,s3-eth2,0.0029877471923828126,99.99701225280762
2025-11-26 11:12:09.123802,s1-eth1,0.0029877471923828126,99.99701225280762
2025-11-26 11:12:09.123905,s2-eth2,0.0029877471923828126,99.99701225280762
2025-11-26 11:12:09.124050,s3-eth2,0.0029877471923828126,99.99701225280762
2025-11-26 11:12:10.124947,s1-eth1,0.0036279296875,99.9963720703125
2025-11-26 11:12:10.125052,s2-eth2,0.0029877471923828126,99.99701225280762
2025-11-26 11:12:10.125198,s3-eth2,0.0029877471923828126,99.99701225280762
2025-11-26 11:12:11.126049,s1-eth1,0.0029877471923828126,99.99701225280762
2025-11-26 11:12:11.126152,s2-eth2,0.0029877471923828126,99.99701225280762
2025-11-26 11:12:11.126297,s3-eth2,0.0029877471923828126,99.99701225280762
2025-11-26 11:12:12.127169,s1-eth1,0.0029877471923828126,99.99701225280762
2025-11-26 11:12:12.127272,s2-eth2,0.0029877471923828126,99.99701225280762
2025-11-26 11:12:12.127417,s3-eth2,0.0029877471923828126,99.99701225280762
2025-11-26 11:12:13.128258,s1-eth1,0.0029877471923828126,99.99701225280762
2025-11-26 11:12:13.128362,s2-eth2,0.0029877471923828126,99.99701225280762
2025-11-26 11:12:13.128507,s3-eth2,0.0029877471923828126,99.99701225280762
2025-11-26 11:12:14.129348,s1-eth1,0.0029877471923828126,99.99701225280762
2025-11-26 11:12:14.129453,s2-eth2,0.0036279296875,99.9963720703125
2025-11-26 11:12:14.129597,s3-eth2,0.0036279296875,99.9963720703125
2025-11-26 11:12:15.130582,s1-eth1,0.0029877471923828126,99.99701225280762
2025-11-26 11:12:15.130686,s2-eth2,0.0029877471923828126,99.99701225280762
2025-11-26 11:12:15.130832,s3-eth2,0.0029877471923828126,99.99701225280762
2025-11-26 11:12:16.131715,s1-eth1,0.0029877471923828126,99.99701225280762
2025-11-26 11:12:16.131819,s2-eth2,0.0029877471923828126,99.99701225280762
2025-11-26 11:12:16.131966,s3-eth2,0.0029877471923828126,99.99701225280762
2025-11-26 11:12:17.132506,s1-eth1,0.003631591796875,99.99636840820312
2025-11-26 11:12:17.132550,s2-eth2,0.003631591796875,99.99636840820312
2025-11-26 11:12:17.132604,s3-eth2,0.003631591796875,99.99636840820312
2025-11-26 11:12:18.133012,s1-eth1,0.00299072265625,99.99700927734375
2025-11-26 11:12:18.133130,s2-eth2,0.00299072265625,99.99700927734375
2025-11-26 11:12:18.133276,s3-eth2,0.00299072265625,99.99700927734375
2025-11-26 11:12:19.134119,s1-eth1,0.0029877471923828126,99.99701225280762
2025-11-26 11:12:19.134236,s2-eth2,0.0029877471923828126,99.99701225280762
2025-11-26 11:12:19.134382,s3-eth2,0.0029877471923828126,99.99701225280762
2025-11-26 11:12:20.135345,s1-eth1,0.0029877471923828126,99.99701225280762
2025-11-26 11:12:20.135450,s2-eth2,0.0029877471923828126,99.99701225280762
2025-11-26 11:12:20.135612,s3-eth2,0.0029877471923828126,99.99701225280762
2025-11-26 11:12:21.136455,s1-eth1,0.0029877471923828126,99.99701225280762
2025-11-26 11:12:21.136558,s2-eth2,0.0029877471923828126,99.99701225280762
2025-11-26 11:12:21.136717,s3-eth2,0.0029877471923828126,99.99701225280762
2025-11-26 11:12:22.137576,s1-eth1,0.0029877471923828126,99.99701225280762
2025-11-26 11:12:22.137681,s2-eth2,0.0029877471923828126,99.99701225280762
2025-11-26 11:12:22.137843,s3-eth2,0.0029877471923828126,99.99701225280762
2025-11-26 11:12:23.138675,s1-eth1,0.0029877471923828126,99.99701225280762
2025-11-26 11:12:23.138777,s2-eth2,0.0029877471923828126,99.99701225280762
2025-11-26 11:12:23.138937,s3-eth2,0.0029877471923828126,99.99701225280762
2025-11-26 11:12:24.139780,s1-eth1,0.0029877471923828126,99.99701225280762
2025-11-26 11:12:24.139883,s2-eth2,0.0029877471923828126,99.99701225280762
2025-11-26 11:12:24.140029,s3-eth2,0.0029877471923828126,99.99701225280762
2025-11-26 11:12:25.141030,s1-eth1,0.0029877471923828126,99.99701225280762
2025-11-26 11:12:25.141134,s2-eth2,0.0029877471923828126,99.99701225280762
2025-11-26 11:12:25.141279,s3-eth2,0.0029877471923828126,99.99701225280762
2025-11-26 11:12:26.142119,s1-eth1,0.0029877471923828126,99.99701225280762
2025-11-26 11:12:26.142222,s2-eth2,0.0029877471923828126,99.99701225280762
2025-11-26 11:12:26.142367,s3-eth2,0.0029877471923828126,99.99701225280762
2025-11-26 11:12:27.143209,s1-eth1,0.0029877471923828126,99.99701225280762
2025-11-26 11:12:27.143312,s2-eth2,0.0029877471923828126,99.99701225280762
2025-11-26 11:12:27.143458,s3-eth2,0.0029877471923828126,99.99701225280762
2025-11-26 11:12:28.144283,s1-eth1,0.0029877471923828126,99.99701225280762
2025-11-26 11:12:28.144386,s2-eth2,0.0029877471923828126,99.99701225280762
2025-11-26 11:12:28.144531,s3-eth2,0.0029877471923828126,99.99701225280762
2025-11-26 11:12:29.145351,s1-eth1,0.0029877471923828126,99.99701225280762
2025-11-26 11:12:29.145455,s2-eth2,0.0029877471923828126,99.99701225280762
2025-11-26 11:12:29.145601,s3-eth2,0.0029877471923828126,99.99701225280762
2025-11-26 11:12:30.146594,s1-eth1,0.0029877471923828126,99.99701225280762
2025-11-26 11:12:30.146699,s2-eth2,0.0036279296875,99.9963720703125
2025-11-26 11:12:30.146857,s3-eth2,0.0036279296875,99.9963720703125
2025-11-26 11:12:31.147699,s1-eth1,0.0029877471923828126,99.99701225280762
2025-11-26 11:12:31.147802,s2-eth2,0.0029877471923828126,99.99701225280762
2025-11-26 11:12:31.147947,s3-eth2,0.0029877471923828126,99.99701225280762
2025-11-26 11:12:32.148767,s1-eth1,0.0036279296875,99.9963720703125
2025-11-26 11:12:32.148871,s2-eth2,0.0036279296875,99.9963720703125
2025-11-26 11:12:32.149016,s3-eth2,0.0036279296875,99.9963720703125
2025-11-26 11:12:33.149837,s1-eth1,0.0029877471923828126,99.99701225280762
2025-11-26 11:12:33.149940,s2-eth2,0.0029877471923828126,99.99701225280762
2025-11-26 11:12:33.150084,s3-eth2,0.0029877471923828126,99.99701225280762
2025-11-26 11:12:34.150932,s1-eth1,0.0029877471923828126,99.99701225280762
2025-11-26 11:12:34.151035,s2-eth2,0.0029877471923828126,99.99701225280762
2025-11-26 11:12:34.151178,s3-eth2,0.0029877471923828126,99.99701225280762
2025-11-26 11:12:35.152108,s1-eth1,0.0029877471923828126,99.99701225280762
2025-11-26 11:12:35.152210,s2-eth2,0.0029877471923828126,99.99701225280762
2025-11-26 11:12:35.152353,s3-eth2,0.0029877471923828126,99.99701225280762
2025-11-26 11:12:36.153170,s1-eth1,0.0029877471923828126,99.99701225280762
2025-11-26 11:12:36.153273,s2-eth2,0.0029877471923828126,99.99701225280762
2025-11-26 11:12:36.153417,s3-eth2,0.0029877471923828126,99.99701225280762
2025-11-26 11:12:37.154231,s1-eth1,0.0029877471923828126,99.99701225280762
2025-11-26 11:12:37.154334,s2-eth2,0.0029877471923828126,99.99701225280762
2025-11-26 11:12:37.154480,s3-eth2,0.0029877471923828126,99.99701225280762
2025-11-26 11:12:38.155306,s1-eth1,0.0029877471923828126,99.99701225280762
2025-11-26 11:12:38.155420,s2-eth2,0.0029877471923828126,99.99701225280762
2025-11-26 11:12:38.155564,s3-eth2,0.0029877471923828126,99.99701225280762
2025-11-26 11:12:39.156379,s1-eth1,0.0029877471923828126,99.99701225280762
2025-11-26 11:12:39.156493,s2-eth2,0.0029877471923828126,99.99701225280762
2025-11-26 11:12:39.156637,s3-eth2,0.0029877471923828126,99.99701225280762
2025-11-26 11:12:40.157534,s1-eth1,0.0036279296875,99.9963720703125
2025-11-26 11:12:40.157649,s2-eth2,0.0029877471923828126,99.99701225280762
2025-11-26 11:12:40.157795,s3-eth2,0.0029877471923828126,99.99701225280762
2025-11-26 11:12:41.158607,s1-eth1,0.0029877471923828126,99.99701225280762
2025-11-26 11:12:41.158710,s2-eth2,0.0029877471923828126,99.99701225280762
2025-11-26 11:12:41.158899,s3-eth2,0.0029877471923828126,99.99701225280762
2025-11-26 11:12:42.159707,s1-eth1,0.0036279296875,99.9963720703125
2025-11-26 11:12:42.159810,s2-eth2,0.0036279296875,99.9963720703125
2025-11-26 11:12:42.159966,s3-eth2,0.0036279296875,99.9963720703125
2025-11-26 11:12:43.160774,s1-eth1,0.0029877471923828126,99.99701225280762
2025-11-26 11:12:43.160876,s2-eth2,0.0029877471923828126,99.99701225280762
2025-11-26 11:12:43.161032,s3-eth2,0.0029877471923828126,99.99701225280762
2025-11-26 11:12:44.161868,s1-eth1,0.0029877471923828126,99.99701225280762
2025-11-26 11:12:44.161972,s2-eth2,0.0029877471923828126,99.99701225280762
2025-11-26 11:12:44.162130,s3-eth2,0.0029877471923828126,99.99701225280762
2025-11-26 11:12:45.163097,s1-eth1,0.0029877471923828126,99.99701225280762
2025-11-26 11:12:45.163200,s2-eth2,0.0029877471923828126,99.99701225280762
2025-11-26 11:12:45.163345,s3-eth2,0.0029877471923828126,99.99701225280762
2025-11-26 11:12:46.164165,s1-eth1,0.0029877471923828126,99.99701225280762
2025-11-26 11:12:46.164267,s2-eth2,0.0029877471923828126,99.99701225280762
2025-11-26 11:12:46.164412,s3-eth2,0.0029877471923828126,99.99701225280762
2025-11-26 11:12:47.164990,s1-eth1,0.00299072265625,99.99700927734375
2025-11-26 11:12:47.165027,s2-eth2,0.00299072265625,99.99700927734375
2025-11-26 11:12:47.165088,s3-eth2,0.00299072265625,99.99700927734375
2025-11-26 11:12:48.165474,s1-eth1,0.00299072265625,99.99700927734375
2025-11-26 11:12:48.165513,s2-eth2,0.00299072265625,99.99700927734375
2025-11-26 11:12:48.165567,s3-eth2,0.00299072265625,99.99700927734375
2025-11-26 11:12:49.165945,s1-eth1,0.00299072265625,99.99700927734375
2025-11-26 11:12:49.165983,s2-eth2,0.00299072265625,99.99700927734375
2025-11-26 11:12:49.166037,s3-eth2,0.00299072265625,99.99700927734375
2025-11-26 11:12:50.166522,s1-eth1,0.00299072265625,99.99700927734375
2025-11-26 11:12:50.166560,s2-eth2,0.00299072265625,99.99700927734375
2025-11-26 11:12:50.166614,s3-eth2,0.00299072265625,99.99700927734375
2025-11-26 11:12:51.167298,s1-eth1,0.00299072265625,99.99700927734375
2025-11-26 11:12:51.167401,s2-eth2,0.00299072265625,99.99700927734375
2025-11-26 11:12:51.167545,s3-eth2,0.00299072265625,99.99700927734375
2025-11-26 11:12:52.168373,s1-eth1,0.0029877471923828126,99.99701225280762
2025-11-26 11:12:52.168477,s2-eth2,0.0029877471923828126,99.99701225280762
2025-11-26 11:12:52.168622,s3-eth2,0.0029877471923828126,99.99701225280762
2025-11-26 11:12:53.169445,s1-eth1,0.0029877471923828126,99.99701225280762
2025-11-26 11:12:53.169548,s2-eth2,0.0029877471923828126,99.99701225280762
2025-11-26 11:12:53.169692,s3-eth2,0.0029877471923828126,99.99701225280762
2025-11-26 11:12:54.170503,s1-eth1,0.0029877471923828126,99.99701225280762
2025-11-26 11:12:54.170607,s2-eth2,0.0029877471923828126,99.99701225280762
2025-11-26 11:12:54.170752,s3-eth2,0.0029877471923828126,99.99701225280762
2025-11-26 11:12:55.171749,s1-eth1,0.0029877471923828126,99.99701225280762
2025-11-26 11:12:55.171854,s2-eth2,0.0036279296875,99.9963720703125
2025-11-26 11:12:55.172001,s3-eth2,0.0036279296875,99.9963720703125
2025-11-26 11:12:56.172823,s1-eth1,0.0029877471923828126,99.99701225280762
2025-11-26 11:12:56.172926,s2-eth2,0.0029877471923828126,99.99701225280762
2025-11-26 11:12:56.173071,s3-eth2,0.0029877471923828126,99.99701225280762
2025-11-26 11:12:57.173883,s1-eth1,0.0029877471923828126,99.99701225280762
2025-11-26 11:12:57.173986,s2-eth2,0.0029877471923828126,99.99701225280762
2025-11-26 11:12:57.174131,s3-eth2,0.0029877471923828126,99.99701225280762
2025-11-26 11:12:58.174970,s1-eth1,0.0029877471923828126,99.99701225280762
2025-11-26 11:12:58.175073,s2-eth2,0.0029877471923828126,99.99701225280762
2025-11-26 11:12:58.175217,s3-eth2,0.0029877471923828126,99.99701225280762
2025-11-26 11:12:59.176034,s1-eth1,0.0029877471923828126,99.99701225280762
2025-11-26 11:12:59.176137,s2-eth2,0.0029877471923828126,99.99701225280762
2025-11-26 11:12:59.176281,s3-eth2,0.0029877471923828126,99.99701225280762
2025-11-26 11:13:00.177213,s1-eth1,0.0029877471923828126,99.99701225280762
2025-11-26 11:13:00.177327,s2-eth2,0.0029877471923828126,99.99701225280762
2025-11-26 11:13:00.177473,s3-eth2,0.0029877471923828126,99.99701225280762
2025-11-26 11:13:01.178289,s1-eth1,0.0036279296875,99.9963720703125
2025-11-26 11:13:01.178405,s2-eth2,0.0029877471923828126,99.99701225280762
2025-11-26 11:13:01.178550,s3-eth2,0.0029877471923828126,99.99701225280762
2025-11-26 11:13:02.179352,s1-eth1,0.0029877471923828126,99.99701225280762
2025-11-26 11:13:02.179465,s2-eth2,0.0029877471923828126,99.99701225280762
2025-11-26 11:13:02.179609,s3-eth2,0.0029877471923828126,99.99701225280762
2025-11-26 11:13:03.180413,s1-eth1,0.0029877471923828126,99.99701225280762
2025-11-26 11:13:03.180517,s2-eth2,0.0036279296875,99.9963720703125
2025-11-26 11:13:03.180679,s3-eth2,0.0036279296875,99.9963720703125
2025-11-26 11:13:04.181483,s1-eth1,0.0029877471923828126,99.99701225280762
2025-11-26 11:13:04.181586,s2-eth2,0.0029877471923828126,99.99701225280762
2025-11-26 11:13:04.181741,s3-eth2,0.0029877471923828126,99.99701225280762
2025-11-26 11:13:05.182660,s1-eth1,0.0029877471923828126,99.99701225280762
2025-11-26 11:13:05.182763,s2-eth2,0.0029877471923828126,99.99701225280762
2025-11-26 11:13:05.182948,s3-eth2,0.0029877471923828126,99.99701225280762
2025-11-26 11:13:06.183764,s1-eth1,0.0029877471923828126,99.99701225280762
2025-11-26 11:13:06.183867,s2-eth2,0.0029877471923828126,99.99701225280762
2025-11-26 11:13:06.184011,s3-eth2,0.0029877471923828126,99.99701225280762
2025-11-26 11:13:07.184823,s1-eth1,0.0029877471923828126,99.99701225280762
2025-11-26 11:13:07.184926,s2-eth2,0.0029877471923828126,99.99701225280762
2025-11-26 11:13:07.185070,s3-eth2,0.0029877471923828126,99.99701225280762
2025-11-26 11:13:08.185876,s1-eth1,0.0029877471923828126,99.99701225280762
2025-11-26 11:13:08.185979,s2-eth2,0.0029877471923828126,99.99701225280762
2025-11-26 11:13:08.186123,s3-eth2,0.0029877471923828126,99.99701225280762
2025-11-26 11:13:09.186948,s1-eth1,0.0029877471923828126,99.99701225280762
2025-11-26 11:13:09.187051,s2-eth2,0.0029877471923828126,99.99701225280762
2025-11-26 11:13:09.187196,s3-eth2,0.0029877471923828126,99.99701225280762
2025-11-26 11:13:10.188078,s1-eth1,0.0036279296875,99.9963720703125
2025-11-26 11:13:10.188182,s2-eth2,0.0036279296875,99.9963720703125
2025-11-26 11:13:10.188327,s3-eth2,0.0036279296875,99.9963720703125
2025-11-26 11:13:11.189178,s1-eth1,0.0029877471923828126,99.99701225280762
2025-11-26 11:13:11.189282,s2-eth2,0.0029877471923828126,99.99701225280762
2025-11-26 11:13:11.189428,s3-eth2,0.0029877471923828126,99.99701225280762
2025-11-26 11:13:12.190245,s1-eth1,0.0029877471923828126,99.99701225280762
2025-11-26 11:13:12.190347,s2-eth2,0.0029877471923828126,99.99701225280762
2025-11-26 11:13:12.190491,s3-eth2,0.0029877471923828126,99.99701225280762
2025-11-26 11:13:13.191306,s1-eth1,0.0036279296875,99.9963720703125
2025-11-26 11:13:13.191410,s2-eth2,0.0029877471923828126,99.99701225280762
2025-11-26 11:13:13.191555,s3-eth2,0.0029877471923828126,99.99701225280762
2025-11-26 11:13:14.192079,s1-eth1,0.00299072265625,99.99700927734375
2025-11-26 11:13:14.192117,s2-eth2,0.00299072265625,99.99700927734375
2025-11-26 11:13:14.192170,s3-eth2,0.00299072265625,99.99700927734375
2025-11-26 11:13:15.192974,s1-eth1,0.00299072265625,99.99700927734375
2025-11-26 11:13:15.193076,s2-eth2,0.00299072265625,99.99700927734375
2025-11-26 11:13:15.193225,s3-eth2,0.0029877471923828126,99.99701225280762
2025-11-26 11:13:16.193758,s1-eth1,0.00299072265625,99.99700927734375
2025-11-26 11:13:16.193796,s2-eth2,0.00299072265625,99.99700927734375
2025-11-26 11:13:16.193850,s3-eth2,0.00299072265625,99.99700927734375
2025-11-26 11:13:17.194230,s1-eth1,0.003631591796875,99.99636840820312
2025-11-26 11:13:17.194268,s2-eth2,0.003631591796875,99.99636840820312
2025-11-26 11:13:17.194322,s3-eth2,0.003631591796875,99.99636840820312
2025-11-26 11:13:18.194785,s1-eth1,0.00299072265625,99.99700927734375
2025-11-26 11:13:18.194922,s2-eth2,0.00299072265625,99.99700927734375
2025-11-26 11:13:18.195069,s3-eth2,0.00299072265625,99.99700927734375
2025-11-26 11:13:19.195906,s1-eth1,0.0029877471923828126,99.99701225280762
2025-11-26 11:13:19.196010,s2-eth2,0.0029877471923828126,99.99701225280762
2025-11-26 11:13:19.196156,s3-eth2,0.0029877471923828126,99.99701225280762
2025-11-26 11:13:20.197025,s1-eth1,0.0029877471923828126,99.99701225280762
2025-11-26 11:13:20.197129,s2-eth2,0.0029877471923828126,99.99701225280762
2025-11-26 11:13:20.197274,s3-eth2,0.0029877471923828126,99.99701225280762
2025-11-26 11:13:21.198075,s1-eth1,0.0029877471923828126,99.99701225280762
2025-11-26 11:13:21.198189,s2-eth2,0.0029877471923828126,99.99701225280762
2025-11-26 11:13:21.198335,s3-eth2,0.0029877471923828126,99.99701225280762
2025-11-26 11:13:22.199202,s1-eth1,0.0029877471923828126,99.99701225280762
2025-11-26 11:13:22.199320,s2-eth2,0.0036279296875,99.9963720703125
2025-11-26 11:13:22.199466,s3-eth2,0.0036279296875,99.9963720703125
2025-11-26 11:13:23.200292,s1-eth1,0.0029877471923828126,99.99701225280762
2025-11-26 11:13:23.200407,s2-eth2,0.0029877471923828126,99.99701225280762
2025-11-26 11:13:23.200552,s3-eth2,0.0029877471923828126,99.99701225280762
2025-11-26 11:13:24.201351,s1-eth1,0.0029877471923828126,99.99701225280762
2025-11-26 11:13:24.201454,s2-eth2,0.0029877471923828126,99.99701225280762
2025-11-26 11:13:24.201611,s3-eth2,0.0029877471923828126,99.99701225280762
2025-11-26 11:13:25.202538,s1-eth1,0.0029877471923828126,99.99701225280762
2025-11-26 11:13:25.202641,s2-eth2,0.0029877471923828126,99.99701225280762
2025-11-26 11:13:25.202796,s3-eth2,0.0029877471923828126,99.99701225280762
2025-11-26 11:13:26.203625,s1-eth1,0.0029877471923828126,99.99701225280762
2025-11-26 11:13:26.203729,s2-eth2,0.0029877471923828126,99.99701225280762
2025-11-26 11:13:26.203885,s3-eth2,0.0029877471923828126,99.99701225280762
2025-11-26 11:13:27.204684,s1-eth1,0.0029877471923828126,99.99701225280762
2025-11-26 11:13:27.204788,s2-eth2,0.0029877471923828126,99.99701225280762
2025-11-26 11:13:27.204932,s3-eth2,0.0029877471923828126,99.99701225280762
2025-11-26 11:13:28.205743,s1-eth1,0.0029877471923828126,99.99701225280762
2025-11-26 11:13:28.205845,s2-eth2,0.0029877471923828126,99.99701225280762
2025-11-26 11:13:28.205990,s3-eth2,0.0029877471923828126,99.99701225280762
2025-11-26 11:13:29.206824,s1-eth1,0.0029877471923828126,99.99701225280762
2025-11-26 11:13:29.206957,s2-eth2,0.0029877471923828126,99.99701225280762
2025-11-26 11:13:29.207105,s3-eth2,0.0029877471923828126,99.99701225280762
2025-11-26 11:13:30.208026,s1-eth1,0.0029877471923828126,99.99701225280762
2025-11-26 11:13:30.208129,s2-eth2,0.0029877471923828126,99.99701225280762
2025-11-26 11:13:30.208274,s3-eth2,0.0029877471923828126,99.99701225280762
2025-11-26 11:13:31.209119,s1-eth1,0.0029877471923828126,99.99701225280762
2025-11-26 11:13:31.209224,s2-eth2,0.0029877471923828126,99.99701225280762
2025-11-26 11:13:31.209370,s3-eth2,0.0029877471923828126,99.99701225280762
2025-11-26 11:13:32.210184,s1-eth1,0.0029877471923828126,99.99701225280762
2025-11-26 11:13:32.210288,s2-eth2,0.0029877471923828126,99.99701225280762
2025-11-26 11:13:32.210435,s3-eth2,0.0029877471923828126,99.99701225280762
2025-11-26 11:13:33.211266,s1-eth1,0.0029877471923828126,99.99701225280762
2025-11-26 11:13:33.211369,s2-eth2,0.0029877471923828126,99.99701225280762
2025-11-26 11:13:33.211514,s3-eth2,0.0029877471923828126,99.99701225280762
2025-11-26 11:13:34.212324,s1-eth1,0.0029877471923828126,99.99701225280762
2025-11-26 11:13:34.212427,s2-eth2,0.0029877471923828126,99.99701225280762
2025-11-26 11:13:34.212573,s3-eth2,0.0029877471923828126,99.99701225280762
2025-11-26 11:13:35.213536,s1-eth1,0.0036279296875,99.9963720703125
2025-11-26 11:13:35.213640,s2-eth2,0.0036279296875,99.9963720703125
2025-11-26 11:13:35.213786,s3-eth2,0.0036279296875,99.9963720703125
2025-11-26 11:13:36.214614,s1-eth1,0.0029877471923828126,99.99701225280762
2025-11-26 11:13:36.214717,s2-eth2,0.0029877471923828126,99.99701225280762
2025-11-26 11:13:36.214892,s3-eth2,0.0029877471923828126,99.99701225280762
2025-11-26 11:13:37.215716,s1-eth1,0.0029877471923828126,99.99701225280762
2025-11-26 11:13:37.215820,s2-eth2,0.0029877471923828126,99.99701225280762
2025-11-26 11:13:37.215965,s3-eth2,0.0029877471923828126,99.99701225280762
2025-11-26 11:13:38.216776,s1-eth1,0.0029877471923828126,99.99701225280762
2025-11-26 11:13:38.216880,s2-eth2,0.0029877471923828126,99.99701225280762
2025-11-26 11:13:38.217027,s3-eth2,0.0029877471923828126,99.99701225280762
2025-11-26 11:13:39.217834,s1-eth1,0.0029877471923828126,99.99701225280762
2025-11-26 11:13:39.217937,s2-eth2,0.0029877471923828126,99.99701225280762
2025-11-26 11:13:39.218083,s3-eth2,0.0029877471923828126,99.99701225280762
2025-11-26 11:13:40.218957,s1-eth1,0.0029877471923828126,99.99701225280762
2025-11-26 11:13:40.219061,s2-eth2,0.0029877471923828126,99.99701225280762
2025-11-26 11:13:40.219207,s3-eth2,0.0029877471923828126,99.99701225280762
2025-11-26 11:13:41.220029,s1-eth1,0.0029877471923828126,99.99701225280762
2025-11-26 11:13:41.220133,s2-eth2,0.0029877471923828126,99.99701225280762
2025-11-26 11:13:41.220278,s3-eth2,0.0029877471923828126,99.99701225280762
2025-11-26 11:13:42.221083,s1-eth1,0.0029877471923828126,99.99701225280762
2025-11-26 11:13:42.221186,s2-eth2,0.0029877471923828126,99.99701225280762
2025-11-26 11:13:42.221331,s3-eth2,0.0029877471923828126,99.99701225280762
2025-11-26 11:13:43.222138,s1-eth1,0.0029877471923828126,99.99701225280762
2025-11-26 11:13:43.222251,s2-eth2,0.0029877471923828126,99.99701225280762
2025-11-26 11:13:43.222395,s3-eth2,0.0029877471923828126,99.99701225280762
2025-11-26 11:13:44.223219,s1-eth1,0.0029877471923828126,99.99701225280762
2025-11-26 11:13:44.223333,s2-eth2,0.0029877471923828126,99.99701225280762
2025-11-26 11:13:44.223478,s3-eth2,0.0029877471923828126,99.99701225280762
2025-11-26 11:13:45.224379,s1-eth1,0.0029877471923828126,99.99701225280762
2025-11-26 11:13:45.224492,s2-eth2,0.0029877471923828126,99.99701225280762
2025-11-26 11:13:45.224636,s3-eth2,0.0029877471923828126,99.99701225280762
2025-11-26 11:13:46.225442,s1-eth1,0.0036279296875,99.9963720703125
2025-11-26 11:13:46.225546,s2-eth2,0.0029877471923828126,99.99701225280762
2025-11-26 11:13:46.225703,s3-eth2,0.0029877471923828126,99.99701225280762
2025-11-26 11:13:47.226526,s1-eth1,0.0029877471923828126,99.99701225280762
2025-11-26 11:13:47.226629,s2-eth2,0.0029877471923828126,99.99701225280762
2025-11-26 11:13:47.226786,s3-eth2,0.0029877471923828126,99.99701225280762
2025-11-26 11:13:48.227642,s1-eth1,0.0029877471923828126,99.99701225280762
2025-11-26 11:13:48.227747,s2-eth2,0.0036279296875,99.9963720703125
2025-11-26 11:13:48.227908,s3-eth2,0.0036279296875,99.9963720703125
2025-11-26 11:13:49.228707,s1-eth1,0.0029877471923828126,99.99701225280762
2025-11-26 11:13:49.228810,s2-eth2,0.0029877471923828126,99.99701225280762
2025-11-26 11:13:49.228955,s3-eth2,0.0029877471923828126,99.99701225280762
2025-11-26 11:13:50.229822,s1-eth1,0.0029877471923828126,99.99701225280762
2025-11-26 11:13:50.229924,s2-eth2,0.0029877471923828126,99.99701225280762
2025-11-26 11:13:50.230069,s3-eth2,0.0029877471923828126,99.99701225280762
2025-11-26 11:13:51.230928,s1-eth1,0.0029877471923828126,99.99701225280762
2025-11-26 11:13:51.231031,s2-eth2,0.0029877471923828126,99.99701225280762
2025-11-26 11:13:51.231178,s3-eth2,0.0029877471923828126,99.99701225280762
2025-11-26 11:13:52.231996,s1-eth1,0.0036279296875,99.9963720703125
2025-11-26 11:13:52.232099,s2-eth2,0.0036279296875,99.9963720703125
2025-11-26 11:13:52.232245,s3-eth2,0.0036279296875,99.9963720703125
2025-11-26 11:13:53.233076,s1-eth1,0.0029877471923828126,99.99701225280762
2025-11-26 11:13:53.233179,s2-eth2,0.0029877471923828126,99.99701225280762
2025-11-26 11:13:53.233325,s3-eth2,0.0029877471923828126,99.99701225280762
2025-11-26 11:13:54.234165,s1-eth1,0.0029877471923828126,99.99701225280762
2025-11-26 11:13:54.234269,s2-eth2,0.0029877471923828126,99.99701225280762
2025-11-26 11:13:54.234416,s3-eth2,0.0029877471923828126,99.99701225280762
2025-11-26 11:13:55.235406,s1-eth1,0.0029877471923828126,99.99701225280762
2025-11-26 11:13:55.235509,s2-eth2,0.0029877471923828126,99.99701225280762
2025-11-26 11:13:55.235655,s3-eth2,0.0029877471923828126,99.99701225280762
2025-11-26 11:13:56.236492,s1-eth1,0.0029877471923828126,99.99701225280762
2025-11-26 11:13:56.236594,s2-eth2,0.0029877471923828126,99.99701225280762
2025-11-26 11:13:56.236740,s3-eth2,0.0029877471923828126,99.99701225280762
2025-11-26 11:13:57.237563,s1-eth1,0.0029877471923828126,99.99701225280762
2025-11-26 11:13:57.237666,s2-eth2,0.0029877471923828126,99.99701225280762
2025-11-26 11:13:57.237811,s3-eth2,0.0029877471923828126,99.99701225280762
2025-11-26 11:13:58.238653,s1-eth1,0.0029877471923828126,99.99701225280762
2025-11-26 11:13:58.238755,s2-eth2,0.0029877471923828126,99.99701225280762
2025-11-26 11:13:58.238933,s3-eth2,0.0029877471923828126,99.99701225280762
2025-11-26 11:13:59.239777,s1-eth1,0.0029877471923828126,99.99701225280762
2025-11-26 11:13:59.239881,s2-eth2,0.0029877471923828126,99.99701225280762
2025-11-26 11:13:59.240027,s3-eth2,0.0029877471923828126,99.99701225280762
2025-11-26 11:14:00.241036,s1-eth1,0.0029877471923828126,99.99701225280762
2025-11-26 11:14:00.241140,s2-eth2,0.0029877471923828126,99.99701225280762
2025-11-26 11:14:00.241287,s3-eth2,0.0029877471923828126,99.99701225280762
2025-11-26 11:14:01.242116,s1-eth1,0.0029877471923828126,99.99701225280762
2025-11-26 11:14:01.242221,s2-eth2,0.0029877471923828126,99.99701225280762
2025-11-26 11:14:01.242365,s3-eth2,0.0029877471923828126,99.99701225280762
2025-11-26 11:14:02.243250,s1-eth1,0.0042681884765625,99.99573181152344
2025-11-26 11:14:02.243355,s2-eth2,0.0042681884765625,99.99573181152344
2025-11-26 11:14:02.243502,s3-eth2,0.0042681884765625,99.99573181152344
2025-11-26 11:14:03.244345,s1-eth1,0.0029877471923828126,99.99701225280762
2025-11-26 11:14:03.244448,s2-eth2,0.0029877471923828126,99.99701225280762
2025-11-26 11:14:03.244593,s3-eth2,0.0029877471923828126,99.99701225280762
2025-11-26 11:14:04.245402,s1-eth1,0.0029877471923828126,99.99701225280762
2025-11-26 11:14:04.245515,s2-eth2,0.0029877471923828126,99.99701225280762
2025-11-26 11:14:04.245660,s3-eth2,0.0029877471923828126,99.99701225280762
2025-11-26 11:14:05.246567,s1-eth1,0.0029877471923828126,99.99701225280762
2025-11-26 11:14:05.246681,s2-eth2,0.0029877471923828126,99.99701225280762
2025-11-26 11:14:05.246826,s3-eth2,0.0029877471923828126,99.99701225280762
2025-11-26 11:14:06.247662,s1-eth1,0.0029877471923828126,99.99701225280762
2025-11-26 11:14:06.247775,s2-eth2,0.0029877471923828126,99.99701225280762
2025-11-26 11:14:06.247920,s3-eth2,0.0029877471923828126,99.99701225280762
2025-11-26 11:14:07.248731,s1-eth1,0.0029877471923828126,99.99701225280762
2025-11-26 11:14:07.248834,s2-eth2,0.0029877471923828126,99.99701225280762
2025-11-26 11:14:07.248990,s3-eth2,0.0029877471923828126,99.99701225280762
2025-11-26 11:14:08.249515,s1-eth1,0.00299072265625,99.99700927734375
2025-11-26 11:14:08.249553,s2-eth2,0.00299072265625,99.99700927734375
2025-11-26 11:14:08.249612,s3-eth2,0.00299072265625,99.99700927734375
2025-11-26 11:14:09.250269,s1-eth1,0.00299072265625,99.99700927734375
2025-11-26 11:14:09.250371,s2-eth2,0.00299072265625,99.99700927734375
2025-11-26 11:14:09.250527,s3-eth2,0.00299072265625,99.99700927734375
2025-11-26 11:14:10.251440,s1-eth1,0.0029877471923828126,99.99701225280762
2025-11-26 11:14:10.251544,s2-eth2,0.0029877471923828126,99.99701225280762
2025-11-26 11:14:10.251688,s3-eth2,0.0029877471923828126,99.99701225280762
2025-11-26 11:14:11.252539,s1-eth1,0.0029877471923828126,99.99701225280762
2025-11-26 11:14:11.252643,s2-eth2,0.0029877471923828126,99.99701225280762
2025-11-26 11:14:11.252789,s3-eth2,0.0029877471923828126,99.99701225280762
2025-11-26 11:14:12.253614,s1-eth1,0.0029877471923828126,99.99701225280762
2025-11-26 11:14:12.253717,s2-eth2,0.0029877471923828126,99.99701225280762
2025-11-26 11:14:12.253862,s3-eth2,0.0029877471923828126,99.99701225280762
2025-11-26 11:14:13.254701,s1-eth1,0.0029877471923828126,99.99701225280762
2025-11-26 11:14:13.254806,s2-eth2,0.0036279296875,99.9963720703125
2025-11-26 11:14:13.254984,s3-eth2,0.0036279296875,99.9963720703125
2025-11-26 11:14:14.255812,s1-eth1,0.0029877471923828126,99.99701225280762
2025-11-26 11:14:14.255915,s2-eth2,0.0029877471923828126,99.99701225280762
2025-11-26 11:14:14.256060,s3-eth2,0.0029877471923828126,99.99701225280762
2025-11-26 11:14:15.257008,s1-eth1,0.0029877471923828126,99.99701225280762
2025-11-26 11:14:15.257112,s2-eth2,0.0029877471923828126,99.99701225280762
2025-11-26 11:14:15.257256,s3-eth2,0.0029877471923828126,99.99701225280762
2025-11-26 11:14:16.258075,s1-eth1,0.0029877471923828126,99.99701225280762
2025-11-26 11:14:16.258178,s2-eth2,0.0029877471923828126,99.99701225280762
2025-11-26 11:14:16.258323,s3-eth2,0.0029877471923828126,99.99701225280762
2025-11-26 11:14:17.259158,s1-eth1,0.0029877471923828126,99.99701225280762
2025-11-26 11:14:17.259261,s2-eth2,0.0029877471923828126,99.99701225280762
2025-11-26 11:14:17.259406,s3-eth2,0.0029877471923828126,99.99701225280762
2025-11-26 11:14:18.260219,s1-eth1,0.0029877471923828126,99.99701225280762
2025-11-26 11:14:18.260322,s2-eth2,0.0029877471923828126,99.99701225280762
2025-11-26 11:14:18.260466,s3-eth2,0.0029877471923828126,99.99701225280762
2025-11-26 11:14:19.261316,s1-eth1,0.0036279296875,99.9963720703125
2025-11-26 11:14:19.261420,s2-eth2,0.0029877471923828126,99.99701225280762
2025-11-26 11:14:19.261566,s3-eth2,0.0029877471923828126,99.99701225280762
2025-11-26 11:14:20.262461,s1-eth1,0.0029877471923828126,99.99701225280762
2025-11-26 11:14:20.262564,s2-eth2,0.0029877471923828126,99.99701225280762
2025-11-26 11:14:20.262708,s3-eth2,0.0029877471923828126,99.99701225280762
2025-11-26 11:14:21.263557,s1-eth1,0.0029877471923828126,99.99701225280762
2025-11-26 11:14:21.263660,s2-eth2,0.0029877471923828126,99.99701225280762
2025-11-26 11:14:21.263805,s3-eth2,0.0029877471923828126,99.99701225280762
2025-11-26 11:14:22.264623,s1-eth1,0.0029877471923828126,99.99701225280762
2025-11-26 11:14:22.264725,s2-eth2,0.0029877471923828126,99.99701225280762
2025-11-26 11:14:22.264871,s3-eth2,0.0029877471923828126,99.99701225280762
2025-11-26 11:14:23.265697,s1-eth1,0.0029877471923828126,99.99701225280762
2025-11-26 11:14:23.265800,s2-eth2,0.0029877471923828126,99.99701225280762
2025-11-26 11:14:23.265945,s3-eth2,0.0029877471923828126,99.99701225280762
2025-11-26 11:14:24.266764,s1-eth1,0.0029877471923828126,99.99701225280762
2025-11-26 11:14:24.266896,s2-eth2,0.0029877471923828126,99.99701225280762
2025-11-26 11:14:24.267042,s3-eth2,0.0029877471923828126,99.99701225280762
2025-11-26 11:14:25.267956,s1-eth1,0.0029877471923828126,99.99701225280762
2025-11-26 11:14:25.268059,s2-eth2,0.0029877471923828126,99.99701225280762
2025-11-26 11:14:25.268203,s3-eth2,0.0029877471923828126,99.99701225280762
2025-11-26 11:14:26.269002,s1-eth1,0.0029877471923828126,99.99701225280762
2025-11-26 11:14:26.269115,s2-eth2,0.0029877471923828126,99.99701225280762
2025-11-26 11:14:26.269260,s3-eth2,0.0029877471923828126,99.99701225280762
2025-11-26 11:14:27.270070,s1-eth1,0.0029877471923828126,99.99701225280762
2025-11-26 11:14:27.270184,s2-eth2,0.0029877471923828126,99.99701225280762
2025-11-26 11:14:27.270329,s3-eth2,0.0029877471923828126,99.99701225280762
2025-11-26 11:14:28.271158,s1-eth1,0.0029877471923828126,99.99701225280762
2025-11-26 11:14:28.271271,s2-eth2,0.0029877471923828126,99.99701225280762
2025-11-26 11:14:28.271416,s3-eth2,0.0029877471923828126,99.99701225280762
2025-11-26 11:14:29.272260,s1-eth1,0.0036279296875,99.9963720703125
2025-11-26 11:14:29.272364,s2-eth2,0.0036279296875,99.9963720703125
2025-11-26 11:14:29.272523,s3-eth2,0.0036279296875,99.9963720703125
2025-11-26 11:14:30.273481,s1-eth1,0.0029877471923828126,99.99701225280762
2025-11-26 11:14:30.273585,s2-eth2,0.0029877471923828126,99.99701225280762
2025-11-26 11:14:30.273743,s3-eth2,0.0029877471923828126,99.99701225280762
2025-11-26 11:14:31.274564,s1-eth1,0.0029877471923828126,99.99701225280762
2025-11-26 11:14:31.274668,s2-eth2,0.0029877471923828126,99.99701225280762
2025-11-26 11:14:31.274824,s3-eth2,0.0029877471923828126,99.99701225280762
2025-11-26 11:14:32.275673,s1-eth1,0.0029877471923828126,99.99701225280762
2025-11-26 11:14:32.275776,s2-eth2,0.0029877471923828126,99.99701225280762
2025-11-26 11:14:32.275921,s3-eth2,0.0029877471923828126,99.99701225280762
2025-11-26 11:14:33.276749,s1-eth1,0.0029877471923828126,99.99701225280762
2025-11-26 11:14:33.276853,s2-eth2,0.0029877471923828126,99.99701225280762
2025-11-26 11:14:33.277000,s3-eth2,0.0029877471923828126,99.99701225280762
2025-11-26 11:14:34.277814,s1-eth1,0.0029877471923828126,99.99701225280762
2025-11-26 11:14:34.277917,s2-eth2,0.0029877471923828126,99.99701225280762
2025-11-26 11:14:34.278062,s3-eth2,0.0029877471923828126,99.99701225280762
2025-11-26 11:14:35.279036,s1-eth1,0.0029877471923828126,99.99701225280762
2025-11-26 11:14:35.279140,s2-eth2,0.0029877471923828126,99.99701225280762
2025-11-26 11:14:35.279284,s3-eth2,0.0029877471923828126,99.99701225280762
2025-11-26 11:14:36.280101,s1-eth1,0.0029877471923828126,99.99701225280762
2025-11-26 11:14:36.280203,s2-eth2,0.0029877471923828126,99.99701225280762
2025-11-26 11:14:36.280347,s3-eth2,0.0029877471923828126,99.99701225280762
2025-11-26 11:14:37.281160,s1-eth1,0.0029877471923828126,99.99701225280762
2025-11-26 11:14:37.281263,s2-eth2,0.0029877471923828126,99.99701225280762
2025-11-26 11:14:37.281409,s3-eth2,0.0029877471923828126,99.99701225280762
2025-11-26 11:14:38.282225,s1-eth1,0.0029877471923828126,99.99701225280762
2025-11-26 11:14:38.282327,s2-eth2,0.0029877471923828126,99.99701225280762
2025-11-26 11:14:38.282471,s3-eth2,0.0029877471923828126,99.99701225280762
2025-11-26 11:14:39.283341,s1-eth1,0.0029877471923828126,99.99701225280762
2025-11-26 11:14:39.283446,s2-eth2,0.0036279296875,99.9963720703125
2025-11-26 11:14:39.283591,s3-eth2,0.0036279296875,99.9963720703125
2025-11-26 11:14:40.284516,s1-eth1,0.0029877471923828126,99.99701225280762
2025-11-26 11:14:40.284618,s2-eth2,0.0029877471923828126,99.99701225280762
2025-11-26 11:14:40.284763,s3-eth2,0.0029877471923828126,99.99701225280762
2025-11-26 11:14:41.285582,s1-eth1,0.0029877471923828126,99.99701225280762
2025-11-26 11:14:41.285686,s2-eth2,0.0036279296875,99.9963720703125
2025-11-26 11:14:41.285830,s3-eth2,0.0036279296875,99.9963720703125
2025-11-26 11:14:42.286647,s1-eth1,0.0029877471923828126,99.99701225280762
2025-11-26 11:14:42.286750,s2-eth2,0.0029877471923828126,99.99701225280762
2025-11-26 11:14:42.286907,s3-eth2,0.0029877471923828126,99.99701225280762
2025-11-26 11:14:43.287436,s1-eth1,0.003631591796875,99.99636840820312
2025-11-26 11:14:43.287475,s2-eth2,0.00299072265625,99.99700927734375
2025-11-26 11:14:43.287529,s3-eth2,0.00299072265625,99.99700927734375
2025-11-26 11:14:44.288182,s1-eth1,0.00299072265625,99.99700927734375
2025-11-26 11:14:44.288285,s2-eth2,0.00299072265625,99.99700927734375
2025-11-26 11:14:44.288429,s3-eth2,0.00299072265625,99.99700927734375
2025-11-26 11:14:45.289355,s1-eth1,0.0029877471923828126,99.99701225280762
2025-11-26 11:14:45.289458,s2-eth2,0.0029877471923828126,99.99701225280762
2025-11-26 11:14:45.289604,s3-eth2,0.0029877471923828126,99.99701225280762
2025-11-26 11:14:46.290413,s1-eth1,0.0029877471923828126,99.99701225280762
2025-11-26 11:14:46.290516,s2-eth2,0.0029877471923828126,99.99701225280762
2025-11-26 11:14:46.290662,s3-eth2,0.0029877471923828126,99.99701225280762
2025-11-26 11:14:47.291510,s1-eth1,0.0036279296875,99.9963720703125
2025-11-26 11:14:47.291626,s2-eth2,0.0036279296875,99.9963720703125
2025-11-26 11:14:47.291771,s3-eth2,0.0036279296875,99.9963720703125
2025-11-26 11:14:48.292573,s1-eth1,0.0029877471923828126,99.99701225280762
2025-11-26 11:14:48.292687,s2-eth2,0.0029877471923828126,99.99701225280762
2025-11-26 11:14:48.292832,s3-eth2,0.0029877471923828126,99.99701225280762
2025-11-26 11:14:49.293634,s1-eth1,0.0029877471923828126,99.99701225280762
2025-11-26 11:14:49.293746,s2-eth2,0.0029877471923828126,99.99701225280762
2025-11-26 11:14:49.293891,s3-eth2,0.0029877471923828126,99.99701225280762
2025-11-26 11:14:50.294812,s1-eth1,0.0029877471923828126,99.99701225280762
2025-11-26 11:14:50.294941,s2-eth2,0.0029877471923828126,99.99701225280762
2025-11-26 11:14:50.295095,s3-eth2,0.0029877471923828126,99.99701225280762
2025-11-26 11:14:51.295903,s1-eth1,0.0036279296875,99.9963720703125
2025-11-26 11:14:51.296005,s2-eth2,0.0029877471923828126,99.99701225280762
2025-11-26 11:14:51.296163,s3-eth2,0.0029877471923828126,99.99701225280762
2025-11-26 11:14:52.296962,s1-eth1,0.0029877471923828126,99.99701225280762
2025-11-26 11:14:52.297065,s2-eth2,0.0029877471923828126,99.99701225280762
2025-11-26 11:14:52.297219,s3-eth2,0.0029877471923828126,99.99701225280762
2025-11-26 11:14:53.298022,s1-eth1,0.0029877471923828126,99.99701225280762
2025-11-26 11:14:53.298125,s2-eth2,0.0029877471923828126,99.99701225280762
2025-11-26 11:14:53.298278,s3-eth2,0.0029877471923828126,99.99701225280762
2025-11-26 11:14:54.299114,s1-eth1,0.0029877471923828126,99.99701225280762
2025-11-26 11:14:54.299218,s2-eth2,0.0029877471923828126,99.99701225280762
2025-11-26 11:14:54.299364,s3-eth2,0.0029877471923828126,99.99701225280762
2025-11-26 11:14:55.300283,s1-eth1,0.0036279296875,99.9963720703125
2025-11-26 11:14:55.300386,s2-eth2,0.0036279296875,99.9963720703125
2025-11-26 11:14:55.300531,s3-eth2,0.0036279296875,99.9963720703125
2025-11-26 11:14:56.301359,s1-eth1,0.0029877471923828126,99.99701225280762
2025-11-26 11:14:56.301462,s2-eth2,0.0029877471923828126,99.99701225280762
2025-11-26 11:14:56.301608,s3-eth2,0.0029877471923828126,99.99701225280762
2025-11-26 11:14:57.302418,s1-eth1,0.0029877471923828126,99.99701225280762
2025-11-26 11:14:57.302521,s2-eth2,0.0029877471923828126,99.99701225280762
2025-11-26 11:14:57.302664,s3-eth2,0.0029877471923828126,99.99701225280762
2025-11-26 11:14:58.303488,s1-eth1,0.0029877471923828126,99.99701225280762
2025-11-26 11:14:58.303591,s2-eth2,0.0029877471923828126,99.99701225280762
2025-11-26 11:14:58.303735,s3-eth2,0.0029877471923828126,99.99701225280762
2025-11-26 11:14:59.304548,s1-eth1,0.0029877471923828126,99.99701225280762
2025-11-26 11:14:59.304651,s2-eth2,0.0029877471923828126,99.99701225280762
2025-11-26 11:14:59.304796,s3-eth2,0.0029877471923828126,99.99701225280762
2025-11-26 11:15:00.305645,s1-eth1,0.0029877471923828126,99.99701225280762
2025-11-26 11:15:00.305748,s2-eth2,0.0029877471923828126,99.99701225280762
2025-11-26 11:15:00.305894,s3-eth2,0.0029877471923828126,99.99701225280762
2025-11-26 11:15:01.306710,s1-eth1,0.0029877471923828126,99.99701225280762
2025-11-26 11:15:01.306814,s2-eth2,0.0029877471923828126,99.99701225280762
2025-11-26 11:15:01.306972,s3-eth2,0.0029877471923828126,99.99701225280762
2025-11-26 11:15:02.307832,s1-eth1,0.0029877471923828126,99.99701225280762
2025-11-26 11:15:02.307935,s2-eth2,0.0029877471923828126,99.99701225280762
2025-11-26 11:15:02.308085,s3-eth2,0.0029877471923828126,99.99701225280762
2025-11-26 11:15:03.308906,s1-eth1,0.0029877471923828126,99.99701225280762
2025-11-26 11:15:03.309008,s2-eth2,0.0029877471923828126,99.99701225280762
2025-11-26 11:15:03.309152,s3-eth2,0.0029877471923828126,99.99701225280762
2025-11-26 11:15:04.309685,s1-eth1,0.00299072265625,99.99700927734375
2025-11-26 11:15:04.309723,s2-eth2,0.003631591796875,99.99636840820312
2025-11-26 11:15:04.309778,s3-eth2,0.003631591796875,99.99636840820312
2025-11-26 11:15:05.310157,s1-eth1,0.00299072265625,99.99700927734375
2025-11-26 11:15:05.310195,s2-eth2,0.00299072265625,99.99700927734375
2025-11-26 11:15:05.310249,s3-eth2,0.00299072265625,99.99700927734375
2025-11-26 11:15:06.310973,s1-eth1,0.00299072265625,99.99700927734375
2025-11-26 11:15:06.311077,s2-eth2,0.00299072265625,99.99700927734375
2025-11-26 11:15:06.311226,s3-eth2,0.00299072265625,99.99700927734375
2025-11-26 11:15:07.312064,s1-eth1,0.0029877471923828126,99.99701225280762
2025-11-26 11:15:07.312168,s2-eth2,0.0029877471923828126,99.99701225280762
2025-11-26 11:15:07.312313,s3-eth2,0.0029877471923828126,99.99701225280762
2025-11-26 11:15:08.312866,s1-eth1,0.00299072265625,99.99700927734375
2025-11-26 11:15:08.312904,s2-eth2,0.00299072265625,99.99700927734375
2025-11-26 11:15:08.312961,s3-eth2,0.00299072265625,99.99700927734375
2025-11-26 11:15:09.313325,s1-eth1,0.00299072265625,99.99700927734375
2025-11-26 11:15:09.313369,s2-eth2,0.00299072265625,99.99700927734375
2025-11-26 11:15:09.313424,s3-eth2,0.00299072265625,99.99700927734375
2025-11-26 11:15:10.314166,s1-eth1,0.00299072265625,99.99700927734375
2025-11-26 11:15:10.314280,s2-eth2,0.00299072265625,99.99700927734375
2025-11-26 11:15:10.314425,s3-eth2,0.0029877471923828126,99.99701225280762
2025-11-26 11:15:11.315359,s1-eth1,0.0029877471923828126,99.99701225280762
2025-11-26 11:15:11.315478,s2-eth2,0.0029877471923828126,99.99701225280762
2025-11-26 11:15:11.315627,s3-eth2,0.0029877471923828126,99.99701225280762
2025-11-26 11:15:12.316469,s1-eth1,0.0029877471923828126,99.99701225280762
2025-11-26 11:15:12.316574,s2-eth2,0.0029877471923828126,99.99701225280762
2025-11-26 11:15:12.316734,s3-eth2,0.0029877471923828126,99.99701225280762
2025-11-26 11:15:13.317557,s1-eth1,0.0029877471923828126,99.99701225280762
2025-11-26 11:15:13.317661,s2-eth2,0.0029877471923828126,99.99701225280762
2025-11-26 11:15:13.317818,s3-eth2,0.0029877471923828126,99.99701225280762
2025-11-26 11:15:14.318660,s1-eth1,0.0029877471923828126,99.99701225280762
2025-11-26 11:15:14.318763,s2-eth2,0.0029877471923828126,99.99701225280762
2025-11-26 11:15:14.318936,s3-eth2,0.0029877471923828126,99.99701225280762
2025-11-26 11:15:15.319908,s1-eth1,0.0029877471923828126,99.99701225280762
2025-11-26 11:15:15.320012,s2-eth2,0.0029877471923828126,99.99701225280762
2025-11-26 11:15:15.320159,s3-eth2,0.0029877471923828126,99.99701225280762
2025-11-26 11:15:16.321013,s1-eth1,0.0029877471923828126,99.99701225280762
2025-11-26 11:15:16.321117,s2-eth2,0.0029877471923828126,99.99701225280762
2025-11-26 11:15:16.321265,s3-eth2,0.0029877471923828126,99.99701225280762
2025-11-26 11:15:17.322099,s1-eth1,0.0029877471923828126,99.99701225280762
2025-11-26 11:15:17.322203,s2-eth2,0.0029877471923828126,99.99701225280762
2025-11-26 11:15:17.322348,s3-eth2,0.0029877471923828126,99.99701225280762
2025-11-26 11:15:18.323204,s1-eth1,0.0029877471923828126,99.99701225280762
2025-11-26 11:15:18.323306,s2-eth2,0.0029877471923828126,99.99701225280762
2025-11-26 11:15:18.323453,s3-eth2,0.0029877471923828126,99.99701225280762
2025-11-26 11:15:19.324292,s1-eth1,0.0029877471923828126,99.99701225280762
2025-11-26 11:15:19.324395,s2-eth2,0.0029877471923828126,99.99701225280762
2025-11-26 11:15:19.324540,s3-eth2,0.0029877471923828126,99.99701225280762
2025-11-26 11:15:20.325531,s1-eth1,0.0029877471923828126,99.99701225280762
2025-11-26 11:15:20.325634,s2-eth2,0.0029877471923828126,99.99701225280762
2025-11-26 11:15:20.325780,s3-eth2,0.0029877471923828126,99.99701225280762
2025-11-26 11:15:21.326629,s1-eth1,0.0029877471923828126,99.99701225280762
2025-11-26 11:15:21.326732,s2-eth2,0.0029877471923828126,99.99701225280762
2025-11-26 11:15:21.326910,s3-eth2,0.0029877471923828126,99.99701225280762
2025-11-26 11:15:22.327798,s1-eth1,0.0029877471923828126,99.99701225280762
2025-11-26 11:15:22.327903,s2-eth2,0.0029877471923828126,99.99701225280762
2025-11-26 11:15:22.328052,s3-eth2,0.0029877471923828126,99.99701225280762
2025-11-26 11:15:23.328907,s1-eth1,0.0036279296875,99.9963720703125
2025-11-26 11:15:23.329012,s2-eth2,0.0036279296875,99.9963720703125
2025-11-26 11:15:23.329159,s3-eth2,0.0036279296875,99.9963720703125
2025-11-26 11:15:24.330005,s1-eth1,0.0036279296875,99.9963720703125
2025-11-26 11:15:24.330110,s2-eth2,0.0029877471923828126,99.99701225280762
2025-11-26 11:15:24.330255,s3-eth2,0.0029877471923828126,99.99701225280762
2025-11-26 11:15:25.331262,s1-eth1,0.0029877471923828126,99.99701225280762
2025-11-26 11:15:25.331366,s2-eth2,0.0029877471923828126,99.99701225280762
2025-11-26 11:15:25.331510,s3-eth2,0.0029877471923828126,99.99701225280762
2025-11-26 11:15:26.332385,s1-eth1,0.0029877471923828126,99.99701225280762
2025-11-26 11:15:26.332488,s2-eth2,0.0029877471923828126,99.99701225280762
2025-11-26 11:15:26.332634,s3-eth2,0.0029877471923828126,99.99701225280762
2025-11-26 11:15:27.333473,s1-eth1,0.0029877471923828126,99.99701225280762
2025-11-26 11:15:27.333575,s2-eth2,0.0029877471923828126,99.99701225280762
2025-11-26 11:15:27.333721,s3-eth2,0.0029877471923828126,99.99701225280762
2025-11-26 11:15:28.334543,s1-eth1,0.0029877471923828126,99.99701225280762
2025-11-26 11:15:28.334646,s2-eth2,0.0029877471923828126,99.99701225280762
2025-11-26 11:15:28.334791,s3-eth2,0.0029877471923828126,99.99701225280762
2025-11-26 11:15:29.335640,s1-eth1,0.0029877471923828126,99.99701225280762
2025-11-26 11:15:29.335742,s2-eth2,0.0029877471923828126,99.99701225280762
2025-11-26 11:15:29.335887,s3-eth2,0.0029877471923828126,99.99701225280762
2025-11-26 11:15:30.336789,s1-eth1,0.0029877471923828126,99.99701225280762
2025-11-26 11:15:30.336893,s2-eth2,0.0042681884765625,99.99573181152344
2025-11-26 11:15:30.337038,s3-eth2,0.0042681884765625,99.99573181152344
2025-11-26 11:15:31.337860,s1-eth1,0.0029877471923828126,99.99701225280762
2025-11-26 11:15:31.337974,s2-eth2,0.0029877471923828126,99.99701225280762
2025-11-26 11:15:31.338118,s3-eth2,0.0029877471923828126,99.99701225280762
2025-11-26 11:15:32.338958,s1-eth1,0.0033078765869140624,99.99669212341308
2025-11-26 11:15:32.339074,s2-eth2,0.0036279296875,99.9963720703125
2025-11-26 11:15:32.339220,s3-eth2,0.0036279296875,99.9963720703125
2025-11-26 11:15:33.340020,s1-eth1,0.0033078765869140624,99.99669212341308
2025-11-26 11:15:33.340134,s2-eth2,0.0029877471923828126,99.99701225280762
2025-11-26 11:15:33.340279,s3-eth2,0.0029877471923828126,99.99701225280762
2025-11-26 11:15:34.341087,s1-eth1,0.0036279296875,99.9963720703125
2025-11-26 11:15:34.341191,s2-eth2,0.0029877471923828126,99.99701225280762
2025-11-26 11:15:34.341346,s3-eth2,0.0029877471923828126,99.99701225280762
2025-11-26 11:15:35.342344,s1-eth1,0.0029877471923828126,99.99701225280762
2025-11-26 11:15:35.342448,s2-eth2,0.0029877471923828126,99.99701225280762
2025-11-26 11:15:35.342611,s3-eth2,0.0029877471923828126,99.99701225280762
2025-11-26 11:15:36.343472,s1-eth1,0.0029877471923828126,99.99701225280762
2025-11-26 11:15:36.343576,s2-eth2,0.0029877471923828126,99.99701225280762
2025-11-26 11:15:36.343732,s3-eth2,0.0029877471923828126,99.99701225280762
2025-11-26 11:15:37.344537,s1-eth1,0.0029877471923828126,99.99701225280762
2025-11-26 11:15:37.344640,s2-eth2,0.0029877471923828126,99.99701225280762
2025-11-26 11:15:37.344784,s3-eth2,0.0029877471923828126,99.99701225280762
2025-11-26 11:15:38.345597,s1-eth1,0.0029877471923828126,99.99701225280762
2025-11-26 11:15:38.345700,s2-eth2,0.0029877471923828126,99.99701225280762
2025-11-26 11:15:38.345845,s3-eth2,0.0029877471923828126,99.99701225280762
2025-11-26 11:15:39.346676,s1-eth1,0.0029877471923828126,99.99701225280762
2025-11-26 11:15:39.346780,s2-eth2,0.0029877471923828126,99.99701225280762
2025-11-26 11:15:39.346939,s3-eth2,0.0029877471923828126,99.99701225280762
2025-11-26 11:15:40.347780,s1-eth1,0.0029877471923828126,99.99701225280762
2025-11-26 11:15:40.347883,s2-eth2,0.0029877471923828126,99.99701225280762
2025-11-26 11:15:40.348028,s3-eth2,0.0029877471923828126,99.99701225280762
2025-11-26 11:15:41.348882,s1-eth1,0.0029877471923828126,99.99701225280762
2025-11-26 11:15:41.348986,s2-eth2,0.0029877471923828126,99.99701225280762
2025-11-26 11:15:41.349133,s3-eth2,0.0029877471923828126,99.99701225280762
2025-11-26 11:15:42.349965,s1-eth1,0.0029877471923828126,99.99701225280762
2025-11-26 11:15:42.350069,s2-eth2,0.0029877471923828126,99.99701225280762
2025-11-26 11:15:42.350214,s3-eth2,0.0029877471923828126,99.99701225280762
2025-11-26 11:15:43.351074,s1-eth1,0.0029877471923828126,99.99701225280762
2025-11-26 11:15:43.351178,s2-eth2,0.0029877471923828126,99.99701225280762
2025-11-26 11:15:43.351324,s3-eth2,0.0029877471923828126,99.99701225280762
2025-11-26 11:15:44.352149,s1-eth1,0.0029877471923828126,99.99701225280762
2025-11-26 11:15:44.352252,s2-eth2,0.0029877471923828126,99.99701225280762
2025-11-26 11:15:44.352397,s3-eth2,0.0029877471923828126,99.99701225280762
2025-11-26 11:15:45.353231,s1-eth1,0.0029877471923828126,99.99701225280762
2025-11-26 11:15:45.353335,s2-eth2,0.0029877471923828126,99.99701225280762
2025-11-26 11:15:45.353479,s3-eth2,0.0029877471923828126,99.99701225280762
2025-11-26 11:15:46.354300,s1-eth1,0.0029877471923828126,99.99701225280762
2025-11-26 11:15:46.354404,s2-eth2,0.0029877471923828126,99.99701225280762
2025-11-26 11:15:46.354550,s3-eth2,0.0029877471923828126,99.99701225280762
2025-11-26 11:15:47.355412,s1-eth1,0.0029877471923828126,99.99701225280762
2025-11-26 11:15:47.355515,s2-eth2,0.0029877471923828126,99.99701225280762
2025-11-26 11:15:47.355661,s3-eth2,0.0029877471923828126,99.99701225280762
2025-11-26 11:15:48.356512,s1-eth1,0.0036279296875,99.9963720703125
2025-11-26 11:15:48.356617,s2-eth2,0.0036279296875,99.9963720703125
2025-11-26 11:15:48.356762,s3-eth2,0.0036279296875,99.9963720703125
2025-11-26 11:15:49.357602,s1-eth1,0.0029877471923828126,99.99701225280762
2025-11-26 11:15:49.357706,s2-eth2,0.0029877471923828126,99.99701225280762
2025-11-26 11:15:49.357852,s3-eth2,0.0029877471923828126,99.99701225280762
2025-11-26 11:15:50.358776,s1-eth1,0.0029877471923828126,99.99701225280762
2025-11-26 11:15:50.358912,s2-eth2,0.0029877471923828126,99.99701225280762
2025-11-26 11:15:50.359058,s3-eth2,0.0029877471923828126,99.99701225280762
2025-11-26 11:15:51.359900,s1-eth1,0.0029877471923828126,99.99701225280762
2025-11-26 11:15:51.360003,s2-eth2,0.0029877471923828126,99.99701225280762
2025-11-26 11:15:51.360150,s3-eth2,0.0029877471923828126,99.99701225280762
2025-11-26 11:15:52.360963,s1-eth1,0.0029877471923828126,99.99701225280762
2025-11-26 11:15:52.361078,s2-eth2,0.0029877471923828126,99.99701225280762
2025-11-26 11:15:52.361224,s3-eth2,0.0029877471923828126,99.99701225280762
2025-11-26 11:15:53.362058,s1-eth1,0.0029877471923828126,99.99701225280762
2025-11-26 11:15:53.362175,s2-eth2,0.0029877471923828126,99.99701225280762
2025-11-26 11:15:53.362321,s3-eth2,0.0029877471923828126,99.99701225280762
2025-11-26 11:15:54.363145,s1-eth1,0.0029877471923828126,99.99701225280762
2025-11-26 11:15:54.363259,s2-eth2,0.0029877471923828126,99.99701225280762
2025-11-26 11:15:54.363404,s3-eth2,0.0029877471923828126,99.99701225280762
2025-11-26 11:15:55.364370,s1-eth1,0.0029877471923828126,99.99701225280762
2025-11-26 11:15:55.364474,s2-eth2,0.0036279296875,99.9963720703125
2025-11-26 11:15:55.364636,s3-eth2,0.0036279296875,99.9963720703125
2025-11-26 11:15:56.365465,s1-eth1,0.0029877471923828126,99.99701225280762
2025-11-26 11:15:56.365568,s2-eth2,0.0029877471923828126,99.99701225280762
2025-11-26 11:15:56.365726,s3-eth2,0.0029877471923828126,99.99701225280762
2025-11-26 11:15:57.366570,s1-eth1,0.0036279296875,99.9963720703125
2025-11-26 11:15:57.366675,s2-eth2,0.0029877471923828126,99.99701225280762
2025-11-26 11:15:57.366935,s3-eth2,0.0029877471923828126,99.99701225280762
2025-11-26 11:15:58.367759,s1-eth1,0.0029877471923828126,99.99701225280762
2025-11-26 11:15:58.367863,s2-eth2,0.0029877471923828126,99.99701225280762
2025-11-26 11:15:58.368008,s3-eth2,0.0029877471923828126,99.99701225280762
2025-11-26 11:15:59.368851,s1-eth1,0.0029877471923828126,99.99701225280762
2025-11-26 11:15:59.368955,s2-eth2,0.0029877471923828126,99.99701225280762
2025-11-26 11:15:59.369100,s3-eth2,0.0029877471923828126,99.99701225280762
2025-11-26 11:16:00.370009,s1-eth1,0.0029877471923828126,99.99701225280762
2025-11-26 11:16:00.370112,s2-eth2,0.0029877471923828126,99.99701225280762
2025-11-26 11:16:00.370259,s3-eth2,0.0029877471923828126,99.99701225280762
2025-11-26 11:16:01.371150,s1-eth1,0.0029877471923828126,99.99701225280762
2025-11-26 11:16:01.371253,s2-eth2,0.0029877471923828126,99.99701225280762
2025-11-26 11:16:01.371399,s3-eth2,0.0029877471923828126,99.99701225280762
2025-11-26 11:16:02.372284,s1-eth1,0.0029877471923828126,99.99701225280762
2025-11-26 11:16:02.372388,s2-eth2,0.0029877471923828126,99.99701225280762
2025-11-26 11:16:02.372534,s3-eth2,0.0029877471923828126,99.99701225280762
2025-11-26 11:16:03.373377,s1-eth1,0.0029877471923828126,99.99701225280762
2025-11-26 11:16:03.373479,s2-eth2,0.0029877471923828126,99.99701225280762
2025-11-26 11:16:03.373624,s3-eth2,0.0029877471923828126,99.99701225280762
2025-11-26 11:16:04.374496,s1-eth1,0.0029877471923828126,99.99701225280762
2025-11-26 11:16:04.374599,s2-eth2,0.0029877471923828126,99.99701225280762
2025-11-26 11:16:04.374746,s3-eth2,0.0029877471923828126,99.99701225280762
2025-11-26 11:16:05.375630,s1-eth1,0.0029877471923828126,99.99701225280762
2025-11-26 11:16:05.375733,s2-eth2,0.0029877471923828126,99.99701225280762
2025-11-26 11:16:05.375878,s3-eth2,0.0029877471923828126,99.99701225280762
2025-11-26 11:16:06.376701,s1-eth1,0.0029877471923828126,99.99701225280762
2025-11-26 11:16:06.376803,s2-eth2,0.0029877471923828126,99.99701225280762
2025-11-26 11:16:06.376949,s3-eth2,0.0029877471923828126,99.99701225280762
2025-11-26 11:16:07.377948,s1-eth1,0.0029877471923828126,99.99701225280762
2025-11-26 11:16:07.378052,s2-eth2,0.0029877471923828126,99.99701225280762
2025-11-26 11:16:07.378199,s3-eth2,0.0029877471923828126,99.99701225280762
2025-11-26 11:16:08.379054,s1-eth1,0.0029877471923828126,99.99701225280762
2025-11-26 11:16:08.379157,s2-eth2,0.0029877471923828126,99.99701225280762
2025-11-26 11:16:08.379303,s3-eth2,0.0029877471923828126,99.99701225280762
2025-11-26 11:16:09.380125,s1-eth1,0.0029877471923828126,99.99701225280762
2025-11-26 11:16:09.380227,s2-eth2,0.0029877471923828126,99.99701225280762
2025-11-26 11:16:09.380372,s3-eth2,0.0029877471923828126,99.99701225280762
2025-11-26 11:16:10.381262,s1-eth1,0.0029877471923828126,99.99701225280762
2025-11-26 11:16:10.381367,s2-eth2,0.0029877471923828126,99.99701225280762
2025-11-26 11:16:10.381515,s3-eth2,0.0029877471923828126,99.99701225280762
2025-11-26 11:16:11.382403,s1-eth1,0.0029877471923828126,99.99701225280762
2025-11-26 11:16:11.382507,s2-eth2,0.0029877471923828126,99.99701225280762
2025-11-26 11:16:11.382655,s3-eth2,0.0029877471923828126,99.99701225280762
2025-11-26 11:16:12.383627,s1-eth1,0.0029877471923828126,99.99701225280762
2025-11-26 11:16:12.383731,s2-eth2,0.0029877471923828126,99.99701225280762
2025-11-26 11:16:12.383877,s3-eth2,0.0029877471923828126,99.99701225280762
2025-11-26 11:16:13.384694,s1-eth1,0.0029877471923828126,99.99701225280762
2025-11-26 11:16:13.384808,s2-eth2,0.0029877471923828126,99.99701225280762
2025-11-26 11:16:13.384953,s3-eth2,0.0029877471923828126,99.99701225280762
2025-11-26 11:16:14.385760,s1-eth1,0.0029877471923828126,99.99701225280762
2025-11-26 11:16:14.385875,s2-eth2,0.0029877471923828126,99.99701225280762
2025-11-26 11:16:14.386019,s3-eth2,0.0029877471923828126,99.99701225280762
2025-11-26 11:16:15.386914,s1-eth1,0.0036279296875,99.9963720703125
2025-11-26 11:16:15.387034,s2-eth2,0.0036279296875,99.9963720703125
2025-11-26 11:16:15.387181,s3-eth2,0.0036279296875,99.9963720703125
2025-11-26 11:16:16.387999,s1-eth1,0.0029877471923828126,99.99701225280762
2025-11-26 11:16:16.388102,s2-eth2,0.0029877471923828126,99.99701225280762
2025-11-26 11:16:16.388259,s3-eth2,0.0029877471923828126,99.99701225280762
2025-11-26 11:16:17.389172,s1-eth1,0.0033078765869140624,99.99669212341308
2025-11-26 11:16:17.389277,s2-eth2,0.0033078765869140624,99.99669212341308
2025-11-26 11:16:17.389434,s3-eth2,0.0033078765869140624,99.99669212341308
2025-11-26 11:16:18.390256,s1-eth1,0.0033078765869140624,99.99669212341308
2025-11-26 11:16:18.390360,s2-eth2,0.0033078765869140624,99.99669212341308
2025-11-26 11:16:18.390518,s3-eth2,0.0033078765869140624,99.99669212341308
2025-11-26 11:16:19.391356,s1-eth1,0.0029877471923828126,99.99701225280762
2025-11-26 11:16:19.391459,s2-eth2,0.0029877471923828126,99.99701225280762
2025-11-26 11:16:19.391604,s3-eth2,0.0029877471923828126,99.99701225280762
2025-11-26 11:16:20.392492,s1-eth1,0.0029877471923828126,99.99701225280762
2025-11-26 11:16:20.392597,s2-eth2,0.0036279296875,99.9963720703125
2025-11-26 11:16:20.392745,s3-eth2,0.0036279296875,99.9963720703125
2025-11-26 11:16:21.393588,s1-eth1,0.0029877471923828126,99.99701225280762
2025-11-26 11:16:21.393691,s2-eth2,0.0029877471923828126,99.99701225280762
2025-11-26 11:16:21.393835,s3-eth2,0.0029877471923828126,99.99701225280762
2025-11-26 11:16:22.394777,s1-eth1,0.0029877471923828126,99.99701225280762
2025-11-26 11:16:22.394896,s2-eth2,0.0036279296875,99.9963720703125
2025-11-26 11:16:22.395042,s3-eth2,0.0036279296875,99.9963720703125
2025-11-26 11:16:23.395875,s1-eth1,0.0029877471923828126,99.99701225280762
2025-11-26 11:16:23.395978,s2-eth2,0.0029877471923828126,99.99701225280762
2025-11-26 11:16:23.396123,s3-eth2,0.0029877471923828126,99.99701225280762
2025-11-26 11:16:24.396948,s1-eth1,0.0029877471923828126,99.99701225280762
2025-11-26 11:16:24.397051,s2-eth2,0.0029877471923828126,99.99701225280762
2025-11-26 11:16:24.397195,s3-eth2,0.0029877471923828126,99.99701225280762
2025-11-26 11:16:25.398014,s1-eth1,0.0036279296875,99.9963720703125
2025-11-26 11:16:25.398119,s2-eth2,0.0029877471923828126,99.99701225280762
2025-11-26 11:16:25.398263,s3-eth2,0.0029877471923828126,99.99701225280762
2025-11-26 11:16:26.399091,s1-eth1,0.0029877471923828126,99.99701225280762
2025-11-26 11:16:26.399194,s2-eth2,0.0029877471923828126,99.99701225280762
2025-11-26 11:16:26.399339,s3-eth2,0.0029877471923828126,99.99701225280762
2025-11-26 11:16:27.400224,s1-eth1,0.0029877471923828126,99.99701225280762
2025-11-26 11:16:27.400327,s2-eth2,0.0029877471923828126,99.99701225280762
2025-11-26 11:16:27.400471,s3-eth2,0.0029877471923828126,99.99701225280762
2025-11-26 11:16:28.401287,s1-eth1,0.0029877471923828126,99.99701225280762
2025-11-26 11:16:28.401389,s2-eth2,0.0029877471923828126,99.99701225280762
2025-11-26 11:16:28.401534,s3-eth2,0.0029877471923828126,99.99701225280762
2025-11-26 11:16:29.402345,s1-eth1,0.0029877471923828126,99.99701225280762
2025-11-26 11:16:29.402447,s2-eth2,0.0029877471923828126,99.99701225280762
2025-11-26 11:16:29.402592,s3-eth2,0.0029877471923828126,99.99701225280762
2025-11-26 11:16:30.403417,s1-eth1,0.0036279296875,99.9963720703125
2025-11-26 11:16:30.403521,s2-eth2,0.0029877471923828126,99.99701225280762
2025-11-26 11:16:30.403666,s3-eth2,0.0029877471923828126,99.99701225280762
2025-11-26 11:16:31.404549,s1-eth1,0.0029877471923828126,99.99701225280762
2025-11-26 11:16:31.404653,s2-eth2,0.0029877471923828126,99.99701225280762
2025-11-26 11:16:31.404799,s3-eth2,0.0029877471923828126,99.99701225280762
2025-11-26 11:16:32.405781,s1-eth1,0.0029877471923828126,99.99701225280762
2025-11-26 11:16:32.405885,s2-eth2,0.0029877471923828126,99.99701225280762
2025-11-26 11:16:32.406030,s3-eth2,0.0029877471923828126,99.99701225280762
2025-11-26 11:16:33.406873,s1-eth1,0.0029877471923828126,99.99701225280762
2025-11-26 11:16:33.406977,s2-eth2,0.0029877471923828126,99.99701225280762
2025-11-26 11:16:33.407122,s3-eth2,0.0029877471923828126,99.99701225280762
2025-11-26 11:16:34.407944,s1-eth1,0.0029877471923828126,99.99701225280762
2025-11-26 11:16:34.408047,s2-eth2,0.0029877471923828126,99.99701225280762
2025-11-26 11:16:34.408192,s3-eth2,0.0029877471923828126,99.99701225280762
2025-11-26 11:16:35.409007,s1-eth1,0.0029877471923828126,99.99701225280762
2025-11-26 11:16:35.409127,s2-eth2,0.0029877471923828126,99.99701225280762
2025-11-26 11:16:35.409272,s3-eth2,0.0029877471923828126,99.99701225280762
2025-11-26 11:16:36.410093,s1-eth1,0.0029877471923828126,99.99701225280762
2025-11-26 11:16:36.410207,s2-eth2,0.0029877471923828126,99.99701225280762
2025-11-26 11:16:36.410353,s3-eth2,0.0029877471923828126,99.99701225280762
2025-11-26 11:16:37.411316,s1-eth1,0.0029877471923828126,99.99701225280762
2025-11-26 11:16:37.411430,s2-eth2,0.0029877471923828126,99.99701225280762
2025-11-26 11:16:37.411575,s3-eth2,0.0029877471923828126,99.99701225280762
2025-11-26 11:16:38.412445,s1-eth1,0.0029877471923828126,99.99701225280762
2025-11-26 11:16:38.412551,s2-eth2,0.0029877471923828126,99.99701225280762
2025-11-26 11:16:38.412711,s3-eth2,0.0029877471923828126,99.99701225280762
2025-11-26 11:16:39.413568,s1-eth1,0.0029877471923828126,99.99701225280762
2025-11-26 11:16:39.413672,s2-eth2,0.0029877471923828126,99.99701225280762
2025-11-26 11:16:39.413832,s3-eth2,0.0029877471923828126,99.99701225280762
2025-11-26 11:16:40.414352,s1-eth1,0.00299072265625,99.99700927734375
2025-11-26 11:16:40.414390,s2-eth2,0.00299072265625,99.99700927734375
2025-11-26 11:16:40.414448,s3-eth2,0.00299072265625,99.99700927734375
2025-11-26 11:16:41.415128,s1-eth1,0.00299072265625,99.99700927734375
2025-11-26 11:16:41.415231,s2-eth2,0.00299072265625,99.99700927734375
2025-11-26 11:16:41.415374,s3-eth2,0.00299072265625,99.99700927734375
2025-11-26 11:16:42.415934,s1-eth1,0.00299072265625,99.99700927734375
2025-11-26 11:16:42.415972,s2-eth2,0.00299072265625,99.99700927734375
2025-11-26 11:16:42.416026,s3-eth2,0.00299072265625,99.99700927734375
2025-11-26 11:16:43.416697,s1-eth1,0.00299072265625,99.99700927734375
2025-11-26 11:16:43.416801,s2-eth2,0.00299072265625,99.99700927734375
2025-11-26 11:16:43.416946,s3-eth2,0.00299072265625,99.99700927734375
2025-11-26 11:16:44.417804,s1-eth1,0.0029877471923828126,99.99701225280762
2025-11-26 11:16:44.417908,s2-eth2,0.0029877471923828126,99.99701225280762
2025-11-26 11:16:44.418055,s3-eth2,0.0029877471923828126,99.99701225280762
2025-11-26 11:16:45.418914,s1-eth1,0.0029877471923828126,99.99701225280762
2025-11-26 11:16:45.419017,s2-eth2,0.0029877471923828126,99.99701225280762
2025-11-26 11:16:45.419163,s3-eth2,0.0029877471923828126,99.99701225280762
2025-11-26 11:16:46.420039,s1-eth1,0.0029877471923828126,99.99701225280762
2025-11-26 11:16:46.420142,s2-eth2,0.0029877471923828126,99.99701225280762
2025-11-26 11:16:46.420289,s3-eth2,0.0029877471923828126,99.99701225280762
2025-11-26 11:16:47.421281,s1-eth1,0.0029877471923828126,99.99701225280762
2025-11-26 11:16:47.421385,s2-eth2,0.0029877471923828126,99.99701225280762
2025-11-26 11:16:47.421532,s3-eth2,0.0029877471923828126,99.99701225280762
2025-11-26 11:16:48.422408,s1-eth1,0.0029877471923828126,99.99701225280762
2025-11-26 11:16:48.422512,s2-eth2,0.0029877471923828126,99.99701225280762
2025-11-26 11:16:48.422658,s3-eth2,0.0029877471923828126,99.99701225280762
2025-11-26 11:16:49.423521,s1-eth1,0.0029877471923828126,99.99701225280762
2025-11-26 11:16:49.423623,s2-eth2,0.0029877471923828126,99.99701225280762
2025-11-26 11:16:49.423768,s3-eth2,0.0029877471923828126,99.99701225280762
2025-11-26 11:16:50.424576,s1-eth1,0.0029877471923828126,99.99701225280762
2025-11-26 11:16:50.424678,s2-eth2,0.0029877471923828126,99.99701225280762
2025-11-26 11:16:50.424823,s3-eth2,0.0029877471923828126,99.99701225280762
2025-11-26 11:16:51.425675,s1-eth1,0.0036279296875,99.9963720703125
2025-11-26 11:16:51.425778,s2-eth2,0.0029877471923828126,99.99701225280762
2025-11-26 11:16:51.425923,s3-eth2,0.0029877471923828126,99.99701225280762
2025-11-26 11:16:52.426803,s1-eth1,0.0029877471923828126,99.99701225280762
2025-11-26 11:16:52.426920,s2-eth2,0.0029877471923828126,99.99701225280762
2025-11-26 11:16:52.427066,s3-eth2,0.0029877471923828126,99.99701225280762
2025-11-26 11:16:53.427899,s1-eth1,0.0029877471923828126,99.99701225280762
2025-11-26 11:16:53.428002,s2-eth2,0.0029877471923828126,99.99701225280762
2025-11-26 11:16:53.428148,s3-eth2,0.0029877471923828126,99.99701225280762
2025-11-26 11:16:54.428954,s1-eth1,0.0029877471923828126,99.99701225280762
2025-11-26 11:16:54.429057,s2-eth2,0.0029877471923828126,99.99701225280762
2025-11-26 11:16:54.429201,s3-eth2,0.0029877471923828126,99.99701225280762
2025-11-26 11:16:55.430016,s1-eth1,0.0029877471923828126,99.99701225280762
2025-11-26 11:16:55.430118,s2-eth2,0.0029877471923828126,99.99701225280762
2025-11-26 11:16:55.430264,s3-eth2,0.0029877471923828126,99.99701225280762
2025-11-26 11:16:56.431069,s1-eth1,0.0029877471923828126,99.99701225280762
2025-11-26 11:16:56.431182,s2-eth2,0.0029877471923828126,99.99701225280762
2025-11-26 11:16:56.431327,s3-eth2,0.0029877471923828126,99.99701225280762
2025-11-26 11:16:57.432266,s1-eth1,0.0036279296875,99.9963720703125
2025-11-26 11:16:57.432382,s2-eth2,0.0036279296875,99.9963720703125
2025-11-26 11:16:57.432527,s3-eth2,0.0036279296875,99.9963720703125
2025-11-26 11:16:58.433323,s1-eth1,0.0029877471923828126,99.99701225280762
2025-11-26 11:16:58.433436,s2-eth2,0.0029877471923828126,99.99701225280762
2025-11-26 11:16:58.433580,s3-eth2,0.0029877471923828126,99.99701225280762
2025-11-26 11:16:59.434405,s1-eth1,0.0029877471923828126,99.99701225280762
2025-11-26 11:16:59.434508,s2-eth2,0.0029877471923828126,99.99701225280762
2025-11-26 11:16:59.434666,s3-eth2,0.0029877471923828126,99.99701225280762
2025-11-26 11:17:00.435206,s1-eth1,0.00299072265625,99.99700927734375
2025-11-26 11:17:00.435245,s2-eth2,0.00299072265625,99.99700927734375
2025-11-26 11:17:00.435307,s3-eth2,0.00299072265625,99.99700927734375
2025-11-26 11:17:01.435655,s1-eth1,0.00299072265625,99.99700927734375
2025-11-26 11:17:01.435692,s2-eth2,0.00299072265625,99.99700927734375
2025-11-26 11:17:01.435751,s3-eth2,0.00299072265625,99.99700927734375
2025-11-26 11:17:02.436554,s1-eth1,0.00299072265625,99.99700927734375
2025-11-26 11:17:02.436655,s2-eth2,0.00299072265625,99.99700927734375
2025-11-26 11:17:02.436802,s3-eth2,0.0029877471923828126,99.99701225280762
2025-11-26 11:17:03.437646,s1-eth1,0.0036279296875,99.9963720703125
2025-11-26 11:17:03.437750,s2-eth2,0.0036279296875,99.9963720703125
2025-11-26 11:17:03.437895,s3-eth2,0.0036279296875,99.9963720703125
2025-11-26 11:17:04.438712,s1-eth1,0.0029877471923828126,99.99701225280762
2025-11-26 11:17:04.438815,s2-eth2,0.0029877471923828126,99.99701225280762
2025-11-26 11:17:04.438973,s3-eth2,0.0029877471923828126,99.99701225280762
2025-11-26 11:17:05.439818,s1-eth1,0.0029877471923828126,99.99701225280762
2025-11-26 11:17:05.439921,s2-eth2,0.0029877471923828126,99.99701225280762
2025-11-26 11:17:05.440066,s3-eth2,0.0029877471923828126,99.99701225280762
2025-11-26 11:17:06.440883,s1-eth1,0.0029877471923828126,99.99701225280762
2025-11-26 11:17:06.440985,s2-eth2,0.0029877471923828126,99.99701225280762
2025-11-26 11:17:06.441130,s3-eth2,0.0029877471923828126,99.99701225280762
2025-11-26 11:17:07.442090,s1-eth1,0.0029877471923828126,99.99701225280762
2025-11-26 11:17:07.442193,s2-eth2,0.0029877471923828126,99.99701225280762
2025-11-26 11:17:07.442337,s3-eth2,0.0029877471923828126,99.99701225280762
2025-11-26 11:17:08.443185,s1-eth1,0.0029877471923828126,99.99701225280762
2025-11-26 11:17:08.443287,s2-eth2,0.0029877471923828126,99.99701225280762
2025-11-26 11:17:08.443432,s3-eth2,0.0029877471923828126,99.99701225280762
2025-11-26 11:17:09.444276,s1-eth1,0.0036279296875,99.9963720703125
2025-11-26 11:17:09.444378,s2-eth2,0.0036279296875,99.9963720703125
2025-11-26 11:17:09.444523,s3-eth2,0.0036279296875,99.9963720703125
2025-11-26 11:17:10.445330,s1-eth1,0.0029877471923828126,99.99701225280762
2025-11-26 11:17:10.445433,s2-eth2,0.0029877471923828126,99.99701225280762
2025-11-26 11:17:10.445576,s3-eth2,0.0029877471923828126,99.99701225280762
2025-11-26 11:17:11.446099,s1-eth1,0.00299072265625,99.99700927734375
2025-11-26 11:17:11.446137,s2-eth2,0.003631591796875,99.99636840820312
2025-11-26 11:17:11.446191,s3-eth2,0.003631591796875,99.99636840820312
2025-11-26 11:17:12.446921,s1-eth1,0.003631591796875,99.99636840820312
2025-11-26 11:17:12.447023,s2-eth2,0.00299072265625,99.99700927734375
2025-11-26 11:17:12.447168,s3-eth2,0.00299072265625,99.99700927734375
2025-11-26 11:17:13.448043,s1-eth1,0.0029877471923828126,99.99701225280762
2025-11-26 11:17:13.448146,s2-eth2,0.0029877471923828126,99.99701225280762
2025-11-26 11:17:13.448293,s3-eth2,0.0029877471923828126,99.99701225280762
2025-11-26 11:17:14.448811,s1-eth1,0.00299072265625,99.99700927734375
2025-11-26 11:17:14.448849,s2-eth2,0.00299072265625,99.99700927734375
2025-11-26 11:17:14.448902,s3-eth2,0.00299072265625,99.99700927734375
2025-11-26 11:17:15.449561,s1-eth1,0.00299072265625,99.99700927734375
2025-11-26 11:17:15.449664,s2-eth2,0.00299072265625,99.99700927734375
2025-11-26 11:17:15.449807,s3-eth2,0.00299072265625,99.99700927734375
2025-11-26 11:17:16.450625,s1-eth1,0.0029877471923828126,99.99701225280762
2025-11-26 11:17:16.450728,s2-eth2,0.0029877471923828126,99.99701225280762
2025-11-26 11:17:16.450905,s3-eth2,0.0029877471923828126,99.99701225280762
2025-11-26 11:17:17.451522,s1-eth1,0.00299072265625,99.99700927734375
2025-11-26 11:17:17.451566,s2-eth2,0.00299072265625,99.99700927734375
2025-11-26 11:17:17.451628,s3-eth2,0.00299072265625,99.99700927734375
2025-11-26 11:17:18.451980,s1-eth1,0.00299072265625,99.99700927734375
2025-11-26 11:17:18.452022,s2-eth2,0.00299072265625,99.99700927734375
2025-11-26 11:17:18.452076,s3-eth2,0.00299072265625,99.99700927734375
2025-11-26 11:17:19.452721,s1-eth1,0.00299072265625,99.99700927734375
2025-11-26 11:17:19.452835,s2-eth2,0.00299072265625,99.99700927734375
2025-11-26 11:17:19.452978,s3-eth2,0.00299072265625,99.99700927734375
2025-11-26 11:17:20.453493,s1-eth1,0.00299072265625,99.99700927734375
2025-11-26 11:17:20.453580,s2-eth2,0.00299072265625,99.99700927734375
2025-11-26 11:17:20.453725,s3-eth2,0.00299072265625,99.99700927734375
2025-11-26 11:17:21.454228,s1-eth1,0.00299072265625,99.99700927734375
2025-11-26 11:17:21.454266,s2-eth2,0.00299072265625,99.99700927734375
2025-11-26 11:17:21.454323,s3-eth2,0.00299072265625,99.99700927734375
2025-11-26 11:17:22.455084,s1-eth1,0.00299072265625,99.99700927734375
2025-11-26 11:17:22.455186,s2-eth2,0.00299072265625,99.99700927734375
2025-11-26 11:17:22.455348,s3-eth2,0.0029877471923828126,99.99701225280762
2025-11-26 11:17:23.456186,s1-eth1,0.0029877471923828126,99.99701225280762
2025-11-26 11:17:23.456288,s2-eth2,0.0029877471923828126,99.99701225280762
2025-11-26 11:17:23.456445,s3-eth2,0.0029877471923828126,99.99701225280762
2025-11-26 11:17:24.457250,s1-eth1,0.0029877471923828126,99.99701225280762
2025-11-26 11:17:24.457352,s2-eth2,0.0029877471923828126,99.99701225280762
2025-11-26 11:17:24.457497,s3-eth2,0.0029877471923828126,99.99701225280762
2025-11-26 11:17:25.458313,s1-eth1,0.0029877471923828126,99.99701225280762
2025-11-26 11:17:25.458415,s2-eth2,0.0029877471923828126,99.99701225280762
2025-11-26 11:17:25.458559,s3-eth2,0.0029877471923828126,99.99701225280762
2025-11-26 11:17:26.459367,s1-eth1,0.0029877471923828126,99.99701225280762
2025-11-26 11:17:26.459470,s2-eth2,0.0029877471923828126,99.99701225280762
2025-11-26 11:17:26.459613,s3-eth2,0.0029877471923828126,99.99701225280762
2025-11-26 11:17:27.460535,s1-eth1,0.0036279296875,99.9963720703125
2025-11-26 11:17:27.460639,s2-eth2,0.0036279296875,99.9963720703125
2025-11-26 11:17:27.460783,s3-eth2,0.0036279296875,99.9963720703125
2025-11-26 11:17:28.461591,s1-eth1,0.0029877471923828126,99.99701225280762
2025-11-26 11:17:28.461693,s2-eth2,0.0029877471923828126,99.99701225280762
2025-11-26 11:17:28.461836,s3-eth2,0.0029877471923828126,99.99701225280762
2025-11-26 11:17:29.462645,s1-eth1,0.0029877471923828126,99.99701225280762
2025-11-26 11:17:29.462747,s2-eth2,0.0029877471923828126,99.99701225280762
2025-11-26 11:17:29.462903,s3-eth2,0.0029877471923828126,99.99701225280762
2025-11-26 11:17:30.463708,s1-eth1,0.0029877471923828126,99.99701225280762
2025-11-26 11:17:30.463810,s2-eth2,0.0029877471923828126,99.99701225280762
2025-11-26 11:17:30.463953,s3-eth2,0.0029877471923828126,99.99701225280762
2025-11-26 11:17:31.464464,s1-eth1,0.00299072265625,99.99700927734375
2025-11-26 11:17:31.464502,s2-eth2,0.00299072265625,99.99700927734375
2025-11-26 11:17:31.464556,s3-eth2,0.00299072265625,99.99700927734375
2025-11-26 11:17:32.465094,s1-eth1,0.00299072265625,99.99700927734375
2025-11-26 11:17:32.465196,s2-eth2,0.00299072265625,99.99700927734375
2025-11-26 11:17:32.465338,s3-eth2,0.00299072265625,99.99700927734375
2025-11-26 11:17:33.466148,s1-eth1,0.0036279296875,99.9963720703125
2025-11-26 11:17:33.466252,s2-eth2,0.0029877471923828126,99.99701225280762
2025-11-26 11:17:33.466398,s3-eth2,0.0029877471923828126,99.99701225280762
2025-11-26 11:17:34.467242,s1-eth1,0.0029877471923828126,99.99701225280762
2025-11-26 11:17:34.467344,s2-eth2,0.0029877471923828126,99.99701225280762
2025-11-26 11:17:34.467488,s3-eth2,0.0029877471923828126,99.99701225280762
2025-11-26 11:17:35.468303,s1-eth1,0.0029877471923828126,99.99701225280762
2025-11-26 11:17:35.468406,s2-eth2,0.0029877471923828126,99.99701225280762
2025-11-26 11:17:35.468551,s3-eth2,0.0029877471923828126,99.99701225280762
2025-11-26 11:17:36.469362,s1-eth1,0.0029877471923828126,99.99701225280762
2025-11-26 11:17:36.469465,s2-eth2,0.0029877471923828126,99.99701225280762
2025-11-26 11:17:36.469609,s3-eth2,0.0029877471923828126,99.99701225280762
2025-11-26 11:17:37.470498,s1-eth1,0.0029877471923828126,99.99701225280762
2025-11-26 11:17:37.470601,s2-eth2,0.0029877471923828126,99.99701225280762
2025-11-26 11:17:37.470746,s3-eth2,0.0029877471923828126,99.99701225280762
2025-11-26 11:17:38.471642,s1-eth1,0.0029877471923828126,99.99701225280762
2025-11-26 11:17:38.471745,s2-eth2,0.0029877471923828126,99.99701225280762
2025-11-26 11:17:38.471891,s3-eth2,0.0029877471923828126,99.99701225280762
2025-11-26 11:17:39.472737,s1-eth1,0.0029877471923828126,99.99701225280762
2025-11-26 11:17:39.472853,s2-eth2,0.0029877471923828126,99.99701225280762
2025-11-26 11:17:39.472999,s3-eth2,0.0029877471923828126,99.99701225280762
2025-11-26 11:17:40.473530,s1-eth1,0.00299072265625,99.99700927734375
2025-11-26 11:17:40.473573,s2-eth2,0.00299072265625,99.99700927734375
2025-11-26 11:17:40.473627,s3-eth2,0.00299072265625,99.99700927734375
2025-11-26 11:17:41.474339,s1-eth1,0.003631591796875,99.99636840820312
2025-11-26 11:17:41.474455,s2-eth2,0.003631591796875,99.99636840820312
2025-11-26 11:17:41.474603,s3-eth2,0.003631591796875,99.99636840820312
2025-11-26 11:17:42.475542,s1-eth1,0.0029877471923828126,99.99701225280762
2025-11-26 11:17:42.475646,s2-eth2,0.0029877471923828126,99.99701225280762
2025-11-26 11:17:42.475807,s3-eth2,0.0029877471923828126,99.99701225280762
2025-11-26 11:17:43.476338,s1-eth1,0.00299072265625,99.99700927734375
2025-11-26 11:17:43.476376,s2-eth2,0.00299072265625,99.99700927734375
2025-11-26 11:17:43.476437,s3-eth2,0.00299072265625,99.99700927734375
2025-11-26 11:17:44.477123,s1-eth1,0.00299072265625,99.99700927734375
2025-11-26 11:17:44.477227,s2-eth2,0.00299072265625,99.99700927734375
2025-11-26 11:17:44.477386,s3-eth2,0.00299072265625,99.99700927734375
2025-11-26 11:17:45.478268,s1-eth1,0.0029877471923828126,99.99701225280762
2025-11-26 11:17:45.478373,s2-eth2,0.0029877471923828126,99.99701225280762
2025-11-26 11:17:45.478521,s3-eth2,0.0029877471923828126,99.99701225280762
2025-11-26 11:17:46.479402,s1-eth1,0.0029877471923828126,99.99701225280762
2025-11-26 11:17:46.479506,s2-eth2,0.0029877471923828126,99.99701225280762
2025-11-26 11:17:46.479652,s3-eth2,0.0029877471923828126,99.99701225280762
2025-11-26 11:17:47.480620,s1-eth1,0.0029877471923828126,99.99701225280762
2025-11-26 11:17:47.480724,s2-eth2,0.0029877471923828126,99.99701225280762
2025-11-26 11:17:47.480872,s3-eth2,0.0029877471923828126,99.99701225280762
2025-11-26 11:17:48.481733,s1-eth1,0.0029877471923828126,99.99701225280762
2025-11-26 11:17:48.481836,s2-eth2,0.0029877471923828126,99.99701225280762
2025-11-26 11:17:48.481983,s3-eth2,0.0029877471923828126,99.99701225280762
2025-11-26 11:17:49.482889,s1-eth1,0.0029877471923828126,99.99701225280762
2025-11-26 11:17:49.482996,s2-eth2,0.0029877471923828126,99.99701225280762
2025-11-26 11:17:49.483144,s3-eth2,0.0029877471923828126,99.99701225280762
2025-11-26 11:17:50.484038,s1-eth1,0.0029877471923828126,99.99701225280762
2025-11-26 11:17:50.484142,s2-eth2,0.0029877471923828126,99.99701225280762
2025-11-26 11:17:50.484288,s3-eth2,0.0029877471923828126,99.99701225280762
2025-11-26 11:17:51.485166,s1-eth1,0.0036279296875,99.9963720703125
2025-11-26 11:17:51.485270,s2-eth2,0.0036279296875,99.9963720703125
2025-11-26 11:17:51.485418,s3-eth2,0.0036279296875,99.9963720703125
2025-11-26 11:17:52.486396,s1-eth1,0.0036279296875,99.9963720703125
2025-11-26 11:17:52.486501,s2-eth2,0.0029877471923828126,99.99701225280762
2025-11-26 11:17:52.486649,s3-eth2,0.0029877471923828126,99.99701225280762
2025-11-26 11:17:53.487535,s1-eth1,0.0029877471923828126,99.99701225280762
2025-11-26 11:17:53.487637,s2-eth2,0.0029877471923828126,99.99701225280762
2025-11-26 11:17:53.487783,s3-eth2,0.0029877471923828126,99.99701225280762
2025-11-26 11:17:54.488655,s1-eth1,0.0036279296875,99.9963720703125
2025-11-26 11:17:54.488759,s2-eth2,0.0029877471923828126,99.99701225280762
2025-11-26 11:17:54.488906,s3-eth2,0.0029877471923828126,99.99701225280762
2025-11-26 11:17:55.489806,s1-eth1,0.0029877471923828126,99.99701225280762
2025-11-26 11:17:55.489910,s2-eth2,0.0029877471923828126,99.99701225280762
2025-11-26 11:17:55.490058,s3-eth2,0.0029877471923828126,99.99701225280762
2025-11-26 11:17:56.490940,s1-eth1,0.0029877471923828126,99.99701225280762
2025-11-26 11:17:56.491044,s2-eth2,0.0036279296875,99.9963720703125
2025-11-26 11:17:56.491190,s3-eth2,0.0036279296875,99.9963720703125
2025-11-26 11:17:57.492137,s1-eth1,0.0029877471923828126,99.99701225280762
2025-11-26 11:17:57.492239,s2-eth2,0.0029877471923828126,99.99701225280762
2025-11-26 11:17:57.492385,s3-eth2,0.0029877471923828126,99.99701225280762
2025-11-26 11:17:58.493219,s1-eth1,0.0029877471923828126,99.99701225280762
2025-11-26 11:17:58.493321,s2-eth2,0.0029877471923828126,99.99701225280762
2025-11-26 11:17:58.493467,s3-eth2,0.0029877471923828126,99.99701225280762
2025-11-26 11:17:59.494316,s1-eth1,0.0029877471923828126,99.99701225280762
2025-11-26 11:17:59.494420,s2-eth2,0.0029877471923828126,99.99701225280762
2025-11-26 11:17:59.494565,s3-eth2,0.0029877471923828126,99.99701225280762
2025-11-26 11:18:00.495398,s1-eth1,0.0029877471923828126,99.99701225280762
2025-11-26 11:18:00.495502,s2-eth2,0.0029877471923828126,99.99701225280762
2025-11-26 11:18:00.495648,s3-eth2,0.0029877471923828126,99.99701225280762
2025-11-26 11:18:01.496467,s1-eth1,0.0029877471923828126,99.99701225280762
2025-11-26 11:18:01.496587,s2-eth2,0.0029877471923828126,99.99701225280762
2025-11-26 11:18:01.496732,s3-eth2,0.0029877471923828126,99.99701225280762
2025-11-26 11:18:02.497627,s1-eth1,0.0029877471923828126,99.99701225280762
2025-11-26 11:18:02.497743,s2-eth2,0.0036279296875,99.9963720703125
2025-11-26 11:18:02.497888,s3-eth2,0.0036279296875,99.9963720703125
2025-11-26 11:18:03.498713,s1-eth1,0.0029877471923828126,99.99701225280762
2025-11-26 11:18:03.498836,s2-eth2,0.0029877471923828126,99.99701225280762
2025-11-26 11:18:03.498996,s3-eth2,0.0029877471923828126,99.99701225280762
2025-11-26 11:18:04.499804,s1-eth1,0.0029877471923828126,99.99701225280762
2025-11-26 11:18:04.499906,s2-eth2,0.0029877471923828126,99.99701225280762
2025-11-26 11:18:04.500062,s3-eth2,0.0029877471923828126,99.99701225280762
2025-11-26 11:18:05.500895,s1-eth1,0.0029877471923828126,99.99701225280762
2025-11-26 11:18:05.500999,s2-eth2,0.0029877471923828126,99.99701225280762
2025-11-26 11:18:05.501156,s3-eth2,0.0029877471923828126,99.99701225280762
2025-11-26 11:18:06.501974,s1-eth1,0.0029877471923828126,99.99701225280762
2025-11-26 11:18:06.502077,s2-eth2,0.0029877471923828126,99.99701225280762
2025-11-26 11:18:06.502234,s3-eth2,0.0029877471923828126,99.99701225280762
2025-11-26 11:18:07.503124,s1-eth1,0.0029877471923828126,99.99701225280762
2025-11-26 11:18:07.503227,s2-eth2,0.0029877471923828126,99.99701225280762
2025-11-26 11:18:07.503372,s3-eth2,0.0029877471923828126,99.99701225280762
2025-11-26 11:18:08.504200,s1-eth1,0.0029877471923828126,99.99701225280762
2025-11-26 11:18:08.504302,s2-eth2,0.0029877471923828126,99.99701225280762
2025-11-26 11:18:08.504446,s3-eth2,0.0029877471923828126,99.99701225280762
2025-11-26 11:18:09.505317,s1-eth1,0.0029877471923828126,99.99701225280762
2025-11-26 11:18:09.505420,s2-eth2,0.0029877471923828126,99.99701225280762
2025-11-26 11:18:09.505566,s3-eth2,0.0029877471923828126,99.99701225280762
2025-11-26 11:18:10.506439,s1-eth1,0.0029877471923828126,99.99701225280762
2025-11-26 11:18:10.506542,s2-eth2,0.0029877471923828126,99.99701225280762
2025-11-26 11:18:10.506689,s3-eth2,0.0029877471923828126,99.99701225280762
2025-11-26 11:18:11.507608,s1-eth1,0.0029877471923828126,99.99701225280762
2025-11-26 11:18:11.507712,s2-eth2,0.0029877471923828126,99.99701225280762
2025-11-26 11:18:11.507858,s3-eth2,0.0029877471923828126,99.99701225280762
2025-11-26 11:18:12.508821,s1-eth1,0.0029877471923828126,99.99701225280762
2025-11-26 11:18:12.508926,s2-eth2,0.0029877471923828126,99.99701225280762
2025-11-26 11:18:12.509073,s3-eth2,0.0029877471923828126,99.99701225280762
2025-11-26 11:18:13.509912,s1-eth1,0.0029877471923828126,99.99701225280762
2025-11-26 11:18:13.510015,s2-eth2,0.0029877471923828126,99.99701225280762
2025-11-26 11:18:13.510160,s3-eth2,0.0029877471923828126,99.99701225280762
2025-11-26 11:18:14.511069,s1-eth1,0.0029877471923828126,99.99701225280762
2025-11-26 11:18:14.511173,s2-eth2,0.0029877471923828126,99.99701225280762
2025-11-26 11:18:14.511320,s3-eth2,0.0029877471923828126,99.99701225280762
2025-11-26 11:18:15.512177,s1-eth1,0.0042681884765625,99.99573181152344
2025-11-26 11:18:15.512282,s2-eth2,0.0036279296875,99.9963720703125
2025-11-26 11:18:15.512428,s3-eth2,0.0036279296875,99.9963720703125
2025-11-26 11:18:16.513260,s1-eth1,0.0029877471923828126,99.99701225280762
2025-11-26 11:18:16.513363,s2-eth2,0.0029877471923828126,99.99701225280762
2025-11-26 11:18:16.513508,s3-eth2,0.0029877471923828126,99.99701225280762
2025-11-26 11:18:17.514435,s1-eth1,0.0029877471923828126,99.99701225280762
2025-11-26 11:18:17.514537,s2-eth2,0.0029877471923828126,99.99701225280762
2025-11-26 11:18:17.514683,s3-eth2,0.0029877471923828126,99.99701225280762
2025-11-26 11:18:18.515531,s1-eth1,0.0029877471923828126,99.99701225280762
2025-11-26 11:18:18.515635,s2-eth2,0.0029877471923828126,99.99701225280762
2025-11-26 11:18:18.515779,s3-eth2,0.0029877471923828126,99.99701225280762
2025-11-26 11:18:19.516619,s1-eth1,0.0029877471923828126,99.99701225280762
2025-11-26 11:18:19.516722,s2-eth2,0.0029877471923828126,99.99701225280762
2025-11-26 11:18:19.516867,s3-eth2,0.0029877471923828126,99.99701225280762
2025-11-26 11:18:20.517700,s1-eth1,0.0029877471923828126,99.99701225280762
2025-11-26 11:18:20.517803,s2-eth2,0.0029877471923828126,99.99701225280762
2025-11-26 11:18:20.517948,s3-eth2,0.0029877471923828126,99.99701225280762
2025-11-26 11:18:21.518772,s1-eth1,0.0029877471923828126,99.99701225280762
2025-11-26 11:18:21.518887,s2-eth2,0.0029877471923828126,99.99701225280762
2025-11-26 11:18:21.519033,s3-eth2,0.0029877471923828126,99.99701225280762
2025-11-26 11:18:22.519894,s1-eth1,0.0029877471923828126,99.99701225280762
2025-11-26 11:18:22.520007,s2-eth2,0.0029877471923828126,99.99701225280762
2025-11-26 11:18:22.520152,s3-eth2,0.0029877471923828126,99.99701225280762
2025-11-26 11:18:23.520923,s1-eth1,0.0029877471923828126,99.99701225280762
2025-11-26 11:18:23.521042,s2-eth2,0.0029877471923828126,99.99701225280762
2025-11-26 11:18:23.521188,s3-eth2,0.0029877471923828126,99.99701225280762
2025-11-26 11:18:24.522032,s1-eth1,0.0036279296875,99.9963720703125
2025-11-26 11:18:24.522148,s2-eth2,0.0036279296875,99.9963720703125
2025-11-26 11:18:24.522294,s3-eth2,0.0036279296875,99.9963720703125
2025-11-26 11:18:25.523147,s1-eth1,0.0029877471923828126,99.99701225280762
2025-11-26 11:18:25.523250,s2-eth2,0.0029877471923828126,99.99701225280762
2025-11-26 11:18:25.523405,s3-eth2,0.0029877471923828126,99.99701225280762
2025-11-26 11:18:26.524216,s1-eth1,0.0029877471923828126,99.99701225280762
2025-11-26 11:18:26.524319,s2-eth2,0.0029877471923828126,99.99701225280762
2025-11-26 11:18:26.524475,s3-eth2,0.0029877471923828126,99.99701225280762
2025-11-26 11:18:27.525357,s1-eth1,0.0029877471923828126,99.99701225280762
2025-11-26 11:18:27.525460,s2-eth2,0.0029877471923828126,99.99701225280762
2025-11-26 11:18:27.525616,s3-eth2,0.0029877471923828126,99.99701225280762
2025-11-26 11:18:28.526423,s1-eth1,0.0029877471923828126,99.99701225280762
2025-11-26 11:18:28.526525,s2-eth2,0.0029877471923828126,99.99701225280762
2025-11-26 11:18:28.526669,s3-eth2,0.0029877471923828126,99.99701225280762
2025-11-26 11:18:29.527553,s1-eth1,0.0029877471923828126,99.99701225280762
2025-11-26 11:18:29.527657,s2-eth2,0.0029877471923828126,99.99701225280762
2025-11-26 11:18:29.527803,s3-eth2,0.0029877471923828126,99.99701225280762
2025-11-26 11:18:30.528456,s1-eth1,0.00299072265625,99.99700927734375
2025-11-26 11:18:30.528558,s2-eth2,0.00299072265625,99.99700927734375
2025-11-26 11:18:30.528702,s3-eth2,0.00299072265625,99.99700927734375
2025-11-26 11:18:31.529544,s1-eth1,0.0029877471923828126,99.99701225280762
2025-11-26 11:18:31.529647,s2-eth2,0.0029877471923828126,99.99701225280762
2025-11-26 11:18:31.529792,s3-eth2,0.0029877471923828126,99.99701225280762
2025-11-26 11:18:32.530741,s1-eth1,0.0029877471923828126,99.99701225280762
2025-11-26 11:18:32.530843,s2-eth2,0.0029877471923828126,99.99701225280762
2025-11-26 11:18:32.531000,s3-eth2,0.0029877471923828126,99.99701225280762
2025-11-26 11:18:33.531827,s1-eth1,0.0029877471923828126,99.99701225280762
2025-11-26 11:18:33.531929,s2-eth2,0.0029877471923828126,99.99701225280762
2025-11-26 11:18:33.532074,s3-eth2,0.0029877471923828126,99.99701225280762
2025-11-26 11:18:34.532894,s1-eth1,0.0036279296875,99.9963720703125
2025-11-26 11:18:34.532997,s2-eth2,0.0029877471923828126,99.99701225280762
2025-11-26 11:18:34.533143,s3-eth2,0.0029877471923828126,99.99701225280762
2025-11-26 11:18:35.534036,s1-eth1,0.0029877471923828126,99.99701225280762
2025-11-26 11:18:35.534138,s2-eth2,0.0029877471923828126,99.99701225280762
2025-11-26 11:18:35.534285,s3-eth2,0.0029877471923828126,99.99701225280762
2025-11-26 11:18:36.535175,s1-eth1,0.0036279296875,99.9963720703125
2025-11-26 11:18:36.535280,s2-eth2,0.0029877471923828126,99.99701225280762
2025-11-26 11:18:36.535427,s3-eth2,0.0029877471923828126,99.99701225280762
2025-11-26 11:18:37.536327,s1-eth1,0.0029877471923828126,99.99701225280762
2025-11-26 11:18:37.536430,s2-eth2,0.0029877471923828126,99.99701225280762
2025-11-26 11:18:37.536575,s3-eth2,0.0029877471923828126,99.99701225280762
2025-11-26 11:18:38.537399,s1-eth1,0.0029877471923828126,99.99701225280762
2025-11-26 11:18:38.537500,s2-eth2,0.0029877471923828126,99.99701225280762
2025-11-26 11:18:38.537645,s3-eth2,0.0029877471923828126,99.99701225280762
2025-11-26 11:18:39.538478,s1-eth1,0.0029877471923828126,99.99701225280762
2025-11-26 11:18:39.538581,s2-eth2,0.0029877471923828126,99.99701225280762
2025-11-26 11:18:39.538726,s3-eth2,0.0029877471923828126,99.99701225280762
2025-11-26 11:18:40.539604,s1-eth1,0.0036279296875,99.9963720703125
2025-11-26 11:18:40.539710,s2-eth2,0.0036279296875,99.9963720703125
2025-11-26 11:18:40.539857,s3-eth2,0.0036279296875,99.9963720703125
2025-11-26 11:18:41.540705,s1-eth1,0.0029877471923828126,99.99701225280762
2025-11-26 11:18:41.540808,s2-eth2,0.0029877471923828126,99.99701225280762
2025-11-26 11:18:41.540954,s3-eth2,0.0029877471923828126,99.99701225280762
2025-11-26 11:18:42.541912,s1-eth1,0.0029877471923828126,99.99701225280762
2025-11-26 11:18:42.542015,s2-eth2,0.0029877471923828126,99.99701225280762
2025-11-26 11:18:42.542161,s3-eth2,0.0029877471923828126,99.99701225280762
2025-11-26 11:18:43.543052,s1-eth1,0.0029877471923828126,99.99701225280762
2025-11-26 11:18:43.543157,s2-eth2,0.0036279296875,99.9963720703125
2025-11-26 11:18:43.543305,s3-eth2,0.0036279296875,99.9963720703125
2025-11-26 11:18:44.544122,s1-eth1,0.0029877471923828126,99.99701225280762
2025-11-26 11:18:44.544237,s2-eth2,0.0029877471923828126,99.99701225280762
2025-11-26 11:18:44.544381,s3-eth2,0.0029877471923828126,99.99701225280762
2025-11-26 11:18:45.545198,s1-eth1,0.0029877471923828126,99.99701225280762
2025-11-26 11:18:45.545312,s2-eth2,0.0029877471923828126,99.99701225280762
2025-11-26 11:18:45.545459,s3-eth2,0.0029877471923828126,99.99701225280762
2025-11-26 11:18:46.546274,s1-eth1,0.0029877471923828126,99.99701225280762
2025-11-26 11:18:46.546387,s2-eth2,0.0029877471923828126,99.99701225280762
2025-11-26 11:18:46.546532,s3-eth2,0.0029877471923828126,99.99701225280762
2025-11-26 11:18:47.547505,s1-eth1,0.0029877471923828126,99.99701225280762
2025-11-26 11:18:47.547608,s2-eth2,0.0029877471923828126,99.99701225280762
2025-11-26 11:18:47.547769,s3-eth2,0.0029877471923828126,99.99701225280762
2025-11-26 11:18:48.548634,s1-eth1,0.0029877471923828126,99.99701225280762
2025-11-26 11:18:48.548737,s2-eth2,0.0029877471923828126,99.99701225280762
2025-11-26 11:18:48.548900,s3-eth2,0.0029877471923828126,99.99701225280762
2025-11-26 11:18:49.549760,s1-eth1,0.0029877471923828126,99.99701225280762
2025-11-26 11:18:49.549862,s2-eth2,0.0029877471923828126,99.99701225280762
2025-11-26 11:18:49.550020,s3-eth2,0.0029877471923828126,99.99701225280762
2025-11-26 11:18:50.550917,s1-eth1,0.0029877471923828126,99.99701225280762
2025-11-26 11:18:50.551021,s2-eth2,0.0029877471923828126,99.99701225280762
2025-11-26 11:18:50.551168,s3-eth2,0.0029877471923828126,99.99701225280762
2025-11-26 11:18:51.552062,s1-eth1,0.0029877471923828126,99.99701225280762
2025-11-26 11:18:51.552167,s2-eth2,0.0029877471923828126,99.99701225280762
2025-11-26 11:18:51.552315,s3-eth2,0.0029877471923828126,99.99701225280762
2025-11-26 11:18:52.553318,s1-eth1,0.0029877471923828126,99.99701225280762
2025-11-26 11:18:52.553421,s2-eth2,0.0029877471923828126,99.99701225280762
2025-11-26 11:18:52.553567,s3-eth2,0.0029877471923828126,99.99701225280762
2025-11-26 11:18:53.554471,s1-eth1,0.0029877471923828126,99.99701225280762
2025-11-26 11:18:53.554577,s2-eth2,0.0036279296875,99.9963720703125
2025-11-26 11:18:53.554724,s3-eth2,0.0036279296875,99.9963720703125
2025-11-26 11:18:54.555637,s1-eth1,0.0029877471923828126,99.99701225280762
2025-11-26 11:18:54.555741,s2-eth2,0.0029877471923828126,99.99701225280762
2025-11-26 11:18:54.555888,s3-eth2,0.0029877471923828126,99.99701225280762
2025-11-26 11:18:55.556784,s1-eth1,0.0029877471923828126,99.99701225280762
2025-11-26 11:18:55.556888,s2-eth2,0.0029877471923828126,99.99701225280762
2025-11-26 11:18:55.557035,s3-eth2,0.0029877471923828126,99.99701225280762
2025-11-26 11:18:56.557905,s1-eth1,0.0029877471923828126,99.99701225280762
2025-11-26 11:18:56.558008,s2-eth2,0.0029877471923828126,99.99701225280762
2025-11-26 11:18:56.558156,s3-eth2,0.0029877471923828126,99.99701225280762
2025-11-26 11:18:57.559184,s1-eth1,0.0036279296875,99.9963720703125
2025-11-26 11:18:57.559288,s2-eth2,0.0029877471923828126,99.99701225280762
2025-11-26 11:18:57.559435,s3-eth2,0.0029877471923828126,99.99701225280762
2025-11-26 11:18:58.560301,s1-eth1,0.0029877471923828126,99.99701225280762
2025-11-26 11:18:58.560404,s2-eth2,0.0029877471923828126,99.99701225280762
2025-11-26 11:18:58.560551,s3-eth2,0.0029877471923828126,99.99701225280762
2025-11-26 11:18:59.561422,s1-eth1,0.0029877471923828126,99.99701225280762
2025-11-26 11:18:59.561525,s2-eth2,0.0029877471923828126,99.99701225280762
2025-11-26 11:18:59.561672,s3-eth2,0.0029877471923828126,99.99701225280762
2025-11-26 11:19:00.562577,s1-eth1,0.0029877471923828126,99.99701225280762
2025-11-26 11:19:00.562680,s2-eth2,0.0029877471923828126,99.99701225280762
2025-11-26 11:19:00.562828,s3-eth2,0.0029877471923828126,99.99701225280762
2025-11-26 11:19:01.563732,s1-eth1,0.0029877471923828126,99.99701225280762
2025-11-26 11:19:01.563835,s2-eth2,0.0029877471923828126,99.99701225280762
2025-11-26 11:19:01.563982,s3-eth2,0.0029877471923828126,99.99701225280762
2025-11-26 11:19:02.565001,s1-eth1,0.0029877471923828126,99.99701225280762
2025-11-26 11:19:02.565105,s2-eth2,0.0029877471923828126,99.99701225280762
2025-11-26 11:19:02.565252,s3-eth2,0.0029877471923828126,99.99701225280762
2025-11-26 11:19:03.566117,s1-eth1,0.0029877471923828126,99.99701225280762
2025-11-26 11:19:03.566221,s2-eth2,0.0029877471923828126,99.99701225280762
2025-11-26 11:19:03.566369,s3-eth2,0.0029877471923828126,99.99701225280762
2025-11-26 11:19:04.567251,s1-eth1,0.0029877471923828126,99.99701225280762
2025-11-26 11:19:04.567354,s2-eth2,0.0029877471923828126,99.99701225280762
2025-11-26 11:19:04.567501,s3-eth2,0.0029877471923828126,99.99701225280762
2025-11-26 11:19:05.568366,s1-eth1,0.0029877471923828126,99.99701225280762
2025-11-26 11:19:05.568485,s2-eth2,0.0029877471923828126,99.99701225280762
2025-11-26 11:19:05.568631,s3-eth2,0.0029877471923828126,99.99701225280762
2025-11-26 11:19:06.569506,s1-eth1,0.0036279296875,99.9963720703125
2025-11-26 11:19:06.569624,s2-eth2,0.0036279296875,99.9963720703125
2025-11-26 11:19:06.569772,s3-eth2,0.0036279296875,99.9963720703125
2025-11-26 11:19:07.570757,s1-eth1,0.0029877471923828126,99.99701225280762
2025-11-26 11:19:07.570887,s2-eth2,0.0029877471923828126,99.99701225280762
2025-11-26 11:19:07.571036,s3-eth2,0.0029877471923828126,99.99701225280762
2025-11-26 11:19:08.571894,s1-eth1,0.0036279296875,99.9963720703125
2025-11-26 11:19:08.571998,s2-eth2,0.0036279296875,99.9963720703125
2025-11-26 11:19:08.572158,s3-eth2,0.0036279296875,99.9963720703125
2025-11-26 11:19:09.573017,s1-eth1,0.0029877471923828126,99.99701225280762
2025-11-26 11:19:09.573120,s2-eth2,0.0029877471923828126,99.99701225280762
2025-11-26 11:19:09.573281,s3-eth2,0.0029877471923828126,99.99701225280762
2025-11-26 11:19:10.574159,s1-eth1,0.0029877471923828126,99.99701225280762
2025-11-26 11:19:10.574263,s2-eth2,0.0029877471923828126,99.99701225280762
2025-11-26 11:19:10.574426,s3-eth2,0.0029877471923828126,99.99701225280762
2025-11-26 11:19:11.575327,s1-eth1,0.0029877471923828126,99.99701225280762
2025-11-26 11:19:11.575431,s2-eth2,0.0029877471923828126,99.99701225280762
2025-11-26 11:19:11.575592,s3-eth2,0.0029877471923828126,99.99701225280762
2025-11-26 11:19:12.576563,s1-eth1,0.0029877471923828126,99.99701225280762
2025-11-26 11:19:12.576666,s2-eth2,0.0029877471923828126,99.99701225280762
2025-11-26 11:19:12.576813,s3-eth2,0.0029877471923828126,99.99701225280762
2025-11-26 11:19:13.577681,s1-eth1,0.0029877471923828126,99.99701225280762
2025-11-26 11:19:13.577784,s2-eth2,0.0029877471923828126,99.99701225280762
2025-11-26 11:19:13.577931,s3-eth2,0.0029877471923828126,99.99701225280762
2025-11-26 11:19:14.578793,s1-eth1,0.0029877471923828126,99.99701225280762
2025-11-26 11:19:14.578933,s2-eth2,0.0029877471923828126,99.99701225280762
2025-11-26 11:19:14.579081,s3-eth2,0.0029877471923828126,99.99701225280762
2025-11-26 11:19:15.579974,s1-eth1,0.0029877471923828126,99.99701225280762
2025-11-26 11:19:15.580079,s2-eth2,0.0029877471923828126,99.99701225280762
2025-11-26 11:19:15.580227,s3-eth2,0.0029877471923828126,99.99701225280762
2025-11-26 11:19:16.581124,s1-eth1,0.0029877471923828126,99.99701225280762
2025-11-26 11:19:16.581229,s2-eth2,0.0029877471923828126,99.99701225280762
2025-11-26 11:19:16.581376,s3-eth2,0.0029877471923828126,99.99701225280762
2025-11-26 11:19:17.582375,s1-eth1,0.0036279296875,99.9963720703125
2025-11-26 11:19:17.582479,s2-eth2,0.0029877471923828126,99.99701225280762
2025-11-26 11:19:17.582627,s3-eth2,0.0029877471923828126,99.99701225280762
2025-11-26 11:19:18.583535,s1-eth1,0.0036279296875,99.9963720703125
2025-11-26 11:19:18.583640,s2-eth2,0.0029877471923828126,99.99701225280762
2025-11-26 11:19:18.583787,s3-eth2,0.0029877471923828126,99.99701225280762
2025-11-26 11:19:19.584688,s1-eth1,0.0029877471923828126,99.99701225280762
2025-11-26 11:19:19.584791,s2-eth2,0.0029877471923828126,99.99701225280762
2025-11-26 11:19:19.584939,s3-eth2,0.0029877471923828126,99.99701225280762
2025-11-26 11:19:20.585897,s1-eth1,0.0029877471923828126,99.99701225280762
2025-11-26 11:19:20.586000,s2-eth2,0.0029877471923828126,99.99701225280762
2025-11-26 11:19:20.586148,s3-eth2,0.0029877471923828126,99.99701225280762
2025-11-26 11:19:21.587094,s1-eth1,0.0029877471923828126,99.99701225280762
2025-11-26 11:19:21.587197,s2-eth2,0.0029877471923828126,99.99701225280762
2025-11-26 11:19:21.587344,s3-eth2,0.0029877471923828126,99.99701225280762
2025-11-26 11:19:22.588354,s1-eth1,0.0029877471923828126,99.99701225280762
2025-11-26 11:19:22.588504,s2-eth2,0.0029877471923828126,99.99701225280762
2025-11-26 11:19:22.588653,s3-eth2,0.0029877471923828126,99.99701225280762
2025-11-26 11:19:23.589552,s1-eth1,0.0029877471923828126,99.99701225280762
2025-11-26 11:19:23.589658,s2-eth2,0.0029877471923828126,99.99701225280762
2025-11-26 11:19:23.589804,s3-eth2,0.0029877471923828126,99.99701225280762
2025-11-26 11:19:24.590687,s1-eth1,0.0029877471923828126,99.99701225280762
2025-11-26 11:19:24.590790,s2-eth2,0.0029877471923828126,99.99701225280762
2025-11-26 11:19:24.590952,s3-eth2,0.0029877471923828126,99.99701225280762
2025-11-26 11:19:25.591850,s1-eth1,0.0029877471923828126,99.99701225280762
2025-11-26 11:19:25.591954,s2-eth2,0.0029877471923828126,99.99701225280762
2025-11-26 11:19:25.592102,s3-eth2,0.0029877471923828126,99.99701225280762
2025-11-26 11:19:26.592984,s1-eth1,0.0029877471923828126,99.99701225280762
2025-11-26 11:19:26.593088,s2-eth2,0.0029877471923828126,99.99701225280762
2025-11-26 11:19:26.593236,s3-eth2,0.0029877471923828126,99.99701225280762
2025-11-26 11:19:27.594197,s1-eth1,0.0029877471923828126,99.99701225280762
2025-11-26 11:19:27.594313,s2-eth2,0.0029877471923828126,99.99701225280762
2025-11-26 11:19:27.594460,s3-eth2,0.0029877471923828126,99.99701225280762
2025-11-26 11:19:28.595322,s1-eth1,0.0029877471923828126,99.99701225280762
2025-11-26 11:19:28.595439,s2-eth2,0.0029877471923828126,99.99701225280762
2025-11-26 11:19:28.595586,s3-eth2,0.0029877471923828126,99.99701225280762
2025-11-26 11:19:29.596454,s1-eth1,0.0029877471923828126,99.99701225280762
2025-11-26 11:19:29.596572,s2-eth2,0.0029877471923828126,99.99701225280762
2025-11-26 11:19:29.596719,s3-eth2,0.0029877471923828126,99.99701225280762
2025-11-26 11:19:30.597604,s1-eth1,0.0029877471923828126,99.99701225280762
2025-11-26 11:19:30.597710,s2-eth2,0.0036279296875,99.9963720703125
2025-11-26 11:19:30.597872,s3-eth2,0.0036279296875,99.9963720703125
2025-11-26 11:19:31.598746,s1-eth1,0.0036279296875,99.9963720703125
2025-11-26 11:19:31.598863,s2-eth2,0.0036279296875,99.9963720703125
2025-11-26 11:19:31.599028,s3-eth2,0.0036279296875,99.9963720703125
2025-11-26 11:19:32.599944,s1-eth1,0.0029877471923828126,99.99701225280762
2025-11-26 11:19:32.600047,s2-eth2,0.0029877471923828126,99.99701225280762
2025-11-26 11:19:32.600207,s3-eth2,0.0029877471923828126,99.99701225280762
2025-11-26 11:19:33.601056,s1-eth1,0.0029877471923828126,99.99701225280762
2025-11-26 11:19:33.601161,s2-eth2,0.0029877471923828126,99.99701225280762
2025-11-26 11:19:33.601307,s3-eth2,0.0029877471923828126,99.99701225280762
2025-11-26 11:19:34.602174,s1-eth1,0.0029877471923828126,99.99701225280762
2025-11-26 11:19:34.602277,s2-eth2,0.0029877471923828126,99.99701225280762
2025-11-26 11:19:34.602425,s3-eth2,0.0029877471923828126,99.99701225280762
2025-11-26 11:19:35.603334,s1-eth1,0.0029877471923828126,99.99701225280762
2025-11-26 11:19:35.603438,s2-eth2,0.0029877471923828126,99.99701225280762
2025-11-26 11:19:35.603586,s3-eth2,0.0029877471923828126,99.99701225280762
2025-11-26 11:19:36.604458,s1-eth1,0.0029877471923828126,99.99701225280762
2025-11-26 11:19:36.604561,s2-eth2,0.0029877471923828126,99.99701225280762
2025-11-26 11:19:36.604708,s3-eth2,0.0029877471923828126,99.99701225280762
2025-11-26 11:19:37.605623,s1-eth1,0.0029877471923828126,99.99701225280762
2025-11-26 11:19:37.605725,s2-eth2,0.0029877471923828126,99.99701225280762
2025-11-26 11:19:37.605872,s3-eth2,0.0029877471923828126,99.99701225280762
2025-11-26 11:19:38.606755,s1-eth1,0.0029877471923828126,99.99701225280762
2025-11-26 11:19:38.606875,s2-eth2,0.0029877471923828126,99.99701225280762
2025-11-26 11:19:38.607022,s3-eth2,0.0029877471923828126,99.99701225280762
2025-11-26 11:19:39.607897,s1-eth1,0.0036279296875,99.9963720703125
2025-11-26 11:19:39.608002,s2-eth2,0.0029877471923828126,99.99701225280762
2025-11-26 11:19:39.608149,s3-eth2,0.0029877471923828126,99.99701225280762
2025-11-26 11:19:40.608689,s1-eth1,0.00299072265625,99.99700927734375
2025-11-26 11:19:40.608774,s2-eth2,0.00299072265625,99.99700927734375
2025-11-26 11:19:40.608920,s3-eth2,0.00299072265625,99.99700927734375
2025-11-26 11:19:41.609807,s1-eth1,0.0029877471923828126,99.99701225280762
2025-11-26 11:19:41.609910,s2-eth2,0.0029877471923828126,99.99701225280762
2025-11-26 11:19:41.610057,s3-eth2,0.0029877471923828126,99.99701225280762
2025-11-26 11:19:42.611009,s1-eth1,0.0029877471923828126,99.99701225280762
2025-11-26 11:19:42.611113,s2-eth2,0.0029877471923828126,99.99701225280762
2025-11-26 11:19:42.611260,s3-eth2,0.0029877471923828126,99.99701225280762
2025-11-26 11:19:43.612122,s1-eth1,0.0029877471923828126,99.99701225280762
2025-11-26 11:19:43.612226,s2-eth2,0.0029877471923828126,99.99701225280762
2025-11-26 11:19:43.612372,s3-eth2,0.0029877471923828126,99.99701225280762
2025-11-26 11:19:44.613240,s1-eth1,0.0029877471923828126,99.99701225280762
2025-11-26 11:19:44.613346,s2-eth2,0.0036279296875,99.9963720703125
2025-11-26 11:19:44.613492,s3-eth2,0.0036279296875,99.9963720703125
2025-11-26 11:19:45.614383,s1-eth1,0.0029877471923828126,99.99701225280762
2025-11-26 11:19:45.614486,s2-eth2,0.0029877471923828126,99.99701225280762
2025-11-26 11:19:45.614634,s3-eth2,0.0029877471923828126,99.99701225280762
2025-11-26 11:19:46.615544,s1-eth1,0.0029877471923828126,99.99701225280762
2025-11-26 11:19:46.615649,s2-eth2,0.0029877471923828126,99.99701225280762
2025-11-26 11:19:46.615797,s3-eth2,0.0029877471923828126,99.99701225280762
2025-11-26 11:19:47.616805,s1-eth1,0.0029877471923828126,99.99701225280762
2025-11-26 11:19:47.616908,s2-eth2,0.0029877471923828126,99.99701225280762
2025-11-26 11:19:47.617056,s3-eth2,0.0029877471923828126,99.99701225280762
2025-11-26 11:19:48.617903,s1-eth1,0.0029877471923828126,99.99701225280762
2025-11-26 11:19:48.618020,s2-eth2,0.0029877471923828126,99.99701225280762
2025-11-26 11:19:48.618166,s3-eth2,0.0029877471923828126,99.99701225280762
2025-11-26 11:19:49.619032,s1-eth1,0.0029877471923828126,99.99701225280762
2025-11-26 11:19:49.619149,s2-eth2,0.0029877471923828126,99.99701225280762
2025-11-26 11:19:49.619295,s3-eth2,0.0029877471923828126,99.99701225280762
2025-11-26 11:19:50.620172,s1-eth1,0.0029877471923828126,99.99701225280762
2025-11-26 11:19:50.620291,s2-eth2,0.0029877471923828126,99.99701225280762
2025-11-26 11:19:50.620439,s3-eth2,0.0029877471923828126,99.99701225280762
2025-11-26 11:19:51.621304,s1-eth1,0.0036279296875,99.9963720703125
2025-11-26 11:19:51.621422,s2-eth2,0.0036279296875,99.9963720703125
2025-11-26 11:19:51.621571,s3-eth2,0.0036279296875,99.9963720703125
2025-11-26 11:19:52.622531,s1-eth1,0.0029877471923828126,99.99701225280762
2025-11-26 11:19:52.622636,s2-eth2,0.0029877471923828126,99.99701225280762
2025-11-26 11:19:52.622797,s3-eth2,0.0029877471923828126,99.99701225280762
2025-11-26 11:19:53.623673,s1-eth1,0.0029877471923828126,99.99701225280762
2025-11-26 11:19:53.623777,s2-eth2,0.0029877471923828126,99.99701225280762
2025-11-26 11:19:53.623937,s3-eth2,0.0029877471923828126,99.99701225280762
2025-11-26 11:19:54.624788,s1-eth1,0.0029877471923828126,99.99701225280762
2025-11-26 11:19:54.624890,s2-eth2,0.0029877471923828126,99.99701225280762
2025-11-26 11:19:54.625050,s3-eth2,0.0029877471923828126,99.99701225280762
2025-11-26 11:19:55.625927,s1-eth1,0.0029877471923828126,99.99701225280762
2025-11-26 11:19:55.626031,s2-eth2,0.0029877471923828126,99.99701225280762
2025-11-26 11:19:55.626179,s3-eth2,0.0029877471923828126,99.99701225280762
2025-11-26 11:19:56.627098,s1-eth1,0.0036279296875,99.9963720703125
2025-11-26 11:19:56.627202,s2-eth2,0.0036279296875,99.9963720703125
2025-11-26 11:19:56.627351,s3-eth2,0.0036279296875,99.9963720703125
2025-11-26 11:19:57.628309,s1-eth1,0.0029877471923828126,99.99701225280762
2025-11-26 11:19:57.628413,s2-eth2,0.0029877471923828126,99.99701225280762
2025-11-26 11:19:57.628558,s3-eth2,0.0029877471923828126,99.99701225280762
2025-11-26 11:19:58.629426,s1-eth1,0.0029877471923828126,99.99701225280762
2025-11-26 11:19:58.629530,s2-eth2,0.0029877471923828126,99.99701225280762
2025-11-26 11:19:58.629676,s3-eth2,0.0029877471923828126,99.99701225280762
2025-11-26 11:19:59.630562,s1-eth1,0.0029877471923828126,99.99701225280762
2025-11-26 11:19:59.630666,s2-eth2,0.0029877471923828126,99.99701225280762
2025-11-26 11:19:59.630813,s3-eth2,0.0029877471923828126,99.99701225280762
2025-11-26 11:20:00.631724,s1-eth1,0.0042681884765625,99.99573181152344
2025-11-26 11:20:00.631828,s2-eth2,0.0029877471923828126,99.99701225280762
2025-11-26 11:20:00.631976,s3-eth2,0.0029877471923828126,99.99701225280762
2025-11-26 11:20:01.632860,s1-eth1,0.0029877471923828126,99.99701225280762
2025-11-26 11:20:01.632964,s2-eth2,0.0029877471923828126,99.99701225280762
2025-11-26 11:20:01.633111,s3-eth2,0.0029877471923828126,99.99701225280762
2025-11-26 11:20:02.634119,s1-eth1,0.0029877471923828126,99.99701225280762
2025-11-26 11:20:02.634223,s2-eth2,0.0029877471923828126,99.99701225280762
2025-11-26 11:20:02.634370,s3-eth2,0.0029877471923828126,99.99701225280762
2025-11-26 11:20:03.635261,s1-eth1,0.0029877471923828126,99.99701225280762
2025-11-26 11:20:03.635365,s2-eth2,0.0029877471923828126,99.99701225280762
2025-11-26 11:20:03.635512,s3-eth2,0.0029877471923828126,99.99701225280762
2025-11-26 11:20:04.636372,s1-eth1,0.0029877471923828126,99.99701225280762
2025-11-26 11:20:04.636475,s2-eth2,0.0029877471923828126,99.99701225280762
2025-11-26 11:20:04.636622,s3-eth2,0.0029877471923828126,99.99701225280762
2025-11-26 11:20:05.637531,s1-eth1,0.0029877471923828126,99.99701225280762
2025-11-26 11:20:05.637634,s2-eth2,0.0029877471923828126,99.99701225280762
2025-11-26 11:20:05.637780,s3-eth2,0.0029877471923828126,99.99701225280762
2025-11-26 11:20:06.638653,s1-eth1,0.0029877471923828126,99.99701225280762
2025-11-26 11:20:06.638755,s2-eth2,0.0029877471923828126,99.99701225280762
2025-11-26 11:20:06.638917,s3-eth2,0.0029877471923828126,99.99701225280762
2025-11-26 11:20:07.639849,s1-eth1,0.0029877471923828126,99.99701225280762
2025-11-26 11:20:07.639953,s2-eth2,0.0029877471923828126,99.99701225280762
2025-11-26 11:20:07.640100,s3-eth2,0.0029877471923828126,99.99701225280762
2025-11-26 11:20:08.640976,s1-eth1,0.0029877471923828126,99.99701225280762
2025-11-26 11:20:08.641080,s2-eth2,0.0029877471923828126,99.99701225280762
2025-11-26 11:20:08.641228,s3-eth2,0.0029877471923828126,99.99701225280762
2025-11-26 11:20:09.642096,s1-eth1,0.0029877471923828126,99.99701225280762
2025-11-26 11:20:09.642199,s2-eth2,0.0029877471923828126,99.99701225280762
2025-11-26 11:20:09.642346,s3-eth2,0.0029877471923828126,99.99701225280762
2025-11-26 11:20:10.643240,s1-eth1,0.0029877471923828126,99.99701225280762
2025-11-26 11:20:10.643360,s2-eth2,0.0029877471923828126,99.99701225280762
2025-11-26 11:20:10.643508,s3-eth2,0.0029877471923828126,99.99701225280762
2025-11-26 11:20:11.644384,s1-eth1,0.0029877471923828126,99.99701225280762
2025-11-26 11:20:11.644502,s2-eth2,0.0029877471923828126,99.99701225280762
2025-11-26 11:20:11.644650,s3-eth2,0.0029877471923828126,99.99701225280762
2025-11-26 11:20:12.645579,s1-eth1,0.0029877471923828126,99.99701225280762
2025-11-26 11:20:12.645696,s2-eth2,0.0029877471923828126,99.99701225280762
2025-11-26 11:20:12.645843,s3-eth2,0.0029877471923828126,99.99701225280762
2025-11-26 11:20:13.646704,s1-eth1,0.0029877471923828126,99.99701225280762
2025-11-26 11:20:13.646807,s2-eth2,0.0029877471923828126,99.99701225280762
2025-11-26 11:20:13.646983,s3-eth2,0.0029877471923828126,99.99701225280762
2025-11-26 11:20:14.647843,s1-eth1,0.0029877471923828126,99.99701225280762
2025-11-26 11:20:14.647946,s2-eth2,0.0029877471923828126,99.99701225280762
2025-11-26 11:20:14.648108,s3-eth2,0.0029877471923828126,99.99701225280762
2025-11-26 11:20:15.648987,s1-eth1,0.0029877471923828126,99.99701225280762
2025-11-26 11:20:15.649091,s2-eth2,0.0029877471923828126,99.99701225280762
2025-11-26 11:20:15.649253,s3-eth2,0.0029877471923828126,99.99701225280762
2025-11-26 11:20:16.650117,s1-eth1,0.0029877471923828126,99.99701225280762
2025-11-26 11:20:16.650220,s2-eth2,0.0029877471923828126,99.99701225280762
2025-11-26 11:20:16.650366,s3-eth2,0.0029877471923828126,99.99701225280762
2025-11-26 11:20:17.651394,s1-eth1,0.0029877471923828126,99.99701225280762
2025-11-26 11:20:17.651498,s2-eth2,0.0036279296875,99.9963720703125
2025-11-26 11:20:17.651646,s3-eth2,0.0036279296875,99.9963720703125
2025-11-26 11:20:18.652526,s1-eth1,0.0029877471923828126,99.99701225280762
2025-11-26 11:20:18.652630,s2-eth2,0.0029877471923828126,99.99701225280762
2025-11-26 11:20:18.652776,s3-eth2,0.0029877471923828126,99.99701225280762
2025-11-26 11:20:19.653647,s1-eth1,0.0029877471923828126,99.99701225280762
2025-11-26 11:20:19.653750,s2-eth2,0.0029877471923828126,99.99701225280762
2025-11-26 11:20:19.653896,s3-eth2,0.0029877471923828126,99.99701225280762
2025-11-26 11:20:20.654798,s1-eth1,0.0036279296875,99.9963720703125
2025-11-26 11:20:20.654918,s2-eth2,0.0036279296875,99.9963720703125
2025-11-26 11:20:20.655066,s3-eth2,0.0036279296875,99.9963720703125
2025-11-26 11:20:21.655963,s1-eth1,0.0036279296875,99.9963720703125
2025-11-26 11:20:21.656068,s2-eth2,0.0029877471923828126,99.99701225280762
2025-11-26 11:20:21.656216,s3-eth2,0.0029877471923828126,99.99701225280762
2025-11-26 11:20:22.657177,s1-eth1,0.0029877471923828126,99.99701225280762
2025-11-26 11:20:22.657281,s2-eth2,0.0029877471923828126,99.99701225280762
2025-11-26 11:20:22.657427,s3-eth2,0.0029877471923828126,99.99701225280762
2025-11-26 11:20:23.658301,s1-eth1,0.0029877471923828126,99.99701225280762
2025-11-26 11:20:23.658405,s2-eth2,0.0029877471923828126,99.99701225280762
2025-11-26 11:20:23.658551,s3-eth2,0.0029877471923828126,99.99701225280762
2025-11-26 11:20:24.659414,s1-eth1,0.0029877471923828126,99.99701225280762
2025-11-26 11:20:24.659518,s2-eth2,0.0029877471923828126,99.99701225280762
2025-11-26 11:20:24.659665,s3-eth2,0.0029877471923828126,99.99701225280762
2025-11-26 11:20:25.660559,s1-eth1,0.0029877471923828126,99.99701225280762
2025-11-26 11:20:25.660662,s2-eth2,0.0029877471923828126,99.99701225280762
2025-11-26 11:20:25.660809,s3-eth2,0.0029877471923828126,99.99701225280762
2025-11-26 11:20:26.661685,s1-eth1,0.0029877471923828126,99.99701225280762
2025-11-26 11:20:26.661788,s2-eth2,0.0029877471923828126,99.99701225280762
2025-11-26 11:20:26.661934,s3-eth2,0.0029877471923828126,99.99701225280762
2025-11-26 11:20:27.662963,s1-eth1,0.0029877471923828126,99.99701225280762
2025-11-26 11:20:27.663068,s2-eth2,0.0029877471923828126,99.99701225280762
2025-11-26 11:20:27.663214,s3-eth2,0.0029877471923828126,99.99701225280762
2025-11-26 11:20:28.664079,s1-eth1,0.0029877471923828126,99.99701225280762
2025-11-26 11:20:28.664183,s2-eth2,0.0029877471923828126,99.99701225280762
2025-11-26 11:20:28.664329,s3-eth2,0.0029877471923828126,99.99701225280762
2025-11-26 11:20:29.665226,s1-eth1,0.0029877471923828126,99.99701225280762
2025-11-26 11:20:29.665330,s2-eth2,0.0029877471923828126,99.99701225280762
2025-11-26 11:20:29.665477,s3-eth2,0.0029877471923828126,99.99701225280762
2025-11-26 11:20:30.666381,s1-eth1,0.0029877471923828126,99.99701225280762
2025-11-26 11:20:30.666485,s2-eth2,0.0029877471923828126,99.99701225280762
2025-11-26 11:20:30.666632,s3-eth2,0.0029877471923828126,99.99701225280762
2025-11-26 11:20:31.667515,s1-eth1,0.0029877471923828126,99.99701225280762
2025-11-26 11:20:31.667634,s2-eth2,0.0029877471923828126,99.99701225280762
2025-11-26 11:20:31.667782,s3-eth2,0.0029877471923828126,99.99701225280762
2025-11-26 11:20:32.668744,s1-eth1,0.0036279296875,99.9963720703125
2025-11-26 11:20:32.668862,s2-eth2,0.0036279296875,99.9963720703125
2025-11-26 11:20:32.669009,s3-eth2,0.0036279296875,99.9963720703125
2025-11-26 11:20:33.669862,s1-eth1,0.0029877471923828126,99.99701225280762
2025-11-26 11:20:33.669979,s2-eth2,0.0029877471923828126,99.99701225280762
2025-11-26 11:20:33.670125,s3-eth2,0.0029877471923828126,99.99701225280762
2025-11-26 11:20:34.670999,s1-eth1,0.0029877471923828126,99.99701225280762
2025-11-26 11:20:34.671102,s2-eth2,0.0029877471923828126,99.99701225280762
2025-11-26 11:20:34.671268,s3-eth2,0.0029877471923828126,99.99701225280762
2025-11-26 11:20:35.672164,s1-eth1,0.0029877471923828126,99.99701225280762
2025-11-26 11:20:35.672270,s2-eth2,0.0036279296875,99.9963720703125
2025-11-26 11:20:35.672432,s3-eth2,0.0036279296875,99.9963720703125
2025-11-26 11:20:36.673297,s1-eth1,0.0029877471923828126,99.99701225280762
2025-11-26 11:20:36.673400,s2-eth2,0.0029877471923828126,99.99701225280762
2025-11-26 11:20:36.673560,s3-eth2,0.0029877471923828126,99.99701225280762
2025-11-26 11:20:37.674531,s1-eth1,0.0029877471923828126,99.99701225280762
2025-11-26 11:20:37.674634,s2-eth2,0.0029877471923828126,99.99701225280762
2025-11-26 11:20:37.674780,s3-eth2,0.0029877471923828126,99.99701225280762
2025-11-26 11:20:38.675667,s1-eth1,0.0029877471923828126,99.99701225280762
2025-11-26 11:20:38.675771,s2-eth2,0.0029877471923828126,99.99701225280762
2025-11-26 11:20:38.675918,s3-eth2,0.0029877471923828126,99.99701225280762
2025-11-26 11:20:39.676778,s1-eth1,0.0029877471923828126,99.99701225280762
2025-11-26 11:20:39.676881,s2-eth2,0.0029877471923828126,99.99701225280762
2025-11-26 11:20:39.677027,s3-eth2,0.0029877471923828126,99.99701225280762
2025-11-26 11:20:40.677932,s1-eth1,0.0029877471923828126,99.99701225280762
2025-11-26 11:20:40.678035,s2-eth2,0.0029877471923828126,99.99701225280762
2025-11-26 11:20:40.678183,s3-eth2,0.0029877471923828126,99.99701225280762
2025-11-26 11:20:41.679107,s1-eth1,0.0029877471923828126,99.99701225280762
2025-11-26 11:20:41.679211,s2-eth2,0.0029877471923828126,99.99701225280762
2025-11-26 11:20:41.679358,s3-eth2,0.0029877471923828126,99.99701225280762
2025-11-26 11:20:42.680320,s1-eth1,0.0036279296875,99.9963720703125
2025-11-26 11:20:42.680424,s2-eth2,0.0029877471923828126,99.99701225280762
2025-11-26 11:20:42.680571,s3-eth2,0.0029877471923828126,99.99701225280762
2025-11-26 11:20:43.681450,s1-eth1,0.0036279296875,99.9963720703125
2025-11-26 11:20:43.681554,s2-eth2,0.0029877471923828126,99.99701225280762
2025-11-26 11:20:43.681701,s3-eth2,0.0029877471923828126,99.99701225280762
2025-11-26 11:20:44.682569,s1-eth1,0.0029877471923828126,99.99701225280762
2025-11-26 11:20:44.682673,s2-eth2,0.0029877471923828126,99.99701225280762
2025-11-26 11:20:44.682818,s3-eth2,0.0029877471923828126,99.99701225280762
2025-11-26 11:20:45.683737,s1-eth1,0.0033078765869140624,99.99669212341308
2025-11-26 11:20:45.683842,s2-eth2,0.0036279296875,99.9963720703125
2025-11-26 11:20:45.683992,s3-eth2,0.0036279296875,99.9963720703125
2025-11-26 11:20:46.684866,s1-eth1,0.0033078765869140624,99.99669212341308
2025-11-26 11:20:46.684969,s2-eth2,0.0029877471923828126,99.99701225280762
2025-11-26 11:20:46.685116,s3-eth2,0.0029877471923828126,99.99701225280762
2025-11-26 11:20:47.686087,s1-eth1,0.0029877471923828126,99.99701225280762
2025-11-26 11:20:47.686190,s2-eth2,0.0029877471923828126,99.99701225280762
2025-11-26 11:20:47.686336,s3-eth2,0.0029877471923828126,99.99701225280762
2025-11-26 11:20:48.687238,s1-eth1,0.0029877471923828126,99.99701225280762
2025-11-26 11:20:48.687341,s2-eth2,0.0029877471923828126,99.99701225280762
2025-11-26 11:20:48.687487,s3-eth2,0.0029877471923828126,99.99701225280762
2025-11-26 11:20:49.688372,s1-eth1,0.0029877471923828126,99.99701225280762
2025-11-26 11:20:49.688478,s2-eth2,0.0029877471923828126,99.99701225280762
2025-11-26 11:20:49.688624,s3-eth2,0.0029877471923828126,99.99701225280762
2025-11-26 11:20:50.689524,s1-eth1,0.0029877471923828126,99.99701225280762
2025-11-26 11:20:50.689628,s2-eth2,0.0029877471923828126,99.99701225280762
2025-11-26 11:20:50.689775,s3-eth2,0.0029877471923828126,99.99701225280762
2025-11-26 11:20:51.690650,s1-eth1,0.0029877471923828126,99.99701225280762
2025-11-26 11:20:51.690753,s2-eth2,0.0029877471923828126,99.99701225280762
2025-11-26 11:20:51.690937,s3-eth2,0.0029877471923828126,99.99701225280762
2025-11-26 11:20:52.691895,s1-eth1,0.0029877471923828126,99.99701225280762
2025-11-26 11:20:52.691999,s2-eth2,0.0029877471923828126,99.99701225280762
2025-11-26 11:20:52.692146,s3-eth2,0.0029877471923828126,99.99701225280762
2025-11-26 11:20:53.693007,s1-eth1,0.0029877471923828126,99.99701225280762
2025-11-26 11:20:53.693122,s2-eth2,0.0029877471923828126,99.99701225280762
2025-11-26 11:20:53.693269,s3-eth2,0.0029877471923828126,99.99701225280762
2025-11-26 11:20:54.694116,s1-eth1,0.0029877471923828126,99.99701225280762
2025-11-26 11:20:54.694232,s2-eth2,0.0029877471923828126,99.99701225280762
2025-11-26 11:20:54.694380,s3-eth2,0.0029877471923828126,99.99701225280762
2025-11-26 11:20:55.695282,s1-eth1,0.0029877471923828126,99.99701225280762
2025-11-26 11:20:55.695398,s2-eth2,0.0029877471923828126,99.99701225280762
2025-11-26 11:20:55.695545,s3-eth2,0.0029877471923828126,99.99701225280762
2025-11-26 11:20:56.696413,s1-eth1,0.0029877471923828126,99.99701225280762
2025-11-26 11:20:56.696517,s2-eth2,0.0029877471923828126,99.99701225280762
2025-11-26 11:20:56.696675,s3-eth2,0.0029877471923828126,99.99701225280762
2025-11-26 11:20:57.697538,s1-eth1,0.0029877471923828126,99.99701225280762
2025-11-26 11:20:57.697641,s2-eth2,0.0029877471923828126,99.99701225280762
2025-11-26 11:20:57.697800,s3-eth2,0.0029877471923828126,99.99701225280762
2025-11-26 11:20:58.698642,s1-eth1,0.0029877471923828126,99.99701225280762
2025-11-26 11:20:58.698745,s2-eth2,0.0029877471923828126,99.99701225280762
2025-11-26 11:20:58.698919,s3-eth2,0.0029877471923828126,99.99701225280762
2025-11-26 11:20:59.699769,s1-eth1,0.0029877471923828126,99.99701225280762
2025-11-26 11:20:59.699872,s2-eth2,0.0029877471923828126,99.99701225280762
2025-11-26 11:20:59.700019,s3-eth2,0.0029877471923828126,99.99701225280762
2025-11-26 11:21:00.700910,s1-eth1,0.0029877471923828126,99.99701225280762
2025-11-26 11:21:00.701013,s2-eth2,0.0029877471923828126,99.99701225280762
2025-11-26 11:21:00.701160,s3-eth2,0.0029877471923828126,99.99701225280762
2025-11-26 11:21:01.702033,s1-eth1,0.0029877471923828126,99.99701225280762
2025-11-26 11:21:01.702137,s2-eth2,0.0029877471923828126,99.99701225280762
2025-11-26 11:21:01.702284,s3-eth2,0.0029877471923828126,99.99701225280762
2025-11-26 11:21:02.703267,s1-eth1,0.0029877471923828126,99.99701225280762
2025-11-26 11:21:02.703372,s2-eth2,0.0029877471923828126,99.99701225280762
2025-11-26 11:21:02.703520,s3-eth2,0.0029877471923828126,99.99701225280762
2025-11-26 11:21:03.704397,s1-eth1,0.0036279296875,99.9963720703125
2025-11-26 11:21:03.704500,s2-eth2,0.0029877471923828126,99.99701225280762
2025-11-26 11:21:03.704647,s3-eth2,0.0029877471923828126,99.99701225280762
2025-11-26 11:21:04.705515,s1-eth1,0.0029877471923828126,99.99701225280762
2025-11-26 11:21:04.705618,s2-eth2,0.0036279296875,99.9963720703125
2025-11-26 11:21:04.705765,s3-eth2,0.0036279296875,99.9963720703125
2025-11-26 11:21:05.706671,s1-eth1,0.0029877471923828126,99.99701225280762
2025-11-26 11:21:05.706775,s2-eth2,0.0029877471923828126,99.99701225280762
2025-11-26 11:21:05.706937,s3-eth2,0.0029877471923828126,99.99701225280762
2025-11-26 11:21:06.707806,s1-eth1,0.0029877471923828126,99.99701225280762
2025-11-26 11:21:06.707909,s2-eth2,0.0029877471923828126,99.99701225280762
2025-11-26 11:21:06.708055,s3-eth2,0.0029877471923828126,99.99701225280762
2025-11-26 11:21:07.709030,s1-eth1,0.0029877471923828126,99.99701225280762
2025-11-26 11:21:07.709133,s2-eth2,0.0029877471923828126,99.99701225280762
2025-11-26 11:21:07.709279,s3-eth2,0.0029877471923828126,99.99701225280762
2025-11-26 11:21:08.710159,s1-eth1,0.0029877471923828126,99.99701225280762
2025-11-26 11:21:08.710263,s2-eth2,0.0029877471923828126,99.99701225280762
2025-11-26 11:21:08.710410,s3-eth2,0.0029877471923828126,99.99701225280762
2025-11-26 11:21:09.711281,s1-eth1,0.0029877471923828126,99.99701225280762
2025-11-26 11:21:09.711384,s2-eth2,0.0029877471923828126,99.99701225280762
2025-11-26 11:21:09.711530,s3-eth2,0.0029877471923828126,99.99701225280762
2025-11-26 11:21:10.712402,s1-eth1,0.0036279296875,99.9963720703125
2025-11-26 11:21:10.712507,s2-eth2,0.0036279296875,99.9963720703125
2025-11-26 11:21:10.712655,s3-eth2,0.0036279296875,99.9963720703125
2025-11-26 11:21:11.713540,s1-eth1,0.0029877471923828126,99.99701225280762
2025-11-26 11:21:11.713643,s2-eth2,0.0029877471923828126,99.99701225280762
2025-11-26 11:21:11.713790,s3-eth2,0.0029877471923828126,99.99701225280762
2025-11-26 11:21:12.714764,s1-eth1,0.0029877471923828126,99.99701225280762
2025-11-26 11:21:12.714901,s2-eth2,0.0029877471923828126,99.99701225280762
2025-11-26 11:21:12.715050,s3-eth2,0.0029877471923828126,99.99701225280762
2025-11-26 11:21:13.715923,s1-eth1,0.0029877471923828126,99.99701225280762
2025-11-26 11:21:13.716027,s2-eth2,0.0029877471923828126,99.99701225280762
2025-11-26 11:21:13.716175,s3-eth2,0.0029877471923828126,99.99701225280762
2025-11-26 11:21:14.717044,s1-eth1,0.0029877471923828126,99.99701225280762
2025-11-26 11:21:14.717162,s2-eth2,0.0029877471923828126,99.99701225280762
2025-11-26 11:21:14.717309,s3-eth2,0.0029877471923828126,99.99701225280762
2025-11-26 11:21:15.718188,s1-eth1,0.0036279296875,99.9963720703125
2025-11-26 11:21:15.718308,s2-eth2,0.0036279296875,99.9963720703125
2025-11-26 11:21:15.718455,s3-eth2,0.0036279296875,99.9963720703125
2025-11-26 11:21:16.719334,s1-eth1,0.0029877471923828126,99.99701225280762
2025-11-26 11:21:16.719452,s2-eth2,0.0029877471923828126,99.99701225280762
2025-11-26 11:21:16.719599,s3-eth2,0.0029877471923828126,99.99701225280762
2025-11-26 11:21:17.720458,s1-eth1,0.0029877471923828126,99.99701225280762
2025-11-26 11:21:17.720562,s2-eth2,0.0029877471923828126,99.99701225280762
2025-11-26 11:21:17.720721,s3-eth2,0.0029877471923828126,99.99701225280762
2025-11-26 11:21:18.721572,s1-eth1,0.0029877471923828126,99.99701225280762
2025-11-26 11:21:18.721675,s2-eth2,0.0029877471923828126,99.99701225280762
2025-11-26 11:21:18.721834,s3-eth2,0.0029877471923828126,99.99701225280762
2025-11-26 11:21:19.722684,s1-eth1,0.0029877471923828126,99.99701225280762
2025-11-26 11:21:19.722788,s2-eth2,0.0029877471923828126,99.99701225280762
2025-11-26 11:21:19.722964,s3-eth2,0.0029877471923828126,99.99701225280762
2025-11-26 11:21:20.723847,s1-eth1,0.0029877471923828126,99.99701225280762
2025-11-26 11:21:20.723951,s2-eth2,0.0029877471923828126,99.99701225280762
2025-11-26 11:21:20.724113,s3-eth2,0.0029877471923828126,99.99701225280762
2025-11-26 11:21:21.724972,s1-eth1,0.0029877471923828126,99.99701225280762
2025-11-26 11:21:21.725075,s2-eth2,0.0029877471923828126,99.99701225280762
2025-11-26 11:21:21.725222,s3-eth2,0.0029877471923828126,99.99701225280762
2025-11-26 11:21:22.726092,s1-eth1,0.0029877471923828126,99.99701225280762
2025-11-26 11:21:22.726194,s2-eth2,0.0029877471923828126,99.99701225280762
2025-11-26 11:21:22.726341,s3-eth2,0.0029877471923828126,99.99701225280762
2025-11-26 11:21:23.727213,s1-eth1,0.0029877471923828126,99.99701225280762
2025-11-26 11:21:23.727316,s2-eth2,0.0029877471923828126,99.99701225280762
2025-11-26 11:21:23.727463,s3-eth2,0.0029877471923828126,99.99701225280762
2025-11-26 11:21:24.728328,s1-eth1,0.0036279296875,99.9963720703125
2025-11-26 11:21:24.728432,s2-eth2,0.0029877471923828126,99.99701225280762
2025-11-26 11:21:24.728578,s3-eth2,0.0029877471923828126,99.99701225280762
2025-11-26 11:21:25.729570,s1-eth1,0.0029877471923828126,99.99701225280762
2025-11-26 11:21:25.729673,s2-eth2,0.0029877471923828126,99.99701225280762
2025-11-26 11:21:25.729821,s3-eth2,0.0029877471923828126,99.99701225280762
2025-11-26 11:21:26.730708,s1-eth1,0.0036279296875,99.9963720703125
2025-11-26 11:21:26.730811,s2-eth2,0.0036279296875,99.9963720703125
2025-11-26 11:21:26.730973,s3-eth2,0.0036279296875,99.9963720703125
2025-11-26 11:21:27.731855,s1-eth1,0.0029877471923828126,99.99701225280762
2025-11-26 11:21:27.731957,s2-eth2,0.0029877471923828126,99.99701225280762
2025-11-26 11:21:27.732103,s3-eth2,0.0029877471923828126,99.99701225280762
2025-11-26 11:21:28.732962,s1-eth1,0.0029877471923828126,99.99701225280762
2025-11-26 11:21:28.733066,s2-eth2,0.0029877471923828126,99.99701225280762
2025-11-26 11:21:28.733212,s3-eth2,0.0029877471923828126,99.99701225280762
2025-11-26 11:21:29.734080,s1-eth1,0.0029877471923828126,99.99701225280762
2025-11-26 11:21:29.734183,s2-eth2,0.0029877471923828126,99.99701225280762
2025-11-26 11:21:29.734330,s3-eth2,0.0029877471923828126,99.99701225280762
2025-11-26 11:21:30.735328,s1-eth1,0.0029877471923828126,99.99701225280762
2025-11-26 11:21:30.735432,s2-eth2,0.0029877471923828126,99.99701225280762
2025-11-26 11:21:30.735580,s3-eth2,0.0029877471923828126,99.99701225280762
2025-11-26 11:21:31.736457,s1-eth1,0.0029877471923828126,99.99701225280762
2025-11-26 11:21:31.736561,s2-eth2,0.0029877471923828126,99.99701225280762
2025-11-26 11:21:31.736708,s3-eth2,0.0029877471923828126,99.99701225280762
2025-11-26 11:21:32.737578,s1-eth1,0.0029877471923828126,99.99701225280762
2025-11-26 11:21:32.737682,s2-eth2,0.0029877471923828126,99.99701225280762
2025-11-26 11:21:32.737828,s3-eth2,0.0029877471923828126,99.99701225280762
2025-11-26 11:21:33.738683,s1-eth1,0.0029877471923828126,99.99701225280762
2025-11-26 11:21:33.738785,s2-eth2,0.0029877471923828126,99.99701225280762
2025-11-26 11:21:33.738944,s3-eth2,0.0029877471923828126,99.99701225280762
2025-11-26 11:21:34.739794,s1-eth1,0.0029877471923828126,99.99701225280762
2025-11-26 11:21:34.739897,s2-eth2,0.0029877471923828126,99.99701225280762
2025-11-26 11:21:34.740043,s3-eth2,0.0029877471923828126,99.99701225280762
2025-11-26 11:21:35.741032,s1-eth1,0.0029877471923828126,99.99701225280762
2025-11-26 11:21:35.741137,s2-eth2,0.0029877471923828126,99.99701225280762
2025-11-26 11:21:35.741285,s3-eth2,0.0029877471923828126,99.99701225280762
2025-11-26 11:21:36.742164,s1-eth1,0.0036279296875,99.9963720703125
2025-11-26 11:21:36.742281,s2-eth2,0.0036279296875,99.9963720703125
2025-11-26 11:21:36.742429,s3-eth2,0.0036279296875,99.9963720703125
2025-11-26 11:21:37.743290,s1-eth1,0.0029877471923828126,99.99701225280762
2025-11-26 11:21:37.743406,s2-eth2,0.0029877471923828126,99.99701225280762
2025-11-26 11:21:37.743553,s3-eth2,0.0029877471923828126,99.99701225280762
2025-11-26 11:21:38.744392,s1-eth1,0.0029877471923828126,99.99701225280762
2025-11-26 11:21:38.744509,s2-eth2,0.0029877471923828126,99.99701225280762
2025-11-26 11:21:38.744655,s3-eth2,0.0029877471923828126,99.99701225280762
2025-11-26 11:21:39.745496,s1-eth1,0.0029877471923828126,99.99701225280762
2025-11-26 11:21:39.745600,s2-eth2,0.0029877471923828126,99.99701225280762
2025-11-26 11:21:39.745758,s3-eth2,0.0029877471923828126,99.99701225280762
2025-11-26 11:21:40.746738,s1-eth1,0.0029877471923828126,99.99701225280762
2025-11-26 11:21:40.746842,s2-eth2,0.0029877471923828126,99.99701225280762
2025-11-26 11:21:40.747044,s3-eth2,0.0029877471923828126,99.99701225280762
2025-11-26 11:21:41.747911,s1-eth1,0.0029877471923828126,99.99701225280762
2025-11-26 11:21:41.748015,s2-eth2,0.0029877471923828126,99.99701225280762
2025-11-26 11:21:41.748176,s3-eth2,0.0029877471923828126,99.99701225280762
2025-11-26 11:21:42.749020,s1-eth1,0.0029877471923828126,99.99701225280762
2025-11-26 11:21:42.749123,s2-eth2,0.0029877471923828126,99.99701225280762
2025-11-26 11:21:42.749269,s3-eth2,0.0029877471923828126,99.99701225280762
2025-11-26 11:21:43.750140,s1-eth1,0.0029877471923828126,99.99701225280762
2025-11-26 11:21:43.750244,s2-eth2,0.0029877471923828126,99.99701225280762
2025-11-26 11:21:43.750390,s3-eth2,0.0029877471923828126,99.99701225280762
2025-11-26 11:21:44.751264,s1-eth1,0.0029877471923828126,99.99701225280762
2025-11-26 11:21:44.751367,s2-eth2,0.0029877471923828126,99.99701225280762
2025-11-26 11:21:44.751512,s3-eth2,0.0029877471923828126,99.99701225280762
2025-11-26 11:21:45.752499,s1-eth1,0.0029877471923828126,99.99701225280762
2025-11-26 11:21:45.752603,s2-eth2,0.0029877471923828126,99.99701225280762
2025-11-26 11:21:45.752750,s3-eth2,0.0029877471923828126,99.99701225280762
2025-11-26 11:21:46.753620,s1-eth1,0.0029877471923828126,99.99701225280762
2025-11-26 11:21:46.753723,s2-eth2,0.0029877471923828126,99.99701225280762
2025-11-26 11:21:46.753868,s3-eth2,0.0029877471923828126,99.99701225280762
2025-11-26 11:21:47.754744,s1-eth1,0.0029877471923828126,99.99701225280762
2025-11-26 11:21:47.754879,s2-eth2,0.0029877471923828126,99.99701225280762
2025-11-26 11:21:47.755031,s3-eth2,0.0029877471923828126,99.99701225280762
2025-11-26 11:21:48.755901,s1-eth1,0.0029877471923828126,99.99701225280762
2025-11-26 11:21:48.756003,s2-eth2,0.0029877471923828126,99.99701225280762
2025-11-26 11:21:48.756150,s3-eth2,0.0029877471923828126,99.99701225280762
2025-11-26 11:21:49.757013,s1-eth1,0.0029877471923828126,99.99701225280762
2025-11-26 11:21:49.757117,s2-eth2,0.0029877471923828126,99.99701225280762
2025-11-26 11:21:49.757263,s3-eth2,0.0029877471923828126,99.99701225280762
2025-11-26 11:21:50.758219,s1-eth1,0.0029877471923828126,99.99701225280762
2025-11-26 11:21:50.758323,s2-eth2,0.0029877471923828126,99.99701225280762
2025-11-26 11:21:50.758469,s3-eth2,0.0029877471923828126,99.99701225280762
2025-11-26 11:21:51.759402,s1-eth1,0.0029877471923828126,99.99701225280762
2025-11-26 11:21:51.759506,s2-eth2,0.0036279296875,99.9963720703125
2025-11-26 11:21:51.759653,s3-eth2,0.0036279296875,99.9963720703125
2025-11-26 11:21:52.760480,s1-eth1,0.0029877471923828126,99.99701225280762
2025-11-26 11:21:52.760583,s2-eth2,0.0029877471923828126,99.99701225280762
2025-11-26 11:21:52.760728,s3-eth2,0.0029877471923828126,99.99701225280762
2025-11-26 11:21:53.761566,s1-eth1,0.0029877471923828126,99.99701225280762
2025-11-26 11:21:53.761669,s2-eth2,0.0029877471923828126,99.99701225280762
2025-11-26 11:21:53.761815,s3-eth2,0.0029877471923828126,99.99701225280762
2025-11-26 11:21:54.762625,s1-eth1,0.0029877471923828126,99.99701225280762
2025-11-26 11:21:54.762728,s2-eth2,0.0029877471923828126,99.99701225280762
2025-11-26 11:21:54.762885,s3-eth2,0.0029877471923828126,99.99701225280762
2025-11-26 11:21:55.763806,s1-eth1,0.0029877471923828126,99.99701225280762
2025-11-26 11:21:55.763910,s2-eth2,0.0029877471923828126,99.99701225280762
2025-11-26 11:21:55.764055,s3-eth2,0.0029877471923828126,99.99701225280762
2025-11-26 11:21:56.764874,s1-eth1,0.0029877471923828126,99.99701225280762
2025-11-26 11:21:56.764977,s2-eth2,0.0029877471923828126,99.99701225280762
2025-11-26 11:21:56.765123,s3-eth2,0.0029877471923828126,99.99701225280762
2025-11-26 11:21:57.765650,s1-eth1,0.003631591796875,99.99636840820312
2025-11-26 11:21:57.765695,s2-eth2,0.00299072265625,99.99700927734375
2025-11-26 11:21:57.765749,s3-eth2,0.00299072265625,99.99700927734375
2025-11-26 11:21:58.766443,s1-eth1,0.003631591796875,99.99636840820312
2025-11-26 11:21:58.766562,s2-eth2,0.003631591796875,99.99636840820312
2025-11-26 11:21:58.766708,s3-eth2,0.003631591796875,99.99636840820312
2025-11-26 11:21:59.767598,s1-eth1,0.0029877471923828126,99.99701225280762
2025-11-26 11:21:59.767718,s2-eth2,0.0029877471923828126,99.99701225280762
2025-11-26 11:21:59.767865,s3-eth2,0.0029877471923828126,99.99701225280762
2025-11-26 11:22:00.768873,s1-eth1,0.0029877471923828126,99.99701225280762
2025-11-26 11:22:00.768978,s2-eth2,0.0029877471923828126,99.99701225280762
2025-11-26 11:22:00.769138,s3-eth2,0.0029877471923828126,99.99701225280762
2025-11-26 11:22:01.769987,s1-eth1,0.0029877471923828126,99.99701225280762
2025-11-26 11:22:01.770092,s2-eth2,0.0029877471923828126,99.99701225280762
2025-11-26 11:22:01.770253,s3-eth2,0.0029877471923828126,99.99701225280762
2025-11-26 11:22:02.771113,s1-eth1,0.0029877471923828126,99.99701225280762
2025-11-26 11:22:02.771216,s2-eth2,0.0029877471923828126,99.99701225280762
2025-11-26 11:22:02.771376,s3-eth2,0.0029877471923828126,99.99701225280762
2025-11-26 11:22:03.772212,s1-eth1,0.0029877471923828126,99.99701225280762
2025-11-26 11:22:03.772315,s2-eth2,0.0029877471923828126,99.99701225280762
2025-11-26 11:22:03.772461,s3-eth2,0.0029877471923828126,99.99701225280762
2025-11-26 11:22:04.773297,s1-eth1,0.0029877471923828126,99.99701225280762
2025-11-26 11:22:04.773400,s2-eth2,0.0029877471923828126,99.99701225280762
2025-11-26 11:22:04.773546,s3-eth2,0.0029877471923828126,99.99701225280762
2025-11-26 11:22:05.774558,s1-eth1,0.0029877471923828126,99.99701225280762
2025-11-26 11:22:05.774661,s2-eth2,0.0029877471923828126,99.99701225280762
2025-11-26 11:22:05.774808,s3-eth2,0.0029877471923828126,99.99701225280762
2025-11-26 11:22:06.775650,s1-eth1,0.0036279296875,99.9963720703125
2025-11-26 11:22:06.775753,s2-eth2,0.0036279296875,99.9963720703125
2025-11-26 11:22:06.775898,s3-eth2,0.0036279296875,99.9963720703125
2025-11-26 11:22:07.776749,s1-eth1,0.0029877471923828126,99.99701225280762
2025-11-26 11:22:07.776854,s2-eth2,0.0036279296875,99.9963720703125
2025-11-26 11:22:07.776999,s3-eth2,0.0036279296875,99.9963720703125
2025-11-26 11:22:08.777853,s1-eth1,0.0029877471923828126,99.99701225280762
2025-11-26 11:22:08.777955,s2-eth2,0.0029877471923828126,99.99701225280762
2025-11-26 11:22:08.778100,s3-eth2,0.0029877471923828126,99.99701225280762
2025-11-26 11:22:09.778911,s1-eth1,0.0029877471923828126,99.99701225280762
2025-11-26 11:22:09.778994,s2-eth2,0.0029877471923828126,99.99701225280762
2025-11-26 11:22:09.779113,s3-eth2,0.0029877471923828126,99.99701225280762
2025-11-26 11:22:10.780123,s1-eth1,0.0029877471923828126,99.99701225280762
2025-11-26 11:22:10.780227,s2-eth2,0.0029877471923828126,99.99701225280762
2025-11-26 11:22:10.780378,s3-eth2,0.0029877471923828126,99.99701225280762
2025-11-26 11:22:11.781269,s1-eth1,0.0029877471923828126,99.99701225280762
2025-11-26 11:22:11.781374,s2-eth2,0.0029877471923828126,99.99701225280762
2025-11-26 11:22:11.781520,s3-eth2,0.0029877471923828126,99.99701225280762
2025-11-26 11:22:12.782352,s1-eth1,0.0029877471923828126,99.99701225280762
2025-11-26 11:22:12.782455,s2-eth2,0.0029877471923828126,99.99701225280762
2025-11-26 11:22:12.782599,s3-eth2,0.0029877471923828126,99.99701225280762
2025-11-26 11:22:13.783467,s1-eth1,0.0036279296875,99.9963720703125
2025-11-26 11:22:13.783571,s2-eth2,0.0029877471923828126,99.99701225280762
2025-11-26 11:22:13.783718,s3-eth2,0.0029877471923828126,99.99701225280762
2025-11-26 11:22:14.784583,s1-eth1,0.0029877471923828126,99.99701225280762
2025-11-26 11:22:14.784687,s2-eth2,0.0029877471923828126,99.99701225280762
2025-11-26 11:22:14.784834,s3-eth2,0.0029877471923828126,99.99701225280762
2025-11-26 11:22:15.785671,s1-eth1,0.0029877471923828126,99.99701225280762
2025-11-26 11:22:15.785773,s2-eth2,0.0029877471923828126,99.99701225280762
2025-11-26 11:22:15.785918,s3-eth2,0.0029877471923828126,99.99701225280762
2025-11-26 11:22:16.786758,s1-eth1,0.0029877471923828126,99.99701225280762
2025-11-26 11:22:16.786877,s2-eth2,0.0029877471923828126,99.99701225280762
2025-11-26 11:22:16.787024,s3-eth2,0.0029877471923828126,99.99701225280762
2025-11-26 11:22:17.787883,s1-eth1,0.0029877471923828126,99.99701225280762
2025-11-26 11:22:17.787986,s2-eth2,0.0029877471923828126,99.99701225280762
2025-11-26 11:22:17.788132,s3-eth2,0.0029877471923828126,99.99701225280762
2025-11-26 11:22:18.788969,s1-eth1,0.0029877471923828126,99.99701225280762
2025-11-26 11:22:18.789073,s2-eth2,0.0029877471923828126,99.99701225280762
2025-11-26 11:22:18.789218,s3-eth2,0.0029877471923828126,99.99701225280762
2025-11-26 11:22:19.789900,s1-eth1,0.00299072265625,99.99700927734375
2025-11-26 11:22:19.789975,s2-eth2,0.00299072265625,99.99700927734375
2025-11-26 11:22:19.790066,s3-eth2,0.00299072265625,99.99700927734375
2025-11-26 11:22:20.790984,s1-eth1,0.0029877471923828126,99.99701225280762
2025-11-26 11:22:20.791112,s2-eth2,0.0029877471923828126,99.99701225280762
2025-11-26 11:22:20.791261,s3-eth2,0.0029877471923828126,99.99701225280762
2025-11-26 11:22:21.792097,s1-eth1,0.0029877471923828126,99.99701225280762
2025-11-26 11:22:21.792211,s2-eth2,0.0029877471923828126,99.99701225280762
2025-11-26 11:22:21.792357,s3-eth2,0.0029877471923828126,99.99701225280762
2025-11-26 11:22:22.793161,s1-eth1,0.0029877471923828126,99.99701225280762
2025-11-26 11:22:22.793263,s2-eth2,0.0029877471923828126,99.99701225280762
2025-11-26 11:22:22.793418,s3-eth2,0.0029877471923828126,99.99701225280762
2025-11-26 11:22:23.794261,s1-eth1,0.0029877471923828126,99.99701225280762
2025-11-26 11:22:23.794364,s2-eth2,0.0029877471923828126,99.99701225280762
2025-11-26 11:22:23.794522,s3-eth2,0.0029877471923828126,99.99701225280762
2025-11-26 11:22:24.795388,s1-eth1,0.0029877471923828126,99.99701225280762
2025-11-26 11:22:24.795491,s2-eth2,0.0029877471923828126,99.99701225280762
2025-11-26 11:22:24.795659,s3-eth2,0.0029877471923828126,99.99701225280762
2025-11-26 11:22:25.796613,s1-eth1,0.0029877471923828126,99.99701225280762
2025-11-26 11:22:25.796715,s2-eth2,0.0029877471923828126,99.99701225280762
2025-11-26 11:22:25.796859,s3-eth2,0.0029877471923828126,99.99701225280762
2025-11-26 11:22:26.797700,s1-eth1,0.0029877471923828126,99.99701225280762
2025-11-26 11:22:26.797803,s2-eth2,0.0029877471923828126,99.99701225280762
2025-11-26 11:22:26.797948,s3-eth2,0.0029877471923828126,99.99701225280762
2025-11-26 11:22:27.798764,s1-eth1,0.0029877471923828126,99.99701225280762
2025-11-26 11:22:27.798898,s2-eth2,0.0029877471923828126,99.99701225280762
2025-11-26 11:22:27.799043,s3-eth2,0.0029877471923828126,99.99701225280762
2025-11-26 11:22:28.799920,s1-eth1,0.0036279296875,99.9963720703125
2025-11-26 11:22:28.800025,s2-eth2,0.0029877471923828126,99.99701225280762
2025-11-26 11:22:28.800173,s3-eth2,0.0029877471923828126,99.99701225280762
2025-11-26 11:22:29.801006,s1-eth1,0.0029877471923828126,99.99701225280762
2025-11-26 11:22:29.801110,s2-eth2,0.0029877471923828126,99.99701225280762
2025-11-26 11:22:29.801256,s3-eth2,0.0029877471923828126,99.99701225280762
2025-11-26 11:22:30.802291,s1-eth1,0.0036279296875,99.9963720703125
2025-11-26 11:22:30.802395,s2-eth2,0.0036279296875,99.9963720703125
2025-11-26 11:22:30.802542,s3-eth2,0.0036279296875,99.9963720703125
2025-11-26 11:22:31.803380,s1-eth1,0.0029877471923828126,99.99701225280762
2025-11-26 11:22:31.803482,s2-eth2,0.0029877471923828126,99.99701225280762
2025-11-26 11:22:31.803628,s3-eth2,0.0029877471923828126,99.99701225280762
2025-11-26 11:22:32.804441,s1-eth1,0.0029877471923828126,99.99701225280762
2025-11-26 11:22:32.804543,s2-eth2,0.0029877471923828126,99.99701225280762
2025-11-26 11:22:32.804688,s3-eth2,0.0029877471923828126,99.99701225280762
2025-11-26 11:22:33.805516,s1-eth1,0.0036279296875,99.9963720703125
2025-11-26 11:22:33.805620,s2-eth2,0.0036279296875,99.9963720703125
2025-11-26 11:22:33.805765,s3-eth2,0.0036279296875,99.9963720703125
2025-11-26 11:22:34.806568,s1-eth1,0.0029877471923828126,99.99701225280762
2025-11-26 11:22:34.806671,s2-eth2,0.0029877471923828126,99.99701225280762
2025-11-26 11:22:34.806815,s3-eth2,0.0029877471923828126,99.99701225280762
2025-11-26 11:22:35.807655,s1-eth1,0.0029877471923828126,99.99701225280762
2025-11-26 11:22:35.807757,s2-eth2,0.0029877471923828126,99.99701225280762
2025-11-26 11:22:35.807900,s3-eth2,0.0029877471923828126,99.99701225280762
2025-11-26 11:22:36.808705,s1-eth1,0.0029877471923828126,99.99701225280762
2025-11-26 11:22:36.808807,s2-eth2,0.0029877471923828126,99.99701225280762
2025-11-26 11:22:36.808951,s3-eth2,0.0029877471923828126,99.99701225280762
2025-11-26 11:22:37.809756,s1-eth1,0.0029877471923828126,99.99701225280762
2025-11-26 11:22:37.809859,s2-eth2,0.0029877471923828126,99.99701225280762
2025-11-26 11:22:37.810003,s3-eth2,0.0029877471923828126,99.99701225280762
2025-11-26 11:22:38.810841,s1-eth1,0.0029877471923828126,99.99701225280762
2025-11-26 11:22:38.810958,s2-eth2,0.0036279296875,99.9963720703125
2025-11-26 11:22:38.811104,s3-eth2,0.0036279296875,99.9963720703125
2025-11-26 11:22:39.811915,s1-eth1,0.0029877471923828126,99.99701225280762
2025-11-26 11:22:39.812017,s2-eth2,0.0029877471923828126,99.99701225280762
2025-11-26 11:22:39.812161,s3-eth2,0.0029877471923828126,99.99701225280762
2025-11-26 11:22:40.813076,s1-eth1,0.0029877471923828126,99.99701225280762
2025-11-26 11:22:40.813188,s2-eth2,0.0029877471923828126,99.99701225280762
2025-11-26 11:22:40.813331,s3-eth2,0.0029877471923828126,99.99701225280762
2025-11-26 11:22:41.814133,s1-eth1,0.0029877471923828126,99.99701225280762
2025-11-26 11:22:41.814246,s2-eth2,0.0029877471923828126,99.99701225280762
2025-11-26 11:22:41.814390,s3-eth2,0.0029877471923828126,99.99701225280762
2025-11-26 11:22:42.815231,s1-eth1,0.0029877471923828126,99.99701225280762
2025-11-26 11:22:42.815348,s2-eth2,0.0029877471923828126,99.99701225280762
2025-11-26 11:22:42.815494,s3-eth2,0.0029877471923828126,99.99701225280762
2025-11-26 11:22:43.816298,s1-eth1,0.0029877471923828126,99.99701225280762
2025-11-26 11:22:43.816401,s2-eth2,0.0029877471923828126,99.99701225280762
2025-11-26 11:22:43.816556,s3-eth2,0.0029877471923828126,99.99701225280762
2025-11-26 11:22:44.817366,s1-eth1,0.0029877471923828126,99.99701225280762
2025-11-26 11:22:44.817468,s2-eth2,0.0029877471923828126,99.99701225280762
2025-11-26 11:22:44.817623,s3-eth2,0.0029877471923828126,99.99701225280762
2025-11-26 11:22:45.818443,s1-eth1,0.0029877471923828126,99.99701225280762
2025-11-26 11:22:45.818546,s2-eth2,0.0029877471923828126,99.99701225280762
2025-11-26 11:22:45.818709,s3-eth2,0.0029877471923828126,99.99701225280762
2025-11-26 11:22:46.819553,s1-eth1,0.0029877471923828126,99.99701225280762
2025-11-26 11:22:46.819657,s2-eth2,0.0029877471923828126,99.99701225280762
2025-11-26 11:22:46.819801,s3-eth2,0.0029877471923828126,99.99701225280762
2025-11-26 11:22:47.820613,s1-eth1,0.0029877471923828126,99.99701225280762
2025-11-26 11:22:47.820716,s2-eth2,0.0029877471923828126,99.99701225280762
2025-11-26 11:22:47.820859,s3-eth2,0.0029877471923828126,99.99701225280762
2025-11-26 11:22:48.821683,s1-eth1,0.0029877471923828126,99.99701225280762
2025-11-26 11:22:48.821785,s2-eth2,0.0036279296875,99.9963720703125
2025-11-26 11:22:48.821930,s3-eth2,0.0036279296875,99.9963720703125
2025-11-26 11:22:49.822750,s1-eth1,0.0029877471923828126,99.99701225280762
2025-11-26 11:22:49.822881,s2-eth2,0.0029877471923828126,99.99701225280762
2025-11-26 11:22:49.823026,s3-eth2,0.0029877471923828126,99.99701225280762
2025-11-26 11:22:50.823994,s1-eth1,0.0029877471923828126,99.99701225280762
2025-11-26 11:22:50.824098,s2-eth2,0.0029877471923828126,99.99701225280762
2025-11-26 11:22:50.824245,s3-eth2,0.0029877471923828126,99.99701225280762
2025-11-26 11:22:51.825128,s1-eth1,0.0029877471923828126,99.99701225280762
2025-11-26 11:22:51.825231,s2-eth2,0.0029877471923828126,99.99701225280762
2025-11-26 11:22:51.825378,s3-eth2,0.0029877471923828126,99.99701225280762
2025-11-26 11:22:52.826245,s1-eth1,0.0029877471923828126,99.99701225280762
2025-11-26 11:22:52.826347,s2-eth2,0.0029877471923828126,99.99701225280762
2025-11-26 11:22:52.826493,s3-eth2,0.0029877471923828126,99.99701225280762
2025-11-26 11:22:53.827373,s1-eth1,0.0029877471923828126,99.99701225280762
2025-11-26 11:22:53.827475,s2-eth2,0.0029877471923828126,99.99701225280762
2025-11-26 11:22:53.827621,s3-eth2,0.0029877471923828126,99.99701225280762
2025-11-26 11:22:54.828490,s1-eth1,0.0029877471923828126,99.99701225280762
2025-11-26 11:22:54.828593,s2-eth2,0.0029877471923828126,99.99701225280762
2025-11-26 11:22:54.828740,s3-eth2,0.0029877471923828126,99.99701225280762
2025-11-26 11:22:55.829714,s1-eth1,0.0029877471923828126,99.99701225280762
2025-11-26 11:22:55.829818,s2-eth2,0.0029877471923828126,99.99701225280762
2025-11-26 11:22:55.829965,s3-eth2,0.0029877471923828126,99.99701225280762
2025-11-26 11:22:56.830837,s1-eth1,0.0029877471923828126,99.99701225280762
2025-11-26 11:22:56.830957,s2-eth2,0.0029877471923828126,99.99701225280762
2025-11-26 11:22:56.831104,s3-eth2,0.0029877471923828126,99.99701225280762
2025-11-26 11:22:57.831970,s1-eth1,0.0029877471923828126,99.99701225280762
2025-11-26 11:22:57.832073,s2-eth2,0.0029877471923828126,99.99701225280762
2025-11-26 11:22:57.832219,s3-eth2,0.0029877471923828126,99.99701225280762
2025-11-26 11:22:58.833103,s1-eth1,0.0036279296875,99.9963720703125
2025-11-26 11:22:58.833207,s2-eth2,0.0029877471923828126,99.99701225280762
2025-11-26 11:22:58.833355,s3-eth2,0.0029877471923828126,99.99701225280762
2025-11-26 11:22:59.834232,s1-eth1,0.0029877471923828126,99.99701225280762
2025-11-26 11:22:59.834336,s2-eth2,0.0029877471923828126,99.99701225280762
2025-11-26 11:22:59.834482,s3-eth2,0.0029877471923828126,99.99701225280762
2025-11-26 11:23:00.835488,s1-eth1,0.0029877471923828126,99.99701225280762
2025-11-26 11:23:00.835592,s2-eth2,0.0029877471923828126,99.99701225280762
2025-11-26 11:23:00.835741,s3-eth2,0.0033078765869140624,99.99669212341308
2025-11-26 11:23:01.836611,s1-eth1,0.0036279296875,99.9963720703125
2025-11-26 11:23:01.836736,s2-eth2,0.0036279296875,99.9963720703125
2025-11-26 11:23:01.836883,s3-eth2,0.0033078765869140624,99.99669212341308
2025-11-26 11:23:02.837752,s1-eth1,0.0036279296875,99.9963720703125
2025-11-26 11:23:02.837870,s2-eth2,0.0029877471923828126,99.99701225280762
2025-11-26 11:23:02.838018,s3-eth2,0.0029877471923828126,99.99701225280762
2025-11-26 11:23:03.838890,s1-eth1,0.0036279296875,99.9963720703125
2025-11-26 11:23:03.839008,s2-eth2,0.0036279296875,99.9963720703125
2025-11-26 11:23:03.839157,s3-eth2,0.0036279296875,99.9963720703125
2025-11-26 11:23:04.840010,s1-eth1,0.0029877471923828126,99.99701225280762
2025-11-26 11:23:04.840127,s2-eth2,0.0029877471923828126,99.99701225280762
2025-11-26 11:23:04.840274,s3-eth2,0.0029877471923828126,99.99701225280762
2025-11-26 11:23:05.841274,s1-eth1,0.0029877471923828126,99.99701225280762
2025-11-26 11:23:05.841378,s2-eth2,0.0029877471923828126,99.99701225280762
2025-11-26 11:23:05.841541,s3-eth2,0.0029877471923828126,99.99701225280762
2025-11-26 11:23:06.842406,s1-eth1,0.0029877471923828126,99.99701225280762
2025-11-26 11:23:06.842509,s2-eth2,0.0029877471923828126,99.99701225280762
2025-11-26 11:23:06.842668,s3-eth2,0.0029877471923828126,99.99701225280762
2025-11-26 11:23:07.843539,s1-eth1,0.0029877471923828126,99.99701225280762
2025-11-26 11:23:07.843643,s2-eth2,0.0029877471923828126,99.99701225280762
2025-11-26 11:23:07.843802,s3-eth2,0.0029877471923828126,99.99701225280762
2025-11-26 11:23:08.844654,s1-eth1,0.0029877471923828126,99.99701225280762
2025-11-26 11:23:08.844758,s2-eth2,0.0029877471923828126,99.99701225280762
2025-11-26 11:23:08.844904,s3-eth2,0.0029877471923828126,99.99701225280762
2025-11-26 11:23:09.845767,s1-eth1,0.0029877471923828126,99.99701225280762
2025-11-26 11:23:09.845870,s2-eth2,0.0029877471923828126,99.99701225280762
2025-11-26 11:23:09.846016,s3-eth2,0.0029877471923828126,99.99701225280762
2025-11-26 11:23:10.847021,s1-eth1,0.0029877471923828126,99.99701225280762
2025-11-26 11:23:10.847125,s2-eth2,0.0029877471923828126,99.99701225280762
2025-11-26 11:23:10.847273,s3-eth2,0.0029877471923828126,99.99701225280762
2025-11-26 11:23:11.848154,s1-eth1,0.0029877471923828126,99.99701225280762
2025-11-26 11:23:11.848258,s2-eth2,0.0029877471923828126,99.99701225280762
2025-11-26 11:23:11.848406,s3-eth2,0.0029877471923828126,99.99701225280762
2025-11-26 11:23:12.849277,s1-eth1,0.0029877471923828126,99.99701225280762
2025-11-26 11:23:12.849380,s2-eth2,0.0029877471923828126,99.99701225280762
2025-11-26 11:23:12.849526,s3-eth2,0.0029877471923828126,99.99701225280762
2025-11-26 11:23:13.850392,s1-eth1,0.0029877471923828126,99.99701225280762
2025-11-26 11:23:13.850495,s2-eth2,0.0029877471923828126,99.99701225280762
2025-11-26 11:23:13.850641,s3-eth2,0.0029877471923828126,99.99701225280762
2025-11-26 11:23:14.851519,s1-eth1,0.0029877471923828126,99.99701225280762
2025-11-26 11:23:14.851622,s2-eth2,0.0029877471923828126,99.99701225280762
2025-11-26 11:23:14.851769,s3-eth2,0.0029877471923828126,99.99701225280762
2025-11-26 11:23:15.852769,s1-eth1,0.0029877471923828126,99.99701225280762
2025-11-26 11:23:15.852872,s2-eth2,0.0029877471923828126,99.99701225280762
2025-11-26 11:23:15.853019,s3-eth2,0.0029877471923828126,99.99701225280762
2025-11-26 11:23:16.853895,s1-eth1,0.0029877471923828126,99.99701225280762
2025-11-26 11:23:16.853998,s2-eth2,0.0029877471923828126,99.99701225280762
2025-11-26 11:23:16.854145,s3-eth2,0.0029877471923828126,99.99701225280762
2025-11-26 11:23:17.855033,s1-eth1,0.0029877471923828126,99.99701225280762
2025-11-26 11:23:17.855136,s2-eth2,0.0029877471923828126,99.99701225280762
2025-11-26 11:23:17.855283,s3-eth2,0.0029877471923828126,99.99701225280762
2025-11-26 11:23:18.856155,s1-eth1,0.0029877471923828126,99.99701225280762
2025-11-26 11:23:18.856259,s2-eth2,0.0029877471923828126,99.99701225280762
2025-11-26 11:23:18.856406,s3-eth2,0.0029877471923828126,99.99701225280762
2025-11-26 11:23:19.857267,s1-eth1,0.0029877471923828126,99.99701225280762
2025-11-26 11:23:19.857370,s2-eth2,0.0029877471923828126,99.99701225280762
2025-11-26 11:23:19.857517,s3-eth2,0.0029877471923828126,99.99701225280762
2025-11-26 11:23:20.858484,s1-eth1,0.0029877471923828126,99.99701225280762
2025-11-26 11:23:20.858588,s2-eth2,0.0029877471923828126,99.99701225280762
2025-11-26 11:23:20.858734,s3-eth2,0.0029877471923828126,99.99701225280762
2025-11-26 11:23:21.859625,s1-eth1,0.0029877471923828126,99.99701225280762
2025-11-26 11:23:21.859731,s2-eth2,0.0029877471923828126,99.99701225280762
2025-11-26 11:23:21.859877,s3-eth2,0.0029877471923828126,99.99701225280762
2025-11-26 11:23:22.860751,s1-eth1,0.0029877471923828126,99.99701225280762
2025-11-26 11:23:22.860854,s2-eth2,0.0029877471923828126,99.99701225280762
2025-11-26 11:23:22.861001,s3-eth2,0.0029877471923828126,99.99701225280762
2025-11-26 11:23:23.861865,s1-eth1,0.0029877471923828126,99.99701225280762
2025-11-26 11:23:23.861983,s2-eth2,0.0029877471923828126,99.99701225280762
2025-11-26 11:23:23.862130,s3-eth2,0.0029877471923828126,99.99701225280762
2025-11-26 11:23:24.862992,s1-eth1,0.0029877471923828126,99.99701225280762
2025-11-26 11:23:24.863109,s2-eth2,0.0029877471923828126,99.99701225280762
2025-11-26 11:23:24.863256,s3-eth2,0.0029877471923828126,99.99701225280762
2025-11-26 11:23:25.864229,s1-eth1,0.0029877471923828126,99.99701225280762
2025-11-26 11:23:25.864348,s2-eth2,0.0036279296875,99.9963720703125
2025-11-26 11:23:25.864496,s3-eth2,0.0036279296875,99.9963720703125
2025-11-26 11:23:26.865355,s1-eth1,0.0029877471923828126,99.99701225280762
2025-11-26 11:23:26.865458,s2-eth2,0.0029877471923828126,99.99701225280762
2025-11-26 11:23:26.865619,s3-eth2,0.0029877471923828126,99.99701225280762
2025-11-26 11:23:27.866463,s1-eth1,0.0029877471923828126,99.99701225280762
2025-11-26 11:23:27.866566,s2-eth2,0.0029877471923828126,99.99701225280762
2025-11-26 11:23:27.866726,s3-eth2,0.0029877471923828126,99.99701225280762
2025-11-26 11:23:28.867598,s1-eth1,0.0029877471923828126,99.99701225280762
2025-11-26 11:23:28.867701,s2-eth2,0.0029877471923828126,99.99701225280762
2025-11-26 11:23:28.867861,s3-eth2,0.0029877471923828126,99.99701225280762
2025-11-26 11:23:29.868724,s1-eth1,0.0036279296875,99.9963720703125
2025-11-26 11:23:29.868827,s2-eth2,0.0036279296875,99.9963720703125
2025-11-26 11:23:29.868975,s3-eth2,0.0036279296875,99.9963720703125
2025-11-26 11:23:30.869969,s1-eth1,0.0029877471923828126,99.99701225280762
2025-11-26 11:23:30.870072,s2-eth2,0.0029877471923828126,99.99701225280762
2025-11-26 11:23:30.870219,s3-eth2,0.0029877471923828126,99.99701225280762
2025-11-26 11:23:31.871116,s1-eth1,0.0042681884765625,99.99573181152344
2025-11-26 11:23:31.871220,s2-eth2,0.0042681884765625,99.99573181152344
2025-11-26 11:23:31.871368,s3-eth2,0.0042681884765625,99.99573181152344
2025-11-26 11:23:32.872244,s1-eth1,0.0029877471923828126,99.99701225280762
2025-11-26 11:23:32.872348,s2-eth2,0.0029877471923828126,99.99701225280762
2025-11-26 11:23:32.872494,s3-eth2,0.0029877471923828126,99.99701225280762
2025-11-26 11:23:33.873361,s1-eth1,0.0029877471923828126,99.99701225280762
2025-11-26 11:23:33.873464,s2-eth2,0.0029877471923828126,99.99701225280762
2025-11-26 11:23:33.873611,s3-eth2,0.0029877471923828126,99.99701225280762
2025-11-26 11:23:34.874470,s1-eth1,0.0029877471923828126,99.99701225280762
2025-11-26 11:23:34.874573,s2-eth2,0.0029877471923828126,99.99701225280762
2025-11-26 11:23:34.874719,s3-eth2,0.0029877471923828126,99.99701225280762
2025-11-26 11:23:35.875734,s1-eth1,0.0029877471923828126,99.99701225280762
2025-11-26 11:23:35.875836,s2-eth2,0.0029877471923828126,99.99701225280762
2025-11-26 11:23:35.875983,s3-eth2,0.0029877471923828126,99.99701225280762
2025-11-26 11:23:36.876848,s1-eth1,0.0029877471923828126,99.99701225280762
2025-11-26 11:23:36.876951,s2-eth2,0.0029877471923828126,99.99701225280762
2025-11-26 11:23:36.877099,s3-eth2,0.0029877471923828126,99.99701225280762
2025-11-26 11:23:37.877955,s1-eth1,0.0029877471923828126,99.99701225280762
2025-11-26 11:23:37.878059,s2-eth2,0.0029877471923828126,99.99701225280762
2025-11-26 11:23:37.878205,s3-eth2,0.0029877471923828126,99.99701225280762
2025-11-26 11:23:38.879080,s1-eth1,0.0029877471923828126,99.99701225280762
2025-11-26 11:23:38.879183,s2-eth2,0.0029877471923828126,99.99701225280762
2025-11-26 11:23:38.879328,s3-eth2,0.0029877471923828126,99.99701225280762
2025-11-26 11:23:39.880193,s1-eth1,0.0029877471923828126,99.99701225280762
2025-11-26 11:23:39.880296,s2-eth2,0.0029877471923828126,99.99701225280762
2025-11-26 11:23:39.880443,s3-eth2,0.0029877471923828126,99.99701225280762
2025-11-26 11:23:40.881403,s1-eth1,0.0029877471923828126,99.99701225280762
2025-11-26 11:23:40.881506,s2-eth2,0.0029877471923828126,99.99701225280762
2025-11-26 11:23:40.881653,s3-eth2,0.0029877471923828126,99.99701225280762
2025-11-26 11:23:41.882521,s1-eth1,0.0029877471923828126,99.99701225280762
2025-11-26 11:23:41.882624,s2-eth2,0.0029877471923828126,99.99701225280762
2025-11-26 11:23:41.882771,s3-eth2,0.0029877471923828126,99.99701225280762
2025-11-26 11:23:42.883654,s1-eth1,0.0029877471923828126,99.99701225280762
2025-11-26 11:23:42.883757,s2-eth2,0.0029877471923828126,99.99701225280762
2025-11-26 11:23:42.883904,s3-eth2,0.0029877471923828126,99.99701225280762
2025-11-26 11:23:43.884756,s1-eth1,0.0029877471923828126,99.99701225280762
2025-11-26 11:23:43.884859,s2-eth2,0.0029877471923828126,99.99701225280762
2025-11-26 11:23:43.885007,s3-eth2,0.0029877471923828126,99.99701225280762
2025-11-26 11:23:44.885850,s1-eth1,0.0029877471923828126,99.99701225280762
2025-11-26 11:23:44.885966,s2-eth2,0.0029877471923828126,99.99701225280762
2025-11-26 11:23:44.886113,s3-eth2,0.0029877471923828126,99.99701225280762
2025-11-26 11:23:45.887126,s1-eth1,0.0029877471923828126,99.99701225280762
2025-11-26 11:23:45.887243,s2-eth2,0.0029877471923828126,99.99701225280762
2025-11-26 11:23:45.887391,s3-eth2,0.0029877471923828126,99.99701225280762
2025-11-26 11:23:46.888246,s1-eth1,0.0029877471923828126,99.99701225280762
2025-11-26 11:23:46.888364,s2-eth2,0.0029877471923828126,99.99701225280762
2025-11-26 11:23:46.888510,s3-eth2,0.0029877471923828126,99.99701225280762
2025-11-26 11:23:47.889359,s1-eth1,0.0029877471923828126,99.99701225280762
2025-11-26 11:23:47.889462,s2-eth2,0.0029877471923828126,99.99701225280762
2025-11-26 11:23:47.889622,s3-eth2,0.0029877471923828126,99.99701225280762
2025-11-26 11:23:48.890459,s1-eth1,0.0029877471923828126,99.99701225280762
2025-11-26 11:23:48.890562,s2-eth2,0.0029877471923828126,99.99701225280762
2025-11-26 11:23:48.890726,s3-eth2,0.0029877471923828126,99.99701225280762
2025-11-26 11:23:49.891592,s1-eth1,0.0029877471923828126,99.99701225280762
2025-11-26 11:23:49.891697,s2-eth2,0.0029877471923828126,99.99701225280762
2025-11-26 11:23:49.891858,s3-eth2,0.0029877471923828126,99.99701225280762
2025-11-26 11:23:50.892789,s1-eth1,0.0029877471923828126,99.99701225280762
2025-11-26 11:23:50.892893,s2-eth2,0.0029877471923828126,99.99701225280762
2025-11-26 11:23:50.893039,s3-eth2,0.0029877471923828126,99.99701225280762
2025-11-26 11:23:51.893905,s1-eth1,0.0029877471923828126,99.99701225280762
2025-11-26 11:23:51.894008,s2-eth2,0.0029877471923828126,99.99701225280762
2025-11-26 11:23:51.894154,s3-eth2,0.0029877471923828126,99.99701225280762
2025-11-26 11:23:52.895036,s1-eth1,0.0036279296875,99.9963720703125
2025-11-26 11:23:52.895140,s2-eth2,0.0029877471923828126,99.99701225280762
2025-11-26 11:23:52.895288,s3-eth2,0.0029877471923828126,99.99701225280762
2025-11-26 11:23:53.896163,s1-eth1,0.0029877471923828126,99.99701225280762
2025-11-26 11:23:53.896267,s2-eth2,0.0029877471923828126,99.99701225280762
2025-11-26 11:23:53.896414,s3-eth2,0.0029877471923828126,99.99701225280762
2025-11-26 11:23:54.897273,s1-eth1,0.0029877471923828126,99.99701225280762
2025-11-26 11:23:54.897375,s2-eth2,0.0029877471923828126,99.99701225280762
2025-11-26 11:23:54.897521,s3-eth2,0.0029877471923828126,99.99701225280762
2025-11-26 11:23:55.898511,s1-eth1,0.0029877471923828126,99.99701225280762
2025-11-26 11:23:55.898614,s2-eth2,0.0029877471923828126,99.99701225280762
2025-11-26 11:23:55.898762,s3-eth2,0.0029877471923828126,99.99701225280762
2025-11-26 11:23:56.899662,s1-eth1,0.0029877471923828126,99.99701225280762
2025-11-26 11:23:56.899767,s2-eth2,0.0029877471923828126,99.99701225280762
2025-11-26 11:23:56.899913,s3-eth2,0.0029877471923828126,99.99701225280762
2025-11-26 11:23:57.900753,s1-eth1,0.0029877471923828126,99.99701225280762
2025-11-26 11:23:57.900856,s2-eth2,0.0029877471923828126,99.99701225280762
2025-11-26 11:23:57.901001,s3-eth2,0.0029877471923828126,99.99701225280762
2025-11-26 11:23:58.901828,s1-eth1,0.0029877471923828126,99.99701225280762
2025-11-26 11:23:58.901931,s2-eth2,0.0029877471923828126,99.99701225280762
2025-11-26 11:23:58.902076,s3-eth2,0.0029877471923828126,99.99701225280762
2025-11-26 11:23:59.902920,s1-eth1,0.0036279296875,99.9963720703125
2025-11-26 11:23:59.903023,s2-eth2,0.0036279296875,99.9963720703125
2025-11-26 11:23:59.903168,s3-eth2,0.0036279296875,99.9963720703125
2025-11-26 11:24:00.904155,s1-eth1,0.0036279296875,99.9963720703125
2025-11-26 11:24:00.904259,s2-eth2,0.0029877471923828126,99.99701225280762
2025-11-26 11:24:00.904405,s3-eth2,0.0029877471923828126,99.99701225280762
2025-11-26 11:24:01.905235,s1-eth1,0.0036279296875,99.9963720703125
2025-11-26 11:24:01.905338,s2-eth2,0.0036279296875,99.9963720703125
2025-11-26 11:24:01.905483,s3-eth2,0.0036279296875,99.9963720703125
2025-11-26 11:24:02.906300,s1-eth1,0.0029877471923828126,99.99701225280762
2025-11-26 11:24:02.906403,s2-eth2,0.0029877471923828126,99.99701225280762
2025-11-26 11:24:02.906548,s3-eth2,0.0029877471923828126,99.99701225280762
2025-11-26 11:24:03.907351,s1-eth1,0.0029877471923828126,99.99701225280762
2025-11-26 11:24:03.907453,s2-eth2,0.0029877471923828126,99.99701225280762
2025-11-26 11:24:03.907597,s3-eth2,0.0029877471923828126,99.99701225280762
2025-11-26 11:24:04.908447,s1-eth1,0.0029877471923828126,99.99701225280762
2025-11-26 11:24:04.908551,s2-eth2,0.0029877471923828126,99.99701225280762
2025-11-26 11:24:04.908696,s3-eth2,0.0029877471923828126,99.99701225280762
2025-11-26 11:24:05.909619,s1-eth1,0.0029877471923828126,99.99701225280762
2025-11-26 11:24:05.909735,s2-eth2,0.0029877471923828126,99.99701225280762
2025-11-26 11:24:05.909879,s3-eth2,0.0029877471923828126,99.99701225280762
2025-11-26 11:24:06.910717,s1-eth1,0.0029877471923828126,99.99701225280762
2025-11-26 11:24:06.910833,s2-eth2,0.0029877471923828126,99.99701225280762
2025-11-26 11:24:06.911002,s3-eth2,0.0029877471923828126,99.99701225280762
2025-11-26 11:24:07.911845,s1-eth1,0.0029877471923828126,99.99701225280762
2025-11-26 11:24:07.911961,s2-eth2,0.0029877471923828126,99.99701225280762
2025-11-26 11:24:07.912108,s3-eth2,0.0029877471923828126,99.99701225280762
2025-11-26 11:24:08.912935,s1-eth1,0.0029877471923828126,99.99701225280762
2025-11-26 11:24:08.913037,s2-eth2,0.0029877471923828126,99.99701225280762
2025-11-26 11:24:08.913195,s3-eth2,0.0029877471923828126,99.99701225280762
2025-11-26 11:24:09.914025,s1-eth1,0.0029877471923828126,99.99701225280762
2025-11-26 11:24:09.914128,s2-eth2,0.0029877471923828126,99.99701225280762
2025-11-26 11:24:09.914286,s3-eth2,0.0029877471923828126,99.99701225280762
2025-11-26 11:24:10.915252,s1-eth1,0.0029877471923828126,99.99701225280762
2025-11-26 11:24:10.915357,s2-eth2,0.0036279296875,99.9963720703125
2025-11-26 11:24:10.915525,s3-eth2,0.0036279296875,99.9963720703125
2025-11-26 11:24:11.916387,s1-eth1,0.0029877471923828126,99.99701225280762
2025-11-26 11:24:11.916491,s2-eth2,0.0029877471923828126,99.99701225280762
2025-11-26 11:24:11.916651,s3-eth2,0.0029877471923828126,99.99701225280762
2025-11-26 11:24:12.917525,s1-eth1,0.0029877471923828126,99.99701225280762
2025-11-26 11:24:12.917630,s2-eth2,0.0036279296875,99.9963720703125
2025-11-26 11:24:12.917777,s3-eth2,0.0036279296875,99.9963720703125
2025-11-26 11:24:13.918647,s1-eth1,0.0029877471923828126,99.99701225280762
2025-11-26 11:24:13.918751,s2-eth2,0.0029877471923828126,99.99701225280762
2025-11-26 11:24:13.918911,s3-eth2,0.0029877471923828126,99.99701225280762
2025-11-26 11:24:14.919774,s1-eth1,0.0029877471923828126,99.99701225280762
2025-11-26 11:24:14.919876,s2-eth2,0.0029877471923828126,99.99701225280762
2025-11-26 11:24:14.920022,s3-eth2,0.0029877471923828126,99.99701225280762
2025-11-26 11:24:15.920983,s1-eth1,0.0029877471923828126,99.99701225280762
2025-11-26 11:24:15.921085,s2-eth2,0.0029877471923828126,99.99701225280762
2025-11-26 11:24:15.921231,s3-eth2,0.0029877471923828126,99.99701225280762
2025-11-26 11:24:16.922084,s1-eth1,0.0029877471923828126,99.99701225280762
2025-11-26 11:24:16.922187,s2-eth2,0.0029877471923828126,99.99701225280762
2025-11-26 11:24:16.922332,s3-eth2,0.0029877471923828126,99.99701225280762
2025-11-26 11:24:17.923218,s1-eth1,0.0029877471923828126,99.99701225280762
2025-11-26 11:24:17.923322,s2-eth2,0.0029877471923828126,99.99701225280762
2025-11-26 11:24:17.923469,s3-eth2,0.0029877471923828126,99.99701225280762
2025-11-26 11:24:18.924331,s1-eth1,0.0029877471923828126,99.99701225280762
2025-11-26 11:24:18.924434,s2-eth2,0.0029877471923828126,99.99701225280762
2025-11-26 11:24:18.924579,s3-eth2,0.0029877471923828126,99.99701225280762
2025-11-26 11:24:19.925437,s1-eth1,0.0029877471923828126,99.99701225280762
2025-11-26 11:24:19.925541,s2-eth2,0.0029877471923828126,99.99701225280762
2025-11-26 11:24:19.925687,s3-eth2,0.0029877471923828126,99.99701225280762
2025-11-26 11:24:20.926674,s1-eth1,0.0029877471923828126,99.99701225280762
2025-11-26 11:24:20.926777,s2-eth2,0.0029877471923828126,99.99701225280762
2025-11-26 11:24:20.926939,s3-eth2,0.0029877471923828126,99.99701225280762
2025-11-26 11:24:21.927813,s1-eth1,0.0029877471923828126,99.99701225280762
2025-11-26 11:24:21.927915,s2-eth2,0.0029877471923828126,99.99701225280762
2025-11-26 11:24:21.928062,s3-eth2,0.0029877471923828126,99.99701225280762
2025-11-26 11:24:22.928931,s1-eth1,0.0029877471923828126,99.99701225280762
2025-11-26 11:24:22.929034,s2-eth2,0.0029877471923828126,99.99701225280762
2025-11-26 11:24:22.929181,s3-eth2,0.0029877471923828126,99.99701225280762
2025-11-26 11:24:23.930051,s1-eth1,0.0029877471923828126,99.99701225280762
2025-11-26 11:24:23.930155,s2-eth2,0.0029877471923828126,99.99701225280762
2025-11-26 11:24:23.930301,s3-eth2,0.0029877471923828126,99.99701225280762
2025-11-26 11:24:24.931167,s1-eth1,0.0029877471923828126,99.99701225280762
2025-11-26 11:24:24.931271,s2-eth2,0.0029877471923828126,99.99701225280762
2025-11-26 11:24:24.931417,s3-eth2,0.0029877471923828126,99.99701225280762
2025-11-26 11:24:25.932356,s1-eth1,0.0029877471923828126,99.99701225280762
2025-11-26 11:24:25.932459,s2-eth2,0.0029877471923828126,99.99701225280762
2025-11-26 11:24:25.932606,s3-eth2,0.0029877471923828126,99.99701225280762
2025-11-26 11:24:26.933448,s1-eth1,0.0029877471923828126,99.99701225280762
2025-11-26 11:24:26.933564,s2-eth2,0.0029877471923828126,99.99701225280762
2025-11-26 11:24:26.933710,s3-eth2,0.0029877471923828126,99.99701225280762
2025-11-26 11:24:27.934548,s1-eth1,0.0029877471923828126,99.99701225280762
2025-11-26 11:24:27.934665,s2-eth2,0.0029877471923828126,99.99701225280762
2025-11-26 11:24:27.934811,s3-eth2,0.0029877471923828126,99.99701225280762
2025-11-26 11:24:28.935671,s1-eth1,0.0036279296875,99.9963720703125
2025-11-26 11:24:28.935788,s2-eth2,0.0036279296875,99.9963720703125
2025-11-26 11:24:28.935934,s3-eth2,0.0036279296875,99.9963720703125
2025-11-26 11:24:29.936784,s1-eth1,0.0029877471923828126,99.99701225280762
2025-11-26 11:24:29.936899,s2-eth2,0.0029877471923828126,99.99701225280762
2025-11-26 11:24:29.937046,s3-eth2,0.0029877471923828126,99.99701225280762
2025-11-26 11:24:30.938002,s1-eth1,0.0036279296875,99.9963720703125
2025-11-26 11:24:30.938106,s2-eth2,0.0029877471923828126,99.99701225280762
2025-11-26 11:24:30.938266,s3-eth2,0.0029877471923828126,99.99701225280762
2025-11-26 11:24:31.939096,s1-eth1,0.0029877471923828126,99.99701225280762
2025-11-26 11:24:31.939198,s2-eth2,0.0029877471923828126,99.99701225280762
2025-11-26 11:24:31.939354,s3-eth2,0.0029877471923828126,99.99701225280762
2025-11-26 11:24:32.940165,s1-eth1,0.0036279296875,99.9963720703125
2025-11-26 11:24:32.940269,s2-eth2,0.0036279296875,99.9963720703125
2025-11-26 11:24:32.940425,s3-eth2,0.0036279296875,99.9963720703125
2025-11-26 11:24:33.941263,s1-eth1,0.0029877471923828126,99.99701225280762
2025-11-26 11:24:33.941366,s2-eth2,0.0029877471923828126,99.99701225280762
2025-11-26 11:24:33.941510,s3-eth2,0.0029877471923828126,99.99701225280762
2025-11-26 11:24:34.942341,s1-eth1,0.0029877471923828126,99.99701225280762
2025-11-26 11:24:34.942444,s2-eth2,0.0029877471923828126,99.99701225280762
2025-11-26 11:24:34.942589,s3-eth2,0.0029877471923828126,99.99701225280762
2025-11-26 11:24:35.943541,s1-eth1,0.0029877471923828126,99.99701225280762
2025-11-26 11:24:35.943644,s2-eth2,0.0029877471923828126,99.99701225280762
2025-11-26 11:24:35.943788,s3-eth2,0.0029877471923828126,99.99701225280762
2025-11-26 11:24:36.944614,s1-eth1,0.0029877471923828126,99.99701225280762
2025-11-26 11:24:36.944717,s2-eth2,0.0029877471923828126,99.99701225280762
2025-11-26 11:24:36.944861,s3-eth2,0.0029877471923828126,99.99701225280762
2025-11-26 11:24:37.945676,s1-eth1,0.0029877471923828126,99.99701225280762
2025-11-26 11:24:37.945779,s2-eth2,0.0029877471923828126,99.99701225280762
2025-11-26 11:24:37.945924,s3-eth2,0.0029877471923828126,99.99701225280762
2025-11-26 11:24:38.946739,s1-eth1,0.0029877471923828126,99.99701225280762
2025-11-26 11:24:38.946842,s2-eth2,0.0029877471923828126,99.99701225280762
2025-11-26 11:24:38.946999,s3-eth2,0.0029877471923828126,99.99701225280762
2025-11-26 11:24:39.947807,s1-eth1,0.0029877471923828126,99.99701225280762
2025-11-26 11:24:39.947909,s2-eth2,0.0029877471923828126,99.99701225280762
2025-11-26 11:24:39.948052,s3-eth2,0.0029877471923828126,99.99701225280762
2025-11-26 11:24:40.948887,s1-eth1,0.0029877471923828126,99.99701225280762
2025-11-26 11:24:40.948985,s2-eth2,0.0029877471923828126,99.99701225280762
2025-11-26 11:24:40.949133,s3-eth2,0.0029877471923828126,99.99701225280762
2025-11-26 11:24:41.950020,s1-eth1,0.0029877471923828126,99.99701225280762
2025-11-26 11:24:41.950125,s2-eth2,0.0029877471923828126,99.99701225280762
2025-11-26 11:24:41.950271,s3-eth2,0.0029877471923828126,99.99701225280762
2025-11-26 11:24:42.951122,s1-eth1,0.0029877471923828126,99.99701225280762
2025-11-26 11:24:42.951225,s2-eth2,0.0029877471923828126,99.99701225280762
2025-11-26 11:24:42.951371,s3-eth2,0.0029877471923828126,99.99701225280762
2025-11-26 11:24:43.952224,s1-eth1,0.0036279296875,99.9963720703125
2025-11-26 11:24:43.952328,s2-eth2,0.0029877471923828126,99.99701225280762
2025-11-26 11:24:43.952475,s3-eth2,0.0029877471923828126,99.99701225280762
2025-11-26 11:24:44.953299,s1-eth1,0.0029877471923828126,99.99701225280762
2025-11-26 11:24:44.953402,s2-eth2,0.0029877471923828126,99.99701225280762
2025-11-26 11:24:44.953546,s3-eth2,0.0029877471923828126,99.99701225280762
2025-11-26 11:24:45.954519,s1-eth1,0.0029877471923828126,99.99701225280762
2025-11-26 11:24:45.954624,s2-eth2,0.0029877471923828126,99.99701225280762
2025-11-26 11:24:45.954769,s3-eth2,0.0029877471923828126,99.99701225280762
2025-11-26 11:24:46.955632,s1-eth1,0.0029877471923828126,99.99701225280762
2025-11-26 11:24:46.955735,s2-eth2,0.0029877471923828126,99.99701225280762
2025-11-26 11:24:46.955880,s3-eth2,0.0029877471923828126,99.99701225280762
2025-11-26 11:24:47.956697,s1-eth1,0.0029877471923828126,99.99701225280762
2025-11-26 11:24:47.956800,s2-eth2,0.0029877471923828126,99.99701225280762
2025-11-26 11:24:47.956944,s3-eth2,0.0029877471923828126,99.99701225280762
2025-11-26 11:24:48.957744,s1-eth1,0.0029877471923828126,99.99701225280762
2025-11-26 11:24:48.957857,s2-eth2,0.0029877471923828126,99.99701225280762
2025-11-26 11:24:48.958002,s3-eth2,0.0029877471923828126,99.99701225280762
2025-11-26 11:24:49.958798,s1-eth1,0.0029877471923828126,99.99701225280762
2025-11-26 11:24:49.958943,s2-eth2,0.0029877471923828126,99.99701225280762
2025-11-26 11:24:49.959095,s3-eth2,0.0029877471923828126,99.99701225280762
2025-11-26 11:24:50.960032,s1-eth1,0.0029877471923828126,99.99701225280762
2025-11-26 11:24:50.960145,s2-eth2,0.0029877471923828126,99.99701225280762
2025-11-26 11:24:50.960289,s3-eth2,0.0029877471923828126,99.99701225280762
2025-11-26 11:24:51.961091,s1-eth1,0.0029877471923828126,99.99701225280762
2025-11-26 11:24:51.961195,s2-eth2,0.0036279296875,99.9963720703125
2025-11-26 11:24:51.961354,s3-eth2,0.0036279296875,99.9963720703125
2025-11-26 11:24:52.962153,s1-eth1,0.0029877471923828126,99.99701225280762
2025-11-26 11:24:52.962256,s2-eth2,0.0029877471923828126,99.99701225280762
2025-11-26 11:24:52.962412,s3-eth2,0.0029877471923828126,99.99701225280762
2025-11-26 11:24:53.963216,s1-eth1,0.0029877471923828126,99.99701225280762
2025-11-26 11:24:53.963319,s2-eth2,0.0029877471923828126,99.99701225280762
2025-11-26 11:24:53.963482,s3-eth2,0.0029877471923828126,99.99701225280762
2025-11-26 11:24:54.964277,s1-eth1,0.0029877471923828126,99.99701225280762
2025-11-26 11:24:54.964379,s2-eth2,0.0029877471923828126,99.99701225280762
2025-11-26 11:24:54.964524,s3-eth2,0.0029877471923828126,99.99701225280762
2025-11-26 11:24:55.965444,s1-eth1,0.0029877471923828126,99.99701225280762
2025-11-26 11:24:55.965546,s2-eth2,0.0029877471923828126,99.99701225280762
2025-11-26 11:24:55.965690,s3-eth2,0.0029877471923828126,99.99701225280762
2025-11-26 11:24:56.966513,s1-eth1,0.0029877471923828126,99.99701225280762
2025-11-26 11:24:56.966615,s2-eth2,0.0029877471923828126,99.99701225280762
2025-11-26 11:24:56.966759,s3-eth2,0.0029877471923828126,99.99701225280762
2025-11-26 11:24:57.967596,s1-eth1,0.0036279296875,99.9963720703125
2025-11-26 11:24:57.967700,s2-eth2,0.0036279296875,99.9963720703125
2025-11-26 11:24:57.967845,s3-eth2,0.0036279296875,99.9963720703125
2025-11-26 11:24:58.968671,s1-eth1,0.0029877471923828126,99.99701225280762
2025-11-26 11:24:58.968774,s2-eth2,0.0029877471923828126,99.99701225280762
2025-11-26 11:24:58.968919,s3-eth2,0.0029877471923828126,99.99701225280762
2025-11-26 11:24:59.969740,s1-eth1,0.0029877471923828126,99.99701225280762
2025-11-26 11:24:59.969845,s2-eth2,0.0036279296875,99.9963720703125
2025-11-26 11:24:59.969989,s3-eth2,0.0036279296875,99.9963720703125
2025-11-26 11:25:00.970952,s1-eth1,0.0029877471923828126,99.99701225280762
2025-11-26 11:25:00.971055,s2-eth2,0.0029877471923828126,99.99701225280762
2025-11-26 11:25:00.971202,s3-eth2,0.0029877471923828126,99.99701225280762
2025-11-26 11:25:01.972051,s1-eth1,0.0036279296875,99.9963720703125
2025-11-26 11:25:01.972155,s2-eth2,0.0029877471923828126,99.99701225280762
2025-11-26 11:25:01.972299,s3-eth2,0.0029877471923828126,99.99701225280762
2025-11-26 11:25:02.973133,s1-eth1,0.0029877471923828126,99.99701225280762
2025-11-26 11:25:02.973235,s2-eth2,0.0029877471923828126,99.99701225280762
2025-11-26 11:25:02.973379,s3-eth2,0.0029877471923828126,99.99701225280762
2025-11-26 11:25:03.974214,s1-eth1,0.0036279296875,99.9963720703125
2025-11-26 11:25:03.974318,s2-eth2,0.0036279296875,99.9963720703125
2025-11-26 11:25:03.974463,s3-eth2,0.0036279296875,99.9963720703125
2025-11-26 11:25:04.975326,s1-eth1,0.0029877471923828126,99.99701225280762
2025-11-26 11:25:04.975429,s2-eth2,0.0029877471923828126,99.99701225280762
2025-11-26 11:25:04.975575,s3-eth2,0.0029877471923828126,99.99701225280762
2025-11-26 11:25:05.976543,s1-eth1,0.0029877471923828126,99.99701225280762
2025-11-26 11:25:05.976647,s2-eth2,0.0029877471923828126,99.99701225280762
2025-11-26 11:25:05.976793,s3-eth2,0.0029877471923828126,99.99701225280762
2025-11-26 11:25:06.977624,s1-eth1,0.0029877471923828126,99.99701225280762
2025-11-26 11:25:06.977726,s2-eth2,0.0029877471923828126,99.99701225280762
2025-11-26 11:25:06.977871,s3-eth2,0.0029877471923828126,99.99701225280762
2025-11-26 11:25:07.978691,s1-eth1,0.0029877471923828126,99.99701225280762
2025-11-26 11:25:07.978794,s2-eth2,0.0029877471923828126,99.99701225280762
2025-11-26 11:25:07.978951,s3-eth2,0.0029877471923828126,99.99701225280762
2025-11-26 11:25:08.979770,s1-eth1,0.0029877471923828126,99.99701225280762
2025-11-26 11:25:08.979873,s2-eth2,0.0029877471923828126,99.99701225280762
2025-11-26 11:25:08.980017,s3-eth2,0.0029877471923828126,99.99701225280762
2025-11-26 11:25:09.980846,s1-eth1,0.0029877471923828126,99.99701225280762
2025-11-26 11:25:09.980961,s2-eth2,0.0029877471923828126,99.99701225280762
2025-11-26 11:25:09.981106,s3-eth2,0.0029877471923828126,99.99701225280762
2025-11-26 11:25:10.982038,s1-eth1,0.0029877471923828126,99.99701225280762
2025-11-26 11:25:10.982154,s2-eth2,0.0029877471923828126,99.99701225280762
2025-11-26 11:25:10.982301,s3-eth2,0.0029877471923828126,99.99701225280762
2025-11-26 11:25:11.983146,s1-eth1,0.0029877471923828126,99.99701225280762
2025-11-26 11:25:11.983262,s2-eth2,0.0029877471923828126,99.99701225280762
2025-11-26 11:25:11.983407,s3-eth2,0.0029877471923828126,99.99701225280762
2025-11-26 11:25:12.984219,s1-eth1,0.0029877471923828126,99.99701225280762
2025-11-26 11:25:12.984322,s2-eth2,0.0029877471923828126,99.99701225280762
2025-11-26 11:25:12.984478,s3-eth2,0.0029877471923828126,99.99701225280762
2025-11-26 11:25:13.985325,s1-eth1,0.0029877471923828126,99.99701225280762
2025-11-26 11:25:13.985427,s2-eth2,0.0029877471923828126,99.99701225280762
2025-11-26 11:25:13.985586,s3-eth2,0.0029877471923828126,99.99701225280762
2025-11-26 11:25:14.986474,s1-eth1,0.0029877471923828126,99.99701225280762
2025-11-26 11:25:14.986577,s2-eth2,0.0029877471923828126,99.99701225280762
2025-11-26 11:25:14.986739,s3-eth2,0.0029877471923828126,99.99701225280762
2025-11-26 11:25:15.987708,s1-eth1,0.0029877471923828126,99.99701225280762
2025-11-26 11:25:15.987811,s2-eth2,0.0029877471923828126,99.99701225280762
2025-11-26 11:25:15.987970,s3-eth2,0.0029877471923828126,99.99701225280762
2025-11-26 11:25:16.988807,s1-eth1,0.0029877471923828126,99.99701225280762
2025-11-26 11:25:16.988910,s2-eth2,0.0029877471923828126,99.99701225280762
2025-11-26 11:25:16.989056,s3-eth2,0.0029877471923828126,99.99701225280762
2025-11-26 11:25:17.989903,s1-eth1,0.0029877471923828126,99.99701225280762
2025-11-26 11:25:17.990006,s2-eth2,0.0029877471923828126,99.99701225280762
2025-11-26 11:25:17.990152,s3-eth2,0.0029877471923828126,99.99701225280762
2025-11-26 11:25:18.991039,s1-eth1,0.0029877471923828126,99.99701225280762
2025-11-26 11:25:18.991143,s2-eth2,0.0029877471923828126,99.99701225280762
2025-11-26 11:25:18.991289,s3-eth2,0.0029877471923828126,99.99701225280762
2025-11-26 11:25:19.992145,s1-eth1,0.0029877471923828126,99.99701225280762
2025-11-26 11:25:19.992248,s2-eth2,0.0029877471923828126,99.99701225280762
2025-11-26 11:25:19.992394,s3-eth2,0.0029877471923828126,99.99701225280762
2025-11-26 11:25:20.993352,s1-eth1,0.0029877471923828126,99.99701225280762
2025-11-26 11:25:20.993455,s2-eth2,0.0029877471923828126,99.99701225280762
2025-11-26 11:25:20.993600,s3-eth2,0.0029877471923828126,99.99701225280762
2025-11-26 11:25:21.994429,s1-eth1,0.0029877471923828126,99.99701225280762
2025-11-26 11:25:21.994533,s2-eth2,0.0029877471923828126,99.99701225280762
2025-11-26 11:25:21.994678,s3-eth2,0.0029877471923828126,99.99701225280762
2025-11-26 11:25:22.995553,s1-eth1,0.0029877471923828126,99.99701225280762
2025-11-26 11:25:22.995655,s2-eth2,0.0029877471923828126,99.99701225280762
2025-11-26 11:25:22.995802,s3-eth2,0.0029877471923828126,99.99701225280762
2025-11-26 11:25:23.996634,s1-eth1,0.0029877471923828126,99.99701225280762
2025-11-26 11:25:23.996737,s2-eth2,0.0029877471923828126,99.99701225280762
2025-11-26 11:25:23.996881,s3-eth2,0.0029877471923828126,99.99701225280762
2025-11-26 11:25:24.997729,s1-eth1,0.0029877471923828126,99.99701225280762
2025-11-26 11:25:24.997832,s2-eth2,0.0029877471923828126,99.99701225280762
2025-11-26 11:25:24.997978,s3-eth2,0.0029877471923828126,99.99701225280762
2025-11-26 11:25:25.998936,s1-eth1,0.0036279296875,99.9963720703125
2025-11-26 11:25:25.999041,s2-eth2,0.0036279296875,99.9963720703125
2025-11-26 11:25:25.999187,s3-eth2,0.0036279296875,99.9963720703125
2025-11-26 11:25:27.000017,s1-eth1,0.002984771728515625,99.99701522827148
2025-11-26 11:25:27.000124,s2-eth2,0.002984771728515625,99.99701522827148
2025-11-26 11:25:27.000270,s3-eth2,0.002984771728515625,99.99701522827148
2025-11-26 11:25:28.001131,s1-eth1,0.0029877471923828126,99.99701225280762
2025-11-26 11:25:28.001235,s2-eth2,0.0029877471923828126,99.99701225280762
2025-11-26 11:25:28.001382,s3-eth2,0.0029877471923828126,99.99701225280762
2025-11-26 11:25:29.002270,s1-eth1,0.0029877471923828126,99.99701225280762
2025-11-26 11:25:29.002373,s2-eth2,0.0029877471923828126,99.99701225280762
2025-11-26 11:25:29.002520,s3-eth2,0.0029877471923828126,99.99701225280762
2025-11-26 11:25:30.003381,s1-eth1,0.0029877471923828126,99.99701225280762
2025-11-26 11:25:30.003484,s2-eth2,0.0029877471923828126,99.99701225280762
2025-11-26 11:25:30.003630,s3-eth2,0.0029877471923828126,99.99701225280762
2025-11-26 11:25:31.004574,s1-eth1,0.0029877471923828126,99.99701225280762
2025-11-26 11:25:31.004676,s2-eth2,0.0029877471923828126,99.99701225280762
2025-11-26 11:25:31.004822,s3-eth2,0.0029877471923828126,99.99701225280762
2025-11-26 11:25:32.005650,s1-eth1,0.0029877471923828126,99.99701225280762
2025-11-26 11:25:32.005765,s2-eth2,0.0029877471923828126,99.99701225280762
2025-11-26 11:25:32.005911,s3-eth2,0.0029877471923828126,99.99701225280762
2025-11-26 11:25:33.006744,s1-eth1,0.0042681884765625,99.99573181152344
2025-11-26 11:25:33.006882,s2-eth2,0.0036279296875,99.9963720703125
2025-11-26 11:25:33.007030,s3-eth2,0.0036279296875,99.9963720703125
2025-11-26 11:25:34.007853,s1-eth1,0.0036279296875,99.9963720703125
2025-11-26 11:25:34.007968,s2-eth2,0.0036279296875,99.9963720703125
2025-11-26 11:25:34.008114,s3-eth2,0.0036279296875,99.9963720703125
2025-11-26 11:25:35.008942,s1-eth1,0.0029877471923828126,99.99701225280762
2025-11-26 11:25:35.009045,s2-eth2,0.0029877471923828126,99.99701225280762
2025-11-26 11:25:35.009203,s3-eth2,0.0029877471923828126,99.99701225280762
2025-11-26 11:25:36.010183,s1-eth1,0.0029877471923828126,99.99701225280762
2025-11-26 11:25:36.010287,s2-eth2,0.0029877471923828126,99.99701225280762
2025-11-26 11:25:36.010448,s3-eth2,0.0029877471923828126,99.99701225280762
2025-11-26 11:25:37.011315,s1-eth1,0.0029877471923828126,99.99701225280762
2025-11-26 11:25:37.011418,s2-eth2,0.0029877471923828126,99.99701225280762
2025-11-26 11:25:37.011577,s3-eth2,0.0029877471923828126,99.99701225280762
2025-11-26 11:25:38.012401,s1-eth1,0.0029877471923828126,99.99701225280762
2025-11-26 11:25:38.012505,s2-eth2,0.0029877471923828126,99.99701225280762
2025-11-26 11:25:38.012651,s3-eth2,0.0029877471923828126,99.99701225280762
2025-11-26 11:25:39.013479,s1-eth1,0.0029877471923828126,99.99701225280762
2025-11-26 11:25:39.013581,s2-eth2,0.0029877471923828126,99.99701225280762
2025-11-26 11:25:39.013726,s3-eth2,0.0029877471923828126,99.99701225280762
2025-11-26 11:25:40.014567,s1-eth1,0.0029877471923828126,99.99701225280762
2025-11-26 11:25:40.014669,s2-eth2,0.0029877471923828126,99.99701225280762
2025-11-26 11:25:40.014814,s3-eth2,0.0029877471923828126,99.99701225280762
2025-11-26 11:25:41.015794,s1-eth1,0.0029877471923828126,99.99701225280762
2025-11-26 11:25:41.015899,s2-eth2,0.0029877471923828126,99.99701225280762
2025-11-26 11:25:41.016044,s3-eth2,0.0029877471923828126,99.99701225280762
2025-11-26 11:25:42.016934,s1-eth1,0.0029877471923828126,99.99701225280762
2025-11-26 11:25:42.017037,s2-eth2,0.0029877471923828126,99.99701225280762
2025-11-26 11:25:42.017184,s3-eth2,0.0029877471923828126,99.99701225280762
2025-11-26 11:25:43.018051,s1-eth1,0.0029877471923828126,99.99701225280762
2025-11-26 11:25:43.018154,s2-eth2,0.0029877471923828126,99.99701225280762
2025-11-26 11:25:43.018300,s3-eth2,0.0029877471923828126,99.99701225280762
2025-11-26 11:25:44.019153,s1-eth1,0.0029877471923828126,99.99701225280762
2025-11-26 11:25:44.019255,s2-eth2,0.0029877471923828126,99.99701225280762
2025-11-26 11:25:44.019401,s3-eth2,0.0029877471923828126,99.99701225280762
2025-11-26 11:25:45.020224,s1-eth1,0.0029877471923828126,99.99701225280762
2025-11-26 11:25:45.020326,s2-eth2,0.0029877471923828126,99.99701225280762
2025-11-26 11:25:45.020471,s3-eth2,0.0029877471923828126,99.99701225280762
2025-11-26 11:25:46.021377,s1-eth1,0.0029877471923828126,99.99701225280762
2025-11-26 11:25:46.021480,s2-eth2,0.0029877471923828126,99.99701225280762
2025-11-26 11:25:46.021627,s3-eth2,0.0029877471923828126,99.99701225280762
2025-11-26 11:25:47.022482,s1-eth1,0.0029877471923828126,99.99701225280762
2025-11-26 11:25:47.022587,s2-eth2,0.0036279296875,99.9963720703125
2025-11-26 11:25:47.022734,s3-eth2,0.0036279296875,99.9963720703125
2025-11-26 11:25:48.023592,s1-eth1,0.0029877471923828126,99.99701225280762
2025-11-26 11:25:48.023694,s2-eth2,0.0029877471923828126,99.99701225280762
2025-11-26 11:25:48.023839,s3-eth2,0.0029877471923828126,99.99701225280762
2025-11-26 11:25:49.024663,s1-eth1,0.0029877471923828126,99.99701225280762
2025-11-26 11:25:49.024766,s2-eth2,0.0029877471923828126,99.99701225280762
2025-11-26 11:25:49.024910,s3-eth2,0.0029877471923828126,99.99701225280762
2025-11-26 11:25:50.025733,s1-eth1,0.0029877471923828126,99.99701225280762
2025-11-26 11:25:50.025835,s2-eth2,0.0029877471923828126,99.99701225280762
2025-11-26 11:25:50.025980,s3-eth2,0.0029877471923828126,99.99701225280762
2025-11-26 11:25:51.026810,s1-eth1,0.0029877471923828126,99.99701225280762
2025-11-26 11:25:51.026926,s2-eth2,0.0029877471923828126,99.99701225280762
2025-11-26 11:25:51.027072,s3-eth2,0.0029877471923828126,99.99701225280762
2025-11-26 11:25:52.027891,s1-eth1,0.0029877471923828126,99.99701225280762
2025-11-26 11:25:52.027994,s2-eth2,0.0029877471923828126,99.99701225280762
2025-11-26 11:25:52.028139,s3-eth2,0.0029877471923828126,99.99701225280762
2025-11-26 11:25:53.028951,s1-eth1,0.0029877471923828126,99.99701225280762
2025-11-26 11:25:53.029065,s2-eth2,0.0029877471923828126,99.99701225280762
2025-11-26 11:25:53.029210,s3-eth2,0.0029877471923828126,99.99701225280762
2025-11-26 11:25:54.030019,s1-eth1,0.0029877471923828126,99.99701225280762
2025-11-26 11:25:54.030134,s2-eth2,0.0029877471923828126,99.99701225280762
2025-11-26 11:25:54.030279,s3-eth2,0.0029877471923828126,99.99701225280762
2025-11-26 11:25:55.031096,s1-eth1,0.0036279296875,99.9963720703125
2025-11-26 11:25:55.031211,s2-eth2,0.0036279296875,99.9963720703125
2025-11-26 11:25:55.031356,s3-eth2,0.0036279296875,99.9963720703125
2025-11-26 11:25:56.032278,s1-eth1,0.0029877471923828126,99.99701225280762
2025-11-26 11:25:56.032380,s2-eth2,0.0029877471923828126,99.99701225280762
2025-11-26 11:25:56.032535,s3-eth2,0.0029877471923828126,99.99701225280762
2025-11-26 11:25:57.033344,s1-eth1,0.0029877471923828126,99.99701225280762
2025-11-26 11:25:57.033446,s2-eth2,0.0029877471923828126,99.99701225280762
2025-11-26 11:25:57.033601,s3-eth2,0.0029877471923828126,99.99701225280762
2025-11-26 11:25:58.034407,s1-eth1,0.0029877471923828126,99.99701225280762
2025-11-26 11:25:58.034509,s2-eth2,0.0029877471923828126,99.99701225280762
2025-11-26 11:25:58.034663,s3-eth2,0.0029877471923828126,99.99701225280762
2025-11-26 11:25:59.035483,s1-eth1,0.0029877471923828126,99.99701225280762
2025-11-26 11:25:59.035586,s2-eth2,0.0029877471923828126,99.99701225280762
2025-11-26 11:25:59.035731,s3-eth2,0.0029877471923828126,99.99701225280762
2025-11-26 11:26:00.036551,s1-eth1,0.0029877471923828126,99.99701225280762
2025-11-26 11:26:00.036653,s2-eth2,0.0029877471923828126,99.99701225280762
2025-11-26 11:26:00.036798,s3-eth2,0.0029877471923828126,99.99701225280762
2025-11-26 11:26:01.037706,s1-eth1,0.0029877471923828126,99.99701225280762
2025-11-26 11:26:01.037809,s2-eth2,0.0029877471923828126,99.99701225280762
2025-11-26 11:26:01.037953,s3-eth2,0.0029877471923828126,99.99701225280762
2025-11-26 11:26:02.038779,s1-eth1,0.0029877471923828126,99.99701225280762
2025-11-26 11:26:02.038894,s2-eth2,0.0029877471923828126,99.99701225280762
2025-11-26 11:26:02.039039,s3-eth2,0.0029877471923828126,99.99701225280762
2025-11-26 11:26:03.039857,s1-eth1,0.0036279296875,99.9963720703125
2025-11-26 11:26:03.039960,s2-eth2,0.0029877471923828126,99.99701225280762
2025-11-26 11:26:03.040105,s3-eth2,0.0029877471923828126,99.99701225280762
2025-11-26 11:26:04.040922,s1-eth1,0.0029877471923828126,99.99701225280762
2025-11-26 11:26:04.041025,s2-eth2,0.0029877471923828126,99.99701225280762
2025-11-26 11:26:04.041170,s3-eth2,0.0029877471923828126,99.99701225280762
2025-11-26 11:26:05.041991,s1-eth1,0.0036279296875,99.9963720703125
2025-11-26 11:26:05.042094,s2-eth2,0.0036279296875,99.9963720703125
2025-11-26 11:26:05.042239,s3-eth2,0.0036279296875,99.9963720703125
2025-11-26 11:26:06.043156,s1-eth1,0.0029877471923828126,99.99701225280762
2025-11-26 11:26:06.043257,s2-eth2,0.0029877471923828126,99.99701225280762
2025-11-26 11:26:06.043402,s3-eth2,0.0029877471923828126,99.99701225280762
2025-11-26 11:26:07.044237,s1-eth1,0.0029877471923828126,99.99701225280762
2025-11-26 11:26:07.044342,s2-eth2,0.0029877471923828126,99.99701225280762
2025-11-26 11:26:07.044488,s3-eth2,0.0029877471923828126,99.99701225280762
2025-11-26 11:26:08.045367,s1-eth1,0.0029877471923828126,99.99701225280762
2025-11-26 11:26:08.045472,s2-eth2,0.0029877471923828126,99.99701225280762
2025-11-26 11:26:08.045620,s3-eth2,0.0029877471923828126,99.99701225280762
2025-11-26 11:26:09.046475,s1-eth1,0.0029877471923828126,99.99701225280762
2025-11-26 11:26:09.046578,s2-eth2,0.0029877471923828126,99.99701225280762
2025-11-26 11:26:09.046724,s3-eth2,0.0029877471923828126,99.99701225280762
2025-11-26 11:26:10.047584,s1-eth1,0.0029877471923828126,99.99701225280762
2025-11-26 11:26:10.047686,s2-eth2,0.0029877471923828126,99.99701225280762
2025-11-26 11:26:10.047832,s3-eth2,0.0029877471923828126,99.99701225280762
2025-11-26 11:26:11.048757,s1-eth1,0.0029877471923828126,99.99701225280762
2025-11-26 11:26:11.048860,s2-eth2,0.0029877471923828126,99.99701225280762
2025-11-26 11:26:11.049006,s3-eth2,0.0029877471923828126,99.99701225280762
2025-11-26 11:26:12.049831,s1-eth1,0.0029877471923828126,99.99701225280762
2025-11-26 11:26:12.049933,s2-eth2,0.0029877471923828126,99.99701225280762
2025-11-26 11:26:12.050079,s3-eth2,0.0029877471923828126,99.99701225280762
2025-11-26 11:26:13.050913,s1-eth1,0.0029877471923828126,99.99701225280762
2025-11-26 11:26:13.051015,s2-eth2,0.0029877471923828126,99.99701225280762
2025-11-26 11:26:13.051160,s3-eth2,0.0029877471923828126,99.99701225280762
2025-11-26 11:26:14.051973,s1-eth1,0.0029877471923828126,99.99701225280762
2025-11-26 11:26:14.052093,s2-eth2,0.0036279296875,99.9963720703125
2025-11-26 11:26:14.052239,s3-eth2,0.0036279296875,99.9963720703125
2025-11-26 11:26:15.053050,s1-eth1,0.0029877471923828126,99.99701225280762
2025-11-26 11:26:15.053164,s2-eth2,0.0029877471923828126,99.99701225280762
2025-11-26 11:26:15.053309,s3-eth2,0.0029877471923828126,99.99701225280762
2025-11-26 11:26:16.054131,s1-eth1,0.0029877471923828126,99.99701225280762
2025-11-26 11:26:16.054247,s2-eth2,0.0029877471923828126,99.99701225280762
2025-11-26 11:26:16.054392,s3-eth2,0.0029877471923828126,99.99701225280762
2025-11-26 11:26:17.055250,s1-eth1,0.0029877471923828126,99.99701225280762
2025-11-26 11:26:17.055354,s2-eth2,0.0029877471923828126,99.99701225280762
2025-11-26 11:26:17.055511,s3-eth2,0.0029877471923828126,99.99701225280762
2025-11-26 11:26:18.056329,s1-eth1,0.0029877471923828126,99.99701225280762
2025-11-26 11:26:18.056432,s2-eth2,0.0029877471923828126,99.99701225280762
2025-11-26 11:26:18.056589,s3-eth2,0.0029877471923828126,99.99701225280762
2025-11-26 11:26:19.057406,s1-eth1,0.0029877471923828126,99.99701225280762
2025-11-26 11:26:19.057509,s2-eth2,0.0029877471923828126,99.99701225280762
2025-11-26 11:26:19.057665,s3-eth2,0.0029877471923828126,99.99701225280762
2025-11-26 11:26:20.058474,s1-eth1,0.0029877471923828126,99.99701225280762
2025-11-26 11:26:20.058577,s2-eth2,0.0029877471923828126,99.99701225280762
2025-11-26 11:26:20.058722,s3-eth2,0.0029877471923828126,99.99701225280762
2025-11-26 11:26:21.059660,s1-eth1,0.0029877471923828126,99.99701225280762
2025-11-26 11:26:21.059763,s2-eth2,0.0029877471923828126,99.99701225280762
2025-11-26 11:26:21.059907,s3-eth2,0.0029877471923828126,99.99701225280762
2025-11-26 11:26:22.060733,s1-eth1,0.0036279296875,99.9963720703125
2025-11-26 11:26:22.060836,s2-eth2,0.0029877471923828126,99.99701225280762
2025-11-26 11:26:22.060981,s3-eth2,0.0029877471923828126,99.99701225280762
2025-11-26 11:26:23.061854,s1-eth1,0.0029877471923828126,99.99701225280762
2025-11-26 11:26:23.061957,s2-eth2,0.0029877471923828126,99.99701225280762
2025-11-26 11:26:23.062101,s3-eth2,0.0029877471923828126,99.99701225280762
2025-11-26 11:26:24.063052,s1-eth1,0.0036279296875,99.9963720703125
2025-11-26 11:26:24.063155,s2-eth2,0.0036279296875,99.9963720703125
2025-11-26 11:26:24.063301,s3-eth2,0.0036279296875,99.9963720703125
2025-11-26 11:26:25.064124,s1-eth1,0.0029877471923828126,99.99701225280762
2025-11-26 11:26:25.064226,s2-eth2,0.0029877471923828126,99.99701225280762
2025-11-26 11:26:25.064370,s3-eth2,0.0029877471923828126,99.99701225280762
2025-11-26 11:26:26.065274,s1-eth1,0.0029877471923828126,99.99701225280762
2025-11-26 11:26:26.065376,s2-eth2,0.0029877471923828126,99.99701225280762
2025-11-26 11:26:26.065521,s3-eth2,0.0029877471923828126,99.99701225280762
2025-11-26 11:26:27.066341,s1-eth1,0.0029877471923828126,99.99701225280762
2025-11-26 11:26:27.066444,s2-eth2,0.0029877471923828126,99.99701225280762
2025-11-26 11:26:27.066589,s3-eth2,0.0029877471923828126,99.99701225280762
2025-11-26 11:26:28.067129,s1-eth1,0.00299072265625,99.99700927734375
2025-11-26 11:26:28.067166,s2-eth2,0.00299072265625,99.99700927734375
2025-11-26 11:26:28.067220,s3-eth2,0.00299072265625,99.99700927734375
2025-11-26 11:26:29.067905,s1-eth1,0.00299072265625,99.99700927734375
2025-11-26 11:26:29.068008,s2-eth2,0.00299072265625,99.99700927734375
2025-11-26 11:26:29.068153,s3-eth2,0.00299072265625,99.99700927734375
2025-11-26 11:26:30.068989,s1-eth1,0.0029877471923828126,99.99701225280762
2025-11-26 11:26:30.069092,s2-eth2,0.0029877471923828126,99.99701225280762
2025-11-26 11:26:30.069236,s3-eth2,0.0029877471923828126,99.99701225280762
2025-11-26 11:26:31.070053,s1-eth1,0.0029877471923828126,99.99701225280762
2025-11-26 11:26:31.070156,s2-eth2,0.0029877471923828126,99.99701225280762
2025-11-26 11:26:31.070301,s3-eth2,0.0029877471923828126,99.99701225280762
2025-11-26 11:26:32.071171,s1-eth1,0.0029877471923828126,99.99701225280762
2025-11-26 11:26:32.071274,s2-eth2,0.0029877471923828126,99.99701225280762
2025-11-26 11:26:32.071418,s3-eth2,0.0029877471923828126,99.99701225280762
2025-11-26 11:26:33.071942,s1-eth1,0.00299072265625,99.99700927734375
2025-11-26 11:26:33.071979,s2-eth2,0.00299072265625,99.99700927734375
2025-11-26 11:26:33.072033,s3-eth2,0.00299072265625,99.99700927734375
2025-11-26 11:26:34.072401,s1-eth1,0.003631591796875,99.99636840820312
2025-11-26 11:26:34.072439,s2-eth2,0.003631591796875,99.99636840820312
2025-11-26 11:26:34.072493,s3-eth2,0.003631591796875,99.99636840820312
2025-11-26 11:26:35.073158,s1-eth1,0.00299072265625,99.99700927734375
2025-11-26 11:26:35.073262,s2-eth2,0.00299072265625,99.99700927734375
2025-11-26 11:26:35.073405,s3-eth2,0.00299072265625,99.99700927734375
2025-11-26 11:26:36.074265,s1-eth1,0.0036279296875,99.9963720703125
2025-11-26 11:26:36.074383,s2-eth2,0.0036279296875,99.9963720703125
2025-11-26 11:26:36.074530,s3-eth2,0.0036279296875,99.9963720703125
2025-11-26 11:26:37.075354,s1-eth1,0.0029877471923828126,99.99701225280762
2025-11-26 11:26:37.075468,s2-eth2,0.0029877471923828126,99.99701225280762
2025-11-26 11:26:37.075613,s3-eth2,0.0029877471923828126,99.99701225280762
2025-11-26 11:26:38.076426,s1-eth1,0.0029877471923828126,99.99701225280762
2025-11-26 11:26:38.076540,s2-eth2,0.0029877471923828126,99.99701225280762
2025-11-26 11:26:38.076685,s3-eth2,0.0029877471923828126,99.99701225280762
2025-11-26 11:26:39.077588,s1-eth1,0.0029877471923828126,99.99701225280762
2025-11-26 11:26:39.077690,s2-eth2,0.0029877471923828126,99.99701225280762
2025-11-26 11:26:39.077847,s3-eth2,0.0029877471923828126,99.99701225280762
2025-11-26 11:26:40.078658,s1-eth1,0.0029877471923828126,99.99701225280762
2025-11-26 11:26:40.078760,s2-eth2,0.0029877471923828126,99.99701225280762
2025-11-26 11:26:40.078946,s3-eth2,0.0029877471923828126,99.99701225280762
2025-11-26 11:26:41.079769,s1-eth1,0.0029877471923828126,99.99701225280762
2025-11-26 11:26:41.079872,s2-eth2,0.0029877471923828126,99.99701225280762
2025-11-26 11:26:41.080017,s3-eth2,0.0029877471923828126,99.99701225280762
2025-11-26 11:26:42.080839,s1-eth1,0.0029877471923828126,99.99701225280762
2025-11-26 11:26:42.080942,s2-eth2,0.0029877471923828126,99.99701225280762
2025-11-26 11:26:42.081087,s3-eth2,0.0029877471923828126,99.99701225280762
2025-11-26 11:26:43.081909,s1-eth1,0.0029877471923828126,99.99701225280762
2025-11-26 11:26:43.082012,s2-eth2,0.0029877471923828126,99.99701225280762
2025-11-26 11:26:43.082156,s3-eth2,0.0029877471923828126,99.99701225280762
2025-11-26 11:26:44.083088,s1-eth1,0.0029877471923828126,99.99701225280762
2025-11-26 11:26:44.083190,s2-eth2,0.0029877471923828126,99.99701225280762
2025-11-26 11:26:44.083334,s3-eth2,0.0029877471923828126,99.99701225280762
2025-11-26 11:26:45.084161,s1-eth1,0.0029877471923828126,99.99701225280762
2025-11-26 11:26:45.084264,s2-eth2,0.0029877471923828126,99.99701225280762
2025-11-26 11:26:45.084408,s3-eth2,0.0029877471923828126,99.99701225280762
2025-11-26 11:26:46.085235,s1-eth1,0.0029877471923828126,99.99701225280762
2025-11-26 11:26:46.085338,s2-eth2,0.0029877471923828126,99.99701225280762
2025-11-26 11:26:46.085483,s3-eth2,0.0029877471923828126,99.99701225280762
2025-11-26 11:26:47.086345,s1-eth1,0.0029877471923828126,99.99701225280762
2025-11-26 11:26:47.086448,s2-eth2,0.0029877471923828126,99.99701225280762
2025-11-26 11:26:47.086595,s3-eth2,0.0029877471923828126,99.99701225280762
2025-11-26 11:26:48.087473,s1-eth1,0.0029877471923828126,99.99701225280762
2025-11-26 11:26:48.087578,s2-eth2,0.0029877471923828126,99.99701225280762
2025-11-26 11:26:48.087725,s3-eth2,0.0029877471923828126,99.99701225280762
2025-11-26 11:26:49.088651,s1-eth1,0.0029877471923828126,99.99701225280762
2025-11-26 11:26:49.088754,s2-eth2,0.0029877471923828126,99.99701225280762
2025-11-26 11:26:49.088899,s3-eth2,0.0029877471923828126,99.99701225280762
2025-11-26 11:26:50.089749,s1-eth1,0.0029877471923828126,99.99701225280762
2025-11-26 11:26:50.089852,s2-eth2,0.0029877471923828126,99.99701225280762
2025-11-26 11:26:50.089998,s3-eth2,0.0029877471923828126,99.99701225280762
2025-11-26 11:26:51.090830,s1-eth1,0.0029877471923828126,99.99701225280762
2025-11-26 11:26:51.090962,s2-eth2,0.0029877471923828126,99.99701225280762
2025-11-26 11:26:51.091108,s3-eth2,0.0029877471923828126,99.99701225280762
2025-11-26 11:26:52.091932,s1-eth1,0.0029877471923828126,99.99701225280762
2025-11-26 11:26:52.092034,s2-eth2,0.0029877471923828126,99.99701225280762
2025-11-26 11:26:52.092180,s3-eth2,0.0029877471923828126,99.99701225280762
2025-11-26 11:26:53.093023,s1-eth1,0.0029877471923828126,99.99701225280762
2025-11-26 11:26:53.093125,s2-eth2,0.0029877471923828126,99.99701225280762
2025-11-26 11:26:53.093270,s3-eth2,0.0029877471923828126,99.99701225280762
2025-11-26 11:26:54.094179,s1-eth1,0.0029877471923828126,99.99701225280762
2025-11-26 11:26:54.094281,s2-eth2,0.0029877471923828126,99.99701225280762
2025-11-26 11:26:54.094424,s3-eth2,0.0029877471923828126,99.99701225280762
2025-11-26 11:26:55.095285,s1-eth1,0.0029877471923828126,99.99701225280762
2025-11-26 11:26:55.095388,s2-eth2,0.0029877471923828126,99.99701225280762
2025-11-26 11:26:55.095533,s3-eth2,0.0029877471923828126,99.99701225280762
2025-11-26 11:26:56.096356,s1-eth1,0.0029877471923828126,99.99701225280762
2025-11-26 11:26:56.096459,s2-eth2,0.0029877471923828126,99.99701225280762
2025-11-26 11:26:56.096603,s3-eth2,0.0029877471923828126,99.99701225280762
2025-11-26 11:26:57.097411,s1-eth1,0.0029877471923828126,99.99701225280762
2025-11-26 11:26:57.097525,s2-eth2,0.0029877471923828126,99.99701225280762
2025-11-26 11:26:57.097671,s3-eth2,0.0029877471923828126,99.99701225280762
2025-11-26 11:26:58.098483,s1-eth1,0.0029877471923828126,99.99701225280762
2025-11-26 11:26:58.098600,s2-eth2,0.0029877471923828126,99.99701225280762
2025-11-26 11:26:58.098745,s3-eth2,0.0029877471923828126,99.99701225280762
2025-11-26 11:26:59.099687,s1-eth1,0.0029877471923828126,99.99701225280762
2025-11-26 11:26:59.099804,s2-eth2,0.0036279296875,99.9963720703125
2025-11-26 11:26:59.099951,s3-eth2,0.0036279296875,99.9963720703125
2025-11-26 11:27:00.100783,s1-eth1,0.0029877471923828126,99.99701225280762
2025-11-26 11:27:00.100886,s2-eth2,0.0029877471923828126,99.99701225280762
2025-11-26 11:27:00.101045,s3-eth2,0.0029877471923828126,99.99701225280762
2025-11-26 11:27:01.101864,s1-eth1,0.0029877471923828126,99.99701225280762
2025-11-26 11:27:01.101966,s2-eth2,0.0029877471923828126,99.99701225280762
2025-11-26 11:27:01.102124,s3-eth2,0.0029877471923828126,99.99701225280762
2025-11-26 11:27:02.102964,s1-eth1,0.0029877471923828126,99.99701225280762
2025-11-26 11:27:02.103067,s2-eth2,0.0029877471923828126,99.99701225280762
2025-11-26 11:27:02.103222,s3-eth2,0.0029877471923828126,99.99701225280762
2025-11-26 11:27:03.104042,s1-eth1,0.0029877471923828126,99.99701225280762
2025-11-26 11:27:03.104145,s2-eth2,0.0029877471923828126,99.99701225280762
2025-11-26 11:27:03.104291,s3-eth2,0.0029877471923828126,99.99701225280762
2025-11-26 11:27:04.105193,s1-eth1,0.0029877471923828126,99.99701225280762
2025-11-26 11:27:04.105296,s2-eth2,0.0029877471923828126,99.99701225280762
2025-11-26 11:27:04.105442,s3-eth2,0.0029877471923828126,99.99701225280762
2025-11-26 11:27:05.106289,s1-eth1,0.0029877471923828126,99.99701225280762
2025-11-26 11:27:05.106392,s2-eth2,0.0029877471923828126,99.99701225280762
2025-11-26 11:27:05.106539,s3-eth2,0.0029877471923828126,99.99701225280762
2025-11-26 11:27:06.107368,s1-eth1,0.0029877471923828126,99.99701225280762
2025-11-26 11:27:06.107471,s2-eth2,0.0029877471923828126,99.99701225280762
2025-11-26 11:27:06.107616,s3-eth2,0.0029877471923828126,99.99701225280762
2025-11-26 11:27:07.108453,s1-eth1,0.0036279296875,99.9963720703125
2025-11-26 11:27:07.108557,s2-eth2,0.0036279296875,99.9963720703125
2025-11-26 11:27:07.108703,s3-eth2,0.0036279296875,99.9963720703125
2025-11-26 11:27:08.109525,s1-eth1,0.0029877471923828126,99.99701225280762
2025-11-26 11:27:08.109628,s2-eth2,0.0029877471923828126,99.99701225280762
2025-11-26 11:27:08.109773,s3-eth2,0.0029877471923828126,99.99701225280762
2025-11-26 11:27:09.110686,s1-eth1,0.0029877471923828126,99.99701225280762
2025-11-26 11:27:09.110789,s2-eth2,0.0029877471923828126,99.99701225280762
2025-11-26 11:27:09.110947,s3-eth2,0.0029877471923828126,99.99701225280762
2025-11-26 11:27:10.111772,s1-eth1,0.0029877471923828126,99.99701225280762
2025-11-26 11:27:10.111874,s2-eth2,0.0029877471923828126,99.99701225280762
2025-11-26 11:27:10.112018,s3-eth2,0.0029877471923828126,99.99701225280762
2025-11-26 11:27:11.112883,s1-eth1,0.0036279296875,99.9963720703125
2025-11-26 11:27:11.112987,s2-eth2,0.0029877471923828126,99.99701225280762
2025-11-26 11:27:11.113134,s3-eth2,0.0029877471923828126,99.99701225280762
2025-11-26 11:27:12.113976,s1-eth1,0.0029877471923828126,99.99701225280762
2025-11-26 11:27:12.114079,s2-eth2,0.0029877471923828126,99.99701225280762
2025-11-26 11:27:12.114225,s3-eth2,0.0029877471923828126,99.99701225280762
2025-11-26 11:27:13.115090,s1-eth1,0.0029877471923828126,99.99701225280762
2025-11-26 11:27:13.115194,s2-eth2,0.0029877471923828126,99.99701225280762
2025-11-26 11:27:13.115339,s3-eth2,0.0029877471923828126,99.99701225280762
2025-11-26 11:27:14.116260,s1-eth1,0.0029877471923828126,99.99701225280762
2025-11-26 11:27:14.116363,s2-eth2,0.0029877471923828126,99.99701225280762
2025-11-26 11:27:14.116507,s3-eth2,0.0029877471923828126,99.99701225280762
2025-11-26 11:27:15.117353,s1-eth1,0.0029877471923828126,99.99701225280762
2025-11-26 11:27:15.117455,s2-eth2,0.0029877471923828126,99.99701225280762
2025-11-26 11:27:15.117600,s3-eth2,0.0029877471923828126,99.99701225280762
2025-11-26 11:27:16.118427,s1-eth1,0.0036279296875,99.9963720703125
2025-11-26 11:27:16.118531,s2-eth2,0.0029877471923828126,99.99701225280762
2025-11-26 11:27:16.118676,s3-eth2,0.0029877471923828126,99.99701225280762
2025-11-26 11:27:17.119562,s1-eth1,0.0029877471923828126,99.99701225280762
2025-11-26 11:27:17.119665,s2-eth2,0.0029877471923828126,99.99701225280762
2025-11-26 11:27:17.119811,s3-eth2,0.0029877471923828126,99.99701225280762
2025-11-26 11:27:18.120623,s1-eth1,0.0029877471923828126,99.99701225280762
2025-11-26 11:27:18.120738,s2-eth2,0.0029877471923828126,99.99701225280762
2025-11-26 11:27:18.120882,s3-eth2,0.0029877471923828126,99.99701225280762
2025-11-26 11:27:19.121773,s1-eth1,0.0029877471923828126,99.99701225280762
2025-11-26 11:27:19.121886,s2-eth2,0.0029877471923828126,99.99701225280762
2025-11-26 11:27:19.122031,s3-eth2,0.0029877471923828126,99.99701225280762
2025-11-26 11:27:20.122881,s1-eth1,0.0029877471923828126,99.99701225280762
2025-11-26 11:27:20.122996,s2-eth2,0.0029877471923828126,99.99701225280762
2025-11-26 11:27:20.123143,s3-eth2,0.0029877471923828126,99.99701225280762
2025-11-26 11:27:21.124014,s1-eth1,0.0036279296875,99.9963720703125
2025-11-26 11:27:21.124119,s2-eth2,0.0042681884765625,99.99573181152344
2025-11-26 11:27:21.124279,s3-eth2,0.0042681884765625,99.99573181152344
2025-11-26 11:27:22.124808,s1-eth1,0.00299072265625,99.99700927734375
2025-11-26 11:27:22.124845,s2-eth2,0.00299072265625,99.99700927734375
2025-11-26 11:27:22.124905,s3-eth2,0.00299072265625,99.99700927734375
2025-11-26 11:27:23.125420,s1-eth1,0.00299072265625,99.99700927734375
2025-11-26 11:27:23.125457,s2-eth2,0.00299072265625,99.99700927734375
2025-11-26 11:27:23.125517,s3-eth2,0.00299072265625,99.99700927734375
2025-11-26 11:27:24.126305,s1-eth1,0.00299072265625,99.99700927734375
2025-11-26 11:27:24.126408,s2-eth2,0.00299072265625,99.99700927734375
2025-11-26 11:27:24.126556,s3-eth2,0.0029877471923828126,99.99701225280762
2025-11-26 11:27:25.127427,s1-eth1,0.0029877471923828126,99.99701225280762
2025-11-26 11:27:25.127531,s2-eth2,0.0029877471923828126,99.99701225280762
2025-11-26 11:27:25.127677,s3-eth2,0.0029877471923828126,99.99701225280762
2025-11-26 11:27:26.128544,s1-eth1,0.0029877471923828126,99.99701225280762
2025-11-26 11:27:26.128648,s2-eth2,0.0029877471923828126,99.99701225280762
2025-11-26 11:27:26.128794,s3-eth2,0.0029877471923828126,99.99701225280762
2025-11-26 11:27:27.129643,s1-eth1,0.0029877471923828126,99.99701225280762
2025-11-26 11:27:27.129746,s2-eth2,0.0029877471923828126,99.99701225280762
2025-11-26 11:27:27.129892,s3-eth2,0.0029877471923828126,99.99701225280762
2025-11-26 11:27:28.130737,s1-eth1,0.0029877471923828126,99.99701225280762
2025-11-26 11:27:28.130840,s2-eth2,0.0029877471923828126,99.99701225280762
2025-11-26 11:27:28.130998,s3-eth2,0.0029877471923828126,99.99701225280762
2025-11-26 11:27:29.132015,s1-eth1,0.0029877471923828126,99.99701225280762
2025-11-26 11:27:29.132120,s2-eth2,0.0029877471923828126,99.99701225280762
2025-11-26 11:27:29.132267,s3-eth2,0.0029877471923828126,99.99701225280762
2025-11-26 11:27:30.133134,s1-eth1,0.0029877471923828126,99.99701225280762
2025-11-26 11:27:30.133237,s2-eth2,0.0029877471923828126,99.99701225280762
2025-11-26 11:27:30.133383,s3-eth2,0.0029877471923828126,99.99701225280762
2025-11-26 11:27:31.134235,s1-eth1,0.0029877471923828126,99.99701225280762
2025-11-26 11:27:31.134338,s2-eth2,0.0029877471923828126,99.99701225280762
2025-11-26 11:27:31.134484,s3-eth2,0.0029877471923828126,99.99701225280762
2025-11-26 11:27:32.135345,s1-eth1,0.0029877471923828126,99.99701225280762
2025-11-26 11:27:32.135448,s2-eth2,0.0029877471923828126,99.99701225280762
2025-11-26 11:27:32.135592,s3-eth2,0.0029877471923828126,99.99701225280762
2025-11-26 11:27:33.136418,s1-eth1,0.0029877471923828126,99.99701225280762
2025-11-26 11:27:33.136521,s2-eth2,0.0029877471923828126,99.99701225280762
2025-11-26 11:27:33.136666,s3-eth2,0.0029877471923828126,99.99701225280762
2025-11-26 11:27:34.137578,s1-eth1,0.0029877471923828126,99.99701225280762
2025-11-26 11:27:34.137680,s2-eth2,0.0029877471923828126,99.99701225280762
2025-11-26 11:27:34.137825,s3-eth2,0.0029877471923828126,99.99701225280762
2025-11-26 11:27:35.138677,s1-eth1,0.0029877471923828126,99.99701225280762
2025-11-26 11:27:35.138781,s2-eth2,0.0029877471923828126,99.99701225280762
2025-11-26 11:27:35.138959,s3-eth2,0.0029877471923828126,99.99701225280762
2025-11-26 11:27:36.139797,s1-eth1,0.0029877471923828126,99.99701225280762
2025-11-26 11:27:36.139899,s2-eth2,0.0029877471923828126,99.99701225280762
2025-11-26 11:27:36.140044,s3-eth2,0.0029877471923828126,99.99701225280762
2025-11-26 11:27:37.140878,s1-eth1,0.0029877471923828126,99.99701225280762
2025-11-26 11:27:37.140981,s2-eth2,0.0029877471923828126,99.99701225280762
2025-11-26 11:27:37.141128,s3-eth2,0.0029877471923828126,99.99701225280762
2025-11-26 11:27:38.141957,s1-eth1,0.0029877471923828126,99.99701225280762
2025-11-26 11:27:38.142060,s2-eth2,0.0029877471923828126,99.99701225280762
2025-11-26 11:27:38.142204,s3-eth2,0.0029877471923828126,99.99701225280762
2025-11-26 11:27:39.143136,s1-eth1,0.0029877471923828126,99.99701225280762
2025-11-26 11:27:39.143239,s2-eth2,0.0029877471923828126,99.99701225280762
2025-11-26 11:27:39.143383,s3-eth2,0.0029877471923828126,99.99701225280762
2025-11-26 11:27:40.144207,s1-eth1,0.0029877471923828126,99.99701225280762
2025-11-26 11:27:40.144321,s2-eth2,0.0029877471923828126,99.99701225280762
2025-11-26 11:27:40.144467,s3-eth2,0.0029877471923828126,99.99701225280762
2025-11-26 11:27:41.145299,s1-eth1,0.0029877471923828126,99.99701225280762
2025-11-26 11:27:41.145414,s2-eth2,0.0029877471923828126,99.99701225280762
2025-11-26 11:27:41.145560,s3-eth2,0.0029877471923828126,99.99701225280762
2025-11-26 11:27:42.146393,s1-eth1,0.0029877471923828126,99.99701225280762
2025-11-26 11:27:42.146509,s2-eth2,0.0029877471923828126,99.99701225280762
2025-11-26 11:27:42.146654,s3-eth2,0.0029877471923828126,99.99701225280762
2025-11-26 11:27:43.147519,s1-eth1,0.0029877471923828126,99.99701225280762
2025-11-26 11:27:43.147622,s2-eth2,0.0036279296875,99.9963720703125
2025-11-26 11:27:43.147780,s3-eth2,0.0036279296875,99.9963720703125
2025-11-26 11:27:44.148711,s1-eth1,0.0029877471923828126,99.99701225280762
2025-11-26 11:27:44.148814,s2-eth2,0.0036279296875,99.9963720703125
2025-11-26 11:27:44.148970,s3-eth2,0.0036279296875,99.9963720703125
2025-11-26 11:27:45.149810,s1-eth1,0.0029877471923828126,99.99701225280762
2025-11-26 11:27:45.149913,s2-eth2,0.0029877471923828126,99.99701225280762
2025-11-26 11:27:45.150071,s3-eth2,0.0029877471923828126,99.99701225280762
2025-11-26 11:27:46.150926,s1-eth1,0.0029877471923828126,99.99701225280762
2025-11-26 11:27:46.151029,s2-eth2,0.0029877471923828126,99.99701225280762
2025-11-26 11:27:46.151175,s3-eth2,0.0029877471923828126,99.99701225280762
2025-11-26 11:27:47.152024,s1-eth1,0.0029877471923828126,99.99701225280762
2025-11-26 11:27:47.152127,s2-eth2,0.0029877471923828126,99.99701225280762
2025-11-26 11:27:47.152273,s3-eth2,0.0029877471923828126,99.99701225280762
2025-11-26 11:27:48.153099,s1-eth1,0.0029877471923828126,99.99701225280762
2025-11-26 11:27:48.153202,s2-eth2,0.0029877471923828126,99.99701225280762
2025-11-26 11:27:48.153345,s3-eth2,0.0029877471923828126,99.99701225280762
2025-11-26 11:27:49.154284,s1-eth1,0.0029877471923828126,99.99701225280762
2025-11-26 11:27:49.154387,s2-eth2,0.0029877471923828126,99.99701225280762
2025-11-26 11:27:49.154532,s3-eth2,0.0029877471923828126,99.99701225280762
2025-11-26 11:27:50.155364,s1-eth1,0.0036279296875,99.9963720703125
2025-11-26 11:27:50.155467,s2-eth2,0.0029877471923828126,99.99701225280762
2025-11-26 11:27:50.155612,s3-eth2,0.0029877471923828126,99.99701225280762
2025-11-26 11:27:51.156436,s1-eth1,0.0029877471923828126,99.99701225280762
2025-11-26 11:27:51.156539,s2-eth2,0.0029877471923828126,99.99701225280762
2025-11-26 11:27:51.156683,s3-eth2,0.0029877471923828126,99.99701225280762
2025-11-26 11:27:52.157503,s1-eth1,0.0036279296875,99.9963720703125
2025-11-26 11:27:52.157607,s2-eth2,0.0036279296875,99.9963720703125
2025-11-26 11:27:52.157752,s3-eth2,0.0036279296875,99.9963720703125
2025-11-26 11:27:53.158581,s1-eth1,0.0029877471923828126,99.99701225280762
2025-11-26 11:27:53.158683,s2-eth2,0.0029877471923828126,99.99701225280762
2025-11-26 11:27:53.158828,s3-eth2,0.0029877471923828126,99.99701225280762
2025-11-26 11:27:54.159733,s1-eth1,0.0029877471923828126,99.99701225280762
2025-11-26 11:27:54.159836,s2-eth2,0.0029877471923828126,99.99701225280762
2025-11-26 11:27:54.159981,s3-eth2,0.0029877471923828126,99.99701225280762
2025-11-26 11:27:55.160808,s1-eth1,0.0029877471923828126,99.99701225280762
2025-11-26 11:27:55.160912,s2-eth2,0.0029877471923828126,99.99701225280762
2025-11-26 11:27:55.161056,s3-eth2,0.0029877471923828126,99.99701225280762
2025-11-26 11:27:56.161880,s1-eth1,0.0029877471923828126,99.99701225280762
2025-11-26 11:27:56.161983,s2-eth2,0.0029877471923828126,99.99701225280762
2025-11-26 11:27:56.162128,s3-eth2,0.0029877471923828126,99.99701225280762
2025-11-26 11:27:57.162957,s1-eth1,0.0029877471923828126,99.99701225280762
2025-11-26 11:27:57.163060,s2-eth2,0.0029877471923828126,99.99701225280762
2025-11-26 11:27:57.163205,s3-eth2,0.0029877471923828126,99.99701225280762
2025-11-26 11:27:58.164029,s1-eth1,0.0036279296875,99.9963720703125
2025-11-26 11:27:58.164132,s2-eth2,0.0029877471923828126,99.99701225280762
2025-11-26 11:27:58.164277,s3-eth2,0.0029877471923828126,99.99701225280762
2025-11-26 11:27:59.165182,s1-eth1,0.0029877471923828126,99.99701225280762
2025-11-26 11:27:59.165285,s2-eth2,0.0029877471923828126,99.99701225280762
2025-11-26 11:27:59.165430,s3-eth2,0.0029877471923828126,99.99701225280762
2025-11-26 11:28:00.166258,s1-eth1,0.0029877471923828126,99.99701225280762
2025-11-26 11:28:00.166360,s2-eth2,0.0029877471923828126,99.99701225280762
2025-11-26 11:28:00.166504,s3-eth2,0.0029877471923828126,99.99701225280762
2025-11-26 11:28:01.167315,s1-eth1,0.0029877471923828126,99.99701225280762
2025-11-26 11:28:01.167428,s2-eth2,0.0029877471923828126,99.99701225280762
2025-11-26 11:28:01.167574,s3-eth2,0.0029877471923828126,99.99701225280762
2025-11-26 11:28:02.168394,s1-eth1,0.0029877471923828126,99.99701225280762
2025-11-26 11:28:02.168514,s2-eth2,0.0029877471923828126,99.99701225280762
2025-11-26 11:28:02.168659,s3-eth2,0.0029877471923828126,99.99701225280762
2025-11-26 11:28:03.169472,s1-eth1,0.0029877471923828126,99.99701225280762
2025-11-26 11:28:03.169586,s2-eth2,0.0029877471923828126,99.99701225280762
2025-11-26 11:28:03.169730,s3-eth2,0.0029877471923828126,99.99701225280762
2025-11-26 11:28:04.170624,s1-eth1,0.0029877471923828126,99.99701225280762
2025-11-26 11:28:04.170726,s2-eth2,0.0029877471923828126,99.99701225280762
2025-11-26 11:28:04.170896,s3-eth2,0.0029877471923828126,99.99701225280762
2025-11-26 11:28:05.171752,s1-eth1,0.0029877471923828126,99.99701225280762
2025-11-26 11:28:05.171856,s2-eth2,0.0036279296875,99.9963720703125
2025-11-26 11:28:05.172016,s3-eth2,0.0036279296875,99.9963720703125
2025-11-26 11:28:06.172864,s1-eth1,0.0036279296875,99.9963720703125
2025-11-26 11:28:06.172968,s2-eth2,0.0036279296875,99.9963720703125
2025-11-26 11:28:06.173128,s3-eth2,0.0036279296875,99.9963720703125
2025-11-26 11:28:07.173962,s1-eth1,0.0029877471923828126,99.99701225280762
2025-11-26 11:28:07.174065,s2-eth2,0.0029877471923828126,99.99701225280762
2025-11-26 11:28:07.174212,s3-eth2,0.0029877471923828126,99.99701225280762
2025-11-26 11:28:08.175074,s1-eth1,0.0029877471923828126,99.99701225280762
2025-11-26 11:28:08.175177,s2-eth2,0.0029877471923828126,99.99701225280762
2025-11-26 11:28:08.175324,s3-eth2,0.0029877471923828126,99.99701225280762
2025-11-26 11:28:09.176242,s1-eth1,0.0029877471923828126,99.99701225280762
2025-11-26 11:28:09.176345,s2-eth2,0.0029877471923828126,99.99701225280762
2025-11-26 11:28:09.176489,s3-eth2,0.0029877471923828126,99.99701225280762
2025-11-26 11:28:10.177329,s1-eth1,0.0029877471923828126,99.99701225280762
2025-11-26 11:28:10.177434,s2-eth2,0.0029877471923828126,99.99701225280762
2025-11-26 11:28:10.177579,s3-eth2,0.0029877471923828126,99.99701225280762
2025-11-26 11:28:11.178428,s1-eth1,0.0029877471923828126,99.99701225280762
2025-11-26 11:28:11.178532,s2-eth2,0.0029877471923828126,99.99701225280762
2025-11-26 11:28:11.178678,s3-eth2,0.0029877471923828126,99.99701225280762
2025-11-26 11:28:12.179540,s1-eth1,0.0029877471923828126,99.99701225280762
2025-11-26 11:28:12.179644,s2-eth2,0.0029877471923828126,99.99701225280762
2025-11-26 11:28:12.179789,s3-eth2,0.0029877471923828126,99.99701225280762
2025-11-26 11:28:13.180619,s1-eth1,0.0029877471923828126,99.99701225280762
2025-11-26 11:28:13.180722,s2-eth2,0.0029877471923828126,99.99701225280762
2025-11-26 11:28:13.180867,s3-eth2,0.0029877471923828126,99.99701225280762
2025-11-26 11:28:14.181776,s1-eth1,0.0029877471923828126,99.99701225280762
2025-11-26 11:28:14.181879,s2-eth2,0.0029877471923828126,99.99701225280762
2025-11-26 11:28:14.182025,s3-eth2,0.0029877471923828126,99.99701225280762
2025-11-26 11:28:15.182882,s1-eth1,0.0029877471923828126,99.99701225280762
2025-11-26 11:28:15.182985,s2-eth2,0.0029877471923828126,99.99701225280762
2025-11-26 11:28:15.183130,s3-eth2,0.0029877471923828126,99.99701225280762
2025-11-26 11:28:16.183951,s1-eth1,0.0029877471923828126,99.99701225280762
2025-11-26 11:28:16.184053,s2-eth2,0.0029877471923828126,99.99701225280762
2025-11-26 11:28:16.184198,s3-eth2,0.0029877471923828126,99.99701225280762
2025-11-26 11:28:17.185066,s1-eth1,0.0029877471923828126,99.99701225280762
2025-11-26 11:28:17.185169,s2-eth2,0.0029877471923828126,99.99701225280762
2025-11-26 11:28:17.185316,s3-eth2,0.0029877471923828126,99.99701225280762
2025-11-26 11:28:18.186148,s1-eth1,0.0029877471923828126,99.99701225280762
2025-11-26 11:28:18.186252,s2-eth2,0.0029877471923828126,99.99701225280762
2025-11-26 11:28:18.186397,s3-eth2,0.0029877471923828126,99.99701225280762
2025-11-26 11:28:19.187321,s1-eth1,0.0029877471923828126,99.99701225280762
2025-11-26 11:28:19.187424,s2-eth2,0.0029877471923828126,99.99701225280762
2025-11-26 11:28:19.187568,s3-eth2,0.0029877471923828126,99.99701225280762
2025-11-26 11:28:20.188388,s1-eth1,0.0029877471923828126,99.99701225280762
2025-11-26 11:28:20.188490,s2-eth2,0.0029877471923828126,99.99701225280762
2025-11-26 11:28:20.188635,s3-eth2,0.0029877471923828126,99.99701225280762
2025-11-26 11:28:21.189453,s1-eth1,0.0029877471923828126,99.99701225280762
2025-11-26 11:28:21.189556,s2-eth2,0.0029877471923828126,99.99701225280762
2025-11-26 11:28:21.189702,s3-eth2,0.0029877471923828126,99.99701225280762
2025-11-26 11:28:22.190509,s1-eth1,0.0029877471923828126,99.99701225280762
2025-11-26 11:28:22.190624,s2-eth2,0.0029877471923828126,99.99701225280762
2025-11-26 11:28:22.190769,s3-eth2,0.0029877471923828126,99.99701225280762
2025-11-26 11:28:23.191615,s1-eth1,0.0029877471923828126,99.99701225280762
2025-11-26 11:28:23.191729,s2-eth2,0.0029877471923828126,99.99701225280762
2025-11-26 11:28:23.191875,s3-eth2,0.0029877471923828126,99.99701225280762
2025-11-26 11:28:24.192761,s1-eth1,0.0029877471923828126,99.99701225280762
2025-11-26 11:28:24.192875,s2-eth2,0.0029877471923828126,99.99701225280762
2025-11-26 11:28:24.193020,s3-eth2,0.0029877471923828126,99.99701225280762
2025-11-26 11:28:25.193832,s1-eth1,0.0029877471923828126,99.99701225280762
2025-11-26 11:28:25.193936,s2-eth2,0.0029877471923828126,99.99701225280762
2025-11-26 11:28:25.194093,s3-eth2,0.0029877471923828126,99.99701225280762
2025-11-26 11:28:26.194931,s1-eth1,0.0029877471923828126,99.99701225280762
2025-11-26 11:28:26.195034,s2-eth2,0.0029877471923828126,99.99701225280762
2025-11-26 11:28:26.195193,s3-eth2,0.0029877471923828126,99.99701225280762
2025-11-26 11:28:27.196043,s1-eth1,0.0029877471923828126,99.99701225280762
2025-11-26 11:28:27.196148,s2-eth2,0.0036279296875,99.9963720703125
2025-11-26 11:28:27.196307,s3-eth2,0.0036279296875,99.9963720703125
2025-11-26 11:28:28.197130,s1-eth1,0.0029877471923828126,99.99701225280762
2025-11-26 11:28:28.197234,s2-eth2,0.0029877471923828126,99.99701225280762
2025-11-26 11:28:28.197378,s3-eth2,0.0029877471923828126,99.99701225280762
2025-11-26 11:28:29.198295,s1-eth1,0.0029877471923828126,99.99701225280762
2025-11-26 11:28:29.198398,s2-eth2,0.0036279296875,99.9963720703125
2025-11-26 11:28:29.198544,s3-eth2,0.0036279296875,99.9963720703125
2025-11-26 11:28:30.199364,s1-eth1,0.0029877471923828126,99.99701225280762
2025-11-26 11:28:30.199466,s2-eth2,0.0029877471923828126,99.99701225280762
2025-11-26 11:28:30.199610,s3-eth2,0.0029877471923828126,99.99701225280762
2025-11-26 11:28:31.200434,s1-eth1,0.0036279296875,99.9963720703125
2025-11-26 11:28:31.200537,s2-eth2,0.0029877471923828126,99.99701225280762
2025-11-26 11:28:31.200682,s3-eth2,0.0029877471923828126,99.99701225280762
2025-11-26 11:28:32.201498,s1-eth1,0.0029877471923828126,99.99701225280762
2025-11-26 11:28:32.201601,s2-eth2,0.0029877471923828126,99.99701225280762
2025-11-26 11:28:32.201746,s3-eth2,0.0029877471923828126,99.99701225280762
2025-11-26 11:28:33.202582,s1-eth1,0.0029877471923828126,99.99701225280762
2025-11-26 11:28:33.202685,s2-eth2,0.0029877471923828126,99.99701225280762
2025-11-26 11:28:33.202830,s3-eth2,0.0029877471923828126,99.99701225280762
2025-11-26 11:28:34.203760,s1-eth1,0.0029877471923828126,99.99701225280762
2025-11-26 11:28:34.203863,s2-eth2,0.0029877471923828126,99.99701225280762
2025-11-26 11:28:34.204007,s3-eth2,0.0029877471923828126,99.99701225280762
2025-11-26 11:28:35.204833,s1-eth1,0.0029877471923828126,99.99701225280762
2025-11-26 11:28:35.204935,s2-eth2,0.0029877471923828126,99.99701225280762
2025-11-26 11:28:35.205080,s3-eth2,0.0029877471923828126,99.99701225280762
2025-11-26 11:28:36.205909,s1-eth1,0.0029877471923828126,99.99701225280762
2025-11-26 11:28:36.206012,s2-eth2,0.0029877471923828126,99.99701225280762
2025-11-26 11:28:36.206158,s3-eth2,0.0029877471923828126,99.99701225280762
2025-11-26 11:28:37.207001,s1-eth1,0.0036279296875,99.9963720703125
2025-11-26 11:28:37.207104,s2-eth2,0.0036279296875,99.9963720703125
2025-11-26 11:28:37.207249,s3-eth2,0.0036279296875,99.9963720703125
2025-11-26 11:28:38.208082,s1-eth1,0.0029877471923828126,99.99701225280762
2025-11-26 11:28:38.208185,s2-eth2,0.0029877471923828126,99.99701225280762
2025-11-26 11:28:38.208331,s3-eth2,0.0029877471923828126,99.99701225280762
2025-11-26 11:28:39.209220,s1-eth1,0.0029877471923828126,99.99701225280762
2025-11-26 11:28:39.209323,s2-eth2,0.0029877471923828126,99.99701225280762
2025-11-26 11:28:39.209467,s3-eth2,0.0029877471923828126,99.99701225280762
2025-11-26 11:28:40.210281,s1-eth1,0.0029877471923828126,99.99701225280762
2025-11-26 11:28:40.210383,s2-eth2,0.0029877471923828126,99.99701225280762
2025-11-26 11:28:40.210527,s3-eth2,0.0029877471923828126,99.99701225280762
2025-11-26 11:28:41.211362,s1-eth1,0.0036279296875,99.9963720703125
2025-11-26 11:28:41.211466,s2-eth2,0.0029877471923828126,99.99701225280762
2025-11-26 11:28:41.211612,s3-eth2,0.0029877471923828126,99.99701225280762
2025-11-26 11:28:42.212436,s1-eth1,0.0029877471923828126,99.99701225280762
2025-11-26 11:28:42.212537,s2-eth2,0.0029877471923828126,99.99701225280762
2025-11-26 11:28:42.212682,s3-eth2,0.0029877471923828126,99.99701225280762
2025-11-26 11:28:43.213479,s1-eth1,0.0029877471923828126,99.99701225280762
2025-11-26 11:28:43.213592,s2-eth2,0.0029877471923828126,99.99701225280762
2025-11-26 11:28:43.213736,s3-eth2,0.0029877471923828126,99.99701225280762
2025-11-26 11:28:44.214619,s1-eth1,0.0029877471923828126,99.99701225280762
2025-11-26 11:28:44.214733,s2-eth2,0.0029877471923828126,99.99701225280762
2025-11-26 11:28:44.214911,s3-eth2,0.0029877471923828126,99.99701225280762
2025-11-26 11:28:45.215721,s1-eth1,0.0029877471923828126,99.99701225280762
2025-11-26 11:28:45.215835,s2-eth2,0.0029877471923828126,99.99701225280762
2025-11-26 11:28:45.215979,s3-eth2,0.0029877471923828126,99.99701225280762
2025-11-26 11:28:46.216779,s1-eth1,0.0029877471923828126,99.99701225280762
2025-11-26 11:28:46.216881,s2-eth2,0.0029877471923828126,99.99701225280762
2025-11-26 11:28:46.217036,s3-eth2,0.0029877471923828126,99.99701225280762
2025-11-26 11:28:47.217862,s1-eth1,0.0029877471923828126,99.99701225280762
2025-11-26 11:28:47.217965,s2-eth2,0.0029877471923828126,99.99701225280762
2025-11-26 11:28:47.218123,s3-eth2,0.0029877471923828126,99.99701225280762
2025-11-26 11:28:48.218961,s1-eth1,0.0029877471923828126,99.99701225280762
2025-11-26 11:28:48.219064,s2-eth2,0.0029877471923828126,99.99701225280762
2025-11-26 11:28:48.219221,s3-eth2,0.0029877471923828126,99.99701225280762
2025-11-26 11:28:49.220121,s1-eth1,0.0029877471923828126,99.99701225280762
2025-11-26 11:28:49.220226,s2-eth2,0.0036279296875,99.9963720703125
2025-11-26 11:28:49.220372,s3-eth2,0.0036279296875,99.9963720703125
2025-11-26 11:28:50.221200,s1-eth1,0.0029877471923828126,99.99701225280762
2025-11-26 11:28:50.221302,s2-eth2,0.0029877471923828126,99.99701225280762
2025-11-26 11:28:50.221447,s3-eth2,0.0029877471923828126,99.99701225280762
2025-11-26 11:28:51.222298,s1-eth1,0.0036279296875,99.9963720703125
2025-11-26 11:28:51.222401,s2-eth2,0.0036279296875,99.9963720703125
2025-11-26 11:28:51.222549,s3-eth2,0.0036279296875,99.9963720703125
2025-11-26 11:28:52.223401,s1-eth1,0.0029877471923828126,99.99701225280762
2025-11-26 11:28:52.223503,s2-eth2,0.0029877471923828126,99.99701225280762
2025-11-26 11:28:52.223650,s3-eth2,0.0029877471923828126,99.99701225280762
2025-11-26 11:28:53.224490,s1-eth1,0.0029877471923828126,99.99701225280762
2025-11-26 11:28:53.224593,s2-eth2,0.0029877471923828126,99.99701225280762
2025-11-26 11:28:53.224739,s3-eth2,0.0029877471923828126,99.99701225280762
2025-11-26 11:28:54.225701,s1-eth1,0.0029877471923828126,99.99701225280762
2025-11-26 11:28:54.225803,s2-eth2,0.0029877471923828126,99.99701225280762
2025-11-26 11:28:54.225948,s3-eth2,0.0029877471923828126,99.99701225280762
2025-11-26 11:28:55.226779,s1-eth1,0.0029877471923828126,99.99701225280762
2025-11-26 11:28:55.226911,s2-eth2,0.0029877471923828126,99.99701225280762
2025-11-26 11:28:55.227059,s3-eth2,0.0029877471923828126,99.99701225280762
2025-11-26 11:28:56.227885,s1-eth1,0.0029877471923828126,99.99701225280762
2025-11-26 11:28:56.227988,s2-eth2,0.0029877471923828126,99.99701225280762
2025-11-26 11:28:56.228133,s3-eth2,0.0029877471923828126,99.99701225280762
2025-11-26 11:28:57.228977,s1-eth1,0.0029877471923828126,99.99701225280762
2025-11-26 11:28:57.229081,s2-eth2,0.0029877471923828126,99.99701225280762
2025-11-26 11:28:57.229227,s3-eth2,0.0029877471923828126,99.99701225280762
2025-11-26 11:28:58.230049,s1-eth1,0.0029877471923828126,99.99701225280762
2025-11-26 11:28:58.230152,s2-eth2,0.0029877471923828126,99.99701225280762
2025-11-26 11:28:58.230296,s3-eth2,0.0029877471923828126,99.99701225280762
2025-11-26 11:28:59.231373,s1-eth1,0.0029877471923828126,99.99701225280762
2025-11-26 11:28:59.231478,s2-eth2,0.0029877471923828126,99.99701225280762
2025-11-26 11:28:59.231627,s3-eth2,0.0029877471923828126,99.99701225280762
2025-11-26 11:29:00.232509,s1-eth1,0.0029877471923828126,99.99701225280762
2025-11-26 11:29:00.232612,s2-eth2,0.0029877471923828126,99.99701225280762
2025-11-26 11:29:00.232758,s3-eth2,0.0029877471923828126,99.99701225280762
2025-11-26 11:29:01.233352,s1-eth1,0.00299072265625,99.99700927734375
2025-11-26 11:29:01.233400,s2-eth2,0.00299072265625,99.99700927734375
2025-11-26 11:29:01.233470,s3-eth2,0.00299072265625,99.99700927734375
2025-11-26 11:29:02.234201,s1-eth1,0.00299072265625,99.99700927734375
2025-11-26 11:29:02.234304,s2-eth2,0.00299072265625,99.99700927734375
2025-11-26 11:29:02.234454,s3-eth2,0.00299072265625,99.99700927734375
2025-11-26 11:29:03.235345,s1-eth1,0.0029877471923828126,99.99701225280762
2025-11-26 11:29:03.235448,s2-eth2,0.0029877471923828126,99.99701225280762
2025-11-26 11:29:03.235594,s3-eth2,0.0029877471923828126,99.99701225280762
2025-11-26 11:29:04.236519,s1-eth1,0.0029877471923828126,99.99701225280762
2025-11-26 11:29:04.236622,s2-eth2,0.0029877471923828126,99.99701225280762
2025-11-26 11:29:04.236771,s3-eth2,0.0029877471923828126,99.99701225280762
2025-11-26 11:29:05.237593,s1-eth1,0.0029877471923828126,99.99701225280762
2025-11-26 11:29:05.237709,s2-eth2,0.0029877471923828126,99.99701225280762
2025-11-26 11:29:05.237853,s3-eth2,0.0029877471923828126,99.99701225280762
2025-11-26 11:29:06.238656,s1-eth1,0.0029877471923828126,99.99701225280762
2025-11-26 11:29:06.238779,s2-eth2,0.0029877471923828126,99.99701225280762
2025-11-26 11:29:06.238956,s3-eth2,0.0029877471923828126,99.99701225280762
2025-11-26 11:29:07.239771,s1-eth1,0.0029877471923828126,99.99701225280762
2025-11-26 11:29:07.239887,s2-eth2,0.0029877471923828126,99.99701225280762
2025-11-26 11:29:07.240032,s3-eth2,0.0029877471923828126,99.99701225280762
2025-11-26 11:29:08.240920,s1-eth1,0.0029877471923828126,99.99701225280762
2025-11-26 11:29:08.241025,s2-eth2,0.0029877471923828126,99.99701225280762
2025-11-26 11:29:08.241189,s3-eth2,0.0029877471923828126,99.99701225280762
2025-11-26 11:29:09.242164,s1-eth1,0.0029877471923828126,99.99701225280762
2025-11-26 11:29:09.242267,s2-eth2,0.0029877471923828126,99.99701225280762
2025-11-26 11:29:09.242425,s3-eth2,0.0029877471923828126,99.99701225280762
2025-11-26 11:29:10.243259,s1-eth1,0.0029877471923828126,99.99701225280762
2025-11-26 11:29:10.243362,s2-eth2,0.0029877471923828126,99.99701225280762
2025-11-26 11:29:10.243519,s3-eth2,0.0029877471923828126,99.99701225280762
2025-11-26 11:29:11.244341,s1-eth1,0.0029877471923828126,99.99701225280762
2025-11-26 11:29:11.244446,s2-eth2,0.0036279296875,99.9963720703125
2025-11-26 11:29:11.244591,s3-eth2,0.0036279296875,99.9963720703125
2025-11-26 11:29:12.245420,s1-eth1,0.0036279296875,99.9963720703125
2025-11-26 11:29:12.245524,s2-eth2,0.0029877471923828126,99.99701225280762
2025-11-26 11:29:12.245669,s3-eth2,0.0029877471923828126,99.99701225280762
2025-11-26 11:29:13.246494,s1-eth1,0.0029877471923828126,99.99701225280762
2025-11-26 11:29:13.246597,s2-eth2,0.0029877471923828126,99.99701225280762
2025-11-26 11:29:13.246741,s3-eth2,0.0029877471923828126,99.99701225280762
2025-11-26 11:29:14.247664,s1-eth1,0.0029877471923828126,99.99701225280762
2025-11-26 11:29:14.247768,s2-eth2,0.0036279296875,99.9963720703125
2025-11-26 11:29:14.247913,s3-eth2,0.0036279296875,99.9963720703125
2025-11-26 11:29:15.248749,s1-eth1,0.0029877471923828126,99.99701225280762
2025-11-26 11:29:15.248852,s2-eth2,0.0029877471923828126,99.99701225280762
2025-11-26 11:29:15.248996,s3-eth2,0.0029877471923828126,99.99701225280762
2025-11-26 11:29:16.249828,s1-eth1,0.0029877471923828126,99.99701225280762
2025-11-26 11:29:16.249932,s2-eth2,0.0029877471923828126,99.99701225280762
2025-11-26 11:29:16.250077,s3-eth2,0.0029877471923828126,99.99701225280762
2025-11-26 11:29:17.250913,s1-eth1,0.0029877471923828126,99.99701225280762
2025-11-26 11:29:17.251015,s2-eth2,0.0029877471923828126,99.99701225280762
2025-11-26 11:29:17.251160,s3-eth2,0.0029877471923828126,99.99701225280762
2025-11-26 11:29:18.251986,s1-eth1,0.0029877471923828126,99.99701225280762
2025-11-26 11:29:18.252088,s2-eth2,0.0029877471923828126,99.99701225280762
2025-11-26 11:29:18.252233,s3-eth2,0.0029877471923828126,99.99701225280762
2025-11-26 11:29:19.253180,s1-eth1,0.0029877471923828126,99.99701225280762
2025-11-26 11:29:19.253284,s2-eth2,0.0029877471923828126,99.99701225280762
2025-11-26 11:29:19.253428,s3-eth2,0.0029877471923828126,99.99701225280762
2025-11-26 11:29:20.254255,s1-eth1,0.0029877471923828126,99.99701225280762
2025-11-26 11:29:20.254357,s2-eth2,0.0029877471923828126,99.99701225280762
2025-11-26 11:29:20.254502,s3-eth2,0.0029877471923828126,99.99701225280762
2025-11-26 11:29:21.255332,s1-eth1,0.0029877471923828126,99.99701225280762
2025-11-26 11:29:21.255434,s2-eth2,0.0029877471923828126,99.99701225280762
2025-11-26 11:29:21.255578,s3-eth2,0.0029877471923828126,99.99701225280762
2025-11-26 11:29:22.256406,s1-eth1,0.0036279296875,99.9963720703125
2025-11-26 11:29:22.256511,s2-eth2,0.0036279296875,99.9963720703125
2025-11-26 11:29:22.256655,s3-eth2,0.0036279296875,99.9963720703125
2025-11-26 11:29:23.257478,s1-eth1,0.0029877471923828126,99.99701225280762
2025-11-26 11:29:23.257580,s2-eth2,0.0029877471923828126,99.99701225280762
2025-11-26 11:29:23.257726,s3-eth2,0.0029877471923828126,99.99701225280762
2025-11-26 11:29:24.258652,s1-eth1,0.0036279296875,99.9963720703125
2025-11-26 11:29:24.258755,s2-eth2,0.0029877471923828126,99.99701225280762
2025-11-26 11:29:24.258933,s3-eth2,0.0029877471923828126,99.99701225280762
2025-11-26 11:29:25.259753,s1-eth1,0.0029877471923828126,99.99701225280762
2025-11-26 11:29:25.259856,s2-eth2,0.0029877471923828126,99.99701225280762
2025-11-26 11:29:25.260001,s3-eth2,0.0029877471923828126,99.99701225280762
2025-11-26 11:29:26.260805,s1-eth1,0.0029877471923828126,99.99701225280762
2025-11-26 11:29:26.260920,s2-eth2,0.0029877471923828126,99.99701225280762
2025-11-26 11:29:26.261065,s3-eth2,0.0029877471923828126,99.99701225280762
2025-11-26 11:29:27.261879,s1-eth1,0.0029877471923828126,99.99701225280762
2025-11-26 11:29:27.261994,s2-eth2,0.0029877471923828126,99.99701225280762
2025-11-26 11:29:27.262139,s3-eth2,0.0029877471923828126,99.99701225280762
2025-11-26 11:29:28.262986,s1-eth1,0.0029877471923828126,99.99701225280762
2025-11-26 11:29:28.263101,s2-eth2,0.0029877471923828126,99.99701225280762
2025-11-26 11:29:28.263246,s3-eth2,0.0029877471923828126,99.99701225280762
2025-11-26 11:29:29.263828,s1-eth1,0.00299072265625,99.99700927734375
2025-11-26 11:29:29.263865,s2-eth2,0.00299072265625,99.99700927734375
2025-11-26 11:29:29.263981,s3-eth2,0.00299072265625,99.99700927734375
2025-11-26 11:29:30.264800,s1-eth1,0.00299072265625,99.99700927734375
2025-11-26 11:29:30.264903,s2-eth2,0.0029877471923828126,99.99701225280762
2025-11-26 11:29:30.265062,s3-eth2,0.0029877471923828126,99.99701225280762
2025-11-26 11:29:31.265625,s1-eth1,0.00299072265625,99.99700927734375
2025-11-26 11:29:31.265727,s2-eth2,0.00299072265625,99.99700927734375
2025-11-26 11:29:31.265887,s3-eth2,0.00299072265625,99.99700927734375
2025-11-26 11:29:32.266743,s1-eth1,0.0029877471923828126,99.99701225280762
2025-11-26 11:29:32.266906,s2-eth2,0.0029877471923828126,99.99701225280762
2025-11-26 11:29:32.267074,s3-eth2,0.0029877471923828126,99.99701225280762
2025-11-26 11:29:33.267615,s1-eth1,0.00299072265625,99.99700927734375
2025-11-26 11:29:33.267653,s2-eth2,0.003631591796875,99.99636840820312
2025-11-26 11:29:33.267706,s3-eth2,0.003631591796875,99.99636840820312
2025-11-26 11:29:34.268134,s1-eth1,0.00299072265625,99.99700927734375
2025-11-26 11:29:34.268171,s2-eth2,0.00299072265625,99.99700927734375
2025-11-26 11:29:34.268226,s3-eth2,0.00299072265625,99.99700927734375
2025-11-26 11:29:35.268876,s1-eth1,0.00299072265625,99.99700927734375
2025-11-26 11:29:35.268979,s2-eth2,0.00299072265625,99.99700927734375
2025-11-26 11:29:35.269124,s3-eth2,0.00299072265625,99.99700927734375
2025-11-26 11:29:36.269954,s1-eth1,0.0036279296875,99.9963720703125
2025-11-26 11:29:36.270058,s2-eth2,0.0036279296875,99.9963720703125
2025-11-26 11:29:36.270204,s3-eth2,0.0036279296875,99.9963720703125
2025-11-26 11:29:37.271105,s1-eth1,0.0029877471923828126,99.99701225280762
2025-11-26 11:29:37.271208,s2-eth2,0.0029877471923828126,99.99701225280762
2025-11-26 11:29:37.271353,s3-eth2,0.0029877471923828126,99.99701225280762
2025-11-26 11:29:38.272194,s1-eth1,0.0029877471923828126,99.99701225280762
2025-11-26 11:29:38.272297,s2-eth2,0.0029877471923828126,99.99701225280762
2025-11-26 11:29:38.272442,s3-eth2,0.0029877471923828126,99.99701225280762
2025-11-26 11:29:39.273332,s1-eth1,0.0029877471923828126,99.99701225280762
2025-11-26 11:29:39.273434,s2-eth2,0.0029877471923828126,99.99701225280762
2025-11-26 11:29:39.273579,s3-eth2,0.0029877471923828126,99.99701225280762
2025-11-26 11:29:40.274408,s1-eth1,0.0029877471923828126,99.99701225280762
2025-11-26 11:29:40.274511,s2-eth2,0.0029877471923828126,99.99701225280762
2025-11-26 11:29:40.274656,s3-eth2,0.0029877471923828126,99.99701225280762
2025-11-26 11:29:41.275490,s1-eth1,0.0029877471923828126,99.99701225280762
2025-11-26 11:29:41.275593,s2-eth2,0.0029877471923828126,99.99701225280762
2025-11-26 11:29:41.275738,s3-eth2,0.0029877471923828126,99.99701225280762
2025-11-26 11:29:42.276561,s1-eth1,0.0029877471923828126,99.99701225280762
2025-11-26 11:29:42.276664,s2-eth2,0.0029877471923828126,99.99701225280762
2025-11-26 11:29:42.276809,s3-eth2,0.0029877471923828126,99.99701225280762
2025-11-26 11:29:43.277629,s1-eth1,0.0029877471923828126,99.99701225280762
2025-11-26 11:29:43.277732,s2-eth2,0.0029877471923828126,99.99701225280762
2025-11-26 11:29:43.277875,s3-eth2,0.0029877471923828126,99.99701225280762
2025-11-26 11:29:44.278823,s1-eth1,0.0029877471923828126,99.99701225280762
2025-11-26 11:29:44.278958,s2-eth2,0.0029877471923828126,99.99701225280762
2025-11-26 11:29:44.279104,s3-eth2,0.0029877471923828126,99.99701225280762
2025-11-26 11:29:45.279920,s1-eth1,0.0029877471923828126,99.99701225280762
2025-11-26 11:29:45.280023,s2-eth2,0.0029877471923828126,99.99701225280762
2025-11-26 11:29:45.280168,s3-eth2,0.0029877471923828126,99.99701225280762
2025-11-26 11:29:46.280990,s1-eth1,0.0029877471923828126,99.99701225280762
2025-11-26 11:29:46.281092,s2-eth2,0.0029877471923828126,99.99701225280762
2025-11-26 11:29:46.281237,s3-eth2,0.0029877471923828126,99.99701225280762
2025-11-26 11:29:47.282053,s1-eth1,0.0029877471923828126,99.99701225280762
2025-11-26 11:29:47.282156,s2-eth2,0.0029877471923828126,99.99701225280762
2025-11-26 11:29:47.282301,s3-eth2,0.0029877471923828126,99.99701225280762
2025-11-26 11:29:48.283139,s1-eth1,0.0029877471923828126,99.99701225280762
2025-11-26 11:29:48.283253,s2-eth2,0.0029877471923828126,99.99701225280762
2025-11-26 11:29:48.283399,s3-eth2,0.0029877471923828126,99.99701225280762
2025-11-26 11:29:49.284264,s1-eth1,0.0029877471923828126,99.99701225280762
2025-11-26 11:29:49.284378,s2-eth2,0.0029877471923828126,99.99701225280762
2025-11-26 11:29:49.284523,s3-eth2,0.0029877471923828126,99.99701225280762
2025-11-26 11:29:50.285365,s1-eth1,0.0029877471923828126,99.99701225280762
2025-11-26 11:29:50.285484,s2-eth2,0.0029877471923828126,99.99701225280762
2025-11-26 11:29:50.285630,s3-eth2,0.0029877471923828126,99.99701225280762
2025-11-26 11:29:51.286454,s1-eth1,0.0029877471923828126,99.99701225280762
2025-11-26 11:29:51.286557,s2-eth2,0.0029877471923828126,99.99701225280762
2025-11-26 11:29:51.286714,s3-eth2,0.0029877471923828126,99.99701225280762
2025-11-26 11:29:52.287551,s1-eth1,0.0029877471923828126,99.99701225280762
2025-11-26 11:29:52.287654,s2-eth2,0.0029877471923828126,99.99701225280762
2025-11-26 11:29:52.287824,s3-eth2,0.0029877471923828126,99.99701225280762
2025-11-26 11:29:53.288641,s1-eth1,0.0036279296875,99.9963720703125
2025-11-26 11:29:53.288744,s2-eth2,0.0029877471923828126,99.99701225280762
2025-11-26 11:29:53.288902,s3-eth2,0.0029877471923828126,99.99701225280762
2025-11-26 11:29:54.289778,s1-eth1,0.0029877471923828126,99.99701225280762
2025-11-26 11:29:54.289881,s2-eth2,0.0029877471923828126,99.99701225280762
2025-11-26 11:29:54.290026,s3-eth2,0.0029877471923828126,99.99701225280762
2025-11-26 11:29:55.290860,s1-eth1,0.0029877471923828126,99.99701225280762
2025-11-26 11:29:55.290966,s2-eth2,0.0036279296875,99.9963720703125
2025-11-26 11:29:55.291112,s3-eth2,0.0036279296875,99.9963720703125
2025-11-26 11:29:56.291937,s1-eth1,0.0029877471923828126,99.99701225280762
2025-11-26 11:29:56.292039,s2-eth2,0.0029877471923828126,99.99701225280762
2025-11-26 11:29:56.292183,s3-eth2,0.0029877471923828126,99.99701225280762
2025-11-26 11:29:57.293014,s1-eth1,0.0029877471923828126,99.99701225280762
2025-11-26 11:29:57.293117,s2-eth2,0.0029877471923828126,99.99701225280762
2025-11-26 11:29:57.293263,s3-eth2,0.0029877471923828126,99.99701225280762
2025-11-26 11:29:58.294087,s1-eth1,0.0029877471923828126,99.99701225280762
2025-11-26 11:29:58.294190,s2-eth2,0.0029877471923828126,99.99701225280762
2025-11-26 11:29:58.294335,s3-eth2,0.0029877471923828126,99.99701225280762
2025-11-26 11:29:59.295326,s1-eth1,0.0029877471923828126,99.99701225280762
2025-11-26 11:29:59.295430,s2-eth2,0.0036279296875,99.9963720703125
2025-11-26 11:29:59.295574,s3-eth2,0.0036279296875,99.9963720703125
2025-11-26 11:30:00.296421,s1-eth1,0.0029877471923828126,99.99701225280762
2025-11-26 11:30:00.296524,s2-eth2,0.0029877471923828126,99.99701225280762
2025-11-26 11:30:00.296669,s3-eth2,0.0029877471923828126,99.99701225280762
2025-11-26 11:30:01.297503,s1-eth1,0.0029877471923828126,99.99701225280762
2025-11-26 11:30:01.297606,s2-eth2,0.0029877471923828126,99.99701225280762
2025-11-26 11:30:01.297751,s3-eth2,0.0029877471923828126,99.99701225280762
2025-11-26 11:30:02.298592,s1-eth1,0.0029877471923828126,99.99701225280762
2025-11-26 11:30:02.298695,s2-eth2,0.0029877471923828126,99.99701225280762
2025-11-26 11:30:02.298840,s3-eth2,0.0029877471923828126,99.99701225280762
2025-11-26 11:30:03.299404,s1-eth1,0.00299072265625,99.99700927734375
2025-11-26 11:30:03.299444,s2-eth2,0.00299072265625,99.99700927734375
2025-11-26 11:30:03.299502,s3-eth2,0.00299072265625,99.99700927734375
2025-11-26 11:30:04.300373,s1-eth1,0.00299072265625,99.99700927734375
2025-11-26 11:30:04.300477,s2-eth2,0.0029877471923828126,99.99701225280762
2025-11-26 11:30:04.300624,s3-eth2,0.0029877471923828126,99.99701225280762
2025-11-26 11:30:05.301472,s1-eth1,0.0029877471923828126,99.99701225280762
2025-11-26 11:30:05.301574,s2-eth2,0.0029877471923828126,99.99701225280762
2025-11-26 11:30:05.301721,s3-eth2,0.0029877471923828126,99.99701225280762
2025-11-26 11:30:06.302560,s1-eth1,0.0029877471923828126,99.99701225280762
2025-11-26 11:30:06.302663,s2-eth2,0.0029877471923828126,99.99701225280762
2025-11-26 11:30:06.302808,s3-eth2,0.0029877471923828126,99.99701225280762
2025-11-26 11:30:07.303687,s1-eth1,0.0042681884765625,99.99573181152344
2025-11-26 11:30:07.303791,s2-eth2,0.0036279296875,99.9963720703125
2025-11-26 11:30:07.303937,s3-eth2,0.0036279296875,99.9963720703125
2025-11-26 11:30:08.304758,s1-eth1,0.0029877471923828126,99.99701225280762
2025-11-26 11:30:08.304862,s2-eth2,0.0029877471923828126,99.99701225280762
2025-11-26 11:30:08.305007,s3-eth2,0.0029877471923828126,99.99701225280762
2025-11-26 11:30:09.305908,s1-eth1,0.0029877471923828126,99.99701225280762
2025-11-26 11:30:09.306023,s2-eth2,0.0029877471923828126,99.99701225280762
2025-11-26 11:30:09.306168,s3-eth2,0.0029877471923828126,99.99701225280762
2025-11-26 11:30:10.307029,s1-eth1,0.0029877471923828126,99.99701225280762
2025-11-26 11:30:10.307145,s2-eth2,0.0029877471923828126,99.99701225280762
2025-11-26 11:30:10.307291,s3-eth2,0.0029877471923828126,99.99701225280762
2025-11-26 11:30:11.307822,s1-eth1,0.00299072265625,99.99700927734375
2025-11-26 11:30:11.307867,s2-eth2,0.00299072265625,99.99700927734375
2025-11-26 11:30:11.307925,s3-eth2,0.00299072265625,99.99700927734375
2025-11-26 11:30:12.308364,s1-eth1,0.00299072265625,99.99700927734375
2025-11-26 11:30:12.308466,s2-eth2,0.00299072265625,99.99700927734375
2025-11-26 11:30:12.308623,s3-eth2,0.00299072265625,99.99700927734375
2025-11-26 11:30:13.309458,s1-eth1,0.0029877471923828126,99.99701225280762
2025-11-26 11:30:13.309563,s2-eth2,0.0029877471923828126,99.99701225280762
2025-11-26 11:30:13.309723,s3-eth2,0.0029877471923828126,99.99701225280762
2025-11-26 11:30:14.310706,s1-eth1,0.0029877471923828126,99.99701225280762
2025-11-26 11:30:14.310810,s2-eth2,0.0029877471923828126,99.99701225280762
2025-11-26 11:30:14.310981,s3-eth2,0.0029877471923828126,99.99701225280762
2025-11-26 11:30:15.311793,s1-eth1,0.0029877471923828126,99.99701225280762
2025-11-26 11:30:15.311895,s2-eth2,0.0029877471923828126,99.99701225280762
2025-11-26 11:30:15.312039,s3-eth2,0.0029877471923828126,99.99701225280762
2025-11-26 11:30:16.312869,s1-eth1,0.0029877471923828126,99.99701225280762
2025-11-26 11:30:16.312973,s2-eth2,0.0029877471923828126,99.99701225280762
2025-11-26 11:30:16.313118,s3-eth2,0.0029877471923828126,99.99701225280762
2025-11-26 11:30:17.313962,s1-eth1,0.0029877471923828126,99.99701225280762
2025-11-26 11:30:17.314066,s2-eth2,0.0036279296875,99.9963720703125
2025-11-26 11:30:17.314212,s3-eth2,0.0036279296875,99.9963720703125
2025-11-26 11:30:18.315071,s1-eth1,0.0029877471923828126,99.99701225280762
2025-11-26 11:30:18.315175,s2-eth2,0.0029877471923828126,99.99701225280762
2025-11-26 11:30:18.315320,s3-eth2,0.0029877471923828126,99.99701225280762
2025-11-26 11:30:19.316209,s1-eth1,0.0029877471923828126,99.99701225280762
2025-11-26 11:30:19.316311,s2-eth2,0.0029877471923828126,99.99701225280762
2025-11-26 11:30:19.316455,s3-eth2,0.0029877471923828126,99.99701225280762
2025-11-26 11:30:20.317279,s1-eth1,0.0029877471923828126,99.99701225280762
2025-11-26 11:30:20.317382,s2-eth2,0.0029877471923828126,99.99701225280762
2025-11-26 11:30:20.317526,s3-eth2,0.0029877471923828126,99.99701225280762
2025-11-26 11:30:21.318353,s1-eth1,0.0036279296875,99.9963720703125
2025-11-26 11:30:21.318458,s2-eth2,0.0036279296875,99.9963720703125
2025-11-26 11:30:21.318603,s3-eth2,0.0036279296875,99.9963720703125
2025-11-26 11:30:22.319461,s1-eth1,0.0029877471923828126,99.99701225280762
2025-11-26 11:30:22.319563,s2-eth2,0.0029877471923828126,99.99701225280762
2025-11-26 11:30:22.319708,s3-eth2,0.0029877471923828126,99.99701225280762
2025-11-26 11:30:23.320526,s1-eth1,0.0029877471923828126,99.99701225280762
2025-11-26 11:30:23.320628,s2-eth2,0.0029877471923828126,99.99701225280762
2025-11-26 11:30:23.320773,s3-eth2,0.0029877471923828126,99.99701225280762
2025-11-26 11:30:24.321317,s1-eth1,0.00299072265625,99.99700927734375
2025-11-26 11:30:24.321355,s2-eth2,0.00299072265625,99.99700927734375
2025-11-26 11:30:24.321410,s3-eth2,0.00299072265625,99.99700927734375
2025-11-26 11:30:25.322083,s1-eth1,0.00299072265625,99.99700927734375
2025-11-26 11:30:25.322186,s2-eth2,0.00299072265625,99.99700927734375
2025-11-26 11:30:25.322332,s3-eth2,0.00299072265625,99.99700927734375
2025-11-26 11:30:26.323179,s1-eth1,0.0029877471923828126,99.99701225280762
2025-11-26 11:30:26.323282,s2-eth2,0.0029877471923828126,99.99701225280762
2025-11-26 11:30:26.323427,s3-eth2,0.0029877471923828126,99.99701225280762
2025-11-26 11:30:27.324257,s1-eth1,0.0029877471923828126,99.99701225280762
2025-11-26 11:30:27.324360,s2-eth2,0.0029877471923828126,99.99701225280762
2025-11-26 11:30:27.324506,s3-eth2,0.0029877471923828126,99.99701225280762
2025-11-26 11:30:28.325336,s1-eth1,0.0029877471923828126,99.99701225280762
2025-11-26 11:30:28.325439,s2-eth2,0.0029877471923828126,99.99701225280762
2025-11-26 11:30:28.325585,s3-eth2,0.0029877471923828126,99.99701225280762
2025-11-26 11:30:29.326492,s1-eth1,0.0029877471923828126,99.99701225280762
2025-11-26 11:30:29.326596,s2-eth2,0.0029877471923828126,99.99701225280762
2025-11-26 11:30:29.326741,s3-eth2,0.0029877471923828126,99.99701225280762
2025-11-26 11:30:30.327604,s1-eth1,0.0029877471923828126,99.99701225280762
2025-11-26 11:30:30.327707,s2-eth2,0.0029877471923828126,99.99701225280762
2025-11-26 11:30:30.327852,s3-eth2,0.0029877471923828126,99.99701225280762
2025-11-26 11:30:31.328665,s1-eth1,0.0029877471923828126,99.99701225280762
2025-11-26 11:30:31.328780,s2-eth2,0.0029877471923828126,99.99701225280762
2025-11-26 11:30:31.328927,s3-eth2,0.0029877471923828126,99.99701225280762
2025-11-26 11:30:32.329744,s1-eth1,0.0029877471923828126,99.99701225280762
2025-11-26 11:30:32.329871,s2-eth2,0.0029877471923828126,99.99701225280762
2025-11-26 11:30:32.330017,s3-eth2,0.0029877471923828126,99.99701225280762
2025-11-26 11:30:33.330860,s1-eth1,0.0036279296875,99.9963720703125
2025-11-26 11:30:33.330977,s2-eth2,0.0029877471923828126,99.99701225280762
2025-11-26 11:30:33.331124,s3-eth2,0.0029877471923828126,99.99701225280762
2025-11-26 11:30:34.331980,s1-eth1,0.0029877471923828126,99.99701225280762
2025-11-26 11:30:34.332084,s2-eth2,0.0029877471923828126,99.99701225280762
2025-11-26 11:30:34.332242,s3-eth2,0.0029877471923828126,99.99701225280762
2025-11-26 11:30:35.333071,s1-eth1,0.0029877471923828126,99.99701225280762
2025-11-26 11:30:35.333174,s2-eth2,0.0029877471923828126,99.99701225280762
2025-11-26 11:30:35.333331,s3-eth2,0.0029877471923828126,99.99701225280762
2025-11-26 11:30:36.334160,s1-eth1,0.0029877471923828126,99.99701225280762
2025-11-26 11:30:36.334263,s2-eth2,0.0029877471923828126,99.99701225280762
2025-11-26 11:30:36.334421,s3-eth2,0.0029877471923828126,99.99701225280762
2025-11-26 11:30:37.335256,s1-eth1,0.0029877471923828126,99.99701225280762
2025-11-26 11:30:37.335359,s2-eth2,0.0029877471923828126,99.99701225280762
2025-11-26 11:30:37.335503,s3-eth2,0.0029877471923828126,99.99701225280762
2025-11-26 11:30:38.336340,s1-eth1,0.0029877471923828126,99.99701225280762
2025-11-26 11:30:38.336443,s2-eth2,0.0029877471923828126,99.99701225280762
2025-11-26 11:30:38.336590,s3-eth2,0.0029877471923828126,99.99701225280762
2025-11-26 11:30:39.337580,s1-eth1,0.0029877471923828126,99.99701225280762
2025-11-26 11:30:39.337684,s2-eth2,0.0036279296875,99.9963720703125
2025-11-26 11:30:39.337829,s3-eth2,0.0036279296875,99.9963720703125
2025-11-26 11:30:40.338663,s1-eth1,0.0029877471923828126,99.99701225280762
2025-11-26 11:30:40.338766,s2-eth2,0.0029877471923828126,99.99701225280762
2025-11-26 11:30:40.338940,s3-eth2,0.0029877471923828126,99.99701225280762
2025-11-26 11:30:41.339778,s1-eth1,0.0029877471923828126,99.99701225280762
2025-11-26 11:30:41.339881,s2-eth2,0.0029877471923828126,99.99701225280762
2025-11-26 11:30:41.340026,s3-eth2,0.0029877471923828126,99.99701225280762
2025-11-26 11:30:42.340859,s1-eth1,0.0029877471923828126,99.99701225280762
2025-11-26 11:30:42.340962,s2-eth2,0.0029877471923828126,99.99701225280762
2025-11-26 11:30:42.341107,s3-eth2,0.0029877471923828126,99.99701225280762
2025-11-26 11:30:43.341936,s1-eth1,0.0029877471923828126,99.99701225280762
2025-11-26 11:30:43.342039,s2-eth2,0.0029877471923828126,99.99701225280762
2025-11-26 11:30:43.342183,s3-eth2,0.0029877471923828126,99.99701225280762
2025-11-26 11:30:44.343092,s1-eth1,0.0029877471923828126,99.99701225280762
2025-11-26 11:30:44.343197,s2-eth2,0.0036279296875,99.9963720703125
2025-11-26 11:30:44.343342,s3-eth2,0.0036279296875,99.9963720703125
2025-11-26 11:30:45.344169,s1-eth1,0.0029877471923828126,99.99701225280762
2025-11-26 11:30:45.344272,s2-eth2,0.0029877471923828126,99.99701225280762
2025-11-26 11:30:45.344416,s3-eth2,0.0029877471923828126,99.99701225280762
2025-11-26 11:30:46.345239,s1-eth1,0.0029877471923828126,99.99701225280762
2025-11-26 11:30:46.345341,s2-eth2,0.0029877471923828126,99.99701225280762
2025-11-26 11:30:46.345485,s3-eth2,0.0029877471923828126,99.99701225280762
2025-11-26 11:30:47.346303,s1-eth1,0.0029877471923828126,99.99701225280762
2025-11-26 11:30:47.346405,s2-eth2,0.0029877471923828126,99.99701225280762
2025-11-26 11:30:47.346550,s3-eth2,0.0029877471923828126,99.99701225280762
2025-11-26 11:30:48.347362,s1-eth1,0.0029877471923828126,99.99701225280762
2025-11-26 11:30:48.347464,s2-eth2,0.0029877471923828126,99.99701225280762
2025-11-26 11:30:48.347609,s3-eth2,0.0029877471923828126,99.99701225280762
2025-11-26 11:30:49.348429,s1-eth1,0.0029877471923828126,99.99701225280762
2025-11-26 11:30:49.348530,s2-eth2,0.0029877471923828126,99.99701225280762
2025-11-26 11:30:49.348674,s3-eth2,0.0029877471923828126,99.99701225280762
2025-11-26 11:30:50.349486,s1-eth1,0.0036279296875,99.9963720703125
2025-11-26 11:30:50.349590,s2-eth2,0.0029877471923828126,99.99701225280762
2025-11-26 11:30:50.349734,s3-eth2,0.0029877471923828126,99.99701225280762
2025-11-26 11:30:51.350543,s1-eth1,0.0029877471923828126,99.99701225280762
2025-11-26 11:30:51.350645,s2-eth2,0.0029877471923828126,99.99701225280762
2025-11-26 11:30:51.350790,s3-eth2,0.0029877471923828126,99.99701225280762
2025-11-26 11:30:52.351621,s1-eth1,0.0036279296875,99.9963720703125
2025-11-26 11:30:52.351724,s2-eth2,0.0036279296875,99.9963720703125
2025-11-26 11:30:52.351869,s3-eth2,0.0036279296875,99.9963720703125
2025-11-26 11:30:53.352668,s1-eth1,0.0029877471923828126,99.99701225280762
2025-11-26 11:30:53.352782,s2-eth2,0.0029877471923828126,99.99701225280762
2025-11-26 11:30:53.352927,s3-eth2,0.0029877471923828126,99.99701225280762
2025-11-26 11:30:54.353747,s1-eth1,0.0029877471923828126,99.99701225280762
2025-11-26 11:30:54.353868,s2-eth2,0.0029877471923828126,99.99701225280762
2025-11-26 11:30:54.354014,s3-eth2,0.0029877471923828126,99.99701225280762
2025-11-26 11:30:55.354836,s1-eth1,0.0029877471923828126,99.99701225280762
2025-11-26 11:30:55.354964,s2-eth2,0.0029877471923828126,99.99701225280762
2025-11-26 11:30:55.355110,s3-eth2,0.0029877471923828126,99.99701225280762
2025-11-26 11:30:56.355925,s1-eth1,0.0029877471923828126,99.99701225280762
2025-11-26 11:30:56.356029,s2-eth2,0.0029877471923828126,99.99701225280762
2025-11-26 11:30:56.356185,s3-eth2,0.0029877471923828126,99.99701225280762
2025-11-26 11:30:57.357001,s1-eth1,0.0029877471923828126,99.99701225280762
2025-11-26 11:30:57.357105,s2-eth2,0.0029877471923828126,99.99701225280762
2025-11-26 11:30:57.357263,s3-eth2,0.0029877471923828126,99.99701225280762
2025-11-26 11:30:58.358080,s1-eth1,0.0029877471923828126,99.99701225280762
2025-11-26 11:30:58.358184,s2-eth2,0.0029877471923828126,99.99701225280762
2025-11-26 11:30:58.358342,s3-eth2,0.0029877471923828126,99.99701225280762
2025-11-26 11:30:59.359177,s1-eth1,0.0029877471923828126,99.99701225280762
2025-11-26 11:30:59.359280,s2-eth2,0.0029877471923828126,99.99701225280762
2025-11-26 11:30:59.359425,s3-eth2,0.0029877471923828126,99.99701225280762
2025-11-26 11:31:00.360275,s1-eth1,0.0029877471923828126,99.99701225280762
2025-11-26 11:31:00.360377,s2-eth2,0.0029877471923828126,99.99701225280762
2025-11-26 11:31:00.360524,s3-eth2,0.0029877471923828126,99.99701225280762
2025-11-26 11:31:01.361369,s1-eth1,0.0029877471923828126,99.99701225280762
2025-11-26 11:31:01.361474,s2-eth2,0.0036279296875,99.9963720703125
2025-11-26 11:31:01.361619,s3-eth2,0.0036279296875,99.9963720703125
2025-11-26 11:31:02.362451,s1-eth1,0.0029877471923828126,99.99701225280762
2025-11-26 11:31:02.362555,s2-eth2,0.0029877471923828126,99.99701225280762
2025-11-26 11:31:02.362701,s3-eth2,0.0029877471923828126,99.99701225280762
2025-11-26 11:31:03.363546,s1-eth1,0.0029877471923828126,99.99701225280762
2025-11-26 11:31:03.363649,s2-eth2,0.0029877471923828126,99.99701225280762
2025-11-26 11:31:03.363793,s3-eth2,0.0029877471923828126,99.99701225280762
2025-11-26 11:31:04.364688,s1-eth1,0.0029877471923828126,99.99701225280762
2025-11-26 11:31:04.364791,s2-eth2,0.0029877471923828126,99.99701225280762
2025-11-26 11:31:04.364936,s3-eth2,0.0029877471923828126,99.99701225280762
2025-11-26 11:31:05.365761,s1-eth1,0.0029877471923828126,99.99701225280762
2025-11-26 11:31:05.365864,s2-eth2,0.0029877471923828126,99.99701225280762
2025-11-26 11:31:05.366009,s3-eth2,0.0029877471923828126,99.99701225280762
2025-11-26 11:31:06.366838,s1-eth1,0.0036279296875,99.9963720703125
2025-11-26 11:31:06.366956,s2-eth2,0.0036279296875,99.9963720703125
2025-11-26 11:31:06.367102,s3-eth2,0.0036279296875,99.9963720703125
2025-11-26 11:31:07.367925,s1-eth1,0.0029877471923828126,99.99701225280762
2025-11-26 11:31:07.368028,s2-eth2,0.0029877471923828126,99.99701225280762
2025-11-26 11:31:07.368172,s3-eth2,0.0029877471923828126,99.99701225280762
2025-11-26 11:31:08.368987,s1-eth1,0.0029877471923828126,99.99701225280762
2025-11-26 11:31:08.369090,s2-eth2,0.0029877471923828126,99.99701225280762
2025-11-26 11:31:08.369235,s3-eth2,0.0029877471923828126,99.99701225280762
2025-11-26 11:31:09.370392,s1-eth1,0.0029877471923828126,99.99701225280762
2025-11-26 11:31:09.370495,s2-eth2,0.0029877471923828126,99.99701225280762
2025-11-26 11:31:09.370641,s3-eth2,0.0029877471923828126,99.99701225280762
2025-11-26 11:31:10.371506,s1-eth1,0.0029877471923828126,99.99701225280762
2025-11-26 11:31:10.371609,s2-eth2,0.0029877471923828126,99.99701225280762
2025-11-26 11:31:10.371754,s3-eth2,0.0029877471923828126,99.99701225280762
2025-11-26 11:31:11.372591,s1-eth1,0.0029877471923828126,99.99701225280762
2025-11-26 11:31:11.372694,s2-eth2,0.0029877471923828126,99.99701225280762
2025-11-26 11:31:11.372840,s3-eth2,0.0029877471923828126,99.99701225280762
2025-11-26 11:31:12.373690,s1-eth1,0.0036279296875,99.9963720703125
2025-11-26 11:31:12.373794,s2-eth2,0.0029877471923828126,99.99701225280762
2025-11-26 11:31:12.373939,s3-eth2,0.0029877471923828126,99.99701225280762
2025-11-26 11:31:13.374778,s1-eth1,0.0029877471923828126,99.99701225280762
2025-11-26 11:31:13.374897,s2-eth2,0.0029877471923828126,99.99701225280762
2025-11-26 11:31:13.375043,s3-eth2,0.0029877471923828126,99.99701225280762
2025-11-26 11:31:14.375976,s1-eth1,0.0029877471923828126,99.99701225280762
2025-11-26 11:31:14.376092,s2-eth2,0.0029877471923828126,99.99701225280762
2025-11-26 11:31:14.376237,s3-eth2,0.0029877471923828126,99.99701225280762
2025-11-26 11:31:15.377055,s1-eth1,0.0029877471923828126,99.99701225280762
2025-11-26 11:31:15.377170,s2-eth2,0.0029877471923828126,99.99701225280762
2025-11-26 11:31:15.377315,s3-eth2,0.0029877471923828126,99.99701225280762
2025-11-26 11:31:16.378132,s1-eth1,0.0029877471923828126,99.99701225280762
2025-11-26 11:31:16.378248,s2-eth2,0.0029877471923828126,99.99701225280762
2025-11-26 11:31:16.378394,s3-eth2,0.0029877471923828126,99.99701225280762
2025-11-26 11:31:17.379221,s1-eth1,0.0029877471923828126,99.99701225280762
2025-11-26 11:31:17.379324,s2-eth2,0.0029877471923828126,99.99701225280762
2025-11-26 11:31:17.379481,s3-eth2,0.0029877471923828126,99.99701225280762
2025-11-26 11:31:18.380297,s1-eth1,0.0029877471923828126,99.99701225280762
2025-11-26 11:31:18.380400,s2-eth2,0.0029877471923828126,99.99701225280762
2025-11-26 11:31:18.380556,s3-eth2,0.0029877471923828126,99.99701225280762
2025-11-26 11:31:19.381478,s1-eth1,0.0029877471923828126,99.99701225280762
2025-11-26 11:31:19.381580,s2-eth2,0.0029877471923828126,99.99701225280762
2025-11-26 11:31:19.381737,s3-eth2,0.0029877471923828126,99.99701225280762
2025-11-26 11:31:20.382552,s1-eth1,0.0029877471923828126,99.99701225280762
2025-11-26 11:31:20.382654,s2-eth2,0.0029877471923828126,99.99701225280762
2025-11-26 11:31:20.382798,s3-eth2,0.0029877471923828126,99.99701225280762
2025-11-26 11:31:21.383640,s1-eth1,0.0029877471923828126,99.99701225280762
2025-11-26 11:31:21.383742,s2-eth2,0.0029877471923828126,99.99701225280762
2025-11-26 11:31:21.383888,s3-eth2,0.0029877471923828126,99.99701225280762
2025-11-26 11:31:22.384725,s1-eth1,0.0029877471923828126,99.99701225280762
2025-11-26 11:31:22.384829,s2-eth2,0.0029877471923828126,99.99701225280762
2025-11-26 11:31:22.384975,s3-eth2,0.0029877471923828126,99.99701225280762
2025-11-26 11:31:23.385808,s1-eth1,0.0029877471923828126,99.99701225280762
2025-11-26 11:31:23.385912,s2-eth2,0.0036279296875,99.9963720703125
2025-11-26 11:31:23.386057,s3-eth2,0.0036279296875,99.9963720703125
2025-11-26 11:31:24.386953,s1-eth1,0.0029877471923828126,99.99701225280762
2025-11-26 11:31:24.387056,s2-eth2,0.0029877471923828126,99.99701225280762
2025-11-26 11:31:24.387201,s3-eth2,0.0029877471923828126,99.99701225280762
2025-11-26 11:31:25.388027,s1-eth1,0.0029877471923828126,99.99701225280762
2025-11-26 11:31:25.388130,s2-eth2,0.0029877471923828126,99.99701225280762
2025-11-26 11:31:25.388275,s3-eth2,0.0029877471923828126,99.99701225280762
2025-11-26 11:31:26.389112,s1-eth1,0.0029877471923828126,99.99701225280762
2025-11-26 11:31:26.389215,s2-eth2,0.0029877471923828126,99.99701225280762
2025-11-26 11:31:26.389360,s3-eth2,0.0029877471923828126,99.99701225280762
2025-11-26 11:31:27.390187,s1-eth1,0.0029877471923828126,99.99701225280762
2025-11-26 11:31:27.390291,s2-eth2,0.0029877471923828126,99.99701225280762
2025-11-26 11:31:27.390438,s3-eth2,0.0029877471923828126,99.99701225280762
2025-11-26 11:31:28.391280,s1-eth1,0.0029877471923828126,99.99701225280762
2025-11-26 11:31:28.391382,s2-eth2,0.0029877471923828126,99.99701225280762
2025-11-26 11:31:28.391526,s3-eth2,0.0029877471923828126,99.99701225280762
2025-11-26 11:31:29.392424,s1-eth1,0.0029877471923828126,99.99701225280762
2025-11-26 11:31:29.392528,s2-eth2,0.0036279296875,99.9963720703125
2025-11-26 11:31:29.392674,s3-eth2,0.0036279296875,99.9963720703125
2025-11-26 11:31:30.393531,s1-eth1,0.0029877471923828126,99.99701225280762
2025-11-26 11:31:30.393634,s2-eth2,0.0029877471923828126,99.99701225280762
2025-11-26 11:31:30.393779,s3-eth2,0.0029877471923828126,99.99701225280762
2025-11-26 11:31:31.394616,s1-eth1,0.0029877471923828126,99.99701225280762
2025-11-26 11:31:31.394719,s2-eth2,0.0029877471923828126,99.99701225280762
2025-11-26 11:31:31.394879,s3-eth2,0.0029877471923828126,99.99701225280762
2025-11-26 11:31:32.395719,s1-eth1,0.0029877471923828126,99.99701225280762
2025-11-26 11:31:32.395822,s2-eth2,0.0029877471923828126,99.99701225280762
2025-11-26 11:31:32.395968,s3-eth2,0.0029877471923828126,99.99701225280762
2025-11-26 11:31:33.396806,s1-eth1,0.0036279296875,99.9963720703125
2025-11-26 11:31:33.396910,s2-eth2,0.0029877471923828126,99.99701225280762
2025-11-26 11:31:33.397055,s3-eth2,0.0029877471923828126,99.99701225280762
2025-11-26 11:31:34.397891,s1-eth1,0.0029877471923828126,99.99701225280762
2025-11-26 11:31:34.397993,s2-eth2,0.0029877471923828126,99.99701225280762
2025-11-26 11:31:34.398139,s3-eth2,0.0029877471923828126,99.99701225280762
2025-11-26 11:31:35.398989,s1-eth1,0.0029877471923828126,99.99701225280762
2025-11-26 11:31:35.399106,s2-eth2,0.0029877471923828126,99.99701225280762
2025-11-26 11:31:35.399251,s3-eth2,0.0029877471923828126,99.99701225280762
2025-11-26 11:31:36.400076,s1-eth1,0.0029877471923828126,99.99701225280762
2025-11-26 11:31:36.400191,s2-eth2,0.0029877471923828126,99.99701225280762
2025-11-26 11:31:36.400336,s3-eth2,0.0029877471923828126,99.99701225280762
2025-11-26 11:31:37.401259,s1-eth1,0.0036279296875,99.9963720703125
2025-11-26 11:31:37.401376,s2-eth2,0.0036279296875,99.9963720703125
2025-11-26 11:31:37.401520,s3-eth2,0.0036279296875,99.9963720703125
2025-11-26 11:31:38.402342,s1-eth1,0.0029877471923828126,99.99701225280762
2025-11-26 11:31:38.402445,s2-eth2,0.0029877471923828126,99.99701225280762
2025-11-26 11:31:38.402603,s3-eth2,0.0029877471923828126,99.99701225280762
2025-11-26 11:31:39.403460,s1-eth1,0.0029877471923828126,99.99701225280762
2025-11-26 11:31:39.403563,s2-eth2,0.0029877471923828126,99.99701225280762
2025-11-26 11:31:39.403720,s3-eth2,0.0029877471923828126,99.99701225280762
2025-11-26 11:31:40.404537,s1-eth1,0.0029877471923828126,99.99701225280762
2025-11-26 11:31:40.404639,s2-eth2,0.0029877471923828126,99.99701225280762
2025-11-26 11:31:40.404797,s3-eth2,0.0029877471923828126,99.99701225280762
2025-11-26 11:31:41.405612,s1-eth1,0.0029877471923828126,99.99701225280762
2025-11-26 11:31:41.405714,s2-eth2,0.0029877471923828126,99.99701225280762
2025-11-26 11:31:41.405859,s3-eth2,0.0029877471923828126,99.99701225280762
2025-11-26 11:31:42.406832,s1-eth1,0.0029877471923828126,99.99701225280762
2025-11-26 11:31:42.406965,s2-eth2,0.0029877471923828126,99.99701225280762
2025-11-26 11:31:42.407115,s3-eth2,0.0029877471923828126,99.99701225280762
2025-11-26 11:31:43.407945,s1-eth1,0.0029877471923828126,99.99701225280762
2025-11-26 11:31:43.408047,s2-eth2,0.0029877471923828126,99.99701225280762
2025-11-26 11:31:43.408191,s3-eth2,0.0029877471923828126,99.99701225280762
2025-11-26 11:31:44.409023,s1-eth1,0.0029877471923828126,99.99701225280762
2025-11-26 11:31:44.409126,s2-eth2,0.0029877471923828126,99.99701225280762
2025-11-26 11:31:44.409271,s3-eth2,0.0029877471923828126,99.99701225280762
2025-11-26 11:31:45.410155,s1-eth1,0.0029877471923828126,99.99701225280762
2025-11-26 11:31:45.410260,s2-eth2,0.0036279296875,99.9963720703125
2025-11-26 11:31:45.410406,s3-eth2,0.0036279296875,99.9963720703125
2025-11-26 11:31:46.411304,s1-eth1,0.0029877471923828126,99.99701225280762
2025-11-26 11:31:46.411407,s2-eth2,0.0029877471923828126,99.99701225280762
2025-11-26 11:31:46.411555,s3-eth2,0.0029877471923828126,99.99701225280762
2025-11-26 11:31:47.412570,s1-eth1,0.0029877471923828126,99.99701225280762
2025-11-26 11:31:47.412673,s2-eth2,0.0029877471923828126,99.99701225280762
2025-11-26 11:31:47.412820,s3-eth2,0.0029877471923828126,99.99701225280762
2025-11-26 11:31:48.413673,s1-eth1,0.0029877471923828126,99.99701225280762
2025-11-26 11:31:48.413776,s2-eth2,0.0029877471923828126,99.99701225280762
2025-11-26 11:31:48.413922,s3-eth2,0.0029877471923828126,99.99701225280762
2025-11-26 11:31:49.414769,s1-eth1,0.0029877471923828126,99.99701225280762
2025-11-26 11:31:49.414883,s2-eth2,0.0029877471923828126,99.99701225280762
2025-11-26 11:31:49.415030,s3-eth2,0.0029877471923828126,99.99701225280762
2025-11-26 11:31:50.415869,s1-eth1,0.0029877471923828126,99.99701225280762
2025-11-26 11:31:50.415972,s2-eth2,0.0029877471923828126,99.99701225280762
2025-11-26 11:31:50.416117,s3-eth2,0.0029877471923828126,99.99701225280762
2025-11-26 11:31:51.416969,s1-eth1,0.0036279296875,99.9963720703125
2025-11-26 11:31:51.417073,s2-eth2,0.0036279296875,99.9963720703125
2025-11-26 11:31:51.417219,s3-eth2,0.0036279296875,99.9963720703125
2025-11-26 11:31:52.418192,s1-eth1,0.0029877471923828126,99.99701225280762
2025-11-26 11:31:52.418295,s2-eth2,0.0029877471923828126,99.99701225280762
2025-11-26 11:31:52.418441,s3-eth2,0.0029877471923828126,99.99701225280762
2025-11-26 11:31:53.419310,s1-eth1,0.0029877471923828126,99.99701225280762
2025-11-26 11:31:53.419413,s2-eth2,0.0029877471923828126,99.99701225280762
2025-11-26 11:31:53.419559,s3-eth2,0.0029877471923828126,99.99701225280762
2025-11-26 11:31:54.420398,s1-eth1,0.0029877471923828126,99.99701225280762
2025-11-26 11:31:54.420501,s2-eth2,0.0029877471923828126,99.99701225280762
2025-11-26 11:31:54.420647,s3-eth2,0.0029877471923828126,99.99701225280762
2025-11-26 11:31:55.421496,s1-eth1,0.0029877471923828126,99.99701225280762
2025-11-26 11:31:55.421599,s2-eth2,0.0029877471923828126,99.99701225280762
2025-11-26 11:31:55.421745,s3-eth2,0.0029877471923828126,99.99701225280762
2025-11-26 11:31:56.422581,s1-eth1,0.0029877471923828126,99.99701225280762
2025-11-26 11:31:56.422684,s2-eth2,0.0029877471923828126,99.99701225280762
2025-11-26 11:31:56.422830,s3-eth2,0.0029877471923828126,99.99701225280762
2025-11-26 11:31:57.423773,s1-eth1,0.0029877471923828126,99.99701225280762
2025-11-26 11:31:57.423887,s2-eth2,0.0029877471923828126,99.99701225280762
2025-11-26 11:31:57.424033,s3-eth2,0.0029877471923828126,99.99701225280762
2025-11-26 11:31:58.424885,s1-eth1,0.0029877471923828126,99.99701225280762
2025-11-26 11:31:58.425001,s2-eth2,0.0029877471923828126,99.99701225280762
2025-11-26 11:31:58.425146,s3-eth2,0.0029877471923828126,99.99701225280762
2025-11-26 11:31:59.425978,s1-eth1,0.0029877471923828126,99.99701225280762
2025-11-26 11:31:59.426095,s2-eth2,0.0029877471923828126,99.99701225280762
2025-11-26 11:31:59.426242,s3-eth2,0.0029877471923828126,99.99701225280762
2025-11-26 11:32:00.427091,s1-eth1,0.0029877471923828126,99.99701225280762
2025-11-26 11:32:00.427194,s2-eth2,0.0029877471923828126,99.99701225280762
2025-11-26 11:32:00.427353,s3-eth2,0.0029877471923828126,99.99701225280762
2025-11-26 11:32:01.428179,s1-eth1,0.0029877471923828126,99.99701225280762
2025-11-26 11:32:01.428282,s2-eth2,0.0029877471923828126,99.99701225280762
2025-11-26 11:32:01.428442,s3-eth2,0.0029877471923828126,99.99701225280762
2025-11-26 11:32:02.429368,s1-eth1,0.0029877471923828126,99.99701225280762
2025-11-26 11:32:02.429470,s2-eth2,0.0029877471923828126,99.99701225280762
2025-11-26 11:32:02.429628,s3-eth2,0.0029877471923828126,99.99701225280762
2025-11-26 11:32:03.430469,s1-eth1,0.0036279296875,99.9963720703125
2025-11-26 11:32:03.430572,s2-eth2,0.0029877471923828126,99.99701225280762
2025-11-26 11:32:03.430718,s3-eth2,0.0029877471923828126,99.99701225280762
2025-11-26 11:32:04.431594,s1-eth1,0.0029877471923828126,99.99701225280762
2025-11-26 11:32:04.431697,s2-eth2,0.0029877471923828126,99.99701225280762
2025-11-26 11:32:04.431844,s3-eth2,0.0029877471923828126,99.99701225280762
2025-11-26 11:32:05.432693,s1-eth1,0.0029877471923828126,99.99701225280762
2025-11-26 11:32:05.432796,s2-eth2,0.0029877471923828126,99.99701225280762
2025-11-26 11:32:05.432942,s3-eth2,0.0029877471923828126,99.99701225280762
2025-11-26 11:32:06.433785,s1-eth1,0.0029877471923828126,99.99701225280762
2025-11-26 11:32:06.433888,s2-eth2,0.0029877471923828126,99.99701225280762
2025-11-26 11:32:06.434033,s3-eth2,0.0029877471923828126,99.99701225280762
2025-11-26 11:32:07.435020,s1-eth1,0.0029877471923828126,99.99701225280762
2025-11-26 11:32:07.435124,s2-eth2,0.0029877471923828126,99.99701225280762
2025-11-26 11:32:07.435269,s3-eth2,0.0029877471923828126,99.99701225280762
2025-11-26 11:32:08.436100,s1-eth1,0.0029877471923828126,99.99701225280762
2025-11-26 11:32:08.436203,s2-eth2,0.0029877471923828126,99.99701225280762
2025-11-26 11:32:08.436348,s3-eth2,0.0029877471923828126,99.99701225280762
2025-11-26 11:32:09.437210,s1-eth1,0.0029877471923828126,99.99701225280762
2025-11-26 11:32:09.437314,s2-eth2,0.0029877471923828126,99.99701225280762
2025-11-26 11:32:09.437460,s3-eth2,0.0029877471923828126,99.99701225280762
2025-11-26 11:32:10.438306,s1-eth1,0.0029877471923828126,99.99701225280762
2025-11-26 11:32:10.438411,s2-eth2,0.0036279296875,99.9963720703125
2025-11-26 11:32:10.438557,s3-eth2,0.0036279296875,99.9963720703125
2025-11-26 11:32:11.439406,s1-eth1,0.0029877471923828126,99.99701225280762
2025-11-26 11:32:11.439509,s2-eth2,0.0029877471923828126,99.99701225280762
2025-11-26 11:32:11.439656,s3-eth2,0.0029877471923828126,99.99701225280762
2025-11-26 11:32:12.440628,s1-eth1,0.0029877471923828126,99.99701225280762
2025-11-26 11:32:12.440731,s2-eth2,0.0029877471923828126,99.99701225280762
2025-11-26 11:32:12.440877,s3-eth2,0.0029877471923828126,99.99701225280762
2025-11-26 11:32:13.441709,s1-eth1,0.0029877471923828126,99.99701225280762
2025-11-26 11:32:13.441812,s2-eth2,0.0029877471923828126,99.99701225280762
2025-11-26 11:32:13.441958,s3-eth2,0.0029877471923828126,99.99701225280762
2025-11-26 11:32:14.442792,s1-eth1,0.0029877471923828126,99.99701225280762
2025-11-26 11:32:14.442925,s2-eth2,0.0036279296875,99.9963720703125
2025-11-26 11:32:14.443071,s3-eth2,0.0036279296875,99.9963720703125
2025-11-26 11:32:15.443907,s1-eth1,0.0029877471923828126,99.99701225280762
2025-11-26 11:32:15.444011,s2-eth2,0.0029877471923828126,99.99701225280762
2025-11-26 11:32:15.444156,s3-eth2,0.0029877471923828126,99.99701225280762
2025-11-26 11:32:16.445017,s1-eth1,0.0036279296875,99.9963720703125
2025-11-26 11:32:16.445122,s2-eth2,0.0029877471923828126,99.99701225280762
2025-11-26 11:32:16.445269,s3-eth2,0.0029877471923828126,99.99701225280762
2025-11-26 11:32:17.446209,s1-eth1,0.0029877471923828126,99.99701225280762
2025-11-26 11:32:17.446312,s2-eth2,0.0029877471923828126,99.99701225280762
2025-11-26 11:32:17.446457,s3-eth2,0.0029877471923828126,99.99701225280762
2025-11-26 11:32:18.447291,s1-eth1,0.0029877471923828126,99.99701225280762
2025-11-26 11:32:18.447406,s2-eth2,0.0029877471923828126,99.99701225280762
2025-11-26 11:32:18.447551,s3-eth2,0.0029877471923828126,99.99701225280762
2025-11-26 11:32:19.448375,s1-eth1,0.0029877471923828126,99.99701225280762
2025-11-26 11:32:19.448491,s2-eth2,0.0029877471923828126,99.99701225280762
2025-11-26 11:32:19.448635,s3-eth2,0.0029877471923828126,99.99701225280762
2025-11-26 11:32:20.449457,s1-eth1,0.0029877471923828126,99.99701225280762
2025-11-26 11:32:20.449571,s2-eth2,0.0029877471923828126,99.99701225280762
2025-11-26 11:32:20.449718,s3-eth2,0.0029877471923828126,99.99701225280762
2025-11-26 11:32:21.450544,s1-eth1,0.0029877471923828126,99.99701225280762
2025-11-26 11:32:21.450658,s2-eth2,0.0029877471923828126,99.99701225280762
2025-11-26 11:32:21.450805,s3-eth2,0.0029877471923828126,99.99701225280762
2025-11-26 11:32:22.451787,s1-eth1,0.0036279296875,99.9963720703125
2025-11-26 11:32:22.451891,s2-eth2,0.0036279296875,99.9963720703125
2025-11-26 11:32:22.452050,s3-eth2,0.0036279296875,99.9963720703125
2025-11-26 11:32:23.452874,s1-eth1,0.0029877471923828126,99.99701225280762
2025-11-26 11:32:23.452977,s2-eth2,0.0029877471923828126,99.99701225280762
2025-11-26 11:32:23.453140,s3-eth2,0.0029877471923828126,99.99701225280762
2025-11-26 11:32:24.453962,s1-eth1,0.0029877471923828126,99.99701225280762
2025-11-26 11:32:24.454066,s2-eth2,0.0029877471923828126,99.99701225280762
2025-11-26 11:32:24.454222,s3-eth2,0.0029877471923828126,99.99701225280762
2025-11-26 11:32:25.455053,s1-eth1,0.0029877471923828126,99.99701225280762
2025-11-26 11:32:25.455156,s2-eth2,0.0029877471923828126,99.99701225280762
2025-11-26 11:32:25.455301,s3-eth2,0.0029877471923828126,99.99701225280762
2025-11-26 11:32:26.456132,s1-eth1,0.0029877471923828126,99.99701225280762
2025-11-26 11:32:26.456236,s2-eth2,0.0029877471923828126,99.99701225280762
2025-11-26 11:32:26.456381,s3-eth2,0.0029877471923828126,99.99701225280762
2025-11-26 11:32:27.457288,s1-eth1,0.0029877471923828126,99.99701225280762
2025-11-26 11:32:27.457391,s2-eth2,0.0029877471923828126,99.99701225280762
2025-11-26 11:32:27.457537,s3-eth2,0.0029877471923828126,99.99701225280762
2025-11-26 11:32:28.458371,s1-eth1,0.0029877471923828126,99.99701225280762
2025-11-26 11:32:28.458475,s2-eth2,0.0029877471923828126,99.99701225280762
2025-11-26 11:32:28.458619,s3-eth2,0.0029877471923828126,99.99701225280762
2025-11-26 11:32:29.459456,s1-eth1,0.0029877471923828126,99.99701225280762
2025-11-26 11:32:29.459558,s2-eth2,0.0029877471923828126,99.99701225280762
2025-11-26 11:32:29.459703,s3-eth2,0.0029877471923828126,99.99701225280762
2025-11-26 11:32:30.460523,s1-eth1,0.0029877471923828126,99.99701225280762
2025-11-26 11:32:30.460626,s2-eth2,0.0029877471923828126,99.99701225280762
2025-11-26 11:32:30.460771,s3-eth2,0.0029877471923828126,99.99701225280762
2025-11-26 11:32:31.461597,s1-eth1,0.0029877471923828126,99.99701225280762
2025-11-26 11:32:31.461699,s2-eth2,0.0029877471923828126,99.99701225280762
2025-11-26 11:32:31.461844,s3-eth2,0.0029877471923828126,99.99701225280762
2025-11-26 11:32:32.462773,s1-eth1,0.0029877471923828126,99.99701225280762
2025-11-26 11:32:32.462888,s2-eth2,0.0029877471923828126,99.99701225280762
2025-11-26 11:32:32.463033,s3-eth2,0.0029877471923828126,99.99701225280762
2025-11-26 11:32:33.463864,s1-eth1,0.0029877471923828126,99.99701225280762
2025-11-26 11:32:33.463966,s2-eth2,0.0029877471923828126,99.99701225280762
2025-11-26 11:32:33.464111,s3-eth2,0.0029877471923828126,99.99701225280762
2025-11-26 11:32:34.464634,s1-eth1,0.00299072265625,99.99700927734375
2025-11-26 11:32:34.464672,s2-eth2,0.003631591796875,99.99636840820312
2025-11-26 11:32:34.464726,s3-eth2,0.003631591796875,99.99636840820312
2025-11-26 11:32:35.465082,s1-eth1,0.00299072265625,99.99700927734375
2025-11-26 11:32:35.465120,s2-eth2,0.00299072265625,99.99700927734375
2025-11-26 11:32:35.465174,s3-eth2,0.00299072265625,99.99700927734375
2025-11-26 11:32:36.465656,s1-eth1,0.003631591796875,99.99636840820312
2025-11-26 11:32:36.465759,s2-eth2,0.003631591796875,99.99636840820312
2025-11-26 11:32:36.465905,s3-eth2,0.003631591796875,99.99636840820312
2025-11-26 11:32:37.466864,s1-eth1,0.0029877471923828126,99.99701225280762
2025-11-26 11:32:37.466969,s2-eth2,0.0029877471923828126,99.99701225280762
2025-11-26 11:32:37.467116,s3-eth2,0.0029877471923828126,99.99701225280762
2025-11-26 11:32:38.467975,s1-eth1,0.0029877471923828126,99.99701225280762
2025-11-26 11:32:38.468079,s2-eth2,0.0029877471923828126,99.99701225280762
2025-11-26 11:32:38.468226,s3-eth2,0.0029877471923828126,99.99701225280762
2025-11-26 11:32:39.469064,s1-eth1,0.0029877471923828126,99.99701225280762
2025-11-26 11:32:39.469168,s2-eth2,0.0029877471923828126,99.99701225280762
2025-11-26 11:32:39.469313,s3-eth2,0.0029877471923828126,99.99701225280762
2025-11-26 11:32:40.470136,s1-eth1,0.0029877471923828126,99.99701225280762
2025-11-26 11:32:40.470253,s2-eth2,0.0029877471923828126,99.99701225280762
2025-11-26 11:32:40.470398,s3-eth2,0.0029877471923828126,99.99701225280762
2025-11-26 11:32:41.471253,s1-eth1,0.0029877471923828126,99.99701225280762
2025-11-26 11:32:41.471368,s2-eth2,0.0029877471923828126,99.99701225280762
2025-11-26 11:32:41.471514,s3-eth2,0.0029877471923828126,99.99701225280762
2025-11-26 11:32:42.472376,s1-eth1,0.0029877471923828126,99.99701225280762
2025-11-26 11:32:42.472490,s2-eth2,0.0029877471923828126,99.99701225280762
2025-11-26 11:32:42.472636,s3-eth2,0.0029877471923828126,99.99701225280762
2025-11-26 11:32:43.473445,s1-eth1,0.0029877471923828126,99.99701225280762
2025-11-26 11:32:43.473548,s2-eth2,0.0029877471923828126,99.99701225280762
2025-11-26 11:32:43.473705,s3-eth2,0.0029877471923828126,99.99701225280762
2025-11-26 11:32:44.474510,s1-eth1,0.0036279296875,99.9963720703125
2025-11-26 11:32:44.474614,s2-eth2,0.0036279296875,99.9963720703125
2025-11-26 11:32:44.474771,s3-eth2,0.0036279296875,99.9963720703125
2025-11-26 11:32:45.475623,s1-eth1,0.0029877471923828126,99.99701225280762
2025-11-26 11:32:45.475726,s2-eth2,0.0029877471923828126,99.99701225280762
2025-11-26 11:32:45.475883,s3-eth2,0.0029877471923828126,99.99701225280762
2025-11-26 11:32:46.476396,s1-eth1,0.00299072265625,99.99700927734375
2025-11-26 11:32:46.476433,s2-eth2,0.00299072265625,99.99700927734375
2025-11-26 11:32:46.476486,s3-eth2,0.00299072265625,99.99700927734375
2025-11-26 11:32:47.476922,s1-eth1,0.00299072265625,99.99700927734375
2025-11-26 11:32:47.476960,s2-eth2,0.00299072265625,99.99700927734375
2025-11-26 11:32:47.477014,s3-eth2,0.00299072265625,99.99700927734375
2025-11-26 11:32:48.477366,s1-eth1,0.00299072265625,99.99700927734375
2025-11-26 11:32:48.477404,s2-eth2,0.00299072265625,99.99700927734375
2025-11-26 11:32:48.477458,s3-eth2,0.00299072265625,99.99700927734375
2025-11-26 11:32:49.477811,s1-eth1,0.00299072265625,99.99700927734375
2025-11-26 11:32:49.477849,s2-eth2,0.00299072265625,99.99700927734375
2025-11-26 11:32:49.477903,s3-eth2,0.00299072265625,99.99700927734375
2025-11-26 11:32:50.478263,s1-eth1,0.00299072265625,99.99700927734375
2025-11-26 11:32:50.478301,s2-eth2,0.00299072265625,99.99700927734375
2025-11-26 11:32:50.478355,s3-eth2,0.00299072265625,99.99700927734375
2025-11-26 11:32:51.478716,s1-eth1,0.00299072265625,99.99700927734375
2025-11-26 11:32:51.478754,s2-eth2,0.00299072265625,99.99700927734375
2025-11-26 11:32:51.478808,s3-eth2,0.00299072265625,99.99700927734375
2025-11-26 11:32:52.479192,s1-eth1,0.00299072265625,99.99700927734375
2025-11-26 11:32:52.479229,s2-eth2,0.00299072265625,99.99700927734375
2025-11-26 11:32:52.479283,s3-eth2,0.00299072265625,99.99700927734375
2025-11-26 11:32:53.479965,s1-eth1,0.00299072265625,99.99700927734375
2025-11-26 11:32:53.480068,s2-eth2,0.00299072265625,99.99700927734375
2025-11-26 11:32:53.480214,s3-eth2,0.00299072265625,99.99700927734375
2025-11-26 11:32:54.481045,s1-eth1,0.0029877471923828126,99.99701225280762
2025-11-26 11:32:54.481149,s2-eth2,0.0029877471923828126,99.99701225280762
2025-11-26 11:32:54.481295,s3-eth2,0.0029877471923828126,99.99701225280762
2025-11-26 11:32:55.482145,s1-eth1,0.0042681884765625,99.99573181152344
2025-11-26 11:32:55.482249,s2-eth2,0.0036279296875,99.9963720703125
2025-11-26 11:32:55.482397,s3-eth2,0.0036279296875,99.9963720703125
2025-11-26 11:32:56.483250,s1-eth1,0.0029877471923828126,99.99701225280762
2025-11-26 11:32:56.483353,s2-eth2,0.0029877471923828126,99.99701225280762
2025-11-26 11:32:56.483499,s3-eth2,0.0029877471923828126,99.99701225280762
2025-11-26 11:32:57.484369,s1-eth1,0.0029877471923828126,99.99701225280762
2025-11-26 11:32:57.484472,s2-eth2,0.0029877471923828126,99.99701225280762
2025-11-26 11:32:57.484617,s3-eth2,0.0029877471923828126,99.99701225280762
2025-11-26 11:32:58.485442,s1-eth1,0.0029877471923828126,99.99701225280762
2025-11-26 11:32:58.485544,s2-eth2,0.0029877471923828126,99.99701225280762
2025-11-26 11:32:58.485689,s3-eth2,0.0029877471923828126,99.99701225280762
2025-11-26 11:32:59.486513,s1-eth1,0.0029877471923828126,99.99701225280762
2025-11-26 11:32:59.486617,s2-eth2,0.0036279296875,99.9963720703125
2025-11-26 11:32:59.486762,s3-eth2,0.0036279296875,99.9963720703125
2025-11-26 11:33:00.487620,s1-eth1,0.0029877471923828126,99.99701225280762
2025-11-26 11:33:00.487722,s2-eth2,0.0029877471923828126,99.99701225280762
2025-11-26 11:33:00.487868,s3-eth2,0.0029877471923828126,99.99701225280762
2025-11-26 11:33:01.488695,s1-eth1,0.0029877471923828126,99.99701225280762
2025-11-26 11:33:01.488799,s2-eth2,0.0029877471923828126,99.99701225280762
2025-11-26 11:33:01.488974,s3-eth2,0.0029877471923828126,99.99701225280762
2025-11-26 11:33:02.489843,s1-eth1,0.0029877471923828126,99.99701225280762
2025-11-26 11:33:02.489957,s2-eth2,0.0029877471923828126,99.99701225280762
2025-11-26 11:33:02.490103,s3-eth2,0.0029877471923828126,99.99701225280762
2025-11-26 11:33:03.490939,s1-eth1,0.0029877471923828126,99.99701225280762
2025-11-26 11:33:03.491060,s2-eth2,0.0029877471923828126,99.99701225280762
2025-11-26 11:33:03.491206,s3-eth2,0.0029877471923828126,99.99701225280762
2025-11-26 11:33:04.492019,s1-eth1,0.0029877471923828126,99.99701225280762
2025-11-26 11:33:04.492134,s2-eth2,0.0029877471923828126,99.99701225280762
2025-11-26 11:33:04.492280,s3-eth2,0.0029877471923828126,99.99701225280762
2025-11-26 11:33:05.493085,s1-eth1,0.0029877471923828126,99.99701225280762
2025-11-26 11:33:05.493188,s2-eth2,0.0029877471923828126,99.99701225280762
2025-11-26 11:33:05.493344,s3-eth2,0.0029877471923828126,99.99701225280762
2025-11-26 11:33:06.494161,s1-eth1,0.0036279296875,99.9963720703125
2025-11-26 11:33:06.494264,s2-eth2,0.0036279296875,99.9963720703125
2025-11-26 11:33:06.494423,s3-eth2,0.0036279296875,99.9963720703125
2025-11-26 11:33:07.495344,s1-eth1,0.0029877471923828126,99.99701225280762
2025-11-26 11:33:07.495447,s2-eth2,0.0029877471923828126,99.99701225280762
2025-11-26 11:33:07.495602,s3-eth2,0.0029877471923828126,99.99701225280762
2025-11-26 11:33:08.496401,s1-eth1,0.0029877471923828126,99.99701225280762
2025-11-26 11:33:08.496504,s2-eth2,0.0029877471923828126,99.99701225280762
2025-11-26 11:33:08.496647,s3-eth2,0.0029877471923828126,99.99701225280762
2025-11-26 11:33:09.497461,s1-eth1,0.0029877471923828126,99.99701225280762
2025-11-26 11:33:09.497563,s2-eth2,0.0029877471923828126,99.99701225280762
2025-11-26 11:33:09.497708,s3-eth2,0.0029877471923828126,99.99701225280762
2025-11-26 11:33:10.498524,s1-eth1,0.0029877471923828126,99.99701225280762
2025-11-26 11:33:10.498626,s2-eth2,0.0029877471923828126,99.99701225280762
2025-11-26 11:33:10.498771,s3-eth2,0.0029877471923828126,99.99701225280762
2025-11-26 11:33:11.499622,s1-eth1,0.0029877471923828126,99.99701225280762
2025-11-26 11:33:11.499724,s2-eth2,0.0029877471923828126,99.99701225280762
2025-11-26 11:33:11.499869,s3-eth2,0.0029877471923828126,99.99701225280762
2025-11-26 11:33:12.500740,s1-eth1,0.0029877471923828126,99.99701225280762
2025-11-26 11:33:12.500843,s2-eth2,0.0029877471923828126,99.99701225280762
2025-11-26 11:33:12.500988,s3-eth2,0.0029877471923828126,99.99701225280762
2025-11-26 11:33:13.501799,s1-eth1,0.0029877471923828126,99.99701225280762
2025-11-26 11:33:13.501901,s2-eth2,0.0029877471923828126,99.99701225280762
2025-11-26 11:33:13.502046,s3-eth2,0.0029877471923828126,99.99701225280762
2025-11-26 11:33:14.502878,s1-eth1,0.0029877471923828126,99.99701225280762
2025-11-26 11:33:14.502983,s2-eth2,0.0029877471923828126,99.99701225280762
2025-11-26 11:33:14.503128,s3-eth2,0.0029877471923828126,99.99701225280762
2025-11-26 11:33:15.503939,s1-eth1,0.0029877471923828126,99.99701225280762
2025-11-26 11:33:15.504041,s2-eth2,0.0029877471923828126,99.99701225280762
2025-11-26 11:33:15.504186,s3-eth2,0.0029877471923828126,99.99701225280762
2025-11-26 11:33:16.504998,s1-eth1,0.0029877471923828126,99.99701225280762
2025-11-26 11:33:16.505100,s2-eth2,0.0029877471923828126,99.99701225280762
2025-11-26 11:33:16.505245,s3-eth2,0.0029877471923828126,99.99701225280762
2025-11-26 11:33:17.506164,s1-eth1,0.0029877471923828126,99.99701225280762
2025-11-26 11:33:17.506267,s2-eth2,0.0029877471923828126,99.99701225280762
2025-11-26 11:33:17.506411,s3-eth2,0.0029877471923828126,99.99701225280762
2025-11-26 11:33:18.507258,s1-eth1,0.0029877471923828126,99.99701225280762
2025-11-26 11:33:18.507361,s2-eth2,0.0029877471923828126,99.99701225280762
2025-11-26 11:33:18.507505,s3-eth2,0.0029877471923828126,99.99701225280762
2025-11-26 11:33:19.508351,s1-eth1,0.0029877471923828126,99.99701225280762
2025-11-26 11:33:19.508455,s2-eth2,0.0029877471923828126,99.99701225280762
2025-11-26 11:33:19.508600,s3-eth2,0.0029877471923828126,99.99701225280762
2025-11-26 11:33:20.509426,s1-eth1,0.0029877471923828126,99.99701225280762
2025-11-26 11:33:20.509528,s2-eth2,0.0029877471923828126,99.99701225280762
2025-11-26 11:33:20.509673,s3-eth2,0.0029877471923828126,99.99701225280762
2025-11-26 11:33:21.510518,s1-eth1,0.0036279296875,99.9963720703125
2025-11-26 11:33:21.510622,s2-eth2,0.0036279296875,99.9963720703125
2025-11-26 11:33:21.510769,s3-eth2,0.0036279296875,99.9963720703125
2025-11-26 11:33:22.511698,s1-eth1,0.0029877471923828126,99.99701225280762
2025-11-26 11:33:22.511801,s2-eth2,0.0029877471923828126,99.99701225280762
2025-11-26 11:33:22.511947,s3-eth2,0.0029877471923828126,99.99701225280762
2025-11-26 11:33:23.512787,s1-eth1,0.0029877471923828126,99.99701225280762
2025-11-26 11:33:23.512904,s2-eth2,0.0036279296875,99.9963720703125
2025-11-26 11:33:23.513051,s3-eth2,0.0036279296875,99.9963720703125
2025-11-26 11:33:24.513897,s1-eth1,0.0029877471923828126,99.99701225280762
2025-11-26 11:33:24.514012,s2-eth2,0.0029877471923828126,99.99701225280762
2025-11-26 11:33:24.514158,s3-eth2,0.0029877471923828126,99.99701225280762
2025-11-26 11:33:25.515006,s1-eth1,0.0029877471923828126,99.99701225280762
2025-11-26 11:33:25.515120,s2-eth2,0.0029877471923828126,99.99701225280762
2025-11-26 11:33:25.515267,s3-eth2,0.0029877471923828126,99.99701225280762
2025-11-26 11:33:26.516085,s1-eth1,0.0029877471923828126,99.99701225280762
2025-11-26 11:33:26.516188,s2-eth2,0.0029877471923828126,99.99701225280762
2025-11-26 11:33:26.516347,s3-eth2,0.0029877471923828126,99.99701225280762
2025-11-26 11:33:27.517224,s1-eth1,0.0029877471923828126,99.99701225280762
2025-11-26 11:33:27.517327,s2-eth2,0.0029877471923828126,99.99701225280762
2025-11-26 11:33:27.517484,s3-eth2,0.0029877471923828126,99.99701225280762
2025-11-26 11:33:28.518313,s1-eth1,0.0036279296875,99.9963720703125
2025-11-26 11:33:28.518417,s2-eth2,0.0036279296875,99.9963720703125
2025-11-26 11:33:28.518575,s3-eth2,0.0036279296875,99.9963720703125
2025-11-26 11:33:29.519426,s1-eth1,0.0029877471923828126,99.99701225280762
2025-11-26 11:33:29.519530,s2-eth2,0.0029877471923828126,99.99701225280762
2025-11-26 11:33:29.519677,s3-eth2,0.0029877471923828126,99.99701225280762
2025-11-26 11:33:30.520514,s1-eth1,0.0029877471923828126,99.99701225280762
2025-11-26 11:33:30.520617,s2-eth2,0.0029877471923828126,99.99701225280762
2025-11-26 11:33:30.520763,s3-eth2,0.0029877471923828126,99.99701225280762
2025-11-26 11:33:31.521596,s1-eth1,0.0029877471923828126,99.99701225280762
2025-11-26 11:33:31.521698,s2-eth2,0.0029877471923828126,99.99701225280762
2025-11-26 11:33:31.521843,s3-eth2,0.0029877471923828126,99.99701225280762
2025-11-26 11:33:32.522729,s1-eth1,0.0029877471923828126,99.99701225280762
2025-11-26 11:33:32.522831,s2-eth2,0.0029877471923828126,99.99701225280762
2025-11-26 11:33:32.522990,s3-eth2,0.0029877471923828126,99.99701225280762
2025-11-26 11:33:33.523816,s1-eth1,0.0029877471923828126,99.99701225280762
2025-11-26 11:33:33.523919,s2-eth2,0.0029877471923828126,99.99701225280762
2025-11-26 11:33:33.524064,s3-eth2,0.0029877471923828126,99.99701225280762
2025-11-26 11:33:34.524949,s1-eth1,0.0036279296875,99.9963720703125
2025-11-26 11:33:34.525053,s2-eth2,0.0029877471923828126,99.99701225280762
2025-11-26 11:33:34.525202,s3-eth2,0.0029877471923828126,99.99701225280762
2025-11-26 11:33:35.526049,s1-eth1,0.0029877471923828126,99.99701225280762
2025-11-26 11:33:35.526152,s2-eth2,0.0029877471923828126,99.99701225280762
2025-11-26 11:33:35.526298,s3-eth2,0.0029877471923828126,99.99701225280762
2025-11-26 11:33:36.527174,s1-eth1,0.0029877471923828126,99.99701225280762
2025-11-26 11:33:36.527278,s2-eth2,0.0036279296875,99.9963720703125
2025-11-26 11:33:36.527423,s3-eth2,0.0036279296875,99.9963720703125
2025-11-26 11:33:37.528438,s1-eth1,0.0029877471923828126,99.99701225280762
2025-11-26 11:33:37.528542,s2-eth2,0.0029877471923828126,99.99701225280762
2025-11-26 11:33:37.528689,s3-eth2,0.0029877471923828126,99.99701225280762
2025-11-26 11:33:38.529535,s1-eth1,0.0029877471923828126,99.99701225280762
2025-11-26 11:33:38.529638,s2-eth2,0.0029877471923828126,99.99701225280762
2025-11-26 11:33:38.529784,s3-eth2,0.0029877471923828126,99.99701225280762
2025-11-26 11:33:39.530620,s1-eth1,0.0029877471923828126,99.99701225280762
2025-11-26 11:33:39.530724,s2-eth2,0.0029877471923828126,99.99701225280762
2025-11-26 11:33:39.530885,s3-eth2,0.0029877471923828126,99.99701225280762
2025-11-26 11:33:40.531747,s1-eth1,0.0029877471923828126,99.99701225280762
2025-11-26 11:33:40.531849,s2-eth2,0.0029877471923828126,99.99701225280762
2025-11-26 11:33:40.531996,s3-eth2,0.0029877471923828126,99.99701225280762
2025-11-26 11:33:41.532846,s1-eth1,0.0029877471923828126,99.99701225280762
2025-11-26 11:33:41.532948,s2-eth2,0.0029877471923828126,99.99701225280762
2025-11-26 11:33:41.533094,s3-eth2,0.0029877471923828126,99.99701225280762
2025-11-26 11:33:42.534075,s1-eth1,0.0029877471923828126,99.99701225280762
2025-11-26 11:33:42.534178,s2-eth2,0.0029877471923828126,99.99701225280762
2025-11-26 11:33:42.534324,s3-eth2,0.0029877471923828126,99.99701225280762
2025-11-26 11:33:43.535173,s1-eth1,0.0029877471923828126,99.99701225280762
2025-11-26 11:33:43.535275,s2-eth2,0.0029877471923828126,99.99701225280762
2025-11-26 11:33:43.535420,s3-eth2,0.0029877471923828126,99.99701225280762
2025-11-26 11:33:44.536244,s1-eth1,0.0029877471923828126,99.99701225280762
2025-11-26 11:33:44.536360,s2-eth2,0.0029877471923828126,99.99701225280762
2025-11-26 11:33:44.536508,s3-eth2,0.0029877471923828126,99.99701225280762
2025-11-26 11:33:45.537334,s1-eth1,0.0029877471923828126,99.99701225280762
2025-11-26 11:33:45.537450,s2-eth2,0.0029877471923828126,99.99701225280762
2025-11-26 11:33:45.537595,s3-eth2,0.0029877471923828126,99.99701225280762
2025-11-26 11:33:46.538441,s1-eth1,0.0036279296875,99.9963720703125
2025-11-26 11:33:46.538558,s2-eth2,0.0029877471923828126,99.99701225280762
2025-11-26 11:33:46.538705,s3-eth2,0.0029877471923828126,99.99701225280762
2025-11-26 11:33:47.539663,s1-eth1,0.0029877471923828126,99.99701225280762
2025-11-26 11:33:47.539767,s2-eth2,0.0029877471923828126,99.99701225280762
2025-11-26 11:33:47.539924,s3-eth2,0.0029877471923828126,99.99701225280762
2025-11-26 11:33:48.540759,s1-eth1,0.0029877471923828126,99.99701225280762
2025-11-26 11:33:48.540863,s2-eth2,0.0036279296875,99.9963720703125
2025-11-26 11:33:48.541022,s3-eth2,0.0036279296875,99.9963720703125
2025-11-26 11:33:49.541856,s1-eth1,0.0029877471923828126,99.99701225280762
2025-11-26 11:33:49.541958,s2-eth2,0.0029877471923828126,99.99701225280762
2025-11-26 11:33:49.542117,s3-eth2,0.0029877471923828126,99.99701225280762
2025-11-26 11:33:50.542980,s1-eth1,0.0036279296875,99.9963720703125
2025-11-26 11:33:50.543084,s2-eth2,0.0036279296875,99.9963720703125
2025-11-26 11:33:50.543230,s3-eth2,0.0036279296875,99.9963720703125
2025-11-26 11:33:51.544076,s1-eth1,0.0029877471923828126,99.99701225280762
2025-11-26 11:33:51.544179,s2-eth2,0.0029877471923828126,99.99701225280762
2025-11-26 11:33:51.544325,s3-eth2,0.0029877471923828126,99.99701225280762
2025-11-26 11:33:52.545284,s1-eth1,0.0029877471923828126,99.99701225280762
2025-11-26 11:33:52.545387,s2-eth2,0.0029877471923828126,99.99701225280762
2025-11-26 11:33:52.545533,s3-eth2,0.0029877471923828126,99.99701225280762
2025-11-26 11:33:53.546365,s1-eth1,0.0029877471923828126,99.99701225280762
2025-11-26 11:33:53.546468,s2-eth2,0.0029877471923828126,99.99701225280762
2025-11-26 11:33:53.546613,s3-eth2,0.0029877471923828126,99.99701225280762
2025-11-26 11:33:54.547481,s1-eth1,0.0029877471923828126,99.99701225280762
2025-11-26 11:33:54.547585,s2-eth2,0.0029877471923828126,99.99701225280762
2025-11-26 11:33:54.547729,s3-eth2,0.0029877471923828126,99.99701225280762
2025-11-26 11:33:55.548556,s1-eth1,0.0029877471923828126,99.99701225280762
2025-11-26 11:33:55.548658,s2-eth2,0.0029877471923828126,99.99701225280762
2025-11-26 11:33:55.548804,s3-eth2,0.0029877471923828126,99.99701225280762
2025-11-26 11:33:56.549629,s1-eth1,0.0029877471923828126,99.99701225280762
2025-11-26 11:33:56.549731,s2-eth2,0.0029877471923828126,99.99701225280762
2025-11-26 11:33:56.549876,s3-eth2,0.0029877471923828126,99.99701225280762
2025-11-26 11:33:57.550796,s1-eth1,0.0029877471923828126,99.99701225280762
2025-11-26 11:33:57.550930,s2-eth2,0.0029877471923828126,99.99701225280762
2025-11-26 11:33:57.551076,s3-eth2,0.0029877471923828126,99.99701225280762
2025-11-26 11:33:58.551906,s1-eth1,0.0029877471923828126,99.99701225280762
2025-11-26 11:33:58.552009,s2-eth2,0.0029877471923828126,99.99701225280762
2025-11-26 11:33:58.552154,s3-eth2,0.0029877471923828126,99.99701225280762
2025-11-26 11:33:59.552981,s1-eth1,0.0029877471923828126,99.99701225280762
2025-11-26 11:33:59.553084,s2-eth2,0.0029877471923828126,99.99701225280762
2025-11-26 11:33:59.553230,s3-eth2,0.0029877471923828126,99.99701225280762
2025-11-26 11:34:00.554064,s1-eth1,0.0029877471923828126,99.99701225280762
2025-11-26 11:34:00.554167,s2-eth2,0.0029877471923828126,99.99701225280762
2025-11-26 11:34:00.554312,s3-eth2,0.0029877471923828126,99.99701225280762
2025-11-26 11:34:01.555173,s1-eth1,0.0029877471923828126,99.99701225280762
2025-11-26 11:34:01.555276,s2-eth2,0.0029877471923828126,99.99701225280762
2025-11-26 11:34:01.555421,s3-eth2,0.0029877471923828126,99.99701225280762
2025-11-26 11:34:02.556400,s1-eth1,0.0029877471923828126,99.99701225280762
2025-11-26 11:34:02.556503,s2-eth2,0.0029877471923828126,99.99701225280762
2025-11-26 11:34:02.556649,s3-eth2,0.0029877471923828126,99.99701225280762
2025-11-26 11:34:03.557495,s1-eth1,0.0029877471923828126,99.99701225280762
2025-11-26 11:34:03.557598,s2-eth2,0.0029877471923828126,99.99701225280762
2025-11-26 11:34:03.557744,s3-eth2,0.0029877471923828126,99.99701225280762
2025-11-26 11:34:04.558586,s1-eth1,0.0029877471923828126,99.99701225280762
2025-11-26 11:34:04.558688,s2-eth2,0.0029877471923828126,99.99701225280762
2025-11-26 11:34:04.558835,s3-eth2,0.0029877471923828126,99.99701225280762
2025-11-26 11:34:05.559663,s1-eth1,0.0029877471923828126,99.99701225280762
2025-11-26 11:34:05.559779,s2-eth2,0.0029877471923828126,99.99701225280762
2025-11-26 11:34:05.559925,s3-eth2,0.0029877471923828126,99.99701225280762
2025-11-26 11:34:06.560742,s1-eth1,0.0036279296875,99.9963720703125
2025-11-26 11:34:06.560858,s2-eth2,0.0036279296875,99.9963720703125
2025-11-26 11:34:06.561004,s3-eth2,0.0036279296875,99.9963720703125
2025-11-26 11:34:07.561931,s1-eth1,0.0029877471923828126,99.99701225280762
2025-11-26 11:34:07.562046,s2-eth2,0.0029877471923828126,99.99701225280762
2025-11-26 11:34:07.562193,s3-eth2,0.0029877471923828126,99.99701225280762
2025-11-26 11:34:08.563043,s1-eth1,0.0029877471923828126,99.99701225280762
2025-11-26 11:34:08.563160,s2-eth2,0.0029877471923828126,99.99701225280762
2025-11-26 11:34:08.563306,s3-eth2,0.0029877471923828126,99.99701225280762
2025-11-26 11:34:09.564136,s1-eth1,0.0029877471923828126,99.99701225280762
2025-11-26 11:34:09.564239,s2-eth2,0.0029877471923828126,99.99701225280762
2025-11-26 11:34:09.564398,s3-eth2,0.0029877471923828126,99.99701225280762
2025-11-26 11:34:10.565229,s1-eth1,0.0029877471923828126,99.99701225280762
2025-11-26 11:34:10.565333,s2-eth2,0.0029877471923828126,99.99701225280762
2025-11-26 11:34:10.565492,s3-eth2,0.0029877471923828126,99.99701225280762
2025-11-26 11:34:11.566335,s1-eth1,0.0029877471923828126,99.99701225280762
2025-11-26 11:34:11.566437,s2-eth2,0.0029877471923828126,99.99701225280762
2025-11-26 11:34:11.566596,s3-eth2,0.0029877471923828126,99.99701225280762
2025-11-26 11:34:12.567474,s1-eth1,0.0036279296875,99.9963720703125
2025-11-26 11:34:12.567576,s2-eth2,0.0036279296875,99.9963720703125
2025-11-26 11:34:12.567723,s3-eth2,0.0036279296875,99.9963720703125
2025-11-26 11:34:13.568573,s1-eth1,0.0036279296875,99.9963720703125
2025-11-26 11:34:13.568676,s2-eth2,0.0036279296875,99.9963720703125
2025-11-26 11:34:13.568822,s3-eth2,0.0036279296875,99.9963720703125
2025-11-26 11:34:14.569668,s1-eth1,0.0029877471923828126,99.99701225280762
2025-11-26 11:34:14.569772,s2-eth2,0.0029877471923828126,99.99701225280762
2025-11-26 11:34:14.569917,s3-eth2,0.0029877471923828126,99.99701225280762
2025-11-26 11:34:15.570758,s1-eth1,0.0029877471923828126,99.99701225280762
2025-11-26 11:34:15.570875,s2-eth2,0.0029877471923828126,99.99701225280762
2025-11-26 11:34:15.571021,s3-eth2,0.0029877471923828126,99.99701225280762
2025-11-26 11:34:16.571858,s1-eth1,0.0029877471923828126,99.99701225280762
2025-11-26 11:34:16.571961,s2-eth2,0.0029877471923828126,99.99701225280762
2025-11-26 11:34:16.572107,s3-eth2,0.0029877471923828126,99.99701225280762
2025-11-26 11:34:17.573073,s1-eth1,0.0029877471923828126,99.99701225280762
2025-11-26 11:34:17.573177,s2-eth2,0.0036279296875,99.9963720703125
2025-11-26 11:34:17.573323,s3-eth2,0.0036279296875,99.9963720703125
2025-11-26 11:34:18.574171,s1-eth1,0.0029877471923828126,99.99701225280762
2025-11-26 11:34:18.574275,s2-eth2,0.0029877471923828126,99.99701225280762
2025-11-26 11:34:18.574423,s3-eth2,0.0029877471923828126,99.99701225280762
2025-11-26 11:34:19.575275,s1-eth1,0.0029877471923828126,99.99701225280762
2025-11-26 11:34:19.575378,s2-eth2,0.0029877471923828126,99.99701225280762
2025-11-26 11:34:19.575524,s3-eth2,0.0029877471923828126,99.99701225280762
2025-11-26 11:34:20.576364,s1-eth1,0.0029877471923828126,99.99701225280762
2025-11-26 11:34:20.576467,s2-eth2,0.0029877471923828126,99.99701225280762
2025-11-26 11:34:20.576613,s3-eth2,0.0029877471923828126,99.99701225280762
2025-11-26 11:34:21.577452,s1-eth1,0.0029877471923828126,99.99701225280762
2025-11-26 11:34:21.577555,s2-eth2,0.0029877471923828126,99.99701225280762
2025-11-26 11:34:21.577700,s3-eth2,0.0029877471923828126,99.99701225280762
2025-11-26 11:34:22.578641,s1-eth1,0.0029877471923828126,99.99701225280762
2025-11-26 11:34:22.578744,s2-eth2,0.0029877471923828126,99.99701225280762
2025-11-26 11:34:22.578903,s3-eth2,0.0029877471923828126,99.99701225280762
2025-11-26 11:34:23.579744,s1-eth1,0.0029877471923828126,99.99701225280762
2025-11-26 11:34:23.579846,s2-eth2,0.0029877471923828126,99.99701225280762
2025-11-26 11:34:23.579992,s3-eth2,0.0029877471923828126,99.99701225280762
2025-11-26 11:34:24.580827,s1-eth1,0.0029877471923828126,99.99701225280762
2025-11-26 11:34:24.580929,s2-eth2,0.0029877471923828126,99.99701225280762
2025-11-26 11:34:24.581074,s3-eth2,0.0029877471923828126,99.99701225280762
2025-11-26 11:34:25.581900,s1-eth1,0.0029877471923828126,99.99701225280762
2025-11-26 11:34:25.582002,s2-eth2,0.0029877471923828126,99.99701225280762
2025-11-26 11:34:25.582148,s3-eth2,0.0029877471923828126,99.99701225280762
2025-11-26 11:34:26.583002,s1-eth1,0.0029877471923828126,99.99701225280762
2025-11-26 11:34:26.583105,s2-eth2,0.0029877471923828126,99.99701225280762
2025-11-26 11:34:26.583251,s3-eth2,0.0029877471923828126,99.99701225280762
2025-11-26 11:34:27.584183,s1-eth1,0.0029877471923828126,99.99701225280762
2025-11-26 11:34:27.584299,s2-eth2,0.0029877471923828126,99.99701225280762
2025-11-26 11:34:27.584445,s3-eth2,0.0029877471923828126,99.99701225280762
2025-11-26 11:34:28.585269,s1-eth1,0.0029877471923828126,99.99701225280762
2025-11-26 11:34:28.585385,s2-eth2,0.0029877471923828126,99.99701225280762
2025-11-26 11:34:28.585531,s3-eth2,0.0029877471923828126,99.99701225280762
2025-11-26 11:34:29.586348,s1-eth1,0.0029877471923828126,99.99701225280762
2025-11-26 11:34:29.586464,s2-eth2,0.0029877471923828126,99.99701225280762
2025-11-26 11:34:29.586611,s3-eth2,0.0029877471923828126,99.99701225280762
2025-11-26 11:34:30.587450,s1-eth1,0.0029877471923828126,99.99701225280762
2025-11-26 11:34:30.587553,s2-eth2,0.0029877471923828126,99.99701225280762
2025-11-26 11:34:30.587710,s3-eth2,0.0029877471923828126,99.99701225280762
2025-11-26 11:34:31.588544,s1-eth1,0.0029877471923828126,99.99701225280762
2025-11-26 11:34:31.588649,s2-eth2,0.0029877471923828126,99.99701225280762
2025-11-26 11:34:31.588806,s3-eth2,0.0029877471923828126,99.99701225280762
2025-11-26 11:34:32.589757,s1-eth1,0.0029877471923828126,99.99701225280762
2025-11-26 11:34:32.589860,s2-eth2,0.0029877471923828126,99.99701225280762
2025-11-26 11:34:32.590018,s3-eth2,0.0029877471923828126,99.99701225280762
2025-11-26 11:34:33.590838,s1-eth1,0.0029877471923828126,99.99701225280762
2025-11-26 11:34:33.590954,s2-eth2,0.0029877471923828126,99.99701225280762
2025-11-26 11:34:33.591099,s3-eth2,0.0029877471923828126,99.99701225280762
2025-11-26 11:34:34.591957,s1-eth1,0.0036279296875,99.9963720703125
2025-11-26 11:34:34.592062,s2-eth2,0.0036279296875,99.9963720703125
2025-11-26 11:34:34.592208,s3-eth2,0.0036279296875,99.9963720703125
2025-11-26 11:34:35.593047,s1-eth1,0.0029877471923828126,99.99701225280762
2025-11-26 11:34:35.593151,s2-eth2,0.0029877471923828126,99.99701225280762
2025-11-26 11:34:35.593296,s3-eth2,0.0029877471923828126,99.99701225280762
2025-11-26 11:34:36.594126,s1-eth1,0.0029877471923828126,99.99701225280762
2025-11-26 11:34:36.594229,s2-eth2,0.0029877471923828126,99.99701225280762
2025-11-26 11:34:36.594373,s3-eth2,0.0029877471923828126,99.99701225280762
2025-11-26 11:34:37.595331,s1-eth1,0.0036279296875,99.9963720703125
2025-11-26 11:34:37.595435,s2-eth2,0.0036279296875,99.9963720703125
2025-11-26 11:34:37.595582,s3-eth2,0.0036279296875,99.9963720703125
2025-11-26 11:34:38.596423,s1-eth1,0.0029877471923828126,99.99701225280762
2025-11-26 11:34:38.596527,s2-eth2,0.0029877471923828126,99.99701225280762
2025-11-26 11:34:38.596673,s3-eth2,0.0029877471923828126,99.99701225280762
2025-11-26 11:34:39.597528,s1-eth1,0.0029877471923828126,99.99701225280762
2025-11-26 11:34:39.597634,s2-eth2,0.0029877471923828126,99.99701225280762
2025-11-26 11:34:39.597780,s3-eth2,0.0029877471923828126,99.99701225280762
2025-11-26 11:34:40.598631,s1-eth1,0.0029877471923828126,99.99701225280762
2025-11-26 11:34:40.598734,s2-eth2,0.0029877471923828126,99.99701225280762
2025-11-26 11:34:40.598893,s3-eth2,0.0029877471923828126,99.99701225280762
2025-11-26 11:34:41.599737,s1-eth1,0.0029877471923828126,99.99701225280762
2025-11-26 11:34:41.599841,s2-eth2,0.0029877471923828126,99.99701225280762
2025-11-26 11:34:41.599987,s3-eth2,0.0029877471923828126,99.99701225280762
2025-11-26 11:34:42.600932,s1-eth1,0.0029877471923828126,99.99701225280762
2025-11-26 11:34:42.601034,s2-eth2,0.0029877471923828126,99.99701225280762
2025-11-26 11:34:42.601180,s3-eth2,0.0029877471923828126,99.99701225280762
2025-11-26 11:34:43.602011,s1-eth1,0.0029877471923828126,99.99701225280762
2025-11-26 11:34:43.602114,s2-eth2,0.0029877471923828126,99.99701225280762
2025-11-26 11:34:43.602260,s3-eth2,0.0029877471923828126,99.99701225280762
2025-11-26 11:34:44.603122,s1-eth1,0.0029877471923828126,99.99701225280762
2025-11-26 11:34:44.603225,s2-eth2,0.0029877471923828126,99.99701225280762
2025-11-26 11:34:44.603371,s3-eth2,0.0029877471923828126,99.99701225280762
2025-11-26 11:34:45.604227,s1-eth1,0.0029877471923828126,99.99701225280762
2025-11-26 11:34:45.604330,s2-eth2,0.0029877471923828126,99.99701225280762
2025-11-26 11:34:45.604476,s3-eth2,0.0029877471923828126,99.99701225280762
2025-11-26 11:34:46.605315,s1-eth1,0.0029877471923828126,99.99701225280762
2025-11-26 11:34:46.605417,s2-eth2,0.0029877471923828126,99.99701225280762
2025-11-26 11:34:46.605562,s3-eth2,0.0029877471923828126,99.99701225280762
2025-11-26 11:34:47.606535,s1-eth1,0.0029877471923828126,99.99701225280762
2025-11-26 11:34:47.606638,s2-eth2,0.0029877471923828126,99.99701225280762
2025-11-26 11:34:47.606784,s3-eth2,0.0029877471923828126,99.99701225280762
2025-11-26 11:34:48.607622,s1-eth1,0.0029877471923828126,99.99701225280762
2025-11-26 11:34:48.607739,s2-eth2,0.0029877471923828126,99.99701225280762
2025-11-26 11:34:48.607884,s3-eth2,0.0029877471923828126,99.99701225280762
2025-11-26 11:34:49.608708,s1-eth1,0.0029877471923828126,99.99701225280762
2025-11-26 11:34:49.608823,s2-eth2,0.0029877471923828126,99.99701225280762
2025-11-26 11:34:49.608968,s3-eth2,0.0029877471923828126,99.99701225280762
2025-11-26 11:34:50.609802,s1-eth1,0.0029877471923828126,99.99701225280762
2025-11-26 11:34:50.609918,s2-eth2,0.0029877471923828126,99.99701225280762
2025-11-26 11:34:50.610063,s3-eth2,0.0029877471923828126,99.99701225280762
2025-11-26 11:34:51.610914,s1-eth1,0.0042681884765625,99.99573181152344
2025-11-26 11:34:51.611031,s2-eth2,0.0036279296875,99.9963720703125
2025-11-26 11:34:51.611178,s3-eth2,0.0036279296875,99.9963720703125
2025-11-26 11:34:52.612063,s1-eth1,0.0029877471923828126,99.99701225280762
2025-11-26 11:34:52.612166,s2-eth2,0.0029877471923828126,99.99701225280762
2025-11-26 11:34:52.612324,s3-eth2,0.0029877471923828126,99.99701225280762
2025-11-26 11:34:53.613148,s1-eth1,0.0029877471923828126,99.99701225280762
2025-11-26 11:34:53.613252,s2-eth2,0.0029877471923828126,99.99701225280762
2025-11-26 11:34:53.613410,s3-eth2,0.0029877471923828126,99.99701225280762
2025-11-26 11:34:54.614244,s1-eth1,0.0029877471923828126,99.99701225280762
2025-11-26 11:34:54.614348,s2-eth2,0.0029877471923828126,99.99701225280762
2025-11-26 11:34:54.614505,s3-eth2,0.0029877471923828126,99.99701225280762
2025-11-26 11:34:55.615346,s1-eth1,0.0029877471923828126,99.99701225280762
2025-11-26 11:34:55.615448,s2-eth2,0.0029877471923828126,99.99701225280762
2025-11-26 11:34:55.615596,s3-eth2,0.0029877471923828126,99.99701225280762
2025-11-26 11:34:56.616434,s1-eth1,0.0036279296875,99.9963720703125
2025-11-26 11:34:56.616538,s2-eth2,0.0036279296875,99.9963720703125
2025-11-26 11:34:56.616684,s3-eth2,0.0036279296875,99.9963720703125
2025-11-26 11:34:57.617582,s1-eth1,0.0029877471923828126,99.99701225280762
2025-11-26 11:34:57.617686,s2-eth2,0.0029877471923828126,99.99701225280762
2025-11-26 11:34:57.617832,s3-eth2,0.0029877471923828126,99.99701225280762
2025-11-26 11:34:58.618667,s1-eth1,0.0029877471923828126,99.99701225280762
2025-11-26 11:34:58.618770,s2-eth2,0.0036279296875,99.9963720703125
2025-11-26 11:34:58.618928,s3-eth2,0.0036279296875,99.9963720703125
2025-11-26 11:34:59.619766,s1-eth1,0.0029877471923828126,99.99701225280762
2025-11-26 11:34:59.619869,s2-eth2,0.0029877471923828126,99.99701225280762
2025-11-26 11:34:59.620015,s3-eth2,0.0029877471923828126,99.99701225280762
2025-11-26 11:35:00.620863,s1-eth1,0.0029877471923828126,99.99701225280762
2025-11-26 11:35:00.620966,s2-eth2,0.0029877471923828126,99.99701225280762
2025-11-26 11:35:00.621111,s3-eth2,0.0029877471923828126,99.99701225280762
2025-11-26 11:35:01.621953,s1-eth1,0.0029877471923828126,99.99701225280762
2025-11-26 11:35:01.622057,s2-eth2,0.0029877471923828126,99.99701225280762
2025-11-26 11:35:01.622203,s3-eth2,0.0029877471923828126,99.99701225280762
2025-11-26 11:35:02.623062,s1-eth1,0.0029877471923828126,99.99701225280762
2025-11-26 11:35:02.623167,s2-eth2,0.0036279296875,99.9963720703125
2025-11-26 11:35:02.623312,s3-eth2,0.0036279296875,99.9963720703125
2025-11-26 11:35:03.624153,s1-eth1,0.0029877471923828126,99.99701225280762
2025-11-26 11:35:03.624256,s2-eth2,0.0029877471923828126,99.99701225280762
2025-11-26 11:35:03.624402,s3-eth2,0.0029877471923828126,99.99701225280762
2025-11-26 11:35:04.625232,s1-eth1,0.0029877471923828126,99.99701225280762
2025-11-26 11:35:04.625334,s2-eth2,0.0029877471923828126,99.99701225280762
2025-11-26 11:35:04.625478,s3-eth2,0.0029877471923828126,99.99701225280762
2025-11-26 11:35:05.626307,s1-eth1,0.0029877471923828126,99.99701225280762
2025-11-26 11:35:05.626409,s2-eth2,0.0029877471923828126,99.99701225280762
2025-11-26 11:35:05.626553,s3-eth2,0.0029877471923828126,99.99701225280762
2025-11-26 11:35:06.627386,s1-eth1,0.0029877471923828126,99.99701225280762
2025-11-26 11:35:06.627489,s2-eth2,0.0029877471923828126,99.99701225280762
2025-11-26 11:35:06.627634,s3-eth2,0.0029877471923828126,99.99701225280762
2025-11-26 11:35:07.628581,s1-eth1,0.0029877471923828126,99.99701225280762
2025-11-26 11:35:07.628683,s2-eth2,0.0029877471923828126,99.99701225280762
2025-11-26 11:35:07.628828,s3-eth2,0.0029877471923828126,99.99701225280762
2025-11-26 11:35:08.629656,s1-eth1,0.0029877471923828126,99.99701225280762
2025-11-26 11:35:08.629758,s2-eth2,0.0029877471923828126,99.99701225280762
2025-11-26 11:35:08.629904,s3-eth2,0.0029877471923828126,99.99701225280762
2025-11-26 11:35:09.630740,s1-eth1,0.0029877471923828126,99.99701225280762
2025-11-26 11:35:09.630843,s2-eth2,0.0029877471923828126,99.99701225280762
2025-11-26 11:35:09.631000,s3-eth2,0.0029877471923828126,99.99701225280762
2025-11-26 11:35:10.631832,s1-eth1,0.0029877471923828126,99.99701225280762
2025-11-26 11:35:10.631935,s2-eth2,0.0029877471923828126,99.99701225280762
2025-11-26 11:35:10.632081,s3-eth2,0.0029877471923828126,99.99701225280762
2025-11-26 11:35:11.632906,s1-eth1,0.0029877471923828126,99.99701225280762
2025-11-26 11:35:11.633022,s2-eth2,0.0029877471923828126,99.99701225280762
2025-11-26 11:35:11.633169,s3-eth2,0.0029877471923828126,99.99701225280762
2025-11-26 11:35:12.634051,s1-eth1,0.0029877471923828126,99.99701225280762
2025-11-26 11:35:12.634165,s2-eth2,0.0029877471923828126,99.99701225280762
2025-11-26 11:35:12.634311,s3-eth2,0.0029877471923828126,99.99701225280762
2025-11-26 11:35:13.635141,s1-eth1,0.0029877471923828126,99.99701225280762
2025-11-26 11:35:13.635255,s2-eth2,0.0029877471923828126,99.99701225280762
2025-11-26 11:35:13.635401,s3-eth2,0.0029877471923828126,99.99701225280762
2025-11-26 11:35:14.636217,s1-eth1,0.0029877471923828126,99.99701225280762
2025-11-26 11:35:14.636320,s2-eth2,0.0029877471923828126,99.99701225280762
2025-11-26 11:35:14.636486,s3-eth2,0.0029877471923828126,99.99701225280762
2025-11-26 11:35:15.637307,s1-eth1,0.0029877471923828126,99.99701225280762
2025-11-26 11:35:15.637410,s2-eth2,0.0029877471923828126,99.99701225280762
2025-11-26 11:35:15.637573,s3-eth2,0.0029877471923828126,99.99701225280762
2025-11-26 11:35:16.638391,s1-eth1,0.0029877471923828126,99.99701225280762
2025-11-26 11:35:16.638495,s2-eth2,0.0029877471923828126,99.99701225280762
2025-11-26 11:35:16.638652,s3-eth2,0.0029877471923828126,99.99701225280762
2025-11-26 11:35:17.639269,s1-eth1,0.00299072265625,99.99700927734375
2025-11-26 11:35:17.639306,s2-eth2,0.00299072265625,99.99700927734375
2025-11-26 11:35:17.639360,s3-eth2,0.00299072265625,99.99700927734375
2025-11-26 11:35:18.640041,s1-eth1,0.003631591796875,99.99636840820312
2025-11-26 11:35:18.640144,s2-eth2,0.003631591796875,99.99636840820312
2025-11-26 11:35:18.640290,s3-eth2,0.003631591796875,99.99636840820312
2025-11-26 11:35:19.641145,s1-eth1,0.0029877471923828126,99.99701225280762
2025-11-26 11:35:19.641249,s2-eth2,0.0029877471923828126,99.99701225280762
2025-11-26 11:35:19.641396,s3-eth2,0.0029877471923828126,99.99701225280762
2025-11-26 11:35:20.642245,s1-eth1,0.0029877471923828126,99.99701225280762
2025-11-26 11:35:20.642349,s2-eth2,0.0029877471923828126,99.99701225280762
2025-11-26 11:35:20.642494,s3-eth2,0.0029877471923828126,99.99701225280762
2025-11-26 11:35:21.643040,s1-eth1,0.00299072265625,99.99700927734375
2025-11-26 11:35:21.643078,s2-eth2,0.00299072265625,99.99700927734375
2025-11-26 11:35:21.643133,s3-eth2,0.00299072265625,99.99700927734375
2025-11-26 11:35:22.643495,s1-eth1,0.00299072265625,99.99700927734375
2025-11-26 11:35:22.643533,s2-eth2,0.00299072265625,99.99700927734375
2025-11-26 11:35:22.643587,s3-eth2,0.00299072265625,99.99700927734375
2025-11-26 11:35:23.644266,s1-eth1,0.00299072265625,99.99700927734375
2025-11-26 11:35:23.644369,s2-eth2,0.00299072265625,99.99700927734375
2025-11-26 11:35:23.644514,s3-eth2,0.00299072265625,99.99700927734375
2025-11-26 11:35:24.645360,s1-eth1,0.0029877471923828126,99.99701225280762
2025-11-26 11:35:24.645463,s2-eth2,0.0029877471923828126,99.99701225280762
2025-11-26 11:35:24.645609,s3-eth2,0.0029877471923828126,99.99701225280762
2025-11-26 11:35:25.646450,s1-eth1,0.0029877471923828126,99.99701225280762
2025-11-26 11:35:25.646553,s2-eth2,0.0029877471923828126,99.99701225280762
2025-11-26 11:35:25.646697,s3-eth2,0.0029877471923828126,99.99701225280762
2025-11-26 11:35:26.647550,s1-eth1,0.0029877471923828126,99.99701225280762
2025-11-26 11:35:26.647655,s2-eth2,0.0036279296875,99.9963720703125
2025-11-26 11:35:26.647800,s3-eth2,0.0036279296875,99.9963720703125
2025-11-26 11:35:27.648742,s1-eth1,0.0029877471923828126,99.99701225280762
2025-11-26 11:35:27.648845,s2-eth2,0.0029877471923828126,99.99701225280762
2025-11-26 11:35:27.648989,s3-eth2,0.0029877471923828126,99.99701225280762
2025-11-26 11:35:28.649833,s1-eth1,0.0042681884765625,99.99573181152344
2025-11-26 11:35:28.649936,s2-eth2,0.0029877471923828126,99.99701225280762
2025-11-26 11:35:28.650083,s3-eth2,0.0029877471923828126,99.99701225280762
2025-11-26 11:35:29.650916,s1-eth1,0.0029877471923828126,99.99701225280762
2025-11-26 11:35:29.651018,s2-eth2,0.0029877471923828126,99.99701225280762
2025-11-26 11:35:29.651163,s3-eth2,0.0029877471923828126,99.99701225280762
2025-11-26 11:35:30.651978,s1-eth1,0.0029877471923828126,99.99701225280762
2025-11-26 11:35:30.652081,s2-eth2,0.0029877471923828126,99.99701225280762
2025-11-26 11:35:30.652225,s3-eth2,0.0029877471923828126,99.99701225280762
2025-11-26 11:35:31.653042,s1-eth1,0.0029877471923828126,99.99701225280762
2025-11-26 11:35:31.653145,s2-eth2,0.0029877471923828126,99.99701225280762
2025-11-26 11:35:31.653290,s3-eth2,0.0029877471923828126,99.99701225280762
2025-11-26 11:35:32.654057,s1-eth1,0.0037346649169921874,99.99626533508301
2025-11-26 11:35:32.654132,s2-eth2,0.00299072265625,99.99700927734375
2025-11-26 11:35:32.654223,s3-eth2,0.00299072265625,99.99700927734375
2025-11-26 11:35:33.654991,s1-eth1,0.00299072265625,99.99700927734375
2025-11-26 11:35:33.655107,s2-eth2,0.00299072265625,99.99700927734375
2025-11-26 11:35:33.655255,s3-eth2,0.0029877471923828126,99.99701225280762
2025-11-26 11:35:34.656083,s1-eth1,0.0029877471923828126,99.99701225280762
2025-11-26 11:35:34.656199,s2-eth2,0.0029877471923828126,99.99701225280762
2025-11-26 11:35:34.656345,s3-eth2,0.0029877471923828126,99.99701225280762
2025-11-26 11:35:35.657169,s1-eth1,0.0029877471923828126,99.99701225280762
2025-11-26 11:35:35.657271,s2-eth2,0.0029877471923828126,99.99701225280762
2025-11-26 11:35:35.657430,s3-eth2,0.0029877471923828126,99.99701225280762
2025-11-26 11:35:36.658278,s1-eth1,0.0036279296875,99.9963720703125
2025-11-26 11:35:36.658382,s2-eth2,0.0036279296875,99.9963720703125
2025-11-26 11:35:36.658547,s3-eth2,0.0036279296875,99.9963720703125
2025-11-26 11:35:37.659502,s1-eth1,0.0029877471923828126,99.99701225280762
2025-11-26 11:35:37.659605,s2-eth2,0.0029877471923828126,99.99701225280762
2025-11-26 11:35:37.659763,s3-eth2,0.0029877471923828126,99.99701225280762
2025-11-26 11:35:38.660577,s1-eth1,0.0029877471923828126,99.99701225280762
2025-11-26 11:35:38.660680,s2-eth2,0.0029877471923828126,99.99701225280762
2025-11-26 11:35:38.660824,s3-eth2,0.0029877471923828126,99.99701225280762
2025-11-26 11:35:39.661647,s1-eth1,0.0029877471923828126,99.99701225280762
2025-11-26 11:35:39.661750,s2-eth2,0.0036279296875,99.9963720703125
2025-11-26 11:35:39.661895,s3-eth2,0.0036279296875,99.9963720703125
2025-11-26 11:35:40.662713,s1-eth1,0.0036279296875,99.9963720703125
2025-11-26 11:35:40.662816,s2-eth2,0.0036279296875,99.9963720703125
2025-11-26 11:35:40.662974,s3-eth2,0.0036279296875,99.9963720703125
2025-11-26 11:35:41.663787,s1-eth1,0.0029877471923828126,99.99701225280762
2025-11-26 11:35:41.663889,s2-eth2,0.0029877471923828126,99.99701225280762
2025-11-26 11:35:41.664035,s3-eth2,0.0029877471923828126,99.99701225280762
2025-11-26 11:35:42.664963,s1-eth1,0.0029877471923828126,99.99701225280762
2025-11-26 11:35:42.665066,s2-eth2,0.0029877471923828126,99.99701225280762
2025-11-26 11:35:42.665210,s3-eth2,0.0029877471923828126,99.99701225280762
2025-11-26 11:35:43.666021,s1-eth1,0.0029877471923828126,99.99701225280762
2025-11-26 11:35:43.666124,s2-eth2,0.0029877471923828126,99.99701225280762
2025-11-26 11:35:43.666268,s3-eth2,0.0029877471923828126,99.99701225280762
2025-11-26 11:35:44.667094,s1-eth1,0.0029877471923828126,99.99701225280762
2025-11-26 11:35:44.667196,s2-eth2,0.0037346649169921874,99.99626533508301
2025-11-26 11:35:44.667341,s3-eth2,0.0029877471923828126,99.99701225280762
2025-11-26 11:35:45.668151,s1-eth1,0.0029877471923828126,99.99701225280762
2025-11-26 11:35:45.668253,s2-eth2,0.0029877471923828126,99.99701225280762
2025-11-26 11:35:45.668398,s3-eth2,0.0029877471923828126,99.99701225280762
2025-11-26 11:35:46.669203,s1-eth1,0.0029877471923828126,99.99701225280762
2025-11-26 11:35:46.669306,s2-eth2,0.0029877471923828126,99.99701225280762
2025-11-26 11:35:46.669449,s3-eth2,0.0029877471923828126,99.99701225280762
2025-11-26 11:35:47.670433,s1-eth1,0.0029877471923828126,99.99701225280762
2025-11-26 11:35:47.670535,s2-eth2,0.0029877471923828126,99.99701225280762
2025-11-26 11:35:47.670684,s3-eth2,0.0037346649169921874,99.99626533508301
2025-11-26 11:35:48.671592,s1-eth1,0.0029877471923828126,99.99701225280762
2025-11-26 11:35:48.671695,s2-eth2,0.0029877471923828126,99.99701225280762
2025-11-26 11:35:48.671842,s3-eth2,0.0029877471923828126,99.99701225280762
2025-11-26 11:35:49.672683,s1-eth1,0.0029877471923828126,99.99701225280762
2025-11-26 11:35:49.672785,s2-eth2,0.0029877471923828126,99.99701225280762
2025-11-26 11:35:49.672931,s3-eth2,0.0037346649169921874,99.99626533508301
2025-11-26 11:35:50.673756,s1-eth1,0.0029877471923828126,99.99701225280762
2025-11-26 11:35:50.673859,s2-eth2,0.0029877471923828126,99.99701225280762
2025-11-26 11:35:50.674004,s3-eth2,0.0029877471923828126,99.99701225280762
2025-11-26 11:35:51.674929,s1-eth1,0.0029877471923828126,99.99701225280762
2025-11-26 11:35:51.675034,s2-eth2,0.0036279296875,99.9963720703125
2025-11-26 11:35:51.675181,s3-eth2,0.0036279296875,99.9963720703125
2025-11-26 11:35:52.676155,s1-eth1,0.0029877471923828126,99.99701225280762
2025-11-26 11:35:52.676258,s2-eth2,0.0037346649169921874,99.99626533508301
2025-11-26 11:35:52.676405,s3-eth2,0.0029877471923828126,99.99701225280762
2025-11-26 11:35:53.677241,s1-eth1,0.0029877471923828126,99.99701225280762
2025-11-26 11:35:53.677344,s2-eth2,0.0029877471923828126,99.99701225280762
2025-11-26 11:35:53.677489,s3-eth2,0.0029877471923828126,99.99701225280762
2025-11-26 11:35:54.678300,s1-eth1,0.0029877471923828126,99.99701225280762
2025-11-26 11:35:54.678415,s2-eth2,0.0029877471923828126,99.99701225280762
2025-11-26 11:35:54.678579,s3-eth2,0.0029877471923828126,99.99701225280762
2025-11-26 11:35:55.679394,s1-eth1,0.0029877471923828126,99.99701225280762
2025-11-26 11:35:55.679515,s2-eth2,0.0029877471923828126,99.99701225280762
2025-11-26 11:35:55.679660,s3-eth2,0.0029877471923828126,99.99701225280762
2025-11-26 11:35:56.680479,s1-eth1,0.0029877471923828126,99.99701225280762
2025-11-26 11:35:56.680593,s2-eth2,0.0029877471923828126,99.99701225280762
2025-11-26 11:35:56.680738,s3-eth2,0.0029877471923828126,99.99701225280762
2025-11-26 11:35:57.681719,s1-eth1,0.0037346649169921874,99.99626533508301
2025-11-26 11:35:57.681824,s2-eth2,0.0029877471923828126,99.99701225280762
2025-11-26 11:35:57.681985,s3-eth2,0.0029877471923828126,99.99701225280762
2025-11-26 11:35:58.682839,s1-eth1,0.0029877471923828126,99.99701225280762
2025-11-26 11:35:58.682957,s2-eth2,0.0029877471923828126,99.99701225280762
2025-11-26 11:35:58.683117,s3-eth2,0.0029877471923828126,99.99701225280762
2025-11-26 11:35:59.683961,s1-eth1,0.0029877471923828126,99.99701225280762
2025-11-26 11:35:59.684066,s2-eth2,0.0029877471923828126,99.99701225280762
2025-11-26 11:35:59.684226,s3-eth2,0.0029877471923828126,99.99701225280762
2025-11-26 11:36:00.685063,s1-eth1,0.0029877471923828126,99.99701225280762
2025-11-26 11:36:00.685166,s2-eth2,0.0029877471923828126,99.99701225280762
2025-11-26 11:36:00.685312,s3-eth2,0.0029877471923828126,99.99701225280762
2025-11-26 11:36:01.686151,s1-eth1,0.0029877471923828126,99.99701225280762
2025-11-26 11:36:01.686256,s2-eth2,0.0029877471923828126,99.99701225280762
2025-11-26 11:36:01.686402,s3-eth2,0.0029877471923828126,99.99701225280762
2025-11-26 11:36:02.687337,s1-eth1,0.0036279296875,99.9963720703125
2025-11-26 11:36:02.687440,s2-eth2,0.0036279296875,99.9963720703125
2025-11-26 11:36:02.687586,s3-eth2,0.0036279296875,99.9963720703125
2025-11-26 11:36:03.688422,s1-eth1,0.0029877471923828126,99.99701225280762
2025-11-26 11:36:03.688525,s2-eth2,0.0029877471923828126,99.99701225280762
2025-11-26 11:36:03.688671,s3-eth2,0.0029877471923828126,99.99701225280762
2025-11-26 11:36:04.689498,s1-eth1,0.0029877471923828126,99.99701225280762
2025-11-26 11:36:04.689600,s2-eth2,0.0029877471923828126,99.99701225280762
2025-11-26 11:36:04.689745,s3-eth2,0.0029877471923828126,99.99701225280762
2025-11-26 11:36:05.690594,s1-eth1,0.0036279296875,99.9963720703125
2025-11-26 11:36:05.690698,s2-eth2,0.0029877471923828126,99.99701225280762
2025-11-26 11:36:05.690855,s3-eth2,0.0029877471923828126,99.99701225280762
2025-11-26 11:36:06.691687,s1-eth1,0.0029877471923828126,99.99701225280762
2025-11-26 11:36:06.691790,s2-eth2,0.0029877471923828126,99.99701225280762
2025-11-26 11:36:06.691936,s3-eth2,0.0029877471923828126,99.99701225280762
2025-11-26 11:36:07.692896,s1-eth1,0.0029877471923828126,99.99701225280762
2025-11-26 11:36:07.692998,s2-eth2,0.0029877471923828126,99.99701225280762
2025-11-26 11:36:07.693144,s3-eth2,0.0029877471923828126,99.99701225280762
2025-11-26 11:36:08.693963,s1-eth1,0.0029877471923828126,99.99701225280762
2025-11-26 11:36:08.694066,s2-eth2,0.0029877471923828126,99.99701225280762
2025-11-26 11:36:08.694212,s3-eth2,0.0029877471923828126,99.99701225280762
2025-11-26 11:36:09.695074,s1-eth1,0.0029877471923828126,99.99701225280762
2025-11-26 11:36:09.695178,s2-eth2,0.0029877471923828126,99.99701225280762
2025-11-26 11:36:09.695323,s3-eth2,0.0029877471923828126,99.99701225280762
2025-11-26 11:36:10.696151,s1-eth1,0.0029877471923828126,99.99701225280762
2025-11-26 11:36:10.696253,s2-eth2,0.0029877471923828126,99.99701225280762
2025-11-26 11:36:10.696398,s3-eth2,0.0029877471923828126,99.99701225280762
2025-11-26 11:36:11.697224,s1-eth1,0.0029877471923828126,99.99701225280762
2025-11-26 11:36:11.697326,s2-eth2,0.0029877471923828126,99.99701225280762
2025-11-26 11:36:11.697471,s3-eth2,0.0029877471923828126,99.99701225280762
2025-11-26 11:36:12.698301,s1-eth1,0.0029877471923828126,99.99701225280762
2025-11-26 11:36:12.698404,s2-eth2,0.0029877471923828126,99.99701225280762
2025-11-26 11:36:12.698549,s3-eth2,0.0029877471923828126,99.99701225280762
2025-11-26 11:36:13.699371,s1-eth1,0.0029877471923828126,99.99701225280762
2025-11-26 11:36:13.699473,s2-eth2,0.0029877471923828126,99.99701225280762
2025-11-26 11:36:13.699618,s3-eth2,0.0029877471923828126,99.99701225280762
2025-11-26 11:36:14.700457,s1-eth1,0.0029877471923828126,99.99701225280762
2025-11-26 11:36:14.700561,s2-eth2,0.0033078765869140624,99.99669212341308
2025-11-26 11:36:14.700708,s3-eth2,0.0033078765869140624,99.99669212341308
2025-11-26 11:36:15.701536,s1-eth1,0.0029877471923828126,99.99701225280762
2025-11-26 11:36:15.701653,s2-eth2,0.0033078765869140624,99.99669212341308
2025-11-26 11:36:15.701799,s3-eth2,0.0033078765869140624,99.99669212341308
2025-11-26 11:36:16.702605,s1-eth1,0.0029877471923828126,99.99701225280762
2025-11-26 11:36:16.702719,s2-eth2,0.0029877471923828126,99.99701225280762
2025-11-26 11:36:16.702893,s3-eth2,0.0029877471923828126,99.99701225280762
2025-11-26 11:36:17.703828,s1-eth1,0.0029877471923828126,99.99701225280762
2025-11-26 11:36:17.703944,s2-eth2,0.0029877471923828126,99.99701225280762
2025-11-26 11:36:17.704090,s3-eth2,0.0029877471923828126,99.99701225280762
2025-11-26 11:36:18.704911,s1-eth1,0.0029877471923828126,99.99701225280762
2025-11-26 11:36:18.705014,s2-eth2,0.0029877471923828126,99.99701225280762
2025-11-26 11:36:18.705173,s3-eth2,0.0029877471923828126,99.99701225280762
2025-11-26 11:36:19.705980,s1-eth1,0.0029877471923828126,99.99701225280762
2025-11-26 11:36:19.706083,s2-eth2,0.0029877471923828126,99.99701225280762
2025-11-26 11:36:19.706240,s3-eth2,0.0029877471923828126,99.99701225280762
2025-11-26 11:36:20.707088,s1-eth1,0.0036279296875,99.9963720703125
2025-11-26 11:36:20.707191,s2-eth2,0.0036279296875,99.9963720703125
2025-11-26 11:36:20.707350,s3-eth2,0.0036279296875,99.9963720703125
2025-11-26 11:36:21.708189,s1-eth1,0.0036279296875,99.9963720703125
2025-11-26 11:36:21.708295,s2-eth2,0.0036279296875,99.9963720703125
2025-11-26 11:36:21.708443,s3-eth2,0.0036279296875,99.9963720703125
2025-11-26 11:36:22.709371,s1-eth1,0.0029877471923828126,99.99701225280762
2025-11-26 11:36:22.709473,s2-eth2,0.0029877471923828126,99.99701225280762
2025-11-26 11:36:22.709619,s3-eth2,0.0029877471923828126,99.99701225280762
2025-11-26 11:36:23.710462,s1-eth1,0.0029877471923828126,99.99701225280762
2025-11-26 11:36:23.710566,s2-eth2,0.0029877471923828126,99.99701225280762
2025-11-26 11:36:23.710712,s3-eth2,0.0029877471923828126,99.99701225280762
2025-11-26 11:36:24.711557,s1-eth1,0.0036279296875,99.9963720703125
2025-11-26 11:36:24.711661,s2-eth2,0.0036279296875,99.9963720703125
2025-11-26 11:36:24.711807,s3-eth2,0.0036279296875,99.9963720703125
2025-11-26 11:36:25.712636,s1-eth1,0.0029877471923828126,99.99701225280762
2025-11-26 11:36:25.712739,s2-eth2,0.0029877471923828126,99.99701225280762
2025-11-26 11:36:25.712884,s3-eth2,0.0029877471923828126,99.99701225280762
2025-11-26 11:36:26.713711,s1-eth1,0.0029877471923828126,99.99701225280762
2025-11-26 11:36:26.713814,s2-eth2,0.0029877471923828126,99.99701225280762
2025-11-26 11:36:26.713958,s3-eth2,0.0029877471923828126,99.99701225280762
2025-11-26 11:36:27.714887,s1-eth1,0.0029877471923828126,99.99701225280762
2025-11-26 11:36:27.714990,s2-eth2,0.0029877471923828126,99.99701225280762
2025-11-26 11:36:27.715135,s3-eth2,0.0029877471923828126,99.99701225280762
2025-11-26 11:36:28.715971,s1-eth1,0.0029877471923828126,99.99701225280762
2025-11-26 11:36:28.716074,s2-eth2,0.0029877471923828126,99.99701225280762
2025-11-26 11:36:28.716219,s3-eth2,0.0029877471923828126,99.99701225280762
2025-11-26 11:36:29.717046,s1-eth1,0.0029877471923828126,99.99701225280762
2025-11-26 11:36:29.717149,s2-eth2,0.0029877471923828126,99.99701225280762
2025-11-26 11:36:29.717295,s3-eth2,0.0029877471923828126,99.99701225280762
2025-11-26 11:36:30.718122,s1-eth1,0.0029877471923828126,99.99701225280762
2025-11-26 11:36:30.718225,s2-eth2,0.0029877471923828126,99.99701225280762
2025-11-26 11:36:30.718371,s3-eth2,0.0029877471923828126,99.99701225280762
2025-11-26 11:36:31.719209,s1-eth1,0.0029877471923828126,99.99701225280762
2025-11-26 11:36:31.719311,s2-eth2,0.0029877471923828126,99.99701225280762
2025-11-26 11:36:31.719456,s3-eth2,0.0029877471923828126,99.99701225280762
2025-11-26 11:36:32.720283,s1-eth1,0.0029877471923828126,99.99701225280762
2025-11-26 11:36:32.720385,s2-eth2,0.0029877471923828126,99.99701225280762
2025-11-26 11:36:32.720531,s3-eth2,0.0029877471923828126,99.99701225280762
2025-11-26 11:36:33.721373,s1-eth1,0.0029877471923828126,99.99701225280762
2025-11-26 11:36:33.721476,s2-eth2,0.0029877471923828126,99.99701225280762
2025-11-26 11:36:33.721621,s3-eth2,0.0029877471923828126,99.99701225280762
2025-11-26 11:36:34.722450,s1-eth1,0.0029877471923828126,99.99701225280762
2025-11-26 11:36:34.722553,s2-eth2,0.0029877471923828126,99.99701225280762
2025-11-26 11:36:34.722698,s3-eth2,0.0029877471923828126,99.99701225280762
2025-11-26 11:36:35.723545,s1-eth1,0.0029877471923828126,99.99701225280762
2025-11-26 11:36:35.723648,s2-eth2,0.0029877471923828126,99.99701225280762
2025-11-26 11:36:35.723793,s3-eth2,0.0029877471923828126,99.99701225280762
2025-11-26 11:36:36.724601,s1-eth1,0.0029877471923828126,99.99701225280762
2025-11-26 11:36:36.724725,s2-eth2,0.0029877471923828126,99.99701225280762
2025-11-26 11:36:36.724870,s3-eth2,0.0029877471923828126,99.99701225280762
2025-11-26 11:36:37.725678,s1-eth1,0.0029877471923828126,99.99701225280762
2025-11-26 11:36:37.725792,s2-eth2,0.0029877471923828126,99.99701225280762
2025-11-26 11:36:37.725937,s3-eth2,0.0029877471923828126,99.99701225280762
2025-11-26 11:36:38.726750,s1-eth1,0.0029877471923828126,99.99701225280762
2025-11-26 11:36:38.726877,s2-eth2,0.0029877471923828126,99.99701225280762
2025-11-26 11:36:38.727023,s3-eth2,0.0029877471923828126,99.99701225280762
2025-11-26 11:36:39.727835,s1-eth1,0.0029877471923828126,99.99701225280762
2025-11-26 11:36:39.727938,s2-eth2,0.0029877471923828126,99.99701225280762
2025-11-26 11:36:39.728096,s3-eth2,0.0029877471923828126,99.99701225280762
2025-11-26 11:36:40.729054,s1-eth1,0.0029877471923828126,99.99701225280762
2025-11-26 11:36:40.729158,s2-eth2,0.0036279296875,99.9963720703125
2025-11-26 11:36:40.729314,s3-eth2,0.0036279296875,99.9963720703125
2025-11-26 11:36:41.730135,s1-eth1,0.0029877471923828126,99.99701225280762
2025-11-26 11:36:41.730238,s2-eth2,0.0029877471923828126,99.99701225280762
2025-11-26 11:36:41.730395,s3-eth2,0.0029877471923828126,99.99701225280762
2025-11-26 11:36:42.731241,s1-eth1,0.0036279296875,99.9963720703125
2025-11-26 11:36:42.731344,s2-eth2,0.0029877471923828126,99.99701225280762
2025-11-26 11:36:42.731491,s3-eth2,0.0029877471923828126,99.99701225280762
2025-11-26 11:36:43.732325,s1-eth1,0.0029877471923828126,99.99701225280762
2025-11-26 11:36:43.732428,s2-eth2,0.0029877471923828126,99.99701225280762
2025-11-26 11:36:43.732573,s3-eth2,0.0029877471923828126,99.99701225280762
2025-11-26 11:36:44.733398,s1-eth1,0.0029877471923828126,99.99701225280762
2025-11-26 11:36:44.733501,s2-eth2,0.0029877471923828126,99.99701225280762
2025-11-26 11:36:44.733646,s3-eth2,0.0029877471923828126,99.99701225280762
2025-11-26 11:36:45.734598,s1-eth1,0.0029877471923828126,99.99701225280762
2025-11-26 11:36:45.734701,s2-eth2,0.0029877471923828126,99.99701225280762
2025-11-26 11:36:45.734856,s3-eth2,0.0029877471923828126,99.99701225280762
2025-11-26 11:36:46.735704,s1-eth1,0.0036279296875,99.9963720703125
2025-11-26 11:36:46.735807,s2-eth2,0.0036279296875,99.9963720703125
2025-11-26 11:36:46.735954,s3-eth2,0.0036279296875,99.9963720703125
2025-11-26 11:36:47.736783,s1-eth1,0.0029877471923828126,99.99701225280762
2025-11-26 11:36:47.736885,s2-eth2,0.0029877471923828126,99.99701225280762
2025-11-26 11:36:47.737030,s3-eth2,0.0029877471923828126,99.99701225280762
2025-11-26 11:36:48.737852,s1-eth1,0.0029877471923828126,99.99701225280762
2025-11-26 11:36:48.737954,s2-eth2,0.0029877471923828126,99.99701225280762
2025-11-26 11:36:48.738099,s3-eth2,0.0029877471923828126,99.99701225280762
2025-11-26 11:36:49.738930,s1-eth1,0.0029877471923828126,99.99701225280762
2025-11-26 11:36:49.739033,s2-eth2,0.0029877471923828126,99.99701225280762
2025-11-26 11:36:49.739177,s3-eth2,0.0029877471923828126,99.99701225280762
2025-11-26 11:36:50.740111,s1-eth1,0.0029877471923828126,99.99701225280762
2025-11-26 11:36:50.740213,s2-eth2,0.0029877471923828126,99.99701225280762
2025-11-26 11:36:50.740357,s3-eth2,0.0029877471923828126,99.99701225280762
2025-11-26 11:36:51.741185,s1-eth1,0.0029877471923828126,99.99701225280762
2025-11-26 11:36:51.741288,s2-eth2,0.0029877471923828126,99.99701225280762
2025-11-26 11:36:51.741432,s3-eth2,0.0029877471923828126,99.99701225280762
2025-11-26 11:36:52.742281,s1-eth1,0.0029877471923828126,99.99701225280762
2025-11-26 11:36:52.742386,s2-eth2,0.0029877471923828126,99.99701225280762
2025-11-26 11:36:52.742531,s3-eth2,0.0029877471923828126,99.99701225280762
2025-11-26 11:36:53.743366,s1-eth1,0.0029877471923828126,99.99701225280762
2025-11-26 11:36:53.743469,s2-eth2,0.0029877471923828126,99.99701225280762
2025-11-26 11:36:53.743615,s3-eth2,0.0029877471923828126,99.99701225280762
2025-11-26 11:36:54.744444,s1-eth1,0.0029877471923828126,99.99701225280762
2025-11-26 11:36:54.744547,s2-eth2,0.0029877471923828126,99.99701225280762
2025-11-26 11:36:54.744692,s3-eth2,0.0029877471923828126,99.99701225280762
2025-11-26 11:36:55.745618,s1-eth1,0.0029877471923828126,99.99701225280762
2025-11-26 11:36:55.745721,s2-eth2,0.0029877471923828126,99.99701225280762
2025-11-26 11:36:55.745866,s3-eth2,0.0029877471923828126,99.99701225280762
2025-11-26 11:36:56.746681,s1-eth1,0.0029877471923828126,99.99701225280762
2025-11-26 11:36:56.746783,s2-eth2,0.0029877471923828126,99.99701225280762
2025-11-26 11:36:56.746940,s3-eth2,0.0029877471923828126,99.99701225280762
2025-11-26 11:36:57.747752,s1-eth1,0.0029877471923828126,99.99701225280762
2025-11-26 11:36:57.747856,s2-eth2,0.0029877471923828126,99.99701225280762
2025-11-26 11:36:57.748001,s3-eth2,0.0029877471923828126,99.99701225280762
2025-11-26 11:36:58.748803,s1-eth1,0.0029877471923828126,99.99701225280762
2025-11-26 11:36:58.748923,s2-eth2,0.0029877471923828126,99.99701225280762
2025-11-26 11:36:58.749068,s3-eth2,0.0029877471923828126,99.99701225280762
2025-11-26 11:36:59.749885,s1-eth1,0.0029877471923828126,99.99701225280762
2025-11-26 11:36:59.750002,s2-eth2,0.0033078765869140624,99.99669212341308
2025-11-26 11:36:59.750149,s3-eth2,0.0029877471923828126,99.99701225280762
2025-11-26 11:37:00.751115,s1-eth1,0.0029877471923828126,99.99701225280762
2025-11-26 11:37:00.751231,s2-eth2,0.0033078765869140624,99.99669212341308
2025-11-26 11:37:00.751378,s3-eth2,0.0036279296875,99.9963720703125
2025-11-26 11:37:01.752185,s1-eth1,0.0029877471923828126,99.99701225280762
2025-11-26 11:37:01.752288,s2-eth2,0.0029877471923828126,99.99701225280762
2025-11-26 11:37:01.752444,s3-eth2,0.0029877471923828126,99.99701225280762
2025-11-26 11:37:02.753264,s1-eth1,0.0029877471923828126,99.99701225280762
2025-11-26 11:37:02.753367,s2-eth2,0.0029877471923828126,99.99701225280762
2025-11-26 11:37:02.753524,s3-eth2,0.0029877471923828126,99.99701225280762
2025-11-26 11:37:03.754337,s1-eth1,0.0029877471923828126,99.99701225280762
2025-11-26 11:37:03.754440,s2-eth2,0.0029877471923828126,99.99701225280762
2025-11-26 11:37:03.754596,s3-eth2,0.0029877471923828126,99.99701225280762
2025-11-26 11:37:04.755436,s1-eth1,0.0029877471923828126,99.99701225280762
2025-11-26 11:37:04.755538,s2-eth2,0.0029877471923828126,99.99701225280762
2025-11-26 11:37:04.755682,s3-eth2,0.0029877471923828126,99.99701225280762
2025-11-26 11:37:05.756493,s1-eth1,0.0029877471923828126,99.99701225280762
2025-11-26 11:37:05.756596,s2-eth2,0.0029877471923828126,99.99701225280762
2025-11-26 11:37:05.756741,s3-eth2,0.0029877471923828126,99.99701225280762
2025-11-26 11:37:06.757559,s1-eth1,0.0029877471923828126,99.99701225280762
2025-11-26 11:37:06.757661,s2-eth2,0.0029877471923828126,99.99701225280762
2025-11-26 11:37:06.757805,s3-eth2,0.0029877471923828126,99.99701225280762
2025-11-26 11:37:07.758620,s1-eth1,0.0036279296875,99.9963720703125
2025-11-26 11:37:07.758722,s2-eth2,0.0036279296875,99.9963720703125
2025-11-26 11:37:07.758896,s3-eth2,0.0036279296875,99.9963720703125
2025-11-26 11:37:08.759702,s1-eth1,0.0029877471923828126,99.99701225280762
2025-11-26 11:37:08.759804,s2-eth2,0.0029877471923828126,99.99701225280762
2025-11-26 11:37:08.759948,s3-eth2,0.0029877471923828126,99.99701225280762
2025-11-26 11:37:09.760761,s1-eth1,0.0029877471923828126,99.99701225280762
2025-11-26 11:37:09.760864,s2-eth2,0.0029877471923828126,99.99701225280762
2025-11-26 11:37:09.761008,s3-eth2,0.0029877471923828126,99.99701225280762
2025-11-26 11:37:10.761824,s1-eth1,0.0033078765869140624,99.99669212341308
2025-11-26 11:37:10.761927,s2-eth2,0.0029877471923828126,99.99701225280762
2025-11-26 11:37:10.762073,s3-eth2,0.0029877471923828126,99.99701225280762
2025-11-26 11:37:11.762942,s1-eth1,0.0033078765869140624,99.99669212341308
2025-11-26 11:37:11.763045,s2-eth2,0.0029877471923828126,99.99701225280762
2025-11-26 11:37:11.763192,s3-eth2,0.0029877471923828126,99.99701225280762
2025-11-26 11:37:12.764024,s1-eth1,0.0029877471923828126,99.99701225280762
2025-11-26 11:37:12.764127,s2-eth2,0.0029877471923828126,99.99701225280762
2025-11-26 11:37:12.764272,s3-eth2,0.0029877471923828126,99.99701225280762
2025-11-26 11:37:13.765099,s1-eth1,0.0029877471923828126,99.99701225280762
2025-11-26 11:37:13.765202,s2-eth2,0.0029877471923828126,99.99701225280762
2025-11-26 11:37:13.765347,s3-eth2,0.0029877471923828126,99.99701225280762
2025-11-26 11:37:14.766177,s1-eth1,0.0029877471923828126,99.99701225280762
2025-11-26 11:37:14.766280,s2-eth2,0.0029877471923828126,99.99701225280762
2025-11-26 11:37:14.766425,s3-eth2,0.0029877471923828126,99.99701225280762
2025-11-26 11:37:15.767294,s1-eth1,0.0029877471923828126,99.99701225280762
2025-11-26 11:37:15.767398,s2-eth2,0.0029877471923828126,99.99701225280762
2025-11-26 11:37:15.767544,s3-eth2,0.0029877471923828126,99.99701225280762
2025-11-26 11:37:16.768372,s1-eth1,0.0029877471923828126,99.99701225280762
2025-11-26 11:37:16.768474,s2-eth2,0.0029877471923828126,99.99701225280762
2025-11-26 11:37:16.768618,s3-eth2,0.0029877471923828126,99.99701225280762
2025-11-26 11:37:17.769437,s1-eth1,0.0029877471923828126,99.99701225280762
2025-11-26 11:37:17.769539,s2-eth2,0.0029877471923828126,99.99701225280762
2025-11-26 11:37:17.769684,s3-eth2,0.0029877471923828126,99.99701225280762
2025-11-26 11:37:18.770506,s1-eth1,0.0029877471923828126,99.99701225280762
2025-11-26 11:37:18.770608,s2-eth2,0.0029877471923828126,99.99701225280762
2025-11-26 11:37:18.770752,s3-eth2,0.0029877471923828126,99.99701225280762
2025-11-26 11:37:19.771681,s1-eth1,0.0029877471923828126,99.99701225280762
2025-11-26 11:37:19.771797,s2-eth2,0.0029877471923828126,99.99701225280762
2025-11-26 11:37:19.771942,s3-eth2,0.0029877471923828126,99.99701225280762
2025-11-26 11:37:20.773233,s1-eth1,0.0036279296875,99.9963720703125
2025-11-26 11:37:20.773439,s2-eth2,0.0029877471923828126,99.99701225280762
2025-11-26 11:37:20.773591,s3-eth2,0.0029877471923828126,99.99701225280762
2025-11-26 11:37:21.774506,s1-eth1,0.0029877471923828126,99.99701225280762
2025-11-26 11:37:21.774626,s2-eth2,0.0029877471923828126,99.99701225280762
2025-11-26 11:37:21.774775,s3-eth2,0.0029877471923828126,99.99701225280762
2025-11-26 11:37:22.775326,s1-eth1,0.00299072265625,99.99700927734375
2025-11-26 11:37:22.775364,s2-eth2,0.00299072265625,99.99700927734375
2025-11-26 11:37:22.775425,s3-eth2,0.00299072265625,99.99700927734375
2025-11-26 11:37:23.775788,s1-eth1,0.00299072265625,99.99700927734375
2025-11-26 11:37:23.775826,s2-eth2,0.003631591796875,99.99636840820312
2025-11-26 11:37:23.775886,s3-eth2,0.003631591796875,99.99636840820312
2025-11-26 11:37:24.776256,s1-eth1,0.00299072265625,99.99700927734375
2025-11-26 11:37:24.776294,s2-eth2,0.00299072265625,99.99700927734375
2025-11-26 11:37:24.776354,s3-eth2,0.00299072265625,99.99700927734375
2025-11-26 11:37:25.776708,s1-eth1,0.00299072265625,99.99700927734375
2025-11-26 11:37:25.776746,s2-eth2,0.00299072265625,99.99700927734375
2025-11-26 11:37:25.776800,s3-eth2,0.00299072265625,99.99700927734375
2025-11-26 11:37:26.777170,s1-eth1,0.00299072265625,99.99700927734375
2025-11-26 11:37:26.777209,s2-eth2,0.00299072265625,99.99700927734375
2025-11-26 11:37:26.777264,s3-eth2,0.00299072265625,99.99700927734375
2025-11-26 11:37:27.777628,s1-eth1,0.00299072265625,99.99700927734375
2025-11-26 11:37:27.777666,s2-eth2,0.00299072265625,99.99700927734375
2025-11-26 11:37:27.777720,s3-eth2,0.00299072265625,99.99700927734375
2025-11-26 11:37:28.778088,s1-eth1,0.00299072265625,99.99700927734375
2025-11-26 11:37:28.778126,s2-eth2,0.00299072265625,99.99700927734375
2025-11-26 11:37:28.778180,s3-eth2,0.00299072265625,99.99700927734375
2025-11-26 11:37:29.778546,s1-eth1,0.00299072265625,99.99700927734375
2025-11-26 11:37:29.778585,s2-eth2,0.00299072265625,99.99700927734375
2025-11-26 11:37:29.778639,s3-eth2,0.00299072265625,99.99700927734375
2025-11-26 11:37:30.779024,s1-eth1,0.00299072265625,99.99700927734375
2025-11-26 11:37:30.779062,s2-eth2,0.00299072265625,99.99700927734375
2025-11-26 11:37:30.779117,s3-eth2,0.00299072265625,99.99700927734375
2025-11-26 11:37:31.779490,s1-eth1,0.00299072265625,99.99700927734375
2025-11-26 11:37:31.779527,s2-eth2,0.00299072265625,99.99700927734375
2025-11-26 11:37:31.779582,s3-eth2,0.00299072265625,99.99700927734375
2025-11-26 11:37:32.779949,s1-eth1,0.00299072265625,99.99700927734375
2025-11-26 11:37:32.779987,s2-eth2,0.00299072265625,99.99700927734375
2025-11-26 11:37:32.780096,s3-eth2,0.00299072265625,99.99700927734375
2025-11-26 11:37:33.780635,s1-eth1,0.00299072265625,99.99700927734375
2025-11-26 11:37:33.780673,s2-eth2,0.00299072265625,99.99700927734375
2025-11-26 11:37:33.780728,s3-eth2,0.00299072265625,99.99700927734375
2025-11-26 11:37:34.781563,s1-eth1,0.00299072265625,99.99700927734375
2025-11-26 11:37:34.781665,s2-eth2,0.00299072265625,99.99700927734375
2025-11-26 11:37:34.781814,s3-eth2,0.0029877471923828126,99.99701225280762
2025-11-26 11:37:35.782692,s1-eth1,0.0036279296875,99.9963720703125
2025-11-26 11:37:35.782797,s2-eth2,0.0029877471923828126,99.99701225280762
2025-11-26 11:37:35.782983,s3-eth2,0.0029877471923828126,99.99701225280762
2025-11-26 11:37:36.783882,s1-eth1,0.0029877471923828126,99.99701225280762
2025-11-26 11:37:36.783986,s2-eth2,0.0029877471923828126,99.99701225280762
2025-11-26 11:37:36.784133,s3-eth2,0.0029877471923828126,99.99701225280762
2025-11-26 11:37:37.785020,s1-eth1,0.0036279296875,99.9963720703125
2025-11-26 11:37:37.785123,s2-eth2,0.0036279296875,99.9963720703125
2025-11-26 11:37:37.785271,s3-eth2,0.0036279296875,99.9963720703125
2025-11-26 11:37:38.786150,s1-eth1,0.0029877471923828126,99.99701225280762
2025-11-26 11:37:38.786253,s2-eth2,0.0029877471923828126,99.99701225280762
2025-11-26 11:37:38.786399,s3-eth2,0.0029877471923828126,99.99701225280762
2025-11-26 11:37:39.787483,s1-eth1,0.0029877471923828126,99.99701225280762
2025-11-26 11:37:39.787588,s2-eth2,0.0029877471923828126,99.99701225280762
2025-11-26 11:37:39.787736,s3-eth2,0.0029877471923828126,99.99701225280762
2025-11-26 11:37:40.788588,s1-eth1,0.0029877471923828126,99.99701225280762
2025-11-26 11:37:40.788704,s2-eth2,0.0029877471923828126,99.99701225280762
2025-11-26 11:37:40.788851,s3-eth2,0.0029877471923828126,99.99701225280762
2025-11-26 11:37:41.789725,s1-eth1,0.0029877471923828126,99.99701225280762
2025-11-26 11:37:41.789843,s2-eth2,0.0029877471923828126,99.99701225280762
2025-11-26 11:37:41.789990,s3-eth2,0.0029877471923828126,99.99701225280762
2025-11-26 11:37:42.790855,s1-eth1,0.0029877471923828126,99.99701225280762
2025-11-26 11:37:42.790974,s2-eth2,0.0029877471923828126,99.99701225280762
2025-11-26 11:37:42.791122,s3-eth2,0.0029877471923828126,99.99701225280762
2025-11-26 11:37:43.791973,s1-eth1,0.0029877471923828126,99.99701225280762
2025-11-26 11:37:43.792077,s2-eth2,0.0029877471923828126,99.99701225280762
2025-11-26 11:37:43.792236,s3-eth2,0.0029877471923828126,99.99701225280762
2025-11-26 11:37:44.793175,s1-eth1,0.0029877471923828126,99.99701225280762
2025-11-26 11:37:44.793279,s2-eth2,0.0029877471923828126,99.99701225280762
2025-11-26 11:37:44.793440,s3-eth2,0.0029877471923828126,99.99701225280762
2025-11-26 11:37:45.793961,s1-eth1,0.00299072265625,99.99700927734375
2025-11-26 11:37:45.793999,s2-eth2,0.00299072265625,99.99700927734375
2025-11-26 11:37:45.794058,s3-eth2,0.00299072265625,99.99700927734375
2025-11-26 11:37:46.794410,s1-eth1,0.00299072265625,99.99700927734375
2025-11-26 11:37:46.794447,s2-eth2,0.003631591796875,99.99636840820312
2025-11-26 11:37:46.794501,s3-eth2,0.003631591796875,99.99636840820312
2025-11-26 11:37:47.794860,s1-eth1,0.00299072265625,99.99700927734375
2025-11-26 11:37:47.794898,s2-eth2,0.00299072265625,99.99700927734375
2025-11-26 11:37:47.794952,s3-eth2,0.00299072265625,99.99700927734375
2025-11-26 11:37:48.795307,s1-eth1,0.00299072265625,99.99700927734375
2025-11-26 11:37:48.795345,s2-eth2,0.00299072265625,99.99700927734375
2025-11-26 11:37:48.795399,s3-eth2,0.00299072265625,99.99700927734375
2025-11-26 11:37:49.796190,s1-eth1,0.00299072265625,99.99700927734375
2025-11-26 11:37:49.796292,s2-eth2,0.00299072265625,99.99700927734375
2025-11-26 11:37:49.796440,s3-eth2,0.0029877471923828126,99.99701225280762
2025-11-26 11:37:50.797303,s1-eth1,0.0029877471923828126,99.99701225280762
2025-11-26 11:37:50.797406,s2-eth2,0.0029877471923828126,99.99701225280762
2025-11-26 11:37:50.797552,s3-eth2,0.0029877471923828126,99.99701225280762
2025-11-26 11:37:51.798442,s1-eth1,0.0029877471923828126,99.99701225280762
2025-11-26 11:37:51.798546,s2-eth2,0.0029877471923828126,99.99701225280762
2025-11-26 11:37:51.798693,s3-eth2,0.0029877471923828126,99.99701225280762
2025-11-26 11:37:52.799568,s1-eth1,0.0029877471923828126,99.99701225280762
2025-11-26 11:37:52.799670,s2-eth2,0.0029877471923828126,99.99701225280762
2025-11-26 11:37:52.799816,s3-eth2,0.0029877471923828126,99.99701225280762
2025-11-26 11:37:53.800670,s1-eth1,0.0029877471923828126,99.99701225280762
2025-11-26 11:37:53.800772,s2-eth2,0.0029877471923828126,99.99701225280762
2025-11-26 11:37:53.800919,s3-eth2,0.0029877471923828126,99.99701225280762
2025-11-26 11:37:54.801861,s1-eth1,0.0029877471923828126,99.99701225280762
2025-11-26 11:37:54.801963,s2-eth2,0.0029877471923828126,99.99701225280762
2025-11-26 11:37:54.802109,s3-eth2,0.0029877471923828126,99.99701225280762
2025-11-26 11:37:55.802971,s1-eth1,0.0036279296875,99.9963720703125
2025-11-26 11:37:55.803075,s2-eth2,0.0036279296875,99.9963720703125
2025-11-26 11:37:55.803221,s3-eth2,0.0036279296875,99.9963720703125
2025-11-26 11:37:56.804079,s1-eth1,0.0029877471923828126,99.99701225280762
2025-11-26 11:37:56.804182,s2-eth2,0.0029877471923828126,99.99701225280762
2025-11-26 11:37:56.804328,s3-eth2,0.0029877471923828126,99.99701225280762
2025-11-26 11:37:57.805183,s1-eth1,0.0029877471923828126,99.99701225280762
2025-11-26 11:37:57.805287,s2-eth2,0.0029877471923828126,99.99701225280762
2025-11-26 11:37:57.805434,s3-eth2,0.0029877471923828126,99.99701225280762
2025-11-26 11:37:58.806313,s1-eth1,0.0042681884765625,99.99573181152344
2025-11-26 11:37:58.806416,s2-eth2,0.0029877471923828126,99.99701225280762
2025-11-26 11:37:58.806562,s3-eth2,0.0029877471923828126,99.99701225280762
2025-11-26 11:37:59.807498,s1-eth1,0.0029877471923828126,99.99701225280762
2025-11-26 11:37:59.807602,s2-eth2,0.0029877471923828126,99.99701225280762
2025-11-26 11:37:59.807747,s3-eth2,0.0029877471923828126,99.99701225280762
2025-11-26 11:38:00.808599,s1-eth1,0.0029877471923828126,99.99701225280762
2025-11-26 11:38:00.808702,s2-eth2,0.0029877471923828126,99.99701225280762
2025-11-26 11:38:00.808849,s3-eth2,0.0029877471923828126,99.99701225280762
2025-11-26 11:38:01.809727,s1-eth1,0.0029877471923828126,99.99701225280762
2025-11-26 11:38:01.809845,s2-eth2,0.0029877471923828126,99.99701225280762
2025-11-26 11:38:01.809993,s3-eth2,0.0029877471923828126,99.99701225280762
2025-11-26 11:38:02.810859,s1-eth1,0.0029877471923828126,99.99701225280762
2025-11-26 11:38:02.810977,s2-eth2,0.0029877471923828126,99.99701225280762
2025-11-26 11:38:02.811124,s3-eth2,0.0029877471923828126,99.99701225280762
2025-11-26 11:38:03.811972,s1-eth1,0.0029877471923828126,99.99701225280762
2025-11-26 11:38:03.812093,s2-eth2,0.0029877471923828126,99.99701225280762
2025-11-26 11:38:03.812240,s3-eth2,0.0029877471923828126,99.99701225280762
2025-11-26 11:38:04.813216,s1-eth1,0.0029877471923828126,99.99701225280762
2025-11-26 11:38:04.813320,s2-eth2,0.0029877471923828126,99.99701225280762
2025-11-26 11:38:04.813481,s3-eth2,0.0029877471923828126,99.99701225280762
2025-11-26 11:38:05.814368,s1-eth1,0.0029877471923828126,99.99701225280762
2025-11-26 11:38:05.814473,s2-eth2,0.0036279296875,99.9963720703125
2025-11-26 11:38:05.814636,s3-eth2,0.0036279296875,99.9963720703125
2025-11-26 11:38:06.815512,s1-eth1,0.0029877471923828126,99.99701225280762
2025-11-26 11:38:06.815616,s2-eth2,0.0029877471923828126,99.99701225280762
2025-11-26 11:38:06.815778,s3-eth2,0.0029877471923828126,99.99701225280762
2025-11-26 11:38:07.816645,s1-eth1,0.0029877471923828126,99.99701225280762
2025-11-26 11:38:07.816748,s2-eth2,0.0029877471923828126,99.99701225280762
2025-11-26 11:38:07.816895,s3-eth2,0.0029877471923828126,99.99701225280762
2025-11-26 11:38:08.817783,s1-eth1,0.0029877471923828126,99.99701225280762
2025-11-26 11:38:08.817885,s2-eth2,0.0029877471923828126,99.99701225280762
2025-11-26 11:38:08.818032,s3-eth2,0.0029877471923828126,99.99701225280762
2025-11-26 11:38:09.819025,s1-eth1,0.0029877471923828126,99.99701225280762
2025-11-26 11:38:09.819129,s2-eth2,0.0029877471923828126,99.99701225280762
2025-11-26 11:38:09.819276,s3-eth2,0.0029877471923828126,99.99701225280762
2025-11-26 11:38:10.820146,s1-eth1,0.0029877471923828126,99.99701225280762
2025-11-26 11:38:10.820249,s2-eth2,0.0029877471923828126,99.99701225280762
2025-11-26 11:38:10.820394,s3-eth2,0.0029877471923828126,99.99701225280762
2025-11-26 11:38:11.821291,s1-eth1,0.0029877471923828126,99.99701225280762
2025-11-26 11:38:11.821395,s2-eth2,0.0029877471923828126,99.99701225280762
2025-11-26 11:38:11.821542,s3-eth2,0.0029877471923828126,99.99701225280762
2025-11-26 11:38:12.822414,s1-eth1,0.0029877471923828126,99.99701225280762
2025-11-26 11:38:12.822517,s2-eth2,0.0029877471923828126,99.99701225280762
2025-11-26 11:38:12.822663,s3-eth2,0.0029877471923828126,99.99701225280762
2025-11-26 11:38:13.823561,s1-eth1,0.0029877471923828126,99.99701225280762
2025-11-26 11:38:13.823664,s2-eth2,0.0029877471923828126,99.99701225280762
2025-11-26 11:38:13.823810,s3-eth2,0.0029877471923828126,99.99701225280762
2025-11-26 11:38:14.824801,s1-eth1,0.0029877471923828126,99.99701225280762
2025-11-26 11:38:14.824906,s2-eth2,0.0029877471923828126,99.99701225280762
2025-11-26 11:38:14.825053,s3-eth2,0.0029877471923828126,99.99701225280762
2025-11-26 11:38:15.825936,s1-eth1,0.0029877471923828126,99.99701225280762
2025-11-26 11:38:15.826039,s2-eth2,0.0029877471923828126,99.99701225280762
2025-11-26 11:38:15.826185,s3-eth2,0.0029877471923828126,99.99701225280762
2025-11-26 11:38:16.827085,s1-eth1,0.0029877471923828126,99.99701225280762
2025-11-26 11:38:16.827189,s2-eth2,0.0029877471923828126,99.99701225280762
2025-11-26 11:38:16.827335,s3-eth2,0.0029877471923828126,99.99701225280762
2025-11-26 11:38:17.828210,s1-eth1,0.0029877471923828126,99.99701225280762
2025-11-26 11:38:17.828313,s2-eth2,0.0029877471923828126,99.99701225280762
2025-11-26 11:38:17.828460,s3-eth2,0.0029877471923828126,99.99701225280762
2025-11-26 11:38:18.829358,s1-eth1,0.0029877471923828126,99.99701225280762
2025-11-26 11:38:18.829462,s2-eth2,0.0029877471923828126,99.99701225280762
2025-11-26 11:38:18.829611,s3-eth2,0.0029877471923828126,99.99701225280762
2025-11-26 11:38:19.830651,s1-eth1,0.0029877471923828126,99.99701225280762
2025-11-26 11:38:19.830755,s2-eth2,0.0029877471923828126,99.99701225280762
2025-11-26 11:38:19.830916,s3-eth2,0.0029877471923828126,99.99701225280762
2025-11-26 11:38:20.831808,s1-eth1,0.0029877471923828126,99.99701225280762
2025-11-26 11:38:20.831910,s2-eth2,0.0029877471923828126,99.99701225280762
2025-11-26 11:38:20.832058,s3-eth2,0.0029877471923828126,99.99701225280762
2025-11-26 11:38:21.832963,s1-eth1,0.0036279296875,99.9963720703125
2025-11-26 11:38:21.833068,s2-eth2,0.0029877471923828126,99.99701225280762
2025-11-26 11:38:21.833216,s3-eth2,0.0029877471923828126,99.99701225280762
2025-11-26 11:38:22.834120,s1-eth1,0.0029877471923828126,99.99701225280762
2025-11-26 11:38:22.834225,s2-eth2,0.0029877471923828126,99.99701225280762
2025-11-26 11:38:22.834373,s3-eth2,0.0029877471923828126,99.99701225280762
2025-11-26 11:38:23.835265,s1-eth1,0.0029877471923828126,99.99701225280762
2025-11-26 11:38:23.835383,s2-eth2,0.0029877471923828126,99.99701225280762
2025-11-26 11:38:23.835531,s3-eth2,0.0029877471923828126,99.99701225280762
2025-11-26 11:38:24.836561,s1-eth1,0.0029877471923828126,99.99701225280762
2025-11-26 11:38:24.836679,s2-eth2,0.0029877471923828126,99.99701225280762
2025-11-26 11:38:24.836827,s3-eth2,0.0029877471923828126,99.99701225280762
2025-11-26 11:38:25.837704,s1-eth1,0.0029877471923828126,99.99701225280762
2025-11-26 11:38:25.837822,s2-eth2,0.0029877471923828126,99.99701225280762
2025-11-26 11:38:25.837969,s3-eth2,0.0029877471923828126,99.99701225280762
2025-11-26 11:38:26.838861,s1-eth1,0.0029877471923828126,99.99701225280762
2025-11-26 11:38:26.838967,s2-eth2,0.0029877471923828126,99.99701225280762
2025-11-26 11:38:26.839130,s3-eth2,0.0029877471923828126,99.99701225280762
2025-11-26 11:38:27.840002,s1-eth1,0.0029877471923828126,99.99701225280762
2025-11-26 11:38:27.840107,s2-eth2,0.0029877471923828126,99.99701225280762
2025-11-26 11:38:27.840269,s3-eth2,0.0029877471923828126,99.99701225280762
2025-11-26 11:38:28.841130,s1-eth1,0.0036279296875,99.9963720703125
2025-11-26 11:38:28.841235,s2-eth2,0.0036279296875,99.9963720703125
2025-11-26 11:38:28.841395,s3-eth2,0.0036279296875,99.9963720703125
2025-11-26 11:38:29.842378,s1-eth1,0.0029877471923828126,99.99701225280762
2025-11-26 11:38:29.842481,s2-eth2,0.0029877471923828126,99.99701225280762
2025-11-26 11:38:29.842628,s3-eth2,0.0029877471923828126,99.99701225280762
2025-11-26 11:38:30.843500,s1-eth1,0.0029877471923828126,99.99701225280762
2025-11-26 11:38:30.843602,s2-eth2,0.0029877471923828126,99.99701225280762
2025-11-26 11:38:30.843748,s3-eth2,0.0029877471923828126,99.99701225280762
2025-11-26 11:38:31.844680,s1-eth1,0.0029877471923828126,99.99701225280762
2025-11-26 11:38:31.844785,s2-eth2,0.0029877471923828126,99.99701225280762
2025-11-26 11:38:31.844937,s3-eth2,0.0029877471923828126,99.99701225280762
2025-11-26 11:38:32.845823,s1-eth1,0.0029877471923828126,99.99701225280762
2025-11-26 11:38:32.845926,s2-eth2,0.0029877471923828126,99.99701225280762
2025-11-26 11:38:32.846075,s3-eth2,0.0029877471923828126,99.99701225280762
2025-11-26 11:38:33.846960,s1-eth1,0.0029877471923828126,99.99701225280762
2025-11-26 11:38:33.847066,s2-eth2,0.0036279296875,99.9963720703125
2025-11-26 11:38:33.847214,s3-eth2,0.0036279296875,99.9963720703125
2025-11-26 11:38:34.848196,s1-eth1,0.0029877471923828126,99.99701225280762
2025-11-26 11:38:34.848300,s2-eth2,0.0029877471923828126,99.99701225280762
2025-11-26 11:38:34.848445,s3-eth2,0.0029877471923828126,99.99701225280762
2025-11-26 11:38:35.849296,s1-eth1,0.0029877471923828126,99.99701225280762
2025-11-26 11:38:35.849398,s2-eth2,0.0029877471923828126,99.99701225280762
2025-11-26 11:38:35.849544,s3-eth2,0.0029877471923828126,99.99701225280762
2025-11-26 11:38:36.850426,s1-eth1,0.0036279296875,99.9963720703125
2025-11-26 11:38:36.850529,s2-eth2,0.0029877471923828126,99.99701225280762
2025-11-26 11:38:36.850677,s3-eth2,0.0029877471923828126,99.99701225280762
2025-11-26 11:38:37.851622,s1-eth1,0.0029877471923828126,99.99701225280762
2025-11-26 11:38:37.851726,s2-eth2,0.0029877471923828126,99.99701225280762
2025-11-26 11:38:37.851873,s3-eth2,0.0029877471923828126,99.99701225280762
2025-11-26 11:38:38.852721,s1-eth1,0.0029877471923828126,99.99701225280762
2025-11-26 11:38:38.852824,s2-eth2,0.0029877471923828126,99.99701225280762
2025-11-26 11:38:38.852971,s3-eth2,0.0029877471923828126,99.99701225280762
2025-11-26 11:38:39.853829,s1-eth1,0.0029877471923828126,99.99701225280762
2025-11-26 11:38:39.853932,s2-eth2,0.0029877471923828126,99.99701225280762
2025-11-26 11:38:39.854079,s3-eth2,0.0029877471923828126,99.99701225280762
2025-11-26 11:38:40.854939,s1-eth1,0.0029877471923828126,99.99701225280762
2025-11-26 11:38:40.855042,s2-eth2,0.0029877471923828126,99.99701225280762
2025-11-26 11:38:40.855187,s3-eth2,0.0029877471923828126,99.99701225280762
2025-11-26 11:38:41.856077,s1-eth1,0.0029877471923828126,99.99701225280762
2025-11-26 11:38:41.856181,s2-eth2,0.0029877471923828126,99.99701225280762
2025-11-26 11:38:41.856328,s3-eth2,0.0029877471923828126,99.99701225280762
2025-11-26 11:38:42.857190,s1-eth1,0.0036279296875,99.9963720703125
2025-11-26 11:38:42.857295,s2-eth2,0.0036279296875,99.9963720703125
2025-11-26 11:38:42.857443,s3-eth2,0.0036279296875,99.9963720703125
2025-11-26 11:38:43.858301,s1-eth1,0.0029877471923828126,99.99701225280762
2025-11-26 11:38:43.858404,s2-eth2,0.0029877471923828126,99.99701225280762
2025-11-26 11:38:43.858550,s3-eth2,0.0029877471923828126,99.99701225280762
2025-11-26 11:38:44.859503,s1-eth1,0.0036279296875,99.9963720703125
2025-11-26 11:38:44.859627,s2-eth2,0.0029877471923828126,99.99701225280762
2025-11-26 11:38:44.859775,s3-eth2,0.0029877471923828126,99.99701225280762
2025-11-26 11:38:45.860624,s1-eth1,0.0029877471923828126,99.99701225280762
2025-11-26 11:38:45.860740,s2-eth2,0.0029877471923828126,99.99701225280762
2025-11-26 11:38:45.860887,s3-eth2,0.0029877471923828126,99.99701225280762
2025-11-26 11:38:46.861754,s1-eth1,0.0029877471923828126,99.99701225280762
2025-11-26 11:38:46.861871,s2-eth2,0.0029877471923828126,99.99701225280762
2025-11-26 11:38:46.862020,s3-eth2,0.0029877471923828126,99.99701225280762
2025-11-26 11:38:47.862917,s1-eth1,0.0029877471923828126,99.99701225280762
2025-11-26 11:38:47.863021,s2-eth2,0.0029877471923828126,99.99701225280762
2025-11-26 11:38:47.863185,s3-eth2,0.0029877471923828126,99.99701225280762
2025-11-26 11:38:48.864066,s1-eth1,0.0029877471923828126,99.99701225280762
2025-11-26 11:38:48.864173,s2-eth2,0.0036279296875,99.9963720703125
2025-11-26 11:38:48.864335,s3-eth2,0.0036279296875,99.9963720703125
2025-11-26 11:38:49.865318,s1-eth1,0.0029877471923828126,99.99701225280762
2025-11-26 11:38:49.865421,s2-eth2,0.0029877471923828126,99.99701225280762
2025-11-26 11:38:49.865582,s3-eth2,0.0029877471923828126,99.99701225280762
2025-11-26 11:38:50.866450,s1-eth1,0.0029877471923828126,99.99701225280762
2025-11-26 11:38:50.866553,s2-eth2,0.0029877471923828126,99.99701225280762
2025-11-26 11:38:50.866700,s3-eth2,0.0029877471923828126,99.99701225280762
2025-11-26 11:38:51.867615,s1-eth1,0.0029877471923828126,99.99701225280762
2025-11-26 11:38:51.867719,s2-eth2,0.0029877471923828126,99.99701225280762
2025-11-26 11:38:51.867866,s3-eth2,0.0029877471923828126,99.99701225280762
2025-11-26 11:38:52.868763,s1-eth1,0.0029877471923828126,99.99701225280762
2025-11-26 11:38:52.868866,s2-eth2,0.0029877471923828126,99.99701225280762
2025-11-26 11:38:52.869014,s3-eth2,0.0029877471923828126,99.99701225280762
2025-11-26 11:38:53.869911,s1-eth1,0.0029877471923828126,99.99701225280762
2025-11-26 11:38:53.870014,s2-eth2,0.0029877471923828126,99.99701225280762
2025-11-26 11:38:53.870162,s3-eth2,0.0029877471923828126,99.99701225280762
2025-11-26 11:38:54.871164,s1-eth1,0.0029877471923828126,99.99701225280762
2025-11-26 11:38:54.871266,s2-eth2,0.0029877471923828126,99.99701225280762
2025-11-26 11:38:54.871414,s3-eth2,0.0029877471923828126,99.99701225280762
2025-11-26 11:38:55.872299,s1-eth1,0.0029877471923828126,99.99701225280762
2025-11-26 11:38:55.872402,s2-eth2,0.0029877471923828126,99.99701225280762
2025-11-26 11:38:55.872549,s3-eth2,0.0029877471923828126,99.99701225280762
2025-11-26 11:38:56.873432,s1-eth1,0.0029877471923828126,99.99701225280762
2025-11-26 11:38:56.873536,s2-eth2,0.0029877471923828126,99.99701225280762
2025-11-26 11:38:56.873683,s3-eth2,0.0029877471923828126,99.99701225280762
2025-11-26 11:38:57.874584,s1-eth1,0.0029877471923828126,99.99701225280762
2025-11-26 11:38:57.874688,s2-eth2,0.0029877471923828126,99.99701225280762
2025-11-26 11:38:57.874836,s3-eth2,0.0029877471923828126,99.99701225280762
2025-11-26 11:38:58.875747,s1-eth1,0.0029877471923828126,99.99701225280762
2025-11-26 11:38:58.875850,s2-eth2,0.0029877471923828126,99.99701225280762
2025-11-26 11:38:58.875996,s3-eth2,0.0029877471923828126,99.99701225280762
2025-11-26 11:38:59.876983,s1-eth1,0.0029877471923828126,99.99701225280762
2025-11-26 11:38:59.877087,s2-eth2,0.0029877471923828126,99.99701225280762
2025-11-26 11:38:59.877235,s3-eth2,0.0029877471923828126,99.99701225280762
2025-11-26 11:39:00.878122,s1-eth1,0.0029877471923828126,99.99701225280762
2025-11-26 11:39:00.878226,s2-eth2,0.0029877471923828126,99.99701225280762
2025-11-26 11:39:00.878374,s3-eth2,0.0029877471923828126,99.99701225280762
2025-11-26 11:39:01.879263,s1-eth1,0.0029877471923828126,99.99701225280762
2025-11-26 11:39:01.879366,s2-eth2,0.0029877471923828126,99.99701225280762
2025-11-26 11:39:01.879513,s3-eth2,0.0029877471923828126,99.99701225280762
2025-11-26 11:39:02.880416,s1-eth1,0.0029877471923828126,99.99701225280762
2025-11-26 11:39:02.880519,s2-eth2,0.0029877471923828126,99.99701225280762
2025-11-26 11:39:02.880666,s3-eth2,0.0029877471923828126,99.99701225280762
2025-11-26 11:39:03.881539,s1-eth1,0.0029877471923828126,99.99701225280762
2025-11-26 11:39:03.881643,s2-eth2,0.0029877471923828126,99.99701225280762
2025-11-26 11:39:03.881789,s3-eth2,0.0029877471923828126,99.99701225280762
2025-11-26 11:39:04.882782,s1-eth1,0.0029877471923828126,99.99701225280762
2025-11-26 11:39:04.882901,s2-eth2,0.0029877471923828126,99.99701225280762
2025-11-26 11:39:04.883049,s3-eth2,0.0029877471923828126,99.99701225280762
2025-11-26 11:39:05.883924,s1-eth1,0.0029877471923828126,99.99701225280762
2025-11-26 11:39:05.884043,s2-eth2,0.0029877471923828126,99.99701225280762
2025-11-26 11:39:05.884190,s3-eth2,0.0029877471923828126,99.99701225280762
2025-11-26 11:39:06.885072,s1-eth1,0.0036279296875,99.9963720703125
2025-11-26 11:39:06.885191,s2-eth2,0.0029877471923828126,99.99701225280762
2025-11-26 11:39:06.885339,s3-eth2,0.0029877471923828126,99.99701225280762
2025-11-26 11:39:07.886200,s1-eth1,0.0029877471923828126,99.99701225280762
2025-11-26 11:39:07.886320,s2-eth2,0.0029877471923828126,99.99701225280762
2025-11-26 11:39:07.886466,s3-eth2,0.0029877471923828126,99.99701225280762
2025-11-26 11:39:08.887341,s1-eth1,0.0029877471923828126,99.99701225280762
2025-11-26 11:39:08.887445,s2-eth2,0.0029877471923828126,99.99701225280762
2025-11-26 11:39:08.887606,s3-eth2,0.0029877471923828126,99.99701225280762
2025-11-26 11:39:09.888575,s1-eth1,0.0029877471923828126,99.99701225280762
2025-11-26 11:39:09.888679,s2-eth2,0.0029877471923828126,99.99701225280762
2025-11-26 11:39:09.888842,s3-eth2,0.0029877471923828126,99.99701225280762
2025-11-26 11:39:10.889725,s1-eth1,0.0029877471923828126,99.99701225280762
2025-11-26 11:39:10.889829,s2-eth2,0.0029877471923828126,99.99701225280762
2025-11-26 11:39:10.889992,s3-eth2,0.0029877471923828126,99.99701225280762
2025-11-26 11:39:11.890887,s1-eth1,0.0029877471923828126,99.99701225280762
2025-11-26 11:39:11.890991,s2-eth2,0.0029877471923828126,99.99701225280762
2025-11-26 11:39:11.891140,s3-eth2,0.0029877471923828126,99.99701225280762
2025-11-26 11:39:12.892025,s1-eth1,0.0029877471923828126,99.99701225280762
2025-11-26 11:39:12.892129,s2-eth2,0.0029877471923828126,99.99701225280762
2025-11-26 11:39:12.892275,s3-eth2,0.0029877471923828126,99.99701225280762
2025-11-26 11:39:13.893168,s1-eth1,0.0029877471923828126,99.99701225280762
2025-11-26 11:39:13.893273,s2-eth2,0.0029877471923828126,99.99701225280762
2025-11-26 11:39:13.893421,s3-eth2,0.0029877471923828126,99.99701225280762
2025-11-26 11:39:14.894404,s1-eth1,0.0029877471923828126,99.99701225280762
2025-11-26 11:39:14.894508,s2-eth2,0.0029877471923828126,99.99701225280762
2025-11-26 11:39:14.894657,s3-eth2,0.0029877471923828126,99.99701225280762
2025-11-26 11:39:15.895572,s1-eth1,0.0036279296875,99.9963720703125
2025-11-26 11:39:15.895677,s2-eth2,0.0029877471923828126,99.99701225280762
2025-11-26 11:39:15.895825,s3-eth2,0.0029877471923828126,99.99701225280762
2025-11-26 11:39:16.896718,s1-eth1,0.0029877471923828126,99.99701225280762
2025-11-26 11:39:16.896821,s2-eth2,0.0029877471923828126,99.99701225280762
2025-11-26 11:39:16.896967,s3-eth2,0.0029877471923828126,99.99701225280762
2025-11-26 11:39:17.897861,s1-eth1,0.0029877471923828126,99.99701225280762
2025-11-26 11:39:17.897965,s2-eth2,0.0029877471923828126,99.99701225280762
2025-11-26 11:39:17.898113,s3-eth2,0.0029877471923828126,99.99701225280762
2025-11-26 11:39:18.899018,s1-eth1,0.0029877471923828126,99.99701225280762
2025-11-26 11:39:18.899122,s2-eth2,0.0029877471923828126,99.99701225280762
2025-11-26 11:39:18.899269,s3-eth2,0.0029877471923828126,99.99701225280762
2025-11-26 11:39:19.900282,s1-eth1,0.0036279296875,99.9963720703125
2025-11-26 11:39:19.900386,s2-eth2,0.0042681884765625,99.99573181152344
2025-11-26 11:39:19.900533,s3-eth2,0.0042681884765625,99.99573181152344
2025-11-26 11:39:20.901419,s1-eth1,0.0029877471923828126,99.99701225280762
2025-11-26 11:39:20.901523,s2-eth2,0.0029877471923828126,99.99701225280762
2025-11-26 11:39:20.901670,s3-eth2,0.0029877471923828126,99.99701225280762
2025-11-26 11:39:21.902566,s1-eth1,0.0029877471923828126,99.99701225280762
2025-11-26 11:39:21.902670,s2-eth2,0.0029877471923828126,99.99701225280762
2025-11-26 11:39:21.902816,s3-eth2,0.0029877471923828126,99.99701225280762
2025-11-26 11:39:22.903708,s1-eth1,0.0029877471923828126,99.99701225280762
2025-11-26 11:39:22.903812,s2-eth2,0.0029877471923828126,99.99701225280762
2025-11-26 11:39:22.903960,s3-eth2,0.0029877471923828126,99.99701225280762
2025-11-26 11:39:23.904846,s1-eth1,0.0029877471923828126,99.99701225280762
2025-11-26 11:39:23.904949,s2-eth2,0.0029877471923828126,99.99701225280762
2025-11-26 11:39:23.905098,s3-eth2,0.0029877471923828126,99.99701225280762
2025-11-26 11:39:24.906070,s1-eth1,0.0029877471923828126,99.99701225280762
2025-11-26 11:39:24.906174,s2-eth2,0.0029877471923828126,99.99701225280762
2025-11-26 11:39:24.906322,s3-eth2,0.0029877471923828126,99.99701225280762
2025-11-26 11:39:25.907231,s1-eth1,0.0029877471923828126,99.99701225280762
2025-11-26 11:39:25.907333,s2-eth2,0.0029877471923828126,99.99701225280762
2025-11-26 11:39:25.907480,s3-eth2,0.0029877471923828126,99.99701225280762
2025-11-26 11:39:26.908380,s1-eth1,0.0029877471923828126,99.99701225280762
2025-11-26 11:39:26.908484,s2-eth2,0.0029877471923828126,99.99701225280762
2025-11-26 11:39:26.908631,s3-eth2,0.0029877471923828126,99.99701225280762
2025-11-26 11:39:27.909495,s1-eth1,0.0029877471923828126,99.99701225280762
2025-11-26 11:39:27.909613,s2-eth2,0.0029877471923828126,99.99701225280762
2025-11-26 11:39:27.909761,s3-eth2,0.0029877471923828126,99.99701225280762
2025-11-26 11:39:28.910640,s1-eth1,0.0029877471923828126,99.99701225280762
2025-11-26 11:39:28.910759,s2-eth2,0.0029877471923828126,99.99701225280762
2025-11-26 11:39:28.910923,s3-eth2,0.0029877471923828126,99.99701225280762
2025-11-26 11:39:29.911918,s1-eth1,0.0042681884765625,99.99573181152344
2025-11-26 11:39:29.912038,s2-eth2,0.0036279296875,99.9963720703125
2025-11-26 11:39:29.912186,s3-eth2,0.0036279296875,99.9963720703125
2025-11-26 11:39:30.913069,s1-eth1,0.0029877471923828126,99.99701225280762
2025-11-26 11:39:30.913172,s2-eth2,0.0029877471923828126,99.99701225280762
2025-11-26 11:39:30.913336,s3-eth2,0.0029877471923828126,99.99701225280762
2025-11-26 11:39:31.914222,s1-eth1,0.0029877471923828126,99.99701225280762
2025-11-26 11:39:31.914327,s2-eth2,0.0036279296875,99.9963720703125
2025-11-26 11:39:31.914491,s3-eth2,0.0036279296875,99.9963720703125
2025-11-26 11:39:32.915028,s1-eth1,0.00299072265625,99.99700927734375
2025-11-26 11:39:32.915066,s2-eth2,0.00299072265625,99.99700927734375
2025-11-26 11:39:32.915126,s3-eth2,0.00299072265625,99.99700927734375
2025-11-26 11:39:33.915479,s1-eth1,0.00299072265625,99.99700927734375
2025-11-26 11:39:33.915517,s2-eth2,0.00299072265625,99.99700927734375
2025-11-26 11:39:33.915571,s3-eth2,0.00299072265625,99.99700927734375
2025-11-26 11:39:34.915940,s1-eth1,0.00299072265625,99.99700927734375
2025-11-26 11:39:34.915978,s2-eth2,0.00299072265625,99.99700927734375
2025-11-26 11:39:34.916033,s3-eth2,0.00299072265625,99.99700927734375
2025-11-26 11:39:35.916401,s1-eth1,0.00299072265625,99.99700927734375
2025-11-26 11:39:35.916439,s2-eth2,0.00299072265625,99.99700927734375
2025-11-26 11:39:35.916495,s3-eth2,0.00299072265625,99.99700927734375
2025-11-26 11:39:36.917208,s1-eth1,0.00299072265625,99.99700927734375
2025-11-26 11:39:36.917311,s2-eth2,0.00299072265625,99.99700927734375
2025-11-26 11:39:36.917457,s3-eth2,0.00299072265625,99.99700927734375
2025-11-26 11:39:37.918361,s1-eth1,0.0029877471923828126,99.99701225280762
2025-11-26 11:39:37.918464,s2-eth2,0.0029877471923828126,99.99701225280762
2025-11-26 11:39:37.918612,s3-eth2,0.0029877471923828126,99.99701225280762
2025-11-26 11:39:38.919528,s1-eth1,0.0029877471923828126,99.99701225280762
2025-11-26 11:39:38.919633,s2-eth2,0.0029877471923828126,99.99701225280762
2025-11-26 11:39:38.919780,s3-eth2,0.0029877471923828126,99.99701225280762
2025-11-26 11:39:39.920808,s1-eth1,0.0029877471923828126,99.99701225280762
2025-11-26 11:39:39.920911,s2-eth2,0.0029877471923828126,99.99701225280762
2025-11-26 11:39:39.921059,s3-eth2,0.0029877471923828126,99.99701225280762
2025-11-26 11:39:40.921953,s1-eth1,0.0029877471923828126,99.99701225280762
2025-11-26 11:39:40.922056,s2-eth2,0.0029877471923828126,99.99701225280762
2025-11-26 11:39:40.922202,s3-eth2,0.0029877471923828126,99.99701225280762
2025-11-26 11:39:41.923119,s1-eth1,0.0029877471923828126,99.99701225280762
2025-11-26 11:39:41.923223,s2-eth2,0.0029877471923828126,99.99701225280762
2025-11-26 11:39:41.923370,s3-eth2,0.0029877471923828126,99.99701225280762
2025-11-26 11:39:42.923910,s1-eth1,0.00299072265625,99.99700927734375
2025-11-26 11:39:42.923947,s2-eth2,0.00299072265625,99.99700927734375
2025-11-26 11:39:42.924001,s3-eth2,0.00299072265625,99.99700927734375
2025-11-26 11:39:43.924365,s1-eth1,0.00299072265625,99.99700927734375
2025-11-26 11:39:43.924402,s2-eth2,0.00299072265625,99.99700927734375
2025-11-26 11:39:43.924457,s3-eth2,0.00299072265625,99.99700927734375
2025-11-26 11:39:44.925170,s1-eth1,0.00299072265625,99.99700927734375
2025-11-26 11:39:44.925272,s2-eth2,0.00299072265625,99.99700927734375
2025-11-26 11:39:44.925418,s3-eth2,0.00299072265625,99.99700927734375
2025-11-26 11:39:45.926282,s1-eth1,0.0029877471923828126,99.99701225280762
2025-11-26 11:39:45.926385,s2-eth2,0.0029877471923828126,99.99701225280762
2025-11-26 11:39:45.926533,s3-eth2,0.0029877471923828126,99.99701225280762
2025-11-26 11:39:46.927398,s1-eth1,0.0029877471923828126,99.99701225280762
2025-11-26 11:39:46.927501,s2-eth2,0.0029877471923828126,99.99701225280762
2025-11-26 11:39:46.927647,s3-eth2,0.0029877471923828126,99.99701225280762
2025-11-26 11:39:47.928504,s1-eth1,0.0029877471923828126,99.99701225280762
2025-11-26 11:39:47.928607,s2-eth2,0.0029877471923828126,99.99701225280762
2025-11-26 11:39:47.928755,s3-eth2,0.0029877471923828126,99.99701225280762
2025-11-26 11:39:48.929603,s1-eth1,0.0029877471923828126,99.99701225280762
2025-11-26 11:39:48.929719,s2-eth2,0.0029877471923828126,99.99701225280762
2025-11-26 11:39:48.929866,s3-eth2,0.0029877471923828126,99.99701225280762
2025-11-26 11:39:49.930797,s1-eth1,0.0029877471923828126,99.99701225280762
2025-11-26 11:39:49.930926,s2-eth2,0.0029877471923828126,99.99701225280762
2025-11-26 11:39:49.931073,s3-eth2,0.0029877471923828126,99.99701225280762
2025-11-26 11:39:50.931916,s1-eth1,0.0029877471923828126,99.99701225280762
2025-11-26 11:39:50.932030,s2-eth2,0.0029877471923828126,99.99701225280762
2025-11-26 11:39:50.932177,s3-eth2,0.0029877471923828126,99.99701225280762
2025-11-26 11:39:51.933052,s1-eth1,0.0029877471923828126,99.99701225280762
2025-11-26 11:39:51.933156,s2-eth2,0.0029877471923828126,99.99701225280762
2025-11-26 11:39:51.933317,s3-eth2,0.0029877471923828126,99.99701225280762
2025-11-26 11:39:52.934189,s1-eth1,0.0036279296875,99.9963720703125
2025-11-26 11:39:52.934294,s2-eth2,0.0029877471923828126,99.99701225280762
2025-11-26 11:39:52.934456,s3-eth2,0.0029877471923828126,99.99701225280762
2025-11-26 11:39:53.934988,s1-eth1,0.00299072265625,99.99700927734375
2025-11-26 11:39:53.935037,s2-eth2,0.00299072265625,99.99700927734375
2025-11-26 11:39:53.935198,s3-eth2,0.00299072265625,99.99700927734375
2025-11-26 11:39:54.935738,s1-eth1,0.003631591796875,99.99636840820312
2025-11-26 11:39:54.935777,s2-eth2,0.00299072265625,99.99700927734375
2025-11-26 11:39:54.935832,s3-eth2,0.00299072265625,99.99700927734375
2025-11-26 11:39:55.936521,s1-eth1,0.00299072265625,99.99700927734375
2025-11-26 11:39:55.936624,s2-eth2,0.00299072265625,99.99700927734375
2025-11-26 11:39:55.936770,s3-eth2,0.00299072265625,99.99700927734375
2025-11-26 11:39:56.937426,s1-eth1,0.00299072265625,99.99700927734375
2025-11-26 11:39:56.937529,s2-eth2,0.00299072265625,99.99700927734375
2025-11-26 11:39:56.937677,s3-eth2,0.00299072265625,99.99700927734375
2025-11-26 11:39:57.938218,s1-eth1,0.00299072265625,99.99700927734375
2025-11-26 11:39:57.938256,s2-eth2,0.00299072265625,99.99700927734375
2025-11-26 11:39:57.938310,s3-eth2,0.00299072265625,99.99700927734375
2025-11-26 11:39:58.939017,s1-eth1,0.00299072265625,99.99700927734375
2025-11-26 11:39:58.939121,s2-eth2,0.00299072265625,99.99700927734375
2025-11-26 11:39:58.939268,s3-eth2,0.00299072265625,99.99700927734375
2025-11-26 11:39:59.939820,s1-eth1,0.00299072265625,99.99700927734375
2025-11-26 11:39:59.939858,s2-eth2,0.00299072265625,99.99700927734375
2025-11-26 11:39:59.939912,s3-eth2,0.00299072265625,99.99700927734375
2025-11-26 11:40:00.940604,s1-eth1,0.00299072265625,99.99700927734375
2025-11-26 11:40:00.940708,s2-eth2,0.00299072265625,99.99700927734375
2025-11-26 11:40:00.940853,s3-eth2,0.00299072265625,99.99700927734375
2025-11-26 11:40:01.941723,s1-eth1,0.0029877471923828126,99.99701225280762
2025-11-26 11:40:01.941826,s2-eth2,0.0029877471923828126,99.99701225280762
2025-11-26 11:40:01.941973,s3-eth2,0.0029877471923828126,99.99701225280762
2025-11-26 11:40:02.942835,s1-eth1,0.0029877471923828126,99.99701225280762
2025-11-26 11:40:02.942977,s2-eth2,0.0029877471923828126,99.99701225280762
2025-11-26 11:40:02.943125,s3-eth2,0.0029877471923828126,99.99701225280762
2025-11-26 11:40:03.943970,s1-eth1,0.0029877471923828126,99.99701225280762
2025-11-26 11:40:03.944074,s2-eth2,0.0029877471923828126,99.99701225280762
2025-11-26 11:40:03.944220,s3-eth2,0.0029877471923828126,99.99701225280762
2025-11-26 11:40:04.945169,s1-eth1,0.0029877471923828126,99.99701225280762
2025-11-26 11:40:04.945273,s2-eth2,0.0036279296875,99.9963720703125
2025-11-26 11:40:04.945418,s3-eth2,0.0036279296875,99.9963720703125
2025-11-26 11:40:05.946273,s1-eth1,0.0029877471923828126,99.99701225280762
2025-11-26 11:40:05.946375,s2-eth2,0.0029877471923828126,99.99701225280762
2025-11-26 11:40:05.946522,s3-eth2,0.0029877471923828126,99.99701225280762
2025-11-26 11:40:06.947400,s1-eth1,0.0029877471923828126,99.99701225280762
2025-11-26 11:40:06.947504,s2-eth2,0.0029877471923828126,99.99701225280762
2025-11-26 11:40:06.947651,s3-eth2,0.0029877471923828126,99.99701225280762
2025-11-26 11:40:07.948513,s1-eth1,0.0029877471923828126,99.99701225280762
2025-11-26 11:40:07.948617,s2-eth2,0.0029877471923828126,99.99701225280762
2025-11-26 11:40:07.948764,s3-eth2,0.0029877471923828126,99.99701225280762
2025-11-26 11:40:08.949297,s1-eth1,0.003631591796875,99.99636840820312
2025-11-26 11:40:08.949335,s2-eth2,0.003631591796875,99.99636840820312
2025-11-26 11:40:08.949389,s3-eth2,0.003631591796875,99.99636840820312
2025-11-26 11:40:09.950110,s1-eth1,0.00299072265625,99.99700927734375
2025-11-26 11:40:09.950227,s2-eth2,0.00299072265625,99.99700927734375
2025-11-26 11:40:09.950373,s3-eth2,0.00299072265625,99.99700927734375
2025-11-26 11:40:10.951239,s1-eth1,0.0029877471923828126,99.99701225280762
2025-11-26 11:40:10.951356,s2-eth2,0.0029877471923828126,99.99701225280762
2025-11-26 11:40:10.951502,s3-eth2,0.0029877471923828126,99.99701225280762
2025-11-26 11:40:11.952385,s1-eth1,0.0029877471923828126,99.99701225280762
2025-11-26 11:40:11.952502,s2-eth2,0.0029877471923828126,99.99701225280762
2025-11-26 11:40:11.952651,s3-eth2,0.0029877471923828126,99.99701225280762
2025-11-26 11:40:12.953517,s1-eth1,0.0029877471923828126,99.99701225280762
2025-11-26 11:40:12.953623,s2-eth2,0.0029877471923828126,99.99701225280762
2025-11-26 11:40:12.953784,s3-eth2,0.0029877471923828126,99.99701225280762
2025-11-26 11:40:13.954646,s1-eth1,0.0029877471923828126,99.99701225280762
2025-11-26 11:40:13.954749,s2-eth2,0.0029877471923828126,99.99701225280762
2025-11-26 11:40:13.954924,s3-eth2,0.0029877471923828126,99.99701225280762
2025-11-26 11:40:14.955871,s1-eth1,0.0029877471923828126,99.99701225280762
2025-11-26 11:40:14.955976,s2-eth2,0.0036279296875,99.9963720703125
2025-11-26 11:40:14.956137,s3-eth2,0.0036279296875,99.9963720703125
2025-11-26 11:40:15.956983,s1-eth1,0.0029877471923828126,99.99701225280762
2025-11-26 11:40:15.957087,s2-eth2,0.0029877471923828126,99.99701225280762
2025-11-26 11:40:15.957234,s3-eth2,0.0029877471923828126,99.99701225280762
2025-11-26 11:40:16.958127,s1-eth1,0.0042681884765625,99.99573181152344
2025-11-26 11:40:16.958232,s2-eth2,0.0036279296875,99.9963720703125
2025-11-26 11:40:16.958379,s3-eth2,0.0036279296875,99.9963720703125
2025-11-26 11:40:17.959271,s1-eth1,0.0029877471923828126,99.99701225280762
2025-11-26 11:40:17.959374,s2-eth2,0.0029877471923828126,99.99701225280762
2025-11-26 11:40:17.959520,s3-eth2,0.0029877471923828126,99.99701225280762
2025-11-26 11:40:18.960418,s1-eth1,0.0029877471923828126,99.99701225280762
2025-11-26 11:40:18.960522,s2-eth2,0.0029877471923828126,99.99701225280762
2025-11-26 11:40:18.960669,s3-eth2,0.0029877471923828126,99.99701225280762
2025-11-26 11:40:19.961662,s1-eth1,0.0029877471923828126,99.99701225280762
2025-11-26 11:40:19.961765,s2-eth2,0.0029877471923828126,99.99701225280762
2025-11-26 11:40:19.961913,s3-eth2,0.0029877471923828126,99.99701225280762
2025-11-26 11:40:20.962779,s1-eth1,0.0029877471923828126,99.99701225280762
2025-11-26 11:40:20.962898,s2-eth2,0.0029877471923828126,99.99701225280762
2025-11-26 11:40:20.963045,s3-eth2,0.0029877471923828126,99.99701225280762
2025-11-26 11:40:21.963934,s1-eth1,0.0029877471923828126,99.99701225280762
2025-11-26 11:40:21.964039,s2-eth2,0.0029877471923828126,99.99701225280762
2025-11-26 11:40:21.964186,s3-eth2,0.0029877471923828126,99.99701225280762
2025-11-26 11:40:22.965052,s1-eth1,0.0029877471923828126,99.99701225280762
2025-11-26 11:40:22.965156,s2-eth2,0.0029877471923828126,99.99701225280762
2025-11-26 11:40:22.965302,s3-eth2,0.0029877471923828126,99.99701225280762
2025-11-26 11:40:23.966149,s1-eth1,0.0029877471923828126,99.99701225280762
2025-11-26 11:40:23.966252,s2-eth2,0.0029877471923828126,99.99701225280762
2025-11-26 11:40:23.966398,s3-eth2,0.0029877471923828126,99.99701225280762
2025-11-26 11:40:24.967402,s1-eth1,0.0029877471923828126,99.99701225280762
2025-11-26 11:40:24.967505,s2-eth2,0.0029877471923828126,99.99701225280762
2025-11-26 11:40:24.967652,s3-eth2,0.0029877471923828126,99.99701225280762
2025-11-26 11:40:25.968513,s1-eth1,0.0029877471923828126,99.99701225280762
2025-11-26 11:40:25.968617,s2-eth2,0.0029877471923828126,99.99701225280762
2025-11-26 11:40:25.968764,s3-eth2,0.0029877471923828126,99.99701225280762
2025-11-26 11:40:26.969663,s1-eth1,0.0029877471923828126,99.99701225280762
2025-11-26 11:40:26.969766,s2-eth2,0.0029877471923828126,99.99701225280762
2025-11-26 11:40:26.969913,s3-eth2,0.0029877471923828126,99.99701225280762
2025-11-26 11:40:27.970780,s1-eth1,0.0029877471923828126,99.99701225280762
2025-11-26 11:40:27.970899,s2-eth2,0.0029877471923828126,99.99701225280762
2025-11-26 11:40:27.971046,s3-eth2,0.0029877471923828126,99.99701225280762
2025-11-26 11:40:28.971914,s1-eth1,0.0029877471923828126,99.99701225280762
2025-11-26 11:40:28.972016,s2-eth2,0.0029877471923828126,99.99701225280762
2025-11-26 11:40:28.972163,s3-eth2,0.0029877471923828126,99.99701225280762
2025-11-26 11:40:29.973074,s1-eth1,0.0029877471923828126,99.99701225280762
2025-11-26 11:40:29.973178,s2-eth2,0.0029877471923828126,99.99701225280762
2025-11-26 11:40:29.973324,s3-eth2,0.0029877471923828126,99.99701225280762
2025-11-26 11:40:30.974179,s1-eth1,0.0029877471923828126,99.99701225280762
2025-11-26 11:40:30.974282,s2-eth2,0.0029877471923828126,99.99701225280762
2025-11-26 11:40:30.974428,s3-eth2,0.0029877471923828126,99.99701225280762
2025-11-26 11:40:31.975338,s1-eth1,0.0029877471923828126,99.99701225280762
2025-11-26 11:40:31.975457,s2-eth2,0.0029877471923828126,99.99701225280762
2025-11-26 11:40:31.975605,s3-eth2,0.0029877471923828126,99.99701225280762
2025-11-26 11:40:32.976491,s1-eth1,0.0036279296875,99.9963720703125
2025-11-26 11:40:32.976611,s2-eth2,0.0029877471923828126,99.99701225280762
2025-11-26 11:40:32.976759,s3-eth2,0.0029877471923828126,99.99701225280762
2025-11-26 11:40:33.977613,s1-eth1,0.0029877471923828126,99.99701225280762
2025-11-26 11:40:33.977729,s2-eth2,0.0029877471923828126,99.99701225280762
2025-11-26 11:40:33.977877,s3-eth2,0.0029877471923828126,99.99701225280762
2025-11-26 11:40:34.978784,s1-eth1,0.0029877471923828126,99.99701225280762
2025-11-26 11:40:34.978957,s2-eth2,0.0029877471923828126,99.99701225280762
2025-11-26 11:40:34.979125,s3-eth2,0.0029877471923828126,99.99701225280762
2025-11-26 11:40:35.979989,s1-eth1,0.0029877471923828126,99.99701225280762
2025-11-26 11:40:35.980092,s2-eth2,0.0029877471923828126,99.99701225280762
2025-11-26 11:40:35.980254,s3-eth2,0.0029877471923828126,99.99701225280762
2025-11-26 11:40:36.981102,s1-eth1,0.0029877471923828126,99.99701225280762
2025-11-26 11:40:36.981207,s2-eth2,0.0029877471923828126,99.99701225280762
2025-11-26 11:40:36.981365,s3-eth2,0.0029877471923828126,99.99701225280762
2025-11-26 11:40:37.982217,s1-eth1,0.0029877471923828126,99.99701225280762
2025-11-26 11:40:37.982323,s2-eth2,0.0029877471923828126,99.99701225280762
2025-11-26 11:40:37.982469,s3-eth2,0.0029877471923828126,99.99701225280762
2025-11-26 11:40:38.983385,s1-eth1,0.0029877471923828126,99.99701225280762
2025-11-26 11:40:38.983488,s2-eth2,0.0029877471923828126,99.99701225280762
2025-11-26 11:40:38.983636,s3-eth2,0.0029877471923828126,99.99701225280762
2025-11-26 11:40:39.984610,s1-eth1,0.0036279296875,99.9963720703125
2025-11-26 11:40:39.984714,s2-eth2,0.0029877471923828126,99.99701225280762
2025-11-26 11:40:39.984862,s3-eth2,0.0029877471923828126,99.99701225280762
2025-11-26 11:40:40.985721,s1-eth1,0.0029877471923828126,99.99701225280762
2025-11-26 11:40:40.985824,s2-eth2,0.0029877471923828126,99.99701225280762
2025-11-26 11:40:40.985971,s3-eth2,0.0029877471923828126,99.99701225280762
2025-11-26 11:40:41.986839,s1-eth1,0.0029877471923828126,99.99701225280762
2025-11-26 11:40:41.986958,s2-eth2,0.0029877471923828126,99.99701225280762
2025-11-26 11:40:41.987105,s3-eth2,0.0029877471923828126,99.99701225280762
2025-11-26 11:40:42.987986,s1-eth1,0.0029877471923828126,99.99701225280762
2025-11-26 11:40:42.988090,s2-eth2,0.0029877471923828126,99.99701225280762
2025-11-26 11:40:42.988236,s3-eth2,0.0029877471923828126,99.99701225280762
2025-11-26 11:40:43.989109,s1-eth1,0.0029877471923828126,99.99701225280762
2025-11-26 11:40:43.989213,s2-eth2,0.0029877471923828126,99.99701225280762
2025-11-26 11:40:43.989360,s3-eth2,0.0029877471923828126,99.99701225280762
2025-11-26 11:40:44.990324,s1-eth1,0.0029877471923828126,99.99701225280762
2025-11-26 11:40:44.990427,s2-eth2,0.0029877471923828126,99.99701225280762
2025-11-26 11:40:44.990575,s3-eth2,0.0029877471923828126,99.99701225280762
2025-11-26 11:40:45.991454,s1-eth1,0.0029877471923828126,99.99701225280762
2025-11-26 11:40:45.991557,s2-eth2,0.0029877471923828126,99.99701225280762
2025-11-26 11:40:45.991704,s3-eth2,0.0029877471923828126,99.99701225280762
2025-11-26 11:40:46.992595,s1-eth1,0.0029877471923828126,99.99701225280762
2025-11-26 11:40:46.992698,s2-eth2,0.0029877471923828126,99.99701225280762
2025-11-26 11:40:46.992845,s3-eth2,0.0029877471923828126,99.99701225280762
2025-11-26 11:40:47.993922,s1-eth1,0.0029877471923828126,99.99701225280762
2025-11-26 11:40:47.994026,s2-eth2,0.0029877471923828126,99.99701225280762
2025-11-26 11:40:47.994173,s3-eth2,0.0029877471923828126,99.99701225280762
2025-11-26 11:40:48.995070,s1-eth1,0.0029877471923828126,99.99701225280762
2025-11-26 11:40:48.995173,s2-eth2,0.0029877471923828126,99.99701225280762
2025-11-26 11:40:48.995319,s3-eth2,0.0029877471923828126,99.99701225280762
2025-11-26 11:40:49.996250,s1-eth1,0.0029877471923828126,99.99701225280762
2025-11-26 11:40:49.996355,s2-eth2,0.0036279296875,99.9963720703125
2025-11-26 11:40:49.996502,s3-eth2,0.0036279296875,99.9963720703125
2025-11-26 11:40:50.997379,s1-eth1,0.0029877471923828126,99.99701225280762
2025-11-26 11:40:50.997483,s2-eth2,0.0029877471923828126,99.99701225280762
2025-11-26 11:40:50.997630,s3-eth2,0.0029877471923828126,99.99701225280762
2025-11-26 11:40:51.998523,s1-eth1,0.0029877471923828126,99.99701225280762
2025-11-26 11:40:51.998627,s2-eth2,0.0029877471923828126,99.99701225280762
2025-11-26 11:40:51.998774,s3-eth2,0.0029877471923828126,99.99701225280762
2025-11-26 11:40:52.999667,s1-eth1,0.0029877471923828126,99.99701225280762
2025-11-26 11:40:52.999785,s2-eth2,0.0029877471923828126,99.99701225280762
2025-11-26 11:40:52.999933,s3-eth2,0.0029877471923828126,99.99701225280762
2025-11-26 11:40:54.000796,s1-eth1,0.002984771728515625,99.99701522827148
2025-11-26 11:40:54.000913,s2-eth2,0.002984771728515625,99.99701522827148
2025-11-26 11:40:54.001060,s3-eth2,0.002984771728515625,99.99701522827148
2025-11-26 11:40:55.002006,s1-eth1,0.0029877471923828126,99.99701225280762
2025-11-26 11:40:55.002122,s2-eth2,0.0029877471923828126,99.99701225280762
2025-11-26 11:40:55.002269,s3-eth2,0.0029877471923828126,99.99701225280762
2025-11-26 11:40:56.003132,s1-eth1,0.0029877471923828126,99.99701225280762
2025-11-26 11:40:56.003235,s2-eth2,0.0029877471923828126,99.99701225280762
2025-11-26 11:40:56.003395,s3-eth2,0.0029877471923828126,99.99701225280762
2025-11-26 11:40:57.004266,s1-eth1,0.0029877471923828126,99.99701225280762
2025-11-26 11:40:57.004369,s2-eth2,0.0029877471923828126,99.99701225280762
2025-11-26 11:40:57.004531,s3-eth2,0.0029877471923828126,99.99701225280762
2025-11-26 11:40:58.005410,s1-eth1,0.0036279296875,99.9963720703125
2025-11-26 11:40:58.005514,s2-eth2,0.0036279296875,99.9963720703125
2025-11-26 11:40:58.005677,s3-eth2,0.0036279296875,99.9963720703125
2025-11-26 11:40:59.006537,s1-eth1,0.0029877471923828126,99.99701225280762
2025-11-26 11:40:59.006641,s2-eth2,0.0036279296875,99.9963720703125
2025-11-26 11:40:59.006787,s3-eth2,0.0036279296875,99.9963720703125
2025-11-26 11:41:00.007770,s1-eth1,0.0029877471923828126,99.99701225280762
2025-11-26 11:41:00.007874,s2-eth2,0.0029877471923828126,99.99701225280762
2025-11-26 11:41:00.008021,s3-eth2,0.0029877471923828126,99.99701225280762
2025-11-26 11:41:01.008901,s1-eth1,0.0029877471923828126,99.99701225280762
2025-11-26 11:41:01.009005,s2-eth2,0.0029877471923828126,99.99701225280762
2025-11-26 11:41:01.009152,s3-eth2,0.0029877471923828126,99.99701225280762
2025-11-26 11:41:02.010045,s1-eth1,0.0029877471923828126,99.99701225280762
2025-11-26 11:41:02.010148,s2-eth2,0.0029877471923828126,99.99701225280762
2025-11-26 11:41:02.010294,s3-eth2,0.0029877471923828126,99.99701225280762
2025-11-26 11:41:03.011269,s1-eth1,0.0029877471923828126,99.99701225280762
2025-11-26 11:41:03.011373,s2-eth2,0.0029877471923828126,99.99701225280762
2025-11-26 11:41:03.011520,s3-eth2,0.0029877471923828126,99.99701225280762
2025-11-26 11:41:04.012416,s1-eth1,0.0042681884765625,99.99573181152344
2025-11-26 11:41:04.012521,s2-eth2,0.0036279296875,99.9963720703125
2025-11-26 11:41:04.012668,s3-eth2,0.0036279296875,99.9963720703125
2025-11-26 11:41:05.013630,s1-eth1,0.0029877471923828126,99.99701225280762
2025-11-26 11:41:05.013733,s2-eth2,0.0029877471923828126,99.99701225280762
2025-11-26 11:41:05.013881,s3-eth2,0.0029877471923828126,99.99701225280762
2025-11-26 11:41:06.014768,s1-eth1,0.0029877471923828126,99.99701225280762
2025-11-26 11:41:06.014887,s2-eth2,0.0029877471923828126,99.99701225280762
2025-11-26 11:41:06.015035,s3-eth2,0.0029877471923828126,99.99701225280762
2025-11-26 11:41:07.015943,s1-eth1,0.0029877471923828126,99.99701225280762
2025-11-26 11:41:07.016048,s2-eth2,0.0029877471923828126,99.99701225280762
2025-11-26 11:41:07.016194,s3-eth2,0.0029877471923828126,99.99701225280762
2025-11-26 11:41:08.017085,s1-eth1,0.0029877471923828126,99.99701225280762
2025-11-26 11:41:08.017188,s2-eth2,0.0029877471923828126,99.99701225280762
2025-11-26 11:41:08.017336,s3-eth2,0.0029877471923828126,99.99701225280762
2025-11-26 11:41:09.018234,s1-eth1,0.0029877471923828126,99.99701225280762
2025-11-26 11:41:09.018337,s2-eth2,0.0029877471923828126,99.99701225280762
2025-11-26 11:41:09.018485,s3-eth2,0.0029877471923828126,99.99701225280762
2025-11-26 11:41:10.019459,s1-eth1,0.0036279296875,99.9963720703125
2025-11-26 11:41:10.019562,s2-eth2,0.0029877471923828126,99.99701225280762
2025-11-26 11:41:10.019709,s3-eth2,0.0029877471923828126,99.99701225280762
2025-11-26 11:41:11.020596,s1-eth1,0.0029877471923828126,99.99701225280762
2025-11-26 11:41:11.020701,s2-eth2,0.0029877471923828126,99.99701225280762
2025-11-26 11:41:11.020848,s3-eth2,0.0029877471923828126,99.99701225280762
2025-11-26 11:41:12.021760,s1-eth1,0.0029877471923828126,99.99701225280762
2025-11-26 11:41:12.021864,s2-eth2,0.0029877471923828126,99.99701225280762
2025-11-26 11:41:12.022011,s3-eth2,0.0029877471923828126,99.99701225280762
2025-11-26 11:41:13.022921,s1-eth1,0.0029877471923828126,99.99701225280762
2025-11-26 11:41:13.023025,s2-eth2,0.0029877471923828126,99.99701225280762
2025-11-26 11:41:13.023172,s3-eth2,0.0029877471923828126,99.99701225280762
2025-11-26 11:41:14.024033,s1-eth1,0.0029877471923828126,99.99701225280762
2025-11-26 11:41:14.024137,s2-eth2,0.0029877471923828126,99.99701225280762
2025-11-26 11:41:14.024283,s3-eth2,0.0029877471923828126,99.99701225280762
2025-11-26 11:41:15.025216,s1-eth1,0.0029877471923828126,99.99701225280762
2025-11-26 11:41:15.025333,s2-eth2,0.0029877471923828126,99.99701225280762
2025-11-26 11:41:15.025478,s3-eth2,0.0029877471923828126,99.99701225280762
2025-11-26 11:41:16.026320,s1-eth1,0.0029877471923828126,99.99701225280762
2025-11-26 11:41:16.026436,s2-eth2,0.0029877471923828126,99.99701225280762
2025-11-26 11:41:16.026582,s3-eth2,0.0029877471923828126,99.99701225280762
2025-11-26 11:41:17.027450,s1-eth1,0.0029877471923828126,99.99701225280762
2025-11-26 11:41:17.027566,s2-eth2,0.0029877471923828126,99.99701225280762
2025-11-26 11:41:17.027713,s3-eth2,0.0029877471923828126,99.99701225280762
2025-11-26 11:41:18.028565,s1-eth1,0.0029877471923828126,99.99701225280762
2025-11-26 11:41:18.028668,s2-eth2,0.0029877471923828126,99.99701225280762
2025-11-26 11:41:18.028828,s3-eth2,0.0029877471923828126,99.99701225280762
2025-11-26 11:41:19.029674,s1-eth1,0.0029877471923828126,99.99701225280762
2025-11-26 11:41:19.029778,s2-eth2,0.0029877471923828126,99.99701225280762
2025-11-26 11:41:19.029936,s3-eth2,0.0029877471923828126,99.99701225280762
2025-11-26 11:41:20.030873,s1-eth1,0.0029877471923828126,99.99701225280762
2025-11-26 11:41:20.030976,s2-eth2,0.0029877471923828126,99.99701225280762
2025-11-26 11:41:20.031134,s3-eth2,0.0029877471923828126,99.99701225280762
2025-11-26 11:41:21.031978,s1-eth1,0.0029877471923828126,99.99701225280762
2025-11-26 11:41:21.032080,s2-eth2,0.0029877471923828126,99.99701225280762
2025-11-26 11:41:21.032226,s3-eth2,0.0029877471923828126,99.99701225280762
2025-11-26 11:41:22.033142,s1-eth1,0.0029877471923828126,99.99701225280762
2025-11-26 11:41:22.033245,s2-eth2,0.0029877471923828126,99.99701225280762
2025-11-26 11:41:22.033391,s3-eth2,0.0029877471923828126,99.99701225280762
2025-11-26 11:41:23.034279,s1-eth1,0.0029877471923828126,99.99701225280762
2025-11-26 11:41:23.034384,s2-eth2,0.0029877471923828126,99.99701225280762
2025-11-26 11:41:23.034530,s3-eth2,0.0029877471923828126,99.99701225280762
2025-11-26 11:41:24.035398,s1-eth1,0.0029877471923828126,99.99701225280762
2025-11-26 11:41:24.035502,s2-eth2,0.0029877471923828126,99.99701225280762
2025-11-26 11:41:24.035649,s3-eth2,0.0029877471923828126,99.99701225280762
2025-11-26 11:41:25.036565,s1-eth1,0.0029877471923828126,99.99701225280762
2025-11-26 11:41:25.036669,s2-eth2,0.0029877471923828126,99.99701225280762
2025-11-26 11:41:25.036815,s3-eth2,0.0029877471923828126,99.99701225280762
2025-11-26 11:41:26.037675,s1-eth1,0.0029877471923828126,99.99701225280762
2025-11-26 11:41:26.037778,s2-eth2,0.0029877471923828126,99.99701225280762
2025-11-26 11:41:26.037925,s3-eth2,0.0029877471923828126,99.99701225280762
2025-11-26 11:41:27.038833,s1-eth1,0.0036279296875,99.9963720703125
2025-11-26 11:41:27.038953,s2-eth2,0.0029877471923828126,99.99701225280762
2025-11-26 11:41:27.039101,s3-eth2,0.0029877471923828126,99.99701225280762
2025-11-26 11:41:28.040003,s1-eth1,0.0029877471923828126,99.99701225280762
2025-11-26 11:41:28.040107,s2-eth2,0.0029877471923828126,99.99701225280762
2025-11-26 11:41:28.040254,s3-eth2,0.0029877471923828126,99.99701225280762
2025-11-26 11:41:29.041148,s1-eth1,0.0029877471923828126,99.99701225280762
2025-11-26 11:41:29.041251,s2-eth2,0.0029877471923828126,99.99701225280762
2025-11-26 11:41:29.041398,s3-eth2,0.0029877471923828126,99.99701225280762
2025-11-26 11:41:30.042336,s1-eth1,0.0029877471923828126,99.99701225280762
2025-11-26 11:41:30.042440,s2-eth2,0.0029877471923828126,99.99701225280762
2025-11-26 11:41:30.042586,s3-eth2,0.0029877471923828126,99.99701225280762
2025-11-26 11:41:31.043503,s1-eth1,0.0029877471923828126,99.99701225280762
2025-11-26 11:41:31.043605,s2-eth2,0.0029877471923828126,99.99701225280762
2025-11-26 11:41:31.043752,s3-eth2,0.0029877471923828126,99.99701225280762
2025-11-26 11:41:32.044664,s1-eth1,0.0029877471923828126,99.99701225280762
2025-11-26 11:41:32.044767,s2-eth2,0.0029877471923828126,99.99701225280762
2025-11-26 11:41:32.044915,s3-eth2,0.0029877471923828126,99.99701225280762
2025-11-26 11:41:33.045798,s1-eth1,0.0029877471923828126,99.99701225280762
2025-11-26 11:41:33.045902,s2-eth2,0.0029877471923828126,99.99701225280762
2025-11-26 11:41:33.046048,s3-eth2,0.0029877471923828126,99.99701225280762
2025-11-26 11:41:34.046964,s1-eth1,0.0029877471923828126,99.99701225280762
2025-11-26 11:41:34.047067,s2-eth2,0.0029877471923828126,99.99701225280762
2025-11-26 11:41:34.047214,s3-eth2,0.0029877471923828126,99.99701225280762
2025-11-26 11:41:35.048185,s1-eth1,0.0029877471923828126,99.99701225280762
2025-11-26 11:41:35.048289,s2-eth2,0.0036279296875,99.9963720703125
2025-11-26 11:41:35.048436,s3-eth2,0.0036279296875,99.9963720703125
2025-11-26 11:41:36.049315,s1-eth1,0.0029877471923828126,99.99701225280762
2025-11-26 11:41:36.049433,s2-eth2,0.0029877471923828126,99.99701225280762
2025-11-26 11:41:36.049581,s3-eth2,0.0029877471923828126,99.99701225280762
2025-11-26 11:41:37.050473,s1-eth1,0.0029877471923828126,99.99701225280762
2025-11-26 11:41:37.050597,s2-eth2,0.0029877471923828126,99.99701225280762
2025-11-26 11:41:37.050744,s3-eth2,0.0029877471923828126,99.99701225280762
2025-11-26 11:41:38.051659,s1-eth1,0.0029877471923828126,99.99701225280762
2025-11-26 11:41:38.051777,s2-eth2,0.0029877471923828126,99.99701225280762
2025-11-26 11:41:38.051925,s3-eth2,0.0029877471923828126,99.99701225280762
2025-11-26 11:41:39.052818,s1-eth1,0.0029877471923828126,99.99701225280762
2025-11-26 11:41:39.052921,s2-eth2,0.0029877471923828126,99.99701225280762
2025-11-26 11:41:39.053085,s3-eth2,0.0029877471923828126,99.99701225280762
2025-11-26 11:41:40.053963,s1-eth1,0.0029877471923828126,99.99701225280762
2025-11-26 11:41:40.054066,s2-eth2,0.0029877471923828126,99.99701225280762
2025-11-26 11:41:40.054229,s3-eth2,0.0029877471923828126,99.99701225280762
2025-11-26 11:41:41.055141,s1-eth1,0.0029877471923828126,99.99701225280762
2025-11-26 11:41:41.055246,s2-eth2,0.0029877471923828126,99.99701225280762
2025-11-26 11:41:41.055408,s3-eth2,0.0029877471923828126,99.99701225280762
2025-11-26 11:41:42.056395,s1-eth1,0.0029877471923828126,99.99701225280762
2025-11-26 11:41:42.056500,s2-eth2,0.0036279296875,99.9963720703125
2025-11-26 11:41:42.056648,s3-eth2,0.0036279296875,99.9963720703125
2025-11-26 11:41:43.057545,s1-eth1,0.0029877471923828126,99.99701225280762
2025-11-26 11:41:43.057649,s2-eth2,0.0029877471923828126,99.99701225280762
2025-11-26 11:41:43.057796,s3-eth2,0.0029877471923828126,99.99701225280762
2025-11-26 11:41:44.058677,s1-eth1,0.0029877471923828126,99.99701225280762
2025-11-26 11:41:44.058780,s2-eth2,0.0029877471923828126,99.99701225280762
2025-11-26 11:41:44.058943,s3-eth2,0.0029877471923828126,99.99701225280762
2025-11-26 11:41:45.059833,s1-eth1,0.0029877471923828126,99.99701225280762
2025-11-26 11:41:45.059937,s2-eth2,0.0029877471923828126,99.99701225280762
2025-11-26 11:41:45.060085,s3-eth2,0.0029877471923828126,99.99701225280762
2025-11-26 11:41:46.060964,s1-eth1,0.0029877471923828126,99.99701225280762
2025-11-26 11:41:46.061068,s2-eth2,0.0029877471923828126,99.99701225280762
2025-11-26 11:41:46.061216,s3-eth2,0.0029877471923828126,99.99701225280762
2025-11-26 11:41:47.062172,s1-eth1,0.0042681884765625,99.99573181152344
2025-11-26 11:41:47.062277,s2-eth2,0.0036279296875,99.9963720703125
2025-11-26 11:41:47.062424,s3-eth2,0.0036279296875,99.9963720703125
2025-11-26 11:41:48.063333,s1-eth1,0.0029877471923828126,99.99701225280762
2025-11-26 11:41:48.063437,s2-eth2,0.0029877471923828126,99.99701225280762
2025-11-26 11:41:48.063584,s3-eth2,0.0029877471923828126,99.99701225280762
2025-11-26 11:41:49.064493,s1-eth1,0.0029877471923828126,99.99701225280762
2025-11-26 11:41:49.064596,s2-eth2,0.0029877471923828126,99.99701225280762
2025-11-26 11:41:49.064743,s3-eth2,0.0029877471923828126,99.99701225280762
2025-11-26 11:41:50.065640,s1-eth1,0.0029877471923828126,99.99701225280762
2025-11-26 11:41:50.065743,s2-eth2,0.0029877471923828126,99.99701225280762
2025-11-26 11:41:50.065889,s3-eth2,0.0029877471923828126,99.99701225280762
2025-11-26 11:41:51.066779,s1-eth1,0.0042681884765625,99.99573181152344
2025-11-26 11:41:51.066899,s2-eth2,0.0036279296875,99.9963720703125
2025-11-26 11:41:51.067047,s3-eth2,0.0036279296875,99.9963720703125
2025-11-26 11:41:52.068008,s1-eth1,0.0029877471923828126,99.99701225280762
2025-11-26 11:41:52.068112,s2-eth2,0.0029877471923828126,99.99701225280762
2025-11-26 11:41:52.068259,s3-eth2,0.0029877471923828126,99.99701225280762
2025-11-26 11:41:53.069168,s1-eth1,0.0029877471923828126,99.99701225280762
2025-11-26 11:41:53.069273,s2-eth2,0.0029877471923828126,99.99701225280762
2025-11-26 11:41:53.069420,s3-eth2,0.0029877471923828126,99.99701225280762
2025-11-26 11:41:54.070304,s1-eth1,0.0029877471923828126,99.99701225280762
2025-11-26 11:41:54.070408,s2-eth2,0.0029877471923828126,99.99701225280762
2025-11-26 11:41:54.070555,s3-eth2,0.0029877471923828126,99.99701225280762
2025-11-26 11:41:55.071451,s1-eth1,0.0029877471923828126,99.99701225280762
2025-11-26 11:41:55.071555,s2-eth2,0.0029877471923828126,99.99701225280762
2025-11-26 11:41:55.071703,s3-eth2,0.0029877471923828126,99.99701225280762
2025-11-26 11:41:56.072584,s1-eth1,0.0029877471923828126,99.99701225280762
2025-11-26 11:41:56.072686,s2-eth2,0.0029877471923828126,99.99701225280762
2025-11-26 11:41:56.072833,s3-eth2,0.0029877471923828126,99.99701225280762
2025-11-26 11:41:57.073437,s1-eth1,0.00299072265625,99.99700927734375
2025-11-26 11:41:57.073483,s2-eth2,0.00299072265625,99.99700927734375
2025-11-26 11:41:57.073567,s3-eth2,0.00299072265625,99.99700927734375
2025-11-26 11:41:58.074101,s1-eth1,0.00299072265625,99.99700927734375
2025-11-26 11:41:58.074145,s2-eth2,0.00299072265625,99.99700927734375
2025-11-26 11:41:58.074199,s3-eth2,0.00299072265625,99.99700927734375
2025-11-26 11:41:59.074560,s1-eth1,0.00299072265625,99.99700927734375
2025-11-26 11:41:59.074604,s2-eth2,0.00299072265625,99.99700927734375
2025-11-26 11:41:59.074658,s3-eth2,0.00299072265625,99.99700927734375
2025-11-26 11:42:00.075373,s1-eth1,0.00299072265625,99.99700927734375
2025-11-26 11:42:00.075475,s2-eth2,0.00299072265625,99.99700927734375
2025-11-26 11:42:00.075638,s3-eth2,0.00299072265625,99.99700927734375
2025-11-26 11:42:01.076505,s1-eth1,0.0029877471923828126,99.99701225280762
2025-11-26 11:42:01.076608,s2-eth2,0.0029877471923828126,99.99701225280762
2025-11-26 11:42:01.076769,s3-eth2,0.0029877471923828126,99.99701225280762
2025-11-26 11:42:02.077724,s1-eth1,0.0029877471923828126,99.99701225280762
2025-11-26 11:42:02.077827,s2-eth2,0.0029877471923828126,99.99701225280762
2025-11-26 11:42:02.077991,s3-eth2,0.0029877471923828126,99.99701225280762
2025-11-26 11:42:03.078863,s1-eth1,0.0029877471923828126,99.99701225280762
2025-11-26 11:42:03.078969,s2-eth2,0.0029877471923828126,99.99701225280762
2025-11-26 11:42:03.079117,s3-eth2,0.0029877471923828126,99.99701225280762
2025-11-26 11:42:04.080001,s1-eth1,0.0029877471923828126,99.99701225280762
2025-11-26 11:42:04.080105,s2-eth2,0.0029877471923828126,99.99701225280762
2025-11-26 11:42:04.080251,s3-eth2,0.0029877471923828126,99.99701225280762
2025-11-26 11:42:05.081122,s1-eth1,0.0029877471923828126,99.99701225280762
2025-11-26 11:42:05.081225,s2-eth2,0.0029877471923828126,99.99701225280762
2025-11-26 11:42:05.081372,s3-eth2,0.0029877471923828126,99.99701225280762
2025-11-26 11:42:06.082233,s1-eth1,0.0029877471923828126,99.99701225280762
2025-11-26 11:42:06.082336,s2-eth2,0.0029877471923828126,99.99701225280762
2025-11-26 11:42:06.082482,s3-eth2,0.0029877471923828126,99.99701225280762
2025-11-26 11:42:07.083433,s1-eth1,0.0029877471923828126,99.99701225280762
2025-11-26 11:42:07.083537,s2-eth2,0.0029877471923828126,99.99701225280762
2025-11-26 11:42:07.083683,s3-eth2,0.0029877471923828126,99.99701225280762
2025-11-26 11:42:08.084595,s1-eth1,0.0029877471923828126,99.99701225280762
2025-11-26 11:42:08.084699,s2-eth2,0.0029877471923828126,99.99701225280762
2025-11-26 11:42:08.084846,s3-eth2,0.0029877471923828126,99.99701225280762
2025-11-26 11:42:09.085749,s1-eth1,0.0029877471923828126,99.99701225280762
2025-11-26 11:42:09.085851,s2-eth2,0.0029877471923828126,99.99701225280762
2025-11-26 11:42:09.085998,s3-eth2,0.0029877471923828126,99.99701225280762
2025-11-26 11:42:10.086912,s1-eth1,0.0029877471923828126,99.99701225280762
2025-11-26 11:42:10.087017,s2-eth2,0.0029877471923828126,99.99701225280762
2025-11-26 11:42:10.087166,s3-eth2,0.0029877471923828126,99.99701225280762
2025-11-26 11:42:11.088067,s1-eth1,0.0029877471923828126,99.99701225280762
2025-11-26 11:42:11.088170,s2-eth2,0.0029877471923828126,99.99701225280762
2025-11-26 11:42:11.088317,s3-eth2,0.0029877471923828126,99.99701225280762
2025-11-26 11:42:12.089318,s1-eth1,0.0029877471923828126,99.99701225280762
2025-11-26 11:42:12.089420,s2-eth2,0.0029877471923828126,99.99701225280762
2025-11-26 11:42:12.089567,s3-eth2,0.0029877471923828126,99.99701225280762
2025-11-26 11:42:13.090462,s1-eth1,0.0029877471923828126,99.99701225280762
2025-11-26 11:42:13.090565,s2-eth2,0.0029877471923828126,99.99701225280762
2025-11-26 11:42:13.090711,s3-eth2,0.0029877471923828126,99.99701225280762
2025-11-26 11:42:14.091630,s1-eth1,0.0036279296875,99.9963720703125
2025-11-26 11:42:14.091734,s2-eth2,0.0029877471923828126,99.99701225280762
2025-11-26 11:42:14.091882,s3-eth2,0.0029877471923828126,99.99701225280762
2025-11-26 11:42:15.092766,s1-eth1,0.0029877471923828126,99.99701225280762
2025-11-26 11:42:15.092869,s2-eth2,0.0029877471923828126,99.99701225280762
2025-11-26 11:42:15.093017,s3-eth2,0.0029877471923828126,99.99701225280762
2025-11-26 11:42:16.093903,s1-eth1,0.0029877471923828126,99.99701225280762
2025-11-26 11:42:16.094007,s2-eth2,0.0029877471923828126,99.99701225280762
2025-11-26 11:42:16.094154,s3-eth2,0.0029877471923828126,99.99701225280762
2025-11-26 11:42:17.095124,s1-eth1,0.0029877471923828126,99.99701225280762
2025-11-26 11:42:17.095228,s2-eth2,0.0029877471923828126,99.99701225280762
2025-11-26 11:42:17.095374,s3-eth2,0.0029877471923828126,99.99701225280762
2025-11-26 11:42:18.096246,s1-eth1,0.0029877471923828126,99.99701225280762
2025-11-26 11:42:18.096365,s2-eth2,0.0029877471923828126,99.99701225280762
2025-11-26 11:42:18.096513,s3-eth2,0.0029877471923828126,99.99701225280762
2025-11-26 11:42:19.097391,s1-eth1,0.0029877471923828126,99.99701225280762
2025-11-26 11:42:19.097509,s2-eth2,0.0029877471923828126,99.99701225280762
2025-11-26 11:42:19.097656,s3-eth2,0.0029877471923828126,99.99701225280762
2025-11-26 11:42:20.098542,s1-eth1,0.0029877471923828126,99.99701225280762
2025-11-26 11:42:20.098658,s2-eth2,0.0036279296875,99.9963720703125
2025-11-26 11:42:20.098806,s3-eth2,0.0036279296875,99.9963720703125
2025-11-26 11:42:21.099704,s1-eth1,0.0029877471923828126,99.99701225280762
2025-11-26 11:42:21.099807,s2-eth2,0.0029877471923828126,99.99701225280762
2025-11-26 11:42:21.099971,s3-eth2,0.0029877471923828126,99.99701225280762
2025-11-26 11:42:22.100916,s1-eth1,0.0029877471923828126,99.99701225280762
2025-11-26 11:42:22.101019,s2-eth2,0.0029877471923828126,99.99701225280762
2025-11-26 11:42:22.101183,s3-eth2,0.0029877471923828126,99.99701225280762
2025-11-26 11:42:23.102048,s1-eth1,0.0029877471923828126,99.99701225280762
2025-11-26 11:42:23.102152,s2-eth2,0.0029877471923828126,99.99701225280762
2025-11-26 11:42:23.102314,s3-eth2,0.0029877471923828126,99.99701225280762
2025-11-26 11:42:24.103227,s1-eth1,0.0036279296875,99.9963720703125
2025-11-26 11:42:24.103331,s2-eth2,0.0029877471923828126,99.99701225280762
2025-11-26 11:42:24.103479,s3-eth2,0.0029877471923828126,99.99701225280762
2025-11-26 11:42:25.104025,s1-eth1,0.00299072265625,99.99700927734375
2025-11-26 11:42:25.104063,s2-eth2,0.00299072265625,99.99700927734375
2025-11-26 11:42:25.104118,s3-eth2,0.00299072265625,99.99700927734375
2025-11-26 11:42:26.104478,s1-eth1,0.00299072265625,99.99700927734375
2025-11-26 11:42:26.104516,s2-eth2,0.00299072265625,99.99700927734375
2025-11-26 11:42:26.104570,s3-eth2,0.00299072265625,99.99700927734375
2025-11-26 11:42:27.104991,s1-eth1,0.00299072265625,99.99700927734375
2025-11-26 11:42:27.105029,s2-eth2,0.00299072265625,99.99700927734375
2025-11-26 11:42:27.105083,s3-eth2,0.00299072265625,99.99700927734375
2025-11-26 11:42:28.105448,s1-eth1,0.00299072265625,99.99700927734375
2025-11-26 11:42:28.105486,s2-eth2,0.00299072265625,99.99700927734375
2025-11-26 11:42:28.105540,s3-eth2,0.00299072265625,99.99700927734375
2025-11-26 11:42:29.106268,s1-eth1,0.00299072265625,99.99700927734375
2025-11-26 11:42:29.106371,s2-eth2,0.003631591796875,99.99636840820312
2025-11-26 11:42:29.106518,s3-eth2,0.003631591796875,99.99636840820312
2025-11-26 11:42:30.107076,s1-eth1,0.00299072265625,99.99700927734375
2025-11-26 11:42:30.107114,s2-eth2,0.00299072265625,99.99700927734375
2025-11-26 11:42:30.107169,s3-eth2,0.00299072265625,99.99700927734375
2025-11-26 11:42:31.107538,s1-eth1,0.00299072265625,99.99700927734375
2025-11-26 11:42:31.107576,s2-eth2,0.00299072265625,99.99700927734375
2025-11-26 11:42:31.107631,s3-eth2,0.00299072265625,99.99700927734375
2025-11-26 11:42:32.108077,s1-eth1,0.00299072265625,99.99700927734375
2025-11-26 11:42:32.108115,s2-eth2,0.00299072265625,99.99700927734375
2025-11-26 11:42:32.108170,s3-eth2,0.00299072265625,99.99700927734375
2025-11-26 11:42:33.108538,s1-eth1,0.00299072265625,99.99700927734375
2025-11-26 11:42:33.108576,s2-eth2,0.00299072265625,99.99700927734375
2025-11-26 11:42:33.108630,s3-eth2,0.00299072265625,99.99700927734375
2025-11-26 11:42:34.108995,s1-eth1,0.00299072265625,99.99700927734375
2025-11-26 11:42:34.109033,s2-eth2,0.00299072265625,99.99700927734375
2025-11-26 11:42:34.109088,s3-eth2,0.00299072265625,99.99700927734375
2025-11-26 11:42:35.109783,s1-eth1,0.00299072265625,99.99700927734375
2025-11-26 11:42:35.109885,s2-eth2,0.00299072265625,99.99700927734375
2025-11-26 11:42:35.110031,s3-eth2,0.00299072265625,99.99700927734375
2025-11-26 11:42:36.110919,s1-eth1,0.0042681884765625,99.99573181152344
2025-11-26 11:42:36.111023,s2-eth2,0.0036279296875,99.9963720703125
2025-11-26 11:42:36.111171,s3-eth2,0.0036279296875,99.9963720703125
2025-11-26 11:42:37.112157,s1-eth1,0.0029877471923828126,99.99701225280762
2025-11-26 11:42:37.112261,s2-eth2,0.0029877471923828126,99.99701225280762
2025-11-26 11:42:37.112407,s3-eth2,0.0029877471923828126,99.99701225280762
2025-11-26 11:42:38.113278,s1-eth1,0.0036279296875,99.9963720703125
2025-11-26 11:42:38.113382,s2-eth2,0.0036279296875,99.9963720703125
2025-11-26 11:42:38.113529,s3-eth2,0.0036279296875,99.9963720703125
2025-11-26 11:42:39.114388,s1-eth1,0.0029877471923828126,99.99701225280762
2025-11-26 11:42:39.114492,s2-eth2,0.0029877471923828126,99.99701225280762
2025-11-26 11:42:39.114639,s3-eth2,0.0029877471923828126,99.99701225280762
2025-11-26 11:42:40.115533,s1-eth1,0.0029877471923828126,99.99701225280762
2025-11-26 11:42:40.115652,s2-eth2,0.0029877471923828126,99.99701225280762
2025-11-26 11:42:40.115799,s3-eth2,0.0029877471923828126,99.99701225280762
2025-11-26 11:42:41.116656,s1-eth1,0.0029877471923828126,99.99701225280762
2025-11-26 11:42:41.116773,s2-eth2,0.0029877471923828126,99.99701225280762
2025-11-26 11:42:41.116921,s3-eth2,0.0029877471923828126,99.99701225280762
2025-11-26 11:42:42.117912,s1-eth1,0.0029877471923828126,99.99701225280762
2025-11-26 11:42:42.118030,s2-eth2,0.0029877471923828126,99.99701225280762
2025-11-26 11:42:42.118178,s3-eth2,0.0029877471923828126,99.99701225280762
2025-11-26 11:42:43.118711,s1-eth1,0.00299072265625,99.99700927734375
2025-11-26 11:42:43.118749,s2-eth2,0.00299072265625,99.99700927734375
2025-11-26 11:42:43.118809,s3-eth2,0.00299072265625,99.99700927734375
2025-11-26 11:42:44.119174,s1-eth1,0.00299072265625,99.99700927734375
2025-11-26 11:42:44.119212,s2-eth2,0.00299072265625,99.99700927734375
2025-11-26 11:42:44.119271,s3-eth2,0.00299072265625,99.99700927734375
2025-11-26 11:42:45.119627,s1-eth1,0.00299072265625,99.99700927734375
2025-11-26 11:42:45.119665,s2-eth2,0.00299072265625,99.99700927734375
2025-11-26 11:42:45.119727,s3-eth2,0.00299072265625,99.99700927734375
2025-11-26 11:42:46.120080,s1-eth1,0.00299072265625,99.99700927734375
2025-11-26 11:42:46.120117,s2-eth2,0.00299072265625,99.99700927734375
2025-11-26 11:42:46.120172,s3-eth2,0.00299072265625,99.99700927734375
2025-11-26 11:42:47.120556,s1-eth1,0.00299072265625,99.99700927734375
2025-11-26 11:42:47.120594,s2-eth2,0.00299072265625,99.99700927734375
2025-11-26 11:42:47.120648,s3-eth2,0.00299072265625,99.99700927734375
2025-11-26 11:42:48.121015,s1-eth1,0.00299072265625,99.99700927734375
2025-11-26 11:42:48.121052,s2-eth2,0.00299072265625,99.99700927734375
2025-11-26 11:42:48.121106,s3-eth2,0.00299072265625,99.99700927734375
2025-11-26 11:42:49.121469,s1-eth1,0.00299072265625,99.99700927734375
2025-11-26 11:42:49.121507,s2-eth2,0.00299072265625,99.99700927734375
2025-11-26 11:42:49.121561,s3-eth2,0.00299072265625,99.99700927734375
2025-11-26 11:42:50.121927,s1-eth1,0.00299072265625,99.99700927734375
2025-11-26 11:42:50.121965,s2-eth2,0.00299072265625,99.99700927734375
2025-11-26 11:42:50.122020,s3-eth2,0.00299072265625,99.99700927734375
2025-11-26 11:42:51.122384,s1-eth1,0.00299072265625,99.99700927734375
2025-11-26 11:42:51.122422,s2-eth2,0.00299072265625,99.99700927734375
2025-11-26 11:42:51.122477,s3-eth2,0.00299072265625,99.99700927734375
2025-11-26 11:42:52.122920,s1-eth1,0.00299072265625,99.99700927734375
2025-11-26 11:42:52.122958,s2-eth2,0.00299072265625,99.99700927734375
2025-11-26 11:42:52.123013,s3-eth2,0.00299072265625,99.99700927734375
2025-11-26 11:42:53.123382,s1-eth1,0.00299072265625,99.99700927734375
2025-11-26 11:42:53.123420,s2-eth2,0.00299072265625,99.99700927734375
2025-11-26 11:42:53.123474,s3-eth2,0.00299072265625,99.99700927734375
2025-11-26 11:42:54.123837,s1-eth1,0.00299072265625,99.99700927734375
2025-11-26 11:42:54.123875,s2-eth2,0.00299072265625,99.99700927734375
2025-11-26 11:42:54.123929,s3-eth2,0.00299072265625,99.99700927734375
2025-11-26 11:42:55.124294,s1-eth1,0.003631591796875,99.99636840820312
2025-11-26 11:42:55.124332,s2-eth2,0.00299072265625,99.99700927734375
2025-11-26 11:42:55.124386,s3-eth2,0.00299072265625,99.99700927734375
2025-11-26 11:42:56.124747,s1-eth1,0.00299072265625,99.99700927734375
2025-11-26 11:42:56.124785,s2-eth2,0.00299072265625,99.99700927734375
2025-11-26 11:42:56.124838,s3-eth2,0.00299072265625,99.99700927734375
2025-11-26 11:42:57.125670,s1-eth1,0.00299072265625,99.99700927734375
2025-11-26 11:42:57.125772,s2-eth2,0.00299072265625,99.99700927734375
2025-11-26 11:42:57.125921,s3-eth2,0.0029877471923828126,99.99701225280762
2025-11-26 11:42:58.126795,s1-eth1,0.0029877471923828126,99.99701225280762
2025-11-26 11:42:58.126911,s2-eth2,0.0029877471923828126,99.99701225280762
2025-11-26 11:42:58.127058,s3-eth2,0.0029877471923828126,99.99701225280762
2025-11-26 11:42:59.127934,s1-eth1,0.0042681884765625,99.99573181152344
2025-11-26 11:42:59.128038,s2-eth2,0.0036279296875,99.9963720703125
2025-11-26 11:42:59.128184,s3-eth2,0.0036279296875,99.9963720703125
2025-11-26 11:43:00.129045,s1-eth1,0.0029877471923828126,99.99701225280762
2025-11-26 11:43:00.129150,s2-eth2,0.0029877471923828126,99.99701225280762
2025-11-26 11:43:00.129297,s3-eth2,0.0029877471923828126,99.99701225280762
2025-11-26 11:43:01.130146,s1-eth1,0.0029877471923828126,99.99701225280762
2025-11-26 11:43:01.130269,s2-eth2,0.0029877471923828126,99.99701225280762
2025-11-26 11:43:01.130414,s3-eth2,0.0029877471923828126,99.99701225280762
2025-11-26 11:43:02.131419,s1-eth1,0.0029877471923828126,99.99701225280762
2025-11-26 11:43:02.131537,s2-eth2,0.0029877471923828126,99.99701225280762
2025-11-26 11:43:02.131684,s3-eth2,0.0029877471923828126,99.99701225280762
2025-11-26 11:43:03.132544,s1-eth1,0.0029877471923828126,99.99701225280762
2025-11-26 11:43:03.132660,s2-eth2,0.0029877471923828126,99.99701225280762
2025-11-26 11:43:03.132808,s3-eth2,0.0029877471923828126,99.99701225280762
2025-11-26 11:43:04.133655,s1-eth1,0.0029877471923828126,99.99701225280762
2025-11-26 11:43:04.133758,s2-eth2,0.0029877471923828126,99.99701225280762
2025-11-26 11:43:04.133918,s3-eth2,0.0029877471923828126,99.99701225280762
2025-11-26 11:43:05.134784,s1-eth1,0.0029877471923828126,99.99701225280762
2025-11-26 11:43:05.134910,s2-eth2,0.0036279296875,99.9963720703125
2025-11-26 11:43:05.135074,s3-eth2,0.0036279296875,99.9963720703125
2025-11-26 11:43:06.135927,s1-eth1,0.0029877471923828126,99.99701225280762
2025-11-26 11:43:06.136030,s2-eth2,0.0029877471923828126,99.99701225280762
2025-11-26 11:43:06.136191,s3-eth2,0.0029877471923828126,99.99701225280762
2025-11-26 11:43:07.137150,s1-eth1,0.0029877471923828126,99.99701225280762
2025-11-26 11:43:07.137254,s2-eth2,0.0029877471923828126,99.99701225280762
2025-11-26 11:43:07.137401,s3-eth2,0.0029877471923828126,99.99701225280762
2025-11-26 11:43:08.138266,s1-eth1,0.0029877471923828126,99.99701225280762
2025-11-26 11:43:08.138370,s2-eth2,0.0029877471923828126,99.99701225280762
2025-11-26 11:43:08.138516,s3-eth2,0.0029877471923828126,99.99701225280762
2025-11-26 11:43:09.139378,s1-eth1,0.0029877471923828126,99.99701225280762
2025-11-26 11:43:09.139482,s2-eth2,0.0029877471923828126,99.99701225280762
2025-11-26 11:43:09.139628,s3-eth2,0.0029877471923828126,99.99701225280762
2025-11-26 11:43:10.140488,s1-eth1,0.0029877471923828126,99.99701225280762
2025-11-26 11:43:10.140592,s2-eth2,0.0029877471923828126,99.99701225280762
2025-11-26 11:43:10.140738,s3-eth2,0.0029877471923828126,99.99701225280762
2025-11-26 11:43:11.141635,s1-eth1,0.0036279296875,99.9963720703125
2025-11-26 11:43:11.141740,s2-eth2,0.0036279296875,99.9963720703125
2025-11-26 11:43:11.141887,s3-eth2,0.0036279296875,99.9963720703125
2025-11-26 11:43:12.142453,s1-eth1,0.00299072265625,99.99700927734375
2025-11-26 11:43:12.142490,s2-eth2,0.00299072265625,99.99700927734375
2025-11-26 11:43:12.142547,s3-eth2,0.00299072265625,99.99700927734375
2025-11-26 11:43:13.143406,s1-eth1,0.00299072265625,99.99700927734375
2025-11-26 11:43:13.143509,s2-eth2,0.0029877471923828126,99.99701225280762
2025-11-26 11:43:13.143656,s3-eth2,0.0029877471923828126,99.99701225280762
2025-11-26 11:43:14.144193,s1-eth1,0.00299072265625,99.99700927734375
2025-11-26 11:43:14.144230,s2-eth2,0.00299072265625,99.99700927734375
2025-11-26 11:43:14.144284,s3-eth2,0.00299072265625,99.99700927734375
2025-11-26 11:43:15.145014,s1-eth1,0.00299072265625,99.99700927734375
2025-11-26 11:43:15.145116,s2-eth2,0.00299072265625,99.99700927734375
2025-11-26 11:43:15.145263,s3-eth2,0.00299072265625,99.99700927734375
2025-11-26 11:43:16.145802,s1-eth1,0.00299072265625,99.99700927734375
2025-11-26 11:43:16.145839,s2-eth2,0.00299072265625,99.99700927734375
2025-11-26 11:43:16.145894,s3-eth2,0.00299072265625,99.99700927734375
2025-11-26 11:43:17.146721,s1-eth1,0.00299072265625,99.99700927734375
2025-11-26 11:43:17.146822,s2-eth2,0.00299072265625,99.99700927734375
2025-11-26 11:43:17.146984,s3-eth2,0.0029877471923828126,99.99701225280762
2025-11-26 11:43:18.147726,s1-eth1,0.0029877471923828126,99.99701225280762
2025-11-26 11:43:18.147829,s2-eth2,0.0029877471923828126,99.99701225280762
2025-11-26 11:43:18.147976,s3-eth2,0.00299072265625,99.99700927734375
2025-11-26 11:43:19.149053,s1-eth1,0.0029877471923828126,99.99701225280762
2025-11-26 11:43:19.149159,s2-eth2,0.0033078765869140624,99.99669212341308
2025-11-26 11:43:19.149308,s3-eth2,0.0033078765869140624,99.99669212341308
2025-11-26 11:43:20.149857,s1-eth1,0.00299072265625,99.99700927734375
2025-11-26 11:43:20.149895,s2-eth2,0.0033111572265625,99.99668884277344
2025-11-26 11:43:20.149949,s3-eth2,0.0033111572265625,99.99668884277344
2025-11-26 11:43:21.150666,s1-eth1,0.0042724609375,99.9957275390625
2025-11-26 11:43:21.150768,s2-eth2,0.003631591796875,99.99636840820312
2025-11-26 11:43:21.150953,s3-eth2,0.0036279296875,99.9963720703125
2025-11-26 11:43:22.151971,s1-eth1,0.0029877471923828126,99.99701225280762
2025-11-26 11:43:22.152075,s2-eth2,0.0029877471923828126,99.99701225280762
2025-11-26 11:43:22.152222,s3-eth2,0.0029877471923828126,99.99701225280762
2025-11-26 11:43:23.153102,s1-eth1,0.0029877471923828126,99.99701225280762
2025-11-26 11:43:23.153221,s2-eth2,0.0029877471923828126,99.99701225280762
2025-11-26 11:43:23.153368,s3-eth2,0.0029877471923828126,99.99701225280762
2025-11-26 11:43:24.154237,s1-eth1,0.0029877471923828126,99.99701225280762
2025-11-26 11:43:24.154356,s2-eth2,0.0029877471923828126,99.99701225280762
2025-11-26 11:43:24.154503,s3-eth2,0.0029877471923828126,99.99701225280762
2025-11-26 11:43:25.155430,s1-eth1,0.0036279296875,99.9963720703125
2025-11-26 11:43:25.155550,s2-eth2,0.0029877471923828126,99.99701225280762
2025-11-26 11:43:25.155698,s3-eth2,0.0029877471923828126,99.99701225280762
2025-11-26 11:43:26.156582,s1-eth1,0.0029877471923828126,99.99701225280762
2025-11-26 11:43:26.156686,s2-eth2,0.0029877471923828126,99.99701225280762
2025-11-26 11:43:26.156849,s3-eth2,0.0029877471923828126,99.99701225280762
2025-11-26 11:43:27.157834,s1-eth1,0.0029877471923828126,99.99701225280762
2025-11-26 11:43:27.157937,s2-eth2,0.0029877471923828126,99.99701225280762
2025-11-26 11:43:27.158098,s3-eth2,0.0029877471923828126,99.99701225280762
2025-11-26 11:43:28.158978,s1-eth1,0.0029877471923828126,99.99701225280762
2025-11-26 11:43:28.159082,s2-eth2,0.0029877471923828126,99.99701225280762
2025-11-26 11:43:28.159243,s3-eth2,0.0029877471923828126,99.99701225280762
2025-11-26 11:43:29.160123,s1-eth1,0.0029877471923828126,99.99701225280762
2025-11-26 11:43:29.160227,s2-eth2,0.0029877471923828126,99.99701225280762
2025-11-26 11:43:29.160374,s3-eth2,0.0029877471923828126,99.99701225280762
2025-11-26 11:43:30.161274,s1-eth1,0.0029877471923828126,99.99701225280762
2025-11-26 11:43:30.161378,s2-eth2,0.0029877471923828126,99.99701225280762
2025-11-26 11:43:30.161526,s3-eth2,0.0029877471923828126,99.99701225280762
2025-11-26 11:43:31.162428,s1-eth1,0.0029877471923828126,99.99701225280762
2025-11-26 11:43:31.162531,s2-eth2,0.0029877471923828126,99.99701225280762
2025-11-26 11:43:31.162678,s3-eth2,0.0029877471923828126,99.99701225280762
2025-11-26 11:43:32.163690,s1-eth1,0.0029877471923828126,99.99701225280762
2025-11-26 11:43:32.163793,s2-eth2,0.0029877471923828126,99.99701225280762
2025-11-26 11:43:32.163941,s3-eth2,0.0029877471923828126,99.99701225280762
2025-11-26 11:43:33.164825,s1-eth1,0.0029877471923828126,99.99701225280762
2025-11-26 11:43:33.164928,s2-eth2,0.0029877471923828126,99.99701225280762
2025-11-26 11:43:33.165076,s3-eth2,0.0029877471923828126,99.99701225280762
2025-11-26 11:43:34.165974,s1-eth1,0.0029877471923828126,99.99701225280762
2025-11-26 11:43:34.166077,s2-eth2,0.0029877471923828126,99.99701225280762
2025-11-26 11:43:34.166224,s3-eth2,0.0029877471923828126,99.99701225280762
2025-11-26 11:43:35.167126,s1-eth1,0.0029877471923828126,99.99701225280762
2025-11-26 11:43:35.167230,s2-eth2,0.0029877471923828126,99.99701225280762
2025-11-26 11:43:35.167376,s3-eth2,0.0029877471923828126,99.99701225280762
2025-11-26 11:43:36.168271,s1-eth1,0.0029877471923828126,99.99701225280762
2025-11-26 11:43:36.168376,s2-eth2,0.0029877471923828126,99.99701225280762
2025-11-26 11:43:36.168524,s3-eth2,0.0029877471923828126,99.99701225280762
2025-11-26 11:43:37.169503,s1-eth1,0.0029877471923828126,99.99701225280762
2025-11-26 11:43:37.169607,s2-eth2,0.0029877471923828126,99.99701225280762
2025-11-26 11:43:37.169753,s3-eth2,0.0029877471923828126,99.99701225280762
2025-11-26 11:43:38.170636,s1-eth1,0.0029877471923828126,99.99701225280762
2025-11-26 11:43:38.170739,s2-eth2,0.0029877471923828126,99.99701225280762
2025-11-26 11:43:38.170900,s3-eth2,0.0029877471923828126,99.99701225280762
2025-11-26 11:43:39.171772,s1-eth1,0.0029877471923828126,99.99701225280762
2025-11-26 11:43:39.171876,s2-eth2,0.0029877471923828126,99.99701225280762
2025-11-26 11:43:39.172023,s3-eth2,0.0029877471923828126,99.99701225280762
2025-11-26 11:43:40.172907,s1-eth1,0.0029877471923828126,99.99701225280762
2025-11-26 11:43:40.173012,s2-eth2,0.0029877471923828126,99.99701225280762
2025-11-26 11:43:40.173159,s3-eth2,0.0029877471923828126,99.99701225280762
2025-11-26 11:43:41.174037,s1-eth1,0.0029877471923828126,99.99701225280762
2025-11-26 11:43:41.174141,s2-eth2,0.0029877471923828126,99.99701225280762
2025-11-26 11:43:41.174288,s3-eth2,0.0029877471923828126,99.99701225280762
2025-11-26 11:43:42.175291,s1-eth1,0.0029877471923828126,99.99701225280762
2025-11-26 11:43:42.175394,s2-eth2,0.0029877471923828126,99.99701225280762
2025-11-26 11:43:42.175540,s3-eth2,0.0029877471923828126,99.99701225280762
2025-11-26 11:43:43.176413,s1-eth1,0.0029877471923828126,99.99701225280762
2025-11-26 11:43:43.176517,s2-eth2,0.0029877471923828126,99.99701225280762
2025-11-26 11:43:43.176664,s3-eth2,0.0029877471923828126,99.99701225280762
2025-11-26 11:43:44.177555,s1-eth1,0.004908447265625,99.99509155273438
2025-11-26 11:43:44.177675,s2-eth2,0.0042681884765625,99.99573181152344
2025-11-26 11:43:44.177824,s3-eth2,0.0042681884765625,99.99573181152344
2025-11-26 11:43:45.178711,s1-eth1,0.0029877471923828126,99.99701225280762
2025-11-26 11:43:45.178830,s2-eth2,0.0029877471923828126,99.99701225280762
2025-11-26 11:43:45.178992,s3-eth2,0.0029877471923828126,99.99701225280762
2025-11-26 11:43:46.179858,s1-eth1,0.0029877471923828126,99.99701225280762
2025-11-26 11:43:46.179975,s2-eth2,0.0029877471923828126,99.99701225280762
2025-11-26 11:43:46.180121,s3-eth2,0.0029877471923828126,99.99701225280762
2025-11-26 11:43:47.181110,s1-eth1,0.0029877471923828126,99.99701225280762
2025-11-26 11:43:47.181215,s2-eth2,0.0029877471923828126,99.99701225280762
2025-11-26 11:43:47.181377,s3-eth2,0.0029877471923828126,99.99701225280762
2025-11-26 11:43:48.182256,s1-eth1,0.0029877471923828126,99.99701225280762
2025-11-26 11:43:48.182361,s2-eth2,0.0029877471923828126,99.99701225280762
2025-11-26 11:43:48.182524,s3-eth2,0.0029877471923828126,99.99701225280762
2025-11-26 11:43:49.183371,s1-eth1,0.0029877471923828126,99.99701225280762
2025-11-26 11:43:49.183475,s2-eth2,0.0029877471923828126,99.99701225280762
2025-11-26 11:43:49.183633,s3-eth2,0.0029877471923828126,99.99701225280762
2025-11-26 11:43:50.184480,s1-eth1,0.0029877471923828126,99.99701225280762
2025-11-26 11:43:50.184585,s2-eth2,0.0036279296875,99.9963720703125
2025-11-26 11:43:50.184731,s3-eth2,0.0036279296875,99.9963720703125
2025-11-26 11:43:51.185587,s1-eth1,0.0029877471923828126,99.99701225280762
2025-11-26 11:43:51.185690,s2-eth2,0.0029877471923828126,99.99701225280762
2025-11-26 11:43:51.185836,s3-eth2,0.0029877471923828126,99.99701225280762
2025-11-26 11:43:52.186784,s1-eth1,0.0029877471923828126,99.99701225280762
2025-11-26 11:43:52.186900,s2-eth2,0.0029877471923828126,99.99701225280762
2025-11-26 11:43:52.187051,s3-eth2,0.0029877471923828126,99.99701225280762
2025-11-26 11:43:53.187904,s1-eth1,0.0029877471923828126,99.99701225280762
2025-11-26 11:43:53.188007,s2-eth2,0.0029877471923828126,99.99701225280762
2025-11-26 11:43:53.188154,s3-eth2,0.0029877471923828126,99.99701225280762
2025-11-26 11:43:54.188994,s1-eth1,0.0029877471923828126,99.99701225280762
2025-11-26 11:43:54.189097,s2-eth2,0.0029877471923828126,99.99701225280762
2025-11-26 11:43:54.189244,s3-eth2,0.0029877471923828126,99.99701225280762
2025-11-26 11:43:55.190087,s1-eth1,0.0029877471923828126,99.99701225280762
2025-11-26 11:43:55.190191,s2-eth2,0.0029877471923828126,99.99701225280762
2025-11-26 11:43:55.190337,s3-eth2,0.0029877471923828126,99.99701225280762
2025-11-26 11:43:56.191208,s1-eth1,0.0036279296875,99.9963720703125
2025-11-26 11:43:56.191313,s2-eth2,0.0029877471923828126,99.99701225280762
2025-11-26 11:43:56.191459,s3-eth2,0.0029877471923828126,99.99701225280762
2025-11-26 11:43:57.192439,s1-eth1,0.0029877471923828126,99.99701225280762
2025-11-26 11:43:57.192543,s2-eth2,0.0029877471923828126,99.99701225280762
2025-11-26 11:43:57.192689,s3-eth2,0.0029877471923828126,99.99701225280762
2025-11-26 11:43:58.193550,s1-eth1,0.0029877471923828126,99.99701225280762
2025-11-26 11:43:58.193654,s2-eth2,0.0029877471923828126,99.99701225280762
2025-11-26 11:43:58.193801,s3-eth2,0.0029877471923828126,99.99701225280762
2025-11-26 11:43:59.194650,s1-eth1,0.0029877471923828126,99.99701225280762
2025-11-26 11:43:59.194754,s2-eth2,0.0029877471923828126,99.99701225280762
2025-11-26 11:43:59.194914,s3-eth2,0.0029877471923828126,99.99701225280762
2025-11-26 11:44:00.195787,s1-eth1,0.0029877471923828126,99.99701225280762
2025-11-26 11:44:00.195889,s2-eth2,0.0029877471923828126,99.99701225280762
2025-11-26 11:44:00.196036,s3-eth2,0.0029877471923828126,99.99701225280762
2025-11-26 11:44:01.196896,s1-eth1,0.0029877471923828126,99.99701225280762
2025-11-26 11:44:01.196999,s2-eth2,0.0029877471923828126,99.99701225280762
2025-11-26 11:44:01.197145,s3-eth2,0.0029877471923828126,99.99701225280762
2025-11-26 11:44:02.198115,s1-eth1,0.0029877471923828126,99.99701225280762
2025-11-26 11:44:02.198218,s2-eth2,0.0029877471923828126,99.99701225280762
2025-11-26 11:44:02.198365,s3-eth2,0.0029877471923828126,99.99701225280762
2025-11-26 11:44:03.199249,s1-eth1,0.0029877471923828126,99.99701225280762
2025-11-26 11:44:03.199353,s2-eth2,0.0029877471923828126,99.99701225280762
2025-11-26 11:44:03.199499,s3-eth2,0.0029877471923828126,99.99701225280762
2025-11-26 11:44:04.200390,s1-eth1,0.0029877471923828126,99.99701225280762
2025-11-26 11:44:04.200494,s2-eth2,0.0029877471923828126,99.99701225280762
2025-11-26 11:44:04.200642,s3-eth2,0.0029877471923828126,99.99701225280762
2025-11-26 11:44:05.201507,s1-eth1,0.0029877471923828126,99.99701225280762
2025-11-26 11:44:05.201625,s2-eth2,0.0029877471923828126,99.99701225280762
2025-11-26 11:44:05.201772,s3-eth2,0.0029877471923828126,99.99701225280762
2025-11-26 11:44:06.202636,s1-eth1,0.0042681884765625,99.99573181152344
2025-11-26 11:44:06.202756,s2-eth2,0.0036279296875,99.9963720703125
2025-11-26 11:44:06.202919,s3-eth2,0.0036279296875,99.9963720703125
2025-11-26 11:44:07.203902,s1-eth1,0.0029877471923828126,99.99701225280762
2025-11-26 11:44:07.204020,s2-eth2,0.0029877471923828126,99.99701225280762
2025-11-26 11:44:07.204167,s3-eth2,0.0029877471923828126,99.99701225280762
2025-11-26 11:44:08.205041,s1-eth1,0.0029877471923828126,99.99701225280762
2025-11-26 11:44:08.205145,s2-eth2,0.0036279296875,99.9963720703125
2025-11-26 11:44:08.205306,s3-eth2,0.0036279296875,99.9963720703125
2025-11-26 11:44:09.205833,s1-eth1,0.00299072265625,99.99700927734375
2025-11-26 11:44:09.205870,s2-eth2,0.00299072265625,99.99700927734375
2025-11-26 11:44:09.205931,s3-eth2,0.00299072265625,99.99700927734375
2025-11-26 11:44:10.206598,s1-eth1,0.00299072265625,99.99700927734375
2025-11-26 11:44:10.206701,s2-eth2,0.00299072265625,99.99700927734375
2025-11-26 11:44:10.206875,s3-eth2,0.00299072265625,99.99700927734375
2025-11-26 11:44:11.207714,s1-eth1,0.0029877471923828126,99.99701225280762
2025-11-26 11:44:11.207817,s2-eth2,0.0029877471923828126,99.99701225280762
2025-11-26 11:44:11.207963,s3-eth2,0.0029877471923828126,99.99701225280762
2025-11-26 11:44:12.208893,s1-eth1,0.0029877471923828126,99.99701225280762
2025-11-26 11:44:12.208996,s2-eth2,0.0029877471923828126,99.99701225280762
2025-11-26 11:44:12.209143,s3-eth2,0.0029877471923828126,99.99701225280762
2025-11-26 11:44:13.210028,s1-eth1,0.0029877471923828126,99.99701225280762
2025-11-26 11:44:13.210131,s2-eth2,0.0029877471923828126,99.99701225280762
2025-11-26 11:44:13.210278,s3-eth2,0.0029877471923828126,99.99701225280762
2025-11-26 11:44:14.211145,s1-eth1,0.0029877471923828126,99.99701225280762
2025-11-26 11:44:14.211249,s2-eth2,0.0029877471923828126,99.99701225280762
2025-11-26 11:44:14.211395,s3-eth2,0.0029877471923828126,99.99701225280762
2025-11-26 11:44:15.212244,s1-eth1,0.0029877471923828126,99.99701225280762
2025-11-26 11:44:15.212347,s2-eth2,0.0029877471923828126,99.99701225280762
2025-11-26 11:44:15.212493,s3-eth2,0.0029877471923828126,99.99701225280762
2025-11-26 11:44:16.213340,s1-eth1,0.0029877471923828126,99.99701225280762
2025-11-26 11:44:16.213443,s2-eth2,0.0029877471923828126,99.99701225280762
2025-11-26 11:44:16.213588,s3-eth2,0.0029877471923828126,99.99701225280762
2025-11-26 11:44:17.214561,s1-eth1,0.0036279296875,99.9963720703125
2025-11-26 11:44:17.214666,s2-eth2,0.0036279296875,99.9963720703125
2025-11-26 11:44:17.214813,s3-eth2,0.0036279296875,99.9963720703125
2025-11-26 11:44:18.215686,s1-eth1,0.0029877471923828126,99.99701225280762
2025-11-26 11:44:18.215789,s2-eth2,0.0029877471923828126,99.99701225280762
2025-11-26 11:44:18.215935,s3-eth2,0.0029877471923828126,99.99701225280762
2025-11-26 11:44:19.216828,s1-eth1,0.0029877471923828126,99.99701225280762
2025-11-26 11:44:19.216933,s2-eth2,0.0029877471923828126,99.99701225280762
2025-11-26 11:44:19.217080,s3-eth2,0.0029877471923828126,99.99701225280762
2025-11-26 11:44:20.217958,s1-eth1,0.0029877471923828126,99.99701225280762
2025-11-26 11:44:20.218062,s2-eth2,0.0029877471923828126,99.99701225280762
2025-11-26 11:44:20.218208,s3-eth2,0.0029877471923828126,99.99701225280762
2025-11-26 11:44:21.219103,s1-eth1,0.0029877471923828126,99.99701225280762
2025-11-26 11:44:21.219209,s2-eth2,0.0029877471923828126,99.99701225280762
2025-11-26 11:44:21.219356,s3-eth2,0.0029877471923828126,99.99701225280762
2025-11-26 11:44:22.220327,s1-eth1,0.0029877471923828126,99.99701225280762
2025-11-26 11:44:22.220431,s2-eth2,0.0029877471923828126,99.99701225280762
2025-11-26 11:44:22.220577,s3-eth2,0.0029877471923828126,99.99701225280762
2025-11-26 11:44:23.221450,s1-eth1,0.0029877471923828126,99.99701225280762
2025-11-26 11:44:23.221554,s2-eth2,0.0029877471923828126,99.99701225280762
2025-11-26 11:44:23.221702,s3-eth2,0.0029877471923828126,99.99701225280762
2025-11-26 11:44:24.222588,s1-eth1,0.0029877471923828126,99.99701225280762
2025-11-26 11:44:24.222693,s2-eth2,0.0029877471923828126,99.99701225280762
2025-11-26 11:44:24.222840,s3-eth2,0.0029877471923828126,99.99701225280762
2025-11-26 11:44:25.223746,s1-eth1,0.0029877471923828126,99.99701225280762
2025-11-26 11:44:25.223849,s2-eth2,0.0029877471923828126,99.99701225280762
2025-11-26 11:44:25.223997,s3-eth2,0.0029877471923828126,99.99701225280762
2025-11-26 11:44:26.224869,s1-eth1,0.0029877471923828126,99.99701225280762
2025-11-26 11:44:26.224973,s2-eth2,0.0029877471923828126,99.99701225280762
2025-11-26 11:44:26.225120,s3-eth2,0.0029877471923828126,99.99701225280762
2025-11-26 11:44:27.226107,s1-eth1,0.0036279296875,99.9963720703125
2025-11-26 11:44:27.226226,s2-eth2,0.0029877471923828126,99.99701225280762
2025-11-26 11:44:27.226373,s3-eth2,0.0029877471923828126,99.99701225280762
2025-11-26 11:44:28.227280,s1-eth1,0.0029877471923828126,99.99701225280762
2025-11-26 11:44:28.227398,s2-eth2,0.0029877471923828126,99.99701225280762
2025-11-26 11:44:28.227546,s3-eth2,0.0029877471923828126,99.99701225280762
2025-11-26 11:44:29.228419,s1-eth1,0.0042681884765625,99.99573181152344
2025-11-26 11:44:29.228537,s2-eth2,0.0036279296875,99.9963720703125
2025-11-26 11:44:29.228685,s3-eth2,0.0036279296875,99.9963720703125
2025-11-26 11:44:30.229560,s1-eth1,0.0029877471923828126,99.99701225280762
2025-11-26 11:44:30.229663,s2-eth2,0.0029877471923828126,99.99701225280762
2025-11-26 11:44:30.229825,s3-eth2,0.0029877471923828126,99.99701225280762
2025-11-26 11:44:31.230695,s1-eth1,0.0029877471923828126,99.99701225280762
2025-11-26 11:44:31.230799,s2-eth2,0.0029877471923828126,99.99701225280762
2025-11-26 11:44:31.231005,s3-eth2,0.0029877471923828126,99.99701225280762
2025-11-26 11:44:32.231932,s1-eth1,0.0029877471923828126,99.99701225280762
2025-11-26 11:44:32.232035,s2-eth2,0.0029877471923828126,99.99701225280762
2025-11-26 11:44:32.232198,s3-eth2,0.0029877471923828126,99.99701225280762
2025-11-26 11:44:33.233054,s1-eth1,0.0029877471923828126,99.99701225280762
2025-11-26 11:44:33.233157,s2-eth2,0.0029877471923828126,99.99701225280762
2025-11-26 11:44:33.233303,s3-eth2,0.0029877471923828126,99.99701225280762
2025-11-26 11:44:34.234169,s1-eth1,0.0029877471923828126,99.99701225280762
2025-11-26 11:44:34.234273,s2-eth2,0.0029877471923828126,99.99701225280762
2025-11-26 11:44:34.234419,s3-eth2,0.0029877471923828126,99.99701225280762
2025-11-26 11:44:35.235322,s1-eth1,0.0029877471923828126,99.99701225280762
2025-11-26 11:44:35.235426,s2-eth2,0.0036279296875,99.9963720703125
2025-11-26 11:44:35.235572,s3-eth2,0.0036279296875,99.9963720703125
2025-11-26 11:44:36.236437,s1-eth1,0.0029877471923828126,99.99701225280762
2025-11-26 11:44:36.236540,s2-eth2,0.0029877471923828126,99.99701225280762
2025-11-26 11:44:36.236687,s3-eth2,0.0029877471923828126,99.99701225280762
2025-11-26 11:44:37.237651,s1-eth1,0.0029877471923828126,99.99701225280762
2025-11-26 11:44:37.237755,s2-eth2,0.0029877471923828126,99.99701225280762
2025-11-26 11:44:37.237902,s3-eth2,0.0029877471923828126,99.99701225280762
2025-11-26 11:44:38.238771,s1-eth1,0.0029877471923828126,99.99701225280762
2025-11-26 11:44:38.238887,s2-eth2,0.0029877471923828126,99.99701225280762
2025-11-26 11:44:38.239034,s3-eth2,0.0029877471923828126,99.99701225280762
2025-11-26 11:44:39.239894,s1-eth1,0.0029877471923828126,99.99701225280762
2025-11-26 11:44:39.239997,s2-eth2,0.0029877471923828126,99.99701225280762
2025-11-26 11:44:39.240144,s3-eth2,0.0029877471923828126,99.99701225280762
2025-11-26 11:44:40.241022,s1-eth1,0.0029877471923828126,99.99701225280762
2025-11-26 11:44:40.241126,s2-eth2,0.0029877471923828126,99.99701225280762
2025-11-26 11:44:40.241274,s3-eth2,0.0029877471923828126,99.99701225280762
2025-11-26 11:44:41.242144,s1-eth1,0.0029877471923828126,99.99701225280762
2025-11-26 11:44:41.242248,s2-eth2,0.0029877471923828126,99.99701225280762
2025-11-26 11:44:41.242394,s3-eth2,0.0029877471923828126,99.99701225280762
2025-11-26 11:44:42.243423,s1-eth1,0.0029877471923828126,99.99701225280762
2025-11-26 11:44:42.243526,s2-eth2,0.0029877471923828126,99.99701225280762
2025-11-26 11:44:42.243673,s3-eth2,0.0029877471923828126,99.99701225280762
2025-11-26 11:44:43.244542,s1-eth1,0.0029877471923828126,99.99701225280762
2025-11-26 11:44:43.244645,s2-eth2,0.0029877471923828126,99.99701225280762
2025-11-26 11:44:43.244791,s3-eth2,0.0029877471923828126,99.99701225280762
2025-11-26 11:44:44.245655,s1-eth1,0.0029877471923828126,99.99701225280762
2025-11-26 11:44:44.245758,s2-eth2,0.0029877471923828126,99.99701225280762
2025-11-26 11:44:44.245903,s3-eth2,0.0029877471923828126,99.99701225280762
2025-11-26 11:44:45.246763,s1-eth1,0.0029877471923828126,99.99701225280762
2025-11-26 11:44:45.246884,s2-eth2,0.0029877471923828126,99.99701225280762
2025-11-26 11:44:45.247031,s3-eth2,0.0029877471923828126,99.99701225280762
2025-11-26 11:44:46.247920,s1-eth1,0.0029877471923828126,99.99701225280762
2025-11-26 11:44:46.248024,s2-eth2,0.0029877471923828126,99.99701225280762
2025-11-26 11:44:46.248171,s3-eth2,0.0029877471923828126,99.99701225280762
2025-11-26 11:44:47.249183,s1-eth1,0.0029877471923828126,99.99701225280762
2025-11-26 11:44:47.249287,s2-eth2,0.0029877471923828126,99.99701225280762
2025-11-26 11:44:47.249434,s3-eth2,0.0029877471923828126,99.99701225280762
2025-11-26 11:44:48.250295,s1-eth1,0.0029877471923828126,99.99701225280762
2025-11-26 11:44:48.250412,s2-eth2,0.0029877471923828126,99.99701225280762
2025-11-26 11:44:48.250561,s3-eth2,0.0029877471923828126,99.99701225280762
2025-11-26 11:44:49.251049,s1-eth1,0.003631591796875,99.99636840820312
2025-11-26 11:44:49.251092,s2-eth2,0.003631591796875,99.99636840820312
2025-11-26 11:44:49.251147,s3-eth2,0.003631591796875,99.99636840820312
2025-11-26 11:44:50.251846,s1-eth1,0.00299072265625,99.99700927734375
2025-11-26 11:44:50.251963,s2-eth2,0.00299072265625,99.99700927734375
2025-11-26 11:44:50.252110,s3-eth2,0.00299072265625,99.99700927734375
2025-11-26 11:44:51.252977,s1-eth1,0.0029877471923828126,99.99701225280762
2025-11-26 11:44:51.253081,s2-eth2,0.0029877471923828126,99.99701225280762
2025-11-26 11:44:51.253244,s3-eth2,0.0029877471923828126,99.99701225280762
2025-11-26 11:44:52.254206,s1-eth1,0.0042681884765625,99.99573181152344
2025-11-26 11:44:52.254312,s2-eth2,0.0036279296875,99.9963720703125
2025-11-26 11:44:52.254475,s3-eth2,0.0036279296875,99.9963720703125
2025-11-26 11:44:53.255014,s1-eth1,0.00299072265625,99.99700927734375
2025-11-26 11:44:53.255052,s2-eth2,0.00299072265625,99.99700927734375
2025-11-26 11:44:53.255150,s3-eth2,0.00299072265625,99.99700927734375
2025-11-26 11:44:54.255681,s1-eth1,0.00299072265625,99.99700927734375
2025-11-26 11:44:54.255718,s2-eth2,0.00299072265625,99.99700927734375
2025-11-26 11:44:54.255779,s3-eth2,0.00299072265625,99.99700927734375
2025-11-26 11:44:55.256136,s1-eth1,0.00299072265625,99.99700927734375
2025-11-26 11:44:55.256174,s2-eth2,0.00299072265625,99.99700927734375
2025-11-26 11:44:55.256228,s3-eth2,0.00299072265625,99.99700927734375
2025-11-26 11:44:56.256585,s1-eth1,0.00299072265625,99.99700927734375
2025-11-26 11:44:56.256622,s2-eth2,0.00299072265625,99.99700927734375
2025-11-26 11:44:56.256676,s3-eth2,0.00299072265625,99.99700927734375
2025-11-26 11:44:57.257481,s1-eth1,0.00299072265625,99.99700927734375
2025-11-26 11:44:57.257583,s2-eth2,0.003631591796875,99.99636840820312
2025-11-26 11:44:57.257733,s3-eth2,0.0036279296875,99.9963720703125
2025-11-26 11:44:58.258616,s1-eth1,0.0036279296875,99.9963720703125
2025-11-26 11:44:58.258721,s2-eth2,0.0029877471923828126,99.99701225280762
2025-11-26 11:44:58.258899,s3-eth2,0.0029877471923828126,99.99701225280762
2025-11-26 11:44:59.259794,s1-eth1,0.0029877471923828126,99.99701225280762
2025-11-26 11:44:59.259899,s2-eth2,0.0029877471923828126,99.99701225280762
2025-11-26 11:44:59.260047,s3-eth2,0.0029877471923828126,99.99701225280762
2025-11-26 11:45:00.260588,s1-eth1,0.00299072265625,99.99700927734375
2025-11-26 11:45:00.260626,s2-eth2,0.00299072265625,99.99700927734375
2025-11-26 11:45:00.260680,s3-eth2,0.00299072265625,99.99700927734375
2025-11-26 11:45:01.261383,s1-eth1,0.00299072265625,99.99700927734375
2025-11-26 11:45:01.261485,s2-eth2,0.00299072265625,99.99700927734375
2025-11-26 11:45:01.261632,s3-eth2,0.00299072265625,99.99700927734375
2025-11-26 11:45:02.262178,s1-eth1,0.00299072265625,99.99700927734375
2025-11-26 11:45:02.262217,s2-eth2,0.00299072265625,99.99700927734375
2025-11-26 11:45:02.262272,s3-eth2,0.00299072265625,99.99700927734375
2025-11-26 11:45:03.262785,s1-eth1,0.00299072265625,99.99700927734375
2025-11-26 11:45:03.262823,s2-eth2,0.00299072265625,99.99700927734375
2025-11-26 11:45:03.262881,s3-eth2,0.00299072265625,99.99700927734375
2025-11-26 11:45:04.263249,s1-eth1,0.00299072265625,99.99700927734375
2025-11-26 11:45:04.263286,s2-eth2,0.00299072265625,99.99700927734375
2025-11-26 11:45:04.263341,s3-eth2,0.00299072265625,99.99700927734375
2025-11-26 11:45:05.263700,s1-eth1,0.00299072265625,99.99700927734375
2025-11-26 11:45:05.263738,s2-eth2,0.00299072265625,99.99700927734375
2025-11-26 11:45:05.263792,s3-eth2,0.00299072265625,99.99700927734375
2025-11-26 11:45:06.264479,s1-eth1,0.00299072265625,99.99700927734375
2025-11-26 11:45:06.264582,s2-eth2,0.00299072265625,99.99700927734375
2025-11-26 11:45:06.264728,s3-eth2,0.00299072265625,99.99700927734375
2025-11-26 11:45:07.265661,s1-eth1,0.0029877471923828126,99.99701225280762
2025-11-26 11:45:07.265764,s2-eth2,0.0029877471923828126,99.99701225280762
2025-11-26 11:45:07.265910,s3-eth2,0.0029877471923828126,99.99701225280762
2025-11-26 11:45:08.266769,s1-eth1,0.0029877471923828126,99.99701225280762
2025-11-26 11:45:08.266886,s2-eth2,0.0029877471923828126,99.99701225280762
2025-11-26 11:45:08.267033,s3-eth2,0.0029877471923828126,99.99701225280762
2025-11-26 11:45:09.267878,s1-eth1,0.0029877471923828126,99.99701225280762
2025-11-26 11:45:09.267982,s2-eth2,0.0029877471923828126,99.99701225280762
2025-11-26 11:45:09.268129,s3-eth2,0.0029877471923828126,99.99701225280762
2025-11-26 11:45:10.268959,s1-eth1,0.0029877471923828126,99.99701225280762
2025-11-26 11:45:10.269075,s2-eth2,0.0029877471923828126,99.99701225280762
2025-11-26 11:45:10.269223,s3-eth2,0.0029877471923828126,99.99701225280762
2025-11-26 11:45:11.270052,s1-eth1,0.0029877471923828126,99.99701225280762
2025-11-26 11:45:11.270168,s2-eth2,0.0029877471923828126,99.99701225280762
2025-11-26 11:45:11.270313,s3-eth2,0.0029877471923828126,99.99701225280762
2025-11-26 11:45:12.271082,s1-eth1,0.0029877471923828126,99.99701225280762
2025-11-26 11:45:12.271200,s2-eth2,0.0029877471923828126,99.99701225280762
2025-11-26 11:45:12.271347,s3-eth2,0.0029877471923828126,99.99701225280762
2025-11-26 11:45:13.271867,s1-eth1,0.00299072265625,99.99700927734375
2025-11-26 11:45:13.271904,s2-eth2,0.00299072265625,99.99700927734375
2025-11-26 11:45:13.271964,s3-eth2,0.00299072265625,99.99700927734375
2025-11-26 11:45:14.272322,s1-eth1,0.003631591796875,99.99636840820312
2025-11-26 11:45:14.272360,s2-eth2,0.003631591796875,99.99636840820312
2025-11-26 11:45:14.272420,s3-eth2,0.003631591796875,99.99636840820312
2025-11-26 11:45:15.272770,s1-eth1,0.00299072265625,99.99700927734375
2025-11-26 11:45:15.272808,s2-eth2,0.00299072265625,99.99700927734375
2025-11-26 11:45:15.272868,s3-eth2,0.00299072265625,99.99700927734375
2025-11-26 11:45:16.273220,s1-eth1,0.003631591796875,99.99636840820312
2025-11-26 11:45:16.273258,s2-eth2,0.00299072265625,99.99700927734375
2025-11-26 11:45:16.273312,s3-eth2,0.00299072265625,99.99700927734375
2025-11-26 11:45:17.273738,s1-eth1,0.00299072265625,99.99700927734375
2025-11-26 11:45:17.273776,s2-eth2,0.00299072265625,99.99700927734375
2025-11-26 11:45:17.273830,s3-eth2,0.00299072265625,99.99700927734375
2025-11-26 11:45:18.274194,s1-eth1,0.00299072265625,99.99700927734375
2025-11-26 11:45:18.274232,s2-eth2,0.00299072265625,99.99700927734375
2025-11-26 11:45:18.274286,s3-eth2,0.00299072265625,99.99700927734375
2025-11-26 11:45:19.274649,s1-eth1,0.00299072265625,99.99700927734375
2025-11-26 11:45:19.274687,s2-eth2,0.00299072265625,99.99700927734375
2025-11-26 11:45:19.274741,s3-eth2,0.00299072265625,99.99700927734375
2025-11-26 11:45:20.275108,s1-eth1,0.00299072265625,99.99700927734375
2025-11-26 11:45:20.275145,s2-eth2,0.003631591796875,99.99636840820312
2025-11-26 11:45:20.275199,s3-eth2,0.003631591796875,99.99636840820312
2025-11-26 11:45:21.275556,s1-eth1,0.00299072265625,99.99700927734375
2025-11-26 11:45:21.275593,s2-eth2,0.00299072265625,99.99700927734375
2025-11-26 11:45:21.275648,s3-eth2,0.00299072265625,99.99700927734375
2025-11-26 11:45:22.276015,s1-eth1,0.003631591796875,99.99636840820312
2025-11-26 11:45:22.276053,s2-eth2,0.003631591796875,99.99636840820312
2025-11-26 11:45:22.276108,s3-eth2,0.003631591796875,99.99636840820312
2025-11-26 11:45:23.276462,s1-eth1,0.00299072265625,99.99700927734375
2025-11-26 11:45:23.276500,s2-eth2,0.00299072265625,99.99700927734375
2025-11-26 11:45:23.276554,s3-eth2,0.00299072265625,99.99700927734375
2025-11-26 11:45:24.276913,s1-eth1,0.00299072265625,99.99700927734375
2025-11-26 11:45:24.276951,s2-eth2,0.00299072265625,99.99700927734375
2025-11-26 11:45:24.277005,s3-eth2,0.00299072265625,99.99700927734375
2025-11-26 11:45:25.277702,s1-eth1,0.00299072265625,99.99700927734375
2025-11-26 11:45:25.277805,s2-eth2,0.00299072265625,99.99700927734375
2025-11-26 11:45:25.277951,s3-eth2,0.00299072265625,99.99700927734375
2025-11-26 11:45:26.278487,s1-eth1,0.00299072265625,99.99700927734375
2025-11-26 11:45:26.278525,s2-eth2,0.00299072265625,99.99700927734375
2025-11-26 11:45:26.278579,s3-eth2,0.00299072265625,99.99700927734375
2025-11-26 11:45:27.279386,s1-eth1,0.00299072265625,99.99700927734375
2025-11-26 11:45:27.279488,s2-eth2,0.00299072265625,99.99700927734375
2025-11-26 11:45:27.279636,s3-eth2,0.0029877471923828126,99.99701225280762
2025-11-26 11:45:28.280531,s1-eth1,0.0036279296875,99.9963720703125
2025-11-26 11:45:28.280636,s2-eth2,0.0029877471923828126,99.99701225280762
2025-11-26 11:45:28.280784,s3-eth2,0.0029877471923828126,99.99701225280762
2025-11-26 11:45:29.281645,s1-eth1,0.0029877471923828126,99.99701225280762
2025-11-26 11:45:29.281749,s2-eth2,0.0029877471923828126,99.99701225280762
2025-11-26 11:45:29.281895,s3-eth2,0.0029877471923828126,99.99701225280762
2025-11-26 11:45:30.282751,s1-eth1,0.0029877471923828126,99.99701225280762
2025-11-26 11:45:30.282869,s2-eth2,0.0029877471923828126,99.99701225280762
2025-11-26 11:45:30.283016,s3-eth2,0.0029877471923828126,99.99701225280762
2025-11-26 11:45:31.283857,s1-eth1,0.0029877471923828126,99.99701225280762
2025-11-26 11:45:31.283973,s2-eth2,0.0029877471923828126,99.99701225280762
2025-11-26 11:45:31.284119,s3-eth2,0.0029877471923828126,99.99701225280762
2025-11-26 11:45:32.285105,s1-eth1,0.0029877471923828126,99.99701225280762
2025-11-26 11:45:32.285223,s2-eth2,0.0029877471923828126,99.99701225280762
2025-11-26 11:45:32.285369,s3-eth2,0.0029877471923828126,99.99701225280762
2025-11-26 11:45:33.286222,s1-eth1,0.0029877471923828126,99.99701225280762
2025-11-26 11:45:33.286338,s2-eth2,0.0029877471923828126,99.99701225280762
2025-11-26 11:45:33.286485,s3-eth2,0.0029877471923828126,99.99701225280762
2025-11-26 11:45:34.287339,s1-eth1,0.0029877471923828126,99.99701225280762
2025-11-26 11:45:34.287443,s2-eth2,0.0029877471923828126,99.99701225280762
2025-11-26 11:45:34.287615,s3-eth2,0.0029877471923828126,99.99701225280762
2025-11-26 11:45:35.288451,s1-eth1,0.0029877471923828126,99.99701225280762
2025-11-26 11:45:35.288554,s2-eth2,0.0029877471923828126,99.99701225280762
2025-11-26 11:45:35.288712,s3-eth2,0.0029877471923828126,99.99701225280762
2025-11-26 11:45:36.289547,s1-eth1,0.0029877471923828126,99.99701225280762
2025-11-26 11:45:36.289650,s2-eth2,0.0029877471923828126,99.99701225280762
2025-11-26 11:45:36.289808,s3-eth2,0.0029877471923828126,99.99701225280762
2025-11-26 11:45:37.290742,s1-eth1,0.0036279296875,99.9963720703125
2025-11-26 11:45:37.290858,s2-eth2,0.0036279296875,99.9963720703125
2025-11-26 11:45:37.291006,s3-eth2,0.0036279296875,99.9963720703125
2025-11-26 11:45:38.291860,s1-eth1,0.0029877471923828126,99.99701225280762
2025-11-26 11:45:38.291963,s2-eth2,0.0029877471923828126,99.99701225280762
2025-11-26 11:45:38.292110,s3-eth2,0.0029877471923828126,99.99701225280762
2025-11-26 11:45:39.292991,s1-eth1,0.0036279296875,99.9963720703125
2025-11-26 11:45:39.293095,s2-eth2,0.0029877471923828126,99.99701225280762
2025-11-26 11:45:39.293243,s3-eth2,0.0029877471923828126,99.99701225280762
2025-11-26 11:45:40.294102,s1-eth1,0.0029877471923828126,99.99701225280762
2025-11-26 11:45:40.294205,s2-eth2,0.0029877471923828126,99.99701225280762
2025-11-26 11:45:40.294352,s3-eth2,0.0029877471923828126,99.99701225280762
2025-11-26 11:45:41.295226,s1-eth1,0.0029877471923828126,99.99701225280762
2025-11-26 11:45:41.295328,s2-eth2,0.0029877471923828126,99.99701225280762
2025-11-26 11:45:41.295475,s3-eth2,0.0029877471923828126,99.99701225280762
2025-11-26 11:45:42.296448,s1-eth1,0.0029877471923828126,99.99701225280762
2025-11-26 11:45:42.296552,s2-eth2,0.0029877471923828126,99.99701225280762
2025-11-26 11:45:42.296699,s3-eth2,0.0029877471923828126,99.99701225280762
2025-11-26 11:45:43.297579,s1-eth1,0.0029877471923828126,99.99701225280762
2025-11-26 11:45:43.297683,s2-eth2,0.0029877471923828126,99.99701225280762
2025-11-26 11:45:43.297830,s3-eth2,0.0029877471923828126,99.99701225280762
2025-11-26 11:45:44.298707,s1-eth1,0.0029877471923828126,99.99701225280762
2025-11-26 11:45:44.298812,s2-eth2,0.0029877471923828126,99.99701225280762
2025-11-26 11:45:44.298973,s3-eth2,0.0029877471923828126,99.99701225280762
2025-11-26 11:45:45.299863,s1-eth1,0.0029877471923828126,99.99701225280762
2025-11-26 11:45:45.299968,s2-eth2,0.0029877471923828126,99.99701225280762
2025-11-26 11:45:45.300116,s3-eth2,0.0029877471923828126,99.99701225280762
2025-11-26 11:45:46.300987,s1-eth1,0.0029877471923828126,99.99701225280762
2025-11-26 11:45:46.301091,s2-eth2,0.0029877471923828126,99.99701225280762
2025-11-26 11:45:46.301239,s3-eth2,0.0029877471923828126,99.99701225280762
2025-11-26 11:45:47.302239,s1-eth1,0.0029877471923828126,99.99701225280762
2025-11-26 11:45:47.302344,s2-eth2,0.0036279296875,99.9963720703125
2025-11-26 11:45:47.302492,s3-eth2,0.0036279296875,99.9963720703125
2025-11-26 11:45:48.303399,s1-eth1,0.0029877471923828126,99.99701225280762
2025-11-26 11:45:48.303502,s2-eth2,0.0029877471923828126,99.99701225280762
2025-11-26 11:45:48.303649,s3-eth2,0.0029877471923828126,99.99701225280762
2025-11-26 11:45:49.304535,s1-eth1,0.0029877471923828126,99.99701225280762
2025-11-26 11:45:49.304639,s2-eth2,0.0029877471923828126,99.99701225280762
2025-11-26 11:45:49.304786,s3-eth2,0.0029877471923828126,99.99701225280762
2025-11-26 11:45:50.305675,s1-eth1,0.0029877471923828126,99.99701225280762
2025-11-26 11:45:50.305779,s2-eth2,0.0029877471923828126,99.99701225280762
2025-11-26 11:45:50.305926,s3-eth2,0.0029877471923828126,99.99701225280762
2025-11-26 11:45:51.306817,s1-eth1,0.0029877471923828126,99.99701225280762
2025-11-26 11:45:51.306935,s2-eth2,0.0029877471923828126,99.99701225280762
2025-11-26 11:45:51.307084,s3-eth2,0.0029877471923828126,99.99701225280762
2025-11-26 11:45:52.308079,s1-eth1,0.0029877471923828126,99.99701225280762
2025-11-26 11:45:52.308197,s2-eth2,0.0029877471923828126,99.99701225280762
2025-11-26 11:45:52.308344,s3-eth2,0.0029877471923828126,99.99701225280762
2025-11-26 11:45:53.309217,s1-eth1,0.0029877471923828126,99.99701225280762
2025-11-26 11:45:53.309335,s2-eth2,0.0029877471923828126,99.99701225280762
2025-11-26 11:45:53.309482,s3-eth2,0.0029877471923828126,99.99701225280762
2025-11-26 11:45:54.310341,s1-eth1,0.0029877471923828126,99.99701225280762
2025-11-26 11:45:54.310459,s2-eth2,0.0029877471923828126,99.99701225280762
2025-11-26 11:45:54.310606,s3-eth2,0.0029877471923828126,99.99701225280762
2025-11-26 11:45:55.311508,s1-eth1,0.0036279296875,99.9963720703125
2025-11-26 11:45:55.311613,s2-eth2,0.0036279296875,99.9963720703125
2025-11-26 11:45:55.311775,s3-eth2,0.0036279296875,99.9963720703125
2025-11-26 11:45:56.312651,s1-eth1,0.0029877471923828126,99.99701225280762
2025-11-26 11:45:56.312754,s2-eth2,0.0029877471923828126,99.99701225280762
2025-11-26 11:45:56.312916,s3-eth2,0.0029877471923828126,99.99701225280762
2025-11-26 11:45:57.313875,s1-eth1,0.0029877471923828126,99.99701225280762
2025-11-26 11:45:57.313978,s2-eth2,0.0029877471923828126,99.99701225280762
2025-11-26 11:45:57.314140,s3-eth2,0.0029877471923828126,99.99701225280762
2025-11-26 11:45:58.315024,s1-eth1,0.0029877471923828126,99.99701225280762
2025-11-26 11:45:58.315128,s2-eth2,0.0029877471923828126,99.99701225280762
2025-11-26 11:45:58.315275,s3-eth2,0.0029877471923828126,99.99701225280762
2025-11-26 11:45:59.316163,s1-eth1,0.0042681884765625,99.99573181152344
2025-11-26 11:45:59.316267,s2-eth2,0.0036279296875,99.9963720703125
2025-11-26 11:45:59.316413,s3-eth2,0.0036279296875,99.9963720703125
2025-11-26 11:46:00.317301,s1-eth1,0.0029877471923828126,99.99701225280762
2025-11-26 11:46:00.317404,s2-eth2,0.0029877471923828126,99.99701225280762
2025-11-26 11:46:00.317551,s3-eth2,0.0029877471923828126,99.99701225280762
2025-11-26 11:46:01.318435,s1-eth1,0.0029877471923828126,99.99701225280762
2025-11-26 11:46:01.318539,s2-eth2,0.0029877471923828126,99.99701225280762
2025-11-26 11:46:01.318686,s3-eth2,0.0029877471923828126,99.99701225280762
2025-11-26 11:46:02.319710,s1-eth1,0.0029877471923828126,99.99701225280762
2025-11-26 11:46:02.319812,s2-eth2,0.0029877471923828126,99.99701225280762
2025-11-26 11:46:02.319959,s3-eth2,0.0029877471923828126,99.99701225280762
2025-11-26 11:46:03.320847,s1-eth1,0.0036279296875,99.9963720703125
2025-11-26 11:46:03.320952,s2-eth2,0.0029877471923828126,99.99701225280762
2025-11-26 11:46:03.321100,s3-eth2,0.0029877471923828126,99.99701225280762
2025-11-26 11:46:04.321993,s1-eth1,0.0029877471923828126,99.99701225280762
2025-11-26 11:46:04.322097,s2-eth2,0.0029877471923828126,99.99701225280762
2025-11-26 11:46:04.322244,s3-eth2,0.0029877471923828126,99.99701225280762
2025-11-26 11:46:05.323162,s1-eth1,0.0029877471923828126,99.99701225280762
2025-11-26 11:46:05.323267,s2-eth2,0.0036279296875,99.9963720703125
2025-11-26 11:46:05.323414,s3-eth2,0.0036279296875,99.9963720703125
2025-11-26 11:46:06.324285,s1-eth1,0.0029877471923828126,99.99701225280762
2025-11-26 11:46:06.324389,s2-eth2,0.0029877471923828126,99.99701225280762
2025-11-26 11:46:06.324537,s3-eth2,0.0029877471923828126,99.99701225280762
2025-11-26 11:46:07.325496,s1-eth1,0.0029877471923828126,99.99701225280762
2025-11-26 11:46:07.325599,s2-eth2,0.0029877471923828126,99.99701225280762
2025-11-26 11:46:07.325747,s3-eth2,0.0029877471923828126,99.99701225280762
2025-11-26 11:46:08.326626,s1-eth1,0.0029877471923828126,99.99701225280762
2025-11-26 11:46:08.326729,s2-eth2,0.0029877471923828126,99.99701225280762
2025-11-26 11:46:08.326893,s3-eth2,0.0029877471923828126,99.99701225280762
2025-11-26 11:46:09.327774,s1-eth1,0.0029877471923828126,99.99701225280762
2025-11-26 11:46:09.327878,s2-eth2,0.0029877471923828126,99.99701225280762
2025-11-26 11:46:09.328026,s3-eth2,0.0029877471923828126,99.99701225280762
2025-11-26 11:46:10.328893,s1-eth1,0.0029877471923828126,99.99701225280762
2025-11-26 11:46:10.328996,s2-eth2,0.0029877471923828126,99.99701225280762
2025-11-26 11:46:10.329142,s3-eth2,0.0029877471923828126,99.99701225280762
2025-11-26 11:46:11.330001,s1-eth1,0.0029877471923828126,99.99701225280762
2025-11-26 11:46:11.330105,s2-eth2,0.0029877471923828126,99.99701225280762
2025-11-26 11:46:11.330250,s3-eth2,0.0029877471923828126,99.99701225280762
2025-11-26 11:46:12.331235,s1-eth1,0.0029877471923828126,99.99701225280762
2025-11-26 11:46:12.331338,s2-eth2,0.0029877471923828126,99.99701225280762
2025-11-26 11:46:12.331485,s3-eth2,0.0029877471923828126,99.99701225280762
2025-11-26 11:46:13.332351,s1-eth1,0.0029877471923828126,99.99701225280762
2025-11-26 11:46:13.332454,s2-eth2,0.0029877471923828126,99.99701225280762
2025-11-26 11:46:13.332600,s3-eth2,0.0029877471923828126,99.99701225280762
2025-11-26 11:46:14.333123,s1-eth1,0.00299072265625,99.99700927734375
2025-11-26 11:46:14.333165,s2-eth2,0.00299072265625,99.99700927734375
2025-11-26 11:46:14.333219,s3-eth2,0.00299072265625,99.99700927734375
2025-11-26 11:46:15.333904,s1-eth1,0.00299072265625,99.99700927734375
2025-11-26 11:46:15.334032,s2-eth2,0.00299072265625,99.99700927734375
2025-11-26 11:46:15.334179,s3-eth2,0.00299072265625,99.99700927734375
2025-11-26 11:46:16.334705,s1-eth1,0.00299072265625,99.99700927734375
2025-11-26 11:46:16.334749,s2-eth2,0.00299072265625,99.99700927734375
2025-11-26 11:46:16.334803,s3-eth2,0.00299072265625,99.99700927734375
2025-11-26 11:46:17.335599,s1-eth1,0.00299072265625,99.99700927734375
2025-11-26 11:46:17.335702,s2-eth2,0.00299072265625,99.99700927734375
2025-11-26 11:46:17.335866,s3-eth2,0.0029877471923828126,99.99701225280762
2025-11-26 11:46:18.336400,s1-eth1,0.00299072265625,99.99700927734375
2025-11-26 11:46:18.336438,s2-eth2,0.00299072265625,99.99700927734375
2025-11-26 11:46:18.336498,s3-eth2,0.00299072265625,99.99700927734375
2025-11-26 11:46:19.337234,s1-eth1,0.00299072265625,99.99700927734375
2025-11-26 11:46:19.337337,s2-eth2,0.00299072265625,99.99700927734375
2025-11-26 11:46:19.337496,s3-eth2,0.00299072265625,99.99700927734375
2025-11-26 11:46:20.338193,s1-eth1,0.00299072265625,99.99700927734375
2025-11-26 11:46:20.338296,s2-eth2,0.00299072265625,99.99700927734375
2025-11-26 11:46:20.338442,s3-eth2,0.00299072265625,99.99700927734375
2025-11-26 11:46:21.339010,s1-eth1,0.00299072265625,99.99700927734375
2025-11-26 11:46:21.339048,s2-eth2,0.00299072265625,99.99700927734375
2025-11-26 11:46:21.339103,s3-eth2,0.00299072265625,99.99700927734375
2025-11-26 11:46:22.339905,s1-eth1,0.003631591796875,99.99636840820312
2025-11-26 11:46:22.340009,s2-eth2,0.003631591796875,99.99636840820312
2025-11-26 11:46:22.340158,s3-eth2,0.0036279296875,99.9963720703125
2025-11-26 11:46:23.340705,s1-eth1,0.00299072265625,99.99700927734375
2025-11-26 11:46:23.340743,s2-eth2,0.00299072265625,99.99700927734375
2025-11-26 11:46:23.340797,s3-eth2,0.00299072265625,99.99700927734375
2025-11-26 11:46:24.341485,s1-eth1,0.00299072265625,99.99700927734375
2025-11-26 11:46:24.341588,s2-eth2,0.00299072265625,99.99700927734375
2025-11-26 11:46:24.341734,s3-eth2,0.00299072265625,99.99700927734375
2025-11-26 11:46:25.342604,s1-eth1,0.0029877471923828126,99.99701225280762
2025-11-26 11:46:25.342708,s2-eth2,0.0029877471923828126,99.99701225280762
2025-11-26 11:46:25.342876,s3-eth2,0.0029877471923828126,99.99701225280762
2025-11-26 11:46:26.343758,s1-eth1,0.0036279296875,99.9963720703125
2025-11-26 11:46:26.343863,s2-eth2,0.0029877471923828126,99.99701225280762
2025-11-26 11:46:26.344011,s3-eth2,0.0029877471923828126,99.99701225280762
2025-11-26 11:46:27.344986,s1-eth1,0.0029877471923828126,99.99701225280762
2025-11-26 11:46:27.345090,s2-eth2,0.0029877471923828126,99.99701225280762
2025-11-26 11:46:27.345235,s3-eth2,0.0029877471923828126,99.99701225280762
2025-11-26 11:46:28.345775,s1-eth1,0.003631591796875,99.99636840820312
2025-11-26 11:46:28.345813,s2-eth2,0.003631591796875,99.99636840820312
2025-11-26 11:46:28.345867,s3-eth2,0.003631591796875,99.99636840820312
2025-11-26 11:46:29.346225,s1-eth1,0.00299072265625,99.99700927734375
2025-11-26 11:46:29.346263,s2-eth2,0.00299072265625,99.99700927734375
2025-11-26 11:46:29.346318,s3-eth2,0.00299072265625,99.99700927734375
2025-11-26 11:46:30.346685,s1-eth1,0.003631591796875,99.99636840820312
2025-11-26 11:46:30.346724,s2-eth2,0.00299072265625,99.99700927734375
2025-11-26 11:46:30.346908,s3-eth2,0.00299072265625,99.99700927734375
2025-11-26 11:46:31.347436,s1-eth1,0.00299072265625,99.99700927734375
2025-11-26 11:46:31.347474,s2-eth2,0.00299072265625,99.99700927734375
2025-11-26 11:46:31.347527,s3-eth2,0.00299072265625,99.99700927734375
2025-11-26 11:46:32.348372,s1-eth1,0.00299072265625,99.99700927734375
2025-11-26 11:46:32.348475,s2-eth2,0.0029877471923828126,99.99701225280762
2025-11-26 11:46:32.348624,s3-eth2,0.0029877471923828126,99.99701225280762
2025-11-26 11:46:33.349518,s1-eth1,0.0029877471923828126,99.99701225280762
2025-11-26 11:46:33.349622,s2-eth2,0.0029877471923828126,99.99701225280762
2025-11-26 11:46:33.349769,s3-eth2,0.0029877471923828126,99.99701225280762
2025-11-26 11:46:34.350644,s1-eth1,0.0029877471923828126,99.99701225280762
2025-11-26 11:46:34.350748,s2-eth2,0.0029877471923828126,99.99701225280762
2025-11-26 11:46:34.350909,s3-eth2,0.0029877471923828126,99.99701225280762
2025-11-26 11:46:35.351791,s1-eth1,0.0029877471923828126,99.99701225280762
2025-11-26 11:46:35.351911,s2-eth2,0.0036279296875,99.9963720703125
2025-11-26 11:46:35.352059,s3-eth2,0.0036279296875,99.9963720703125
2025-11-26 11:46:36.352934,s1-eth1,0.0029877471923828126,99.99701225280762
2025-11-26 11:46:36.353052,s2-eth2,0.0029877471923828126,99.99701225280762
2025-11-26 11:46:36.353200,s3-eth2,0.0029877471923828126,99.99701225280762
2025-11-26 11:46:37.353730,s1-eth1,0.00299072265625,99.99700927734375
2025-11-26 11:46:37.353773,s2-eth2,0.00299072265625,99.99700927734375
2025-11-26 11:46:37.353828,s3-eth2,0.00299072265625,99.99700927734375
2025-11-26 11:46:38.354474,s1-eth1,0.00299072265625,99.99700927734375
2025-11-26 11:46:38.354576,s2-eth2,0.00299072265625,99.99700927734375
2025-11-26 11:46:38.354732,s3-eth2,0.00299072265625,99.99700927734375
2025-11-26 11:46:39.355600,s1-eth1,0.0029877471923828126,99.99701225280762
2025-11-26 11:46:39.355703,s2-eth2,0.0029877471923828126,99.99701225280762
2025-11-26 11:46:39.355863,s3-eth2,0.0029877471923828126,99.99701225280762
2025-11-26 11:46:40.356740,s1-eth1,0.0029877471923828126,99.99701225280762
2025-11-26 11:46:40.356844,s2-eth2,0.0029877471923828126,99.99701225280762
2025-11-26 11:46:40.357006,s3-eth2,0.0029877471923828126,99.99701225280762
2025-11-26 11:46:41.357873,s1-eth1,0.0029877471923828126,99.99701225280762
2025-11-26 11:46:41.357976,s2-eth2,0.0029877471923828126,99.99701225280762
2025-11-26 11:46:41.358123,s3-eth2,0.0029877471923828126,99.99701225280762
2025-11-26 11:46:42.359122,s1-eth1,0.0029877471923828126,99.99701225280762
2025-11-26 11:46:42.359225,s2-eth2,0.0029877471923828126,99.99701225280762
2025-11-26 11:46:42.359370,s3-eth2,0.0029877471923828126,99.99701225280762
2025-11-26 11:46:43.360257,s1-eth1,0.0029877471923828126,99.99701225280762
2025-11-26 11:46:43.360362,s2-eth2,0.0029877471923828126,99.99701225280762
2025-11-26 11:46:43.360508,s3-eth2,0.0029877471923828126,99.99701225280762
2025-11-26 11:46:44.361403,s1-eth1,0.0036279296875,99.9963720703125
2025-11-26 11:46:44.361508,s2-eth2,0.0036279296875,99.9963720703125
2025-11-26 11:46:44.361655,s3-eth2,0.0036279296875,99.9963720703125
2025-11-26 11:46:45.362527,s1-eth1,0.0029877471923828126,99.99701225280762
2025-11-26 11:46:45.362631,s2-eth2,0.0029877471923828126,99.99701225280762
2025-11-26 11:46:45.362777,s3-eth2,0.0029877471923828126,99.99701225280762
2025-11-26 11:46:46.363684,s1-eth1,0.0029877471923828126,99.99701225280762
2025-11-26 11:46:46.363788,s2-eth2,0.0029877471923828126,99.99701225280762
2025-11-26 11:46:46.363935,s3-eth2,0.0029877471923828126,99.99701225280762
2025-11-26 11:46:47.364895,s1-eth1,0.0029877471923828126,99.99701225280762
2025-11-26 11:46:47.364998,s2-eth2,0.0029877471923828126,99.99701225280762
2025-11-26 11:46:47.365144,s3-eth2,0.0029877471923828126,99.99701225280762
2025-11-26 11:46:48.366013,s1-eth1,0.0036279296875,99.9963720703125
2025-11-26 11:46:48.366117,s2-eth2,0.0029877471923828126,99.99701225280762
2025-11-26 11:46:48.366264,s3-eth2,0.0029877471923828126,99.99701225280762
2025-11-26 11:46:49.367170,s1-eth1,0.0029877471923828126,99.99701225280762
2025-11-26 11:46:49.367274,s2-eth2,0.0029877471923828126,99.99701225280762
2025-11-26 11:46:49.367420,s3-eth2,0.0029877471923828126,99.99701225280762
2025-11-26 11:46:50.368332,s1-eth1,0.0029877471923828126,99.99701225280762
2025-11-26 11:46:50.368436,s2-eth2,0.0036279296875,99.9963720703125
2025-11-26 11:46:50.368583,s3-eth2,0.0036279296875,99.9963720703125
2025-11-26 11:46:51.369461,s1-eth1,0.0029877471923828126,99.99701225280762
2025-11-26 11:46:51.369564,s2-eth2,0.0029877471923828126,99.99701225280762
2025-11-26 11:46:51.369710,s3-eth2,0.0029877471923828126,99.99701225280762
2025-11-26 11:46:52.370593,s1-eth1,0.0029877471923828126,99.99701225280762
2025-11-26 11:46:52.370696,s2-eth2,0.0029877471923828126,99.99701225280762
2025-11-26 11:46:52.370843,s3-eth2,0.0029877471923828126,99.99701225280762
2025-11-26 11:46:53.371776,s1-eth1,0.0029877471923828126,99.99701225280762
2025-11-26 11:46:53.371879,s2-eth2,0.0029877471923828126,99.99701225280762
2025-11-26 11:46:53.372026,s3-eth2,0.0029877471923828126,99.99701225280762
2025-11-26 11:46:54.372914,s1-eth1,0.0029877471923828126,99.99701225280762
2025-11-26 11:46:54.373017,s2-eth2,0.0029877471923828126,99.99701225280762
2025-11-26 11:46:54.373165,s3-eth2,0.0029877471923828126,99.99701225280762
2025-11-26 11:46:55.374122,s1-eth1,0.0029877471923828126,99.99701225280762
2025-11-26 11:46:55.374225,s2-eth2,0.0029877471923828126,99.99701225280762
2025-11-26 11:46:55.374370,s3-eth2,0.0029877471923828126,99.99701225280762
2025-11-26 11:46:56.375304,s1-eth1,0.0029877471923828126,99.99701225280762
2025-11-26 11:46:56.375408,s2-eth2,0.0029877471923828126,99.99701225280762
2025-11-26 11:46:56.375554,s3-eth2,0.0029877471923828126,99.99701225280762
2025-11-26 11:46:57.376437,s1-eth1,0.0029877471923828126,99.99701225280762
2025-11-26 11:46:57.376556,s2-eth2,0.0029877471923828126,99.99701225280762
2025-11-26 11:46:57.376704,s3-eth2,0.0029877471923828126,99.99701225280762
2025-11-26 11:46:58.377568,s1-eth1,0.0029877471923828126,99.99701225280762
2025-11-26 11:46:58.377688,s2-eth2,0.0029877471923828126,99.99701225280762
2025-11-26 11:46:58.377834,s3-eth2,0.0029877471923828126,99.99701225280762
2025-11-26 11:46:59.378698,s1-eth1,0.0029877471923828126,99.99701225280762
2025-11-26 11:46:59.378816,s2-eth2,0.0029877471923828126,99.99701225280762
2025-11-26 11:46:59.378995,s3-eth2,0.0029877471923828126,99.99701225280762
2025-11-26 11:47:00.379947,s1-eth1,0.0036279296875,99.9963720703125
2025-11-26 11:47:00.380050,s2-eth2,0.0029877471923828126,99.99701225280762
2025-11-26 11:47:00.380211,s3-eth2,0.0029877471923828126,99.99701225280762
2025-11-26 11:47:01.381083,s1-eth1,0.0036279296875,99.9963720703125
2025-11-26 11:47:01.381188,s2-eth2,0.0036279296875,99.9963720703125
2025-11-26 11:47:01.381351,s3-eth2,0.0036279296875,99.9963720703125
2025-11-26 11:47:02.382224,s1-eth1,0.0029877471923828126,99.99701225280762
2025-11-26 11:47:02.382327,s2-eth2,0.0029877471923828126,99.99701225280762
2025-11-26 11:47:02.382488,s3-eth2,0.0029877471923828126,99.99701225280762
2025-11-26 11:47:03.383378,s1-eth1,0.0029877471923828126,99.99701225280762
2025-11-26 11:47:03.383482,s2-eth2,0.0029877471923828126,99.99701225280762
2025-11-26 11:47:03.383630,s3-eth2,0.0029877471923828126,99.99701225280762
2025-11-26 11:47:04.384503,s1-eth1,0.0029877471923828126,99.99701225280762
2025-11-26 11:47:04.384607,s2-eth2,0.0029877471923828126,99.99701225280762
2025-11-26 11:47:04.384754,s3-eth2,0.0029877471923828126,99.99701225280762
2025-11-26 11:47:05.385766,s1-eth1,0.0029877471923828126,99.99701225280762
2025-11-26 11:47:05.385872,s2-eth2,0.0029877471923828126,99.99701225280762
2025-11-26 11:47:05.386019,s3-eth2,0.0029877471923828126,99.99701225280762
2025-11-26 11:47:06.386920,s1-eth1,0.0029877471923828126,99.99701225280762
2025-11-26 11:47:06.387023,s2-eth2,0.0029877471923828126,99.99701225280762
2025-11-26 11:47:06.387171,s3-eth2,0.0029877471923828126,99.99701225280762
2025-11-26 11:47:07.388074,s1-eth1,0.0036279296875,99.9963720703125
2025-11-26 11:47:07.388179,s2-eth2,0.0036279296875,99.9963720703125
2025-11-26 11:47:07.388327,s3-eth2,0.0036279296875,99.9963720703125
2025-11-26 11:47:08.389208,s1-eth1,0.0029877471923828126,99.99701225280762
2025-11-26 11:47:08.389312,s2-eth2,0.0029877471923828126,99.99701225280762
2025-11-26 11:47:08.389459,s3-eth2,0.0029877471923828126,99.99701225280762
2025-11-26 11:47:09.390349,s1-eth1,0.0029877471923828126,99.99701225280762
2025-11-26 11:47:09.390452,s2-eth2,0.0029877471923828126,99.99701225280762
2025-11-26 11:47:09.390598,s3-eth2,0.0029877471923828126,99.99701225280762
2025-11-26 11:47:10.391604,s1-eth1,0.0029877471923828126,99.99701225280762
2025-11-26 11:47:10.391708,s2-eth2,0.0029877471923828126,99.99701225280762
2025-11-26 11:47:10.391856,s3-eth2,0.0029877471923828126,99.99701225280762
2025-11-26 11:47:11.392752,s1-eth1,0.0036279296875,99.9963720703125
2025-11-26 11:47:11.392855,s2-eth2,0.0029877471923828126,99.99701225280762
2025-11-26 11:47:11.393002,s3-eth2,0.0029877471923828126,99.99701225280762
2025-11-26 11:47:12.393895,s1-eth1,0.0029877471923828126,99.99701225280762
2025-11-26 11:47:12.393999,s2-eth2,0.0029877471923828126,99.99701225280762
2025-11-26 11:47:12.394145,s3-eth2,0.0029877471923828126,99.99701225280762
2025-11-26 11:47:13.395049,s1-eth1,0.0029877471923828126,99.99701225280762
2025-11-26 11:47:13.395154,s2-eth2,0.0029877471923828126,99.99701225280762
2025-11-26 11:47:13.395301,s3-eth2,0.0029877471923828126,99.99701225280762
2025-11-26 11:47:14.396191,s1-eth1,0.0029877471923828126,99.99701225280762
2025-11-26 11:47:14.396294,s2-eth2,0.0029877471923828126,99.99701225280762
2025-11-26 11:47:14.396441,s3-eth2,0.0029877471923828126,99.99701225280762
2025-11-26 11:47:15.397421,s1-eth1,0.0029877471923828126,99.99701225280762
2025-11-26 11:47:15.397524,s2-eth2,0.0029877471923828126,99.99701225280762
2025-11-26 11:47:15.397671,s3-eth2,0.0029877471923828126,99.99701225280762
2025-11-26 11:47:16.398553,s1-eth1,0.0029877471923828126,99.99701225280762
2025-11-26 11:47:16.398656,s2-eth2,0.0029877471923828126,99.99701225280762
2025-11-26 11:47:16.398803,s3-eth2,0.0029877471923828126,99.99701225280762
2025-11-26 11:47:17.399700,s1-eth1,0.0029877471923828126,99.99701225280762
2025-11-26 11:47:17.399803,s2-eth2,0.0029877471923828126,99.99701225280762
2025-11-26 11:47:17.399952,s3-eth2,0.0029877471923828126,99.99701225280762
2025-11-26 11:47:18.400809,s1-eth1,0.0029877471923828126,99.99701225280762
2025-11-26 11:47:18.400926,s2-eth2,0.0029877471923828126,99.99701225280762
2025-11-26 11:47:18.401073,s3-eth2,0.0029877471923828126,99.99701225280762
2025-11-26 11:47:19.401942,s1-eth1,0.0029877471923828126,99.99701225280762
2025-11-26 11:47:19.402059,s2-eth2,0.0029877471923828126,99.99701225280762
2025-11-26 11:47:19.402208,s3-eth2,0.0029877471923828126,99.99701225280762
2025-11-26 11:47:20.403194,s1-eth1,0.0029877471923828126,99.99701225280762
2025-11-26 11:47:20.403312,s2-eth2,0.0029877471923828126,99.99701225280762
2025-11-26 11:47:20.403458,s3-eth2,0.0029877471923828126,99.99701225280762
2025-11-26 11:47:21.404316,s1-eth1,0.0029877471923828126,99.99701225280762
2025-11-26 11:47:21.404420,s2-eth2,0.0029877471923828126,99.99701225280762
2025-11-26 11:47:21.404580,s3-eth2,0.0029877471923828126,99.99701225280762
2025-11-26 11:47:22.405454,s1-eth1,0.0029877471923828126,99.99701225280762
2025-11-26 11:47:22.405558,s2-eth2,0.0029877471923828126,99.99701225280762
2025-11-26 11:47:22.405721,s3-eth2,0.0029877471923828126,99.99701225280762
2025-11-26 11:47:23.406568,s1-eth1,0.0029877471923828126,99.99701225280762
2025-11-26 11:47:23.406671,s2-eth2,0.0029877471923828126,99.99701225280762
2025-11-26 11:47:23.406831,s3-eth2,0.0029877471923828126,99.99701225280762
2025-11-26 11:47:24.407705,s1-eth1,0.0029877471923828126,99.99701225280762
2025-11-26 11:47:24.407808,s2-eth2,0.0029877471923828126,99.99701225280762
2025-11-26 11:47:24.407954,s3-eth2,0.0029877471923828126,99.99701225280762
2025-11-26 11:47:25.408905,s1-eth1,0.0029877471923828126,99.99701225280762
2025-11-26 11:47:25.409008,s2-eth2,0.0029877471923828126,99.99701225280762
2025-11-26 11:47:25.409155,s3-eth2,0.0029877471923828126,99.99701225280762
2025-11-26 11:47:26.410022,s1-eth1,0.0029877471923828126,99.99701225280762
2025-11-26 11:47:26.410128,s2-eth2,0.0036279296875,99.9963720703125
2025-11-26 11:47:26.410276,s3-eth2,0.0036279296875,99.9963720703125
2025-11-26 11:47:27.411175,s1-eth1,0.0029877471923828126,99.99701225280762
2025-11-26 11:47:27.411278,s2-eth2,0.0029877471923828126,99.99701225280762
2025-11-26 11:47:27.411426,s3-eth2,0.0029877471923828126,99.99701225280762
2025-11-26 11:47:28.412293,s1-eth1,0.0029877471923828126,99.99701225280762
2025-11-26 11:47:28.412396,s2-eth2,0.0029877471923828126,99.99701225280762
2025-11-26 11:47:28.412543,s3-eth2,0.0029877471923828126,99.99701225280762
2025-11-26 11:47:29.413409,s1-eth1,0.0029877471923828126,99.99701225280762
2025-11-26 11:47:29.413512,s2-eth2,0.0029877471923828126,99.99701225280762
2025-11-26 11:47:29.413658,s3-eth2,0.0029877471923828126,99.99701225280762
2025-11-26 11:47:30.414623,s1-eth1,0.0029877471923828126,99.99701225280762
2025-11-26 11:47:30.414727,s2-eth2,0.0029877471923828126,99.99701225280762
2025-11-26 11:47:30.414886,s3-eth2,0.0029877471923828126,99.99701225280762
2025-11-26 11:47:31.415747,s1-eth1,0.0036279296875,99.9963720703125
2025-11-26 11:47:31.415851,s2-eth2,0.0029877471923828126,99.99701225280762
2025-11-26 11:47:31.415997,s3-eth2,0.0029877471923828126,99.99701225280762
2025-11-26 11:47:32.416884,s1-eth1,0.0029877471923828126,99.99701225280762
2025-11-26 11:47:32.416986,s2-eth2,0.0029877471923828126,99.99701225280762
2025-11-26 11:47:32.417133,s3-eth2,0.0029877471923828126,99.99701225280762
2025-11-26 11:47:33.417998,s1-eth1,0.0029877471923828126,99.99701225280762
2025-11-26 11:47:33.418101,s2-eth2,0.0029877471923828126,99.99701225280762
2025-11-26 11:47:33.418248,s3-eth2,0.0029877471923828126,99.99701225280762
2025-11-26 11:47:34.419136,s1-eth1,0.0029877471923828126,99.99701225280762
2025-11-26 11:47:34.419239,s2-eth2,0.0029877471923828126,99.99701225280762
2025-11-26 11:47:34.419386,s3-eth2,0.0029877471923828126,99.99701225280762
2025-11-26 11:47:35.420352,s1-eth1,0.0029877471923828126,99.99701225280762
2025-11-26 11:47:35.420457,s2-eth2,0.0036279296875,99.9963720703125
2025-11-26 11:47:35.420604,s3-eth2,0.0036279296875,99.9963720703125
2025-11-26 11:47:36.421456,s1-eth1,0.0029877471923828126,99.99701225280762
2025-11-26 11:47:36.421560,s2-eth2,0.0029877471923828126,99.99701225280762
2025-11-26 11:47:36.421707,s3-eth2,0.0029877471923828126,99.99701225280762
2025-11-26 11:47:37.422619,s1-eth1,0.0029877471923828126,99.99701225280762
2025-11-26 11:47:37.422726,s2-eth2,0.0029877471923828126,99.99701225280762
2025-11-26 11:47:37.422886,s3-eth2,0.0029877471923828126,99.99701225280762
2025-11-26 11:47:38.423768,s1-eth1,0.0036279296875,99.9963720703125
2025-11-26 11:47:38.423872,s2-eth2,0.0036279296875,99.9963720703125
2025-11-26 11:47:38.424019,s3-eth2,0.0036279296875,99.9963720703125
2025-11-26 11:47:39.424878,s1-eth1,0.0029877471923828126,99.99701225280762
2025-11-26 11:47:39.424982,s2-eth2,0.0029877471923828126,99.99701225280762
2025-11-26 11:47:39.425128,s3-eth2,0.0029877471923828126,99.99701225280762
2025-11-26 11:47:40.426117,s1-eth1,0.0029877471923828126,99.99701225280762
2025-11-26 11:47:40.426235,s2-eth2,0.0029877471923828126,99.99701225280762
2025-11-26 11:47:40.426382,s3-eth2,0.0029877471923828126,99.99701225280762
2025-11-26 11:47:41.427252,s1-eth1,0.0029877471923828126,99.99701225280762
2025-11-26 11:47:41.427368,s2-eth2,0.0029877471923828126,99.99701225280762
2025-11-26 11:47:41.427517,s3-eth2,0.0029877471923828126,99.99701225280762
2025-11-26 11:47:42.428374,s1-eth1,0.0029877471923828126,99.99701225280762
2025-11-26 11:47:42.428490,s2-eth2,0.0029877471923828126,99.99701225280762
2025-11-26 11:47:42.428637,s3-eth2,0.0029877471923828126,99.99701225280762
2025-11-26 11:47:43.429495,s1-eth1,0.0029877471923828126,99.99701225280762
2025-11-26 11:47:43.429598,s2-eth2,0.0029877471923828126,99.99701225280762
2025-11-26 11:47:43.429759,s3-eth2,0.0029877471923828126,99.99701225280762
2025-11-26 11:47:44.430607,s1-eth1,0.0029877471923828126,99.99701225280762
2025-11-26 11:47:44.430710,s2-eth2,0.0029877471923828126,99.99701225280762
2025-11-26 11:47:44.430885,s3-eth2,0.0029877471923828126,99.99701225280762
2025-11-26 11:47:45.431428,s1-eth1,0.003631591796875,99.99636840820312
2025-11-26 11:47:45.431466,s2-eth2,0.003631591796875,99.99636840820312
2025-11-26 11:47:45.431525,s3-eth2,0.003631591796875,99.99636840820312
2025-11-26 11:47:46.431877,s1-eth1,0.00299072265625,99.99700927734375
2025-11-26 11:47:46.431915,s2-eth2,0.00299072265625,99.99700927734375
2025-11-26 11:47:46.431969,s3-eth2,0.00299072265625,99.99700927734375
2025-11-26 11:47:47.432657,s1-eth1,0.00299072265625,99.99700927734375
2025-11-26 11:47:47.432760,s2-eth2,0.00299072265625,99.99700927734375
2025-11-26 11:47:47.432906,s3-eth2,0.00299072265625,99.99700927734375
2025-11-26 11:47:48.433771,s1-eth1,0.0029877471923828126,99.99701225280762
2025-11-26 11:47:48.433875,s2-eth2,0.0029877471923828126,99.99701225280762
2025-11-26 11:47:48.434022,s3-eth2,0.0029877471923828126,99.99701225280762
2025-11-26 11:47:49.434903,s1-eth1,0.0029877471923828126,99.99701225280762
2025-11-26 11:47:49.435007,s2-eth2,0.0029877471923828126,99.99701225280762
2025-11-26 11:47:49.435153,s3-eth2,0.0029877471923828126,99.99701225280762
2025-11-26 11:47:50.436101,s1-eth1,0.0029877471923828126,99.99701225280762
2025-11-26 11:47:50.436204,s2-eth2,0.0029877471923828126,99.99701225280762
2025-11-26 11:47:50.436350,s3-eth2,0.0029877471923828126,99.99701225280762
2025-11-26 11:47:51.437205,s1-eth1,0.0029877471923828126,99.99701225280762
2025-11-26 11:47:51.437308,s2-eth2,0.0029877471923828126,99.99701225280762
2025-11-26 11:47:51.437454,s3-eth2,0.0029877471923828126,99.99701225280762
2025-11-26 11:47:52.438332,s1-eth1,0.0029877471923828126,99.99701225280762
2025-11-26 11:47:52.438436,s2-eth2,0.0029877471923828126,99.99701225280762
2025-11-26 11:47:52.438583,s3-eth2,0.0029877471923828126,99.99701225280762
2025-11-26 11:47:53.439465,s1-eth1,0.0029877471923828126,99.99701225280762
2025-11-26 11:47:53.439568,s2-eth2,0.0029877471923828126,99.99701225280762
2025-11-26 11:47:53.439715,s3-eth2,0.0029877471923828126,99.99701225280762
2025-11-26 11:47:54.440602,s1-eth1,0.0029877471923828126,99.99701225280762
2025-11-26 11:47:54.440706,s2-eth2,0.0029877471923828126,99.99701225280762
2025-11-26 11:47:54.440854,s3-eth2,0.0029877471923828126,99.99701225280762
2025-11-26 11:47:55.441828,s1-eth1,0.0029877471923828126,99.99701225280762
2025-11-26 11:47:55.441932,s2-eth2,0.0029877471923828126,99.99701225280762
2025-11-26 11:47:55.442079,s3-eth2,0.0029877471923828126,99.99701225280762
2025-11-26 11:47:56.442946,s1-eth1,0.0029877471923828126,99.99701225280762
2025-11-26 11:47:56.443050,s2-eth2,0.0029877471923828126,99.99701225280762
2025-11-26 11:47:56.443196,s3-eth2,0.0029877471923828126,99.99701225280762
2025-11-26 11:47:57.444081,s1-eth1,0.0029877471923828126,99.99701225280762
2025-11-26 11:47:57.444185,s2-eth2,0.0029877471923828126,99.99701225280762
2025-11-26 11:47:57.444332,s3-eth2,0.0029877471923828126,99.99701225280762
2025-11-26 11:47:58.445200,s1-eth1,0.0029877471923828126,99.99701225280762
2025-11-26 11:47:58.445304,s2-eth2,0.0029877471923828126,99.99701225280762
2025-11-26 11:47:58.445452,s3-eth2,0.0029877471923828126,99.99701225280762
2025-11-26 11:47:59.446320,s1-eth1,0.0029877471923828126,99.99701225280762
2025-11-26 11:47:59.446423,s2-eth2,0.0029877471923828126,99.99701225280762
2025-11-26 11:47:59.446570,s3-eth2,0.0029877471923828126,99.99701225280762
2025-11-26 11:48:00.447531,s1-eth1,0.0036279296875,99.9963720703125
2025-11-26 11:48:00.447635,s2-eth2,0.0036279296875,99.9963720703125
2025-11-26 11:48:00.447783,s3-eth2,0.0036279296875,99.9963720703125
2025-11-26 11:48:01.448642,s1-eth1,0.0029877471923828126,99.99701225280762
2025-11-26 11:48:01.448759,s2-eth2,0.0029877471923828126,99.99701225280762
2025-11-26 11:48:01.448905,s3-eth2,0.0029877471923828126,99.99701225280762
2025-11-26 11:48:02.449766,s1-eth1,0.0029877471923828126,99.99701225280762
2025-11-26 11:48:02.449884,s2-eth2,0.0029877471923828126,99.99701225280762
2025-11-26 11:48:02.450030,s3-eth2,0.0029877471923828126,99.99701225280762
2025-11-26 11:48:03.450896,s1-eth1,0.0029877471923828126,99.99701225280762
2025-11-26 11:48:03.451014,s2-eth2,0.0036279296875,99.9963720703125
2025-11-26 11:48:03.451162,s3-eth2,0.0036279296875,99.9963720703125
2025-11-26 11:48:04.452013,s1-eth1,0.0036279296875,99.9963720703125
2025-11-26 11:48:04.452117,s2-eth2,0.0029877471923828126,99.99701225280762
2025-11-26 11:48:04.452277,s3-eth2,0.0029877471923828126,99.99701225280762
2025-11-26 11:48:05.453234,s1-eth1,0.0029877471923828126,99.99701225280762
2025-11-26 11:48:05.453337,s2-eth2,0.0029877471923828126,99.99701225280762
2025-11-26 11:48:05.453497,s3-eth2,0.0029877471923828126,99.99701225280762
2025-11-26 11:48:06.454341,s1-eth1,0.0029877471923828126,99.99701225280762
2025-11-26 11:48:06.454445,s2-eth2,0.0029877471923828126,99.99701225280762
2025-11-26 11:48:06.454604,s3-eth2,0.0029877471923828126,99.99701225280762
2025-11-26 11:48:07.455488,s1-eth1,0.0029877471923828126,99.99701225280762
2025-11-26 11:48:07.455592,s2-eth2,0.0029877471923828126,99.99701225280762
2025-11-26 11:48:07.455738,s3-eth2,0.0029877471923828126,99.99701225280762
2025-11-26 11:48:08.456572,s1-eth1,0.0029877471923828126,99.99701225280762
2025-11-26 11:48:08.456675,s2-eth2,0.0029877471923828126,99.99701225280762
2025-11-26 11:48:08.456819,s3-eth2,0.0029877471923828126,99.99701225280762
2025-11-26 11:48:09.457645,s1-eth1,0.0029877471923828126,99.99701225280762
2025-11-26 11:48:09.457747,s2-eth2,0.0029877471923828126,99.99701225280762
2025-11-26 11:48:09.457892,s3-eth2,0.0029877471923828126,99.99701225280762
2025-11-26 11:48:10.458863,s1-eth1,0.0029877471923828126,99.99701225280762
2025-11-26 11:48:10.458969,s2-eth2,0.0029877471923828126,99.99701225280762
2025-11-26 11:48:10.459115,s3-eth2,0.0029877471923828126,99.99701225280762
2025-11-26 11:48:11.459981,s1-eth1,0.0029877471923828126,99.99701225280762
2025-11-26 11:48:11.460085,s2-eth2,0.0029877471923828126,99.99701225280762
2025-11-26 11:48:11.460232,s3-eth2,0.0029877471923828126,99.99701225280762
2025-11-26 11:48:12.461086,s1-eth1,0.0029877471923828126,99.99701225280762
2025-11-26 11:48:12.461190,s2-eth2,0.0029877471923828126,99.99701225280762
2025-11-26 11:48:12.461336,s3-eth2,0.0029877471923828126,99.99701225280762
2025-11-26 11:48:13.462189,s1-eth1,0.0029877471923828126,99.99701225280762
2025-11-26 11:48:13.462293,s2-eth2,0.0029877471923828126,99.99701225280762
2025-11-26 11:48:13.462438,s3-eth2,0.0029877471923828126,99.99701225280762
2025-11-26 11:48:14.463313,s1-eth1,0.0029877471923828126,99.99701225280762
2025-11-26 11:48:14.463416,s2-eth2,0.0029877471923828126,99.99701225280762
2025-11-26 11:48:14.463562,s3-eth2,0.0029877471923828126,99.99701225280762
2025-11-26 11:48:15.464511,s1-eth1,0.0029877471923828126,99.99701225280762
2025-11-26 11:48:15.464614,s2-eth2,0.0029877471923828126,99.99701225280762
2025-11-26 11:48:15.464759,s3-eth2,0.0029877471923828126,99.99701225280762
2025-11-26 11:48:16.465625,s1-eth1,0.0036279296875,99.9963720703125
2025-11-26 11:48:16.465729,s2-eth2,0.0036279296875,99.9963720703125
2025-11-26 11:48:16.465876,s3-eth2,0.0036279296875,99.9963720703125
2025-11-26 11:48:17.466728,s1-eth1,0.0029877471923828126,99.99701225280762
2025-11-26 11:48:17.466830,s2-eth2,0.0029877471923828126,99.99701225280762
2025-11-26 11:48:17.466989,s3-eth2,0.0029877471923828126,99.99701225280762
2025-11-26 11:48:18.467854,s1-eth1,0.0029877471923828126,99.99701225280762
2025-11-26 11:48:18.467958,s2-eth2,0.0029877471923828126,99.99701225280762
2025-11-26 11:48:18.468104,s3-eth2,0.0029877471923828126,99.99701225280762
2025-11-26 11:48:19.468959,s1-eth1,0.0029877471923828126,99.99701225280762
2025-11-26 11:48:19.469063,s2-eth2,0.0029877471923828126,99.99701225280762
2025-11-26 11:48:19.469209,s3-eth2,0.0029877471923828126,99.99701225280762
2025-11-26 11:48:20.470173,s1-eth1,0.0029877471923828126,99.99701225280762
2025-11-26 11:48:20.470276,s2-eth2,0.0029877471923828126,99.99701225280762
2025-11-26 11:48:20.470422,s3-eth2,0.0029877471923828126,99.99701225280762
2025-11-26 11:48:21.471285,s1-eth1,0.0029877471923828126,99.99701225280762
2025-11-26 11:48:21.471389,s2-eth2,0.0029877471923828126,99.99701225280762
2025-11-26 11:48:21.471534,s3-eth2,0.0029877471923828126,99.99701225280762
2025-11-26 11:48:22.472362,s1-eth1,0.0029877471923828126,99.99701225280762
2025-11-26 11:48:22.472477,s2-eth2,0.0029877471923828126,99.99701225280762
2025-11-26 11:48:22.472623,s3-eth2,0.0029877471923828126,99.99701225280762
2025-11-26 11:48:23.473458,s1-eth1,0.0029877471923828126,99.99701225280762
2025-11-26 11:48:23.473573,s2-eth2,0.0029877471923828126,99.99701225280762
2025-11-26 11:48:23.473718,s3-eth2,0.0029877471923828126,99.99701225280762
2025-11-26 11:48:24.474559,s1-eth1,0.0036279296875,99.9963720703125
2025-11-26 11:48:24.474674,s2-eth2,0.0036279296875,99.9963720703125
2025-11-26 11:48:24.474821,s3-eth2,0.0036279296875,99.9963720703125
2025-11-26 11:48:25.475783,s1-eth1,0.0029877471923828126,99.99701225280762
2025-11-26 11:48:25.475898,s2-eth2,0.0029877471923828126,99.99701225280762
2025-11-26 11:48:25.476045,s3-eth2,0.0029877471923828126,99.99701225280762
2025-11-26 11:48:26.476875,s1-eth1,0.0029877471923828126,99.99701225280762
2025-11-26 11:48:26.476977,s2-eth2,0.0029877471923828126,99.99701225280762
2025-11-26 11:48:26.477135,s3-eth2,0.0029877471923828126,99.99701225280762
2025-11-26 11:48:27.477969,s1-eth1,0.0029877471923828126,99.99701225280762
2025-11-26 11:48:27.478073,s2-eth2,0.0029877471923828126,99.99701225280762
2025-11-26 11:48:27.478232,s3-eth2,0.0029877471923828126,99.99701225280762
2025-11-26 11:48:28.479074,s1-eth1,0.0029877471923828126,99.99701225280762
2025-11-26 11:48:28.479177,s2-eth2,0.0029877471923828126,99.99701225280762
2025-11-26 11:48:28.479322,s3-eth2,0.0029877471923828126,99.99701225280762
2025-11-26 11:48:29.480165,s1-eth1,0.0029877471923828126,99.99701225280762
2025-11-26 11:48:29.480268,s2-eth2,0.0029877471923828126,99.99701225280762
2025-11-26 11:48:29.480413,s3-eth2,0.0029877471923828126,99.99701225280762
2025-11-26 11:48:30.481365,s1-eth1,0.0029877471923828126,99.99701225280762
2025-11-26 11:48:30.481470,s2-eth2,0.0036279296875,99.9963720703125
2025-11-26 11:48:30.481615,s3-eth2,0.0036279296875,99.9963720703125
2025-11-26 11:48:31.482468,s1-eth1,0.0029877471923828126,99.99701225280762
2025-11-26 11:48:31.482571,s2-eth2,0.0029877471923828126,99.99701225280762
2025-11-26 11:48:31.482718,s3-eth2,0.0029877471923828126,99.99701225280762
2025-11-26 11:48:32.483586,s1-eth1,0.0029877471923828126,99.99701225280762
2025-11-26 11:48:32.483690,s2-eth2,0.0029877471923828126,99.99701225280762
2025-11-26 11:48:32.483835,s3-eth2,0.0033078765869140624,99.99669212341308
2025-11-26 11:48:33.484684,s1-eth1,0.0029877471923828126,99.99701225280762
2025-11-26 11:48:33.484789,s2-eth2,0.0036279296875,99.9963720703125
2025-11-26 11:48:33.484934,s3-eth2,0.0033078765869140624,99.99669212341308
2025-11-26 11:48:34.485779,s1-eth1,0.0029877471923828126,99.99701225280762
2025-11-26 11:48:34.485883,s2-eth2,0.0029877471923828126,99.99701225280762
2025-11-26 11:48:34.486029,s3-eth2,0.0029877471923828126,99.99701225280762
2025-11-26 11:48:35.486898,s1-eth1,0.0029877471923828126,99.99701225280762
2025-11-26 11:48:35.487000,s2-eth2,0.0029877471923828126,99.99701225280762
2025-11-26 11:48:35.487146,s3-eth2,0.0029877471923828126,99.99701225280762
2025-11-26 11:48:36.487992,s1-eth1,0.0029877471923828126,99.99701225280762
2025-11-26 11:48:36.488095,s2-eth2,0.0029877471923828126,99.99701225280762
2025-11-26 11:48:36.488241,s3-eth2,0.0029877471923828126,99.99701225280762
2025-11-26 11:48:37.489135,s1-eth1,0.0036279296875,99.9963720703125
2025-11-26 11:48:37.489240,s2-eth2,0.0029877471923828126,99.99701225280762
2025-11-26 11:48:37.489386,s3-eth2,0.0029877471923828126,99.99701225280762
2025-11-26 11:48:38.490264,s1-eth1,0.0029877471923828126,99.99701225280762
2025-11-26 11:48:38.490367,s2-eth2,0.0029877471923828126,99.99701225280762
2025-11-26 11:48:38.490513,s3-eth2,0.0029877471923828126,99.99701225280762
2025-11-26 11:48:39.491381,s1-eth1,0.0029877471923828126,99.99701225280762
2025-11-26 11:48:39.491484,s2-eth2,0.0029877471923828126,99.99701225280762
2025-11-26 11:48:39.491630,s3-eth2,0.0029877471923828126,99.99701225280762
2025-11-26 11:48:40.492587,s1-eth1,0.0029877471923828126,99.99701225280762
2025-11-26 11:48:40.492691,s2-eth2,0.0029877471923828126,99.99701225280762
2025-11-26 11:48:40.492837,s3-eth2,0.0029877471923828126,99.99701225280762
2025-11-26 11:48:41.493700,s1-eth1,0.0029877471923828126,99.99701225280762
2025-11-26 11:48:41.493803,s2-eth2,0.0029877471923828126,99.99701225280762
2025-11-26 11:48:41.493949,s3-eth2,0.0029877471923828126,99.99701225280762
2025-11-26 11:48:42.494795,s1-eth1,0.0029877471923828126,99.99701225280762
2025-11-26 11:48:42.494912,s2-eth2,0.0029877471923828126,99.99701225280762
2025-11-26 11:48:42.495058,s3-eth2,0.0029877471923828126,99.99701225280762
2025-11-26 11:48:43.495902,s1-eth1,0.0029877471923828126,99.99701225280762
2025-11-26 11:48:43.496006,s2-eth2,0.0029877471923828126,99.99701225280762
2025-11-26 11:48:43.496153,s3-eth2,0.0029877471923828126,99.99701225280762
2025-11-26 11:48:44.496986,s1-eth1,0.0029877471923828126,99.99701225280762
2025-11-26 11:48:44.497100,s2-eth2,0.0029877471923828126,99.99701225280762
2025-11-26 11:48:44.497246,s3-eth2,0.0029877471923828126,99.99701225280762
2025-11-26 11:48:45.498185,s1-eth1,0.0029877471923828126,99.99701225280762
2025-11-26 11:48:45.498300,s2-eth2,0.0029877471923828126,99.99701225280762
2025-11-26 11:48:45.498446,s3-eth2,0.0029877471923828126,99.99701225280762
2025-11-26 11:48:46.499294,s1-eth1,0.0029877471923828126,99.99701225280762
2025-11-26 11:48:46.499408,s2-eth2,0.0029877471923828126,99.99701225280762
2025-11-26 11:48:46.499554,s3-eth2,0.0029877471923828126,99.99701225280762
2025-11-26 11:48:47.500395,s1-eth1,0.0029877471923828126,99.99701225280762
2025-11-26 11:48:47.500500,s2-eth2,0.0029877471923828126,99.99701225280762
2025-11-26 11:48:47.500658,s3-eth2,0.0029877471923828126,99.99701225280762
2025-11-26 11:48:48.501494,s1-eth1,0.0029877471923828126,99.99701225280762
2025-11-26 11:48:48.501596,s2-eth2,0.0029877471923828126,99.99701225280762
2025-11-26 11:48:48.501754,s3-eth2,0.0029877471923828126,99.99701225280762
2025-11-26 11:48:49.502605,s1-eth1,0.0036279296875,99.9963720703125
2025-11-26 11:48:49.502709,s2-eth2,0.0029877471923828126,99.99701225280762
2025-11-26 11:48:49.502882,s3-eth2,0.0029877471923828126,99.99701225280762
2025-11-26 11:48:50.503791,s1-eth1,0.0029877471923828126,99.99701225280762
2025-11-26 11:48:50.503894,s2-eth2,0.0029877471923828126,99.99701225280762
2025-11-26 11:48:50.504040,s3-eth2,0.0029877471923828126,99.99701225280762
2025-11-26 11:48:51.504897,s1-eth1,0.0029877471923828126,99.99701225280762
2025-11-26 11:48:51.505000,s2-eth2,0.0029877471923828126,99.99701225280762
2025-11-26 11:48:51.505147,s3-eth2,0.0029877471923828126,99.99701225280762
2025-11-26 11:48:52.506005,s1-eth1,0.0029877471923828126,99.99701225280762
2025-11-26 11:48:52.506109,s2-eth2,0.0029877471923828126,99.99701225280762
2025-11-26 11:48:52.506255,s3-eth2,0.0029877471923828126,99.99701225280762
2025-11-26 11:48:53.507138,s1-eth1,0.0029877471923828126,99.99701225280762
2025-11-26 11:48:53.507243,s2-eth2,0.0029877471923828126,99.99701225280762
2025-11-26 11:48:53.507389,s3-eth2,0.0029877471923828126,99.99701225280762
2025-11-26 11:48:54.508248,s1-eth1,0.0029877471923828126,99.99701225280762
2025-11-26 11:48:54.508352,s2-eth2,0.0029877471923828126,99.99701225280762
2025-11-26 11:48:54.508499,s3-eth2,0.0029877471923828126,99.99701225280762
2025-11-26 11:48:55.509383,s1-eth1,0.0036279296875,99.9963720703125
2025-11-26 11:48:55.509488,s2-eth2,0.0036279296875,99.9963720703125
2025-11-26 11:48:55.509635,s3-eth2,0.0036279296875,99.9963720703125
2025-11-26 11:48:56.510490,s1-eth1,0.0029877471923828126,99.99701225280762
2025-11-26 11:48:56.510593,s2-eth2,0.0029877471923828126,99.99701225280762
2025-11-26 11:48:56.510740,s3-eth2,0.0029877471923828126,99.99701225280762
2025-11-26 11:48:57.511631,s1-eth1,0.0029877471923828126,99.99701225280762
2025-11-26 11:48:57.511734,s2-eth2,0.0029877471923828126,99.99701225280762
2025-11-26 11:48:57.511883,s3-eth2,0.0029877471923828126,99.99701225280762
2025-11-26 11:48:58.512753,s1-eth1,0.0029877471923828126,99.99701225280762
2025-11-26 11:48:58.512856,s2-eth2,0.0029877471923828126,99.99701225280762
2025-11-26 11:48:58.513003,s3-eth2,0.0029877471923828126,99.99701225280762
2025-11-26 11:48:59.513872,s1-eth1,0.0029877471923828126,99.99701225280762
2025-11-26 11:48:59.513977,s2-eth2,0.0036279296875,99.9963720703125
2025-11-26 11:48:59.514123,s3-eth2,0.0036279296875,99.9963720703125
2025-11-26 11:49:00.515023,s1-eth1,0.0029877471923828126,99.99701225280762
2025-11-26 11:49:00.515127,s2-eth2,0.0029877471923828126,99.99701225280762
2025-11-26 11:49:00.515274,s3-eth2,0.0029877471923828126,99.99701225280762
2025-11-26 11:49:01.516145,s1-eth1,0.0029877471923828126,99.99701225280762
2025-11-26 11:49:01.516249,s2-eth2,0.0029877471923828126,99.99701225280762
2025-11-26 11:49:01.516396,s3-eth2,0.0029877471923828126,99.99701225280762
2025-11-26 11:49:02.517257,s1-eth1,0.0029877471923828126,99.99701225280762
2025-11-26 11:49:02.517361,s2-eth2,0.0029877471923828126,99.99701225280762
2025-11-26 11:49:02.517508,s3-eth2,0.0029877471923828126,99.99701225280762
2025-11-26 11:49:03.518364,s1-eth1,0.0036279296875,99.9963720703125
2025-11-26 11:49:03.518468,s2-eth2,0.0036279296875,99.9963720703125
2025-11-26 11:49:03.518613,s3-eth2,0.0036279296875,99.9963720703125
2025-11-26 11:49:04.519475,s1-eth1,0.0029877471923828126,99.99701225280762
2025-11-26 11:49:04.519577,s2-eth2,0.0029877471923828126,99.99701225280762
2025-11-26 11:49:04.519723,s3-eth2,0.0029877471923828126,99.99701225280762
2025-11-26 11:49:05.520731,s1-eth1,0.0029877471923828126,99.99701225280762
2025-11-26 11:49:05.520834,s2-eth2,0.0029877471923828126,99.99701225280762
2025-11-26 11:49:05.520982,s3-eth2,0.0029877471923828126,99.99701225280762
2025-11-26 11:49:06.521824,s1-eth1,0.0029877471923828126,99.99701225280762
2025-11-26 11:49:06.521940,s2-eth2,0.0029877471923828126,99.99701225280762
2025-11-26 11:49:06.522087,s3-eth2,0.0029877471923828126,99.99701225280762
2025-11-26 11:49:07.522957,s1-eth1,0.0029877471923828126,99.99701225280762
2025-11-26 11:49:07.523074,s2-eth2,0.0029877471923828126,99.99701225280762
2025-11-26 11:49:07.523222,s3-eth2,0.0029877471923828126,99.99701225280762
2025-11-26 11:49:08.524069,s1-eth1,0.0029877471923828126,99.99701225280762
2025-11-26 11:49:08.524186,s2-eth2,0.0036279296875,99.9963720703125
2025-11-26 11:49:08.524333,s3-eth2,0.0036279296875,99.9963720703125
2025-11-26 11:49:09.525193,s1-eth1,0.0036279296875,99.9963720703125
2025-11-26 11:49:09.525297,s2-eth2,0.0029877471923828126,99.99701225280762
2025-11-26 11:49:09.525458,s3-eth2,0.0029877471923828126,99.99701225280762
2025-11-26 11:49:10.526461,s1-eth1,0.0029877471923828126,99.99701225280762
2025-11-26 11:49:10.526565,s2-eth2,0.0029877471923828126,99.99701225280762
2025-11-26 11:49:10.526724,s3-eth2,0.0029877471923828126,99.99701225280762
2025-11-26 11:49:11.527604,s1-eth1,0.0029877471923828126,99.99701225280762
2025-11-26 11:49:11.527708,s2-eth2,0.0029877471923828126,99.99701225280762
2025-11-26 11:49:11.527872,s3-eth2,0.0029877471923828126,99.99701225280762
2025-11-26 11:49:12.528715,s1-eth1,0.0029877471923828126,99.99701225280762
2025-11-26 11:49:12.528818,s2-eth2,0.0029877471923828126,99.99701225280762
2025-11-26 11:49:12.528965,s3-eth2,0.0029877471923828126,99.99701225280762
2025-11-26 11:49:13.529837,s1-eth1,0.0029877471923828126,99.99701225280762
2025-11-26 11:49:13.529940,s2-eth2,0.0029877471923828126,99.99701225280762
2025-11-26 11:49:13.530088,s3-eth2,0.0029877471923828126,99.99701225280762
2025-11-26 11:49:14.530959,s1-eth1,0.0029877471923828126,99.99701225280762
2025-11-26 11:49:14.531061,s2-eth2,0.0029877471923828126,99.99701225280762
2025-11-26 11:49:14.531209,s3-eth2,0.0029877471923828126,99.99701225280762
2025-11-26 11:49:15.532203,s1-eth1,0.0029877471923828126,99.99701225280762
2025-11-26 11:49:15.532307,s2-eth2,0.0029877471923828126,99.99701225280762
2025-11-26 11:49:15.532455,s3-eth2,0.0029877471923828126,99.99701225280762
2025-11-26 11:49:16.533334,s1-eth1,0.0029877471923828126,99.99701225280762
2025-11-26 11:49:16.533438,s2-eth2,0.0029877471923828126,99.99701225280762
2025-11-26 11:49:16.533585,s3-eth2,0.0029877471923828126,99.99701225280762
2025-11-26 11:49:17.534476,s1-eth1,0.0029877471923828126,99.99701225280762
2025-11-26 11:49:17.534578,s2-eth2,0.0029877471923828126,99.99701225280762
2025-11-26 11:49:17.534725,s3-eth2,0.0029877471923828126,99.99701225280762
2025-11-26 11:49:18.535607,s1-eth1,0.0029877471923828126,99.99701225280762
2025-11-26 11:49:18.535711,s2-eth2,0.0029877471923828126,99.99701225280762
2025-11-26 11:49:18.535857,s3-eth2,0.0029877471923828126,99.99701225280762
2025-11-26 11:49:19.536734,s1-eth1,0.0029877471923828126,99.99701225280762
2025-11-26 11:49:19.536838,s2-eth2,0.0029877471923828126,99.99701225280762
2025-11-26 11:49:19.536985,s3-eth2,0.0029877471923828126,99.99701225280762
2025-11-26 11:49:20.538000,s1-eth1,0.0029877471923828126,99.99701225280762
2025-11-26 11:49:20.538104,s2-eth2,0.0029877471923828126,99.99701225280762
2025-11-26 11:49:20.538253,s3-eth2,0.0029877471923828126,99.99701225280762
2025-11-26 11:49:21.539135,s1-eth1,0.0029877471923828126,99.99701225280762
2025-11-26 11:49:21.539238,s2-eth2,0.0029877471923828126,99.99701225280762
2025-11-26 11:49:21.539386,s3-eth2,0.0029877471923828126,99.99701225280762
2025-11-26 11:49:22.540278,s1-eth1,0.0029877471923828126,99.99701225280762
2025-11-26 11:49:22.540382,s2-eth2,0.0029877471923828126,99.99701225280762
2025-11-26 11:49:22.540529,s3-eth2,0.0029877471923828126,99.99701225280762
2025-11-26 11:49:23.541410,s1-eth1,0.0029877471923828126,99.99701225280762
2025-11-26 11:49:23.541514,s2-eth2,0.0029877471923828126,99.99701225280762
2025-11-26 11:49:23.541660,s3-eth2,0.0029877471923828126,99.99701225280762
2025-11-26 11:49:24.542563,s1-eth1,0.0029877471923828126,99.99701225280762
2025-11-26 11:49:24.542668,s2-eth2,0.0029877471923828126,99.99701225280762
2025-11-26 11:49:24.542818,s3-eth2,0.0029877471923828126,99.99701225280762
2025-11-26 11:49:25.543716,s1-eth1,0.0029877471923828126,99.99701225280762
2025-11-26 11:49:25.543820,s2-eth2,0.0029877471923828126,99.99701225280762
2025-11-26 11:49:25.543967,s3-eth2,0.0029877471923828126,99.99701225280762
2025-11-26 11:49:26.544846,s1-eth1,0.0029877471923828126,99.99701225280762
2025-11-26 11:49:26.544950,s2-eth2,0.0029877471923828126,99.99701225280762
2025-11-26 11:49:26.545098,s3-eth2,0.0029877471923828126,99.99701225280762
2025-11-26 11:49:27.545976,s1-eth1,0.0029877471923828126,99.99701225280762
2025-11-26 11:49:27.546095,s2-eth2,0.0036279296875,99.9963720703125
2025-11-26 11:49:27.546242,s3-eth2,0.0036279296875,99.9963720703125
2025-11-26 11:49:28.547154,s1-eth1,0.0029877471923828126,99.99701225280762
2025-11-26 11:49:28.547273,s2-eth2,0.0029877471923828126,99.99701225280762
2025-11-26 11:49:28.547424,s3-eth2,0.0029877471923828126,99.99701225280762
2025-11-26 11:49:29.548293,s1-eth1,0.0029877471923828126,99.99701225280762
2025-11-26 11:49:29.548410,s2-eth2,0.0029877471923828126,99.99701225280762
2025-11-26 11:49:29.548558,s3-eth2,0.0029877471923828126,99.99701225280762
2025-11-26 11:49:30.549408,s1-eth1,0.0029877471923828126,99.99701225280762
2025-11-26 11:49:30.549513,s2-eth2,0.0029877471923828126,99.99701225280762
2025-11-26 11:49:30.549673,s3-eth2,0.0029877471923828126,99.99701225280762
2025-11-26 11:49:31.550526,s1-eth1,0.0029877471923828126,99.99701225280762
2025-11-26 11:49:31.550630,s2-eth2,0.0029877471923828126,99.99701225280762
2025-11-26 11:49:31.550790,s3-eth2,0.0029877471923828126,99.99701225280762
2025-11-26 11:49:32.551673,s1-eth1,0.0029877471923828126,99.99701225280762
2025-11-26 11:49:32.551775,s2-eth2,0.0029877471923828126,99.99701225280762
2025-11-26 11:49:32.551944,s3-eth2,0.0029877471923828126,99.99701225280762
2025-11-26 11:49:33.552798,s1-eth1,0.0029877471923828126,99.99701225280762
2025-11-26 11:49:33.552902,s2-eth2,0.0029877471923828126,99.99701225280762
2025-11-26 11:49:33.553050,s3-eth2,0.0029877471923828126,99.99701225280762
2025-11-26 11:49:34.553922,s1-eth1,0.0036279296875,99.9963720703125
2025-11-26 11:49:34.554026,s2-eth2,0.0036279296875,99.9963720703125
2025-11-26 11:49:34.554174,s3-eth2,0.0036279296875,99.9963720703125
2025-11-26 11:49:35.555057,s1-eth1,0.0029877471923828126,99.99701225280762
2025-11-26 11:49:35.555161,s2-eth2,0.0029877471923828126,99.99701225280762
2025-11-26 11:49:35.555308,s3-eth2,0.0029877471923828126,99.99701225280762
2025-11-26 11:49:36.556174,s1-eth1,0.0036279296875,99.9963720703125
2025-11-26 11:49:36.556277,s2-eth2,0.0029877471923828126,99.99701225280762
2025-11-26 11:49:36.556425,s3-eth2,0.0029877471923828126,99.99701225280762
2025-11-26 11:49:37.557281,s1-eth1,0.0029877471923828126,99.99701225280762
2025-11-26 11:49:37.557385,s2-eth2,0.0029877471923828126,99.99701225280762
2025-11-26 11:49:37.557532,s3-eth2,0.0029877471923828126,99.99701225280762
2025-11-26 11:49:38.558408,s1-eth1,0.0029877471923828126,99.99701225280762
2025-11-26 11:49:38.558513,s2-eth2,0.0029877471923828126,99.99701225280762
2025-11-26 11:49:38.558661,s3-eth2,0.0029877471923828126,99.99701225280762
2025-11-26 11:49:39.559540,s1-eth1,0.0029877471923828126,99.99701225280762
2025-11-26 11:49:39.559644,s2-eth2,0.0029877471923828126,99.99701225280762
2025-11-26 11:49:39.559791,s3-eth2,0.0029877471923828126,99.99701225280762
2025-11-26 11:49:40.560708,s1-eth1,0.0029877471923828126,99.99701225280762
2025-11-26 11:49:40.560812,s2-eth2,0.0029877471923828126,99.99701225280762
2025-11-26 11:49:40.560958,s3-eth2,0.0029877471923828126,99.99701225280762
2025-11-26 11:49:41.561812,s1-eth1,0.0029877471923828126,99.99701225280762
2025-11-26 11:49:41.561915,s2-eth2,0.0029877471923828126,99.99701225280762
2025-11-26 11:49:41.562061,s3-eth2,0.0029877471923828126,99.99701225280762
2025-11-26 11:49:42.562966,s1-eth1,0.0042681884765625,99.99573181152344
2025-11-26 11:49:42.563071,s2-eth2,0.0036279296875,99.9963720703125
2025-11-26 11:49:42.563219,s3-eth2,0.0036279296875,99.9963720703125
2025-11-26 11:49:43.564094,s1-eth1,0.0029877471923828126,99.99701225280762
2025-11-26 11:49:43.564198,s2-eth2,0.0036279296875,99.9963720703125
2025-11-26 11:49:43.564344,s3-eth2,0.0036279296875,99.9963720703125
2025-11-26 11:49:44.565238,s1-eth1,0.0029877471923828126,99.99701225280762
2025-11-26 11:49:44.565340,s2-eth2,0.0029877471923828126,99.99701225280762
2025-11-26 11:49:44.565487,s3-eth2,0.0029877471923828126,99.99701225280762
2025-11-26 11:49:45.566477,s1-eth1,0.0029877471923828126,99.99701225280762
2025-11-26 11:49:45.566580,s2-eth2,0.0029877471923828126,99.99701225280762
2025-11-26 11:49:45.566728,s3-eth2,0.0029877471923828126,99.99701225280762
2025-11-26 11:49:46.567602,s1-eth1,0.0029877471923828126,99.99701225280762
2025-11-26 11:49:46.567706,s2-eth2,0.0029877471923828126,99.99701225280762
2025-11-26 11:49:46.567852,s3-eth2,0.0029877471923828126,99.99701225280762
2025-11-26 11:49:47.568740,s1-eth1,0.0029877471923828126,99.99701225280762
2025-11-26 11:49:47.568843,s2-eth2,0.0029877471923828126,99.99701225280762
2025-11-26 11:49:47.568990,s3-eth2,0.0029877471923828126,99.99701225280762
2025-11-26 11:49:48.569860,s1-eth1,0.0029877471923828126,99.99701225280762
2025-11-26 11:49:48.569977,s2-eth2,0.0029877471923828126,99.99701225280762
2025-11-26 11:49:48.570126,s3-eth2,0.0029877471923828126,99.99701225280762
2025-11-26 11:49:49.570996,s1-eth1,0.0029877471923828126,99.99701225280762
2025-11-26 11:49:49.571113,s2-eth2,0.0029877471923828126,99.99701225280762
2025-11-26 11:49:49.571260,s3-eth2,0.0029877471923828126,99.99701225280762
2025-11-26 11:49:50.572203,s1-eth1,0.0029877471923828126,99.99701225280762
2025-11-26 11:49:50.572320,s2-eth2,0.0029877471923828126,99.99701225280762
2025-11-26 11:49:50.572471,s3-eth2,0.0029877471923828126,99.99701225280762
2025-11-26 11:49:51.573326,s1-eth1,0.0029877471923828126,99.99701225280762
2025-11-26 11:49:51.573443,s2-eth2,0.0029877471923828126,99.99701225280762
2025-11-26 11:49:51.573591,s3-eth2,0.0029877471923828126,99.99701225280762
2025-11-26 11:49:52.574469,s1-eth1,0.0029877471923828126,99.99701225280762
2025-11-26 11:49:52.574573,s2-eth2,0.0029877471923828126,99.99701225280762
2025-11-26 11:49:52.574734,s3-eth2,0.0029877471923828126,99.99701225280762
2025-11-26 11:49:53.575610,s1-eth1,0.0029877471923828126,99.99701225280762
2025-11-26 11:49:53.575713,s2-eth2,0.0029877471923828126,99.99701225280762
2025-11-26 11:49:53.575873,s3-eth2,0.0029877471923828126,99.99701225280762
2025-11-26 11:49:54.576755,s1-eth1,0.0029877471923828126,99.99701225280762
2025-11-26 11:49:54.576858,s2-eth2,0.0036279296875,99.9963720703125
2025-11-26 11:49:54.577020,s3-eth2,0.0036279296875,99.9963720703125
2025-11-26 11:49:55.577891,s1-eth1,0.0029877471923828126,99.99701225280762
2025-11-26 11:49:55.577993,s2-eth2,0.0029877471923828126,99.99701225280762
2025-11-26 11:49:55.578140,s3-eth2,0.0029877471923828126,99.99701225280762
2025-11-26 11:49:56.579021,s1-eth1,0.0029877471923828126,99.99701225280762
2025-11-26 11:49:56.579124,s2-eth2,0.0029877471923828126,99.99701225280762
2025-11-26 11:49:56.579272,s3-eth2,0.0029877471923828126,99.99701225280762
2025-11-26 11:49:57.580154,s1-eth1,0.0029877471923828126,99.99701225280762
2025-11-26 11:49:57.580258,s2-eth2,0.0029877471923828126,99.99701225280762
2025-11-26 11:49:57.580406,s3-eth2,0.0029877471923828126,99.99701225280762
2025-11-26 11:49:58.581300,s1-eth1,0.0029877471923828126,99.99701225280762
2025-11-26 11:49:58.581406,s2-eth2,0.0029877471923828126,99.99701225280762
2025-11-26 11:49:58.581554,s3-eth2,0.0029877471923828126,99.99701225280762
2025-11-26 11:49:59.582426,s1-eth1,0.0029877471923828126,99.99701225280762
2025-11-26 11:49:59.582529,s2-eth2,0.0029877471923828126,99.99701225280762
2025-11-26 11:49:59.582677,s3-eth2,0.0029877471923828126,99.99701225280762
2025-11-26 11:50:00.583654,s1-eth1,0.0029877471923828126,99.99701225280762
2025-11-26 11:50:00.583757,s2-eth2,0.0029877471923828126,99.99701225280762
2025-11-26 11:50:00.583904,s3-eth2,0.0029877471923828126,99.99701225280762
2025-11-26 11:50:01.584768,s1-eth1,0.0029877471923828126,99.99701225280762
2025-11-26 11:50:01.584871,s2-eth2,0.0029877471923828126,99.99701225280762
2025-11-26 11:50:01.585018,s3-eth2,0.0029877471923828126,99.99701225280762
2025-11-26 11:50:02.585906,s1-eth1,0.0029877471923828126,99.99701225280762
2025-11-26 11:50:02.586010,s2-eth2,0.0029877471923828126,99.99701225280762
2025-11-26 11:50:02.586158,s3-eth2,0.0029877471923828126,99.99701225280762
2025-11-26 11:50:03.587037,s1-eth1,0.0029877471923828126,99.99701225280762
2025-11-26 11:50:03.587141,s2-eth2,0.0029877471923828126,99.99701225280762
2025-11-26 11:50:03.587288,s3-eth2,0.0029877471923828126,99.99701225280762
2025-11-26 11:50:04.588164,s1-eth1,0.0029877471923828126,99.99701225280762
2025-11-26 11:50:04.588268,s2-eth2,0.0029877471923828126,99.99701225280762
2025-11-26 11:50:04.588414,s3-eth2,0.0029877471923828126,99.99701225280762
2025-11-26 11:50:05.589343,s1-eth1,0.0029877471923828126,99.99701225280762
2025-11-26 11:50:05.589445,s2-eth2,0.0029877471923828126,99.99701225280762
2025-11-26 11:50:05.589593,s3-eth2,0.0029877471923828126,99.99701225280762
2025-11-26 11:50:06.590445,s1-eth1,0.0029877471923828126,99.99701225280762
2025-11-26 11:50:06.590547,s2-eth2,0.0029877471923828126,99.99701225280762
2025-11-26 11:50:06.590695,s3-eth2,0.0029877471923828126,99.99701225280762
2025-11-26 11:50:07.591609,s1-eth1,0.0029877471923828126,99.99701225280762
2025-11-26 11:50:07.591713,s2-eth2,0.0029877471923828126,99.99701225280762
2025-11-26 11:50:07.591860,s3-eth2,0.0029877471923828126,99.99701225280762
2025-11-26 11:50:08.592732,s1-eth1,0.0029877471923828126,99.99701225280762
2025-11-26 11:50:08.592835,s2-eth2,0.0029877471923828126,99.99701225280762
2025-11-26 11:50:08.592981,s3-eth2,0.0029877471923828126,99.99701225280762
2025-11-26 11:50:09.593852,s1-eth1,0.0029877471923828126,99.99701225280762
2025-11-26 11:50:09.593955,s2-eth2,0.0029877471923828126,99.99701225280762
2025-11-26 11:50:09.594103,s3-eth2,0.0029877471923828126,99.99701225280762
2025-11-26 11:50:10.594893,s1-eth1,0.0029877471923828126,99.99701225280762
2025-11-26 11:50:10.594978,s2-eth2,0.0029877471923828126,99.99701225280762
2025-11-26 11:50:10.595086,s3-eth2,0.00299072265625,99.99700927734375
2025-11-26 11:50:11.595858,s1-eth1,0.00299072265625,99.99700927734375
2025-11-26 11:50:11.595973,s2-eth2,0.00299072265625,99.99700927734375
2025-11-26 11:50:11.596121,s3-eth2,0.0029877471923828126,99.99701225280762
2025-11-26 11:50:12.596983,s1-eth1,0.0029877471923828126,99.99701225280762
2025-11-26 11:50:12.597100,s2-eth2,0.0029877471923828126,99.99701225280762
2025-11-26 11:50:12.597247,s3-eth2,0.0029877471923828126,99.99701225280762
2025-11-26 11:50:13.598100,s1-eth1,0.0036279296875,99.9963720703125
2025-11-26 11:50:13.598204,s2-eth2,0.0036279296875,99.9963720703125
2025-11-26 11:50:13.598364,s3-eth2,0.0036279296875,99.9963720703125
2025-11-26 11:50:14.599222,s1-eth1,0.0029877471923828126,99.99701225280762
2025-11-26 11:50:14.599326,s2-eth2,0.0029877471923828126,99.99701225280762
2025-11-26 11:50:14.599484,s3-eth2,0.0029877471923828126,99.99701225280762
2025-11-26 11:50:15.600403,s1-eth1,0.0036279296875,99.9963720703125
2025-11-26 11:50:15.600506,s2-eth2,0.0029877471923828126,99.99701225280762
2025-11-26 11:50:15.600664,s3-eth2,0.0029877471923828126,99.99701225280762
2025-11-26 11:50:16.601530,s1-eth1,0.0029877471923828126,99.99701225280762
2025-11-26 11:50:16.601635,s2-eth2,0.0036279296875,99.9963720703125
2025-11-26 11:50:16.601782,s3-eth2,0.0036279296875,99.9963720703125
2025-11-26 11:50:17.602670,s1-eth1,0.0029877471923828126,99.99701225280762
2025-11-26 11:50:17.602773,s2-eth2,0.0029877471923828126,99.99701225280762
2025-11-26 11:50:17.602933,s3-eth2,0.0029877471923828126,99.99701225280762
2025-11-26 11:50:18.603807,s1-eth1,0.0029877471923828126,99.99701225280762
2025-11-26 11:50:18.603910,s2-eth2,0.0029877471923828126,99.99701225280762
2025-11-26 11:50:18.604057,s3-eth2,0.0029877471923828126,99.99701225280762
2025-11-26 11:50:19.604923,s1-eth1,0.0029877471923828126,99.99701225280762
2025-11-26 11:50:19.605027,s2-eth2,0.0029877471923828126,99.99701225280762
2025-11-26 11:50:19.605173,s3-eth2,0.0029877471923828126,99.99701225280762
2025-11-26 11:50:20.606085,s1-eth1,0.0029877471923828126,99.99701225280762
2025-11-26 11:50:20.606188,s2-eth2,0.0029877471923828126,99.99701225280762
2025-11-26 11:50:20.606334,s3-eth2,0.0029877471923828126,99.99701225280762
2025-11-26 11:50:21.607225,s1-eth1,0.0036279296875,99.9963720703125
2025-11-26 11:50:21.607329,s2-eth2,0.0036279296875,99.9963720703125
2025-11-26 11:50:21.607477,s3-eth2,0.0036279296875,99.9963720703125
2025-11-26 11:50:22.608362,s1-eth1,0.0029877471923828126,99.99701225280762
2025-11-26 11:50:22.608465,s2-eth2,0.0029877471923828126,99.99701225280762
2025-11-26 11:50:22.608611,s3-eth2,0.0029877471923828126,99.99701225280762
2025-11-26 11:50:23.609177,s1-eth1,0.003631591796875,99.99636840820312
2025-11-26 11:50:23.609215,s2-eth2,0.003631591796875,99.99636840820312
2025-11-26 11:50:23.609269,s3-eth2,0.003631591796875,99.99636840820312
2025-11-26 11:50:24.609980,s1-eth1,0.00299072265625,99.99700927734375
2025-11-26 11:50:24.610083,s2-eth2,0.00299072265625,99.99700927734375
2025-11-26 11:50:24.610229,s3-eth2,0.00299072265625,99.99700927734375
2025-11-26 11:50:25.611124,s1-eth1,0.0029877471923828126,99.99701225280762
2025-11-26 11:50:25.611228,s2-eth2,0.0029877471923828126,99.99701225280762
2025-11-26 11:50:25.611374,s3-eth2,0.0029877471923828126,99.99701225280762
2025-11-26 11:50:26.612227,s1-eth1,0.0029877471923828126,99.99701225280762
2025-11-26 11:50:26.612331,s2-eth2,0.0029877471923828126,99.99701225280762
2025-11-26 11:50:26.612478,s3-eth2,0.0029877471923828126,99.99701225280762
2025-11-26 11:50:27.613355,s1-eth1,0.0029877471923828126,99.99701225280762
2025-11-26 11:50:27.613459,s2-eth2,0.0029877471923828126,99.99701225280762
2025-11-26 11:50:27.613605,s3-eth2,0.0029877471923828126,99.99701225280762
2025-11-26 11:50:28.614461,s1-eth1,0.0029877471923828126,99.99701225280762
2025-11-26 11:50:28.614564,s2-eth2,0.0029877471923828126,99.99701225280762
2025-11-26 11:50:28.614710,s3-eth2,0.0029877471923828126,99.99701225280762
2025-11-26 11:50:29.615571,s1-eth1,0.0029877471923828126,99.99701225280762
2025-11-26 11:50:29.615674,s2-eth2,0.0029877471923828126,99.99701225280762
2025-11-26 11:50:29.615820,s3-eth2,0.0029877471923828126,99.99701225280762
2025-11-26 11:50:30.616788,s1-eth1,0.0029877471923828126,99.99701225280762
2025-11-26 11:50:30.616892,s2-eth2,0.0029877471923828126,99.99701225280762
2025-11-26 11:50:30.617037,s3-eth2,0.0029877471923828126,99.99701225280762
2025-11-26 11:50:31.617884,s1-eth1,0.0029877471923828126,99.99701225280762
2025-11-26 11:50:31.617987,s2-eth2,0.0029877471923828126,99.99701225280762
2025-11-26 11:50:31.618136,s3-eth2,0.0029877471923828126,99.99701225280762
2025-11-26 11:50:32.619015,s1-eth1,0.0029877471923828126,99.99701225280762
2025-11-26 11:50:32.619131,s2-eth2,0.0029877471923828126,99.99701225280762
2025-11-26 11:50:32.619278,s3-eth2,0.0029877471923828126,99.99701225280762
2025-11-26 11:50:33.620171,s1-eth1,0.0029877471923828126,99.99701225280762
2025-11-26 11:50:33.620287,s2-eth2,0.0029877471923828126,99.99701225280762
2025-11-26 11:50:33.620434,s3-eth2,0.0029877471923828126,99.99701225280762
2025-11-26 11:50:34.621275,s1-eth1,0.0029877471923828126,99.99701225280762
2025-11-26 11:50:34.621391,s2-eth2,0.0029877471923828126,99.99701225280762
2025-11-26 11:50:34.621537,s3-eth2,0.0029877471923828126,99.99701225280762
2025-11-26 11:50:35.622699,s1-eth1,0.0029877471923828126,99.99701225280762
2025-11-26 11:50:35.622802,s2-eth2,0.0029877471923828126,99.99701225280762
2025-11-26 11:50:35.622991,s3-eth2,0.0029877471923828126,99.99701225280762
2025-11-26 11:50:36.624055,s1-eth1,0.0029877471923828126,99.99701225280762
2025-11-26 11:50:36.624158,s2-eth2,0.0029877471923828126,99.99701225280762
2025-11-26 11:50:36.624320,s3-eth2,0.0029877471923828126,99.99701225280762
2025-11-26 11:50:37.625373,s1-eth1,0.0029877471923828126,99.99701225280762
2025-11-26 11:50:37.625477,s2-eth2,0.0029877471923828126,99.99701225280762
2025-11-26 11:50:37.625637,s3-eth2,0.0029877471923828126,99.99701225280762
2025-11-26 11:50:38.626691,s1-eth1,0.0029877471923828126,99.99701225280762
2025-11-26 11:50:38.626918,s2-eth2,0.0029877471923828126,99.99701225280762
2025-11-26 11:50:38.627153,s3-eth2,0.0029877471923828126,99.99701225280762
2025-11-26 11:50:39.628447,s1-eth1,0.0029877471923828126,99.99701225280762
2025-11-26 11:50:39.628616,s2-eth2,0.0029877471923828126,99.99701225280762
2025-11-26 11:50:39.628857,s3-eth2,0.0029877471923828126,99.99701225280762
2025-11-26 11:50:40.630180,s1-eth1,0.0029877471923828126,99.99701225280762
2025-11-26 11:50:40.630363,s2-eth2,0.0029877471923828126,99.99701225280762
2025-11-26 11:50:40.630539,s3-eth2,0.0029877471923828126,99.99701225280762
2025-11-26 11:50:41.631672,s1-eth1,0.0029877471923828126,99.99701225280762
2025-11-26 11:50:41.631788,s2-eth2,0.0029877471923828126,99.99701225280762
2025-11-26 11:50:41.631934,s3-eth2,0.0029877471923828126,99.99701225280762
2025-11-26 11:50:42.633077,s1-eth1,0.0029877471923828126,99.99701225280762
2025-11-26 11:50:42.633186,s2-eth2,0.0029877471923828126,99.99701225280762
2025-11-26 11:50:42.633333,s3-eth2,0.0029877471923828126,99.99701225280762
2025-11-26 11:50:43.634433,s1-eth1,0.0029877471923828126,99.99701225280762
2025-11-26 11:50:43.634537,s2-eth2,0.0029877471923828126,99.99701225280762
2025-11-26 11:50:43.634683,s3-eth2,0.0029877471923828126,99.99701225280762
2025-11-26 11:50:44.635807,s1-eth1,0.0029877471923828126,99.99701225280762
2025-11-26 11:50:44.635911,s2-eth2,0.0029877471923828126,99.99701225280762
2025-11-26 11:50:44.636056,s3-eth2,0.0029877471923828126,99.99701225280762
2025-11-26 11:50:45.637267,s1-eth1,0.0029877471923828126,99.99701225280762
2025-11-26 11:50:45.637372,s2-eth2,0.0029877471923828126,99.99701225280762
2025-11-26 11:50:45.637519,s3-eth2,0.0029877471923828126,99.99701225280762
2025-11-26 11:50:46.638389,s1-eth1,0.0029877471923828126,99.99701225280762
2025-11-26 11:50:46.638495,s2-eth2,0.0029877471923828126,99.99701225280762
2025-11-26 11:50:46.638641,s3-eth2,0.0029877471923828126,99.99701225280762
2025-11-26 11:50:47.639543,s1-eth1,0.0029877471923828126,99.99701225280762
2025-11-26 11:50:47.639647,s2-eth2,0.0029877471923828126,99.99701225280762
2025-11-26 11:50:47.639792,s3-eth2,0.0029877471923828126,99.99701225280762
2025-11-26 11:50:48.640657,s1-eth1,0.0036279296875,99.9963720703125
2025-11-26 11:50:48.640762,s2-eth2,0.0029877471923828126,99.99701225280762
2025-11-26 11:50:48.640909,s3-eth2,0.0029877471923828126,99.99701225280762
2025-11-26 11:50:49.641764,s1-eth1,0.0029877471923828126,99.99701225280762
2025-11-26 11:50:49.641867,s2-eth2,0.0029877471923828126,99.99701225280762
2025-11-26 11:50:49.642013,s3-eth2,0.0029877471923828126,99.99701225280762
2025-11-26 11:50:50.643020,s1-eth1,0.0029877471923828126,99.99701225280762
2025-11-26 11:50:50.643125,s2-eth2,0.0036279296875,99.9963720703125
2025-11-26 11:50:50.643272,s3-eth2,0.0036279296875,99.9963720703125
2025-11-26 11:50:51.644147,s1-eth1,0.0029877471923828126,99.99701225280762
2025-11-26 11:50:51.644252,s2-eth2,0.0036279296875,99.9963720703125
2025-11-26 11:50:51.644399,s3-eth2,0.0036279296875,99.9963720703125
2025-11-26 11:50:52.645261,s1-eth1,0.0036279296875,99.9963720703125
2025-11-26 11:50:52.645365,s2-eth2,0.0036279296875,99.9963720703125
2025-11-26 11:50:52.645512,s3-eth2,0.0036279296875,99.9963720703125
2025-11-26 11:50:53.646350,s1-eth1,0.0029877471923828126,99.99701225280762
2025-11-26 11:50:53.646466,s2-eth2,0.0029877471923828126,99.99701225280762
2025-11-26 11:50:53.646612,s3-eth2,0.0029877471923828126,99.99701225280762
2025-11-26 11:50:54.647478,s1-eth1,0.0029877471923828126,99.99701225280762
2025-11-26 11:50:54.647596,s2-eth2,0.0029877471923828126,99.99701225280762
2025-11-26 11:50:54.647742,s3-eth2,0.0029877471923828126,99.99701225280762
2025-11-26 11:50:55.648689,s1-eth1,0.0029877471923828126,99.99701225280762
2025-11-26 11:50:55.648803,s2-eth2,0.0029877471923828126,99.99701225280762
2025-11-26 11:50:55.648950,s3-eth2,0.0029877471923828126,99.99701225280762
2025-11-26 11:50:56.649798,s1-eth1,0.0029877471923828126,99.99701225280762
2025-11-26 11:50:56.649902,s2-eth2,0.0029877471923828126,99.99701225280762
2025-11-26 11:50:56.650062,s3-eth2,0.0029877471923828126,99.99701225280762
2025-11-26 11:50:57.650909,s1-eth1,0.0029877471923828126,99.99701225280762
2025-11-26 11:50:57.651012,s2-eth2,0.0029877471923828126,99.99701225280762
2025-11-26 11:50:57.651170,s3-eth2,0.0029877471923828126,99.99701225280762
2025-11-26 11:50:58.652013,s1-eth1,0.0029877471923828126,99.99701225280762
2025-11-26 11:50:58.652117,s2-eth2,0.0029877471923828126,99.99701225280762
2025-11-26 11:50:58.652276,s3-eth2,0.0029877471923828126,99.99701225280762
2025-11-26 11:50:59.653118,s1-eth1,0.0029877471923828126,99.99701225280762
2025-11-26 11:50:59.653221,s2-eth2,0.0029877471923828126,99.99701225280762
2025-11-26 11:50:59.653368,s3-eth2,0.0029877471923828126,99.99701225280762
2025-11-26 11:51:00.654339,s1-eth1,0.0036279296875,99.9963720703125
2025-11-26 11:51:00.654446,s2-eth2,0.0036279296875,99.9963720703125
2025-11-26 11:51:00.654592,s3-eth2,0.0036279296875,99.9963720703125
2025-11-26 11:51:01.655466,s1-eth1,0.0029877471923828126,99.99701225280762
2025-11-26 11:51:01.655569,s2-eth2,0.0029877471923828126,99.99701225280762
2025-11-26 11:51:01.655714,s3-eth2,0.0029877471923828126,99.99701225280762
2025-11-26 11:51:02.656572,s1-eth1,0.0029877471923828126,99.99701225280762
2025-11-26 11:51:02.656675,s2-eth2,0.0029877471923828126,99.99701225280762
2025-11-26 11:51:02.656822,s3-eth2,0.0029877471923828126,99.99701225280762
2025-11-26 11:51:03.657683,s1-eth1,0.0029877471923828126,99.99701225280762
2025-11-26 11:51:03.657786,s2-eth2,0.0029877471923828126,99.99701225280762
2025-11-26 11:51:03.657932,s3-eth2,0.0029877471923828126,99.99701225280762
2025-11-26 11:51:04.658801,s1-eth1,0.0029877471923828126,99.99701225280762
2025-11-26 11:51:04.658922,s2-eth2,0.0029877471923828126,99.99701225280762
2025-11-26 11:51:04.659068,s3-eth2,0.0029877471923828126,99.99701225280762
2025-11-26 11:51:05.659929,s1-eth1,0.0029877471923828126,99.99701225280762
2025-11-26 11:51:05.660032,s2-eth2,0.0029877471923828126,99.99701225280762
2025-11-26 11:51:05.660177,s3-eth2,0.0029877471923828126,99.99701225280762
2025-11-26 11:51:06.661046,s1-eth1,0.0029877471923828126,99.99701225280762
2025-11-26 11:51:06.661149,s2-eth2,0.0029877471923828126,99.99701225280762
2025-11-26 11:51:06.661296,s3-eth2,0.0029877471923828126,99.99701225280762
2025-11-26 11:51:07.662164,s1-eth1,0.0029877471923828126,99.99701225280762
2025-11-26 11:51:07.662267,s2-eth2,0.0029877471923828126,99.99701225280762
2025-11-26 11:51:07.662413,s3-eth2,0.0029877471923828126,99.99701225280762
2025-11-26 11:51:08.663338,s1-eth1,0.0029877471923828126,99.99701225280762
2025-11-26 11:51:08.663441,s2-eth2,0.0029877471923828126,99.99701225280762
2025-11-26 11:51:08.663586,s3-eth2,0.0029877471923828126,99.99701225280762
2025-11-26 11:51:09.664439,s1-eth1,0.0029877471923828126,99.99701225280762
2025-11-26 11:51:09.664542,s2-eth2,0.0029877471923828126,99.99701225280762
2025-11-26 11:51:09.664687,s3-eth2,0.0029877471923828126,99.99701225280762
2025-11-26 11:51:10.665670,s1-eth1,0.0036279296875,99.9963720703125
2025-11-26 11:51:10.665773,s2-eth2,0.0029877471923828126,99.99701225280762
2025-11-26 11:51:10.665918,s3-eth2,0.0029877471923828126,99.99701225280762
2025-11-26 11:51:11.666800,s1-eth1,0.0029877471923828126,99.99701225280762
2025-11-26 11:51:11.666920,s2-eth2,0.0029877471923828126,99.99701225280762
2025-11-26 11:51:11.667071,s3-eth2,0.0029877471923828126,99.99701225280762
2025-11-26 11:51:12.667932,s1-eth1,0.0029877471923828126,99.99701225280762
2025-11-26 11:51:12.668035,s2-eth2,0.0029877471923828126,99.99701225280762
2025-11-26 11:51:12.668181,s3-eth2,0.0029877471923828126,99.99701225280762
2025-11-26 11:51:13.669069,s1-eth1,0.0029877471923828126,99.99701225280762
2025-11-26 11:51:13.669174,s2-eth2,0.0029877471923828126,99.99701225280762
2025-11-26 11:51:13.669321,s3-eth2,0.0029877471923828126,99.99701225280762
2025-11-26 11:51:14.670175,s1-eth1,0.0029877471923828126,99.99701225280762
2025-11-26 11:51:14.670293,s2-eth2,0.0029877471923828126,99.99701225280762
2025-11-26 11:51:14.670438,s3-eth2,0.0029877471923828126,99.99701225280762
2025-11-26 11:51:15.671422,s1-eth1,0.0029877471923828126,99.99701225280762
2025-11-26 11:51:15.671538,s2-eth2,0.0029877471923828126,99.99701225280762
2025-11-26 11:51:15.671684,s3-eth2,0.0029877471923828126,99.99701225280762
2025-11-26 11:51:16.672525,s1-eth1,0.0029877471923828126,99.99701225280762
2025-11-26 11:51:16.672641,s2-eth2,0.0029877471923828126,99.99701225280762
2025-11-26 11:51:16.672788,s3-eth2,0.0029877471923828126,99.99701225280762
2025-11-26 11:51:17.673628,s1-eth1,0.0029877471923828126,99.99701225280762
2025-11-26 11:51:17.673732,s2-eth2,0.0029877471923828126,99.99701225280762
2025-11-26 11:51:17.673891,s3-eth2,0.0029877471923828126,99.99701225280762
2025-11-26 11:51:18.674745,s1-eth1,0.0029877471923828126,99.99701225280762
2025-11-26 11:51:18.674860,s2-eth2,0.0036279296875,99.9963720703125
2025-11-26 11:51:18.675023,s3-eth2,0.0036279296875,99.9963720703125
2025-11-26 11:51:19.675867,s1-eth1,0.0029877471923828126,99.99701225280762
2025-11-26 11:51:19.675970,s2-eth2,0.0029877471923828126,99.99701225280762
2025-11-26 11:51:19.676129,s3-eth2,0.0029877471923828126,99.99701225280762
2025-11-26 11:51:20.677054,s1-eth1,0.0036279296875,99.9963720703125
2025-11-26 11:51:20.677158,s2-eth2,0.0029877471923828126,99.99701225280762
2025-11-26 11:51:20.677317,s3-eth2,0.0029877471923828126,99.99701225280762
2025-11-26 11:51:21.678158,s1-eth1,0.0029877471923828126,99.99701225280762
2025-11-26 11:51:21.678261,s2-eth2,0.0029877471923828126,99.99701225280762
2025-11-26 11:51:21.678408,s3-eth2,0.0029877471923828126,99.99701225280762
2025-11-26 11:51:22.679268,s1-eth1,0.0029877471923828126,99.99701225280762
2025-11-26 11:51:22.679371,s2-eth2,0.0029877471923828126,99.99701225280762
2025-11-26 11:51:22.679516,s3-eth2,0.0029877471923828126,99.99701225280762
2025-11-26 11:51:23.680370,s1-eth1,0.0029877471923828126,99.99701225280762
2025-11-26 11:51:23.680473,s2-eth2,0.0029877471923828126,99.99701225280762
2025-11-26 11:51:23.680618,s3-eth2,0.0029877471923828126,99.99701225280762
2025-11-26 11:51:24.681472,s1-eth1,0.0029877471923828126,99.99701225280762
2025-11-26 11:51:24.681576,s2-eth2,0.0036279296875,99.9963720703125
2025-11-26 11:51:24.681723,s3-eth2,0.0036279296875,99.9963720703125
2025-11-26 11:51:25.682682,s1-eth1,0.0029877471923828126,99.99701225280762
2025-11-26 11:51:25.682785,s2-eth2,0.0029877471923828126,99.99701225280762
2025-11-26 11:51:25.682945,s3-eth2,0.0029877471923828126,99.99701225280762
2025-11-26 11:51:26.683792,s1-eth1,0.0029877471923828126,99.99701225280762
2025-11-26 11:51:26.683895,s2-eth2,0.0029877471923828126,99.99701225280762
2025-11-26 11:51:26.684040,s3-eth2,0.0029877471923828126,99.99701225280762
2025-11-26 11:51:27.684890,s1-eth1,0.0029877471923828126,99.99701225280762
2025-11-26 11:51:27.684993,s2-eth2,0.0029877471923828126,99.99701225280762
2025-11-26 11:51:27.685139,s3-eth2,0.0029877471923828126,99.99701225280762
2025-11-26 11:51:28.685985,s1-eth1,0.0029877471923828126,99.99701225280762
2025-11-26 11:51:28.686089,s2-eth2,0.0029877471923828126,99.99701225280762
2025-11-26 11:51:28.686234,s3-eth2,0.0029877471923828126,99.99701225280762
2025-11-26 11:51:29.687112,s1-eth1,0.0029877471923828126,99.99701225280762
2025-11-26 11:51:29.687215,s2-eth2,0.0029877471923828126,99.99701225280762
2025-11-26 11:51:29.687361,s3-eth2,0.0029877471923828126,99.99701225280762
2025-11-26 11:51:30.688319,s1-eth1,0.0029877471923828126,99.99701225280762
2025-11-26 11:51:30.688422,s2-eth2,0.0029877471923828126,99.99701225280762
2025-11-26 11:51:30.688568,s3-eth2,0.0029877471923828126,99.99701225280762
2025-11-26 11:51:31.689445,s1-eth1,0.0036279296875,99.9963720703125
2025-11-26 11:51:31.689549,s2-eth2,0.0036279296875,99.9963720703125
2025-11-26 11:51:31.689695,s3-eth2,0.0036279296875,99.9963720703125
2025-11-26 11:51:32.690564,s1-eth1,0.0029877471923828126,99.99701225280762
2025-11-26 11:51:32.690668,s2-eth2,0.0029877471923828126,99.99701225280762
2025-11-26 11:51:32.690814,s3-eth2,0.0029877471923828126,99.99701225280762
2025-11-26 11:51:33.691679,s1-eth1,0.0029877471923828126,99.99701225280762
2025-11-26 11:51:33.691782,s2-eth2,0.0029877471923828126,99.99701225280762
2025-11-26 11:51:33.691928,s3-eth2,0.0029877471923828126,99.99701225280762
2025-11-26 11:51:34.692773,s1-eth1,0.0029877471923828126,99.99701225280762
2025-11-26 11:51:34.692876,s2-eth2,0.0029877471923828126,99.99701225280762
2025-11-26 11:51:34.693022,s3-eth2,0.0029877471923828126,99.99701225280762
2025-11-26 11:51:35.693988,s1-eth1,0.0029877471923828126,99.99701225280762
2025-11-26 11:51:35.694093,s2-eth2,0.0029877471923828126,99.99701225280762
2025-11-26 11:51:35.694238,s3-eth2,0.0029877471923828126,99.99701225280762
2025-11-26 11:51:36.695088,s1-eth1,0.0029877471923828126,99.99701225280762
2025-11-26 11:51:36.695205,s2-eth2,0.0029877471923828126,99.99701225280762
2025-11-26 11:51:36.695351,s3-eth2,0.0029877471923828126,99.99701225280762
2025-11-26 11:51:37.696184,s1-eth1,0.0029877471923828126,99.99701225280762
2025-11-26 11:51:37.696310,s2-eth2,0.0029877471923828126,99.99701225280762
2025-11-26 11:51:37.696455,s3-eth2,0.0029877471923828126,99.99701225280762
2025-11-26 11:51:38.697280,s1-eth1,0.0029877471923828126,99.99701225280762
2025-11-26 11:51:38.697396,s2-eth2,0.0029877471923828126,99.99701225280762
2025-11-26 11:51:38.697540,s3-eth2,0.0029877471923828126,99.99701225280762
2025-11-26 11:51:39.698388,s1-eth1,0.0036279296875,99.9963720703125
2025-11-26 11:51:39.698492,s2-eth2,0.0036279296875,99.9963720703125
2025-11-26 11:51:39.698653,s3-eth2,0.0036279296875,99.9963720703125
2025-11-26 11:51:40.699579,s1-eth1,0.0029877471923828126,99.99701225280762
2025-11-26 11:51:40.699682,s2-eth2,0.0029877471923828126,99.99701225280762
2025-11-26 11:51:40.699841,s3-eth2,0.0029877471923828126,99.99701225280762
2025-11-26 11:51:41.700675,s1-eth1,0.0029877471923828126,99.99701225280762
2025-11-26 11:51:41.700778,s2-eth2,0.0029877471923828126,99.99701225280762
2025-11-26 11:51:41.700935,s3-eth2,0.0029877471923828126,99.99701225280762
2025-11-26 11:51:42.701778,s1-eth1,0.0029877471923828126,99.99701225280762
2025-11-26 11:51:42.701882,s2-eth2,0.0029877471923828126,99.99701225280762
2025-11-26 11:51:42.702027,s3-eth2,0.0029877471923828126,99.99701225280762
2025-11-26 11:51:43.702888,s1-eth1,0.0029877471923828126,99.99701225280762
2025-11-26 11:51:43.702990,s2-eth2,0.0029877471923828126,99.99701225280762
2025-11-26 11:51:43.703136,s3-eth2,0.0029877471923828126,99.99701225280762
2025-11-26 11:51:44.703989,s1-eth1,0.0029877471923828126,99.99701225280762
2025-11-26 11:51:44.704092,s2-eth2,0.0029877471923828126,99.99701225280762
2025-11-26 11:51:44.704237,s3-eth2,0.0029877471923828126,99.99701225280762
2025-11-26 11:51:45.705214,s1-eth1,0.0029877471923828126,99.99701225280762
2025-11-26 11:51:45.705317,s2-eth2,0.0029877471923828126,99.99701225280762
2025-11-26 11:51:45.705462,s3-eth2,0.0029877471923828126,99.99701225280762
2025-11-26 11:51:46.706330,s1-eth1,0.0029877471923828126,99.99701225280762
2025-11-26 11:51:46.706436,s2-eth2,0.0036279296875,99.9963720703125
2025-11-26 11:51:46.706582,s3-eth2,0.0036279296875,99.9963720703125
2025-11-26 11:51:47.707452,s1-eth1,0.0029877471923828126,99.99701225280762
2025-11-26 11:51:47.707555,s2-eth2,0.0029877471923828126,99.99701225280762
2025-11-26 11:51:47.707700,s3-eth2,0.0029877471923828126,99.99701225280762
2025-11-26 11:51:48.708548,s1-eth1,0.0029877471923828126,99.99701225280762
2025-11-26 11:51:48.708651,s2-eth2,0.0029877471923828126,99.99701225280762
2025-11-26 11:51:48.708797,s3-eth2,0.0029877471923828126,99.99701225280762
2025-11-26 11:51:49.709643,s1-eth1,0.0029877471923828126,99.99701225280762
2025-11-26 11:51:49.709746,s2-eth2,0.0029877471923828126,99.99701225280762
2025-11-26 11:51:49.709892,s3-eth2,0.0029877471923828126,99.99701225280762
2025-11-26 11:51:50.710738,s1-eth1,0.0029877471923828126,99.99701225280762
2025-11-26 11:51:50.710841,s2-eth2,0.0029877471923828126,99.99701225280762
2025-11-26 11:51:50.711000,s3-eth2,0.0029877471923828126,99.99701225280762
2025-11-26 11:51:51.711848,s1-eth1,0.0029877471923828126,99.99701225280762
2025-11-26 11:51:51.711950,s2-eth2,0.0029877471923828126,99.99701225280762
2025-11-26 11:51:51.712095,s3-eth2,0.0029877471923828126,99.99701225280762
2025-11-26 11:51:52.712930,s1-eth1,0.0029877471923828126,99.99701225280762
2025-11-26 11:51:52.713034,s2-eth2,0.0029877471923828126,99.99701225280762
2025-11-26 11:51:52.713179,s3-eth2,0.0029877471923828126,99.99701225280762
2025-11-26 11:51:53.714037,s1-eth1,0.0036279296875,99.9963720703125
2025-11-26 11:51:53.714141,s2-eth2,0.0029877471923828126,99.99701225280762
2025-11-26 11:51:53.714286,s3-eth2,0.0029877471923828126,99.99701225280762
2025-11-26 11:51:54.715147,s1-eth1,0.0029877471923828126,99.99701225280762
2025-11-26 11:51:54.715250,s2-eth2,0.0029877471923828126,99.99701225280762
2025-11-26 11:51:54.715394,s3-eth2,0.0029877471923828126,99.99701225280762
2025-11-26 11:51:55.716361,s1-eth1,0.0029877471923828126,99.99701225280762
2025-11-26 11:51:55.716464,s2-eth2,0.0029877471923828126,99.99701225280762
2025-11-26 11:51:55.716608,s3-eth2,0.0029877471923828126,99.99701225280762
2025-11-26 11:51:56.717454,s1-eth1,0.0029877471923828126,99.99701225280762
2025-11-26 11:51:56.717557,s2-eth2,0.0029877471923828126,99.99701225280762
2025-11-26 11:51:56.717703,s3-eth2,0.0029877471923828126,99.99701225280762
2025-11-26 11:51:57.718575,s1-eth1,0.0036279296875,99.9963720703125
2025-11-26 11:51:57.718695,s2-eth2,0.0029877471923828126,99.99701225280762
2025-11-26 11:51:57.718856,s3-eth2,0.0029877471923828126,99.99701225280762
2025-11-26 11:51:58.719703,s1-eth1,0.0029877471923828126,99.99701225280762
2025-11-26 11:51:58.719819,s2-eth2,0.0029877471923828126,99.99701225280762
2025-11-26 11:51:58.719965,s3-eth2,0.0029877471923828126,99.99701225280762
2025-11-26 11:51:59.720840,s1-eth1,0.0029877471923828126,99.99701225280762
2025-11-26 11:51:59.720958,s2-eth2,0.0036279296875,99.9963720703125
2025-11-26 11:51:59.721106,s3-eth2,0.0036279296875,99.9963720703125
2025-11-26 11:52:00.722053,s1-eth1,0.0029877471923828126,99.99701225280762
2025-11-26 11:52:00.722157,s2-eth2,0.0029877471923828126,99.99701225280762
2025-11-26 11:52:00.722316,s3-eth2,0.0029877471923828126,99.99701225280762
2025-11-26 11:52:01.723175,s1-eth1,0.0029877471923828126,99.99701225280762
2025-11-26 11:52:01.723279,s2-eth2,0.0029877471923828126,99.99701225280762
2025-11-26 11:52:01.723438,s3-eth2,0.0029877471923828126,99.99701225280762
2025-11-26 11:52:02.724276,s1-eth1,0.0029877471923828126,99.99701225280762
2025-11-26 11:52:02.724379,s2-eth2,0.0029877471923828126,99.99701225280762
2025-11-26 11:52:02.724538,s3-eth2,0.0029877471923828126,99.99701225280762
2025-11-26 11:52:03.725371,s1-eth1,0.0029877471923828126,99.99701225280762
2025-11-26 11:52:03.725475,s2-eth2,0.0029877471923828126,99.99701225280762
2025-11-26 11:52:03.725621,s3-eth2,0.0029877471923828126,99.99701225280762
2025-11-26 11:52:04.726465,s1-eth1,0.0029877471923828126,99.99701225280762
2025-11-26 11:52:04.726568,s2-eth2,0.0029877471923828126,99.99701225280762
2025-11-26 11:52:04.726713,s3-eth2,0.0029877471923828126,99.99701225280762
2025-11-26 11:52:05.727666,s1-eth1,0.0029877471923828126,99.99701225280762
2025-11-26 11:52:05.727770,s2-eth2,0.0029877471923828126,99.99701225280762
2025-11-26 11:52:05.727915,s3-eth2,0.0029877471923828126,99.99701225280762
2025-11-26 11:52:06.728756,s1-eth1,0.0029877471923828126,99.99701225280762
2025-11-26 11:52:06.728860,s2-eth2,0.0029877471923828126,99.99701225280762
2025-11-26 11:52:06.729005,s3-eth2,0.0029877471923828126,99.99701225280762
2025-11-26 11:52:07.729854,s1-eth1,0.0029877471923828126,99.99701225280762
2025-11-26 11:52:07.729957,s2-eth2,0.0029877471923828126,99.99701225280762
2025-11-26 11:52:07.730103,s3-eth2,0.0029877471923828126,99.99701225280762
2025-11-26 11:52:08.730957,s1-eth1,0.0029877471923828126,99.99701225280762
2025-11-26 11:52:08.731060,s2-eth2,0.0029877471923828126,99.99701225280762
2025-11-26 11:52:08.731205,s3-eth2,0.0029877471923828126,99.99701225280762
2025-11-26 11:52:09.732050,s1-eth1,0.0029877471923828126,99.99701225280762
2025-11-26 11:52:09.732153,s2-eth2,0.0029877471923828126,99.99701225280762
2025-11-26 11:52:09.732298,s3-eth2,0.0029877471923828126,99.99701225280762
2025-11-26 11:52:10.733175,s1-eth1,0.0036279296875,99.9963720703125
2025-11-26 11:52:10.733280,s2-eth2,0.0036279296875,99.9963720703125
2025-11-26 11:52:10.733427,s3-eth2,0.0036279296875,99.9963720703125
2025-11-26 11:52:11.734279,s1-eth1,0.0029877471923828126,99.99701225280762
2025-11-26 11:52:11.734382,s2-eth2,0.0029877471923828126,99.99701225280762
2025-11-26 11:52:11.734528,s3-eth2,0.0029877471923828126,99.99701225280762
2025-11-26 11:52:12.735369,s1-eth1,0.0029877471923828126,99.99701225280762
2025-11-26 11:52:12.735472,s2-eth2,0.0029877471923828126,99.99701225280762
2025-11-26 11:52:12.735617,s3-eth2,0.0029877471923828126,99.99701225280762
2025-11-26 11:52:13.736477,s1-eth1,0.0029877471923828126,99.99701225280762
2025-11-26 11:52:13.736581,s2-eth2,0.0036279296875,99.9963720703125
2025-11-26 11:52:13.736727,s3-eth2,0.0036279296875,99.9963720703125
2025-11-26 11:52:14.737572,s1-eth1,0.0029877471923828126,99.99701225280762
2025-11-26 11:52:14.737674,s2-eth2,0.0029877471923828126,99.99701225280762
2025-11-26 11:52:14.737820,s3-eth2,0.0029877471923828126,99.99701225280762
2025-11-26 11:52:15.738767,s1-eth1,0.0029877471923828126,99.99701225280762
2025-11-26 11:52:15.738883,s2-eth2,0.0029877471923828126,99.99701225280762
2025-11-26 11:52:15.739027,s3-eth2,0.0029877471923828126,99.99701225280762
2025-11-26 11:52:16.739868,s1-eth1,0.0029877471923828126,99.99701225280762
2025-11-26 11:52:16.739971,s2-eth2,0.0029877471923828126,99.99701225280762
2025-11-26 11:52:16.740117,s3-eth2,0.0029877471923828126,99.99701225280762
2025-11-26 11:52:17.740948,s1-eth1,0.0029877471923828126,99.99701225280762
2025-11-26 11:52:17.741050,s2-eth2,0.0029877471923828126,99.99701225280762
2025-11-26 11:52:17.741196,s3-eth2,0.0029877471923828126,99.99701225280762
2025-11-26 11:52:18.742023,s1-eth1,0.0036279296875,99.9963720703125
2025-11-26 11:52:18.742127,s2-eth2,0.0036279296875,99.9963720703125
2025-11-26 11:52:18.742273,s3-eth2,0.0036279296875,99.9963720703125
2025-11-26 11:52:19.743101,s1-eth1,0.0029877471923828126,99.99701225280762
2025-11-26 11:52:19.743216,s2-eth2,0.0029877471923828126,99.99701225280762
2025-11-26 11:52:19.743361,s3-eth2,0.0029877471923828126,99.99701225280762
2025-11-26 11:52:20.744269,s1-eth1,0.0029877471923828126,99.99701225280762
2025-11-26 11:52:20.744383,s2-eth2,0.0029877471923828126,99.99701225280762
2025-11-26 11:52:20.744529,s3-eth2,0.0029877471923828126,99.99701225280762
2025-11-26 11:52:21.745342,s1-eth1,0.0029877471923828126,99.99701225280762
2025-11-26 11:52:21.745456,s2-eth2,0.0029877471923828126,99.99701225280762
2025-11-26 11:52:21.745602,s3-eth2,0.0029877471923828126,99.99701225280762
2025-11-26 11:52:22.746417,s1-eth1,0.0029877471923828126,99.99701225280762
2025-11-26 11:52:22.746522,s2-eth2,0.0029877471923828126,99.99701225280762
2025-11-26 11:52:22.746679,s3-eth2,0.0029877471923828126,99.99701225280762
2025-11-26 11:52:23.747501,s1-eth1,0.0029877471923828126,99.99701225280762
2025-11-26 11:52:23.747604,s2-eth2,0.0029877471923828126,99.99701225280762
2025-11-26 11:52:23.747760,s3-eth2,0.0029877471923828126,99.99701225280762
2025-11-26 11:52:24.748565,s1-eth1,0.0029877471923828126,99.99701225280762
2025-11-26 11:52:24.748668,s2-eth2,0.0029877471923828126,99.99701225280762
2025-11-26 11:52:24.748825,s3-eth2,0.0029877471923828126,99.99701225280762
2025-11-26 11:52:25.749727,s1-eth1,0.0029877471923828126,99.99701225280762
2025-11-26 11:52:25.749829,s2-eth2,0.0029877471923828126,99.99701225280762
2025-11-26 11:52:25.749974,s3-eth2,0.0029877471923828126,99.99701225280762
2025-11-26 11:52:26.750799,s1-eth1,0.0036279296875,99.9963720703125
2025-11-26 11:52:26.750914,s2-eth2,0.0029877471923828126,99.99701225280762
2025-11-26 11:52:26.751059,s3-eth2,0.0029877471923828126,99.99701225280762
2025-11-26 11:52:27.751882,s1-eth1,0.0029877471923828126,99.99701225280762
2025-11-26 11:52:27.751984,s2-eth2,0.0029877471923828126,99.99701225280762
2025-11-26 11:52:27.752129,s3-eth2,0.0029877471923828126,99.99701225280762
2025-11-26 11:52:28.752953,s1-eth1,0.0029877471923828126,99.99701225280762
2025-11-26 11:52:28.753055,s2-eth2,0.0029877471923828126,99.99701225280762
2025-11-26 11:52:28.753200,s3-eth2,0.0029877471923828126,99.99701225280762
2025-11-26 11:52:29.754024,s1-eth1,0.0029877471923828126,99.99701225280762
2025-11-26 11:52:29.754126,s2-eth2,0.0029877471923828126,99.99701225280762
2025-11-26 11:52:29.754270,s3-eth2,0.0029877471923828126,99.99701225280762
2025-11-26 11:52:30.755190,s1-eth1,0.0029877471923828126,99.99701225280762
2025-11-26 11:52:30.755292,s2-eth2,0.0029877471923828126,99.99701225280762
2025-11-26 11:52:30.755436,s3-eth2,0.0029877471923828126,99.99701225280762
2025-11-26 11:52:31.756267,s1-eth1,0.0029877471923828126,99.99701225280762
2025-11-26 11:52:31.756369,s2-eth2,0.0029877471923828126,99.99701225280762
2025-11-26 11:52:31.756513,s3-eth2,0.0029877471923828126,99.99701225280762
2025-11-26 11:52:32.757018,s1-eth1,0.00299072265625,99.99700927734375
2025-11-26 11:52:32.757055,s2-eth2,0.00299072265625,99.99700927734375
2025-11-26 11:52:32.757108,s3-eth2,0.00299072265625,99.99700927734375
2025-11-26 11:52:33.757444,s1-eth1,0.00299072265625,99.99700927734375
2025-11-26 11:52:33.757481,s2-eth2,0.00299072265625,99.99700927734375
2025-11-26 11:52:33.757534,s3-eth2,0.00299072265625,99.99700927734375
2025-11-26 11:52:34.758187,s1-eth1,0.00299072265625,99.99700927734375
2025-11-26 11:52:34.758289,s2-eth2,0.00299072265625,99.99700927734375
2025-11-26 11:52:34.758432,s3-eth2,0.00299072265625,99.99700927734375
2025-11-26 11:52:35.759361,s1-eth1,0.0029877471923828126,99.99701225280762
2025-11-26 11:52:35.759464,s2-eth2,0.0029877471923828126,99.99701225280762
2025-11-26 11:52:35.759609,s3-eth2,0.0029877471923828126,99.99701225280762
2025-11-26 11:52:36.760424,s1-eth1,0.0029877471923828126,99.99701225280762
2025-11-26 11:52:36.760527,s2-eth2,0.0029877471923828126,99.99701225280762
2025-11-26 11:52:36.760670,s3-eth2,0.0029877471923828126,99.99701225280762
2025-11-26 11:52:37.761489,s1-eth1,0.0029877471923828126,99.99701225280762
2025-11-26 11:52:37.761591,s2-eth2,0.0029877471923828126,99.99701225280762
2025-11-26 11:52:37.761735,s3-eth2,0.0029877471923828126,99.99701225280762
2025-11-26 11:52:38.762552,s1-eth1,0.0029877471923828126,99.99701225280762
2025-11-26 11:52:38.762654,s2-eth2,0.0029877471923828126,99.99701225280762
2025-11-26 11:52:38.762798,s3-eth2,0.0029877471923828126,99.99701225280762
2025-11-26 11:52:39.763339,s1-eth1,0.00299072265625,99.99700927734375
2025-11-26 11:52:39.763377,s2-eth2,0.00299072265625,99.99700927734375
2025-11-26 11:52:39.763431,s3-eth2,0.00299072265625,99.99700927734375
2025-11-26 11:52:40.764176,s1-eth1,0.00299072265625,99.99700927734375
2025-11-26 11:52:40.764293,s2-eth2,0.00299072265625,99.99700927734375
2025-11-26 11:52:40.764438,s3-eth2,0.0029877471923828126,99.99701225280762
2025-11-26 11:52:41.764958,s1-eth1,0.00299072265625,99.99700927734375
2025-11-26 11:52:41.765000,s2-eth2,0.003631591796875,99.99636840820312
2025-11-26 11:52:41.765054,s3-eth2,0.003631591796875,99.99636840820312
2025-11-26 11:52:42.765394,s1-eth1,0.00299072265625,99.99700927734375
2025-11-26 11:52:42.765436,s2-eth2,0.00299072265625,99.99700927734375
2025-11-26 11:52:42.765490,s3-eth2,0.00299072265625,99.99700927734375
2025-11-26 11:52:43.766137,s1-eth1,0.00299072265625,99.99700927734375
2025-11-26 11:52:43.766239,s2-eth2,0.00299072265625,99.99700927734375
2025-11-26 11:52:43.766395,s3-eth2,0.00299072265625,99.99700927734375
2025-11-26 11:52:44.767223,s1-eth1,0.0036279296875,99.9963720703125
2025-11-26 11:52:44.767326,s2-eth2,0.0029877471923828126,99.99701225280762
2025-11-26 11:52:44.767484,s3-eth2,0.0029877471923828126,99.99701225280762
2025-11-26 11:52:45.768409,s1-eth1,0.0029877471923828126,99.99701225280762
2025-11-26 11:52:45.768511,s2-eth2,0.0029877471923828126,99.99701225280762
2025-11-26 11:52:45.768668,s3-eth2,0.0029877471923828126,99.99701225280762
2025-11-26 11:52:46.769199,s1-eth1,0.00299072265625,99.99700927734375
2025-11-26 11:52:46.769237,s2-eth2,0.00299072265625,99.99700927734375
2025-11-26 11:52:46.769291,s3-eth2,0.00299072265625,99.99700927734375
2025-11-26 11:52:47.769643,s1-eth1,0.00299072265625,99.99700927734375
2025-11-26 11:52:47.769681,s2-eth2,0.00299072265625,99.99700927734375
2025-11-26 11:52:47.769734,s3-eth2,0.00299072265625,99.99700927734375
2025-11-26 11:52:48.770161,s1-eth1,0.003631591796875,99.99636840820312
2025-11-26 11:52:48.770211,s2-eth2,0.003631591796875,99.99636840820312
2025-11-26 11:52:48.770270,s3-eth2,0.003631591796875,99.99636840820312
2025-11-26 11:52:49.770984,s1-eth1,0.00299072265625,99.99700927734375
2025-11-26 11:52:49.771088,s2-eth2,0.00299072265625,99.99700927734375
2025-11-26 11:52:49.771234,s3-eth2,0.00299072265625,99.99700927734375
2025-11-26 11:52:50.772234,s1-eth1,0.0036279296875,99.9963720703125
2025-11-26 11:52:50.772337,s2-eth2,0.0029877471923828126,99.99701225280762
2025-11-26 11:52:50.772484,s3-eth2,0.0029877471923828126,99.99701225280762
2025-11-26 11:52:51.773352,s1-eth1,0.0029877471923828126,99.99701225280762
2025-11-26 11:52:51.773456,s2-eth2,0.0029877471923828126,99.99701225280762
2025-11-26 11:52:51.773602,s3-eth2,0.0029877471923828126,99.99701225280762
2025-11-26 11:52:52.774497,s1-eth1,0.0029877471923828126,99.99701225280762
2025-11-26 11:52:52.774603,s2-eth2,0.0036279296875,99.9963720703125
2025-11-26 11:52:52.774751,s3-eth2,0.0036279296875,99.9963720703125
2025-11-26 11:52:53.775632,s1-eth1,0.0029877471923828126,99.99701225280762
2025-11-26 11:52:53.775735,s2-eth2,0.0029877471923828126,99.99701225280762
2025-11-26 11:52:53.775882,s3-eth2,0.0029877471923828126,99.99701225280762
2025-11-26 11:52:54.776771,s1-eth1,0.0029877471923828126,99.99701225280762
2025-11-26 11:52:54.776875,s2-eth2,0.0029877471923828126,99.99701225280762
2025-11-26 11:52:54.777022,s3-eth2,0.0029877471923828126,99.99701225280762
2025-11-26 11:52:55.778019,s1-eth1,0.0029877471923828126,99.99701225280762
2025-11-26 11:52:55.778123,s2-eth2,0.0029877471923828126,99.99701225280762
2025-11-26 11:52:55.778270,s3-eth2,0.0029877471923828126,99.99701225280762
2025-11-26 11:52:56.779139,s1-eth1,0.0029877471923828126,99.99701225280762
2025-11-26 11:52:56.779243,s2-eth2,0.0029877471923828126,99.99701225280762
2025-11-26 11:52:56.779389,s3-eth2,0.0029877471923828126,99.99701225280762
2025-11-26 11:52:57.780281,s1-eth1,0.0036279296875,99.9963720703125
2025-11-26 11:52:57.780386,s2-eth2,0.0036279296875,99.9963720703125
2025-11-26 11:52:57.780536,s3-eth2,0.0036279296875,99.9963720703125
2025-11-26 11:52:58.781417,s1-eth1,0.0029877471923828126,99.99701225280762
2025-11-26 11:52:58.781520,s2-eth2,0.0029877471923828126,99.99701225280762
2025-11-26 11:52:58.781667,s3-eth2,0.0029877471923828126,99.99701225280762
2025-11-26 11:52:59.782532,s1-eth1,0.0029877471923828126,99.99701225280762
2025-11-26 11:52:59.782635,s2-eth2,0.0029877471923828126,99.99701225280762
2025-11-26 11:52:59.782781,s3-eth2,0.0029877471923828126,99.99701225280762
2025-11-26 11:53:00.783781,s1-eth1,0.0029877471923828126,99.99701225280762
2025-11-26 11:53:00.783885,s2-eth2,0.0029877471923828126,99.99701225280762
2025-11-26 11:53:00.784031,s3-eth2,0.0029877471923828126,99.99701225280762
2025-11-26 11:53:01.784895,s1-eth1,0.0029877471923828126,99.99701225280762
2025-11-26 11:53:01.784998,s2-eth2,0.0029877471923828126,99.99701225280762
2025-11-26 11:53:01.785145,s3-eth2,0.0029877471923828126,99.99701225280762
2025-11-26 11:53:02.786022,s1-eth1,0.0029877471923828126,99.99701225280762
2025-11-26 11:53:02.786140,s2-eth2,0.0029877471923828126,99.99701225280762
2025-11-26 11:53:02.786288,s3-eth2,0.0029877471923828126,99.99701225280762
2025-11-26 11:53:03.787165,s1-eth1,0.0029877471923828126,99.99701225280762
2025-11-26 11:53:03.787287,s2-eth2,0.0029877471923828126,99.99701225280762
2025-11-26 11:53:03.787433,s3-eth2,0.0029877471923828126,99.99701225280762
2025-11-26 11:53:04.788297,s1-eth1,0.0029877471923828126,99.99701225280762
2025-11-26 11:53:04.788414,s2-eth2,0.0029877471923828126,99.99701225280762
2025-11-26 11:53:04.788561,s3-eth2,0.0029877471923828126,99.99701225280762
2025-11-26 11:53:05.789424,s1-eth1,0.0029877471923828126,99.99701225280762
2025-11-26 11:53:05.789528,s2-eth2,0.0029877471923828126,99.99701225280762
2025-11-26 11:53:05.789687,s3-eth2,0.0029877471923828126,99.99701225280762
2025-11-26 11:53:06.790535,s1-eth1,0.0029877471923828126,99.99701225280762
2025-11-26 11:53:06.790638,s2-eth2,0.0029877471923828126,99.99701225280762
2025-11-26 11:53:06.790798,s3-eth2,0.0029877471923828126,99.99701225280762
2025-11-26 11:53:07.791695,s1-eth1,0.0029877471923828126,99.99701225280762
2025-11-26 11:53:07.791799,s2-eth2,0.0029877471923828126,99.99701225280762
2025-11-26 11:53:07.791960,s3-eth2,0.0029877471923828126,99.99701225280762
2025-11-26 11:53:08.792845,s1-eth1,0.0029877471923828126,99.99701225280762
2025-11-26 11:53:08.792950,s2-eth2,0.0029877471923828126,99.99701225280762
2025-11-26 11:53:08.793098,s3-eth2,0.0029877471923828126,99.99701225280762
2025-11-26 11:53:09.793982,s1-eth1,0.0036279296875,99.9963720703125
2025-11-26 11:53:09.794086,s2-eth2,0.0029877471923828126,99.99701225280762
2025-11-26 11:53:09.794235,s3-eth2,0.0029877471923828126,99.99701225280762
2025-11-26 11:53:10.795246,s1-eth1,0.0029877471923828126,99.99701225280762
2025-11-26 11:53:10.795351,s2-eth2,0.0029877471923828126,99.99701225280762
2025-11-26 11:53:10.795498,s3-eth2,0.0029877471923828126,99.99701225280762
2025-11-26 11:53:11.796366,s1-eth1,0.0029877471923828126,99.99701225280762
2025-11-26 11:53:11.796470,s2-eth2,0.0029877471923828126,99.99701225280762
2025-11-26 11:53:11.796617,s3-eth2,0.0029877471923828126,99.99701225280762
2025-11-26 11:53:12.797518,s1-eth1,0.0029877471923828126,99.99701225280762
2025-11-26 11:53:12.797623,s2-eth2,0.0029877471923828126,99.99701225280762
2025-11-26 11:53:12.797770,s3-eth2,0.0029877471923828126,99.99701225280762
2025-11-26 11:53:13.798652,s1-eth1,0.0029877471923828126,99.99701225280762
2025-11-26 11:53:13.798755,s2-eth2,0.0029877471923828126,99.99701225280762
2025-11-26 11:53:13.798917,s3-eth2,0.0029877471923828126,99.99701225280762
2025-11-26 11:53:14.799790,s1-eth1,0.0029877471923828126,99.99701225280762
2025-11-26 11:53:14.799893,s2-eth2,0.0029877471923828126,99.99701225280762
2025-11-26 11:53:14.800040,s3-eth2,0.0029877471923828126,99.99701225280762
2025-11-26 11:53:15.801041,s1-eth1,0.0036279296875,99.9963720703125
2025-11-26 11:53:15.801146,s2-eth2,0.0029877471923828126,99.99701225280762
2025-11-26 11:53:15.801293,s3-eth2,0.0029877471923828126,99.99701225280762
2025-11-26 11:53:16.802169,s1-eth1,0.0029877471923828126,99.99701225280762
2025-11-26 11:53:16.802272,s2-eth2,0.0029877471923828126,99.99701225280762
2025-11-26 11:53:16.802418,s3-eth2,0.0029877471923828126,99.99701225280762
2025-11-26 11:53:17.803329,s1-eth1,0.0029877471923828126,99.99701225280762
2025-11-26 11:53:17.803433,s2-eth2,0.0029877471923828126,99.99701225280762
2025-11-26 11:53:17.803580,s3-eth2,0.0029877471923828126,99.99701225280762
2025-11-26 11:53:18.804454,s1-eth1,0.0029877471923828126,99.99701225280762
2025-11-26 11:53:18.804558,s2-eth2,0.0029877471923828126,99.99701225280762
2025-11-26 11:53:18.804703,s3-eth2,0.0029877471923828126,99.99701225280762
2025-11-26 11:53:19.805603,s1-eth1,0.0029877471923828126,99.99701225280762
2025-11-26 11:53:19.805708,s2-eth2,0.0029877471923828126,99.99701225280762
2025-11-26 11:53:19.805856,s3-eth2,0.0029877471923828126,99.99701225280762
2025-11-26 11:53:20.806839,s1-eth1,0.0029877471923828126,99.99701225280762
2025-11-26 11:53:20.806953,s2-eth2,0.0029877471923828126,99.99701225280762
2025-11-26 11:53:20.807100,s3-eth2,0.0029877471923828126,99.99701225280762
2025-11-26 11:53:21.807962,s1-eth1,0.0029877471923828126,99.99701225280762
2025-11-26 11:53:21.808066,s2-eth2,0.0029877471923828126,99.99701225280762
2025-11-26 11:53:21.808212,s3-eth2,0.0029877471923828126,99.99701225280762
2025-11-26 11:53:22.809108,s1-eth1,0.0029877471923828126,99.99701225280762
2025-11-26 11:53:22.809212,s2-eth2,0.0029877471923828126,99.99701225280762
2025-11-26 11:53:22.809359,s3-eth2,0.0029877471923828126,99.99701225280762
2025-11-26 11:53:23.810220,s1-eth1,0.0036279296875,99.9963720703125
2025-11-26 11:53:23.810336,s2-eth2,0.0036279296875,99.9963720703125
2025-11-26 11:53:23.810484,s3-eth2,0.00394805908203125,99.99605194091797
2025-11-26 11:53:24.811358,s1-eth1,0.0029877471923828126,99.99701225280762
2025-11-26 11:53:24.811476,s2-eth2,0.0036279296875,99.9963720703125
2025-11-26 11:53:24.811624,s3-eth2,0.0033078765869140624,99.99669212341308
2025-11-26 11:53:25.812488,s1-eth1,0.0029877471923828126,99.99701225280762
2025-11-26 11:53:25.812605,s2-eth2,0.0029877471923828126,99.99701225280762
2025-11-26 11:53:25.812751,s3-eth2,0.0029877471923828126,99.99701225280762
2025-11-26 11:53:26.813594,s1-eth1,0.0029877471923828126,99.99701225280762
2025-11-26 11:53:26.813697,s2-eth2,0.0029877471923828126,99.99701225280762
2025-11-26 11:53:26.813857,s3-eth2,0.0029877471923828126,99.99701225280762
2025-11-26 11:53:27.814727,s1-eth1,0.0036279296875,99.9963720703125
2025-11-26 11:53:27.814833,s2-eth2,0.0036279296875,99.9963720703125
2025-11-26 11:53:27.815007,s3-eth2,0.0036279296875,99.9963720703125
2025-11-26 11:53:28.815862,s1-eth1,0.0029877471923828126,99.99701225280762
2025-11-26 11:53:28.815966,s2-eth2,0.0029877471923828126,99.99701225280762
2025-11-26 11:53:28.816134,s3-eth2,0.0029877471923828126,99.99701225280762
2025-11-26 11:53:29.816977,s1-eth1,0.0029877471923828126,99.99701225280762
2025-11-26 11:53:29.817081,s2-eth2,0.0029877471923828126,99.99701225280762
2025-11-26 11:53:29.817227,s3-eth2,0.0029877471923828126,99.99701225280762
2025-11-26 11:53:30.818227,s1-eth1,0.0029877471923828126,99.99701225280762
2025-11-26 11:53:30.818332,s2-eth2,0.0029877471923828126,99.99701225280762
2025-11-26 11:53:30.818479,s3-eth2,0.0029877471923828126,99.99701225280762
2025-11-26 11:53:31.819373,s1-eth1,0.0029877471923828126,99.99701225280762
2025-11-26 11:53:31.819478,s2-eth2,0.0036279296875,99.9963720703125
2025-11-26 11:53:31.819626,s3-eth2,0.0036279296875,99.9963720703125
2025-11-26 11:53:32.820522,s1-eth1,0.0029877471923828126,99.99701225280762
2025-11-26 11:53:32.820626,s2-eth2,0.0029877471923828126,99.99701225280762
2025-11-26 11:53:32.820772,s3-eth2,0.0029877471923828126,99.99701225280762
2025-11-26 11:53:33.821651,s1-eth1,0.0036279296875,99.9963720703125
2025-11-26 11:53:33.821754,s2-eth2,0.0029877471923828126,99.99701225280762
2025-11-26 11:53:33.821902,s3-eth2,0.0029877471923828126,99.99701225280762
2025-11-26 11:53:34.822772,s1-eth1,0.0029877471923828126,99.99701225280762
2025-11-26 11:53:34.822901,s2-eth2,0.0029877471923828126,99.99701225280762
2025-11-26 11:53:34.823049,s3-eth2,0.0029877471923828126,99.99701225280762
2025-11-26 11:53:35.824034,s1-eth1,0.0029877471923828126,99.99701225280762
2025-11-26 11:53:35.824138,s2-eth2,0.0029877471923828126,99.99701225280762
2025-11-26 11:53:35.824284,s3-eth2,0.0029877471923828126,99.99701225280762
2025-11-26 11:53:36.825146,s1-eth1,0.0029877471923828126,99.99701225280762
2025-11-26 11:53:36.825249,s2-eth2,0.0029877471923828126,99.99701225280762
2025-11-26 11:53:36.825395,s3-eth2,0.0029877471923828126,99.99701225280762
2025-11-26 11:53:37.826295,s1-eth1,0.0029877471923828126,99.99701225280762
2025-11-26 11:53:37.826399,s2-eth2,0.0029877471923828126,99.99701225280762
2025-11-26 11:53:37.826547,s3-eth2,0.0029877471923828126,99.99701225280762
2025-11-26 11:53:38.827448,s1-eth1,0.0029877471923828126,99.99701225280762
2025-11-26 11:53:38.827551,s2-eth2,0.0029877471923828126,99.99701225280762
2025-11-26 11:53:38.827698,s3-eth2,0.0029877471923828126,99.99701225280762
2025-11-26 11:53:39.828591,s1-eth1,0.0036279296875,99.9963720703125
2025-11-26 11:53:39.828695,s2-eth2,0.0029877471923828126,99.99701225280762
2025-11-26 11:53:39.828843,s3-eth2,0.0029877471923828126,99.99701225280762
2025-11-26 11:53:40.829841,s1-eth1,0.0029877471923828126,99.99701225280762
2025-11-26 11:53:40.829944,s2-eth2,0.0029877471923828126,99.99701225280762
2025-11-26 11:53:40.830090,s3-eth2,0.0029877471923828126,99.99701225280762
2025-11-26 11:53:41.830980,s1-eth1,0.0029877471923828126,99.99701225280762
2025-11-26 11:53:41.831083,s2-eth2,0.0029877471923828126,99.99701225280762
2025-11-26 11:53:41.831230,s3-eth2,0.0029877471923828126,99.99701225280762
2025-11-26 11:53:42.832132,s1-eth1,0.0029877471923828126,99.99701225280762
2025-11-26 11:53:42.832236,s2-eth2,0.0029877471923828126,99.99701225280762
2025-11-26 11:53:42.832383,s3-eth2,0.0029877471923828126,99.99701225280762
2025-11-26 11:53:43.833289,s1-eth1,0.0029877471923828126,99.99701225280762
2025-11-26 11:53:43.833394,s2-eth2,0.0029877471923828126,99.99701225280762
2025-11-26 11:53:43.833541,s3-eth2,0.0029877471923828126,99.99701225280762
2025-11-26 11:53:44.834425,s1-eth1,0.0029877471923828126,99.99701225280762
2025-11-26 11:53:44.834528,s2-eth2,0.0029877471923828126,99.99701225280762
2025-11-26 11:53:44.834675,s3-eth2,0.0029877471923828126,99.99701225280762
2025-11-26 11:53:45.835693,s1-eth1,0.0029877471923828126,99.99701225280762
2025-11-26 11:53:45.835811,s2-eth2,0.0029877471923828126,99.99701225280762
2025-11-26 11:53:45.835958,s3-eth2,0.0029877471923828126,99.99701225280762
2025-11-26 11:53:46.836827,s1-eth1,0.0029877471923828126,99.99701225280762
2025-11-26 11:53:46.836944,s2-eth2,0.0029877471923828126,99.99701225280762
2025-11-26 11:53:46.837091,s3-eth2,0.0029877471923828126,99.99701225280762
2025-11-26 11:53:47.837983,s1-eth1,0.0029877471923828126,99.99701225280762
2025-11-26 11:53:47.838102,s2-eth2,0.0029877471923828126,99.99701225280762
2025-11-26 11:53:47.838250,s3-eth2,0.0029877471923828126,99.99701225280762
2025-11-26 11:53:48.839156,s1-eth1,0.0029877471923828126,99.99701225280762
2025-11-26 11:53:48.839260,s2-eth2,0.0029877471923828126,99.99701225280762
2025-11-26 11:53:48.839421,s3-eth2,0.0029877471923828126,99.99701225280762
2025-11-26 11:53:49.840291,s1-eth1,0.0029877471923828126,99.99701225280762
2025-11-26 11:53:49.840395,s2-eth2,0.0029877471923828126,99.99701225280762
2025-11-26 11:53:49.840556,s3-eth2,0.0029877471923828126,99.99701225280762
2025-11-26 11:53:50.841525,s1-eth1,0.0029877471923828126,99.99701225280762
2025-11-26 11:53:50.841628,s2-eth2,0.0029877471923828126,99.99701225280762
2025-11-26 11:53:50.841789,s3-eth2,0.0029877471923828126,99.99701225280762
2025-11-26 11:53:51.842644,s1-eth1,0.0029877471923828126,99.99701225280762
2025-11-26 11:53:51.842747,s2-eth2,0.0029877471923828126,99.99701225280762
2025-11-26 11:53:51.842920,s3-eth2,0.0029877471923828126,99.99701225280762
2025-11-26 11:53:52.843826,s1-eth1,0.0029877471923828126,99.99701225280762
2025-11-26 11:53:52.843933,s2-eth2,0.0029877471923828126,99.99701225280762
2025-11-26 11:53:52.844080,s3-eth2,0.0029877471923828126,99.99701225280762
2025-11-26 11:53:53.844965,s1-eth1,0.0029877471923828126,99.99701225280762
2025-11-26 11:53:53.845068,s2-eth2,0.0029877471923828126,99.99701225280762
2025-11-26 11:53:53.845215,s3-eth2,0.0029877471923828126,99.99701225280762
2025-11-26 11:53:54.846089,s1-eth1,0.0029877471923828126,99.99701225280762
2025-11-26 11:53:54.846192,s2-eth2,0.0029877471923828126,99.99701225280762
2025-11-26 11:53:54.846338,s3-eth2,0.0029877471923828126,99.99701225280762
2025-11-26 11:53:55.847332,s1-eth1,0.0029877471923828126,99.99701225280762
2025-11-26 11:53:55.847437,s2-eth2,0.0029877471923828126,99.99701225280762
2025-11-26 11:53:55.847583,s3-eth2,0.0029877471923828126,99.99701225280762
2025-11-26 11:53:56.848471,s1-eth1,0.0029877471923828126,99.99701225280762
2025-11-26 11:53:56.848575,s2-eth2,0.0029877471923828126,99.99701225280762
2025-11-26 11:53:56.848722,s3-eth2,0.0029877471923828126,99.99701225280762
2025-11-26 11:53:57.849625,s1-eth1,0.0029877471923828126,99.99701225280762
2025-11-26 11:53:57.849730,s2-eth2,0.0029877471923828126,99.99701225280762
2025-11-26 11:53:57.849878,s3-eth2,0.0029877471923828126,99.99701225280762
2025-11-26 11:53:58.850783,s1-eth1,0.004908447265625,99.99509155273438
2025-11-26 11:53:58.850903,s2-eth2,0.0042681884765625,99.99573181152344
2025-11-26 11:53:58.851051,s3-eth2,0.0042681884765625,99.99573181152344
2025-11-26 11:53:59.851937,s1-eth1,0.0029877471923828126,99.99701225280762
2025-11-26 11:53:59.852040,s2-eth2,0.0029877471923828126,99.99701225280762
2025-11-26 11:53:59.852187,s3-eth2,0.0029877471923828126,99.99701225280762
2025-11-26 11:54:00.853123,s1-eth1,0.0029877471923828126,99.99701225280762
2025-11-26 11:54:00.853226,s2-eth2,0.0029877471923828126,99.99701225280762
2025-11-26 11:54:00.853373,s3-eth2,0.0029877471923828126,99.99701225280762
2025-11-26 11:54:01.854255,s1-eth1,0.0029877471923828126,99.99701225280762
2025-11-26 11:54:01.854359,s2-eth2,0.0029877471923828126,99.99701225280762
2025-11-26 11:54:01.854506,s3-eth2,0.0029877471923828126,99.99701225280762
2025-11-26 11:54:02.855407,s1-eth1,0.0029877471923828126,99.99701225280762
2025-11-26 11:54:02.855511,s2-eth2,0.0029877471923828126,99.99701225280762
2025-11-26 11:54:02.855658,s3-eth2,0.0029877471923828126,99.99701225280762
2025-11-26 11:54:03.856542,s1-eth1,0.0029877471923828126,99.99701225280762
2025-11-26 11:54:03.856646,s2-eth2,0.0029877471923828126,99.99701225280762
2025-11-26 11:54:03.856792,s3-eth2,0.0029877471923828126,99.99701225280762
2025-11-26 11:54:04.857682,s1-eth1,0.0036279296875,99.9963720703125
2025-11-26 11:54:04.857786,s2-eth2,0.0029877471923828126,99.99701225280762
2025-11-26 11:54:04.857933,s3-eth2,0.0029877471923828126,99.99701225280762
2025-11-26 11:54:05.858913,s1-eth1,0.0029877471923828126,99.99701225280762
2025-11-26 11:54:05.859016,s2-eth2,0.0029877471923828126,99.99701225280762
2025-11-26 11:54:05.859164,s3-eth2,0.0029877471923828126,99.99701225280762
2025-11-26 11:54:06.860023,s1-eth1,0.0029877471923828126,99.99701225280762
2025-11-26 11:54:06.860142,s2-eth2,0.0036279296875,99.9963720703125
2025-11-26 11:54:06.860289,s3-eth2,0.0036279296875,99.9963720703125
2025-11-26 11:54:07.861176,s1-eth1,0.0029877471923828126,99.99701225280762
2025-11-26 11:54:07.861296,s2-eth2,0.0029877471923828126,99.99701225280762
2025-11-26 11:54:07.861443,s3-eth2,0.0029877471923828126,99.99701225280762
2025-11-26 11:54:08.862335,s1-eth1,0.0029877471923828126,99.99701225280762
2025-11-26 11:54:08.862456,s2-eth2,0.0029877471923828126,99.99701225280762
2025-11-26 11:54:08.862603,s3-eth2,0.0029877471923828126,99.99701225280762
2025-11-26 11:54:09.863486,s1-eth1,0.0029877471923828126,99.99701225280762
2025-11-26 11:54:09.863590,s2-eth2,0.0029877471923828126,99.99701225280762
2025-11-26 11:54:09.863751,s3-eth2,0.0029877471923828126,99.99701225280762
2025-11-26 11:54:10.864636,s1-eth1,0.0029877471923828126,99.99701225280762
2025-11-26 11:54:10.864741,s2-eth2,0.0036279296875,99.9963720703125
2025-11-26 11:54:10.864902,s3-eth2,0.0036279296875,99.9963720703125
2025-11-26 11:54:11.865767,s1-eth1,0.0029877471923828126,99.99701225280762
2025-11-26 11:54:11.865871,s2-eth2,0.0029877471923828126,99.99701225280762
2025-11-26 11:54:11.866032,s3-eth2,0.0029877471923828126,99.99701225280762
2025-11-26 11:54:12.866968,s1-eth1,0.0029877471923828126,99.99701225280762
2025-11-26 11:54:12.867071,s2-eth2,0.0029877471923828126,99.99701225280762
2025-11-26 11:54:12.867238,s3-eth2,0.0029877471923828126,99.99701225280762
2025-11-26 11:54:13.868127,s1-eth1,0.0029877471923828126,99.99701225280762
2025-11-26 11:54:13.868231,s2-eth2,0.0029877471923828126,99.99701225280762
2025-11-26 11:54:13.868379,s3-eth2,0.0029877471923828126,99.99701225280762
2025-11-26 11:54:14.869288,s1-eth1,0.0029877471923828126,99.99701225280762
2025-11-26 11:54:14.869392,s2-eth2,0.0029877471923828126,99.99701225280762
2025-11-26 11:54:14.869539,s3-eth2,0.0029877471923828126,99.99701225280762
2025-11-26 11:54:15.870523,s1-eth1,0.0029877471923828126,99.99701225280762
2025-11-26 11:54:15.870626,s2-eth2,0.0029877471923828126,99.99701225280762
2025-11-26 11:54:15.870772,s3-eth2,0.0029877471923828126,99.99701225280762
2025-11-26 11:54:16.871684,s1-eth1,0.0029877471923828126,99.99701225280762
2025-11-26 11:54:16.871789,s2-eth2,0.0029877471923828126,99.99701225280762
2025-11-26 11:54:16.871937,s3-eth2,0.0029877471923828126,99.99701225280762
2025-11-26 11:54:17.872842,s1-eth1,0.0029877471923828126,99.99701225280762
2025-11-26 11:54:17.872945,s2-eth2,0.0029877471923828126,99.99701225280762
2025-11-26 11:54:17.873094,s3-eth2,0.0029877471923828126,99.99701225280762
2025-11-26 11:54:18.873980,s1-eth1,0.0029877471923828126,99.99701225280762
2025-11-26 11:54:18.874083,s2-eth2,0.0029877471923828126,99.99701225280762
2025-11-26 11:54:18.874231,s3-eth2,0.0029877471923828126,99.99701225280762
2025-11-26 11:54:19.875153,s1-eth1,0.0029877471923828126,99.99701225280762
2025-11-26 11:54:19.875256,s2-eth2,0.0029877471923828126,99.99701225280762
2025-11-26 11:54:19.875403,s3-eth2,0.0029877471923828126,99.99701225280762
2025-11-26 11:54:20.876353,s1-eth1,0.0029877471923828126,99.99701225280762
2025-11-26 11:54:20.876457,s2-eth2,0.0029877471923828126,99.99701225280762
2025-11-26 11:54:20.876604,s3-eth2,0.0029877471923828126,99.99701225280762
2025-11-26 11:54:21.877484,s1-eth1,0.0029877471923828126,99.99701225280762
2025-11-26 11:54:21.877587,s2-eth2,0.0029877471923828126,99.99701225280762
2025-11-26 11:54:21.877735,s3-eth2,0.0029877471923828126,99.99701225280762
2025-11-26 11:54:22.878645,s1-eth1,0.0036279296875,99.9963720703125
2025-11-26 11:54:22.878749,s2-eth2,0.0029877471923828126,99.99701225280762
2025-11-26 11:54:22.878910,s3-eth2,0.0029877471923828126,99.99701225280762
2025-11-26 11:54:23.879800,s1-eth1,0.0029877471923828126,99.99701225280762
2025-11-26 11:54:23.879904,s2-eth2,0.0029877471923828126,99.99701225280762
2025-11-26 11:54:23.880052,s3-eth2,0.0029877471923828126,99.99701225280762
2025-11-26 11:54:24.880945,s1-eth1,0.0029877471923828126,99.99701225280762
2025-11-26 11:54:24.881049,s2-eth2,0.0029877471923828126,99.99701225280762
2025-11-26 11:54:24.881196,s3-eth2,0.0029877471923828126,99.99701225280762
2025-11-26 11:54:25.882215,s1-eth1,0.0029877471923828126,99.99701225280762
2025-11-26 11:54:25.882318,s2-eth2,0.0029877471923828126,99.99701225280762
2025-11-26 11:54:25.882465,s3-eth2,0.0029877471923828126,99.99701225280762
2025-11-26 11:54:26.883357,s1-eth1,0.0029877471923828126,99.99701225280762
2025-11-26 11:54:26.883460,s2-eth2,0.0029877471923828126,99.99701225280762
2025-11-26 11:54:26.883607,s3-eth2,0.0029877471923828126,99.99701225280762
2025-11-26 11:54:27.884515,s1-eth1,0.0029877471923828126,99.99701225280762
2025-11-26 11:54:27.884619,s2-eth2,0.0029877471923828126,99.99701225280762
2025-11-26 11:54:27.884767,s3-eth2,0.0029877471923828126,99.99701225280762
2025-11-26 11:54:28.885664,s1-eth1,0.0036279296875,99.9963720703125
2025-11-26 11:54:28.885783,s2-eth2,0.0029877471923828126,99.99701225280762
2025-11-26 11:54:28.885931,s3-eth2,0.0029877471923828126,99.99701225280762
2025-11-26 11:54:29.886806,s1-eth1,0.0036279296875,99.9963720703125
2025-11-26 11:54:29.886958,s2-eth2,0.0036279296875,99.9963720703125
2025-11-26 11:54:29.887106,s3-eth2,0.0036279296875,99.9963720703125
2025-11-26 11:54:30.888116,s1-eth1,0.0029877471923828126,99.99701225280762
2025-11-26 11:54:30.888234,s2-eth2,0.0029877471923828126,99.99701225280762
2025-11-26 11:54:30.888382,s3-eth2,0.0029877471923828126,99.99701225280762
2025-11-26 11:54:31.889253,s1-eth1,0.0029877471923828126,99.99701225280762
2025-11-26 11:54:31.889357,s2-eth2,0.0029877471923828126,99.99701225280762
2025-11-26 11:54:31.889520,s3-eth2,0.0029877471923828126,99.99701225280762
2025-11-26 11:54:32.890409,s1-eth1,0.0029877471923828126,99.99701225280762
2025-11-26 11:54:32.890512,s2-eth2,0.0029877471923828126,99.99701225280762
2025-11-26 11:54:32.890675,s3-eth2,0.0029877471923828126,99.99701225280762
2025-11-26 11:54:33.891586,s1-eth1,0.0036279296875,99.9963720703125
2025-11-26 11:54:33.891689,s2-eth2,0.0036279296875,99.9963720703125
2025-11-26 11:54:33.891852,s3-eth2,0.0036279296875,99.9963720703125
2025-11-26 11:54:34.892722,s1-eth1,0.0029877471923828126,99.99701225280762
2025-11-26 11:54:34.892826,s2-eth2,0.0029877471923828126,99.99701225280762
2025-11-26 11:54:34.892973,s3-eth2,0.0029877471923828126,99.99701225280762
2025-11-26 11:54:35.893975,s1-eth1,0.0029877471923828126,99.99701225280762
2025-11-26 11:54:35.894078,s2-eth2,0.0029877471923828126,99.99701225280762
2025-11-26 11:54:35.894225,s3-eth2,0.0029877471923828126,99.99701225280762
2025-11-26 11:54:36.895148,s1-eth1,0.0029877471923828126,99.99701225280762
2025-11-26 11:54:36.895253,s2-eth2,0.0029877471923828126,99.99701225280762
2025-11-26 11:54:36.895401,s3-eth2,0.0029877471923828126,99.99701225280762
2025-11-26 11:54:37.896296,s1-eth1,0.0029877471923828126,99.99701225280762
2025-11-26 11:54:37.896400,s2-eth2,0.0029877471923828126,99.99701225280762
2025-11-26 11:54:37.896547,s3-eth2,0.0029877471923828126,99.99701225280762
2025-11-26 11:54:38.897451,s1-eth1,0.0029877471923828126,99.99701225280762
2025-11-26 11:54:38.897555,s2-eth2,0.0029877471923828126,99.99701225280762
2025-11-26 11:54:38.897702,s3-eth2,0.0029877471923828126,99.99701225280762
2025-11-26 11:54:39.898590,s1-eth1,0.0029877471923828126,99.99701225280762
2025-11-26 11:54:39.898694,s2-eth2,0.0029877471923828126,99.99701225280762
2025-11-26 11:54:39.898841,s3-eth2,0.0029877471923828126,99.99701225280762
2025-11-26 11:54:40.899836,s1-eth1,0.0029877471923828126,99.99701225280762
2025-11-26 11:54:40.899940,s2-eth2,0.0029877471923828126,99.99701225280762
2025-11-26 11:54:40.900088,s3-eth2,0.0029877471923828126,99.99701225280762
2025-11-26 11:54:41.900984,s1-eth1,0.0029877471923828126,99.99701225280762
2025-11-26 11:54:41.901088,s2-eth2,0.0029877471923828126,99.99701225280762
2025-11-26 11:54:41.901236,s3-eth2,0.0029877471923828126,99.99701225280762
2025-11-26 11:54:42.902115,s1-eth1,0.0029877471923828126,99.99701225280762
2025-11-26 11:54:42.902219,s2-eth2,0.0029877471923828126,99.99701225280762
2025-11-26 11:54:42.902367,s3-eth2,0.0029877471923828126,99.99701225280762
2025-11-26 11:54:43.903266,s1-eth1,0.0029877471923828126,99.99701225280762
2025-11-26 11:54:43.903371,s2-eth2,0.0029877471923828126,99.99701225280762
2025-11-26 11:54:43.903518,s3-eth2,0.0029877471923828126,99.99701225280762
2025-11-26 11:54:44.904397,s1-eth1,0.0029877471923828126,99.99701225280762
2025-11-26 11:54:44.904500,s2-eth2,0.0029877471923828126,99.99701225280762
2025-11-26 11:54:44.904646,s3-eth2,0.0029877471923828126,99.99701225280762
2025-11-26 11:54:45.905577,s1-eth1,0.0029877471923828126,99.99701225280762
2025-11-26 11:54:45.905680,s2-eth2,0.0029877471923828126,99.99701225280762
2025-11-26 11:54:45.905826,s3-eth2,0.0029877471923828126,99.99701225280762
2025-11-26 11:54:46.906700,s1-eth1,0.0029877471923828126,99.99701225280762
2025-11-26 11:54:46.906803,s2-eth2,0.0029877471923828126,99.99701225280762
2025-11-26 11:54:46.906964,s3-eth2,0.0029877471923828126,99.99701225280762
2025-11-26 11:54:47.907855,s1-eth1,0.0036279296875,99.9963720703125
2025-11-26 11:54:47.907959,s2-eth2,0.0029877471923828126,99.99701225280762
2025-11-26 11:54:47.908107,s3-eth2,0.0029877471923828126,99.99701225280762
2025-11-26 11:54:48.908993,s1-eth1,0.0029877471923828126,99.99701225280762
2025-11-26 11:54:48.909096,s2-eth2,0.0029877471923828126,99.99701225280762
2025-11-26 11:54:48.909243,s3-eth2,0.0029877471923828126,99.99701225280762
2025-11-26 11:54:49.910125,s1-eth1,0.0029877471923828126,99.99701225280762
2025-11-26 11:54:49.910230,s2-eth2,0.0042681884765625,99.99573181152344
2025-11-26 11:54:49.910376,s3-eth2,0.0042681884765625,99.99573181152344
2025-11-26 11:54:50.911307,s1-eth1,0.0029877471923828126,99.99701225280762
2025-11-26 11:54:50.911425,s2-eth2,0.0029877471923828126,99.99701225280762
2025-11-26 11:54:50.911571,s3-eth2,0.0029877471923828126,99.99701225280762
2025-11-26 11:54:51.912435,s1-eth1,0.0036279296875,99.9963720703125
2025-11-26 11:54:51.912553,s2-eth2,0.0029877471923828126,99.99701225280762
2025-11-26 11:54:51.912700,s3-eth2,0.0029877471923828126,99.99701225280762
2025-11-26 11:54:52.913565,s1-eth1,0.0029877471923828126,99.99701225280762
2025-11-26 11:54:52.913681,s2-eth2,0.0029877471923828126,99.99701225280762
2025-11-26 11:54:52.913829,s3-eth2,0.0029877471923828126,99.99701225280762
2025-11-26 11:54:53.914704,s1-eth1,0.0029877471923828126,99.99701225280762
2025-11-26 11:54:53.914807,s2-eth2,0.0029877471923828126,99.99701225280762
2025-11-26 11:54:53.914996,s3-eth2,0.0029877471923828126,99.99701225280762
2025-11-26 11:54:54.915858,s1-eth1,0.0029877471923828126,99.99701225280762
2025-11-26 11:54:54.915962,s2-eth2,0.0029877471923828126,99.99701225280762
2025-11-26 11:54:54.916122,s3-eth2,0.0029877471923828126,99.99701225280762
2025-11-26 11:54:55.917038,s1-eth1,0.0029877471923828126,99.99701225280762
2025-11-26 11:54:55.917142,s2-eth2,0.0029877471923828126,99.99701225280762
2025-11-26 11:54:55.917302,s3-eth2,0.0029877471923828126,99.99701225280762
2025-11-26 11:54:56.918159,s1-eth1,0.0029877471923828126,99.99701225280762
2025-11-26 11:54:56.918262,s2-eth2,0.0029877471923828126,99.99701225280762
2025-11-26 11:54:56.918409,s3-eth2,0.0029877471923828126,99.99701225280762
2025-11-26 11:54:57.919302,s1-eth1,0.0029877471923828126,99.99701225280762
2025-11-26 11:54:57.919405,s2-eth2,0.0029877471923828126,99.99701225280762
2025-11-26 11:54:57.919551,s3-eth2,0.0029877471923828126,99.99701225280762
2025-11-26 11:54:58.920440,s1-eth1,0.0029877471923828126,99.99701225280762
2025-11-26 11:54:58.920545,s2-eth2,0.0029877471923828126,99.99701225280762
2025-11-26 11:54:58.920693,s3-eth2,0.0029877471923828126,99.99701225280762
2025-11-26 11:54:59.921577,s1-eth1,0.0036279296875,99.9963720703125
2025-11-26 11:54:59.921679,s2-eth2,0.0036279296875,99.9963720703125
2025-11-26 11:54:59.921827,s3-eth2,0.0036279296875,99.9963720703125
2025-11-26 11:55:00.922744,s1-eth1,0.0029877471923828126,99.99701225280762
2025-11-26 11:55:00.922858,s2-eth2,0.0029877471923828126,99.99701225280762
2025-11-26 11:55:00.923008,s3-eth2,0.0029877471923828126,99.99701225280762
2025-11-26 11:55:01.923877,s1-eth1,0.0029877471923828126,99.99701225280762
2025-11-26 11:55:01.923980,s2-eth2,0.0029877471923828126,99.99701225280762
2025-11-26 11:55:01.924127,s3-eth2,0.0029877471923828126,99.99701225280762
2025-11-26 11:55:02.925002,s1-eth1,0.0029877471923828126,99.99701225280762
2025-11-26 11:55:02.925105,s2-eth2,0.0029877471923828126,99.99701225280762
2025-11-26 11:55:02.925252,s3-eth2,0.0029877471923828126,99.99701225280762
2025-11-26 11:55:03.926117,s1-eth1,0.0029877471923828126,99.99701225280762
2025-11-26 11:55:03.926221,s2-eth2,0.0029877471923828126,99.99701225280762
2025-11-26 11:55:03.926367,s3-eth2,0.0029877471923828126,99.99701225280762
2025-11-26 11:55:04.927279,s1-eth1,0.0029877471923828126,99.99701225280762
2025-11-26 11:55:04.927383,s2-eth2,0.0029877471923828126,99.99701225280762
2025-11-26 11:55:04.927530,s3-eth2,0.0029877471923828126,99.99701225280762
2025-11-26 11:55:05.928525,s1-eth1,0.0029877471923828126,99.99701225280762
2025-11-26 11:55:05.928628,s2-eth2,0.0029877471923828126,99.99701225280762
2025-11-26 11:55:05.928775,s3-eth2,0.0029877471923828126,99.99701225280762
2025-11-26 11:55:06.929663,s1-eth1,0.0029877471923828126,99.99701225280762
2025-11-26 11:55:06.929766,s2-eth2,0.0029877471923828126,99.99701225280762
2025-11-26 11:55:06.929913,s3-eth2,0.0029877471923828126,99.99701225280762
2025-11-26 11:55:07.930788,s1-eth1,0.0029877471923828126,99.99701225280762
2025-11-26 11:55:07.930903,s2-eth2,0.0029877471923828126,99.99701225280762
2025-11-26 11:55:07.931050,s3-eth2,0.0029877471923828126,99.99701225280762
2025-11-26 11:55:08.931934,s1-eth1,0.0036279296875,99.9963720703125
2025-11-26 11:55:08.932038,s2-eth2,0.0036279296875,99.9963720703125
2025-11-26 11:55:08.932186,s3-eth2,0.0036279296875,99.9963720703125
2025-11-26 11:55:09.933043,s1-eth1,0.0029877471923828126,99.99701225280762
2025-11-26 11:55:09.933147,s2-eth2,0.0029877471923828126,99.99701225280762
2025-11-26 11:55:09.933294,s3-eth2,0.0029877471923828126,99.99701225280762
2025-11-26 11:55:10.934273,s1-eth1,0.0029877471923828126,99.99701225280762
2025-11-26 11:55:10.934376,s2-eth2,0.0029877471923828126,99.99701225280762
2025-11-26 11:55:10.934523,s3-eth2,0.0029877471923828126,99.99701225280762
2025-11-26 11:55:11.935398,s1-eth1,0.0036279296875,99.9963720703125
2025-11-26 11:55:11.935517,s2-eth2,0.0029877471923828126,99.99701225280762
2025-11-26 11:55:11.935664,s3-eth2,0.0029877471923828126,99.99701225280762
2025-11-26 11:55:12.936516,s1-eth1,0.0029877471923828126,99.99701225280762
2025-11-26 11:55:12.936632,s2-eth2,0.0029877471923828126,99.99701225280762
2025-11-26 11:55:12.936781,s3-eth2,0.0029877471923828126,99.99701225280762
2025-11-26 11:55:13.937633,s1-eth1,0.0029877471923828126,99.99701225280762
2025-11-26 11:55:13.937748,s2-eth2,0.0029877471923828126,99.99701225280762
2025-11-26 11:55:13.937896,s3-eth2,0.0029877471923828126,99.99701225280762
2025-11-26 11:55:14.938741,s1-eth1,0.0029877471923828126,99.99701225280762
2025-11-26 11:55:14.938859,s2-eth2,0.0029877471923828126,99.99701225280762
2025-11-26 11:55:14.939027,s3-eth2,0.0029877471923828126,99.99701225280762
2025-11-26 11:55:15.939875,s1-eth1,0.0036279296875,99.9963720703125
2025-11-26 11:55:15.939979,s2-eth2,0.0029877471923828126,99.99701225280762
2025-11-26 11:55:15.940138,s3-eth2,0.0029877471923828126,99.99701225280762
2025-11-26 11:55:16.940985,s1-eth1,0.0029877471923828126,99.99701225280762
2025-11-26 11:55:16.941088,s2-eth2,0.0029877471923828126,99.99701225280762
2025-11-26 11:55:16.941247,s3-eth2,0.0029877471923828126,99.99701225280762
2025-11-26 11:55:17.942092,s1-eth1,0.0029877471923828126,99.99701225280762
2025-11-26 11:55:17.942195,s2-eth2,0.0029877471923828126,99.99701225280762
2025-11-26 11:55:17.942340,s3-eth2,0.0029877471923828126,99.99701225280762
2025-11-26 11:55:18.943242,s1-eth1,0.0029877471923828126,99.99701225280762
2025-11-26 11:55:18.943344,s2-eth2,0.0029877471923828126,99.99701225280762
2025-11-26 11:55:18.943491,s3-eth2,0.0029877471923828126,99.99701225280762
2025-11-26 11:55:19.944348,s1-eth1,0.0029877471923828126,99.99701225280762
2025-11-26 11:55:19.944451,s2-eth2,0.0029877471923828126,99.99701225280762
2025-11-26 11:55:19.944598,s3-eth2,0.0029877471923828126,99.99701225280762
2025-11-26 11:55:20.945540,s1-eth1,0.0029877471923828126,99.99701225280762
2025-11-26 11:55:20.945644,s2-eth2,0.0029877471923828126,99.99701225280762
2025-11-26 11:55:20.945790,s3-eth2,0.0029877471923828126,99.99701225280762
2025-11-26 11:55:21.946638,s1-eth1,0.0029877471923828126,99.99701225280762
2025-11-26 11:55:21.946742,s2-eth2,0.0029877471923828126,99.99701225280762
2025-11-26 11:55:21.946909,s3-eth2,0.0029877471923828126,99.99701225280762
2025-11-26 11:55:22.947770,s1-eth1,0.0029877471923828126,99.99701225280762
2025-11-26 11:55:22.947873,s2-eth2,0.0029877471923828126,99.99701225280762
2025-11-26 11:55:22.948020,s3-eth2,0.0029877471923828126,99.99701225280762
2025-11-26 11:55:23.948860,s1-eth1,0.0029877471923828126,99.99701225280762
2025-11-26 11:55:23.948963,s2-eth2,0.0029877471923828126,99.99701225280762
2025-11-26 11:55:23.949109,s3-eth2,0.0029877471923828126,99.99701225280762
2025-11-26 11:55:24.949635,s1-eth1,0.00299072265625,99.99700927734375
2025-11-26 11:55:24.949673,s2-eth2,0.00299072265625,99.99700927734375
2025-11-26 11:55:24.949728,s3-eth2,0.00299072265625,99.99700927734375
2025-11-26 11:55:25.950533,s1-eth1,0.00299072265625,99.99700927734375
2025-11-26 11:55:25.950635,s2-eth2,0.00299072265625,99.99700927734375
2025-11-26 11:55:25.950782,s3-eth2,0.0029877471923828126,99.99701225280762
2025-11-26 11:55:26.951342,s1-eth1,0.00299072265625,99.99700927734375
2025-11-26 11:55:26.951380,s2-eth2,0.00299072265625,99.99700927734375
2025-11-26 11:55:26.951434,s3-eth2,0.00299072265625,99.99700927734375
2025-11-26 11:55:27.952128,s1-eth1,0.00299072265625,99.99700927734375
2025-11-26 11:55:27.952230,s2-eth2,0.003631591796875,99.99636840820312
2025-11-26 11:55:27.952376,s3-eth2,0.003631591796875,99.99636840820312
2025-11-26 11:55:28.953245,s1-eth1,0.0036279296875,99.9963720703125
2025-11-26 11:55:28.953350,s2-eth2,0.0036279296875,99.9963720703125
2025-11-26 11:55:28.953497,s3-eth2,0.0036279296875,99.9963720703125
2025-11-26 11:55:29.954329,s1-eth1,0.0029877471923828126,99.99701225280762
2025-11-26 11:55:29.954432,s2-eth2,0.0029877471923828126,99.99701225280762
2025-11-26 11:55:29.954577,s3-eth2,0.0029877471923828126,99.99701225280762
2025-11-26 11:55:30.955541,s1-eth1,0.0029877471923828126,99.99701225280762
2025-11-26 11:55:30.955645,s2-eth2,0.0029877471923828126,99.99701225280762
2025-11-26 11:55:30.955790,s3-eth2,0.0029877471923828126,99.99701225280762
2025-11-26 11:55:31.956630,s1-eth1,0.0029877471923828126,99.99701225280762
2025-11-26 11:55:31.956732,s2-eth2,0.0029877471923828126,99.99701225280762
2025-11-26 11:55:31.956877,s3-eth2,0.0029877471923828126,99.99701225280762
2025-11-26 11:55:32.957749,s1-eth1,0.0029877471923828126,99.99701225280762
2025-11-26 11:55:32.957854,s2-eth2,0.0036279296875,99.9963720703125
2025-11-26 11:55:32.957999,s3-eth2,0.0036279296875,99.9963720703125
2025-11-26 11:55:33.958835,s1-eth1,0.0029877471923828126,99.99701225280762
2025-11-26 11:55:33.958990,s2-eth2,0.0029877471923828126,99.99701225280762
2025-11-26 11:55:33.959137,s3-eth2,0.0029877471923828126,99.99701225280762
2025-11-26 11:55:34.959960,s1-eth1,0.0029877471923828126,99.99701225280762
2025-11-26 11:55:34.960077,s2-eth2,0.0029877471923828126,99.99701225280762
2025-11-26 11:55:34.960223,s3-eth2,0.0029877471923828126,99.99701225280762
2025-11-26 11:55:35.961119,s1-eth1,0.0029877471923828126,99.99701225280762
2025-11-26 11:55:35.961235,s2-eth2,0.0029877471923828126,99.99701225280762
2025-11-26 11:55:35.961382,s3-eth2,0.0029877471923828126,99.99701225280762
2025-11-26 11:55:36.962229,s1-eth1,0.0036279296875,99.9963720703125
2025-11-26 11:55:36.962332,s2-eth2,0.0029877471923828126,99.99701225280762
2025-11-26 11:55:36.962491,s3-eth2,0.0029877471923828126,99.99701225280762
2025-11-26 11:55:37.963338,s1-eth1,0.0029877471923828126,99.99701225280762
2025-11-26 11:55:37.963441,s2-eth2,0.0029877471923828126,99.99701225280762
2025-11-26 11:55:37.963599,s3-eth2,0.0029877471923828126,99.99701225280762
2025-11-26 11:55:38.964425,s1-eth1,0.0036279296875,99.9963720703125
2025-11-26 11:55:38.964529,s2-eth2,0.0029877471923828126,99.99701225280762
2025-11-26 11:55:38.964687,s3-eth2,0.0029877471923828126,99.99701225280762
2025-11-26 11:55:39.965571,s1-eth1,0.0029877471923828126,99.99701225280762
2025-11-26 11:55:39.965676,s2-eth2,0.0029877471923828126,99.99701225280762
2025-11-26 11:55:39.965824,s3-eth2,0.0029877471923828126,99.99701225280762
2025-11-26 11:55:40.966816,s1-eth1,0.0029877471923828126,99.99701225280762
2025-11-26 11:55:40.966964,s2-eth2,0.0029877471923828126,99.99701225280762
2025-11-26 11:55:40.967112,s3-eth2,0.0029877471923828126,99.99701225280762
2025-11-26 11:55:41.967963,s1-eth1,0.0029877471923828126,99.99701225280762
2025-11-26 11:55:41.968066,s2-eth2,0.0029877471923828126,99.99701225280762
2025-11-26 11:55:41.968211,s3-eth2,0.0029877471923828126,99.99701225280762
2025-11-26 11:55:42.969084,s1-eth1,0.0036279296875,99.9963720703125
2025-11-26 11:55:42.969187,s2-eth2,0.0036279296875,99.9963720703125
2025-11-26 11:55:42.969335,s3-eth2,0.0036279296875,99.9963720703125
2025-11-26 11:55:43.970180,s1-eth1,0.0029877471923828126,99.99701225280762
2025-11-26 11:55:43.970283,s2-eth2,0.0029877471923828126,99.99701225280762
2025-11-26 11:55:43.970429,s3-eth2,0.0029877471923828126,99.99701225280762
2025-11-26 11:55:44.971305,s1-eth1,0.0029877471923828126,99.99701225280762
2025-11-26 11:55:44.971408,s2-eth2,0.0029877471923828126,99.99701225280762
2025-11-26 11:55:44.971553,s3-eth2,0.0029877471923828126,99.99701225280762
2025-11-26 11:55:45.972527,s1-eth1,0.0029877471923828126,99.99701225280762
2025-11-26 11:55:45.972631,s2-eth2,0.0029877471923828126,99.99701225280762
2025-11-26 11:55:45.972775,s3-eth2,0.0029877471923828126,99.99701225280762
2025-11-26 11:55:46.973609,s1-eth1,0.0029877471923828126,99.99701225280762
2025-11-26 11:55:46.973711,s2-eth2,0.0029877471923828126,99.99701225280762
2025-11-26 11:55:46.973856,s3-eth2,0.0029877471923828126,99.99701225280762
2025-11-26 11:55:47.974694,s1-eth1,0.0029877471923828126,99.99701225280762
2025-11-26 11:55:47.974796,s2-eth2,0.0029877471923828126,99.99701225280762
2025-11-26 11:55:47.974981,s3-eth2,0.0029877471923828126,99.99701225280762
2025-11-26 11:55:48.975834,s1-eth1,0.0029877471923828126,99.99701225280762
2025-11-26 11:55:48.975939,s2-eth2,0.0029877471923828126,99.99701225280762
2025-11-26 11:55:48.976085,s3-eth2,0.0029877471923828126,99.99701225280762
2025-11-26 11:55:49.976929,s1-eth1,0.0029877471923828126,99.99701225280762
2025-11-26 11:55:49.977033,s2-eth2,0.0029877471923828126,99.99701225280762
2025-11-26 11:55:49.977179,s3-eth2,0.0029877471923828126,99.99701225280762
2025-11-26 11:55:50.978120,s1-eth1,0.0029877471923828126,99.99701225280762
2025-11-26 11:55:50.978222,s2-eth2,0.0029877471923828126,99.99701225280762
2025-11-26 11:55:50.978367,s3-eth2,0.0029877471923828126,99.99701225280762
2025-11-26 11:55:51.979253,s1-eth1,0.0029877471923828126,99.99701225280762
2025-11-26 11:55:51.979354,s2-eth2,0.0029877471923828126,99.99701225280762
2025-11-26 11:55:51.979499,s3-eth2,0.0029877471923828126,99.99701225280762
2025-11-26 11:55:52.980361,s1-eth1,0.0029877471923828126,99.99701225280762
2025-11-26 11:55:52.980464,s2-eth2,0.0029877471923828126,99.99701225280762
2025-11-26 11:55:52.980611,s3-eth2,0.0029877471923828126,99.99701225280762
2025-11-26 11:55:53.981472,s1-eth1,0.0029877471923828126,99.99701225280762
2025-11-26 11:55:53.981575,s2-eth2,0.0029877471923828126,99.99701225280762
2025-11-26 11:55:53.981722,s3-eth2,0.0029877471923828126,99.99701225280762
2025-11-26 11:55:54.982571,s1-eth1,0.0029877471923828126,99.99701225280762
2025-11-26 11:55:54.982687,s2-eth2,0.0029877471923828126,99.99701225280762
2025-11-26 11:55:54.982834,s3-eth2,0.0029877471923828126,99.99701225280762
2025-11-26 11:55:55.983826,s1-eth1,0.0029877471923828126,99.99701225280762
2025-11-26 11:55:55.983943,s2-eth2,0.0029877471923828126,99.99701225280762
2025-11-26 11:55:55.984090,s3-eth2,0.0029877471923828126,99.99701225280762
2025-11-26 11:55:56.984943,s1-eth1,0.0029877471923828126,99.99701225280762
2025-11-26 11:55:56.985060,s2-eth2,0.0029877471923828126,99.99701225280762
2025-11-26 11:55:56.985207,s3-eth2,0.0029877471923828126,99.99701225280762
2025-11-26 11:55:57.986067,s1-eth1,0.0029877471923828126,99.99701225280762
2025-11-26 11:55:57.986170,s2-eth2,0.0029877471923828126,99.99701225280762
2025-11-26 11:55:57.986329,s3-eth2,0.0029877471923828126,99.99701225280762
2025-11-26 11:55:58.987217,s1-eth1,0.0029877471923828126,99.99701225280762
2025-11-26 11:55:58.987320,s2-eth2,0.0029877471923828126,99.99701225280762
2025-11-26 11:55:58.987485,s3-eth2,0.0029877471923828126,99.99701225280762
2025-11-26 11:55:59.988344,s1-eth1,0.0036279296875,99.9963720703125
2025-11-26 11:55:59.988448,s2-eth2,0.0036279296875,99.9963720703125
2025-11-26 11:55:59.988609,s3-eth2,0.0036279296875,99.9963720703125
2025-11-26 11:56:00.989600,s1-eth1,0.0029877471923828126,99.99701225280762
2025-11-26 11:56:00.989704,s2-eth2,0.0029877471923828126,99.99701225280762
2025-11-26 11:56:00.989852,s3-eth2,0.0029877471923828126,99.99701225280762
2025-11-26 11:56:01.990731,s1-eth1,0.0036279296875,99.9963720703125
2025-11-26 11:56:01.990836,s2-eth2,0.0029877471923828126,99.99701225280762
2025-11-26 11:56:01.991025,s3-eth2,0.0029877471923828126,99.99701225280762
2025-11-26 11:56:02.991901,s1-eth1,0.0029877471923828126,99.99701225280762
2025-11-26 11:56:02.992005,s2-eth2,0.0029877471923828126,99.99701225280762
2025-11-26 11:56:02.992152,s3-eth2,0.0029877471923828126,99.99701225280762
2025-11-26 11:56:03.993033,s1-eth1,0.0036279296875,99.9963720703125
2025-11-26 11:56:03.993138,s2-eth2,0.0029877471923828126,99.99701225280762
2025-11-26 11:56:03.993287,s3-eth2,0.0029877471923828126,99.99701225280762
2025-11-26 11:56:04.994162,s1-eth1,0.0029877471923828126,99.99701225280762
2025-11-26 11:56:04.994268,s2-eth2,0.0029877471923828126,99.99701225280762
2025-11-26 11:56:04.994414,s3-eth2,0.0029877471923828126,99.99701225280762
2025-11-26 11:56:05.995450,s1-eth1,0.0029877471923828126,99.99701225280762
2025-11-26 11:56:05.995553,s2-eth2,0.0029877471923828126,99.99701225280762
2025-11-26 11:56:05.995701,s3-eth2,0.0029877471923828126,99.99701225280762
2025-11-26 11:56:06.996567,s1-eth1,0.0029877471923828126,99.99701225280762
2025-11-26 11:56:06.996671,s2-eth2,0.0036279296875,99.9963720703125
2025-11-26 11:56:06.996817,s3-eth2,0.0036279296875,99.9963720703125
2025-11-26 11:56:07.997693,s1-eth1,0.0029877471923828126,99.99701225280762
2025-11-26 11:56:07.997796,s2-eth2,0.0029877471923828126,99.99701225280762
2025-11-26 11:56:07.997943,s3-eth2,0.0029877471923828126,99.99701225280762
2025-11-26 11:56:08.998804,s1-eth1,0.0029877471923828126,99.99701225280762
2025-11-26 11:56:08.998948,s2-eth2,0.0029877471923828126,99.99701225280762
2025-11-26 11:56:08.999096,s3-eth2,0.0029877471923828126,99.99701225280762
2025-11-26 11:56:09.999979,s1-eth1,0.0029877471923828126,99.99701225280762
2025-11-26 11:56:10.000085,s2-eth2,0.002984771728515625,99.99701522827148
2025-11-26 11:56:10.000232,s3-eth2,0.002984771728515625,99.99701522827148
2025-11-26 11:56:11.001159,s1-eth1,0.002984771728515625,99.99701522827148
2025-11-26 11:56:11.001263,s2-eth2,0.0029877471923828126,99.99701225280762
2025-11-26 11:56:11.001410,s3-eth2,0.0029877471923828126,99.99701225280762
2025-11-26 11:56:12.002278,s1-eth1,0.0029877471923828126,99.99701225280762
2025-11-26 11:56:12.002382,s2-eth2,0.0029877471923828126,99.99701225280762
2025-11-26 11:56:12.002529,s3-eth2,0.0029877471923828126,99.99701225280762
2025-11-26 11:56:13.003395,s1-eth1,0.0029877471923828126,99.99701225280762
2025-11-26 11:56:13.003498,s2-eth2,0.0029877471923828126,99.99701225280762
2025-11-26 11:56:13.003644,s3-eth2,0.0029877471923828126,99.99701225280762
2025-11-26 11:56:14.004521,s1-eth1,0.0029877471923828126,99.99701225280762
2025-11-26 11:56:14.004626,s2-eth2,0.0029877471923828126,99.99701225280762
2025-11-26 11:56:14.004772,s3-eth2,0.0029877471923828126,99.99701225280762
2025-11-26 11:56:15.005638,s1-eth1,0.0029877471923828126,99.99701225280762
2025-11-26 11:56:15.005742,s2-eth2,0.0029877471923828126,99.99701225280762
2025-11-26 11:56:15.005889,s3-eth2,0.0029877471923828126,99.99701225280762
2025-11-26 11:56:16.006829,s1-eth1,0.0029877471923828126,99.99701225280762
2025-11-26 11:56:16.007006,s2-eth2,0.0036279296875,99.9963720703125
2025-11-26 11:56:16.007157,s3-eth2,0.0036279296875,99.9963720703125
2025-11-26 11:56:17.008033,s1-eth1,0.0029877471923828126,99.99701225280762
2025-11-26 11:56:17.008151,s2-eth2,0.0029877471923828126,99.99701225280762
2025-11-26 11:56:17.008298,s3-eth2,0.0029877471923828126,99.99701225280762
2025-11-26 11:56:18.009162,s1-eth1,0.0036279296875,99.9963720703125
2025-11-26 11:56:18.009281,s2-eth2,0.0036279296875,99.9963720703125
2025-11-26 11:56:18.009430,s3-eth2,0.0036279296875,99.9963720703125
2025-11-26 11:56:19.010289,s1-eth1,0.0029877471923828126,99.99701225280762
2025-11-26 11:56:19.010406,s2-eth2,0.0029877471923828126,99.99701225280762
2025-11-26 11:56:19.010553,s3-eth2,0.0029877471923828126,99.99701225280762
2025-11-26 11:56:20.011412,s1-eth1,0.0029877471923828126,99.99701225280762
2025-11-26 11:56:20.011515,s2-eth2,0.0029877471923828126,99.99701225280762
2025-11-26 11:56:20.011675,s3-eth2,0.0029877471923828126,99.99701225280762
2025-11-26 11:56:21.012613,s1-eth1,0.0029877471923828126,99.99701225280762
2025-11-26 11:56:21.012715,s2-eth2,0.0029877471923828126,99.99701225280762
2025-11-26 11:56:21.012877,s3-eth2,0.0029877471923828126,99.99701225280762
2025-11-26 11:56:22.013747,s1-eth1,0.0029877471923828126,99.99701225280762
2025-11-26 11:56:22.013851,s2-eth2,0.0029877471923828126,99.99701225280762
2025-11-26 11:56:22.014020,s3-eth2,0.0029877471923828126,99.99701225280762
2025-11-26 11:56:23.014900,s1-eth1,0.0029877471923828126,99.99701225280762
2025-11-26 11:56:23.015004,s2-eth2,0.0029877471923828126,99.99701225280762
2025-11-26 11:56:23.015151,s3-eth2,0.0029877471923828126,99.99701225280762
2025-11-26 11:56:24.016019,s1-eth1,0.0029877471923828126,99.99701225280762
2025-11-26 11:56:24.016123,s2-eth2,0.0029877471923828126,99.99701225280762
2025-11-26 11:56:24.016270,s3-eth2,0.0029877471923828126,99.99701225280762
2025-11-26 11:56:25.017138,s1-eth1,0.0029877471923828126,99.99701225280762
2025-11-26 11:56:25.017242,s2-eth2,0.0029877471923828126,99.99701225280762
2025-11-26 11:56:25.017388,s3-eth2,0.0029877471923828126,99.99701225280762
2025-11-26 11:56:26.018335,s1-eth1,0.0029877471923828126,99.99701225280762
2025-11-26 11:56:26.018438,s2-eth2,0.0029877471923828126,99.99701225280762
2025-11-26 11:56:26.018586,s3-eth2,0.0029877471923828126,99.99701225280762
2025-11-26 11:56:27.019476,s1-eth1,0.0029877471923828126,99.99701225280762
2025-11-26 11:56:27.019582,s2-eth2,0.0029877471923828126,99.99701225280762
2025-11-26 11:56:27.019728,s3-eth2,0.0029877471923828126,99.99701225280762
2025-11-26 11:56:28.020615,s1-eth1,0.0042681884765625,99.99573181152344
2025-11-26 11:56:28.020719,s2-eth2,0.0029877471923828126,99.99701225280762
2025-11-26 11:56:28.020867,s3-eth2,0.0029877471923828126,99.99701225280762
2025-11-26 11:56:29.021742,s1-eth1,0.0029877471923828126,99.99701225280762
2025-11-26 11:56:29.021846,s2-eth2,0.0029877471923828126,99.99701225280762
2025-11-26 11:56:29.021993,s3-eth2,0.0029877471923828126,99.99701225280762
2025-11-26 11:56:30.022875,s1-eth1,0.0036279296875,99.9963720703125
2025-11-26 11:56:30.022979,s2-eth2,0.0036279296875,99.9963720703125
2025-11-26 11:56:30.023126,s3-eth2,0.0036279296875,99.9963720703125
2025-11-26 11:56:31.024072,s1-eth1,0.0029877471923828126,99.99701225280762
2025-11-26 11:56:31.024176,s2-eth2,0.0029877471923828126,99.99701225280762
2025-11-26 11:56:31.024322,s3-eth2,0.0029877471923828126,99.99701225280762
2025-11-26 11:56:32.025186,s1-eth1,0.0029877471923828126,99.99701225280762
2025-11-26 11:56:32.025290,s2-eth2,0.0029877471923828126,99.99701225280762
2025-11-26 11:56:32.025438,s3-eth2,0.0029877471923828126,99.99701225280762
2025-11-26 11:56:33.026299,s1-eth1,0.0029877471923828126,99.99701225280762
2025-11-26 11:56:33.026403,s2-eth2,0.0029877471923828126,99.99701225280762
2025-11-26 11:56:33.026549,s3-eth2,0.0029877471923828126,99.99701225280762
2025-11-26 11:56:34.027416,s1-eth1,0.0029877471923828126,99.99701225280762
2025-11-26 11:56:34.027519,s2-eth2,0.0029877471923828126,99.99701225280762
2025-11-26 11:56:34.027666,s3-eth2,0.0029877471923828126,99.99701225280762
2025-11-26 11:56:35.028522,s1-eth1,0.0029877471923828126,99.99701225280762
2025-11-26 11:56:35.028625,s2-eth2,0.0029877471923828126,99.99701225280762
2025-11-26 11:56:35.028770,s3-eth2,0.0029877471923828126,99.99701225280762
2025-11-26 11:56:36.029724,s1-eth1,0.0029877471923828126,99.99701225280762
2025-11-26 11:56:36.029826,s2-eth2,0.0029877471923828126,99.99701225280762
2025-11-26 11:56:36.029972,s3-eth2,0.0029877471923828126,99.99701225280762
2025-11-26 11:56:37.030840,s1-eth1,0.0029877471923828126,99.99701225280762
2025-11-26 11:56:37.030959,s2-eth2,0.0029877471923828126,99.99701225280762
2025-11-26 11:56:37.031106,s3-eth2,0.0029877471923828126,99.99701225280762
2025-11-26 11:56:38.031959,s1-eth1,0.0029877471923828126,99.99701225280762
2025-11-26 11:56:38.032077,s2-eth2,0.0029877471923828126,99.99701225280762
2025-11-26 11:56:38.032225,s3-eth2,0.0029877471923828126,99.99701225280762
2025-11-26 11:56:39.033077,s1-eth1,0.0029877471923828126,99.99701225280762
2025-11-26 11:56:39.033194,s2-eth2,0.0029877471923828126,99.99701225280762
2025-11-26 11:56:39.033341,s3-eth2,0.0029877471923828126,99.99701225280762
2025-11-26 11:56:40.034198,s1-eth1,0.0029877471923828126,99.99701225280762
2025-11-26 11:56:40.034314,s2-eth2,0.0029877471923828126,99.99701225280762
2025-11-26 11:56:40.034460,s3-eth2,0.0029877471923828126,99.99701225280762
2025-11-26 11:56:41.035454,s1-eth1,0.0029877471923828126,99.99701225280762
2025-11-26 11:56:41.035558,s2-eth2,0.0029877471923828126,99.99701225280762
2025-11-26 11:56:41.035718,s3-eth2,0.0029877471923828126,99.99701225280762
2025-11-26 11:56:42.036566,s1-eth1,0.0029877471923828126,99.99701225280762
2025-11-26 11:56:42.036669,s2-eth2,0.0029877471923828126,99.99701225280762
2025-11-26 11:56:42.036829,s3-eth2,0.0029877471923828126,99.99701225280762
2025-11-26 11:56:43.037678,s1-eth1,0.0029877471923828126,99.99701225280762
2025-11-26 11:56:43.037781,s2-eth2,0.0029877471923828126,99.99701225280762
2025-11-26 11:56:43.037942,s3-eth2,0.0029877471923828126,99.99701225280762
2025-11-26 11:56:44.038792,s1-eth1,0.0029877471923828126,99.99701225280762
2025-11-26 11:56:44.038911,s2-eth2,0.0029877471923828126,99.99701225280762
2025-11-26 11:56:44.039058,s3-eth2,0.0029877471923828126,99.99701225280762
2025-11-26 11:56:45.039927,s1-eth1,0.0029877471923828126,99.99701225280762
2025-11-26 11:56:45.040030,s2-eth2,0.0029877471923828126,99.99701225280762
2025-11-26 11:56:45.040177,s3-eth2,0.0029877471923828126,99.99701225280762
2025-11-26 11:56:46.041062,s1-eth1,0.0029877471923828126,99.99701225280762
2025-11-26 11:56:46.041168,s2-eth2,0.0036279296875,99.9963720703125
2025-11-26 11:56:46.041315,s3-eth2,0.0036279296875,99.9963720703125
2025-11-26 11:56:47.042178,s1-eth1,0.0029877471923828126,99.99701225280762
2025-11-26 11:56:47.042281,s2-eth2,0.0029877471923828126,99.99701225280762
2025-11-26 11:56:47.042427,s3-eth2,0.0029877471923828126,99.99701225280762
2025-11-26 11:56:48.043301,s1-eth1,0.0029877471923828126,99.99701225280762
2025-11-26 11:56:48.043404,s2-eth2,0.0029877471923828126,99.99701225280762
2025-11-26 11:56:48.043550,s3-eth2,0.0029877471923828126,99.99701225280762
2025-11-26 11:56:49.044425,s1-eth1,0.0029877471923828126,99.99701225280762
2025-11-26 11:56:49.044530,s2-eth2,0.0029877471923828126,99.99701225280762
2025-11-26 11:56:49.044675,s3-eth2,0.0029877471923828126,99.99701225280762
2025-11-26 11:56:50.045544,s1-eth1,0.0029877471923828126,99.99701225280762
2025-11-26 11:56:50.045648,s2-eth2,0.0029877471923828126,99.99701225280762
2025-11-26 11:56:50.045794,s3-eth2,0.0029877471923828126,99.99701225280762
2025-11-26 11:56:51.046665,s1-eth1,0.0029877471923828126,99.99701225280762
2025-11-26 11:56:51.046768,s2-eth2,0.0029877471923828126,99.99701225280762
2025-11-26 11:56:51.046931,s3-eth2,0.0029877471923828126,99.99701225280762
2025-11-26 11:56:52.047824,s1-eth1,0.0029877471923828126,99.99701225280762
2025-11-26 11:56:52.047928,s2-eth2,0.0029877471923828126,99.99701225280762
2025-11-26 11:56:52.048076,s3-eth2,0.0029877471923828126,99.99701225280762
2025-11-26 11:56:53.048956,s1-eth1,0.004908447265625,99.99509155273438
2025-11-26 11:56:53.049063,s2-eth2,0.0036279296875,99.9963720703125
2025-11-26 11:56:53.049211,s3-eth2,0.0036279296875,99.9963720703125
2025-11-26 11:56:54.050100,s1-eth1,0.0029877471923828126,99.99701225280762
2025-11-26 11:56:54.050203,s2-eth2,0.0029877471923828126,99.99701225280762
2025-11-26 11:56:54.050350,s3-eth2,0.0029877471923828126,99.99701225280762
2025-11-26 11:56:55.051238,s1-eth1,0.0029877471923828126,99.99701225280762
2025-11-26 11:56:55.051343,s2-eth2,0.0029877471923828126,99.99701225280762
2025-11-26 11:56:55.051489,s3-eth2,0.0029877471923828126,99.99701225280762
2025-11-26 11:56:56.052452,s1-eth1,0.0029877471923828126,99.99701225280762
2025-11-26 11:56:56.052556,s2-eth2,0.0029877471923828126,99.99701225280762
2025-11-26 11:56:56.052703,s3-eth2,0.0029877471923828126,99.99701225280762
2025-11-26 11:56:57.053574,s1-eth1,0.0029877471923828126,99.99701225280762
2025-11-26 11:56:57.053678,s2-eth2,0.0029877471923828126,99.99701225280762
2025-11-26 11:56:57.053824,s3-eth2,0.0029877471923828126,99.99701225280762
2025-11-26 11:56:58.054693,s1-eth1,0.0029877471923828126,99.99701225280762
2025-11-26 11:56:58.054798,s2-eth2,0.0029877471923828126,99.99701225280762
2025-11-26 11:56:58.054960,s3-eth2,0.0029877471923828126,99.99701225280762
2025-11-26 11:56:59.055844,s1-eth1,0.0036279296875,99.9963720703125
2025-11-26 11:56:59.055948,s2-eth2,0.0042681884765625,99.99573181152344
2025-11-26 11:56:59.056096,s3-eth2,0.0042681884765625,99.99573181152344
2025-11-26 11:57:00.056961,s1-eth1,0.0029877471923828126,99.99701225280762
2025-11-26 11:57:00.057393,s2-eth2,0.0029877471923828126,99.99701225280762
2025-11-26 11:57:00.057540,s3-eth2,0.0029877471923828126,99.99701225280762
2025-11-26 11:57:01.058462,s1-eth1,0.0029877471923828126,99.99701225280762
2025-11-26 11:57:01.058580,s2-eth2,0.0029877471923828126,99.99701225280762
2025-11-26 11:57:01.058727,s3-eth2,0.0029877471923828126,99.99701225280762
2025-11-26 11:57:02.059617,s1-eth1,0.0029877471923828126,99.99701225280762
2025-11-26 11:57:02.059733,s2-eth2,0.0029877471923828126,99.99701225280762
2025-11-26 11:57:02.059882,s3-eth2,0.0029877471923828126,99.99701225280762
2025-11-26 11:57:03.060744,s1-eth1,0.0029877471923828126,99.99701225280762
2025-11-26 11:57:03.060849,s2-eth2,0.0029877471923828126,99.99701225280762
2025-11-26 11:57:03.061011,s3-eth2,0.0029877471923828126,99.99701225280762
2025-11-26 11:57:04.061877,s1-eth1,0.0029877471923828126,99.99701225280762
2025-11-26 11:57:04.061982,s2-eth2,0.0029877471923828126,99.99701225280762
2025-11-26 11:57:04.062142,s3-eth2,0.0029877471923828126,99.99701225280762
2025-11-26 11:57:05.063007,s1-eth1,0.0029877471923828126,99.99701225280762
2025-11-26 11:57:05.063111,s2-eth2,0.0029877471923828126,99.99701225280762
2025-11-26 11:57:05.063272,s3-eth2,0.0029877471923828126,99.99701225280762
2025-11-26 11:57:06.064120,s1-eth1,0.0029877471923828126,99.99701225280762
2025-11-26 11:57:06.064224,s2-eth2,0.0029877471923828126,99.99701225280762
2025-11-26 11:57:06.064369,s3-eth2,0.0029877471923828126,99.99701225280762
2025-11-26 11:57:07.065362,s1-eth1,0.0029877471923828126,99.99701225280762
2025-11-26 11:57:07.065465,s2-eth2,0.0029877471923828126,99.99701225280762
2025-11-26 11:57:07.065613,s3-eth2,0.0029877471923828126,99.99701225280762
2025-11-26 11:57:08.066478,s1-eth1,0.0029877471923828126,99.99701225280762
2025-11-26 11:57:08.066582,s2-eth2,0.0029877471923828126,99.99701225280762
2025-11-26 11:57:08.066727,s3-eth2,0.0029877471923828126,99.99701225280762
2025-11-26 11:57:09.067604,s1-eth1,0.0029877471923828126,99.99701225280762
2025-11-26 11:57:09.067707,s2-eth2,0.0029877471923828126,99.99701225280762
2025-11-26 11:57:09.067853,s3-eth2,0.0029877471923828126,99.99701225280762
2025-11-26 11:57:10.068717,s1-eth1,0.0029877471923828126,99.99701225280762
2025-11-26 11:57:10.068820,s2-eth2,0.0029877471923828126,99.99701225280762
2025-11-26 11:57:10.068967,s3-eth2,0.0029877471923828126,99.99701225280762
2025-11-26 11:57:11.069865,s1-eth1,0.0029877471923828126,99.99701225280762
2025-11-26 11:57:11.069971,s2-eth2,0.0029877471923828126,99.99701225280762
2025-11-26 11:57:11.070118,s3-eth2,0.0029877471923828126,99.99701225280762
2025-11-26 11:57:12.071116,s1-eth1,0.0029877471923828126,99.99701225280762
2025-11-26 11:57:12.071219,s2-eth2,0.0029877471923828126,99.99701225280762
2025-11-26 11:57:12.071367,s3-eth2,0.0029877471923828126,99.99701225280762
2025-11-26 11:57:13.072247,s1-eth1,0.0029877471923828126,99.99701225280762
2025-11-26 11:57:13.072350,s2-eth2,0.0029877471923828126,99.99701225280762
2025-11-26 11:57:13.072497,s3-eth2,0.0029877471923828126,99.99701225280762
2025-11-26 11:57:14.073375,s1-eth1,0.0029877471923828126,99.99701225280762
2025-11-26 11:57:14.073478,s2-eth2,0.0029877471923828126,99.99701225280762
2025-11-26 11:57:14.073626,s3-eth2,0.0029877471923828126,99.99701225280762
2025-11-26 11:57:15.074494,s1-eth1,0.0029877471923828126,99.99701225280762
2025-11-26 11:57:15.074597,s2-eth2,0.0029877471923828126,99.99701225280762
2025-11-26 11:57:15.074744,s3-eth2,0.0029877471923828126,99.99701225280762
2025-11-26 11:57:16.075633,s1-eth1,0.0029877471923828126,99.99701225280762
2025-11-26 11:57:16.075735,s2-eth2,0.0029877471923828126,99.99701225280762
2025-11-26 11:57:16.075882,s3-eth2,0.0029877471923828126,99.99701225280762
2025-11-26 11:57:17.076878,s1-eth1,0.0042681884765625,99.99573181152344
2025-11-26 11:57:17.076981,s2-eth2,0.0029877471923828126,99.99701225280762
2025-11-26 11:57:17.077129,s3-eth2,0.0029877471923828126,99.99701225280762
2025-11-26 11:57:18.078005,s1-eth1,0.0029877471923828126,99.99701225280762
2025-11-26 11:57:18.078108,s2-eth2,0.0029877471923828126,99.99701225280762
2025-11-26 11:57:18.078256,s3-eth2,0.0029877471923828126,99.99701225280762
2025-11-26 11:57:19.079149,s1-eth1,0.0029877471923828126,99.99701225280762
2025-11-26 11:57:19.079252,s2-eth2,0.0029877471923828126,99.99701225280762
2025-11-26 11:57:19.079398,s3-eth2,0.0029877471923828126,99.99701225280762
2025-11-26 11:57:20.080281,s1-eth1,0.0029877471923828126,99.99701225280762
2025-11-26 11:57:20.080385,s2-eth2,0.0029877471923828126,99.99701225280762
2025-11-26 11:57:20.080532,s3-eth2,0.0029877471923828126,99.99701225280762
2025-11-26 11:57:21.081388,s1-eth1,0.0029877471923828126,99.99701225280762
2025-11-26 11:57:21.081504,s2-eth2,0.0029877471923828126,99.99701225280762
2025-11-26 11:57:21.081651,s3-eth2,0.0029877471923828126,99.99701225280762
2025-11-26 11:57:22.082653,s1-eth1,0.0029877471923828126,99.99701225280762
2025-11-26 11:57:22.082770,s2-eth2,0.0029877471923828126,99.99701225280762
2025-11-26 11:57:22.082945,s3-eth2,0.0029877471923828126,99.99701225280762
2025-11-26 11:57:23.083807,s1-eth1,0.0029877471923828126,99.99701225280762
2025-11-26 11:57:23.083924,s2-eth2,0.0029877471923828126,99.99701225280762
2025-11-26 11:57:23.084072,s3-eth2,0.0029877471923828126,99.99701225280762
2025-11-26 11:57:24.084930,s1-eth1,0.0029877471923828126,99.99701225280762
2025-11-26 11:57:24.085033,s2-eth2,0.0029877471923828126,99.99701225280762
2025-11-26 11:57:24.085194,s3-eth2,0.0029877471923828126,99.99701225280762
2025-11-26 11:57:25.086061,s1-eth1,0.0029877471923828126,99.99701225280762
2025-11-26 11:57:25.086166,s2-eth2,0.0036279296875,99.9963720703125
2025-11-26 11:57:25.086326,s3-eth2,0.0036279296875,99.9963720703125
2025-11-26 11:57:26.087202,s1-eth1,0.0029877471923828126,99.99701225280762
2025-11-26 11:57:26.087306,s2-eth2,0.0029877471923828126,99.99701225280762
2025-11-26 11:57:26.087466,s3-eth2,0.0029877471923828126,99.99701225280762
2025-11-26 11:57:27.088443,s1-eth1,0.0029877471923828126,99.99701225280762
2025-11-26 11:57:27.088547,s2-eth2,0.0029877471923828126,99.99701225280762
2025-11-26 11:57:27.088694,s3-eth2,0.0029877471923828126,99.99701225280762
2025-11-26 11:57:28.089573,s1-eth1,0.0036279296875,99.9963720703125
2025-11-26 11:57:28.089677,s2-eth2,0.0036279296875,99.9963720703125
2025-11-26 11:57:28.089824,s3-eth2,0.0036279296875,99.9963720703125
2025-11-26 11:57:29.090694,s1-eth1,0.0029877471923828126,99.99701225280762
2025-11-26 11:57:29.090796,s2-eth2,0.0029877471923828126,99.99701225280762
2025-11-26 11:57:29.090959,s3-eth2,0.0029877471923828126,99.99701225280762
2025-11-26 11:57:30.091831,s1-eth1,0.0036279296875,99.9963720703125
2025-11-26 11:57:30.091934,s2-eth2,0.0036279296875,99.9963720703125
2025-11-26 11:57:30.092081,s3-eth2,0.0036279296875,99.9963720703125
2025-11-26 11:57:31.092944,s1-eth1,0.0029877471923828126,99.99701225280762
2025-11-26 11:57:31.093048,s2-eth2,0.0029877471923828126,99.99701225280762
2025-11-26 11:57:31.093194,s3-eth2,0.0029877471923828126,99.99701225280762
2025-11-26 11:57:32.094213,s1-eth1,0.0029877471923828126,99.99701225280762
2025-11-26 11:57:32.094316,s2-eth2,0.0029877471923828126,99.99701225280762
2025-11-26 11:57:32.094462,s3-eth2,0.0029877471923828126,99.99701225280762
2025-11-26 11:57:33.095356,s1-eth1,0.0029877471923828126,99.99701225280762
2025-11-26 11:57:33.095460,s2-eth2,0.0029877471923828126,99.99701225280762
2025-11-26 11:57:33.095607,s3-eth2,0.0029877471923828126,99.99701225280762
2025-11-26 11:57:34.096484,s1-eth1,0.0029877471923828126,99.99701225280762
2025-11-26 11:57:34.096586,s2-eth2,0.0029877471923828126,99.99701225280762
2025-11-26 11:57:34.096732,s3-eth2,0.0029877471923828126,99.99701225280762
2025-11-26 11:57:35.097607,s1-eth1,0.0029877471923828126,99.99701225280762
2025-11-26 11:57:35.097710,s2-eth2,0.0029877471923828126,99.99701225280762
2025-11-26 11:57:35.097855,s3-eth2,0.0029877471923828126,99.99701225280762
2025-11-26 11:57:36.098725,s1-eth1,0.0029877471923828126,99.99701225280762
2025-11-26 11:57:36.098827,s2-eth2,0.0029877471923828126,99.99701225280762
2025-11-26 11:57:36.098989,s3-eth2,0.0029877471923828126,99.99701225280762
2025-11-26 11:57:37.099986,s1-eth1,0.0029877471923828126,99.99701225280762
2025-11-26 11:57:37.100090,s2-eth2,0.0029877471923828126,99.99701225280762
2025-11-26 11:57:37.100236,s3-eth2,0.0029877471923828126,99.99701225280762
2025-11-26 11:57:38.101111,s1-eth1,0.0029877471923828126,99.99701225280762
2025-11-26 11:57:38.101214,s2-eth2,0.0029877471923828126,99.99701225280762
2025-11-26 11:57:38.101361,s3-eth2,0.0029877471923828126,99.99701225280762
2025-11-26 11:57:39.102228,s1-eth1,0.0029877471923828126,99.99701225280762
2025-11-26 11:57:39.102331,s2-eth2,0.0029877471923828126,99.99701225280762
2025-11-26 11:57:39.102479,s3-eth2,0.0029877471923828126,99.99701225280762
2025-11-26 11:57:40.103397,s1-eth1,0.0029877471923828126,99.99701225280762
2025-11-26 11:57:40.103501,s2-eth2,0.0029877471923828126,99.99701225280762
2025-11-26 11:57:40.103648,s3-eth2,0.0029877471923828126,99.99701225280762
2025-11-26 11:57:41.104535,s1-eth1,0.0029877471923828126,99.99701225280762
2025-11-26 11:57:41.104639,s2-eth2,0.0029877471923828126,99.99701225280762
2025-11-26 11:57:41.104786,s3-eth2,0.0029877471923828126,99.99701225280762
2025-11-26 11:57:42.105781,s1-eth1,0.0042681884765625,99.99573181152344
2025-11-26 11:57:42.105885,s2-eth2,0.0036279296875,99.9963720703125
2025-11-26 11:57:42.106034,s3-eth2,0.0036279296875,99.9963720703125
2025-11-26 11:57:43.106903,s1-eth1,0.0029877471923828126,99.99701225280762
2025-11-26 11:57:43.107019,s2-eth2,0.0029877471923828126,99.99701225280762
2025-11-26 11:57:43.107165,s3-eth2,0.0029877471923828126,99.99701225280762
2025-11-26 11:57:44.108041,s1-eth1,0.0029877471923828126,99.99701225280762
2025-11-26 11:57:44.108158,s2-eth2,0.0029877471923828126,99.99701225280762
2025-11-26 11:57:44.108305,s3-eth2,0.0029877471923828126,99.99701225280762
2025-11-26 11:57:45.109162,s1-eth1,0.0029877471923828126,99.99701225280762
2025-11-26 11:57:45.109279,s2-eth2,0.0029877471923828126,99.99701225280762
2025-11-26 11:57:45.109426,s3-eth2,0.0029877471923828126,99.99701225280762
2025-11-26 11:57:46.110288,s1-eth1,0.0029877471923828126,99.99701225280762
2025-11-26 11:57:46.110393,s2-eth2,0.0029877471923828126,99.99701225280762
2025-11-26 11:57:46.110553,s3-eth2,0.0029877471923828126,99.99701225280762
2025-11-26 11:57:47.111498,s1-eth1,0.0029877471923828126,99.99701225280762
2025-11-26 11:57:47.111602,s2-eth2,0.0029877471923828126,99.99701225280762
2025-11-26 11:57:47.111762,s3-eth2,0.0029877471923828126,99.99701225280762
2025-11-26 11:57:48.112617,s1-eth1,0.0029877471923828126,99.99701225280762
2025-11-26 11:57:48.112721,s2-eth2,0.0029877471923828126,99.99701225280762
2025-11-26 11:57:48.112880,s3-eth2,0.0029877471923828126,99.99701225280762
2025-11-26 11:57:49.113732,s1-eth1,0.0029877471923828126,99.99701225280762
2025-11-26 11:57:49.113835,s2-eth2,0.0029877471923828126,99.99701225280762
2025-11-26 11:57:49.113982,s3-eth2,0.0029877471923828126,99.99701225280762
2025-11-26 11:57:50.114866,s1-eth1,0.0029877471923828126,99.99701225280762
2025-11-26 11:57:50.114970,s2-eth2,0.0029877471923828126,99.99701225280762
2025-11-26 11:57:50.115117,s3-eth2,0.0029877471923828126,99.99701225280762
2025-11-26 11:57:51.115971,s1-eth1,0.0029877471923828126,99.99701225280762
2025-11-26 11:57:51.116074,s2-eth2,0.0029877471923828126,99.99701225280762
2025-11-26 11:57:51.116220,s3-eth2,0.0029877471923828126,99.99701225280762
2025-11-26 11:57:52.117405,s1-eth1,0.0029877471923828126,99.99701225280762
2025-11-26 11:57:52.117561,s2-eth2,0.0029877471923828126,99.99701225280762
2025-11-26 11:57:52.117710,s3-eth2,0.0029877471923828126,99.99701225280762
2025-11-26 11:57:53.118886,s1-eth1,0.0029877471923828126,99.99701225280762
2025-11-26 11:57:53.118991,s2-eth2,0.0029877471923828126,99.99701225280762
2025-11-26 11:57:53.119139,s3-eth2,0.0029877471923828126,99.99701225280762
2025-11-26 11:57:54.120011,s1-eth1,0.0029877471923828126,99.99701225280762
2025-11-26 11:57:54.120114,s2-eth2,0.0029877471923828126,99.99701225280762
2025-11-26 11:57:54.120262,s3-eth2,0.0029877471923828126,99.99701225280762
2025-11-26 11:57:55.121304,s1-eth1,0.0029877471923828126,99.99701225280762
2025-11-26 11:57:55.121407,s2-eth2,0.0029877471923828126,99.99701225280762
2025-11-26 11:57:55.121632,s3-eth2,0.0029877471923828126,99.99701225280762
2025-11-26 11:57:56.122662,s1-eth1,0.0029877471923828126,99.99701225280762
2025-11-26 11:57:56.122765,s2-eth2,0.0029877471923828126,99.99701225280762
2025-11-26 11:57:56.122925,s3-eth2,0.0029877471923828126,99.99701225280762
2025-11-26 11:57:57.123886,s1-eth1,0.0029877471923828126,99.99701225280762
2025-11-26 11:57:57.123989,s2-eth2,0.0029877471923828126,99.99701225280762
2025-11-26 11:57:57.124135,s3-eth2,0.0029877471923828126,99.99701225280762
2025-11-26 11:57:58.124993,s1-eth1,0.0029877471923828126,99.99701225280762
2025-11-26 11:57:58.125097,s2-eth2,0.0029877471923828126,99.99701225280762
2025-11-26 11:57:58.125243,s3-eth2,0.0029877471923828126,99.99701225280762
2025-11-26 11:57:59.126099,s1-eth1,0.0029877471923828126,99.99701225280762
2025-11-26 11:57:59.126202,s2-eth2,0.0029877471923828126,99.99701225280762
2025-11-26 11:57:59.126348,s3-eth2,0.0029877471923828126,99.99701225280762
2025-11-26 11:58:00.127242,s1-eth1,0.0029877471923828126,99.99701225280762
2025-11-26 11:58:00.127346,s2-eth2,0.0029877471923828126,99.99701225280762
2025-11-26 11:58:00.127493,s3-eth2,0.0029877471923828126,99.99701225280762
2025-11-26 11:58:01.128361,s1-eth1,0.0029877471923828126,99.99701225280762
2025-11-26 11:58:01.128465,s2-eth2,0.0029877471923828126,99.99701225280762
2025-11-26 11:58:01.128612,s3-eth2,0.0029877471923828126,99.99701225280762
2025-11-26 11:58:02.129535,s1-eth1,0.0029877471923828126,99.99701225280762
2025-11-26 11:58:02.129638,s2-eth2,0.0029877471923828126,99.99701225280762
2025-11-26 11:58:02.129785,s3-eth2,0.0029877471923828126,99.99701225280762
2025-11-26 11:58:03.130642,s1-eth1,0.0029877471923828126,99.99701225280762
2025-11-26 11:58:03.130746,s2-eth2,0.0029877471923828126,99.99701225280762
2025-11-26 11:58:03.130919,s3-eth2,0.0029877471923828126,99.99701225280762
2025-11-26 11:58:04.131773,s1-eth1,0.0036279296875,99.9963720703125
2025-11-26 11:58:04.131887,s2-eth2,0.0036279296875,99.9963720703125
2025-11-26 11:58:04.132034,s3-eth2,0.0036279296875,99.9963720703125
2025-11-26 11:58:05.132897,s1-eth1,0.0029877471923828126,99.99701225280762
2025-11-26 11:58:05.133013,s2-eth2,0.0029877471923828126,99.99701225280762
2025-11-26 11:58:05.133160,s3-eth2,0.0029877471923828126,99.99701225280762
2025-11-26 11:58:06.134012,s1-eth1,0.0029877471923828126,99.99701225280762
2025-11-26 11:58:06.134128,s2-eth2,0.0029877471923828126,99.99701225280762
2025-11-26 11:58:06.134275,s3-eth2,0.0029877471923828126,99.99701225280762
2025-11-26 11:58:07.135226,s1-eth1,0.0029877471923828126,99.99701225280762
2025-11-26 11:58:07.135328,s2-eth2,0.0029877471923828126,99.99701225280762
2025-11-26 11:58:07.135488,s3-eth2,0.0029877471923828126,99.99701225280762
2025-11-26 11:58:08.136340,s1-eth1,0.0029877471923828126,99.99701225280762
2025-11-26 11:58:08.136444,s2-eth2,0.0029877471923828126,99.99701225280762
2025-11-26 11:58:08.136603,s3-eth2,0.0029877471923828126,99.99701225280762
2025-11-26 11:58:09.137500,s1-eth1,0.0029877471923828126,99.99701225280762
2025-11-26 11:58:09.137604,s2-eth2,0.0029877471923828126,99.99701225280762
2025-11-26 11:58:09.137762,s3-eth2,0.0029877471923828126,99.99701225280762
2025-11-26 11:58:10.138624,s1-eth1,0.0029877471923828126,99.99701225280762
2025-11-26 11:58:10.138730,s2-eth2,0.0036279296875,99.9963720703125
2025-11-26 11:58:10.138895,s3-eth2,0.0036279296875,99.9963720703125
2025-11-26 11:58:11.139787,s1-eth1,0.0036279296875,99.9963720703125
2025-11-26 11:58:11.139891,s2-eth2,0.0042681884765625,99.99573181152344
2025-11-26 11:58:11.140039,s3-eth2,0.0042681884765625,99.99573181152344
2025-11-26 11:58:12.141042,s1-eth1,0.0029877471923828126,99.99701225280762
2025-11-26 11:58:12.141146,s2-eth2,0.0029877471923828126,99.99701225280762
2025-11-26 11:58:12.141292,s3-eth2,0.0029877471923828126,99.99701225280762
2025-11-26 11:58:13.142162,s1-eth1,0.0029877471923828126,99.99701225280762
2025-11-26 11:58:13.142266,s2-eth2,0.0029877471923828126,99.99701225280762
2025-11-26 11:58:13.142413,s3-eth2,0.0029877471923828126,99.99701225280762
2025-11-26 11:58:14.143305,s1-eth1,0.0029877471923828126,99.99701225280762
2025-11-26 11:58:14.143409,s2-eth2,0.0029877471923828126,99.99701225280762
2025-11-26 11:58:14.143555,s3-eth2,0.0029877471923828126,99.99701225280762
2025-11-26 11:58:15.144413,s1-eth1,0.0029877471923828126,99.99701225280762
2025-11-26 11:58:15.144516,s2-eth2,0.0029877471923828126,99.99701225280762
2025-11-26 11:58:15.144661,s3-eth2,0.0029877471923828126,99.99701225280762
2025-11-26 11:58:16.145532,s1-eth1,0.0036279296875,99.9963720703125
2025-11-26 11:58:16.145636,s2-eth2,0.0029877471923828126,99.99701225280762
2025-11-26 11:58:16.145784,s3-eth2,0.0029877471923828126,99.99701225280762
2025-11-26 11:58:17.146708,s1-eth1,0.0029877471923828126,99.99701225280762
2025-11-26 11:58:17.146812,s2-eth2,0.0029877471923828126,99.99701225280762
2025-11-26 11:58:17.146974,s3-eth2,0.0029877471923828126,99.99701225280762
2025-11-26 11:58:18.147839,s1-eth1,0.0029877471923828126,99.99701225280762
2025-11-26 11:58:18.147942,s2-eth2,0.0029877471923828126,99.99701225280762
2025-11-26 11:58:18.148089,s3-eth2,0.0029877471923828126,99.99701225280762
2025-11-26 11:58:19.148954,s1-eth1,0.0036279296875,99.9963720703125
2025-11-26 11:58:19.149057,s2-eth2,0.0029877471923828126,99.99701225280762
2025-11-26 11:58:19.149204,s3-eth2,0.0029877471923828126,99.99701225280762
2025-11-26 11:58:20.150070,s1-eth1,0.0029877471923828126,99.99701225280762
2025-11-26 11:58:20.150174,s2-eth2,0.0029877471923828126,99.99701225280762
2025-11-26 11:58:20.150320,s3-eth2,0.0029877471923828126,99.99701225280762
2025-11-26 11:58:21.151248,s1-eth1,0.0029877471923828126,99.99701225280762
2025-11-26 11:58:21.151351,s2-eth2,0.0029877471923828126,99.99701225280762
2025-11-26 11:58:21.151498,s3-eth2,0.0029877471923828126,99.99701225280762
2025-11-26 11:58:22.152396,s1-eth1,0.0029877471923828126,99.99701225280762
2025-11-26 11:58:22.152498,s2-eth2,0.0029877471923828126,99.99701225280762
2025-11-26 11:58:22.152645,s3-eth2,0.0029877471923828126,99.99701225280762
2025-11-26 11:58:23.153530,s1-eth1,0.0029877471923828126,99.99701225280762
2025-11-26 11:58:23.153634,s2-eth2,0.0029877471923828126,99.99701225280762
2025-11-26 11:58:23.153781,s3-eth2,0.0029877471923828126,99.99701225280762
2025-11-26 11:58:24.154658,s1-eth1,0.0029877471923828126,99.99701225280762
2025-11-26 11:58:24.154761,s2-eth2,0.0029877471923828126,99.99701225280762
2025-11-26 11:58:24.154948,s3-eth2,0.0029877471923828126,99.99701225280762
2025-11-26 11:58:25.155823,s1-eth1,0.0029877471923828126,99.99701225280762
2025-11-26 11:58:25.155927,s2-eth2,0.0029877471923828126,99.99701225280762
2025-11-26 11:58:25.156074,s3-eth2,0.0029877471923828126,99.99701225280762
2025-11-26 11:58:26.156933,s1-eth1,0.0029877471923828126,99.99701225280762
2025-11-26 11:58:26.157051,s2-eth2,0.0029877471923828126,99.99701225280762
2025-11-26 11:58:26.157197,s3-eth2,0.0029877471923828126,99.99701225280762
2025-11-26 11:58:27.158112,s1-eth1,0.0029877471923828126,99.99701225280762
2025-11-26 11:58:27.158229,s2-eth2,0.0029877471923828126,99.99701225280762
2025-11-26 11:58:27.158375,s3-eth2,0.0029877471923828126,99.99701225280762
2025-11-26 11:58:28.159287,s1-eth1,0.0029877471923828126,99.99701225280762
2025-11-26 11:58:28.159405,s2-eth2,0.0029877471923828126,99.99701225280762
2025-11-26 11:58:28.159552,s3-eth2,0.0029877471923828126,99.99701225280762
2025-11-26 11:58:29.160414,s1-eth1,0.0029877471923828126,99.99701225280762
2025-11-26 11:58:29.160518,s2-eth2,0.0029877471923828126,99.99701225280762
2025-11-26 11:58:29.160679,s3-eth2,0.0029877471923828126,99.99701225280762
2025-11-26 11:58:30.161538,s1-eth1,0.0029877471923828126,99.99701225280762
2025-11-26 11:58:30.161641,s2-eth2,0.0029877471923828126,99.99701225280762
2025-11-26 11:58:30.161802,s3-eth2,0.0029877471923828126,99.99701225280762
2025-11-26 11:58:31.162678,s1-eth1,0.0029877471923828126,99.99701225280762
2025-11-26 11:58:31.162780,s2-eth2,0.0029877471923828126,99.99701225280762
2025-11-26 11:58:31.162958,s3-eth2,0.0029877471923828126,99.99701225280762
2025-11-26 11:58:32.163894,s1-eth1,0.0029877471923828126,99.99701225280762
2025-11-26 11:58:32.163998,s2-eth2,0.0029877471923828126,99.99701225280762
2025-11-26 11:58:32.164145,s3-eth2,0.0029877471923828126,99.99701225280762
2025-11-26 11:58:33.165020,s1-eth1,0.0029877471923828126,99.99701225280762
2025-11-26 11:58:33.165125,s2-eth2,0.0029877471923828126,99.99701225280762
2025-11-26 11:58:33.165272,s3-eth2,0.0029877471923828126,99.99701225280762
2025-11-26 11:58:34.166150,s1-eth1,0.0029877471923828126,99.99701225280762
2025-11-26 11:58:34.166253,s2-eth2,0.0029877471923828126,99.99701225280762
2025-11-26 11:58:34.166400,s3-eth2,0.0029877471923828126,99.99701225280762
2025-11-26 11:58:35.167299,s1-eth1,0.0029877471923828126,99.99701225280762
2025-11-26 11:58:35.167403,s2-eth2,0.0029877471923828126,99.99701225280762
2025-11-26 11:58:35.167550,s3-eth2,0.0029877471923828126,99.99701225280762
2025-11-26 11:58:36.168431,s1-eth1,0.0029877471923828126,99.99701225280762
2025-11-26 11:58:36.168534,s2-eth2,0.0029877471923828126,99.99701225280762
2025-11-26 11:58:36.168679,s3-eth2,0.0029877471923828126,99.99701225280762
2025-11-26 11:58:37.169623,s1-eth1,0.0029877471923828126,99.99701225280762
2025-11-26 11:58:37.169726,s2-eth2,0.0029877471923828126,99.99701225280762
2025-11-26 11:58:37.169873,s3-eth2,0.0029877471923828126,99.99701225280762
2025-11-26 11:58:38.170749,s1-eth1,0.0029877471923828126,99.99701225280762
2025-11-26 11:58:38.170868,s2-eth2,0.0029877471923828126,99.99701225280762
2025-11-26 11:58:38.171014,s3-eth2,0.0029877471923828126,99.99701225280762
2025-11-26 11:58:39.171899,s1-eth1,0.0036279296875,99.9963720703125
2025-11-26 11:58:39.172003,s2-eth2,0.0042681884765625,99.99573181152344
2025-11-26 11:58:39.172150,s3-eth2,0.0042681884765625,99.99573181152344
2025-11-26 11:58:40.173036,s1-eth1,0.0029877471923828126,99.99701225280762
2025-11-26 11:58:40.173139,s2-eth2,0.0029877471923828126,99.99701225280762
2025-11-26 11:58:40.173286,s3-eth2,0.0029877471923828126,99.99701225280762
2025-11-26 11:58:41.174176,s1-eth1,0.0029877471923828126,99.99701225280762
2025-11-26 11:58:41.174279,s2-eth2,0.0029877471923828126,99.99701225280762
2025-11-26 11:58:41.174428,s3-eth2,0.0029877471923828126,99.99701225280762
2025-11-26 11:58:42.175411,s1-eth1,0.0029877471923828126,99.99701225280762
2025-11-26 11:58:42.175515,s2-eth2,0.0029877471923828126,99.99701225280762
2025-11-26 11:58:42.175662,s3-eth2,0.0029877471923828126,99.99701225280762
2025-11-26 11:58:43.176545,s1-eth1,0.0029877471923828126,99.99701225280762
2025-11-26 11:58:43.176648,s2-eth2,0.0029877471923828126,99.99701225280762
2025-11-26 11:58:43.176795,s3-eth2,0.0029877471923828126,99.99701225280762
2025-11-26 11:58:44.177665,s1-eth1,0.0029877471923828126,99.99701225280762
2025-11-26 11:58:44.177768,s2-eth2,0.0029877471923828126,99.99701225280762
2025-11-26 11:58:44.177914,s3-eth2,0.0029877471923828126,99.99701225280762
2025-11-26 11:58:45.178799,s1-eth1,0.0029877471923828126,99.99701225280762
2025-11-26 11:58:45.178940,s2-eth2,0.0029877471923828126,99.99701225280762
2025-11-26 11:58:45.179089,s3-eth2,0.0029877471923828126,99.99701225280762
2025-11-26 11:58:46.179969,s1-eth1,0.0029877471923828126,99.99701225280762
2025-11-26 11:58:46.180073,s2-eth2,0.0029877471923828126,99.99701225280762
2025-11-26 11:58:46.180220,s3-eth2,0.0029877471923828126,99.99701225280762
2025-11-26 11:58:47.181099,s1-eth1,0.0029877471923828126,99.99701225280762
2025-11-26 11:58:47.181216,s2-eth2,0.0029877471923828126,99.99701225280762
2025-11-26 11:58:47.181363,s3-eth2,0.0029877471923828126,99.99701225280762
2025-11-26 11:58:48.182238,s1-eth1,0.0029877471923828126,99.99701225280762
2025-11-26 11:58:48.182356,s2-eth2,0.0029877471923828126,99.99701225280762
2025-11-26 11:58:48.182503,s3-eth2,0.0029877471923828126,99.99701225280762
2025-11-26 11:58:49.183382,s1-eth1,0.0029877471923828126,99.99701225280762
2025-11-26 11:58:49.183499,s2-eth2,0.0029877471923828126,99.99701225280762
2025-11-26 11:58:49.183646,s3-eth2,0.0029877471923828126,99.99701225280762
2025-11-26 11:58:50.184492,s1-eth1,0.0029877471923828126,99.99701225280762
2025-11-26 11:58:50.184596,s2-eth2,0.0029877471923828126,99.99701225280762
2025-11-26 11:58:50.184755,s3-eth2,0.0029877471923828126,99.99701225280762
2025-11-26 11:58:51.185621,s1-eth1,0.0036279296875,99.9963720703125
2025-11-26 11:58:51.185725,s2-eth2,0.0029877471923828126,99.99701225280762
2025-11-26 11:58:51.185886,s3-eth2,0.0029877471923828126,99.99701225280762
2025-11-26 11:58:52.186821,s1-eth1,0.0029877471923828126,99.99701225280762
2025-11-26 11:58:52.186956,s2-eth2,0.0029877471923828126,99.99701225280762
2025-11-26 11:58:52.187114,s3-eth2,0.0029877471923828126,99.99701225280762
2025-11-26 11:58:53.187959,s1-eth1,0.0029877471923828126,99.99701225280762
2025-11-26 11:58:53.188064,s2-eth2,0.0029877471923828126,99.99701225280762
2025-11-26 11:58:53.188209,s3-eth2,0.0029877471923828126,99.99701225280762
2025-11-26 11:58:54.189065,s1-eth1,0.0029877471923828126,99.99701225280762
2025-11-26 11:58:54.189168,s2-eth2,0.0029877471923828126,99.99701225280762
2025-11-26 11:58:54.189314,s3-eth2,0.0029877471923828126,99.99701225280762
2025-11-26 11:58:55.190164,s1-eth1,0.0029877471923828126,99.99701225280762
2025-11-26 11:58:55.190267,s2-eth2,0.0029877471923828126,99.99701225280762
2025-11-26 11:58:55.190414,s3-eth2,0.0029877471923828126,99.99701225280762
2025-11-26 11:58:56.191288,s1-eth1,0.0036279296875,99.9963720703125
2025-11-26 11:58:56.191392,s2-eth2,0.0036279296875,99.9963720703125
2025-11-26 11:58:56.191538,s3-eth2,0.0036279296875,99.9963720703125
2025-11-26 11:58:57.192463,s1-eth1,0.0036279296875,99.9963720703125
2025-11-26 11:58:57.192567,s2-eth2,0.0036279296875,99.9963720703125
2025-11-26 11:58:57.192714,s3-eth2,0.0036279296875,99.9963720703125
2025-11-26 11:58:58.193588,s1-eth1,0.0029877471923828126,99.99701225280762
2025-11-26 11:58:58.193692,s2-eth2,0.0029877471923828126,99.99701225280762
2025-11-26 11:58:58.193838,s3-eth2,0.0029877471923828126,99.99701225280762
2025-11-26 11:58:59.194697,s1-eth1,0.0029877471923828126,99.99701225280762
2025-11-26 11:58:59.194800,s2-eth2,0.0029877471923828126,99.99701225280762
2025-11-26 11:58:59.194980,s3-eth2,0.0029877471923828126,99.99701225280762
2025-11-26 11:59:00.195864,s1-eth1,0.0029877471923828126,99.99701225280762
2025-11-26 11:59:00.195967,s2-eth2,0.0029877471923828126,99.99701225280762
2025-11-26 11:59:00.196113,s3-eth2,0.0029877471923828126,99.99701225280762
2025-11-26 11:59:01.196988,s1-eth1,0.0029877471923828126,99.99701225280762
2025-11-26 11:59:01.197092,s2-eth2,0.0029877471923828126,99.99701225280762
2025-11-26 11:59:01.197239,s3-eth2,0.0029877471923828126,99.99701225280762
2025-11-26 11:59:02.198162,s1-eth1,0.0029877471923828126,99.99701225280762
2025-11-26 11:59:02.198266,s2-eth2,0.0029877471923828126,99.99701225280762
2025-11-26 11:59:02.198413,s3-eth2,0.0029877471923828126,99.99701225280762
2025-11-26 11:59:03.199304,s1-eth1,0.0029877471923828126,99.99701225280762
2025-11-26 11:59:03.199407,s2-eth2,0.0029877471923828126,99.99701225280762
2025-11-26 11:59:03.199552,s3-eth2,0.0029877471923828126,99.99701225280762
2025-11-26 11:59:04.200432,s1-eth1,0.0029877471923828126,99.99701225280762
2025-11-26 11:59:04.200537,s2-eth2,0.0029877471923828126,99.99701225280762
2025-11-26 11:59:04.200682,s3-eth2,0.0029877471923828126,99.99701225280762
2025-11-26 11:59:05.201565,s1-eth1,0.0029877471923828126,99.99701225280762
2025-11-26 11:59:05.201668,s2-eth2,0.0029877471923828126,99.99701225280762
2025-11-26 11:59:05.201815,s3-eth2,0.0029877471923828126,99.99701225280762
2025-11-26 11:59:06.202675,s1-eth1,0.0029877471923828126,99.99701225280762
2025-11-26 11:59:06.202778,s2-eth2,0.0029877471923828126,99.99701225280762
2025-11-26 11:59:06.202958,s3-eth2,0.0029877471923828126,99.99701225280762
2025-11-26 11:59:07.203883,s1-eth1,0.0029877471923828126,99.99701225280762
2025-11-26 11:59:07.203986,s2-eth2,0.0029877471923828126,99.99701225280762
2025-11-26 11:59:07.204133,s3-eth2,0.0029877471923828126,99.99701225280762
2025-11-26 11:59:08.204999,s1-eth1,0.0029877471923828126,99.99701225280762
2025-11-26 11:59:08.205104,s2-eth2,0.0036279296875,99.9963720703125
2025-11-26 11:59:08.205249,s3-eth2,0.0036279296875,99.9963720703125
2025-11-26 11:59:09.206090,s1-eth1,0.0029877471923828126,99.99701225280762
2025-11-26 11:59:09.206205,s2-eth2,0.0029877471923828126,99.99701225280762
2025-11-26 11:59:09.206351,s3-eth2,0.0029877471923828126,99.99701225280762
2025-11-26 11:59:10.207256,s1-eth1,0.0029877471923828126,99.99701225280762
2025-11-26 11:59:10.207372,s2-eth2,0.0029877471923828126,99.99701225280762
2025-11-26 11:59:10.207521,s3-eth2,0.0029877471923828126,99.99701225280762
2025-11-26 11:59:11.208409,s1-eth1,0.0029877471923828126,99.99701225280762
2025-11-26 11:59:11.208527,s2-eth2,0.0029877471923828126,99.99701225280762
2025-11-26 11:59:11.208675,s3-eth2,0.0029877471923828126,99.99701225280762
2025-11-26 11:59:12.209594,s1-eth1,0.0029877471923828126,99.99701225280762
2025-11-26 11:59:12.209699,s2-eth2,0.0029877471923828126,99.99701225280762
2025-11-26 11:59:12.209860,s3-eth2,0.0029877471923828126,99.99701225280762
2025-11-26 11:59:13.210710,s1-eth1,0.0029877471923828126,99.99701225280762
2025-11-26 11:59:13.210815,s2-eth2,0.0029877471923828126,99.99701225280762
2025-11-26 11:59:13.211010,s3-eth2,0.0029877471923828126,99.99701225280762
2025-11-26 11:59:14.211866,s1-eth1,0.0036279296875,99.9963720703125
2025-11-26 11:59:14.211971,s2-eth2,0.0036279296875,99.9963720703125
2025-11-26 11:59:14.212130,s3-eth2,0.0036279296875,99.9963720703125
2025-11-26 11:59:15.212980,s1-eth1,0.0029877471923828126,99.99701225280762
2025-11-26 11:59:15.213084,s2-eth2,0.0029877471923828126,99.99701225280762
2025-11-26 11:59:15.213231,s3-eth2,0.0029877471923828126,99.99701225280762
2025-11-26 11:59:16.214096,s1-eth1,0.0029877471923828126,99.99701225280762
2025-11-26 11:59:16.214200,s2-eth2,0.0029877471923828126,99.99701225280762
2025-11-26 11:59:16.214348,s3-eth2,0.0029877471923828126,99.99701225280762
2025-11-26 11:59:17.215270,s1-eth1,0.0029877471923828126,99.99701225280762
2025-11-26 11:59:17.215375,s2-eth2,0.0029877471923828126,99.99701225280762
2025-11-26 11:59:17.215520,s3-eth2,0.0029877471923828126,99.99701225280762
2025-11-26 11:59:18.216373,s1-eth1,0.0029877471923828126,99.99701225280762
2025-11-26 11:59:18.216476,s2-eth2,0.0029877471923828126,99.99701225280762
2025-11-26 11:59:18.216621,s3-eth2,0.0029877471923828126,99.99701225280762
2025-11-26 11:59:19.217473,s1-eth1,0.0029877471923828126,99.99701225280762
2025-11-26 11:59:19.217576,s2-eth2,0.0029877471923828126,99.99701225280762
2025-11-26 11:59:19.217722,s3-eth2,0.0029877471923828126,99.99701225280762
2025-11-26 11:59:20.218568,s1-eth1,0.0029877471923828126,99.99701225280762
2025-11-26 11:59:20.218672,s2-eth2,0.0029877471923828126,99.99701225280762
2025-11-26 11:59:20.218819,s3-eth2,0.0029877471923828126,99.99701225280762
2025-11-26 11:59:21.219727,s1-eth1,0.0029877471923828126,99.99701225280762
2025-11-26 11:59:21.219830,s2-eth2,0.0029877471923828126,99.99701225280762
2025-11-26 11:59:21.219978,s3-eth2,0.0029877471923828126,99.99701225280762
2025-11-26 11:59:22.220852,s1-eth1,0.0029877471923828126,99.99701225280762
2025-11-26 11:59:22.220955,s2-eth2,0.0029877471923828126,99.99701225280762
2025-11-26 11:59:22.221101,s3-eth2,0.0029877471923828126,99.99701225280762
2025-11-26 11:59:23.221957,s1-eth1,0.0029877471923828126,99.99701225280762
2025-11-26 11:59:23.222061,s2-eth2,0.0029877471923828126,99.99701225280762
2025-11-26 11:59:23.222206,s3-eth2,0.0029877471923828126,99.99701225280762
2025-11-26 11:59:24.223094,s1-eth1,0.0029877471923828126,99.99701225280762
2025-11-26 11:59:24.223197,s2-eth2,0.0029877471923828126,99.99701225280762
2025-11-26 11:59:24.223343,s3-eth2,0.0029877471923828126,99.99701225280762
2025-11-26 11:59:25.224193,s1-eth1,0.0029877471923828126,99.99701225280762
2025-11-26 11:59:25.224296,s2-eth2,0.0029877471923828126,99.99701225280762
2025-11-26 11:59:25.224442,s3-eth2,0.0029877471923828126,99.99701225280762
2025-11-26 11:59:26.225318,s1-eth1,0.0036279296875,99.9963720703125
2025-11-26 11:59:26.225422,s2-eth2,0.0029877471923828126,99.99701225280762
2025-11-26 11:59:26.225570,s3-eth2,0.0029877471923828126,99.99701225280762
2025-11-26 11:59:27.226494,s1-eth1,0.0029877471923828126,99.99701225280762
2025-11-26 11:59:27.226599,s2-eth2,0.0029877471923828126,99.99701225280762
2025-11-26 11:59:27.226745,s3-eth2,0.0029877471923828126,99.99701225280762
2025-11-26 11:59:28.227641,s1-eth1,0.0029877471923828126,99.99701225280762
2025-11-26 11:59:28.227745,s2-eth2,0.0029877471923828126,99.99701225280762
2025-11-26 11:59:28.227891,s3-eth2,0.0029877471923828126,99.99701225280762
2025-11-26 11:59:29.228753,s1-eth1,0.0029877471923828126,99.99701225280762
2025-11-26 11:59:29.228857,s2-eth2,0.0029877471923828126,99.99701225280762
2025-11-26 11:59:29.229002,s3-eth2,0.0029877471923828126,99.99701225280762
2025-11-26 11:59:30.229843,s1-eth1,0.0029877471923828126,99.99701225280762
2025-11-26 11:59:30.229958,s2-eth2,0.0029877471923828126,99.99701225280762
2025-11-26 11:59:30.230104,s3-eth2,0.0029877471923828126,99.99701225280762
2025-11-26 11:59:31.230991,s1-eth1,0.0029877471923828126,99.99701225280762
2025-11-26 11:59:31.231108,s2-eth2,0.0029877471923828126,99.99701225280762
2025-11-26 11:59:31.231254,s3-eth2,0.0029877471923828126,99.99701225280762
2025-11-26 11:59:32.232166,s1-eth1,0.0029877471923828126,99.99701225280762
2025-11-26 11:59:32.232269,s2-eth2,0.0029877471923828126,99.99701225280762
2025-11-26 11:59:32.232428,s3-eth2,0.0029877471923828126,99.99701225280762
2025-11-26 11:59:33.233268,s1-eth1,0.0029877471923828126,99.99701225280762
2025-11-26 11:59:33.233371,s2-eth2,0.0029877471923828126,99.99701225280762
2025-11-26 11:59:33.233530,s3-eth2,0.0029877471923828126,99.99701225280762
2025-11-26 11:59:34.234378,s1-eth1,0.0036279296875,99.9963720703125
2025-11-26 11:59:34.234481,s2-eth2,0.0029877471923828126,99.99701225280762
2025-11-26 11:59:34.234645,s3-eth2,0.0029877471923828126,99.99701225280762
2025-11-26 11:59:35.235501,s1-eth1,0.0029877471923828126,99.99701225280762
2025-11-26 11:59:35.235604,s2-eth2,0.0029877471923828126,99.99701225280762
2025-11-26 11:59:35.235750,s3-eth2,0.0029877471923828126,99.99701225280762
2025-11-26 11:59:36.236604,s1-eth1,0.0029877471923828126,99.99701225280762
2025-11-26 11:59:36.236708,s2-eth2,0.0036279296875,99.9963720703125
2025-11-26 11:59:36.236853,s3-eth2,0.0036279296875,99.9963720703125
2025-11-26 11:59:37.237769,s1-eth1,0.0029877471923828126,99.99701225280762
2025-11-26 11:59:37.237872,s2-eth2,0.0029877471923828126,99.99701225280762
2025-11-26 11:59:37.238018,s3-eth2,0.0029877471923828126,99.99701225280762
2025-11-26 11:59:38.238898,s1-eth1,0.0029877471923828126,99.99701225280762
2025-11-26 11:59:38.239004,s2-eth2,0.0029877471923828126,99.99701225280762
2025-11-26 11:59:38.239151,s3-eth2,0.0029877471923828126,99.99701225280762
2025-11-26 11:59:39.240017,s1-eth1,0.0029877471923828126,99.99701225280762
2025-11-26 11:59:39.240122,s2-eth2,0.0029877471923828126,99.99701225280762
2025-11-26 11:59:39.240269,s3-eth2,0.0029877471923828126,99.99701225280762
2025-11-26 11:59:40.241129,s1-eth1,0.0029877471923828126,99.99701225280762
2025-11-26 11:59:40.241232,s2-eth2,0.0029877471923828126,99.99701225280762
2025-11-26 11:59:40.241378,s3-eth2,0.0029877471923828126,99.99701225280762
2025-11-26 11:59:41.242249,s1-eth1,0.0036279296875,99.9963720703125
2025-11-26 11:59:41.242355,s2-eth2,0.0036279296875,99.9963720703125
2025-11-26 11:59:41.242503,s3-eth2,0.0036279296875,99.9963720703125
2025-11-26 11:59:42.243459,s1-eth1,0.0029877471923828126,99.99701225280762
2025-11-26 11:59:42.243563,s2-eth2,0.0029877471923828126,99.99701225280762
2025-11-26 11:59:42.243710,s3-eth2,0.0029877471923828126,99.99701225280762
2025-11-26 11:59:43.244560,s1-eth1,0.0029877471923828126,99.99701225280762
2025-11-26 11:59:43.244664,s2-eth2,0.0029877471923828126,99.99701225280762
2025-11-26 11:59:43.244812,s3-eth2,0.0029877471923828126,99.99701225280762
2025-11-26 11:59:44.245669,s1-eth1,0.0029877471923828126,99.99701225280762
2025-11-26 11:59:44.245774,s2-eth2,0.0036279296875,99.9963720703125
2025-11-26 11:59:44.245921,s3-eth2,0.0036279296875,99.9963720703125
2025-11-26 11:59:45.246804,s1-eth1,0.0029877471923828126,99.99701225280762
2025-11-26 11:59:45.247072,s2-eth2,0.0029877471923828126,99.99701225280762
2025-11-26 11:59:45.247221,s3-eth2,0.0029877471923828126,99.99701225280762
2025-11-26 11:59:46.248093,s1-eth1,0.0029877471923828126,99.99701225280762
2025-11-26 11:59:46.248195,s2-eth2,0.0029877471923828126,99.99701225280762
2025-11-26 11:59:46.248343,s3-eth2,0.0029877471923828126,99.99701225280762
2025-11-26 11:59:47.249375,s1-eth1,0.0029877471923828126,99.99701225280762
2025-11-26 11:59:47.249479,s2-eth2,0.0029877471923828126,99.99701225280762
2025-11-26 11:59:47.249625,s3-eth2,0.0029877471923828126,99.99701225280762
2025-11-26 11:59:48.250477,s1-eth1,0.0029877471923828126,99.99701225280762
2025-11-26 11:59:48.250580,s2-eth2,0.0029877471923828126,99.99701225280762
2025-11-26 11:59:48.250726,s3-eth2,0.0029877471923828126,99.99701225280762
2025-11-26 11:59:49.251650,s1-eth1,0.0036279296875,99.9963720703125
2025-11-26 11:59:49.251753,s2-eth2,0.0036279296875,99.9963720703125
2025-11-26 11:59:49.251900,s3-eth2,0.0036279296875,99.9963720703125
2025-11-26 11:59:50.252760,s1-eth1,0.0029877471923828126,99.99701225280762
2025-11-26 11:59:50.252863,s2-eth2,0.0029877471923828126,99.99701225280762
2025-11-26 11:59:50.253010,s3-eth2,0.0029877471923828126,99.99701225280762
2025-11-26 11:59:51.253862,s1-eth1,0.0029877471923828126,99.99701225280762
2025-11-26 11:59:51.253984,s2-eth2,0.0029877471923828126,99.99701225280762
2025-11-26 11:59:51.254131,s3-eth2,0.0029877471923828126,99.99701225280762
2025-11-26 11:59:52.255051,s1-eth1,0.0029877471923828126,99.99701225280762
2025-11-26 11:59:52.255167,s2-eth2,0.0029877471923828126,99.99701225280762
2025-11-26 11:59:52.255313,s3-eth2,0.0029877471923828126,99.99701225280762
2025-11-26 11:59:53.256153,s1-eth1,0.0029877471923828126,99.99701225280762
2025-11-26 11:59:53.256269,s2-eth2,0.0029877471923828126,99.99701225280762
2025-11-26 11:59:53.256414,s3-eth2,0.0029877471923828126,99.99701225280762
2025-11-26 11:59:54.257261,s1-eth1,0.0029877471923828126,99.99701225280762
2025-11-26 11:59:54.257364,s2-eth2,0.0029877471923828126,99.99701225280762
2025-11-26 11:59:54.257523,s3-eth2,0.0029877471923828126,99.99701225280762
2025-11-26 11:59:55.258366,s1-eth1,0.0029877471923828126,99.99701225280762
2025-11-26 11:59:55.258469,s2-eth2,0.0029877471923828126,99.99701225280762
2025-11-26 11:59:55.258627,s3-eth2,0.0029877471923828126,99.99701225280762
2025-11-26 11:59:56.259502,s1-eth1,0.0029877471923828126,99.99701225280762
2025-11-26 11:59:56.259606,s2-eth2,0.0029877471923828126,99.99701225280762
2025-11-26 11:59:56.259763,s3-eth2,0.0029877471923828126,99.99701225280762
2025-11-26 11:59:57.260643,s1-eth1,0.0029877471923828126,99.99701225280762
2025-11-26 11:59:57.260746,s2-eth2,0.0029877471923828126,99.99701225280762
2025-11-26 11:59:57.260892,s3-eth2,0.0029877471923828126,99.99701225280762
2025-11-26 11:59:58.261785,s1-eth1,0.0029877471923828126,99.99701225280762
2025-11-26 11:59:58.261888,s2-eth2,0.0029877471923828126,99.99701225280762
2025-11-26 11:59:58.262033,s3-eth2,0.0029877471923828126,99.99701225280762
2025-11-26 11:59:59.262986,s1-eth1,0.0029877471923828126,99.99701225280762
2025-11-26 11:59:59.263090,s2-eth2,0.0029877471923828126,99.99701225280762
2025-11-26 11:59:59.263237,s3-eth2,0.0029877471923828126,99.99701225280762
2025-11-26 12:00:00.264141,s1-eth1,0.0029877471923828126,99.99701225280762
2025-11-26 12:00:00.264244,s2-eth2,0.0029877471923828126,99.99701225280762
2025-11-26 12:00:00.264390,s3-eth2,0.0029877471923828126,99.99701225280762
2025-11-26 12:00:01.265247,s1-eth1,0.0036279296875,99.9963720703125
2025-11-26 12:00:01.265351,s2-eth2,0.0029877471923828126,99.99701225280762
2025-11-26 12:00:01.265497,s3-eth2,0.0029877471923828126,99.99701225280762
2025-11-26 12:00:02.266401,s1-eth1,0.0029877471923828126,99.99701225280762
2025-11-26 12:00:02.266504,s2-eth2,0.0029877471923828126,99.99701225280762
2025-11-26 12:00:02.266649,s3-eth2,0.0029877471923828126,99.99701225280762
2025-11-26 12:00:03.267531,s1-eth1,0.0029877471923828126,99.99701225280762
2025-11-26 12:00:03.267635,s2-eth2,0.0029877471923828126,99.99701225280762
2025-11-26 12:00:03.267781,s3-eth2,0.0029877471923828126,99.99701225280762
2025-11-26 12:00:04.268645,s1-eth1,0.0029877471923828126,99.99701225280762
2025-11-26 12:00:04.268749,s2-eth2,0.0029877471923828126,99.99701225280762
2025-11-26 12:00:04.268896,s3-eth2,0.0029877471923828126,99.99701225280762
2025-11-26 12:00:05.269756,s1-eth1,0.0029877471923828126,99.99701225280762
2025-11-26 12:00:05.269861,s2-eth2,0.0036279296875,99.9963720703125
2025-11-26 12:00:05.270008,s3-eth2,0.0036279296875,99.9963720703125
2025-11-26 12:00:06.270884,s1-eth1,0.0029877471923828126,99.99701225280762
2025-11-26 12:00:06.270987,s2-eth2,0.0029877471923828126,99.99701225280762
2025-11-26 12:00:06.271133,s3-eth2,0.0029877471923828126,99.99701225280762
2025-11-26 12:00:07.272043,s1-eth1,0.0029877471923828126,99.99701225280762
2025-11-26 12:00:07.272146,s2-eth2,0.0029877471923828126,99.99701225280762
2025-11-26 12:00:07.272292,s3-eth2,0.0029877471923828126,99.99701225280762
2025-11-26 12:00:08.273160,s1-eth1,0.0029877471923828126,99.99701225280762
2025-11-26 12:00:08.273262,s2-eth2,0.0029877471923828126,99.99701225280762
2025-11-26 12:00:08.273408,s3-eth2,0.0029877471923828126,99.99701225280762
2025-11-26 12:00:09.274253,s1-eth1,0.0029877471923828126,99.99701225280762
2025-11-26 12:00:09.274355,s2-eth2,0.0029877471923828126,99.99701225280762
2025-11-26 12:00:09.274500,s3-eth2,0.0029877471923828126,99.99701225280762
2025-11-26 12:00:10.275405,s1-eth1,0.0029877471923828126,99.99701225280762
2025-11-26 12:00:10.275509,s2-eth2,0.0029877471923828126,99.99701225280762
2025-11-26 12:00:10.275656,s3-eth2,0.0029877471923828126,99.99701225280762
2025-11-26 12:00:11.276530,s1-eth1,0.0036279296875,99.9963720703125
2025-11-26 12:00:11.276635,s2-eth2,0.0029877471923828126,99.99701225280762
2025-11-26 12:00:11.276782,s3-eth2,0.0029877471923828126,99.99701225280762
2025-11-26 12:00:12.277724,s1-eth1,0.0029877471923828126,99.99701225280762
2025-11-26 12:00:12.277842,s2-eth2,0.0029877471923828126,99.99701225280762
2025-11-26 12:00:12.277990,s3-eth2,0.0029877471923828126,99.99701225280762
2025-11-26 12:00:13.278859,s1-eth1,0.0029877471923828126,99.99701225280762
2025-11-26 12:00:13.278978,s2-eth2,0.0029877471923828126,99.99701225280762
2025-11-26 12:00:13.279126,s3-eth2,0.0029877471923828126,99.99701225280762
2025-11-26 12:00:14.279981,s1-eth1,0.0029877471923828126,99.99701225280762
2025-11-26 12:00:14.280098,s2-eth2,0.0029877471923828126,99.99701225280762
2025-11-26 12:00:14.280245,s3-eth2,0.0029877471923828126,99.99701225280762
2025-11-26 12:00:15.281103,s1-eth1,0.0029877471923828126,99.99701225280762
2025-11-26 12:00:15.281207,s2-eth2,0.0029877471923828126,99.99701225280762
2025-11-26 12:00:15.281368,s3-eth2,0.0029877471923828126,99.99701225280762
2025-11-26 12:00:16.282226,s1-eth1,0.0029877471923828126,99.99701225280762
2025-11-26 12:00:16.282329,s2-eth2,0.0029877471923828126,99.99701225280762
2025-11-26 12:00:16.282490,s3-eth2,0.0029877471923828126,99.99701225280762
2025-11-26 12:00:17.283413,s1-eth1,0.0029877471923828126,99.99701225280762
2025-11-26 12:00:17.283516,s2-eth2,0.0029877471923828126,99.99701225280762
2025-11-26 12:00:17.283676,s3-eth2,0.0029877471923828126,99.99701225280762
2025-11-26 12:00:18.284519,s1-eth1,0.0029877471923828126,99.99701225280762
2025-11-26 12:00:18.284622,s2-eth2,0.0029877471923828126,99.99701225280762
2025-11-26 12:00:18.284768,s3-eth2,0.0029877471923828126,99.99701225280762
2025-11-26 12:00:19.285632,s1-eth1,0.0029877471923828126,99.99701225280762
2025-11-26 12:00:19.285735,s2-eth2,0.0029877471923828126,99.99701225280762
2025-11-26 12:00:19.285882,s3-eth2,0.0029877471923828126,99.99701225280762
2025-11-26 12:00:20.286754,s1-eth1,0.0029877471923828126,99.99701225280762
2025-11-26 12:00:20.286876,s2-eth2,0.0029877471923828126,99.99701225280762
2025-11-26 12:00:20.287042,s3-eth2,0.0029877471923828126,99.99701225280762
2025-11-26 12:00:21.287910,s1-eth1,0.0029877471923828126,99.99701225280762
2025-11-26 12:00:21.288013,s2-eth2,0.0029877471923828126,99.99701225280762
2025-11-26 12:00:21.288160,s3-eth2,0.0029877471923828126,99.99701225280762
