timestamp,h11_h61,h12_h62,h13_h63,h14_h64
2025-11-27 16:32:38,18.6383722873422,10.917748141655473,9.86944573523431,25.64028267278063
2025-11-27 16:32:39,18.1,11.482081704039159,10.87575602229163,24.796629325527157
2025-11-27 16:32:40,18.1,10.520033271174375,8.985180539506485,24.51055698263774
2025-11-27 16:32:41,18.1,10.695756368507217,9.332436065042176,24.59632103353357
2025-11-27 16:32:42,18.1,10.7,9.320407933541631,24.6
2025-11-27 16:32:43,18.1,10.7,9.368925877932424,24.6
2025-11-27 16:32:44,18.1,10.79743134959571,9.350449353579943,24.6
2025-11-27 16:32:45,18.1,10.702673545117204,9.340235113697313,24.6
2025-11-27 16:32:46,18.1,11.477130161694605,9.98334501455869,25.172754482471188
2025-11-27 16:32:47,18.1,11.305882868636374,10.778350082924936,25.2
2025-11-27 16:32:48,18.1,11.3,10.605589358122835,24.628133680443867
2025-11-27 16:32:49,18.1,10.718582823757016,9.297110895890476,24.6
2025-11-27 16:32:50,18.1,10.7,9.30856204013637,24.6
2025-11-27 16:32:51,18.1,10.7,9.251786138583677,24.6
2025-11-27 16:32:52,18.1,10.7,9.24030815468491,24.6
2025-11-27 16:32:53,18.1,10.7,9.25936215088489,24.6
2025-11-27 16:32:54,18.1,10.603739510810355,9.308349742473235,24.6
2025-11-27 16:32:55,18.1,10.792271933233511,9.464523701913347,24.6
2025-11-27 16:32:56,18.1,10.703950913435083,9.267371922773478,24.6
2025-11-27 16:32:57,18.1,10.7,9.298552115814351,24.69422772148981
2025-11-27 16:32:58,18.1,10.508282310453835,9.319254313127804,24.7
2025-11-27 16:32:59,18.1,10.595754108195766,9.300768923567494,24.605953205250508
2025-11-27 16:33:00,18.1,10.408670505773548,8.98293501479254,24.412073938994016
2025-11-27 16:33:01,18.1,10.591100917518585,9.075667928013143,24.58767204864472
2025-11-27 16:33:02,18.1,10.695431279760799,9.530794310350698,24.6
2025-11-27 16:33:03,18.1,10.50930571387393,9.435020112998656,24.6
2025-11-27 16:33:04,18.1,10.880833966034823,9.209817730982516,25.347691617916464
2025-11-27 16:33:05,18.1,10.709753525924754,9.066103568222221,24.559040996907786
2025-11-27 16:33:06,18.1,10.604965096682369,9.193728625477211,24.5
2025-11-27 16:33:07,18.1,10.6,9.14275036714147,24.5
2025-11-27 16:33:08,18.1,10.694823703514594,9.197184283076853,24.5
2025-11-27 16:33:09,18.1,10.7,9.133354899883935,24.5
2025-11-27 16:33:10,18.1,10.7,9.091957984596306,24.5
2025-11-27 16:33:11,18.1,10.7,9.099499712659213,24.5
2025-11-27 16:33:12,18.1,10.7,9.07153209376502,24.5
2025-11-27 16:33:13,18.1,10.7,9.013124760630848,24.5
2025-11-27 16:33:14,18.1,10.511548207539372,9.057340808351775,24.5
2025-11-27 16:33:15,18.1,10.594120112746364,9.022168564794404,24.5
2025-11-27 16:33:16,18.1,10.6,8.95386482651127,24.407668206005063
2025-11-27 16:33:17,18.1,10.506078543318011,8.883935007973058,24.49222957467479
2025-11-27 16:33:18,18.1,10.5,8.92709969943099,24.5
2025-11-27 16:33:19,18.1,11.061969592315773,10.498596870432063,24.959842799894787
2025-11-27 16:33:20,18.1,11.1,10.412330735575154,25.091856873019236
2025-11-27 16:33:21,18.1,11.006540204733902,10.493718177663801,25.008235660947378
2025-11-27 16:33:22,18.1,11.0,10.593601202702127,25.0
2025-11-27 16:33:23,18.1,11.279703807592803,10.880393614344037,25.274593491627925
2025-11-27 16:33:24,18.1,11.206865347852453,10.806633936129721,25.482814738755636
2025-11-27 16:33:25,18.1,11.2,10.8,25.40868974913536
2025-11-27 16:33:26,18.1,11.2,10.706886210144157,28.218917525638556
2025-11-27 16:33:27,18.1,11.292820632025597,10.606986649632157,25.310903177220396
2025-11-27 16:33:28,18.1,11.3,10.507084569715268,25.0
2025-11-27 16:33:29,18.1,10.83666982089075,9.88702880446194,25.0
2025-11-27 16:33:30,18.1,10.707424261985192,9.645135989617652,25.090837246775354
2025-11-27 16:33:31,18.1,11.162123114695678,10.343109532101078,25.00925883315802
2025-11-27 16:33:32,18.1,10.64577251130847,9.455500541092643,25.0
2025-11-27 16:33:33,18.1,11.153340928589044,10.507164209638882,25.090532965757056
2025-11-27 16:33:34,18.1,11.2,10.6,25.009567046208335
2025-11-27 16:33:35,18.1,11.2,10.6,25.0
2025-11-27 16:33:36,18.1,11.108082294269686,10.415899333876153,25.090226106854704
2025-11-27 16:33:37,18.1,11.19180984756902,10.491931185180105,25.00987226556415
2025-11-27 16:33:38,18.1,11.2,10.5,25.0
2025-11-27 16:33:39,18.1,10.741733548499019,9.508324436240628,25.0
2025-11-27 16:33:40,18.1,10.7,9.383308843441498,25.179618654672897
2025-11-27 16:33:41,18.1,11.157037474012585,10.405038134741405,25.020554677712482
2025-11-27 16:33:42,18.1,11.382568849067015,10.591395064788903,25.179212469346474
2025-11-27 16:33:43,18.1,11.582319902599018,10.964802353489272,25.37896820577591
2025-11-27 16:33:44,18.1,11.23563538682614,10.635141779660774,25.310630138500013
2025-11-27 16:33:45,18.1,11.2,10.6,25.032071525980843
2025-11-27 16:33:46,18.1,11.2,10.417937306464676,25.08920532135568
2025-11-27 16:33:47,18.1,11.290779936966034,10.581821827294643,25.1
2025-11-27 16:33:48,18.1,11.209319883585414,12.322028467830524,25.01100634563287
2025-11-27 16:33:49,18.1,10.746962096007943,9.767432204877805,24.555323022445897
2025-11-27 16:33:50,18.1,11.152301761605932,10.495674658645505,24.94376928119583
2025-11-27 16:33:51,18.1,11.2,10.509559744744648,25.17706674723071
2025-11-27 16:33:52,18.1,10.658177198611373,9.478023170024475,24.580755699943833
2025-11-27 16:33:53,18.1,11.140905900255428,10.389732979319904,25.117825628660352
2025-11-27 16:33:54,18.1,11.2,10.5,25.11186074636769
2025-11-27 16:33:55,18.1,11.2,10.5,25.1
2025-11-27 16:33:56,18.1,10.66062541004449,9.446663036625345,24.660163587867423
2025-11-27 16:33:57,18.1,10.510185847552933,9.042106271208771,24.6
2025-11-27 16:33:58,18.1,10.679390687020755,9.378291924245927,24.77528861484154
2025-11-27 16:33:59,18.1,10.61040554397055,9.330271685924783,24.712526365947692
2025-11-27 16:34:00,18.1,10.689490605524435,9.382734526379366,24.61269210390642
2025-11-27 16:34:01,18.011171259233006,11.146698991732183,10.293230605199993,24.948451086542708
2025-11-27 16:34:02,18.0,10.93221599506529,10.033662255704595,24.912990594431456
2025-11-27 16:34:03,18.0,10.989154063073574,10.088211327934767,24.55254387059116
2025-11-27 16:34:04,18.088519842749907,10.732761059897513,9.4752712031852,24.58669755811128
2025-11-27 16:34:05,18.1,10.522003529960234,9.07001812923195,24.686525515785103
2025-11-27 16:34:06,18.1,10.588882713293208,9.32388709932797,24.7
2025-11-27 16:34:07,18.1,11.221033824605032,10.461587204022125,25.13093808370032
2025-11-27 16:34:08,18.1,10.679315256190835,9.498501981193446,24.683372942497503
2025-11-27 16:34:09,18.1,11.219619287225713,10.3704648325216,25.115427146795952
2025-11-27 16:34:10,18.1,10.59217045153878,9.23228246980697,24.68503462376148
2025-11-27 16:34:11,18.1,10.5,8.999142231583681,24.6
2025-11-27 16:34:12,18.1,10.5,8.936861092043488,24.685503499246455
2025-11-27 16:34:13,18.1,10.676326331367639,9.292590575854407,24.7
2025-11-27 16:34:14,18.1,10.523899350698837,9.057251096804197,24.7
2025-11-27 16:34:15,18.1,10.675860863535352,9.328804240503782,24.7
2025-11-27 16:34:16,18.1,10.7,9.334749669047051,24.7
2025-11-27 16:34:17,18.1,10.7,9.356406504580104,24.7
2025-11-27 16:34:18,18.1,10.7,9.333623645021708,24.61548210368275
2025-11-27 16:34:19,18.1,10.7,9.382688292403525,24.6
2025-11-27 16:34:20,18.1,10.7,9.38122891139272,24.6
2025-11-27 16:34:21,18.1,10.7,9.38,24.6
2025-11-27 16:34:22,18.1,10.7,9.353757785565989,24.6
2025-11-27 16:34:23,18.1,10.7,9.419886343366631,24.6
2025-11-27 16:34:24,18.1,10.7,9.412548692506116,24.516421442958947
2025-11-27 16:34:25,18.1,10.526160855599482,9.078686210640608,24.416570113473608
2025-11-27 16:34:26,18.1,10.5,9.003872322830642,24.4
2025-11-27 16:34:27,18.1,10.67339762242438,9.3652050141309,24.64934598964808
2025-11-27 16:34:28,18.1,10.7,9.393945329321692,24.617057026852255
2025-11-27 16:34:29,18.1,10.7,9.372650133738558,24.682770328163823
2025-11-27 16:34:30,18.1,10.7,9.404657738286621,24.7
2025-11-27 16:34:31,18.1,10.613770903900235,9.340761820079123,24.7
2025-11-27 16:34:32,18.1,10.686124473591827,9.35593326655082,24.7
2025-11-27 16:34:33,18.1,10.7,9.834619408301997,24.53572154402602
2025-11-27 16:34:34,18.1,10.7,9.478859652780839,24.581977267441875
2025-11-27 16:34:35,18.1,10.7,9.392773011249282,24.51815183569354
2025-11-27 16:34:36,18.1,10.7,9.338376887953068,24.663369726234496
2025-11-27 16:34:37,18.1,10.7,9.355780337335418,24.7
2025-11-27 16:34:38,18.1,10.956423814853677,10.33740663877216,24.7
2025-11-27 16:34:39,18.1,10.743814672101678,9.540021706952329,24.618839675979423
2025-11-27 16:34:40,18.1,10.7,9.38,24.681035635314053
2025-11-27 16:34:41,18.1,10.7,9.285913261277356,24.61912329849599
2025-11-27 16:34:42,18.1,11.465042925536965,9.850546457139702,24.68070265544983
2025-11-27 16:34:43,18.1,11.43020309828383,12.627214316239316,24.7
2025-11-27 16:34:44,18.015626979270408,11.060677191049573,10.350693784603326,24.45886434064971
2025-11-27 16:34:45,18.084262793553236,11.254114116859677,10.49053145662776,24.720926607321747
2025-11-27 16:34:46,18.1,11.21541001550149,10.430263482475615,24.639851149832552
2025-11-27 16:34:47,18.1,11.2,10.315237249595278,24.6
2025-11-27 16:34:48,18.1,14.729223032107312,11.568067290445118,24.679739257448283
2025-11-27 16:34:49,18.1,11.863040203589119,10.447230033598194,24.7
2025-11-27 16:34:50,18.1,11.368317792660967,10.537752445711048,25.4142542676294
2025-11-27 16:34:51,18.1,11.484042484028244,10.684317132275616,25.679177284162872
2025-11-27 16:34:52,18.1,11.5,10.7,26.01589234328811
2025-11-27 16:34:53,18.1,11.5,14.051203161330683,25.784338904313287
2025-11-27 16:34:54,18.1,11.583713577210467,11.594981118986599,26.093671210378904
2025-11-27 16:34:55,18.1,10.930960965325012,9.605340553157774,25.885517339295813
2025-11-27 16:34:56,18.1,11.133976194687715,10.145010594029417,25.564369473904645
2025-11-27 16:34:57,18.1,11.283373750425982,10.467434339220356,25.81348947174556
2025-11-27 16:34:58,18.1,11.216730652296159,10.5,25.587175223159292
2025-11-27 16:34:59,18.1,11.283163803243957,10.5,25.5
2025-11-27 16:35:00,18.1,11.3,10.750111099470457,25.5
2025-11-27 16:35:01,18.1,11.217047914794009,10.550240991486055,25.5
2025-11-27 16:35:02,18.1,11.28284539535575,10.58313397268762,25.42238310043171
2025-11-27 16:35:03,18.1,11.217254674892263,10.516966834533282,25.554912677579708
2025-11-27 16:35:04,18.1,11.282632862039428,10.66582000341929,25.368057578040403
2025-11-27 16:35:05,18.1,11.217471296234105,10.534362441368238,25.377172877404647
2025-11-27 16:35:06,18.1,11.2,10.334533462000506,25.4
2025-11-27 16:35:07,18.1,11.2,10.547819422341206,25.47694073392117
2025-11-27 16:35:08,18.1,11.2,10.682443914194756,25.5
2025-11-27 16:35:09,18.1,11.282102734370628,10.617665792917991,25.5
2025-11-27 16:35:10,18.1,11.3,11.010924662792233,25.19394144484193
2025-11-27 16:35:11,18.1,11.218123720194846,10.607278935995838,25.1
2025-11-27 16:35:12,18.1,11.2,10.5,25.023712685398618
2025-11-27 16:35:13,18.1,11.28166474389325,10.581910354055829,25.15236467947594
2025-11-27 16:35:14,18.1,11.218437441125493,10.518186419752793,25.047853422891933
2025-11-27 16:35:15,18.1,10.792474053307965,9.518270421002354,25.0
2025-11-27 16:35:16,18.1,11.106844161223362,10.116427894206533,25.07585202645933
2025-11-27 16:35:17,18.1,11.2,10.3,25.024260879381117
2025-11-27 16:35:18,18.1,11.281147206777488,10.462804838990435,25.075627534548932
2025-11-27 16:35:19,18.1,10.732317791364839,9.645881500048974,25.02447919308838
2025-11-27 16:35:20,18.1,11.166618965115116,10.302294863146924,25.075407916082025
2025-11-27 16:35:21,18.1,11.3,10.418946762175931,25.1
2025-11-27 16:35:22,18.1,11.3,10.480942674728446,25.02481575050382
2025-11-27 16:35:23,18.1,11.3,10.580828370576533,25.0
2025-11-27 16:35:24,18.1,11.3,10.519274071480545,25.07499599770154
2025-11-27 16:35:25,18.1,11.219591915963363,10.5,25.1
2025-11-27 16:35:26,18.1,11.2,10.41947370614863,25.17489543379126
2025-11-27 16:35:27,18.1,11.280193468998355,10.480412325716026,25.125198876456672
2025-11-27 16:35:28,18.1,11.219906954964001,10.339353941149566,25.174675050384216
2025-11-27 16:35:29,18.1,11.279979477243627,10.540596349388588,25.27453981135081
2025-11-27 16:35:30,18.1,11.220123406889511,10.519942451811843,25.3
2025-11-27 16:35:31,18.1,11.2,10.420046381130845,25.15145076937951
2025-11-27 16:35:32,18.1,11.2,10.479843685030504,25.02580195287928
2025-11-27 16:35:33,18.1,11.2,10.579730049941976,25.074096485103198
2025-11-27 16:35:34,18.1,11.2,10.6,25.1
2025-11-27 16:35:35,18.1,11.279350692281165,10.6,25.1
2025-11-27 16:35:36,18.1,11.220750643626248,10.520586368329727,25.17378110837091
2025-11-27 16:35:37,18.1,11.2,10.5,25.052642193117098
2025-11-27 16:35:38,18.1,11.2,10.579194344950135,25.0
2025-11-27 16:35:39,18.1,11.278928645512442,10.679084438226825,25.0734561962199
2025-11-27 16:35:40,18.1,11.3,10.7,25.173382389663765
2025-11-27 16:35:41,18.1,11.14254403652264,10.542353458131728,25.346625536227616
2025-11-27 16:35:42,18.1,11.17861604217152,10.657379924559283,25.4
2025-11-27 16:35:43,18.1,11.2,10.621411855498826,25.911143619793094
2025-11-27 16:35:44,18.1,11.27837993692432,10.6,25.73530735454497
2025-11-27 16:35:45,18.1,11.3,10.6,25.45430642679889
2025-11-27 16:35:46,18.1,11.3,10.52172070215086,25.254555333954325
2025-11-27 16:35:47,18.1,11.143840874202803,10.578167328305355,25.2
2025-11-27 16:35:48,18.1,11.177975493157865,10.678053028219242,25.344910835103743
2025-11-27 16:35:49,18.1,11.2,10.7,25.25534833514984
2025-11-27 16:35:50,18.1,11.2,10.7,25.127794091347152
2025-11-27 16:35:51,18.1,11.2,10.622254404583572,25.1
2025-11-27 16:35:52,18.1,11.2,10.6,25.1
2025-11-27 16:35:53,18.1,11.2,10.6,26.605787835910316
2025-11-27 16:35:54,18.1,11.277345814272444,10.6,25.76662906249165
2025-11-27 16:35:55,18.1,11.222757497634882,10.6,25.128395868432804
2025-11-27 16:35:56,18.1,11.04569470197792,10.368255080421696,25.242948641481824
2025-11-27 16:35:57,18.1,11.0,10.37714166915525,25.22865218986732
2025-11-27 16:35:58,18.1,11.153860697161862,10.554028895758021,27.896157776580118
2025-11-27 16:35:59,18.1,11.2,10.6,26.30036572570285
2025-11-27 16:36:00,18.1,11.2,10.753570343404094,25.2
2025-11-27 16:36:01,18.1,11.582858745152478,10.953194509476987,25.270966695877885
2025-11-27 16:36:02,18.1,12.158460447169663,11.305763272287296,25.229143062736313
2025-11-27 16:36:03,18.1,11.994710201662036,11.552621397599312,25.2
2025-11-27 16:36:04,18.1,11.976216648465142,11.29525055495521,25.623372721710442
2025-11-27 16:36:05,18.1,12.0,10.971746086567135,25.447747234815008
2025-11-27 16:36:06,18.1,11.923984013087564,10.671990348589084,25.581202835734366
2025-11-27 16:36:07,18.1,10.912765539236265,9.649989400057565,24.927748086310118
2025-11-27 16:36:08,18.1,10.67583515687716,9.38797803746245,24.6
2025-11-27 16:36:09,18.1,10.7,9.324132000063836,24.6
2025-11-27 16:36:10,18.1,10.7,9.337880983619286,24.6
2025-11-27 16:36:11,18.1,10.851016329128482,9.33486844327178,24.6
2025-11-27 16:36:12,18.1,10.673742881803694,9.299777067681887,24.6
2025-11-27 16:36:13,18.1,10.6,9.282454480324981,24.6
2025-11-27 16:36:14,18.1,10.6,9.28753498113611,24.6
2025-11-27 16:36:15,18.1,10.6,9.28247553292635,24.6
2025-11-27 16:36:16,18.1,10.6,9.264971602344218,24.6
2025-11-27 16:36:17,18.1,10.6,9.312523797774762,24.6
2025-11-27 16:36:18,18.1,10.674801678265451,9.427396744313981,24.941820972969477
2025-11-27 16:36:19,18.1,10.550571969481302,9.115691179249408,24.96353775427564
2025-11-27 16:36:20,18.1,11.09639668409081,10.119730227808315,25.172152724575973
2025-11-27 16:36:21,18.1,11.746264318979959,10.9465453483105,25.16423508197549
2025-11-27 16:36:22,18.1,11.008230425014336,9.924325748013896,25.1
2025-11-27 16:36:23,18.1,10.551508235836705,9.207615561851162,24.964664129650785
2025-11-27 16:36:24,18.1,10.648255649216411,9.337627202177089,25.034994412445506
2025-11-27 16:36:25,18.1,10.7,9.45707015710497,25.032645254094195
2025-11-27 16:36:26,18.1,10.99555954850517,9.936133344441204,24.932741496187045
2025-11-27 16:36:27,18.1,10.730967088313228,9.545555384736394,25.034175160676806
2025-11-27 16:36:28,18.1,10.968416923925565,10.198214243232236,24.96608470373796
2025-11-27 16:36:29,18.1,10.879226992716204,9.674499100267214,24.966789960696754
2025-11-27 16:36:30,18.1,11.167266961180411,10.49750896380826,25.066645701701972
2025-11-27 16:36:31,18.1,10.712788867073707,9.547412153686876,24.966817817887726
2025-11-27 16:36:32,18.1,10.646612032475721,9.324338474182506,25.032927872085267
2025-11-27 16:36:33,18.1,10.553572133045554,9.126623123592866,24.635375431855124
2025-11-27 16:36:34,18.1,10.426880316952726,8.976045800883062,24.4
2025-11-27 16:36:35,18.1,10.47301654253671,8.97463096880617,24.730558072511162
2025-11-27 16:36:36,18.1,10.5,8.987305091479143,24.636216554908263
2025-11-27 16:36:37,18.1,10.5,8.997302035474965,24.43413920772114
2025-11-27 16:36:38,18.1,10.5,9.0,24.859956121055635
2025-11-27 16:36:39,18.1,10.5,9.0,24.640731193015185
2025-11-27 16:36:40,18.1,10.644970058696718,9.210885651214548,24.465500009879996
2025-11-27 16:36:41,18.1,10.627618715291712,9.253701771209856,24.826598470159013
2025-11-27 16:36:42,18.1,10.527710581635631,9.065984105202974,24.6740806873912
2025-11-27 16:36:43,18.1,10.5,9.0072409919941,24.43493864024955
2025-11-27 16:36:44,18.1,10.93225578710591,9.869430494401122,24.659806339634255
2025-11-27 16:36:45,18.1,11.02807118629534,10.048586535272952,25.059347420968386
2025-11-27 16:36:46,18.1,11.0,9.961167757213008,25.458796120277032
2025-11-27 16:36:47,18.1,11.071720507676812,9.971601394983946,25.6
2025-11-27 16:36:48,18.1,11.02838101222136,9.98,25.40682066027466
2025-11-27 16:36:49,18.1,11.071512937644428,10.066268095760087,25.428495326297426
2025-11-27 16:36:50,18.1,11.1,10.1,25.564148940250973
2025-11-27 16:36:51,18.1,11.02869241023782,10.028313463788823,25.6
2025-11-27 16:36:52,18.1,11.0,9.985682089988446,25.6
2025-11-27 16:36:53,18.1,11.284317338780719,10.423398846514358,25.40867099612798
2025-11-27 16:36:54,18.1,11.47095665062616,10.742826055791655,25.3
2025-11-27 16:36:55,18.17050353578223,11.145581285737025,10.229506044391597,25.427063799214555
2025-11-27 16:36:56,18.129602888086644,11.0,10.071208562100018,25.37319298713546
2025-11-27 16:36:57,18.1,11.0,10.1,25.3
2025-11-27 16:36:58,18.1,10.646876409602777,9.3394822772192,24.85763721754305
2025-11-27 16:36:59,18.1,10.5,9.015798968636322,24.6
2025-11-27 16:37:00,18.1,10.5,8.974546629884419,24.6
2025-11-27 16:37:01,18.1,10.5,8.95291938365799,24.6
2025-11-27 16:37:02,18.1,10.5,8.992385187490807,24.6
2025-11-27 16:37:03,18.1,10.5,8.995896910496993,24.6
2025-11-27 16:37:04,18.1,10.5,9.018164593305082,24.6
2025-11-27 16:37:05,18.1,10.5,9.03703072937184,24.6
2025-11-27 16:37:06,18.1,10.5,9.018938005376711,24.6
2025-11-27 16:37:07,18.1,10.5,9.002989463129289,24.538029282134232
2025-11-27 16:37:08,18.1,10.5,9.0,24.56186052616784
2025-11-27 16:37:09,18.1,10.5,9.020969802167903,24.53826740092762
2025-11-27 16:37:10,18.1,10.5,9.02302035494807,24.5
2025-11-27 16:37:11,18.1,10.5,8.985151132970289,24.43852827961777
2025-11-27 16:37:12,18.1,10.5,9.018714456405533,24.645314649568757
2025-11-27 16:37:13,18.1,11.052363641815298,10.122320758728243,25.288796207052112
2025-11-27 16:37:14,18.1,11.093193885043428,10.184393319797534,25.173011034733996
2025-11-27 16:37:15,18.1,11.0,9.965407732763792,25.02173263665109
2025-11-27 16:37:16,18.1,11.0,9.984537995039336,25.16071088116315
2025-11-27 16:37:17,18.1,11.0,9.965513830461742,25.018164010856687
2025-11-27 16:37:18,18.1,11.0,9.95,25.86587957339963
2025-11-27 16:37:19,18.1,11.0,9.929370184118165,25.837770100408203
2025-11-27 16:37:20,18.16785336214376,11.0,9.968059935627608,25.099298665086014
2025-11-27 16:37:21,18.13226082850123,11.13638095392304,10.133928830985258,24.9
2025-11-27 16:37:22,18.1,11.063806015662372,10.001507703398376,25.198884787541203
2025-11-27 16:37:23,18.032469681433234,11.135965819381699,10.176470573109803,25.57872940517879
2025-11-27 16:37:24,18.0,11.2,10.231786199411072,25.224032963148275
2025-11-27 16:37:25,18.0,10.996636368618052,9.995600943647059,24.721827008813275
2025-11-27 16:37:26,18.0,10.967643756369194,9.954427436048633,24.71843592011818
2025-11-27 16:37:27,18.06712320578009,10.594683645296108,9.244861044451218,24.68185098618214
2025-11-27 16:37:28,18.1,10.4,8.872787093826938,25.42381773635528
2025-11-27 16:37:29,18.033081246723576,11.005736011136362,10.175232798107894,25.88266262513841
2025-11-27 16:37:30,18.0,11.568581954503065,10.461687916340505,25.8
2025-11-27 16:37:31,18.0,11.565921461939032,10.772685934225263,25.85834013279109
2025-11-27 16:37:32,18.0,11.5,11.0,25.9
2025-11-27 16:37:33,18.0,11.5,11.0,25.9
2025-11-27 16:37:34,18.0,11.3665164330701,10.865459883353129,26.015518563881777
2025-11-27 16:37:35,18.0,11.43326197529218,11.13561037086445,25.984759271284496
2025-11-27 16:37:36,18.0,11.898902213235997,10.964953246308863,25.9
2025-11-27 16:37:37,18.0,11.967252819397972,10.666139729877802,25.556108399896658
2025-11-27 16:37:38,18.0,11.634904291611214,10.867057895023617,25.757351756950694
2025-11-27 16:37:39,18.0,11.5,10.933301090225546,25.87176179419138
2025-11-27 16:37:40,18.065788611992694,11.36783580235474,10.83336265513041,25.64303595013591
2025-11-27 16:37:41,18.1,11.431942046296383,10.866526920854021,25.5431739080031
2025-11-27 16:37:42,18.1,11.302359482971188,10.567727268394513,24.989532924527538
2025-11-27 16:37:43,18.034523888356645,10.870894104162222,9.635896052950649,24.6
2025-11-27 16:37:44,18.06536754177009,11.356705721452341,10.475713207439519,24.825644424913474
2025-11-27 16:37:45,18.1,11.503342964664894,10.901687607306835,25.0
2025-11-27 16:37:46,18.1,11.530896287183767,10.93199655752805,24.887583111028466
2025-11-27 16:37:47,18.1,10.946006574853925,9.863642211558346,24.687777125591552
2025-11-27 16:37:48,18.1,10.6,9.299815679781577,24.711867683538593
2025-11-27 16:37:49,18.1,10.991106674207497,10.22538073039921,24.91147024261719
2025-11-27 16:37:50,18.1,11.2,10.634293992125231,25.0
2025-11-27 16:37:51,18.1,11.2,10.6,25.0
2025-11-27 16:37:52,18.1,11.2,10.6,25.22152679993282
2025-11-27 16:37:53,18.1,11.264749062739197,10.665389066917642,26.44878051796419
2025-11-27 16:37:54,18.1,11.235351891360535,10.56941587533897,26.307991019096825
2025-11-27 16:37:55,18.1,11.2,10.5,25.5
2025-11-27 16:37:56,18.1,10.87762535979379,10.239508986755633,25.279845517341382
2025-11-27 16:37:57,18.1,10.635606595080699,9.618417961516077,24.934821059820322
2025-11-27 16:37:58,18.1,10.6,9.405495312270782,27.316704792590944
2025-11-27 16:37:59,18.1,10.664186747167294,9.45595288414228,26.831514961854616
2025-11-27 16:38:00,18.1,10.635933637385783,9.424654203292418,24.64519340212808
2025-11-27 16:38:01,18.1,10.983364833921742,10.175165114183013,25.583591882631794
2025-11-27 16:38:02,18.1,11.263747851103853,10.535545740525443,26.12731348959867
2025-11-27 16:38:03,18.1,11.3,10.5,25.954511708459815
2025-11-27 16:38:04,18.1,11.3,10.564241525807173,25.891013889660524
2025-11-27 16:38:05,18.1,11.490211060780124,10.6,25.963307993710064
2025-11-27 16:38:06,18.1,11.473398047706066,10.792044571693879,26.1
2025-11-27 16:38:07,18.1,11.336801049385965,10.9,26.04562667938249
2025-11-27 16:38:08,18.1,11.236906525831111,10.9,26.0
2025-11-27 16:38:09,18.1,11.26298660657511,10.9,25.837146094998843
2025-11-27 16:38:10,18.1,11.3,10.836478506759319,25.80849240489233
2025-11-27 16:38:11,18.1,11.3,10.736589808802506,26.22472164237249
2025-11-27 16:38:12,18.1,11.362671370228284,10.826585650661576,26.229661222099924
2025-11-27 16:38:13,18.1,11.525099374300261,11.08938717793239,25.512826045871446
2025-11-27 16:38:14,18.1,11.537558009220497,11.010992779748996,25.1
2025-11-27 16:38:15,18.1,11.5,10.837095299023565,25.1
2025-11-27 16:38:16,18.1,11.68666778094681,10.988350313471226,25.1
2025-11-27 16:38:17,18.1,11.86209963442436,11.162658280297398,25.1
2025-11-27 16:38:18,18.1,11.466016276778115,10.824474789515428,25.15416484193166
2025-11-27 16:38:19,18.1,11.2,10.6,25.2
2025-11-27 16:38:20,18.1,11.2,10.537600682897876,25.2
2025-11-27 16:38:21,18.1,11.2,10.5,25.145831237133706
2025-11-27 16:38:22,18.1,11.261581616807883,10.5,25.15416879247849
2025-11-27 16:38:23,18.1,11.3,10.5,25.2
2025-11-27 16:38:24,18.1,11.3,10.5,25.2
2025-11-27 16:38:25,18.1,11.422508791547923,10.932828816418215,25.2
2025-11-27 16:38:26,18.1,11.31651971763105,10.7060190624101,25.2
2025-11-27 16:38:27,18.1,11.2,10.4,25.14583007863727
2025-11-27 16:38:28,18.1,11.260959217798728,10.523106635864423,25.1
2025-11-27 16:38:29,18.1,11.48250617567611,10.907026474396815,25.370728425720348
2025-11-27 16:38:30,18.1,11.6,11.161276649153212,25.924529226171103
2025-11-27 16:38:31,18.1,11.357463310825572,10.771542221069831,25.767289154456535
2025-11-27 16:38:32,18.1,10.95772177644176,9.99833419980287,25.020838400548307
2025-11-27 16:38:33,18.1,11.041745588027403,10.241673188592195,25.024816338367405
2025-11-27 16:38:34,18.1,11.13969500903302,10.539087822823388,25.354046657798804
2025-11-27 16:38:35,18.1,11.160197148838751,10.5,25.453997596459175
2025-11-27 16:38:36,18.1,11.260088369241673,10.43928833545619,25.392090981195174
2025-11-27 16:38:37,18.1,11.359975633639676,10.884509814793617,25.892459124036847
2025-11-27 16:38:38,18.1,11.340129046149874,11.139572593713947,25.70007836334199
2025-11-27 16:38:39,18.1,11.598710173349694,11.280914142857142,25.20771776843215
2025-11-27 16:38:40,18.1,11.501975132319984,11.098889905390667,25.730260612105504
2025-11-27 16:38:41,18.1,11.359488113675459,10.9,25.992533629614087
2025-11-27 16:38:42,18.1,11.4,10.839967425794597,25.577704597488015
2025-11-27 16:38:43,18.1,11.28141960780577,10.620157878749978,25.246312028336742
2025-11-27 16:38:44,18.1,11.2,10.559846827784849,25.2
2025-11-27 16:38:45,18.1,11.140909153706058,10.480492847873874,25.146355766026435
2025-11-27 16:38:46,18.1,11.1,10.4,25.15362415499471
2025-11-27 16:38:47,18.1,11.1,10.45954484100108,25.146396264968683
2025-11-27 16:38:48,18.1,11.1,10.5,25.1
2025-11-27 16:38:49,18.1,11.275966538661546,10.677932776746488,25.207125420267513
2025-11-27 16:38:50,18.1,11.282900780778977,10.681595908084354,25.246461437831844
2025-11-27 16:38:51,18.1,11.141544194093829,10.42264087026064,25.09294880811327
2025-11-27 16:38:52,18.1,11.158349720183177,10.477028674779866,25.37439826931622
2025-11-27 16:38:53,18.1,10.733691237606216,9.620984455476597,25.11177907136492
2025-11-27 16:38:54,18.1,10.923514414129066,9.916529301349133,25.027338894440156
2025-11-27 16:38:55,18.1,11.3,10.834529868782926,25.4
2025-11-27 16:38:56,18.1,11.06834287149324,10.531039373159826,25.23991442870788
2025-11-27 16:38:57,18.1,10.9,10.14140393484967,25.046622149539687
2025-11-27 16:38:58,18.042382911359994,10.9,10.1,25.0
2025-11-27 16:38:59,18.05751233319084,11.072551928571428,10.391812543798846,25.106741221938986
2025-11-27 16:39:00,18.1,11.027751374338143,10.366950103450256,25.093262780808878
2025-11-27 16:39:01,18.042682577056222,10.9,10.141818410475956,25.0
2025-11-27 16:39:02,18.0,10.9,10.1,25.0
2025-11-27 16:39:03,18.0,10.9,9.978219986539848,25.053377526200773
2025-11-27 16:39:04,18.0,10.9,10.069436718819201,25.04661701609169
2025-11-27 16:39:05,18.0,10.9,10.142229225284096,25.0
2025-11-27 16:39:06,18.0,10.9,10.1,25.05339233537622
2025-11-27 16:39:07,18.0,10.9,10.1,25.046617776742583
2025-11-27 16:39:08,18.056603199325558,11.069375835220175,10.387168854428056,25.106744686552105
2025-11-27 16:39:09,18.04349989984144,11.031038119417001,10.370759225991842,25.146638876227495
2025-11-27 16:39:10,18.0,10.9,10.142787188635833,25.04662619543294
2025-11-27 16:39:11,18.0,10.9,10.042881510925017,25.0
2025-11-27 16:39:12,18.0,10.9,10.057013484360327,25.0
2025-11-27 16:39:13,18.0,10.955828257238347,9.872279496318365,25.05346372879562
2025-11-27 16:39:14,18.0,11.0,9.984094041725962,25.1
2025-11-27 16:39:15,18.0,10.94436746342184,10.143302960450944,24.993090777649634
2025-11-27 16:39:16,18.0,10.9,10.15659437313693,24.9
2025-11-27 16:39:17,18.0,10.9,10.2,24.953388727612293
2025-11-27 16:39:18,18.0,10.9,10.143608915641815,25.0
2025-11-27 16:39:19,18.0,10.9,10.156287118679508,25.0
2025-11-27 16:39:20,18.0,10.9,10.14381472765556,25.0
2025-11-27 16:39:21,18.0,10.9,10.1,25.0
2025-11-27 16:39:22,18.0,11.119279606991693,10.547500847809557,25.053282928760908
2025-11-27 16:39:23,18.0,11.35475266190261,10.9,25.1
2025-11-27 16:39:24,18.0,11.4,10.955693404615902,25.1
2025-11-27 16:39:25,18.0,11.345249875596892,10.888810864489962,25.1
2025-11-27 16:39:26,18.0,11.3,10.8,25.1
2025-11-27 16:39:27,18.0,11.080897492527574,10.46740585343252,25.046762219444446
2025-11-27 16:39:28,18.05491398039934,10.9,10.144645000485824,25.0
2025-11-27 16:39:29,18.1,11.50129597883603,10.872373870958766,25.05322853209533
2025-11-27 16:39:30,18.1,11.453323341789552,10.67373612088397,25.046778811526114
2025-11-27 16:39:31,18.1,10.945287159773908,9.988989724942488,25.0
2025-11-27 16:39:32,18.04509465000954,11.173426115833719,10.48560830529743,25.053215422355407
2025-11-27 16:39:33,18.054902943418252,11.4,10.9,25.1
2025-11-27 16:39:34,18.1,11.4,10.9,25.1
2025-11-27 16:39:35,18.04510160559126,11.181280264593136,10.4603948640567,25.046808157578333
2025-11-27 16:39:36,18.054895986439078,11.218701435620607,10.484611316234478,25.05318619294142
2025-11-27 16:39:37,18.1,11.4,10.854906742860141,25.1
2025-11-27 16:39:38,18.1,11.18131856888031,10.460455104947227,25.04682772951969
2025-11-27 16:39:39,18.1,11.273291889203676,10.539427617207693,25.05316590734794
2025-11-27 16:39:40,18.1,11.336076199132957,10.9,25.1
2025-11-27 16:39:41,18.1,11.145353241303674,10.515523965845896,24.887336959930703
2025-11-27 16:39:42,18.1,11.154642111978456,10.25494991226899,25.018652563288775
2025-11-27 16:39:43,18.1,11.2,10.3,25.246970193174466
2025-11-27 16:39:44,18.1,11.145370016500701,10.24505478941199,25.2
2025-11-27 16:39:45,18.1,11.1,10.2,25.2
2025-11-27 16:39:46,18.1,11.1,10.2,25.2
2025-11-27 16:39:47,18.1,11.1,10.2,25.147073485839872
2025-11-27 16:39:48,18.1,11.1,10.14505149000575,25.15290421448267
2025-11-27 16:39:49,18.1,11.1,10.1,25.2
2025-11-27 16:39:50,18.1,11.045390959945443,10.1,25.094265268181083
2025-11-27 16:39:51,18.1,11.10911266859611,10.264762074542398,25.105706579127393
2025-11-27 16:39:52,18.1,11.2,10.4,25.2
2025-11-27 16:39:53,18.1,11.2,10.454891699212046,25.2
2025-11-27 16:39:54,18.1,11.2,10.335312100252118,25.30554913556533
2025-11-27 16:39:55,18.1,11.2,10.2548987697324,25.34726410561479
2025-11-27 16:39:56,18.1,11.145533486275935,10.3,25.3
2025-11-27 16:39:57,18.1,11.263339506730402,10.409752184941933,25.3
2025-11-27 16:39:58,18.1,11.291135798601202,10.445162927645752,25.24737119470175
2025-11-27 16:39:59,18.1,11.254424547771958,10.509609100138665,25.30518474986374
2025-11-27 16:40:00,18.1,11.3,10.6,25.4
2025-11-27 16:40:01,18.1,11.24559583367506,10.490414108966606,25.4
2025-11-27 16:40:02,18.1,11.254394883748205,10.509573964206481,25.4
2025-11-27 16:40:03,18.1,11.24562748436357,10.490436014177346,25.34758371098959
2025-11-27 16:40:04,18.1,11.308703681586916,10.509545457579186,25.3
2025-11-27 16:40:05,18.1,11.345648756380479,10.435672714186882,25.247794457060294
2025-11-27 16:40:06,18.1,11.3,10.3,25.252089704092025
2025-11-27 16:40:07,18.1,11.245650737733468,10.245220772922787,25.3
2025-11-27 16:40:08,18.1,11.254338477087904,10.309536361391354,25.3
2025-11-27 16:40:09,18.1,11.3,10.509486384008802,25.3
2025-11-27 16:40:10,18.1,11.408582270003063,10.545263443779259,25.248436375949872
2025-11-27 16:40:11,18.1,11.5,10.609464806526779,25.251432754225576
2025-11-27 16:40:12,18.1,11.716902085002214,10.481038240992566,25.24870105115527
2025-11-27 16:40:13,18.1,11.683170501734354,10.737692437988994,25.2
2025-11-27 16:40:14,18.1,11.554204664475908,11.209323663184009,25.251042428349347
2025-11-27 16:40:15,18.1,11.545812460636482,10.807718663489066,25.3
2025-11-27 16:40:16,18.1,11.662474214175816,10.618864904568229,25.249217830642046
2025-11-27 16:40:17,18.1,11.475043170560445,10.301824722418223,25.2
2025-11-27 16:40:18,18.1,11.416583856200491,10.442740246291152,25.250521936225784
2025-11-27 16:40:19,18.1,11.329298409014747,10.40198193859983,25.249609227382017
2025-11-27 16:40:20,18.1,11.154145394755346,9.951662454862888,25.2
2025-11-27 16:40:21,18.1,11.254117335812092,9.859766346641356,25.2
2025-11-27 16:40:22,18.1,11.408145301418186,10.515206698965773,25.2
2025-11-27 16:40:23,18.1,11.391927212016373,10.82688873793466,25.2
2025-11-27 16:40:24,18.1,11.407989183282554,10.87287554228579,25.2
2025-11-27 16:40:25,18.1,11.392084625244308,10.881834123002324,25.2
2025-11-27 16:40:26,18.1,11.3,10.645440437435715,25.2
2025-11-27 16:40:27,18.1,11.246042372125649,10.709092542930156,25.150606856400973
2025-11-27 16:40:28,18.1,11.307902852433827,10.69091106796561,25.149271411181555
2025-11-27 16:40:29,18.1,11.346052640363334,10.709083298551013,25.2
2025-11-27 16:40:30,18.1,11.353948812384475,10.418017349356198,25.2
2025-11-27 16:40:31,18.1,11.346049747514305,10.154589270066658,25.2
2025-11-27 16:40:32,18.1,11.461815611897821,10.745249564439701,25.2
2025-11-27 16:40:33,18.1,11.707830135473811,11.254467697421333,25.248641895469905
2025-11-27 16:40:34,18.1,11.584301284896522,11.082081981187383,25.251488510584597
2025-11-27 16:40:35,18.1,11.4,10.46372659118395,25.24838022488133
2025-11-27 16:40:36,18.1,11.346049160146848,10.045430612985509,25.39647347116779
2025-11-27 16:40:37,18.1,11.623515344350524,10.708552481814884,25.403814877453005
2025-11-27 16:40:38,18.1,11.9,11.245550565735874,25.25203942291414
2025-11-27 16:40:39,18.1,11.576449357643396,10.655005571954574,25.29564908301002
2025-11-27 16:40:40,18.1,11.731268677766597,10.690304155389192,25.30462317334626
2025-11-27 16:40:41,18.1,12.1,11.045572846445028,25.2
2025-11-27 16:40:42,18.1,12.369229660237437,11.217629010108599,25.294835271232476
2025-11-27 16:40:43,18.1,12.115134145197699,11.4,25.3054399813316
2025-11-27 16:40:44,18.1,11.646083627074315,11.182482276672726,25.2
2025-11-27 16:40:45,18.1,11.6,11.054371899691613,25.247027244415882
2025-11-27 16:40:46,18.1,11.54609018773813,11.04562761078777,25.253097946148703
2025-11-27 16:40:47,18.1,11.553911177401535,11.0,25.2
2025-11-27 16:40:48,18.1,11.6,11.0,25.246648093243948
2025-11-27 16:40:49,18.1,11.6,11.0,25.253480265272835
2025-11-27 16:40:50,18.1,11.761648210583818,10.673630260183533,25.2
2025-11-27 16:40:51,18.1,11.792249303830399,10.291142538430613,25.2
2025-11-27 16:40:52,18.1,11.915432915644608,10.417648382173644,25.246145169800826
2025-11-27 16:40:53,18.1,11.884587287066035,10.436777021221186,25.253983222371442
2025-11-27 16:40:54,18.1,11.753860732470812,10.3,25.2
2025-11-27 16:40:55,18.1,11.8,10.3,25.2
2025-11-27 16:40:56,18.1,12.06909643582442,10.3,25.24563260685914
2025-11-27 16:40:57,18.1,12.030907801946265,10.3,25.254497102146363
2025-11-27 16:40:58,18.1,11.853828555356126,10.40876266495306,25.2
2025-11-27 16:40:59,18.1,11.523383751602609,10.336856881697019,25.2
2025-11-27 16:41:00,18.1,11.2,10.363118530004666,25.2
2025-11-27 16:41:01,18.1,11.2,10.13556890583287,25.154989029055976
2025-11-27 16:41:02,18.1,11.2,9.840877512761569,25.144890329487787
2025-11-27 16:41:03,18.1,11.306788721842649,9.860869472564124,25.2
2025-11-27 16:41:04,18.1,11.026776460931908,9.609091994901892,24.976666117891646
2025-11-27 16:41:05,18.1,10.75324209606754,9.4280539318343,24.655446365134807
2025-11-27 16:41:06,18.1,10.7468602802189,9.394770308315595,24.6
2025-11-27 16:41:07,18.1,10.753034891843122,9.388916441673274,24.6
2025-11-27 16:41:08,18.1,11.01147148876037,9.717839295236308,24.820151494316644
2025-11-27 16:41:09,18.1,10.989067204783387,9.710192061404692,24.92448603354484
2025-11-27 16:41:10,18.1,10.747376894408282,9.521726368440259,24.656235043440965
2025-11-27 16:41:11,18.1,10.96224292411468,10.169106712147352,24.86144563237198
2025-11-27 16:41:12,18.1,10.93835875161381,10.054642358303315,24.939478871970962
2025-11-27 16:41:13,18.1,10.647746498398607,9.357979421127398,24.55668662479847
2025-11-27 16:41:14,18.1,10.65215071074336,9.39284741081747,24.54315103902614
2025-11-27 16:41:15,18.1,10.7,9.50829464387251,24.6
2025-11-27 16:41:16,18.1,10.7,9.49,24.6
2025-11-27 16:41:17,18.1,10.751825099141115,9.49,24.6
2025-11-27 16:41:18,18.1,10.748312497158595,9.495424224681644,24.812310124399
2025-11-27 16:41:19,18.1,11.009150765069116,10.204051216260002,25.1
2025-11-27 16:41:20,18.1,10.991449169882706,10.091088648543952,24.888905271023262
2025-11-27 16:41:21,18.046244322402657,11.11048014939684,10.25224311776988,24.93695264888707
2025-11-27 16:41:22,18.053746825219356,11.448826742533631,10.9,25.4
2025-11-27 16:41:23,18.046261348698092,11.4,10.9,25.35819839944433
2025-11-27 16:41:24,18.0,11.4,10.9,25.3
2025-11-27 16:41:25,18.0,11.45086229254193,10.9,25.341550779934966
2025-11-27 16:41:26,18.053720614649297,11.44924061758625,10.846009770705528,25.358587682069537
2025-11-27 16:41:27,18.04628490275589,10.94363679664268,9.853473503999144,24.969514588185003
2025-11-27 16:41:28,18.0,10.753114935718335,9.672236193739538,24.705970771776983
2025-11-27 16:41:29,18.0,11.0,10.145942303175959,25.0
2025-11-27 16:41:30,18.0,11.0,10.1,25.0
2025-11-27 16:41:31,18.0,11.0,10.1,25.0
2025-11-27 16:41:32,18.05368591397893,11.0,10.262134097450707,25.0
2025-11-27 16:41:33,18.1,11.050125519803931,10.4,25.081058693013745
2025-11-27 16:41:34,18.1,11.1,10.4,25.11917336329319
2025-11-27 16:41:35,18.1,11.1,10.345968003830233,25.0
2025-11-27 16:41:36,18.1,11.1,10.137855153116988,25.0
2025-11-27 16:41:37,18.1,11.050280767341814,10.054054984456354,24.959889554322825
2025-11-27 16:41:38,18.1,11.0,10.1,24.939975162799307
2025-11-27 16:41:39,18.04632096039938,11.0,10.1,24.960219467313223
2025-11-27 16:41:40,18.0,11.0,10.154043156020311,24.9
2025-11-27 16:41:41,18.0,11.0,10.2,24.93939227384319
2025-11-27 16:41:42,18.0,11.0,10.086500379268138,24.960765689743678
2025-11-27 16:41:43,18.0,11.0,10.049451700551188,24.9
2025-11-27 16:41:44,18.0,11.0,10.1,24.9
2025-11-27 16:41:45,18.0,11.0,10.154036153367867,24.9
2025-11-27 16:41:46,18.0,10.853447648174154,10.14596353868632,24.82291120107024
2025-11-27 16:41:47,18.053681479171615,10.894973978587236,10.370059787772353,24.815080106103824
2025-11-27 16:41:48,18.046319293108958,11.051376511091721,10.38395258666748,25.0
2025-11-27 16:41:49,18.0,11.0,10.145966224240732,24.9619022766014
2025-11-27 16:41:50,18.0,11.0,10.1,24.9
2025-11-27 16:41:51,18.0,11.0,10.1,24.9
2025-11-27 16:41:52,18.0,10.951768897192736,10.03515532268902,24.9
2025-11-27 16:41:53,18.0,10.94813125925439,10.044821153064303,24.9
2025-11-27 16:41:54,18.0,11.0,10.1,24.9
2025-11-27 16:41:55,18.0,11.0,10.04600003433365,24.9
2025-11-27 16:41:56,18.053680908389328,11.0,9.994599711030896,24.9
2025-11-27 16:41:57,18.1,10.761276415966327,9.892700116030046,24.716698449429693
2025-11-27 16:41:58,18.1,10.595310435443748,10.0747247339672,24.4730206330575
2025-11-27 16:41:59,18.1,11.032566053957096,10.569670171873403,24.854274488367995
2025-11-27 16:42:00,18.1,11.4,10.692235337852248,25.3
2025-11-27 16:42:01,18.1,11.352725653540443,10.707686477302955,25.26399767787021
2025-11-27 16:42:02,18.1,10.969545700695695,10.8,24.9845956843707
2025-11-27 16:42:03,18.1,10.92977340093288,10.746194808235003,24.814695856338478
2025-11-27 16:42:04,18.1,11.346967491820978,10.807468536797362,25.23559200798154
2025-11-27 16:42:05,18.1,11.024817502241744,10.792745325861762,25.05158841200735
2025-11-27 16:42:06,18.1,10.646835817482886,10.7,24.6
2025-11-27 16:42:07,18.1,11.120193377757632,10.486243115970947,24.6
2025-11-27 16:42:08,18.1,11.413776796575375,10.353345767711309,24.63508195605384
2025-11-27 16:42:09,18.1,11.153516861967162,10.346757906074876,24.804701605930145
2025-11-27 16:42:10,18.1,11.239112037451054,10.56555322368379,24.861009566698833
2025-11-27 16:42:11,18.1,11.353744088337988,10.905934918985078,24.6
2025-11-27 16:42:12,18.1,11.253834709290983,10.682691834738726,24.6
2025-11-27 16:42:13,18.1,11.153926451272968,10.347183740575646,24.56565867670459
2025-11-27 16:42:14,18.1,11.145971844791752,10.458111677684368,24.5
2025-11-27 16:42:15,18.1,11.2,10.44229424926989,24.5
2025-11-27 16:42:16,18.1,11.154234305519397,10.247544747547916,24.533885473192683
2025-11-27 16:42:17,18.1,11.1,10.2,24.56626841950648
2025-11-27 16:42:18,18.1,10.872065180300742,9.723967407213875,24.5
2025-11-27 16:42:19,18.1,10.827453571587565,9.869333406926058,24.5
2025-11-27 16:42:20,18.1,11.1,10.4,24.5
2025-11-27 16:42:21,18.1,11.1,10.348056960971531,24.53311986951268
2025-11-27 16:42:22,18.1,11.1,10.35184073085286,24.56703545795394
2025-11-27 16:42:23,18.1,11.1,10.348258029292017,24.532810562133374
2025-11-27 16:42:24,18.1,11.144956846386663,10.248347962793135,24.6
2025-11-27 16:42:25,18.1,11.155148299700187,10.303084902564855,24.567499240016847
2025-11-27 16:42:26,18.1,11.01047630981268,10.348567492253352,24.5
2025-11-27 16:42:27,18.1,11.033977082206743,10.248659124577392,24.5
2025-11-27 16:42:28,18.1,11.155454569922759,10.148751890029125,24.5
2025-11-27 16:42:29,18.1,11.011086541322628,10.048845130946297,24.627520714534228
2025-11-27 16:42:30,18.1,10.988719689268342,10.153132454270159,24.93168979348261
2025-11-27 16:42:31,18.1,11.1,10.3,25.031519097348333
2025-11-27 16:42:32,18.1,11.144141510006895,10.3,25.068587294234213
2025-11-27 16:42:33,18.1,11.111919929417303,10.24927232035245,25.0
2025-11-27 16:42:34,18.1,11.08786962493618,10.351848679647201,25.062399613659185
2025-11-27 16:42:35,18.1,11.156179252113505,10.398985999702248,25.2
2025-11-27 16:42:36,18.1,11.143713014792178,10.400803152887667,25.2
2025-11-27 16:42:37,18.1,11.156392029586671,10.399402107381505,25.2
2025-11-27 16:42:38,18.1,11.14350448035033,10.350197178724892,25.2
2025-11-27 16:42:39,18.1,11.243392730964525,10.450082567317251,25.2
2025-11-27 16:42:40,18.1,11.256713957196771,10.450020579895728,25.2
2025-11-27 16:42:41,18.1,11.2,10.4,25.169597795610557
2025-11-27 16:42:42,18.1,11.2,10.4,25.130281606296947
2025-11-27 16:42:43,18.1,11.157021336291798,10.350321052598982,25.2
2025-11-27 16:42:44,18.1,11.185739875244746,10.399145959793316,25.2
2025-11-27 16:42:45,18.1,11.257237835470056,10.5,25.2
2025-11-27 16:42:46,18.1,11.2,10.5,25.2
2025-11-27 16:42:47,18.1,11.285093043766476,10.647521612227141,25.22974675030469
2025-11-27 16:42:48,18.1,11.4,10.701945167049768,25.240771189591033
2025-11-27 16:42:49,18.1,11.442319737644324,10.551103875981548,25.129497352827926
2025-11-27 16:42:50,18.1,11.5,10.5,25.17062196068719
2025-11-27 16:42:51,18.1,11.373643257211791,10.54868852544907,25.129260622131927
2025-11-27 16:42:52,18.1,11.2,10.551416747927433,25.2
2025-11-27 16:42:53,18.1,11.241917235975475,10.548476002686213,25.2
2025-11-27 16:42:54,18.1,11.3,10.648362457530684,25.286619428630193
2025-11-27 16:42:55,18.1,11.216572714176777,10.458606162447898,25.38507880666272
2025-11-27 16:42:56,18.1,11.05837701154572,10.15179376213643,25.1
2025-11-27 16:42:57,18.1,11.041516810194027,10.1,25.07149716482772
2025-11-27 16:42:58,18.1,11.14140484051339,10.531574510067076,25.0
2025-11-27 16:42:59,18.1,11.158704240327628,10.617275000589943,25.028285567245266
2025-11-27 16:43:00,18.1,11.223551752882779,10.581908767093557,25.128169878377655
2025-11-27 16:43:01,18.1,11.35893405735415,10.809556795085932,25.22804497421269
2025-11-27 16:43:02,18.1,11.3,10.504930696507897,25.272084435783583
2025-11-27 16:43:03,18.1,11.3,10.494860642216713,25.2
2025-11-27 16:43:04,18.1,11.3,10.741911982845526,25.2
2025-11-27 16:43:05,18.1,11.3,10.852813375104533,25.2
2025-11-27 16:43:06,18.1,11.381062083784155,10.89415295945319,25.17258191195123
2025-11-27 16:43:07,18.046597305251815,11.5,11.0,25.181886674854724
2025-11-27 16:43:08,18.0,11.5,10.95314193733251,25.427146394436306
2025-11-27 16:43:09,18.053390356382135,11.459795867230813,10.9,25.473007711103023
2025-11-27 16:43:10,18.1,11.4,10.9,25.4
2025-11-27 16:43:11,18.1,11.239913536016653,10.57322006283519,25.319873138625844
2025-11-27 16:43:12,18.1,11.0,10.2,25.1
2025-11-27 16:43:13,18.1,11.119491176719913,10.293002364302625,25.1264854163452
2025-11-27 16:43:14,18.1,11.260283312583024,10.446380134516003,25.2
2025-11-27 16:43:15,18.1,11.398001406022088,10.5,25.226237919276038
2025-11-27 16:43:16,18.1,11.7,10.45383345814659,25.273891087913604
2025-11-27 16:43:17,18.046698999475744,11.542489863272715,10.49212224231568,25.2
2025-11-27 16:43:18,18.05329283532319,11.3,10.6,25.2
2025-11-27 16:43:19,18.1,11.260808781147732,10.6,25.174258810238562
2025-11-27 16:43:20,18.1,11.2,10.554258427113492,25.074374083667635
2025-11-27 16:43:21,18.046719891236474,11.2,10.54564268351992,25.025518025817103
2025-11-27 16:43:22,18.053276883782647,11.238877845909231,10.6,25.1
2025-11-27 16:43:23,18.046722527935007,11.183657463896514,10.554562093826098,25.1
2025-11-27 16:43:24,18.053279252290285,11.116037364538547,10.590661701061183,25.12518081530181
2025-11-27 16:43:25,18.1,11.222868194063595,10.609543204482332,25.17493989245417
2025-11-27 16:43:26,18.1,11.061524705716467,10.364537388888756,25.124944620324758
2025-11-27 16:43:27,18.0467225036911,11.076731733394292,10.380191206810272,25.2
2025-11-27 16:43:28,18.053276821234995,11.123484356515272,10.420245621400507,25.17529419105438
2025-11-27 16:43:29,18.046722719652333,11.076316795810751,10.334525252510822,25.124590264253396
2025-11-27 16:43:30,18.0,11.123906079710515,10.321052052212089,25.15106790835429
2025-11-27 16:43:31,18.0,11.0,10.1,25.02435583502937
2025-11-27 16:43:32,18.0,10.886426765300477,9.761161041618397,25.12423956982314
2025-11-27 16:43:33,18.05327417519258,10.813273553299286,9.678140544173392,25.15176998326913
2025-11-27 16:43:34,18.046724642173725,11.11286472795859,10.321619033267798,25.048004644139038
2025-11-27 16:43:35,18.053274885460716,11.224994068383676,10.378938953488372,25.15224374538425
2025-11-27 16:43:36,18.046724212549375,11.17480826161003,10.188248507146907,25.047528319552562
2025-11-27 16:43:37,18.0,11.262709839445433,10.431990496783092,25.22363730003924
2025-11-27 16:43:38,18.053274946673444,11.2,10.512235030192938,25.276493451202015
2025-11-27 16:43:39,18.1,11.274153521796517,10.531327204148987,25.2
2025-11-27 16:43:40,18.046722750149208,11.363039293584354,10.65633651581726,25.22324677498504
2025-11-27 16:43:41,18.0,11.226262575005723,10.425674384871076,25.32311078257019
2025-11-27 16:43:42,18.0,11.173544104271135,10.373924458488545,25.377032621464444
2025-11-27 16:43:43,18.0,11.190013358406254,10.426507519218905,25.27716796390852
2025-11-27 16:43:44,18.0,11.146252228959693,10.373104713982583,25.2
2025-11-27 16:43:45,18.0,11.4,10.6,25.2
2025-11-27 16:43:46,18.0,11.4,10.384681202120268,25.2
2025-11-27 16:43:47,18.0,11.4,10.22892536836544,25.222327445937495
2025-11-27 16:43:48,18.0,11.074663600962621,9.803481428352669,25.233410313024017
2025-11-27 16:43:49,18.0,10.608271359798866,9.11721301580007,25.044163876210167
2025-11-27 16:43:50,18.0,10.90785993240724,9.661651108022463,25.2
2025-11-27 16:43:51,18.0,11.135826297346307,10.24256683980047,25.2
2025-11-27 16:43:52,18.0,11.021344557959456,9.904777321333166,25.069707272382864
2025-11-27 16:43:53,18.0,10.806946059251178,9.722045694304072,24.708103529944683
2025-11-27 16:43:54,18.053281013040895,11.035523898229885,10.2,25.078563080048752
2025-11-27 16:43:55,18.04671847361129,11.1,9.689182156257935,25.04269949886873
2025-11-27 16:43:56,18.0,11.064689578027352,8.99844194801719,25.2
2025-11-27 16:43:57,18.0,10.823828420918934,9.001571250616292,25.052193298628197
2025-11-27 16:43:58,18.0,10.5,8.99,24.52104427381629
2025-11-27 16:43:59,18.0,10.535058351913888,8.994194141741616,24.683502555401937
2025-11-27 16:44:00,18.0,10.565048344829377,8.995816042341069,25.041370432301115
2025-11-27 16:44:01,18.0,10.5,8.99,25.179435361437218
2025-11-27 16:44:02,18.0,10.673657558352124,8.981672237711903,25.1
2025-11-27 16:44:03,18.0,11.0,8.974150115507515,25.120336624426095
2025-11-27 16:44:04,18.0,10.82745170597852,8.984138810444817,25.52288026817077
2025-11-27 16:44:05,18.0,10.5,9.014804980986447,26.460846449217268
2025-11-27 16:44:06,18.0,10.5,9.000510020102377,25.080078923413947
2025-11-27 16:44:07,18.0,10.5,8.9711051227047,25.039623853265624
2025-11-27 16:44:08,18.0,10.5,9.038188259615545,25.062066271823287
2025-11-27 16:44:09,18.053278379165164,10.465995591214346,9.111246968830661,24.715756211507248
2025-11-27 16:44:10,18.046719900662513,10.433904827868076,9.204071891357227,25.386545457581192
2025-11-27 16:44:11,18.0,10.5,9.230306996579268,24.5
2025-11-27 16:44:12,18.0,10.668346146658715,9.434111512815825,24.557757883795112
2025-11-27 16:44:13,18.0,10.832246186606374,9.471921404019163,24.74278144210227
2025-11-27 16:44:14,18.0,10.5,9.158062896805596,24.518921872522917
2025-11-27 16:44:15,18.0,10.533373294933998,9.19010468321265,24.618760329752355
2025-11-27 16:44:16,18.0,10.566731434971693,9.240050968207804,24.66281310257814
2025-11-27 16:44:17,18.053279521390476,10.56633602420859,9.313990040182679,24.536874458837367
2025-11-27 16:44:18,18.1,10.633933380355082,9.304211043873101,24.663463819296215
2025-11-27 16:44:19,18.1,10.5,9.106406220481764,24.481879500299502
2025-11-27 16:44:20,18.046749178029383,10.5,8.987951579502491,24.45391835764211
2025-11-27 16:44:21,18.053241683031942,10.5,9.04368207233916,24.664391640814912
2025-11-27 16:44:22,18.046739401115563,10.5,9.082276801972988,24.5
2025-11-27 16:44:23,18.053279785777992,10.5,9.01234358393663,24.48248027430771
2025-11-27 16:44:24,18.046719179442576,10.467608599705175,8.95423491604663,24.41741742463812
2025-11-27 16:44:25,18.053278951933084,10.464571296444245,8.973238444511388,24.5
2025-11-27 16:44:26,18.1,10.567825372747507,9.110541576801547,24.5
2025-11-27 16:44:27,18.1,10.467917861127228,9.11837504591982,24.5
2025-11-27 16:44:28,18.1,10.4,8.952199940360106,24.5
2025-11-27 16:44:29,18.1,10.43187769171283,9.029445573246246,24.516703496431592
2025-11-27 16:44:30,18.1,10.5,9.07692448854398,24.583460009513214
2025-11-27 16:44:31,18.046720927648686,10.468330888703523,8.93,24.5
2025-11-27 16:44:32,18.053278869091756,10.431569147802387,8.99552898353323,24.5
2025-11-27 16:44:33,18.1,10.468536558874964,9.042347627119128,24.5
2025-11-27 16:44:34,18.1,10.431361599062626,9.022901542028942,24.5
2025-11-27 16:44:35,18.1,10.5,9.14,24.579002045857862
2025-11-27 16:44:36,18.046719423379777,10.531152158630425,9.113252332766775,24.92195177460025
2025-11-27 16:44:37,18.05328013537657,10.568956220182253,9.073810886436931,24.5
2025-11-27 16:44:38,18.1,10.5,9.07619971204996,24.5
2025-11-27 16:44:39,18.1,10.5,9.058629779585933,24.5
2025-11-27 16:44:40,18.1,10.5,9.085352694872158,24.57504091559561
2025-11-27 16:44:41,18.1,10.5,9.148695626596487,24.92590358706549
2025-11-27 16:44:42,18.1,10.530500847335727,9.407855763727339,24.5
2025-11-27 16:44:43,18.1,10.6,9.993369616745545,24.5
2025-11-27 16:44:44,18.1,10.6,10.311755768594757,24.514368992726347
2025-11-27 16:44:45,18.1,10.539615560152335,10.027870781296166,24.5715783762344
2025-11-27 16:44:46,18.046750994773593,10.460188476867623,9.185416288320907,24.414065942803166
2025-11-27 16:44:47,18.053277255190753,10.659951938096725,9.956647441862232,24.55565125557269
2025-11-27 16:44:48,18.1,10.770139298299021,10.830173745385492,24.858701757969133
2025-11-27 16:44:49,18.1,10.7,9.677279043511952,24.613606944759155
2025-11-27 16:44:50,18.1,10.907458984084911,10.009705993957256,24.84765026956052
2025-11-27 16:44:51,18.1,11.31150910641169,10.808611220025528,25.734209385906805
2025-11-27 16:44:52,18.1,10.952863723860919,10.590712010646177,25.20874662319449
2025-11-27 16:44:53,18.1,10.6,10.774042050532634,24.587039783046148
2025-11-27 16:44:54,18.1,10.86312552823336,10.561374363323027,24.512806413489656
2025-11-27 16:44:55,18.1,11.470932633613378,11.164029313137679,24.6
2025-11-27 16:44:56,18.1,11.4,11.1,24.6
2025-11-27 16:44:57,18.1,11.4,11.1357566331704,24.612323696982887
2025-11-27 16:44:58,18.1,11.371235135016038,10.985998481375399,24.687803693703792
2025-11-27 16:44:59,18.1,11.328667792540417,10.777934473690662,24.6
2025-11-27 16:45:00,18.1,11.4,11.029090861016881,24.6
2025-11-27 16:45:01,18.1,11.371535992484814,10.9,24.6
2025-11-27 16:45:02,18.1,11.328363286825457,10.970506899932994,24.6
2025-11-27 16:45:03,18.1,11.202071158430691,11.064861420698072,24.6
2025-11-27 16:45:04,18.1,10.671778892968959,10.441976347096272,24.58858825831535
2025-11-27 16:45:05,18.1,10.6,9.381923183284682,24.5
2025-11-27 16:45:06,18.046931640840125,10.6,9.350997391467745,24.5
2025-11-27 16:45:07,18.05306007534151,10.6,9.369066175088777,24.5
2025-11-27 16:45:08,18.1,10.6,9.361307054935011,24.5
2025-11-27 16:45:09,18.1,10.6,9.458138938628656,24.5
2025-11-27 16:45:10,18.1,10.6,9.509262224525697,24.5
2025-11-27 16:45:11,18.04698454989482,10.627513456738372,9.466553806001823,24.5
2025-11-27 16:45:12,18.05300521241205,10.7,9.46,24.5
2025-11-27 16:45:13,18.1,10.67269303771163,9.446298548186878,24.5
2025-11-27 16:45:14,18.1,10.627205532978348,9.42683003565852,24.5
2025-11-27 16:45:15,18.1,10.672898066158464,9.422976481709915,24.5
2025-11-27 16:45:16,18.1,10.626999754204718,9.359446211275282,24.5
2025-11-27 16:45:17,18.1,10.67310197893754,9.310154698274774,24.509671571159583
2025-11-27 16:45:18,18.1,10.6,9.326625621805825,24.6
2025-11-27 16:45:19,18.1,10.6,9.336819119728842,24.590589211574798
2025-11-27 16:45:20,18.1,10.6,9.366646895983724,24.509255577503264
2025-11-27 16:45:21,18.1,10.6,9.336598661314337,24.60909728336036
2025-11-27 16:45:22,18.1,10.6,9.306665122627289,24.7
2025-11-27 16:45:23,18.1,10.6,9.333355482059913,24.6912464042894
2025-11-27 16:45:24,18.1,10.626181435131754,9.366360452318052,24.60860383930862
2025-11-27 16:45:25,18.1,10.7,9.407191428237935,24.7
2025-11-27 16:45:26,18.1,10.7,9.339490158816343,24.7
2025-11-27 16:45:27,18.1,10.7,9.40688098160912,24.7
2025-11-27 16:45:28,18.1,10.7,9.402885840044506,24.707912442446762
2025-11-27 16:45:29,18.1,10.7,9.46303347848329,24.78452798804909
2025-11-27 16:45:30,18.1,10.674438277381588,9.46726488244956,24.60757185265018
2025-11-27 16:45:31,18.1,10.6,9.390855441944753,24.692596110131223
2025-11-27 16:45:32,18.1,10.6,9.365510401596527,24.6
2025-11-27 16:45:33,18.1,10.6,9.417478735255328,24.6
2025-11-27 16:45:34,18.1,10.6,9.357170010851412,24.6
2025-11-27 16:45:35,18.1,10.6,9.323605266122534,24.6
2025-11-27 16:45:36,18.1,10.624950039951367,9.351427026900875,24.6
2025-11-27 16:45:37,18.04942999593688,10.7,9.465402647025972,24.59355871027087
2025-11-27 16:45:38,18.050462707272782,10.7,9.551642719968907,24.5
2025-11-27 16:45:39,18.04964496796209,10.7,9.572693140789063,24.5
2025-11-27 16:45:40,18.0,10.67546340281825,9.47,24.505990069950244
2025-11-27 16:45:41,18.050143205400317,10.6,9.460596295257997,24.6
2025-11-27 16:45:42,18.04996267835554,10.6,9.396249401793488,24.6
2025-11-27 16:45:43,18.0,10.6,9.318694190370833,24.59448716743219
2025-11-27 16:45:44,18.0,10.624127512550697,9.378629672410302,24.5
2025-11-27 16:45:45,18.0,10.7,9.515894268281794,24.5
2025-11-27 16:45:46,18.049618868384677,10.7,9.662204702294499,24.50505830963125
2025-11-27 16:45:47,18.05048708026214,10.7,9.497708671610667,24.6
2025-11-27 16:45:48,18.0,10.676286237734974,9.473063007982432,24.6
2025-11-27 16:45:49,18.0,10.6,9.461682007381551,24.6
2025-11-27 16:45:50,18.0,10.623509872024156,9.416956705239553,24.6
2025-11-27 16:45:51,18.0,10.7,9.440329335862565,24.6
2025-11-27 16:45:52,18.0,10.7,9.476751787183067,24.6
2025-11-27 16:45:53,18.0,10.67679713288557,9.4,24.6
2025-11-27 16:45:54,18.0,10.6,9.409008691986438,24.6
2025-11-27 16:45:55,18.0,10.553992974866507,9.37612388940345,24.6
2025-11-27 16:45:56,18.0,10.445822716929445,9.264920662895003,24.6
2025-11-27 16:45:57,18.0,10.622792759362802,9.341623497690826,24.6
2025-11-27 16:45:58,18.0,10.7,9.434075861656668,24.6
2025-11-27 16:45:59,18.0,10.7,9.41114376243906,24.6
2025-11-27 16:46:00,18.0,10.67751498146966,9.381173360575497,24.6
2025-11-27 16:46:01,18.0,10.6,9.313074736259857,24.6
2025-11-27 16:46:02,18.0,10.6,9.226311868596659,24.6
2025-11-27 16:46:03,18.0,10.6,9.237561950336818,24.60234344621558
2025-11-27 16:46:04,18.0,10.622078034973935,9.208715176975547,24.7
2025-11-27 16:46:05,18.0,10.678027144971505,9.435545220906109,24.7
2025-11-27 16:46:06,18.0,10.621872072742809,9.397118841677415,24.7
2025-11-27 16:46:07,18.0,10.7,9.392871098760002,24.698286215771624
2025-11-27 16:46:08,18.0,10.678334285263782,9.3942781822651,24.6
2025-11-27 16:46:09,18.0,10.6,9.331525948611132,24.6
2025-11-27 16:46:10,18.0,10.6,9.25831351516374,24.60121927417186
2025-11-27 16:46:11,18.0,10.621361260335032,9.396982676434746,24.698946510015404
2025-11-27 16:46:12,18.0,10.806216619266442,9.766714147666256,24.604446981075114
2025-11-27 16:46:13,18.0,11.2,10.627977668660984,25.10067599104235
2025-11-27 16:46:14,18.0,11.157988695116908,10.588464176866498,25.1988865487226
2025-11-27 16:46:15,18.0,11.0,10.3,25.0
2025-11-27 16:46:16,18.0,10.895840105197838,9.947668769023219,25.0
2025-11-27 16:46:17,18.0,10.624555012252872,9.381746065311301,25.00025212431465
2025-11-27 16:46:18,18.0,11.05878586759987,10.244988384081905,25.09986251954607
2025-11-27 16:46:19,18.0,10.961550135039307,10.18223504359895,25.000079027613037
2025-11-27 16:46:20,18.0,11.2,10.4,25.199637024888702
2025-11-27 16:46:21,18.0,11.159405686570416,10.345611866030714,25.100224494440667
2025-11-27 16:46:22,18.0,11.0,10.2,25.00032824711468
2025-11-27 16:46:23,18.0,11.0,10.040575585757086,25.0
2025-11-27 16:46:24,18.0,10.979987238256838,9.768988019560425,25.0
2025-11-27 16:46:25,18.0,10.820308756137031,9.888710885208592,25.198688673083364
2025-11-27 16:46:26,18.0,10.59924652031872,9.3774870526285,25.100764255241724
2025-11-27 16:46:27,18.0,10.901462584798963,9.95927862380214,25.1
2025-11-27 16:46:28,18.0,10.5,9.022658885538581,24.505564105509343
2025-11-27 16:46:29,18.0,10.5,9.03,24.5
2025-11-27 16:46:30,18.0,10.519433076116986,9.02736146457637,24.401217031006198
2025-11-27 16:46:31,18.0,10.6,9.014742959573924,24.498636505504045
2025-11-27 16:46:32,18.0,10.6,9.015709797075631,24.99218178015474
2025-11-27 16:46:33,18.0,10.6,9.052176827486269,24.508060205427107
2025-11-27 16:46:34,18.0,10.581008806809182,9.035195471822501,24.5
2025-11-27 16:46:35,18.0,10.5,9.039650048101922,24.5
2025-11-27 16:46:36,18.0,10.5,9.012577650920617,24.5
2025-11-27 16:46:37,18.0,10.612012800831806,9.027702083978374,24.988790933758096
2025-11-27 16:46:38,18.0,10.988820031483874,9.05,25.0
2025-11-27 16:46:39,18.0,10.5,9.05,25.09737249903743
2025-11-27 16:46:40,18.0,10.591838362197226,9.341375487518992,25.197249345144545
2025-11-27 16:46:41,18.0,10.908831500790107,9.900369613479684,25.2
2025-11-27 16:46:42,18.0,10.481822886906881,9.022582631145237,25.29699847231839
2025-11-27 16:46:43,18.0,10.418075485808602,9.06,25.3
2025-11-27 16:46:44,18.043635381529864,10.482027656245497,9.045024048727702,25.203261888009067
2025-11-27 16:46:45,18.1,10.417872385931785,8.995027435000711,24.7166754898032
2025-11-27 16:46:46,18.1,10.482230299600554,8.994842558185018,24.50697322048141
2025-11-27 16:46:47,18.1,10.417667679909801,9.044911622930856,24.692686705992564
2025-11-27 16:46:48,18.1,10.5,9.055108913070093,24.603817364271706
2025-11-27 16:46:49,18.1,10.5,9.04,24.696013106928525
2025-11-27 16:46:50,18.1,10.482640020922037,9.032723754111043,24.7
2025-11-27 16:46:51,18.1,10.4,9.007584496441604,24.508623282367243
2025-11-27 16:46:52,18.1,10.417159518663404,9.009621371043801,24.595521521953245
2025-11-27 16:46:53,18.1,10.5,9.025629817534808,24.504636095166138
2025-11-27 16:46:54,18.1,10.5,8.991925869489833,24.690384627742713
2025-11-27 16:46:55,18.1,10.5,9.032374606506021,24.7
2025-11-27 16:46:56,18.1,10.5,9.044728682964449,24.605144675476886
2025-11-27 16:46:57,18.1,10.5,9.055291868394546,24.69468112324738
2025-11-27 16:46:58,18.057957153914856,10.483453955720398,9.028279342433933,24.7
2025-11-27 16:46:59,18.0,10.4,8.99,24.7
2025-11-27 16:47:00,18.0,10.4,8.982997408758107,24.511642636616607
2025-11-27 16:47:01,18.0,10.416241273331453,8.966972965943778,24.594014471048382
2025-11-27 16:47:02,18.0,10.483861244669857,8.98537201838304,24.6
2025-11-27 16:47:03,18.0,10.4,8.965391753122436,24.6
2025-11-27 16:47:04,18.0,10.4,8.952294087300983,24.6
2025-11-27 16:47:05,18.0,10.4,8.950864332796781,24.50662627529311
2025-11-27 16:47:06,18.0,10.4,8.944995332965872,24.5
2025-11-27 16:47:07,18.0,10.4,9.011949114208981,24.593057136851797
2025-11-27 16:47:08,18.0,10.4,8.934271107328621,24.50710020647927
2025-11-27 16:47:09,18.04090246210948,10.415428296136335,8.935918752168327,24.59273680903177
2025-11-27 16:47:10,18.1,10.576538146646286,9.367761881661938,25.062901489601167
2025-11-27 16:47:11,18.1,11.0,10.2,25.192456374720198
2025-11-27 16:47:12,18.1,11.0,10.2,25.384632984329716
2025-11-27 16:47:13,18.1,11.0,10.2,25.215625139147473
2025-11-27 16:47:14,18.1,10.925634736779141,9.96096888390426,25.01583393333449
2025-11-27 16:47:15,18.1,10.58885221193903,9.446783594582255,25.275864198794892
2025-11-27 16:47:16,18.1,11.026699973740058,10.657104640664715,25.116307375365434
2025-11-27 16:47:17,18.1,10.58539872639077,10.521346959626252,24.641112547569104
2025-11-27 16:47:18,18.1,10.514504639660313,10.557587484122166,24.69161553379387
2025-11-27 16:47:19,18.1,10.585599330815157,10.463340753738574,24.608550328068716
2025-11-27 16:47:20,18.1,10.5,10.658026736532216,24.6
2025-11-27 16:47:21,18.1,10.5,10.2531065711949,25.14639896224532
2025-11-27 16:47:22,18.1,10.528196807038784,9.3220908207972,24.744929919221622
2025-11-27 16:47:23,18.1,10.672033391173759,9.315442748240645,24.7
2025-11-27 16:47:24,18.1,10.527790613971149,9.268265344265933,24.51860405214671
2025-11-27 16:47:25,18.1,10.686224082915613,9.302052665726208,24.681056184679875
2025-11-27 16:47:26,18.1,10.6,9.297765934371279,24.51924875923196
2025-11-27 16:47:27,18.1,10.6,9.260128708816394,24.590239108566124
2025-11-27 16:47:28,18.1,10.6,9.3,24.690066663176033
2025-11-27 16:47:29,18.1,10.706910547339337,9.306024494763657,24.610098239112936
2025-11-27 16:47:30,18.1,11.373614019440105,9.58293319104953,24.77942823256676
2025-11-27 16:47:31,18.1,11.2,10.619664889460742,24.620902897784887
2025-11-27 16:47:32,18.1,11.18698850181569,10.660982134285968,24.6
2025-11-27 16:47:33,18.1,11.1,10.519414444192545,24.6
2025-11-27 16:47:34,18.1,11.112809739513828,10.619298341292781,24.68904958461307
2025-11-27 16:47:35,18.1,11.187293316409857,10.661620066541662,24.61111785235781
2025-11-27 16:47:36,18.1,11.1,10.5,24.6
2025-11-27 16:47:37,18.1,11.112504275124634,10.53797833432987,24.6
2025-11-27 16:47:38,18.1,11.224795080552077,11.132950177733,24.6
2025-11-27 16:47:39,18.1,11.375435355012565,12.610069497981032,24.688296853747264
2025-11-27 16:47:40,18.1,11.2,10.881362334815927,24.7
2025-11-27 16:47:41,18.1,11.18790385162298,10.8,24.7
2025-11-27 16:47:42,18.1,11.1,10.781567640222061,24.7
2025-11-27 16:47:43,18.1,11.1,10.681664076446623,24.7
2025-11-27 16:47:44,18.1,11.1,10.6,24.7
2025-11-27 16:47:45,18.1,11.1,10.63624518500531,24.7
2025-11-27 16:47:46,18.06317357974783,11.1,10.8,24.87420886618112
2025-11-27 16:47:47,18.036716684844993,11.1,10.8,24.72614971744958
2025-11-27 16:47:48,18.1,11.111386132011303,10.764447330538767,24.526464272893563
2025-11-27 16:47:49,18.1,11.188719786034353,10.582310500873481,25.105912206647936
2025-11-27 16:47:50,18.1,11.1,10.482402172558938,25.2
2025-11-27 16:47:51,18.1,11.111077948133653,10.434999797595435,25.113683048823532
2025-11-27 16:47:52,18.1,11.2,10.582620227495854,25.013786795134305
2025-11-27 16:47:53,18.1,11.2,10.482720135299303,24.741367294859035
2025-11-27 16:47:54,18.1,11.189229863037907,10.417183986504845,24.527842259743906
2025-11-27 16:47:55,18.1,11.1,10.482932698949904,24.585919817872412
2025-11-27 16:47:56,18.1,11.1,10.433942682346913,24.6
2025-11-27 16:47:57,18.1,11.1,10.549434723527202,24.6
2025-11-27 16:47:58,18.1,11.131096555256358,10.383817474006849,24.6
2025-11-27 16:47:59,18.064661424741683,11.379518706029325,10.750179421024994,24.6
2025-11-27 16:48:00,18.035230175663038,11.189841064309833,10.483536426472249,25.02577730037851
2025-11-27 16:48:01,18.1,11.1,10.416366366795456,25.185063463946165
2025-11-27 16:48:02,18.1,11.109957267338975,10.46749023214423,25.2
2025-11-27 16:48:03,18.1,11.190145966711786,10.3,25.1151653114466
2025-11-27 16:48:04,18.1,11.129258485492967,10.364219544426652,25.354088202894417
2025-11-27 16:48:05,18.1,11.39037333710006,10.715911995278878,25.4
2025-11-27 16:48:06,18.1,11.309533104510628,10.8,25.315571547619047
2025-11-27 16:48:07,18.1,11.390575031588927,10.815695120022712,25.38428550852128
2025-11-27 16:48:08,18.065681292158462,11.27201240516059,10.790813890134865,25.4
2025-11-27 16:48:09,18.034210206697363,11.01851976288585,10.246644168586082,25.231962718306036
2025-11-27 16:48:10,18.1,11.190864184414732,10.5,25.283887058693555
2025-11-27 16:48:11,18.1,11.1,10.5,25.1324663201281
2025-11-27 16:48:12,18.1,11.1,10.5,25.18364274611103
2025-11-27 16:48:13,18.1,11.10883714926428,10.5,25.116476593766627
2025-11-27 16:48:14,18.1,11.2,10.529973652801843,25.183400913064556
2025-11-27 16:48:15,18.1,11.2,10.625618213071029,25.2
2025-11-27 16:48:16,18.1,11.2,10.273994065137824,25.283137036606714
2025-11-27 16:48:17,18.1,11.191573301078177,10.641439135957098,25.216994276579072
2025-11-27 16:48:18,18.1,11.108332380737366,10.32912546780673,25.2
2025-11-27 16:48:19,18.1,11.2,10.5,25.282748928937856
2025-11-27 16:48:20,18.1,11.191880326713425,10.5,25.3
2025-11-27 16:48:21,18.1,11.108023546565006,10.485775182522069,25.3
2025-11-27 16:48:22,18.1,11.2,10.385912122524283,25.3
2025-11-27 16:48:23,18.1,11.207815637228157,10.327970674795464,25.21777819737208
2025-11-27 16:48:24,18.067499038398562,11.292296585472748,10.51386520780951,25.28216085377772
2025-11-27 16:48:25,18.032392921213,11.2,10.558732863128721,25.217946894731263
2025-11-27 16:48:26,18.1,11.215015216660916,10.381975306878799,25.281921943930147
2025-11-27 16:48:27,18.1,11.392617056527545,10.9,25.4635437657397
2025-11-27 16:48:28,18.06791295558141,11.292702439912116,10.792832997118738,25.336738176783676
2025-11-27 16:48:29,18.032044755969515,11.2,10.16636256397391,25.3
2025-11-27 16:48:30,18.1,11.192897500250691,10.586884509036443,25.3
2025-11-27 16:48:31,18.1,11.107004054599205,10.513020670861197,25.3
2025-11-27 16:48:32,18.06827919094758,11.2,10.6,25.381099397984773
2025-11-27 16:48:33,18.0,11.2,10.612796546916655,25.31902696223116
2025-11-27 16:48:34,18.0,11.2,10.687311669012404,25.3
2025-11-27 16:48:35,18.0,11.206587453558159,10.650340401015155,25.38069652769379
2025-11-27 16:48:36,18.0,11.293519107578604,10.950194319267831,25.319423234054977
2025-11-27 16:48:37,18.03124578486323,11.2,10.624746149284306,25.3
2025-11-27 16:48:38,18.1,11.193721057253905,10.775598554934984,25.3
2025-11-27 16:48:39,18.1,11.1,10.6,25.3
2025-11-27 16:48:40,18.1,11.1,10.575972026059652,25.21995134932291
2025-11-27 16:48:41,18.1,11.10598564245991,10.423847170996094,25.279914533068794
2025-11-27 16:48:42,18.1,11.194126185679378,10.611801489571286,25.3
2025-11-27 16:48:43,18.1,11.105779437145875,10.688304392760056,25.3
2025-11-27 16:48:44,18.1,11.194329604074847,10.6,25.3
2025-11-27 16:48:45,18.1,11.1,10.6,25.3
2025-11-27 16:48:46,18.1,11.105475914392875,10.6,25.3
2025-11-27 16:48:47,18.1,11.2,10.6,25.3
2025-11-27 16:48:48,18.1,11.19473186028958,10.588819414375342,25.3
2025-11-27 16:48:49,18.1,11.105169367420762,10.522150484527113,25.3
2025-11-27 16:48:50,18.070075186967117,11.184814081114595,10.64520612543626,25.378710350805893
2025-11-27 16:48:51,18.0,10.914956134481875,10.243392314105344,25.3214246852844
2025-11-27 16:48:52,18.0,11.19514549670633,10.589295609324802,25.3
2025-11-27 16:48:53,18.02964879157496,11.104760964572788,10.521211432055049,25.3
2025-11-27 16:48:54,18.1,11.176711824752534,10.563462739088484,25.378175570190862
2025-11-27 16:48:55,18.1,10.71840875090822,9.515513658006691,25.321959946028354
2025-11-27 16:48:56,18.1,11.1044556808645,10.386595231538275,25.222090727434814
2025-11-27 16:48:57,18.1,11.195656324764256,9.523508707827482,25.2
2025-11-27 16:48:58,18.1,11.1,10.6,25.2
2025-11-27 16:48:59,18.1,11.075087334964444,10.445222525414685,25.432494917253774
2025-11-27 16:49:00,18.1,10.536968296115509,9.253940299032509,24.880621430193536
2025-11-27 16:49:01,18.1,11.4,11.003288903891802,25.24055103362507
2025-11-27 16:49:02,18.1,11.369432882953642,10.013051058382066,25.4
2025-11-27 16:49:03,18.1,10.630346116923276,9.382896861941694,25.4
2025-11-27 16:49:04,18.1,11.371090690218233,10.923867842002556,25.4
2025-11-27 16:49:05,18.1,10.617954234430416,9.321788667792532,24.86289113301983
2025-11-27 16:49:06,18.1,11.106869264776906,10.32767412414119,25.08297942491459
2025-11-27 16:49:07,18.1,11.29667802936836,10.60909106929592,25.2
2025-11-27 16:49:08,18.1,11.196778345266313,10.691028733959095,25.276329093399575
2025-11-27 16:49:09,18.1,11.087464699462926,10.499385157069298,25.3
2025-11-27 16:49:10,18.1,10.69692727084343,9.444989174779726,25.3
2025-11-27 16:49:11,18.1,10.617842063092686,9.296117022632078,25.224068777937497
2025-11-27 16:49:12,18.1,11.185911777322339,9.35223176597449,25.275798703730732
2025-11-27 16:49:13,18.1,10.711078226919962,9.374881269070393,25.22432999146595
2025-11-27 16:49:14,18.1,11.10262082263374,10.40598168705611,25.2
2025-11-27 16:49:15,18.1,11.197485060490454,9.377490595977472,25.27541203718365
2025-11-27 16:49:16,18.1,11.092747491382996,9.46,25.224715043475694
2025-11-27 16:49:17,18.1,10.8094112258419,9.544207747392024,25.275153408122275
2025-11-27 16:49:18,18.1,11.2,10.507896476694205,25.3
2025-11-27 16:49:19,18.1,11.2,10.507189427590093,25.225113091465147
2025-11-27 16:49:20,18.1,11.18999265299372,9.395949658287815,25.349498715540413
2025-11-27 16:49:21,18.1,10.7,9.246209287739031,25.325383633098966
2025-11-27 16:49:22,18.1,10.711069722267847,9.43316190982979,25.3
2025-11-27 16:49:23,18.1,11.289848069705242,9.349249646607973,25.3
2025-11-27 16:49:24,18.1,10.696701591246867,9.33185748250439,25.44839014682638
2025-11-27 16:49:25,18.1,10.501563138575916,9.223418571879783,25.20373175096005
2025-11-27 16:49:26,18.1,10.6,9.144331028734058,25.321781650227745
2025-11-27 16:49:27,18.1,10.601353290991737,9.212085848722541,24.883167693399194
2025-11-27 16:49:28,18.1,10.698758799361224,9.35881235089324,24.9946279480693
2025-11-27 16:49:29,18.1,10.601152074391171,9.222426987718611,25.393962207375694
2025-11-27 16:49:30,18.1,10.7,9.378464116496621,25.20652469584912
2025-11-27 16:49:31,18.1,10.699065776517145,9.219330059471142,25.1
2025-11-27 16:49:32,18.1,10.600840170029704,9.22055686317841,25.2462487931993
2025-11-27 16:49:33,18.1,10.7,9.37129597353064,24.78872651297304
2025-11-27 16:49:34,18.1,10.698749958905303,9.366399738005772,25.037164049399117
2025-11-27 16:49:35,18.1,10.5,9.016213307939871,25.27270047894189
2025-11-27 16:49:36,18.1,10.5,8.965590318916941,24.791704404639063
2025-11-27 16:49:37,18.1,10.5,9.05,24.6
2025-11-27 16:49:38,18.075045898918532,10.5,9.04640043016541,25.03359755617461
2025-11-27 16:49:39,18.024853147312786,10.5,8.99295369181677,24.91142017696973
2025-11-27 16:49:40,18.1,10.500075340634199,9.05060784397771,24.8
2025-11-27 16:49:41,18.1,10.69982345908282,9.221154584577484,24.584405397545318
2025-11-27 16:49:42,18.1,10.799805728080283,9.247936007163235,25.073356532825578
2025-11-27 16:49:43,18.1,10.700288928053103,9.371670301341762,24.799086945126167
2025-11-27 16:49:44,18.1,10.500739596021342,9.231639234514713,24.528567099335227
2025-11-27 16:49:45,18.1,10.5,9.256786891774537,24.5
2025-11-27 16:49:46,18.1,10.5,9.203679807685894,24.571116648711385
2025-11-27 16:49:47,18.1,10.5,9.26897070515419,24.6
2025-11-27 16:49:48,18.1,10.5,9.256559814516963,24.6
2025-11-27 16:49:49,18.1,10.698196642886856,9.379506980696798,24.670609077594648
2025-11-27 16:49:50,18.1,10.501963197433225,9.367102881270064,24.62956082058103
2025-11-27 16:49:51,18.1,10.697788988566804,9.347330495254917,24.740525313238354
2025-11-27 16:49:52,18.1,10.798785036913301,10.118160256657445,24.940132810732216
2025-11-27 16:49:53,18.1,10.8,10.495620684368355,24.790122934971482
2025-11-27 16:49:54,18.1,10.997114313566655,10.391531748443033,24.909496087584778
2025-11-27 16:49:55,18.07692721004591,11.098447121909885,10.208203761354733,25.06970565548506
2025-11-27 16:49:56,18.0229649527647,11.1,10.4,25.1695837556006
2025-11-27 16:49:57,18.1,11.001748479037142,10.403857092406906,25.2
2025-11-27 16:49:58,18.1,11.098147255894753,10.492522539412258,25.130610972197168
2025-11-27 16:49:59,18.1,11.1,10.307304021278435,25.238560745077844
2025-11-27 16:50:00,18.1,11.1,10.489445613690874,25.369141477353484
2025-11-27 16:50:01,18.1,11.1,10.203388934377621,24.847550429049306
2025-11-27 16:50:02,18.1,11.1,10.306560671735673,24.6
2025-11-27 16:50:03,18.1,11.1,10.493687877236633,24.6
2025-11-27 16:50:04,18.1,11.1,10.309064822405235,24.6
2025-11-27 16:50:05,18.1,11.1,10.588446906163275,24.6
2025-11-27 16:50:06,18.1,11.19731649263265,10.197182661808661,24.6
2025-11-27 16:50:07,18.1,11.005523871827535,10.105436812656256,24.736473998489906
2025-11-27 16:50:08,18.1,11.097122084577611,10.30519354469236,24.73191433204235
2025-11-27 16:50:09,18.1,11.1,10.495052887201444,24.564152492059886
2025-11-27 16:50:10,18.1,11.1,10.3,24.567764464263696
2025-11-27 16:50:11,18.1,11.1,10.304560665291675,24.532391984345765
2025-11-27 16:50:12,18.1,11.1,10.5,24.567469625920104
2025-11-27 16:50:13,18.1,11.1,10.49589300176266,25.070909260447745
2025-11-27 16:50:14,18.1,11.1,10.30783884065838,24.897116731126314
2025-11-27 16:50:15,18.1,11.196402265479305,10.692728173764081,25.035100812743753
2025-11-27 16:50:16,18.1,11.103692888882007,10.303496746119192,25.066199677516927
2025-11-27 16:50:17,18.1,11.1,10.49837368068034,25.200327885558394
2025-11-27 16:50:18,18.1,11.1,10.401528988558127,25.3
2025-11-27 16:50:19,18.1,11.1,10.497179453400282,25.16683513239862
2025-11-27 16:50:20,18.1,11.1,10.298670782827122,25.1
2025-11-27 16:50:21,18.1,11.004199868423623,10.202462049417193,25.1
2025-11-27 16:50:22,18.1,11.095692186853618,10.398896404829893,25.16627138562286
2025-11-27 16:50:23,18.1,11.1,10.30202157836182,25.2
2025-11-27 16:50:24,18.1,11.195475215054326,10.498220241059938,25.133899653734485
2025-11-27 16:50:25,18.1,11.104610522765084,10.3,25.1
2025-11-27 16:50:26,18.1,11.1,10.3,25.165872196932984
2025-11-27 16:50:27,18.1,11.195176074024516,10.30118093352183,25.13420344475001
2025-11-27 16:50:28,18.1,11.10492416104601,10.500930159943529,25.1
2025-11-27 16:50:29,18.1,10.624875403149511,10.699143175302178,24.706201690412577
2025-11-27 16:50:30,18.1,10.6,10.4,24.565510507454658
2025-11-27 16:50:31,18.1,10.6,10.4,24.6
2025-11-27 16:50:32,18.1,10.6,10.4,24.6
2025-11-27 16:50:33,18.1,10.6,10.4,24.6
2025-11-27 16:50:34,18.1,10.6,10.300197014741924,24.6
2025-11-27 16:50:35,18.1,10.6,10.598996092462825,24.6
2025-11-27 16:50:36,18.081551732309364,10.411328223456042,10.400829937003117,24.664588190184595
2025-11-27 16:50:37,18.01833937425282,10.58842933958106,10.49946723908539,24.7
2025-11-27 16:50:38,18.1,10.6,10.5,24.7
2025-11-27 16:50:39,18.1,11.3514263270404,10.5,25.084195750136473
2025-11-27 16:50:40,18.1,11.11843286987123,10.400834117596338,25.3
2025-11-27 16:50:41,18.1,11.006241773820372,10.201836046922416,25.236269302358917
2025-11-27 16:50:42,18.1,10.906327057413282,10.00201238349531,25.136388747721544
2025-11-27 16:50:43,18.1,10.619218173220204,10.987921701273928,24.782363678297415
2025-11-27 16:50:44,18.1,10.6,10.7035638519601,24.663390619124456
2025-11-27 16:50:45,18.1,10.413171639879886,10.206244131086246,24.7
2025-11-27 16:50:46,18.1,10.58659410911209,10.397265266310292,25.078007115609388
2025-11-27 16:50:47,18.1,11.065723236379693,10.498511029639388,25.362823812362628
2025-11-27 16:50:48,18.1,11.1,10.303259957350047,25.33731578139118
2025-11-27 16:50:49,18.083052220733965,11.192931586479482,10.496500012263864,25.237448520671737
2025-11-27 16:50:50,18.01683919093469,11.2,10.5,25.262416344671976
2025-11-27 16:50:51,18.08327599108881,11.2,10.20580024929172,25.3
2025-11-27 16:50:52,18.016616223906322,11.2,10.493799574947726,25.3
2025-11-27 16:50:53,18.1,11.107474683334766,10.597813524869288,25.3
2025-11-27 16:50:54,18.1,11.1,10.404547658006628,25.3
2025-11-27 16:50:55,18.1,11.1,10.4,25.3
2025-11-27 16:50:56,18.1,11.1,10.4,25.238377712151323
2025-11-27 16:50:57,18.1,11.1,10.4,25.261493518305986
2025-11-27 16:50:58,18.1,10.915924587778509,10.497243794854484,25.3
2025-11-27 16:50:59,18.1,11.175724775019738,10.694301801705233,25.361215177662277
2025-11-27 16:51:00,18.1,11.108187975575275,10.7,25.2778395357603
2025-11-27 16:51:01,18.1,11.1,10.409430897599181,25.2
2025-11-27 16:51:02,18.1,11.191604096603557,10.690044353623758,25.260820301981184
2025-11-27 16:51:03,18.084653603058825,11.108493120731794,10.603419627290135,25.42134516378678
2025-11-27 16:51:04,18.015239182297886,11.1,10.6,25.378941115294175
2025-11-27 16:51:05,18.0848753659735,10.917354597181575,10.118151483299492,25.3
2025-11-27 16:51:06,18.015017783509144,10.9,10.1,25.239740958304264
2025-11-27 16:51:07,18.1,11.082211555176245,10.292266224692204,25.26012802777229
2025-11-27 16:51:08,18.085212434470524,10.917966745840967,10.10791169619925,25.3
2025-11-27 16:51:09,18.01468108904636,10.9,10.004047465578951,25.3
2025-11-27 16:51:10,18.085435899365685,11.081598007717286,10.478994460192512,25.24022524461196
2025-11-27 16:51:11,18.0,11.1,10.5,25.25967766744511
2025-11-27 16:51:12,18.0,11.1,10.404404974617695,25.240452561456795
2025-11-27 16:51:13,18.0,11.19048619211905,10.113444263832701,25.259416992951113
2025-11-27 16:51:14,18.0,11.109613471822472,10.195409791713999,25.240711177085632
2025-11-27 16:51:15,18.0,10.919388662808288,10.2,25.259159789961778
2025-11-27 16:51:16,18.0,10.9,10.104799245055082,25.3
2025-11-27 16:51:17,18.0,11.080170352542465,10.57524196477924,25.3
2025-11-27 16:51:18,18.0,10.919998494405,10.030019009870978,25.241235622844005
2025-11-27 16:51:19,18.0,11.079763033299496,10.569044700879745,25.258633553623454
2025-11-27 16:51:20,18.0,11.1,10.505264408940999,25.3
2025-11-27 16:51:21,18.0,11.1,10.594627535363808,25.241631674379455
2025-11-27 16:51:22,18.013294050490114,11.189564088354501,10.789005482447786,25.31646298565547
2025-11-27 16:51:23,18.086819630823534,11.2,10.32777590455441,25.341909080108636
2025-11-27 16:51:24,18.0,11.110632371450103,9.365141000090588,25.3
2025-11-27 16:51:25,18.0,10.653439714005136,9.460904456463139,25.3
2025-11-27 16:51:26,18.012866808285665,10.6,9.262696879261108,25.357675544010192
2025-11-27 16:51:27,18.1,11.045361425993725,10.51893795356209,25.342462126524207
2025-11-27 16:51:28,18.1,11.1,10.412190124432636,25.35740329932892
2025-11-27 16:51:29,18.08747063439244,10.922239706830288,10.212359282635338,25.34272923926411
2025-11-27 16:51:30,18.0,10.455881553957932,9.177394798079261,25.3
2025-11-27 16:51:31,18.0,10.4,8.913152357493884,25.3
2025-11-27 16:51:32,18.0,10.665818394902226,9.489512828245298,25.3
2025-11-27 16:51:33,18.0,11.142255112650655,10.808731184867264,25.356728734795347
2025-11-27 16:51:34,18.0,11.2,9.920138468353429,25.343409509038487
2025-11-27 16:51:35,18.01193440961413,10.581844298526303,9.075588652729095,24.84799898681067
2025-11-27 16:51:36,18.1,10.676391721252841,9.206373400599077,24.950747688715644
2025-11-27 16:51:37,18.1,11.052215241631881,10.316996227068577,25.356160765090028
2025-11-27 16:51:38,18.1,10.66005721311827,9.36818919924855,25.4
2025-11-27 16:51:39,18.1,11.039249447461465,10.31959131096571,25.344123102256482
2025-11-27 16:51:40,18.1,11.012247802577356,10.214673961593718,25.3
2025-11-27 16:51:41,18.1,10.912337702399315,9.468154626912634,25.24439256520093
2025-11-27 16:51:42,18.1,10.9,10.048099823063781,25.25547566025332
2025-11-27 16:51:43,18.1,11.074878169178927,10.284708615272145,25.3
2025-11-27 16:51:44,18.1,11.187331558985168,10.668835263577893,25.35520090811415
2025-11-27 16:51:45,18.1,10.938243526650163,10.147069449326478,25.344937912459578
2025-11-27 16:51:46,18.1,10.463999311781548,8.92935974230481,25.3
2025-11-27 16:51:47,18.1,10.922334982243331,10.089872177913387,25.3
2025-11-27 16:51:48,18.1,10.913049738400717,10.2,25.4639017535107
2025-11-27 16:51:49,18.1,10.9,10.10825644152491,25.32751772455127
2025-11-27 16:51:50,18.1,11.073454089289175,10.466448298571741,25.1
2025-11-27 16:51:51,18.1,10.926720124066907,10.133843943547205,25.154419754981518
2025-11-27 16:51:52,18.1,11.159564668569903,10.648295733144181,25.145598601328253
2025-11-27 16:51:53,18.1,11.027139228131292,9.868646348827346,25.1
2025-11-27 16:51:54,18.1,11.0,9.981608983912803,25.1
2025-11-27 16:51:55,18.1,11.0,10.0,25.154364314525452
2025-11-27 16:51:56,18.1,11.086124058332757,9.963584246703734,25.2
2025-11-27 16:51:57,18.1,11.1,10.268974423115234,25.2
2025-11-27 16:51:58,18.1,11.014072971120164,10.209224125651417,25.2
2025-11-27 16:51:59,18.1,10.570653519498304,9.16516150091835,25.254256193915126
2025-11-27 16:52:00,18.1,10.671515617960296,9.440697007001305,24.92016169636888
2025-11-27 16:52:01,18.1,10.528655040278633,9.072414749251571,24.871102737028018
2025-11-27 16:52:02,18.1,10.5,9.102372124214774,25.370678722379704
2025-11-27 16:52:03,18.1,10.92713230076161,9.11,25.708121963327912
2025-11-27 16:52:04,18.1,10.573203040815383,9.1461002450636,25.8
2025-11-27 16:52:05,18.1,10.5,9.122955882689185,25.638269758664073
2025-11-27 16:52:06,18.1,10.670284273290978,9.372051148712615,25.55384828351264
2025-11-27 16:52:07,18.1,10.7,9.10330738995658,25.384779621367656
2025-11-27 16:52:08,18.1,10.7,9.375230622124857,25.2
2025-11-27 16:52:09,18.1,10.7,9.383098714766843,25.522355293557716
2025-11-27 16:52:10,18.1,10.784731227253555,9.299381220894128,25.370560327574726
2025-11-27 16:52:11,18.1,10.8,9.388413346641299,24.946325451276575
2025-11-27 16:52:12,18.1,10.8,9.391063553146576,25.06098139840871
2025-11-27 16:52:13,18.1,10.8,9.381073608504705,25.039050061405803
2025-11-27 16:52:14,18.1,10.8,9.335416555512152,24.9
2025-11-27 16:52:15,18.1,10.715776337304229,9.41905729783385,24.9
2025-11-27 16:52:16,18.1,10.7,9.358830589243,25.326941315317686
2025-11-27 16:52:17,18.1,10.7,9.385543070295798,25.273693838388848
2025-11-27 16:52:18,18.1,10.7,9.38112436334951,24.8467562768752
2025-11-27 16:52:19,18.1,10.53232517672441,9.140565634791757,25.277943897564946
2025-11-27 16:52:20,18.1,10.667440757357156,9.38451422476038,25.275833790311427
2025-11-27 16:52:21,18.1,10.783610388682481,9.234219974786026,25.217634120284057
2025-11-27 16:52:22,18.1,10.549412782116995,9.086267261686828,25.552830426040526
2025-11-27 16:52:23,18.1,10.833598019898158,9.378872366914496,25.2303866972558
2025-11-27 16:52:24,18.1,10.73339235421869,9.42,25.374389954248354
2025-11-27 16:52:25,18.1,10.7,9.446411439358268,25.326353341904028
2025-11-27 16:52:26,18.1,10.7,9.388440514630291,25.16277838092653
2025-11-27 16:52:27,18.1,10.7,9.43270161533286,25.609786678724046
2025-11-27 16:52:28,18.1,10.7,9.413678949147286,25.8
2025-11-27 16:52:29,18.09416610797197,10.7,9.480103077070002,25.48611383301342
2025-11-27 16:52:30,18.0,10.534578075444893,10.285739731646983,24.833709047920962
2025-11-27 16:52:31,18.005621227795434,10.582609905146063,10.4,24.81372567976867
2025-11-27 16:52:32,18.1,10.6,10.574428654430465,25.4131397952236
2025-11-27 16:52:33,18.1,10.517592641772286,10.512877303746787,25.752107586721433
2025-11-27 16:52:34,18.1,10.5,10.41296934091531,25.227089924754647
2025-11-27 16:52:35,18.1,10.5,9.407888747545533,24.804099188680155
2025-11-27 16:52:36,18.1,10.58209903753529,10.249947308634281,24.9
2025-11-27 16:52:37,18.1,10.845914862541381,10.486712339924496,24.951798979489382
2025-11-27 16:52:38,18.1,11.145517534162227,10.5,25.361261935815538
2025-11-27 16:52:39,18.1,11.28172609420589,10.58650385852067,25.23665185600232
2025-11-27 16:52:40,18.1,11.218373791061627,10.513594698135373,24.74864218294197
2025-11-27 16:52:41,18.1,11.2,10.41368392417435,24.751185105394534
2025-11-27 16:52:42,18.1,11.281418172395446,10.486204442852587,24.8
2025-11-27 16:52:43,18.1,11.137335380794994,10.241630551803972,24.749081608513137
2025-11-27 16:52:44,18.1,11.018756491025472,10.027915899587969,25.206937189144924
2025-11-27 16:52:45,18.1,10.91885423717833,10.08593770466972,25.7
2025-11-27 16:52:46,18.1,10.9,10.014163674537306,25.64968913746149
2025-11-27 16:52:47,18.1,10.980939349552832,10.085729616519272,25.097692951970057
2025-11-27 16:52:48,18.1,10.919159770027882,10.005804615319022,25.00086716097538
2025-11-27 16:52:49,18.1,11.061440070559572,10.169580668167676,25.00034245212592
2025-11-27 16:52:50,18.1,11.019375226298237,10.456131932283935,24.6
2025-11-27 16:52:51,18.1,11.161022985648138,10.15879249607756,24.649676660018184
2025-11-27 16:52:52,18.1,11.039155814826602,10.355541713662829,24.65048945479318
2025-11-27 16:52:53,18.1,11.160621210367667,10.655140927248125,25.092974743126156
2025-11-27 16:52:54,18.1,11.03955539440903,10.360101365704024,25.15784072690694
2025-11-27 16:52:55,18.1,11.160212022464284,10.384864092022694,24.601873397188083
2025-11-27 16:52:56,18.1,11.119990181134487,11.162118034387792,24.98906754904395
2025-11-27 16:52:57,18.1,10.940161291359912,10.199302943614505,25.012501114000763
2025-11-27 16:52:58,18.1,10.9,10.0,24.74328282870371
2025-11-27 16:52:59,18.1,11.059419569213535,9.949306052564319,24.805757389749477
2025-11-27 16:53:00,18.1,11.020390202306391,10.159346192025108,24.551541741574745
2025-11-27 16:53:01,18.1,11.0,10.031458704747784,24.5
2025-11-27 16:53:02,18.1,10.920586488164055,10.0,24.548159138843
2025-11-27 16:53:03,18.1,10.979310448308631,10.0,24.55199323324613
2025-11-27 16:53:04,18.1,10.920791876876526,10.0,24.5
2025-11-27 16:53:05,18.1,10.979099901450802,10.167682709022932,24.73866590720209
2025-11-27 16:53:06,18.1,10.920995609022443,9.98227716539409,24.809604055451253
2025-11-27 16:53:07,18.1,10.97890061817721,10.073784912752496,24.552493651672354
2025-11-27 16:53:08,18.1,11.0,10.18348613629783,24.54736235207076
2025-11-27 16:53:09,18.1,10.921303593511519,10.2,24.6
2025-11-27 16:53:10,18.09874631735636,10.9785919346549,10.2,24.6
2025-11-27 16:53:11,18.0,10.921506459207288,10.116845459213957,24.6
2025-11-27 16:53:12,18.00104171950518,10.9,10.1,24.55319861208116
2025-11-27 16:53:13,18.1,10.978290586809644,10.182946243734158,24.54667810716318
2025-11-27 16:53:14,18.09918764169352,11.0,10.2,24.553440824559093
2025-11-27 16:53:15,18.0,11.0,10.117276229284679,24.54640371069527
2025-11-27 16:53:16,18.00060031282566,10.922012628203083,10.1,24.6
2025-11-27 16:53:17,18.099514901743074,10.9,10.1,24.6
2025-11-27 16:53:18,18.000379483188432,10.9,10.1,24.6
2025-11-27 16:53:19,18.099735465739396,10.9,10.1,24.6
2025-11-27 16:53:20,18.0,10.9,10.1,24.6
2025-11-27 16:53:21,18.000054058945683,10.9,9.993344476475555,24.6
2025-11-27 16:53:22,18.099939368248588,11.05472437973147,10.240591475618015,24.6
2025-11-27 16:53:23,18.000166121541902,11.1,10.218112634812053,24.6
2025-11-27 16:53:24,18.0,11.1,10.118209129433287,24.6
2025-11-27 16:53:25,18.0,11.1,10.263358392874451,24.6
2025-11-27 16:53:26,18.0,11.1,10.3,24.6449463119053
2025-11-27 16:53:27,18.0,11.1,10.218525083554685,24.7
2025-11-27 16:53:28,18.0,11.1,10.281369061809553,24.7
2025-11-27 16:53:29,18.0,11.1,10.381256953943934,24.7
2025-11-27 16:53:30,18.0,11.176540341194764,10.4,24.7
2025-11-27 16:53:31,18.0,11.123558058634451,10.318943423675421,24.920311377917816
2025-11-27 16:53:32,18.0,11.1,10.3,25.24387572538685
2025-11-27 16:53:33,18.098770028884605,11.1,10.21913639325956,25.387462360851192
2025-11-27 16:53:34,18.00133704995432,11.1,10.280753527778083,25.369243037906564
2025-11-27 16:53:35,18.0,11.1,10.38064554542694,25.243455594364804
2025-11-27 16:53:36,18.0,11.1,10.319452976876686,25.256676611987245
2025-11-27 16:53:37,18.0,11.1,10.3,25.2
2025-11-27 16:53:38,18.0,11.1,10.3,25.2
2025-11-27 16:53:39,18.0,11.024367362845046,10.219745113532603,25.2
2025-11-27 16:53:40,18.0,11.075532180428564,10.2,25.2
2025-11-27 16:53:41,18.0,11.02456932565954,10.119941606646114,25.2
2025-11-27 16:53:42,18.0978646518131,11.075324859359196,10.179952229731692,25.2
2025-11-27 16:53:43,18.002241707855386,11.024773987783252,10.120147346818808,25.15755327754762
2025-11-27 16:53:44,18.0,11.075124003553507,10.179744978130163,25.1
2025-11-27 16:53:45,18.0,11.1,10.27963437067154,25.1
2025-11-27 16:53:46,18.0,11.1,10.379528221988076,25.142087800329413
2025-11-27 16:53:47,18.097357490373145,11.1,10.479416257985974,25.325848464087777
2025-11-27 16:53:48,18.1,11.324060375956769,10.658585653419271,25.458200931353176
2025-11-27 16:53:49,18.1,11.4,10.224587979165698,25.35834300753111
2025-11-27 16:53:50,18.1,11.4,10.574586697680308,25.38301953354581
2025-11-27 16:53:51,18.003094086287838,11.4,10.621009145181695,25.45864458120298
2025-11-27 16:53:52,18.0,11.4,10.757754350704401,25.4
2025-11-27 16:53:53,18.0,11.474166725018422,10.8,25.4
2025-11-27 16:53:54,18.0,11.425934779999086,10.721323745702298,25.440913518786818
2025-11-27 16:53:55,18.096558121923515,11.473962552204343,10.935675418499937,25.5
2025-11-27 16:53:56,18.00354782878756,11.352263661013122,10.843062269575318,25.5
2025-11-27 16:53:57,18.0,11.373762958658515,10.956712476341881,25.459540431666937
2025-11-27 16:53:58,18.0,11.4,10.92174418737596,25.4
2025-11-27 16:53:59,18.0,11.4,10.978149959036696,25.4
2025-11-27 16:54:00,18.0,12.353735028889634,10.921949746819072,25.48002033686745
2025-11-27 16:54:01,18.0,11.746806033977013,10.822039613710464,25.560152824681037
2025-11-27 16:54:02,18.0,11.4,10.955698459415006,25.460307338572616
2025-11-27 16:54:03,18.0957016848858,11.4,10.844496991186869,25.4
2025-11-27 16:54:04,18.004405667719986,11.4,10.955289199356415,25.439397606020844
2025-11-27 16:54:05,18.0,11.4,10.844896756469232,25.460754398323783
2025-11-27 16:54:06,18.0,11.4,10.87744935129889,25.478184158155194
2025-11-27 16:54:07,18.0,11.4,10.9,25.52213579558007
2025-11-27 16:54:08,18.0,11.4,10.9,25.4
2025-11-27 16:54:09,18.0,11.4,10.745697289509641,25.4
2025-11-27 16:54:10,18.094956617459857,11.4,10.931102800284503,25.43848249482047
2025-11-27 16:54:11,18.00514904839241,11.4,10.846115440827019,25.5
2025-11-27 16:54:12,18.0,11.4,10.8,25.5
2025-11-27 16:54:13,18.0,11.4,10.8,25.5
2025-11-27 16:54:14,18.0,11.4,10.87663138275526,25.5
2025-11-27 16:54:15,18.0,11.4,10.9,25.5
2025-11-27 16:54:16,18.0,11.4,10.747123014218777,25.53754995269237
2025-11-27 16:54:17,18.0,11.4,10.7,25.52521805332504
2025-11-27 16:54:18,18.0,11.4,10.77623317819681,25.437240229921724
2025-11-27 16:54:19,18.0,11.4,10.87612572198613,25.5
2025-11-27 16:54:20,18.0,11.4,10.9,25.5
2025-11-27 16:54:21,18.0,11.4,10.824069794309263,25.463217270778557
2025-11-27 16:54:22,18.0,11.115009121043974,10.192877830860699,25.363358388029365
2025-11-27 16:54:23,18.0,11.284513770825036,10.60595190953052,25.37300247407671
2025-11-27 16:54:24,18.0,11.328981459427014,10.8,25.5
2025-11-27 16:54:25,18.0,11.370915478969653,10.875514227374115,25.463807977526752
2025-11-27 16:54:26,18.0,11.4,10.824583201530563,25.47207840170663
2025-11-27 16:54:27,18.0,11.4,10.875311988553117,25.564119252481948
2025-11-27 16:54:28,18.0,11.4,10.9,25.464270324294493
2025-11-27 16:54:29,18.0,11.4,10.824883470718275,25.4
2025-11-27 16:54:30,18.0,11.4,10.875009996582467,25.43542963934342
2025-11-27 16:54:31,18.0,11.329695244251667,10.9,25.464724594731774
2025-11-27 16:54:32,18.09275862602783,11.089309842909259,10.600684272082075,25.4
2025-11-27 16:54:33,18.007347018877343,11.0,10.200929556395415,25.4
2025-11-27 16:54:34,18.0,11.0,10.1,25.43489564932536
2025-11-27 16:54:35,18.0,11.0,10.1,25.465249474918707
2025-11-27 16:54:36,18.0,11.0,10.1,25.4
2025-11-27 16:54:37,18.0,11.27881737017026,10.694499325326092,25.36553428664082
2025-11-27 16:54:38,18.0,11.121517318810605,10.305977216664807,25.334329265781157
2025-11-27 16:54:39,18.0,10.930467540497565,10.025824226340278,25.4
2025-11-27 16:54:40,18.0,10.9,9.90368767163229,25.43404501791432
2025-11-27 16:54:41,18.091798027398095,10.622551210730022,9.403580071082779,25.228613368035784
2025-11-27 16:54:42,18.1,10.5,9.04028329792298,24.7
2025-11-27 16:54:43,18.1,10.5,10.465641538238982,24.800923644822053
2025-11-27 16:54:44,18.1,10.5,9.556478876197275,25.03347059382509
2025-11-27 16:54:45,18.1,10.5,9.025279879727957,25.13335732019025
2025-11-27 16:54:46,18.1,10.775337487810825,9.812921481653484,25.2
2025-11-27 16:54:47,18.1,10.968716076116204,10.1,25.233112657842344
2025-11-27 16:54:48,18.1,11.0,10.1,25.267012045226096
2025-11-27 16:54:49,18.1,11.0,10.173082218615324,25.2328639244349
2025-11-27 16:54:50,18.1,11.0,10.2,25.267266088796205
2025-11-27 16:54:51,18.1,11.0,10.127120551584577,25.2
2025-11-27 16:54:52,18.1,11.0,10.31827950741973,25.2
2025-11-27 16:54:53,18.1,11.0,10.094744292215683,25.167627153318954
2025-11-27 16:54:54,18.1,11.0,10.13982698053817,25.132259431003767
2025-11-27 16:54:55,18.1,11.0,10.2,25.2
2025-11-27 16:54:56,18.1,11.0,10.127526374749031,25.2
2025-11-27 16:54:57,18.009963276982152,11.0,10.1,25.16810861312172
2025-11-27 16:54:58,18.0,11.0,10.1,25.131776261083505
2025-11-27 16:54:59,18.0,11.0,10.172162190998364,25.168342187378688
2025-11-27 16:55:00,18.0,11.067388294201114,10.127937947959042,25.13154488445662
2025-11-27 16:55:01,18.0,11.032712058994464,10.1,25.2
2025-11-27 16:55:02,18.0,10.932807595849075,10.1,25.16869844278976
2025-11-27 16:55:03,18.0,10.967091364646423,10.1,25.1
2025-11-27 16:55:04,18.0,10.933009349845717,10.1,25.131074770694852
2025-11-27 16:55:05,18.0,10.9,10.028437810689308,25.1690426720701
2025-11-27 16:55:06,18.0,10.9,10.142896053131336,25.130844410663194
2025-11-27 16:55:07,18.0,10.966681217351752,10.413960921221218,25.169276977737937
2025-11-27 16:55:08,18.08895694841421,11.066572574969497,10.21503134722662,25.06938621182104
2025-11-27 16:55:09,18.1,11.033527463536574,10.1,25.030510733929354
2025-11-27 16:55:10,18.1,11.0,10.028947206076301,25.1
2025-11-27 16:55:11,18.011336311053466,11.0,9.985808911990752,25.1
2025-11-27 16:55:12,18.08855057781512,11.066164909122085,9.95165706108502,25.1
2025-11-27 16:55:13,18.1,11.166053128191253,9.81969380980547,25.06992068646778
2025-11-27 16:55:14,18.1,11.068082564080209,9.840664688089504,25.029973633865826
2025-11-27 16:55:15,18.011735218205935,10.934130828227508,9.898222885382554,25.1
2025-11-27 16:55:16,18.0,10.9,9.973402960825576,25.1
2025-11-27 16:55:17,18.0,10.9,10.0,25.12963345389288
2025-11-27 16:55:18,18.0,11.22748302723998,9.971902478482157,25.288508750568624
2025-11-27 16:55:19,18.0,11.269216270800767,10.478659351763861,25.44129575506346
2025-11-27 16:55:20,18.0,11.265291441736778,10.350010532456167,25.241549723117434
2025-11-27 16:55:21,18.0,11.16960924832249,10.269904780412896,25.158221080225285
2025-11-27 16:55:22,18.0,11.1,10.369796582986668,25.271013477019626
2025-11-27 16:55:23,18.087413768303698,11.1,10.330301060495552,25.228865337014607
2025-11-27 16:55:24,18.1,11.1,10.369591545173467,25.27126608207466
2025-11-27 16:55:25,18.1,11.1,10.330507203242169,25.22862210222889
2025-11-27 16:55:26,18.1,11.164689387644382,10.36938773517481,25.07165460302452
2025-11-27 16:55:27,18.1,11.2,10.330707720218227,24.670652133572762
2025-11-27 16:55:28,18.1,11.2,10.230799205182416,24.986928540285287
2025-11-27 16:55:29,18.1,11.2,10.2,24.784483426476523
2025-11-27 16:55:30,18.1,11.264273564810493,10.26899488107197,24.888009649065747
2025-11-27 16:55:31,18.1,11.23582914231749,10.23110603929908,24.767334695699937
2025-11-27 16:55:32,18.1,11.2,10.337555005657725,25.2
2025-11-27 16:55:33,18.1,11.136027616202902,10.262632851214025,25.255134281125407
2025-11-27 16:55:34,18.1,11.163872357746232,10.268580979706849,25.920101637627116
2025-11-27 16:55:35,18.1,11.2,10.3,26.784178307310125
2025-11-27 16:55:36,18.1,11.2,10.3,25.34567660332256
2025-11-27 16:55:37,18.1,11.136430637221858,10.231714134552465,25.2
2025-11-27 16:55:38,18.1,11.1,10.131807193675003,25.2
2025-11-27 16:55:39,18.1,11.163364622293694,10.168086181615449,25.146345319505283
2025-11-27 16:55:40,18.1,11.2,10.539750382275646,25.05343988623012
2025-11-27 16:55:41,18.1,11.263149667885536,10.632159498826864,25.040306810768257
2025-11-27 16:55:42,18.1,11.23694945629533,10.396717790183294,24.6
2025-11-27 16:55:43,18.1,11.074071663581245,10.164636160798302,24.758109149699255
2025-11-27 16:55:44,18.1,10.811332636538012,9.55211757470878,25.01676863814166
2025-11-27 16:55:45,18.1,10.574372582376965,8.999352430559691,24.47389952095016
2025-11-27 16:55:46,18.1,10.5,8.873500736905987,24.4
2025-11-27 16:55:47,18.1,10.5,8.906959439167087,24.42581070232776
2025-11-27 16:55:48,18.1,10.5,8.852697647961744,24.47433518742834
2025-11-27 16:55:49,18.1,10.5,8.833440745583637,24.425527005535944
2025-11-27 16:55:50,18.1,10.43768524056175,8.84,24.474594970879995
2025-11-27 16:55:51,18.1,10.462212665134262,8.886896301491717,24.4
2025-11-27 16:55:52,18.1,10.437889960065288,8.943443634794356,24.4
2025-11-27 16:55:53,18.1,10.4,8.906569039082079,24.42500645145317
2025-11-27 16:55:54,18.1,10.4,8.873330938032854,24.5
2025-11-27 16:55:55,18.1,10.4,8.889976278343628,24.475279529763593
2025-11-27 16:55:56,18.1,10.4,8.87340480532853,24.4246079161688
2025-11-27 16:55:57,18.1,10.4,8.866638697212517,24.5
2025-11-27 16:55:58,18.1,10.522982183501034,9.062169002481058,24.5
2025-11-27 16:55:59,18.01665633819589,10.6,9.252602361435914,24.5
2025-11-27 16:56:00,18.08323045857953,10.6,9.22074551448136,24.5
2025-11-27 16:56:01,18.1,10.6,9.166810209330869,24.5
2025-11-27 16:56:02,18.1,10.6,9.416708733821265,24.5
2025-11-27 16:56:03,18.1,10.6,9.326517167494968,24.5
2025-11-27 16:56:04,18.1,10.6,9.20343590896619,24.5
2025-11-27 16:56:05,18.1,10.6,9.206553775926832,24.52328797121033
2025-11-27 16:56:06,18.1,10.6,9.229630234764283,24.57686739092594
2025-11-27 16:56:07,18.1,10.6,9.298792601113119,24.545997200421674
2025-11-27 16:56:08,18.1,10.6,9.10817704090616,24.677166775650445
2025-11-27 16:56:09,18.1,10.6,9.152841268839659,24.622672467468668
2025-11-27 16:56:10,18.1,10.6,9.279013272916806,24.67749551468045
2025-11-27 16:56:11,18.1,10.6,9.280524000274387,24.6
2025-11-27 16:56:12,18.018139677894304,10.6,9.224622846537047,24.622182017415984
2025-11-27 16:56:13,18.081747013430395,10.6,9.238832966485457,24.7
2025-11-27 16:56:14,18.1,10.6,9.234152085060165,24.7
2025-11-27 16:56:15,18.1,10.6,9.200643557694345,24.7
2025-11-27 16:56:16,18.1,10.6,9.228649985627047,24.7
2025-11-27 16:56:17,18.1,10.6,9.256431169896452,24.7
2025-11-27 16:56:18,18.01881977614473,10.6,9.23431510781017,24.7
2025-11-27 16:56:19,18.081067688915763,10.6,9.245644048311156,24.7
2025-11-27 16:56:20,18.1,10.6,9.16397612012543,24.72085392717206
2025-11-27 16:56:21,18.1,10.6,9.052466893656186,24.779309822464462
2025-11-27 16:56:22,18.1,10.6,9.166769774637544,24.7
2025-11-27 16:56:23,18.019383940741474,10.6,9.224517785117087,24.7
2025-11-27 16:56:24,18.080503060629617,10.6,9.108215767397631,24.7
2025-11-27 16:56:25,18.019604122585815,10.6,9.196060992252205,24.7
2025-11-27 16:56:26,18.080281047164906,10.6,9.267320721767003,24.7
2025-11-27 16:56:27,18.1,10.6,9.266329480801328,24.7
2025-11-27 16:56:28,18.1,10.6,9.263680662289417,24.68038943168367
2025-11-27 16:56:29,18.02005826090415,10.6,9.095919107338084,24.6
2025-11-27 16:56:30,18.079827234417092,10.483527343179576,8.905461765698671,24.638564368429396
2025-11-27 16:56:31,18.020280646299113,10.516260509144319,9.145628022354083,24.780887213375827
2025-11-27 16:56:32,18.0,10.6,9.301165452135482,24.7
2025-11-27 16:56:33,18.079500835655658,10.6,9.183421253428323,24.7
2025-11-27 16:56:34,18.1,10.6,9.22014116651934,24.7
2025-11-27 16:56:35,18.020723636420797,10.65771253006883,9.317485556773347,24.7
2025-11-27 16:56:36,18.0,10.642388134925493,9.221471958069495,24.7
2025-11-27 16:56:37,18.079057530029097,10.6,9.193599181010534,24.7
2025-11-27 16:56:38,18.021050788941952,10.6,9.170251214507154,24.7
2025-11-27 16:56:39,18.0,10.485359938157126,8.966104841841439,24.7
2025-11-27 16:56:40,18.0,10.4,8.866201401796593,24.7
2025-11-27 16:56:41,18.0,10.514228181270909,9.117547247434159,24.7
2025-11-27 16:56:42,18.0,10.657000071923358,9.04137085199315,24.7
2025-11-27 16:56:43,18.0,10.64310329550976,8.862975516338718,24.7
2025-11-27 16:56:44,18.0,10.6,8.84,24.7
2025-11-27 16:56:45,18.07819885247467,10.6,9.073637955134556,24.7
2025-11-27 16:56:46,18.1,10.6,9.201589253287398,24.68340826356653
2025-11-27 16:56:47,18.1,10.6,9.245136997964481,24.61642923884582
2025-11-27 16:56:48,18.1,10.6,9.249419331511673,24.7
2025-11-27 16:56:49,18.1,10.6,9.217787421212577,24.7
2025-11-27 16:56:50,18.1,10.6,9.22219212936665,24.7
2025-11-27 16:56:51,18.1,10.487829332068095,9.169136650685246,24.7
2025-11-27 16:56:52,18.1,10.4,8.978048336436771,24.7
2025-11-27 16:56:53,18.1,10.4,8.873931024331407,24.7
2025-11-27 16:56:54,18.1,10.4,8.863940996110724,24.7
2025-11-27 16:56:55,18.1,10.4,8.847901988389726,24.7
2025-11-27 16:56:56,18.1,10.511141591655951,9.057319066486926,24.7
2025-11-27 16:56:57,18.1,10.6,9.206024919086683,24.7
2025-11-27 16:56:58,18.1,10.54463767315078,9.00542897374622,24.7
2025-11-27 16:56:59,18.1,10.665747005626928,9.116227514387672,24.7
2025-11-27 16:57:00,18.1,10.63453505784303,9.016157622931738,24.671676379971238
2025-11-27 16:57:01,18.1,10.44492898951361,8.869938772559875,24.514002942480715
2025-11-27 16:57:02,18.1,10.4,8.866089509969834,24.61383636946932
2025-11-27 16:57:03,18.1,10.4,8.844032364015023,24.7
2025-11-27 16:57:04,18.1,10.4,8.857871941669508,24.7
2025-11-27 16:57:05,18.1,10.4,8.858105698101648,24.7
2025-11-27 16:57:06,18.1,10.509108327076518,8.885619874961627,24.7
2025-11-27 16:57:07,18.1,10.49109317894113,8.915926164277492,24.7
2025-11-27 16:57:08,18.1,10.4,8.87266824431754,24.7
2025-11-27 16:57:09,18.1,10.4,8.84,24.7
2025-11-27 16:57:10,18.1,10.4,8.822310080000914,24.7
2025-11-27 16:57:11,18.1,10.4,8.857088753864977,24.724496983267873
2025-11-27 16:57:12,18.1,10.4,8.878248406899932,24.875884255239747
2025-11-27 16:57:13,18.1,10.4,8.893462135159274,24.7
2025-11-27 16:57:14,18.1,10.4,8.863155062992643,24.7
2025-11-27 16:57:15,18.1,10.4,8.835845708679768,24.68838815158409
2025-11-27 16:57:16,18.1,10.4,8.845835434813468,24.611442952069776
2025-11-27 16:57:17,18.1,10.4,8.873300006549607,24.7
2025-11-27 16:57:18,18.1,10.4,8.855109925720553,24.7
2025-11-27 16:57:19,18.1,10.4,8.85902401295616,24.7
2025-11-27 16:57:20,18.1,10.4,8.862616183408726,24.7
2025-11-27 16:57:21,18.1,10.4,8.84421539154087,24.7
2025-11-27 16:57:22,18.1,10.4,8.82845084599302,24.7
2025-11-27 16:57:23,18.1,10.4,8.831528725103379,24.68980157968828
2025-11-27 16:57:24,18.1,10.4,8.85726174360137,24.610035879316975
2025-11-27 16:57:25,18.1,10.4,8.88148699083087,24.7
2025-11-27 16:57:26,18.1,10.4,8.867066105564826,24.7
2025-11-27 16:57:27,18.1,10.4,8.872892915374418,24.7
2025-11-27 16:57:28,18.1,10.4,8.935699171645322,24.7
2025-11-27 16:57:29,18.1,10.4,8.95859599192373,24.7
2025-11-27 16:57:30,18.1,10.4,8.944308000327734,24.7
2025-11-27 16:57:31,18.1,10.4,8.900224162748204,24.682265720216332
2025-11-27 16:57:32,18.1,10.4,8.87,24.5
2025-11-27 16:57:33,18.1,10.4,8.881324155171338,24.517094986160593
2025-11-27 16:57:34,18.1,10.4,8.895651754624138,24.691628430675916
2025-11-27 16:57:35,18.1,10.4,8.888716722027736,24.6
2025-11-27 16:57:36,18.1,10.4,8.868736657677703,24.6
2025-11-27 16:57:37,18.1,10.4,8.876864304265968,24.607891352053812
2025-11-27 16:57:38,18.1,10.4,8.97976423285423,24.69227894580129
2025-11-27 16:57:39,18.1,10.4,8.988399895191305,24.6
2025-11-27 16:57:40,18.1,10.4,8.956770394607103,24.607410696180903
2025-11-27 16:57:41,18.1,10.4,8.958840156646495,24.70723384375638
2025-11-27 16:57:42,18.1,10.4,8.922149256788703,24.785890280695284
2025-11-27 16:57:43,18.1,10.4,8.91668012395215,24.6
2025-11-27 16:57:44,18.1,10.4,8.985491992318112,24.6
2025-11-27 16:57:45,18.1,10.556005128986632,9.19057131462151,24.606564381756833
2025-11-27 16:57:46,18.1,10.7,9.270266344811915,24.7063844962635
2025-11-27 16:57:47,18.1,10.7,9.202417632018026,24.8
2025-11-27 16:57:48,18.1,10.7,9.246070415759718,24.8
2025-11-27 16:57:49,18.1,10.648414810552097,9.272522632711723,24.8
2025-11-27 16:57:50,18.1,10.6,9.25,24.79434178082844
2025-11-27 16:57:51,18.1,10.6,9.233573405836454,24.7
2025-11-27 16:57:52,18.1,10.6,9.247326220147544,24.694600530727747
2025-11-27 16:57:53,18.1,10.6,9.204533532124088,24.605238756319874
2025-11-27 16:57:54,18.1,11.008301837758182,10.15564686955579,24.74554001048668
2025-11-27 16:57:55,18.1,11.4,10.945765974477652,25.595197014783253
2025-11-27 16:57:56,18.1,11.34920152049592,10.791504743300445,25.462755304478
2025-11-27 16:57:57,18.1,11.3,10.7,24.73678418512516
2025-11-27 16:57:58,18.1,11.350597820210472,10.645842708684771,25.50434392980896
2025-11-27 16:57:59,18.1,11.349505241262914,10.708297188678436,25.595822767633965
2025-11-27 16:58:00,18.1,11.350391940037092,10.8,25.50402454185748
2025-11-27 16:58:01,18.1,11.349706465663653,10.691696641399183,25.6
2025-11-27 16:58:02,18.1,11.3,10.65415447580673,25.59628169828114
2025-11-27 16:58:03,18.1,11.3,10.754142238089177,25.50355926539154
2025-11-27 16:58:04,18.1,11.3,10.69171256885328,25.6
2025-11-27 16:58:05,18.1,11.3,10.762401241494636,25.6
2025-11-27 16:58:06,18.1,11.349778941218585,10.84587726143752,25.6
2025-11-27 16:58:07,18.1,11.300626274961127,10.745865862906033,25.57664520957763
2025-11-27 16:58:08,18.1,11.15040289648165,10.53752885985077,24.811310027162545
2025-11-27 16:58:09,18.1,11.1,10.345829026828957,25.207806778073163
2025-11-27 16:58:10,18.1,11.1,10.354168295757752,25.48986399769658
2025-11-27 16:58:11,18.1,11.1,10.4,25.10242241788417
2025-11-27 16:58:12,18.1,11.1,10.345834849382955,25.2
2025-11-27 16:58:13,18.1,11.1,10.3,25.20434494746062
2025-11-27 16:58:14,18.1,11.197965865671508,10.354164773558882,25.4
2025-11-27 16:58:15,18.1,11.25112564495348,10.4,25.396236943090745
2025-11-27 16:58:16,18.1,11.151220974988853,10.345839107846121,25.203519552846505
2025-11-27 16:58:17,18.1,11.1,10.245829543251755,25.388636138375603
2025-11-27 16:58:18,18.1,11.1,10.308321637583022,24.70155372186415
2025-11-27 16:58:19,18.1,11.1,10.4,24.8
2025-11-27 16:58:20,18.1,11.148373059329627,10.4,24.798803009779427
2025-11-27 16:58:21,18.1,11.151727276278455,10.4,24.70102865150102
2025-11-27 16:58:22,18.1,11.14817112554694,10.454145170110644,24.799152277341307
2025-11-27 16:58:23,18.1,11.151931544430475,10.115355792081463,24.700673740080823
2025-11-27 16:58:24,18.1,11.147966002877947,10.12045116200163,24.8
2025-11-27 16:58:25,18.1,11.152135082127154,10.345849879465787,24.801226924104412
2025-11-27 16:58:26,18.1,11.147761749591158,10.3,25.19958130088564
2025-11-27 16:58:27,18.1,11.152341243317895,10.3,24.700006996926348
2025-11-27 16:58:28,18.1,11.1,10.35414247780839,24.799827528145375
2025-11-27 16:58:29,18.03270495571227,11.1,10.4,24.600667115758604
2025-11-27 16:58:30,18.067202135110467,11.147353653703622,10.345857316167109,24.798967487739127
2025-11-27 16:58:31,18.1,11.152749000928448,10.354135213784254,24.60136491638388
2025-11-27 16:58:32,18.1,11.1,10.45412418373891,24.6
2025-11-27 16:58:33,18.1,11.1,10.445876058839126,24.69898538193123
2025-11-27 16:58:34,18.1,11.1,10.454120090772186,24.601174407779464
2025-11-27 16:58:35,18.1,11.1,9.963727535114025,24.698650488651058
2025-11-27 16:58:36,18.1,11.1,10.046195086815692,24.7
2025-11-27 16:58:37,18.1,11.146639609330231,10.554109356532486,24.7
2025-11-27 16:58:38,18.1,11.246530903177838,10.491770851640771,24.7
2025-11-27 16:58:39,18.1,11.253571863285789,10.345872871224618,24.7
2025-11-27 16:58:40,18.1,11.153665488259357,10.408239304422448,24.7
2025-11-27 16:58:41,18.1,11.1,10.391766544417015,24.602385323502986
2025-11-27 16:58:42,18.1,11.1,9.7744958367352,24.7948671669607
2025-11-27 16:58:43,18.1,11.1,9.90955975010533,24.702740427650657
2025-11-27 16:58:44,18.1,11.1,10.4,24.7
2025-11-27 16:58:45,18.1,11.1,9.825827324908412,24.7
2025-11-27 16:58:46,18.1,10.871255348225956,9.291202376765495,24.603257355893703
2025-11-27 16:58:47,18.1,10.6,9.25,24.69656898270687
2025-11-27 16:58:48,18.1,10.873291791214072,9.925645582622646,24.7
2025-11-27 16:58:49,18.1,11.154582071571378,10.446002798862239,24.7
2025-11-27 16:58:50,18.1,11.1,10.345990652757079,24.7
2025-11-27 16:58:51,18.1,11.1,10.3,24.7
2025-11-27 16:58:52,18.1,11.1,10.191959488653218,24.7
2025-11-27 16:58:53,18.1,11.1,10.15402407039593,24.7
2025-11-27 16:58:54,18.1,11.1,10.145976093147791,24.7
2025-11-27 16:58:55,18.1,11.1,10.262026862696214,24.7
2025-11-27 16:58:56,18.1,11.1,10.4,24.50979847286448
2025-11-27 16:58:57,18.1,11.1,10.4,24.594943198372935
2025-11-27 16:58:58,18.1,11.1,10.291997557146765,24.6
2025-11-27 16:58:59,18.1,11.1,10.307994140176215,24.6
2025-11-27 16:59:00,18.1,11.1,10.4,24.505527892512553
2025-11-27 16:59:01,18.1,11.1,10.29200942435595,24.688606963445267
2025-11-27 16:59:02,18.1,11.1,10.2,25.076384114657685
2025-11-27 16:59:03,18.1,11.1,10.25399329774179,24.72394086780428
2025-11-27 16:59:04,18.1,11.1,10.246009952407748,24.7
2025-11-27 16:59:05,18.1,11.1,10.25399133674431,25.542305862233043
2025-11-27 16:59:06,18.1,11.012597017456889,10.035331604960712,25.41312632442775
2025-11-27 16:59:07,18.1,10.98720542705531,10.020639652126167,25.4
2025-11-27 16:59:08,18.1,11.1,10.2,24.747490844567775
2025-11-27 16:59:09,18.1,10.796102924177314,9.545941137054447,24.60693662904723
2025-11-27 16:59:10,18.1,10.659970914599905,9.643972789692356,25.157056067885584
2025-11-27 16:59:11,18.1,10.827144874227008,9.567582768368863,24.55055662866846
2025-11-27 16:59:12,18.1,10.815543536632509,9.824145951849953,24.5
2025-11-27 16:59:13,18.1,11.1,10.5,25.054559054870825
2025-11-27 16:59:14,18.1,11.1,10.338087810964673,25.007686954434156
2025-11-27 16:59:15,18.1,11.01442889748224,10.048810532724461,25.276555214980295
2025-11-27 16:59:16,18.1,11.028047891923864,10.071176565508065,25.115861214433245
2025-11-27 16:59:17,18.1,11.072274094394302,10.081225083032711,25.00803479030477
2025-11-27 16:59:18,18.1,10.9,9.898991122228528,25.183687166908086
2025-11-27 16:59:19,18.1,11.069484427113464,10.299481438799978,25.475077218188428
2025-11-27 16:59:20,18.1,11.342239393126759,10.753912831627618,26.048918848894367
2025-11-27 16:59:21,18.1,11.4,10.746084560725947,26.191354501376104
2025-11-27 16:59:22,18.1,11.357965251348768,10.7,26.10876313578535
2025-11-27 16:59:23,18.1,11.258056847766797,10.7,26.28221270334108
2025-11-27 16:59:24,18.1,11.325509029032537,10.7,26.20901920229091
2025-11-27 16:59:25,18.1,11.458276021987167,10.807808677590309,25.745402035501538
2025-11-27 16:59:26,18.1,11.108409148490772,10.025549226504772,26.153543067522488
2025-11-27 16:59:27,18.1,10.7,9.2151330757681,25.293361561081557
2025-11-27 16:59:28,18.1,10.7,9.17081170491529,25.018866814569765
2025-11-27 16:59:29,18.1,10.7,9.271880189279456,25.27130739882169
2025-11-27 16:59:30,18.1,10.823841527313094,9.701005144550358,25.119365304577457
2025-11-27 16:59:31,18.1,11.0,10.0,25.19019660465134
2025-11-27 16:59:32,18.1,10.958940714885614,10.0,24.929709431749377
2025-11-27 16:59:33,18.1,10.940960672792489,10.0,24.9
2025-11-27 16:59:34,18.1,11.0,10.0,24.9
2025-11-27 16:59:35,18.1,10.796119587569908,9.46524982458485,24.9
2025-11-27 16:59:36,18.03949939040142,10.5,9.026217585562955,24.98941554926615
2025-11-27 16:59:37,18.0,10.5,8.964311601788376,25.0
2025-11-27 16:59:38,18.0,10.5,8.89459312807587,25.0
2025-11-27 16:59:39,18.0,10.5,8.917032153614135,25.089079422038775
2025-11-27 16:59:40,18.06011479494607,10.5,8.99405377249957,25.1
2025-11-27 16:59:41,18.1,10.5,8.991352879617104,25.1
2025-11-27 16:59:42,18.040089935926428,10.5,8.966215953713238,25.1
2025-11-27 16:59:43,18.0,10.5,8.974594846485347,25.1
2025-11-27 16:59:44,18.05970743550025,10.898488358370324,10.011188434469107,25.1
2025-11-27 16:59:45,18.040392378684132,11.142493599004448,9.972088070390207,25.365124889651998
2025-11-27 16:59:46,18.059496149691462,10.560319882695069,9.606459121073055,25.48822489514698
2025-11-27 16:59:47,18.1,10.697814931322467,10.040119916344862,25.147562069669306
2025-11-27 16:59:48,18.1,10.881675467134754,9.711431049883194,24.923974414308322
2025-11-27 16:59:49,18.1,10.7,9.363800210862017,25.163413156359752
2025-11-27 16:59:50,18.1,10.7,9.382397464774227,25.112324781016458
2025-11-27 16:59:51,18.1,10.7,9.377603623622932,25.275090884501203
2025-11-27 16:59:52,18.04110074409897,10.62188513430617,9.209576884920635,25.212584716130273
2025-11-27 16:59:53,18.058814992318368,10.577922405119809,9.257407128461411,25.2
2025-11-27 16:59:54,18.1,10.738846459341824,9.297407860741007,25.112822337389925
2025-11-27 16:59:55,18.1,10.683740950736414,9.274795491045813,25.187055152505025
2025-11-27 16:59:56,18.1,10.5,9.308403458477102,25.113062079174394
2025-11-27 16:59:57,18.1,10.692723497474862,9.942482261431191,25.447159654935508
2025-11-27 16:59:58,18.1,11.153594834574733,10.715374495953327,25.153308038325463
2025-11-27 16:59:59,18.1,11.4,10.9,25.359584454997425
2025-11-27 17:00:00,18.1,11.4,11.007629911147173,25.4
2025-11-27 17:00:01,18.1,11.4,10.938537868211194,25.831002119552064
2025-11-27 17:00:02,18.1,11.4,10.8,25.641899386288113
2025-11-27 17:00:03,18.1,11.437858649407165,10.8,25.428238439289157
2025-11-27 17:00:04,18.1,11.5,10.853820744528937,25.4
2025-11-27 17:00:05,18.1,11.5,10.9,25.4
2025-11-27 17:00:06,18.1,11.349736355409586,10.415265051313533,25.4
2025-11-27 17:00:07,18.1,11.062508908393136,10.0,25.058739585298145
2025-11-27 17:00:08,18.1,11.037389275945955,9.973049517802341,25.08519645145758
2025-11-27 17:00:09,18.1,11.1,10.1924630611136,25.1
2025-11-27 17:00:10,18.1,11.174351681222442,10.292263395229956,25.18497577990977
2025-11-27 17:00:11,18.1,11.3,10.30772892909338,25.030269496850778
2025-11-27 17:00:12,18.1,11.226064889997835,10.4,25.254190377078583
2025-11-27 17:00:13,18.1,11.1,10.346143088271589,25.3
2025-11-27 17:00:14,18.1,11.1,10.353856875861181,25.215537907230573
2025-11-27 17:00:15,18.1,11.1,10.4,25.03130283191194
2025-11-27 17:00:16,18.1,11.13656802346613,10.292294367587001,25.252638706424122
2025-11-27 17:00:17,18.1,11.2,10.253857807960333,25.1318106715401
2025-11-27 17:00:18,18.1,11.163640789602807,10.192274682716954,25.267927671209915
2025-11-27 17:00:19,18.1,11.1,10.20772078822647,25.3
2025-11-27 17:00:20,18.1,11.063838547205922,10.246145150803258,25.3
2025-11-27 17:00:21,18.1,11.0,10.059935758292063,24.631019492591214
2025-11-27 17:00:22,18.1,11.0,9.902280361678553,25.000593211810756
2025-11-27 17:00:23,18.1,11.0,9.80532823173737,25.01669240832615
2025-11-27 17:00:24,18.1,11.0,9.820056615571213,25.415803303070973
2025-11-27 17:00:25,18.1,11.035658903467578,9.890776081919348,25.333952997110416
2025-11-27 17:00:26,18.1,11.0644474516099,9.894612143409592,25.134188071640082
2025-11-27 17:00:27,18.1,11.0,9.933098286069834,25.596444712908102
2025-11-27 17:00:28,18.1,10.964641358371528,9.916127625320579,25.369600439627842
2025-11-27 17:00:29,18.1,10.9,9.902323471977827,25.052525065354747
2025-11-27 17:00:30,18.1,10.9,9.827631014050947,25.411729502579146
2025-11-27 17:00:31,18.04525420398481,10.935056320472036,9.858521803861427,25.335592814382665
2025-11-27 17:00:32,18.05463465770496,11.0,9.906133303957994,25.05373424382381
2025-11-27 17:00:33,18.1,11.0,9.908478055850898,25.081978816427295
2025-11-27 17:00:34,18.1,11.0,9.842260542684386,25.01813056441305
2025-11-27 17:00:35,18.04570798921954,10.965355166448283,9.814644921643971,25.40860366710324
2025-11-27 17:00:36,18.054180462866473,10.9,9.805356043972813,25.336842151627827
2025-11-27 17:00:37,18.1,10.9344412777775,9.771548652048812,25.3
2025-11-27 17:00:38,18.1,10.965662608271447,9.763065003743247,25.137353928811283
2025-11-27 17:00:39,18.1,10.934239330923385,9.880023353409447,25.505825646191212
2025-11-27 17:00:40,18.1,10.965865948268675,9.90306697476106,25.51899605879834
2025-11-27 17:00:41,18.1,10.934035234124115,9.863083941418779,25.176475684563034
2025-11-27 17:00:42,18.1,10.96607044862121,9.862302818778632,25.1
2025-11-27 17:00:43,18.04594604517565,10.9,9.797685073343612,25.1
2025-11-27 17:00:44,18.054044009761302,10.9,9.77,25.18052521163486
2025-11-27 17:00:45,18.045965368433926,10.9,9.823851556141678,25.11959637091013
2025-11-27 17:00:46,18.054024569235036,10.967035865556673,9.79999179743479,25.18028057699401
2025-11-27 17:00:47,18.1,11.066589520417276,9.804620496332797,25.119815070490173
2025-11-27 17:00:48,18.045999949457286,10.966682236034313,9.78460896485008,25.1
2025-11-27 17:00:49,18.054038302230012,10.933217464577266,9.800771274408493,25.179949202315377
2025-11-27 17:00:50,18.1,10.96688520177877,9.848463539760512,25.120170589645888
2025-11-27 17:00:51,18.1,10.933012902569725,9.910750386831127,25.1
2025-11-27 17:00:52,18.1,11.0,9.963852083896104,25.179589125452686
2025-11-27 17:00:53,18.1,10.967191788163388,9.869248694414711,25.2
2025-11-27 17:00:54,18.1,10.9,9.816151403952878,25.120649831823027
2025-11-27 17:00:55,18.1,10.9,9.846149952044355,25.1
2025-11-27 17:00:56,18.1,10.932502251118892,9.935349017485855,25.1
2025-11-27 17:00:57,18.1,11.0,9.897734358605033,25.178993863178306
2025-11-27 17:00:58,18.1,11.0,9.858445786915226,25.12112273052667
2025-11-27 17:00:59,18.1,11.0,9.830021903407546,25.178755617340748
2025-11-27 17:01:00,18.1,10.967908066214964,9.893786625389536,25.121361518726772
2025-11-27 17:01:01,18.1,10.9,9.892362099086153,25.1
2025-11-27 17:01:02,18.1,10.9,9.794617264064978,25.17840027317915
2025-11-27 17:01:03,18.1,10.9,9.800765028130137,25.2
2025-11-27 17:01:04,18.1,10.9,9.853054882086976,25.12184604225613
2025-11-27 17:01:05,18.1,10.9,9.895381282196103,25.1
2025-11-27 17:01:06,18.1,10.9,9.867711579746484,25.1
2025-11-27 17:01:07,18.1,10.9,9.829236863895295,25.177803315531783
2025-11-27 17:01:08,18.1,10.931280040505712,9.803855146955215,25.122317118154605
2025-11-27 17:01:09,18.1,10.968824418869438,9.79,25.1
2025-11-27 17:01:10,18.1,10.931076693646702,9.822286599495357,25.177443219783218
2025-11-27 17:01:11,18.1,11.0,9.806951213754855,25.12267146650879
2025-11-27 17:01:12,18.1,11.0,9.88298376053239,25.1
2025-11-27 17:01:13,18.1,11.030762872584843,10.09830897979225,25.1
2025-11-27 17:01:14,18.1,11.130647782275686,10.049416756079069,25.1
2025-11-27 17:01:15,18.1,11.169455149672586,9.952272977807954,25.1
2025-11-27 17:01:16,18.1,11.1,9.560155316872045,24.869684388013575
2025-11-27 17:01:17,18.1,11.130342255181839,9.2,24.646746739026945
2025-11-27 17:01:18,18.1,11.2,9.791814400556332,24.676454789018432
2025-11-27 17:01:19,18.1,10.988907807571259,9.524897969708459,24.7
2025-11-27 17:01:20,18.1,10.5,8.881555473332577,24.623888531437803
2025-11-27 17:01:21,18.1,10.5,8.84610961583765,24.52404750433472
2025-11-27 17:01:22,18.1,10.470098076928116,8.729929608496292,24.5
2025-11-27 17:01:23,18.1,10.57871699525313,8.659218941516398,24.5
2025-11-27 17:01:24,18.1,11.0,8.741621924873263,24.57547953305185
2025-11-27 17:01:25,18.1,10.970453656572971,8.814611372070878,24.6
2025-11-27 17:01:26,18.1,10.9,8.788445133385421,24.6
2025-11-27 17:01:27,18.1,10.9,8.77,24.5250035825537
2025-11-27 17:01:28,18.1,10.958469837090858,8.920835983148914,24.5748360066897
2025-11-27 17:01:29,18.1,11.129118405834932,8.92071621938726,24.6
2025-11-27 17:01:30,18.1,11.2,8.82616275831882,24.6
2025-11-27 17:01:31,18.1,11.113256888154849,8.823837765989152,24.6
2025-11-27 17:01:32,18.0459274560787,10.957657712573884,8.815387330718268,24.6
2025-11-27 17:01:33,18.0,11.12870795927345,8.825387049015003,24.6
2025-11-27 17:01:34,18.0,11.14277996076577,8.835386808977626,24.6
2025-11-27 17:01:35,18.054078551073314,11.057031062654207,8.969246540226003,24.6
2025-11-27 17:01:36,18.04592097319229,11.228398883636038,8.9453670461529,24.6
2025-11-27 17:01:37,18.0,11.243408642779091,9.238810822612553,24.6
2025-11-27 17:01:38,18.054082925699987,11.128203566875886,9.740394374959033,24.96589149536677
2025-11-27 17:01:39,18.045916579424023,11.14380638483135,9.773326575461628,25.17302901975576
2025-11-27 17:01:40,18.0,10.971985923551374,9.700742499749076,25.127089450069455
2025-11-27 17:01:41,18.0,10.983730767884555,9.699257779102343,25.1
2025-11-27 17:01:42,18.0,11.2,9.695371020219477,25.1
2025-11-27 17:01:43,18.0,11.172312526453913,9.705370778410792,25.1
2025-11-27 17:01:44,18.0,11.1,9.73148152156888,25.1
2025-11-27 17:01:45,18.0,11.1,9.733889410370638,25.1
2025-11-27 17:01:46,18.0,11.1,9.709259540679808,25.1
2025-11-27 17:01:47,18.0,11.072708111871423,10.022013432797413,25.1
2025-11-27 17:01:48,18.0,11.027191294837854,9.95648763373792,25.1
2025-11-27 17:01:49,18.0,11.072913256156662,9.66,25.1
2025-11-27 17:01:50,18.054082659800205,11.0,9.72443292090307,25.02826254131099
2025-11-27 17:01:51,18.045917399563983,11.0,9.69415484371787,25.0
2025-11-27 17:01:52,18.054082242077094,11.0,9.657533002438797,25.0
2025-11-27 17:01:53,18.1,11.0,9.668553674062142,25.071404249421114
2025-11-27 17:01:54,18.1,10.973412740285388,9.730410630143961,25.1
2025-11-27 17:01:55,18.045927904667565,10.9,9.741035795015595,25.242322063671423
2025-11-27 17:01:56,18.05407030750054,10.9,9.711442270235063,25.3
2025-11-27 17:01:57,18.1,10.92628710125256,9.268623455504228,25.087264448418
2025-11-27 17:01:58,18.1,11.0,8.875368632337052,25.636685394635364
2025-11-27 17:01:59,18.1,11.0,8.842418519603816,25.54708449323746
2025-11-27 17:02:00,18.1,10.97402144886428,8.815368860910931,25.11814302378808
2025-11-27 17:02:01,18.1,10.951759021454793,8.81463132856089,25.0
2025-11-27 17:02:02,18.1,11.074233580954068,8.836841471985567,25.07024205104317
2025-11-27 17:02:03,18.1,11.0,8.82242204648337,25.02986697869225
2025-11-27 17:02:04,18.1,10.87207485771639,8.80610471544948,25.0
2025-11-27 17:02:05,18.1,10.5,8.852205716383645,25.0
2025-11-27 17:02:06,18.1,10.627015937532509,8.863898044358084,25.06980937327263
2025-11-27 17:02:07,18.1,11.0,8.83389769104607,25.1
2025-11-27 17:02:08,18.045922018453627,11.0,8.830734677685069,25.030410970518602
2025-11-27 17:02:09,18.0,10.874628408420486,8.834632921767922,25.0
2025-11-27 17:02:10,18.0,10.699870156573656,9.189338335062654,25.06936673518883
2025-11-27 17:02:11,18.0,11.250347889330053,9.714311646745225,25.169243708124206
2025-11-27 17:02:12,18.0,11.075258669273486,9.857150657991836,25.269107138520642
2025-11-27 17:02:13,18.0,10.876704283592026,9.294567050711809,25.36898163329311
2025-11-27 17:02:14,18.0,10.5,8.87755819406086,25.606474337630328
2025-11-27 17:02:15,18.054078729983146,10.622429464028743,9.494105916342754,25.631341705479425
2025-11-27 17:02:16,18.1,11.024342852461492,9.421193431717072,25.3944489763847
2025-11-27 17:02:17,18.1,11.003031140569183,9.145202147335098,25.505097623538575
2025-11-27 17:02:18,18.1,10.651649735520575,9.623901194107663,25.66819780374617
2025-11-27 17:02:19,18.1,10.52409055684237,10.046618004599427,25.768014497047403
2025-11-27 17:02:20,18.1,10.576018496045867,10.306977325087795,25.8
2025-11-27 17:02:21,18.1,10.523880394746401,10.239532707427497,25.393921963624933
2025-11-27 17:02:22,18.1,10.62377289360716,10.153493902607638,25.2
2025-11-27 17:02:23,18.154069872091814,10.723655353400732,10.093016278968292,25.40224406561301
2025-11-27 17:02:24,18.14594154176288,10.72933309477483,10.053488154221114,25.365452457977348
2025-11-27 17:02:25,18.1,10.5,11.48683462372546,25.232855266156285
2025-11-27 17:02:26,18.1,10.616795418496414,11.253972040556922,25.13297584041318
2025-11-27 17:02:27,18.1,10.907081442281434,10.048826296743064,25.233794272296066
2025-11-27 17:02:28,18.1,10.6,10.1,25.3
2025-11-27 17:02:29,18.1,10.6,10.046533087882038,25.23336129633391
2025-11-27 17:02:30,18.1,10.6,13.55831544770897,25.26650967454056
2025-11-27 17:02:31,18.1,10.6,13.139098649236384,25.3
2025-11-27 17:02:32,18.1,10.6,10.0,25.233755947551767
2025-11-27 17:02:33,18.1,10.6,10.0,25.39829719538203
2025-11-27 17:02:34,18.1,10.6,10.053443335648193,25.76367961468857
2025-11-27 17:02:35,18.1,10.6,10.04656096892248,25.83426869592843
2025-11-27 17:02:36,18.1,10.6,10.053432851405411,25.8655407485952
2025-11-27 17:02:37,18.1,10.6,10.046571987289404,25.9
2025-11-27 17:02:38,18.1,10.6,10.0,25.443595473619567
2025-11-27 17:02:39,18.1,10.577959557098398,9.454496549758867,25.330128623755574
2025-11-27 17:02:40,18.15393011013476,10.5,9.68560887074309,25.335069690737754
2025-11-27 17:02:41,18.146091508184984,10.521841104291994,10.193201904569326,25.235194709387304
2025-11-27 17:02:42,18.1,10.6,10.1,25.264677799636075
2025-11-27 17:02:43,18.1,10.6,10.1,25.2354514954604
2025-11-27 17:02:44,18.1,10.6,10.1,25.13556992445176
2025-11-27 17:02:45,18.1,10.6,10.1,25.228609048747654
2025-11-27 17:02:46,18.1,10.6,10.1,25.235825027329508
2025-11-27 17:02:47,18.15379148964165,10.6,10.1,25.2
2025-11-27 17:02:48,18.146229945000787,10.6,10.1,25.2
2025-11-27 17:02:49,18.1,10.6,10.04661457364696,25.32755834463995
2025-11-27 17:02:50,18.1,10.6,10.053386648331292,25.272710566017608
2025-11-27 17:02:51,18.1,10.6,10.153377046335368,25.2
2025-11-27 17:02:52,18.1,10.6,10.146623803566058,25.58028550280115
2025-11-27 17:02:53,18.1,10.6,10.1,25.736779815924198
2025-11-27 17:02:54,18.1,10.6,10.1,25.384632227743857
2025-11-27 17:02:55,18.1,10.6,10.36671755918012,25.262942045835786
2025-11-27 17:02:56,18.1,10.6,10.439994347857194,25.3
2025-11-27 17:02:57,18.1,10.6,10.246644937749728,25.362671782822563
2025-11-27 17:02:58,18.1,10.6,10.146633535621556,25.33746933774773
2025-11-27 17:02:59,18.1,10.6,10.046628231809823,25.3
2025-11-27 17:03:00,18.1,10.6,10.106728532088397,25.3
2025-11-27 17:03:01,18.1,10.6,10.146638753841788,25.3
2025-11-27 17:03:02,18.1,10.619692325939022,10.1,25.361975899644705
2025-11-27 17:03:03,18.1,10.817437729027098,10.1,25.58543085414004
2025-11-27 17:03:04,18.1,11.3,10.1,25.453370353271925
2025-11-27 17:03:05,18.1,11.3,10.1,25.3
2025-11-27 17:03:06,18.1,11.319212359997724,9.769000878427287,25.054383798715822
2025-11-27 17:03:07,18.1,11.361781266190649,9.810961316699863,25.206086068853846
2025-11-27 17:03:08,18.1,11.238028515135538,10.206678922342764,25.33896181227986
2025-11-27 17:03:09,18.1,11.362200715063016,10.102597861500813,25.178176890505462
2025-11-27 17:03:10,18.1,11.2,10.234030233128344,25.22157000565737
2025-11-27 17:03:11,18.1,11.218716662860507,10.76643488531041,25.3
2025-11-27 17:03:12,18.1,11.3,11.0,25.3
2025-11-27 17:03:13,18.1,11.3,13.330082689079141,25.239609535037054
2025-11-27 17:03:14,18.1,11.3,12.857123974161514,25.260259436601608
2025-11-27 17:03:15,18.1,11.281700372205187,10.387320125707006,25.239868824727854
2025-11-27 17:03:16,18.1,11.218202322380296,10.093685158373479,25.2
2025-11-27 17:03:17,18.1,11.3,10.106284960511472,25.25987556405944
2025-11-27 17:03:18,18.1,11.282003566772657,10.2,25.3
2025-11-27 17:03:19,18.1,11.217900476592842,10.2,25.3
2025-11-27 17:03:20,18.1,11.3,10.008866663026296,25.3
2025-11-27 17:03:21,18.1,11.3,9.924868439917823,25.240663529792762
2025-11-27 17:03:22,18.1,11.3,10.0,25.555057057348634
2025-11-27 17:03:23,18.153253624646165,11.282514181205967,10.158458076525454,25.741006313346464
2025-11-27 17:03:24,18.14674235813276,11.217391013378856,10.247308155378832,25.81760980069378
2025-11-27 17:03:25,18.1,11.3,10.2,25.665464824446577
2025-11-27 17:03:26,18.1,11.282814863968781,10.2,25.3830139413682
2025-11-27 17:03:27,18.1,11.21708498013125,10.252317537839113,25.241633652792228
2025-11-27 17:03:28,18.1,11.3,10.247809830929764,25.37466705260983
2025-11-27 17:03:29,18.1,11.3,10.085424172875992,25.44192703286573
2025-11-27 17:03:30,18.1,11.3,9.532593555307901,24.936193711837298
2025-11-27 17:03:31,18.1,11.283328740142007,9.576797308614717,25.062469404593347
2025-11-27 17:03:32,18.1,11.216575997705906,10.0,25.342370416403266
2025-11-27 17:03:33,18.1,11.3,10.0,25.3
2025-11-27 17:03:34,18.1,11.3,10.0,25.242640472407235
2025-11-27 17:03:35,18.1,11.3,10.051432105492278,25.37164166172344
2025-11-27 17:03:36,18.1,11.316165682034736,10.048677994052015,25.32878250748634
2025-11-27 17:03:37,18.046721673633545,11.4,10.0,25.2
2025-11-27 17:03:38,18.05327746802418,11.36808681892231,10.051109794888356,25.37040262629874
2025-11-27 17:03:39,18.1,11.21586394534493,9.620157618272106,24.989732581306615
2025-11-27 17:03:40,18.1,11.36300432511658,9.098819425688951,24.543418327230032
2025-11-27 17:03:41,18.1,11.621872337910865,9.527939364292008,24.951052354039646
2025-11-27 17:03:42,18.04672270791035,11.215560398389941,9.579059513880232,24.90627541593613
2025-11-27 17:03:43,18.053276296360224,11.269095069259839,9.483800782055978,24.880497645851687
2025-11-27 17:03:44,18.1,11.130743025953556,9.502390143697074,24.82016747698538
2025-11-27 17:03:45,18.1,11.3,9.401125382396936,24.6
2025-11-27 17:03:46,18.1,11.269702080422684,9.94102427847961,24.989474489170938
2025-11-27 17:03:47,18.1,11.1,10.3,25.244535999845702
2025-11-27 17:03:48,18.1,11.085032307114806,9.701118649667846,24.812356966045492
2025-11-27 17:03:49,18.1,11.0,9.597912669955388,24.88662083741121
2025-11-27 17:03:50,18.0467512457156,10.94090185471609,9.498815174442282,24.814276577487455
2025-11-27 17:03:51,18.0,10.673513130196966,8.87512167215507,24.5
2025-11-27 17:03:52,18.053273316726063,11.1,8.889667637250806,24.5
2025-11-27 17:03:53,18.04672627187654,11.114452973635455,8.865769122121463,24.5
2025-11-27 17:03:54,18.0,11.18565168395069,8.819823388794292,24.5
2025-11-27 17:03:55,18.0,11.11425303621934,8.864249284767396,24.5
2025-11-27 17:03:56,18.053275900010323,11.171709543698936,8.934110225597722,24.5
2025-11-27 17:03:57,18.046721049981212,11.0,8.911663832916394,24.5
2025-11-27 17:03:58,18.0,11.027904178954348,8.854851054867884,24.553988610980984
2025-11-27 17:03:59,18.0,11.2,8.855167695061207,24.54606656431331
2025-11-27 17:04:00,18.0,11.2,8.85,24.607735887129916
2025-11-27 17:04:01,18.0,11.2,8.845205006697793,24.592383302103002
2025-11-27 17:04:02,18.0,11.172939771825293,9.317157630724974,24.5
2025-11-27 17:04:03,18.0,11.013443250235133,9.844747673515137,24.5
2025-11-27 17:04:04,18.0,11.086660059304293,9.371882963140479,24.446327922601746
2025-11-27 17:04:05,18.0,11.013241524565982,9.273894996472873,24.4
2025-11-27 17:04:06,18.0,11.1,9.322807862490802,24.4
2025-11-27 17:04:07,18.0,11.113030331319692,8.825308290881711,24.45353828738926
2025-11-27 17:04:08,18.0,11.17415746449912,8.834019631034035,24.5
2025-11-27 17:04:09,18.0,11.025661890113073,8.845345376818194,24.446551802617112
2025-11-27 17:04:10,18.0,11.18728388315732,8.84,24.45340368124242
2025-11-27 17:04:11,18.0,11.112621211706246,8.830764776534126,24.5
2025-11-27 17:04:12,18.0,11.2,8.82,24.5
2025-11-27 17:04:13,18.053273777099903,11.187583730199751,8.824580752296102,24.446734258253272
2025-11-27 17:04:14,18.1,11.1,8.825437748362338,24.453218363030302
2025-11-27 17:04:15,18.1,11.038875897585475,8.829093614293376,24.5
2025-11-27 17:04:16,18.1,10.672963964234148,8.858126598231161,24.55310875921505
2025-11-27 17:04:17,18.1,11.2,8.861948616509551,24.812100781574504
2025-11-27 17:04:18,18.1,11.11661865692203,8.844494257340354,24.841024871132113
2025-11-27 17:04:19,18.1,10.5,8.841048645571657,24.59404292574496
2025-11-27 17:04:20,18.1,10.5,8.843371216763453,24.5
2025-11-27 17:04:21,18.1,10.534980822183975,8.877752345743467,24.5
2025-11-27 17:04:22,18.046736628844826,10.765382545446055,8.864646062673474,24.5
2025-11-27 17:04:23,18.0,10.5,8.824400863957408,24.447226382161755
2025-11-27 17:04:24,18.0,10.5,8.825617556864236,24.4
2025-11-27 17:04:25,18.0,10.5,8.81563590671109,24.4
2025-11-27 17:04:26,18.0,10.5,8.818695877437433,24.4
2025-11-27 17:04:27,18.0,10.5,8.825667612159133,24.4
2025-11-27 17:04:28,18.0,10.5,8.828627848821824,24.505169793608268
2025-11-27 17:04:29,18.0,10.5,8.831409072671136,24.547451649452725
2025-11-27 17:04:30,18.0,10.5,8.82427704406497,24.552486399515093
2025-11-27 17:04:31,18.0,10.5,8.83,24.547574917518173
2025-11-27 17:04:32,18.05327827209135,10.5,8.825759910347923,24.5
2025-11-27 17:04:33,18.1,10.5,8.824225662346622,24.5
2025-11-27 17:04:34,18.1,10.5,8.825787354044628,24.552259555506417
2025-11-27 17:04:35,18.1,10.5,8.82,24.547788462913445
2025-11-27 17:04:36,18.1,10.5,8.824175789133001,24.5
2025-11-27 17:04:37,18.1,10.5,8.838314451283026,24.5
2025-11-27 17:04:38,18.1,10.5,8.841722748639786,24.5
2025-11-27 17:04:39,18.1,10.5,8.842359863129847,24.5
2025-11-27 17:04:40,18.1,10.5,8.847696362252641,24.447881552700032
2025-11-27 17:04:41,18.1,10.5,8.825917316406425,24.4
2025-11-27 17:04:42,18.1,10.52856995574409,8.840334683654149,24.4
2025-11-27 17:04:43,18.1,10.771812004745863,8.861895321777565,24.4
2025-11-27 17:04:44,18.1,10.5,8.84596633412008,24.452051238471235
2025-11-27 17:04:45,18.1,10.5,8.835984880774152,24.44796499292955
2025-11-27 17:04:46,18.1,10.5,8.841989549764623,24.45201881365556
2025-11-27 17:04:47,18.1,10.5,8.852044390037966,24.447997332016822
2025-11-27 17:04:48,18.1,10.5,8.843959179525939,24.45198620757058
2025-11-27 17:04:49,18.1,10.5,8.846059466735076,24.448030294578565
2025-11-27 17:04:50,18.1,10.5,8.988975716489865,24.5038958172545
2025-11-27 17:04:51,18.1,10.5,9.196582289727163,24.6
2025-11-27 17:04:52,18.1,10.517006767083087,9.128857830308409,24.6
2025-11-27 17:04:53,18.1,10.7,9.07611827892713,24.70375535386255
2025-11-27 17:04:54,18.1,10.675150436431226,9.178349153591581,24.8
2025-11-27 17:04:55,18.1,10.424610654356883,9.28825083168902,24.696376563797404
2025-11-27 17:04:56,18.1,10.68384608530794,9.25546687725851,24.6518183541203
2025-11-27 17:04:57,18.1,10.523986724838757,9.336977493186337,24.7
2025-11-27 17:04:58,18.1,10.8,9.322940210116705,24.803594087292808
2025-11-27 17:04:59,18.1,10.776702091315356,9.356190501246514,24.84821894752902
2025-11-27 17:05:00,18.1,10.515375273054778,9.35759101378045,24.69644691303158
2025-11-27 17:05:01,18.1,10.7,9.37378204865652,24.65176398857131
2025-11-27 17:05:02,18.1,10.7,9.368692398292367,24.648252780039265
2025-11-27 17:05:03,18.1,10.7,9.361265010259794,24.6
2025-11-27 17:05:04,18.1,10.7,9.323866497462655,24.6
2025-11-27 17:05:05,18.1,10.707166923868312,9.21880619255733,24.6
2025-11-27 17:05:06,18.1,10.792944615400007,9.2,24.6
2025-11-27 17:05:07,18.1,10.7,9.2,24.6
2025-11-27 17:05:08,18.1,10.7,9.192612899861365,24.6
2025-11-27 17:05:09,18.1,10.706757766347845,9.18,24.6
2025-11-27 17:05:10,18.1,10.793351246587674,9.19467432751309,24.6
2025-11-27 17:05:11,18.1,10.7,9.223655690410721,24.6
2025-11-27 17:05:12,18.1,10.680630754254986,9.226357211671484,24.6
2025-11-27 17:05:13,18.1,10.406377547860965,9.230889525056295,24.6
2025-11-27 17:05:14,18.1,10.5,9.239149515085566,24.6
2025-11-27 17:05:15,18.1,10.512342602199181,9.22,24.6
2025-11-27 17:05:16,18.1,10.681847222070019,9.22,24.6
2025-11-27 17:05:17,18.1,10.417907985798982,9.230741140203602,24.6
2025-11-27 17:05:18,18.1,10.68245016215969,9.239286375049558,24.6
2025-11-27 17:05:19,18.1,10.4,9.227116648558528,24.6
2025-11-27 17:05:20,18.1,10.405666295201334,9.250635572840574,24.6
2025-11-27 17:05:21,18.1,10.5,9.259404114277823,24.650553547691498
2025-11-27 17:05:22,18.1,10.510910629640195,9.250556549628026,24.649616685378778
2025-11-27 17:05:23,18.1,10.689329592155914,9.2664944373212,24.65025805349646
2025-11-27 17:05:24,18.1,10.5,9.253015190135638,24.649868163683628
2025-11-27 17:05:25,18.1,10.5,9.24,24.6
2025-11-27 17:05:26,18.1,10.5,9.291987607450386,24.6
2025-11-27 17:05:27,18.1,10.5,9.369290871459887,24.6
2025-11-27 17:05:28,18.1,10.5,9.302496855852068,24.6
2025-11-27 17:05:29,18.1,10.5,9.273971355273417,24.6
2025-11-27 17:05:30,18.1,10.5,9.292711637836817,24.6
2025-11-27 17:05:31,18.1,10.5,9.236601795273655,24.6
2025-11-27 17:05:32,18.1,10.5,9.25708042307685,24.6
2025-11-27 17:05:33,18.1,10.5,9.293142427326266,24.6
2025-11-27 17:05:34,18.1,10.5,9.249924432445663,24.6
2025-11-27 17:05:35,18.1,10.5,9.20323246156407,24.6
2025-11-27 17:05:36,18.1,10.5,9.156667549320044,24.64811671085008
2025-11-27 17:05:37,18.1,10.5,9.067000190562396,24.556128240502126
2025-11-27 17:05:38,18.1,10.507670115778927,8.965916523545001,24.49559987556271
2025-11-27 17:05:39,18.1,10.7,9.183292302578284,24.6
2025-11-27 17:05:40,18.1,10.703611827436418,9.196559317118192,24.6
2025-11-27 17:05:41,18.1,10.793011221313947,9.190396638424934,24.6
2025-11-27 17:05:42,18.1,10.603409953710539,9.15,24.6
2025-11-27 17:05:43,18.1,10.706604958159707,9.15324305222842,24.6
2025-11-27 17:05:44,18.1,10.893635970337279,9.214913208646852,24.69385674219201
2025-11-27 17:05:45,18.1,10.7,9.320343342331766,24.846737763698822
2025-11-27 17:05:46,18.1,10.7,9.235770890489254,24.853448121989583
2025-11-27 17:05:47,18.04761701549399,10.7,9.11279967347553,24.846367273994982
2025-11-27 17:05:48,18.052371615889264,10.7,9.136812093114967,24.853819151840078
2025-11-27 17:05:49,18.1,10.7,9.123642091704607,24.8
2025-11-27 17:05:50,18.1,10.7,9.11,24.8
2025-11-27 17:05:51,18.047672814910655,10.697504405720206,9.10051495325567,24.8
2025-11-27 17:05:52,18.052314514531552,10.602395120159708,9.064248025663986,24.8
2025-11-27 17:05:53,18.1,10.695416364918431,9.06141071417934,24.8
2025-11-27 17:05:54,18.1,10.504417192230896,9.042243256704825,24.664755963433795
2025-11-27 17:05:55,18.1,10.7,8.93426912460244,24.589841408261506
2025-11-27 17:05:56,18.1,10.7,9.123103223544298,24.74474146132974
2025-11-27 17:05:57,18.1,10.6981140798303,9.126906707079954,24.8
2025-11-27 17:05:58,18.1,10.601786249713914,9.123081406023289,24.8
2025-11-27 17:05:59,18.1,10.7,9.13,24.8
2025-11-27 17:06:00,18.1,10.7,9.191186286325355,24.8
2025-11-27 17:06:01,18.1,10.7,9.290334282068384,24.8
2025-11-27 17:06:02,18.1,10.697255699247087,9.096652877177311,24.712730588703234
2025-11-27 17:06:03,18.1,10.5,8.856970784288889,24.6
2025-11-27 17:06:04,18.1,10.5,8.85,24.643309861333844
2025-11-27 17:06:05,18.1,10.502175897208156,8.972746543649455,24.7
2025-11-27 17:06:06,18.1,10.700963122997413,9.236210118358496,24.785902923636247
2025-11-27 17:06:07,18.1,10.79913996130076,9.177038908814,24.77169733760951
2025-11-27 17:06:08,18.1,10.700759314228335,9.161154188785945,24.55739215017382
2025-11-27 17:06:09,18.1,10.8,9.137060871322744,24.58489172573614
2025-11-27 17:06:10,18.1,10.8,9.13293337695905,24.615443573727408
2025-11-27 17:06:11,18.1,10.8,9.137078632474156,24.584229113264264
2025-11-27 17:06:12,18.1,10.8,9.13,24.741938141660505
2025-11-27 17:06:13,18.049263183917155,10.8,9.144495551192087,24.716469592423362
2025-11-27 17:06:14,18.0,10.799856821772048,9.174217862900441,24.641599459998268
2025-11-27 17:06:15,18.0,10.700048848604336,9.157121097421495,24.658568813357768
2025-11-27 17:06:16,18.050423163230583,10.799944458827248,9.175799163094236,24.6
2025-11-27 17:06:17,18.1,10.8,9.208607079751388,24.6410948611521
2025-11-27 17:06:18,18.04980449859254,10.8,9.13,24.61814227444281
2025-11-27 17:06:19,18.0,10.8,9.14980966459612,24.540772574686418
2025-11-27 17:06:20,18.04998073390257,10.700457150996309,9.177458596375084,24.6
2025-11-27 17:06:21,18.1,10.799436714917398,9.159276319768297,24.6
2025-11-27 17:06:22,18.05024313483772,10.8,9.226489249602258,24.559718406086564
2025-11-27 17:06:23,18.0,10.700761562359244,9.142780572916692,24.54012414075125
2025-11-27 17:06:24,18.04962390222458,10.799135597757742,9.14723141911884,24.6
2025-11-27 17:06:25,18.050486236266217,10.8,9.037964577462592,24.520381365344885
2025-11-27 17:06:26,18.0,10.503129167875782,8.890890473111748,24.47932162304526
2025-11-27 17:06:27,18.0,10.796490283966117,9.169001985307393,24.6
2025-11-27 17:06:28,18.0,10.8,9.070888705042858,24.6
2025-11-27 17:06:29,18.0,10.701370034310402,9.081024500610281,24.52164061932713
2025-11-27 17:06:30,18.0,10.50290479285103,8.978691622957705,24.478134535225443
2025-11-27 17:06:31,18.0,10.598444521982687,8.880327118658586,24.56102774228522
2025-11-27 17:06:32,18.0,10.6,8.96328932929451,24.461174334448824
2025-11-27 17:06:33,18.048720909712912,10.698226280146663,8.998973713466944,24.477343027170846
2025-11-27 17:06:34,18.05138841586361,10.798117353310744,9.165441277680728,24.52296431107067
2025-11-27 17:06:35,18.0,10.505864969262463,8.921312416525238,24.438371838650205
2025-11-27 17:06:36,18.0,10.695847911704186,9.250911742853605,24.5
2025-11-27 17:06:37,18.048321492836166,10.79781302572642,9.14778162248403,24.5
2025-11-27 17:06:38,18.051789386289947,10.50678365058634,9.182907623610102,24.5
2025-11-27 17:06:39,18.0,10.792841743424015,9.104350051993935,24.462219897950558
2025-11-27 17:06:40,18.0,10.8,8.777678226191053,24.4
2025-11-27 17:06:41,18.0,10.8,8.868588625234294,24.474984086750894
2025-11-27 17:06:42,18.047816411013834,10.8,9.085130601395578,24.56266356054579
2025-11-27 17:06:43,18.052278617836652,10.8,9.15258816175639,24.5
2025-11-27 17:06:44,18.0,10.8,9.11757007560328,24.4629665280693
2025-11-27 17:06:45,18.0,10.60596932585921,8.807512835487296,24.4
2025-11-27 17:06:46,18.0,10.503073073635807,8.802470119218349,24.4
2025-11-27 17:06:47,18.047322488769513,10.5,8.937632018974941,24.436607832583416
2025-11-27 17:06:48,18.1,10.693418281825501,9.266719935468705,24.5
2025-11-27 17:06:49,18.052890886742155,10.7,9.036064206571906,24.463691995398296
2025-11-27 17:06:50,18.0,10.7,8.896195935214354,24.4
2025-11-27 17:06:51,18.0,10.507158235968701,8.85467948232963,24.4
2025-11-27 17:06:52,18.0,10.596306679354955,8.998127215246164,24.435885677772863
2025-11-27 17:06:53,18.0,10.503781501595299,8.795247968106555,24.5
2025-11-27 17:06:54,18.046616361223755,10.59611331944031,8.857779285563385,24.5
2025-11-27 17:06:55,18.053478599492486,10.695993050401023,9.039785724367606,24.464563315970402
2025-11-27 17:06:56,18.0,10.508172235544796,8.798317637900182,24.4
2025-11-27 17:06:57,18.0,10.69159686798977,8.766955988957376,24.4
2025-11-27 17:06:58,18.046221637932472,10.508575684472287,8.803802188942587,24.4
2025-11-27 17:06:59,18.1,10.5,8.843155544111315,24.4
2025-11-27 17:07:00,18.1,10.690989641481323,8.822263039347387,24.4
2025-11-27 17:07:01,18.1,10.509191345141016,8.825511282953284,24.4
2025-11-27 17:07:02,18.1,10.785839586703693,8.807772046531946,24.434439378552135
2025-11-27 17:07:03,18.1,10.704819367504014,8.8,24.465693445956358
2025-11-27 17:07:04,18.1,10.7,8.802198354990265,24.434188101328616
2025-11-27 17:07:05,18.1,10.794977517296998,8.812179933389734,24.46596592802796
2025-11-27 17:07:06,18.1,10.8,8.830806854466216,24.4
2025-11-27 17:07:07,18.1,10.705222029131319,8.84214522403352,24.433788418248024
2025-11-27 17:07:08,18.1,10.7,8.744249993157686,24.466361118722563
2025-11-27 17:07:09,18.1,10.7,8.804276650226692,24.4
2025-11-27 17:07:10,18.1,10.7,8.923904668157778,24.4
2025-11-27 17:07:11,18.1,10.511212176871672,8.754154824810982,24.4
2025-11-27 17:07:12,18.1,10.688548229548811,8.77,24.4
2025-11-27 17:07:13,18.1,10.7,8.772041499450127,24.432989730235064
2025-11-27 17:07:14,18.1,10.7,8.77797652697803,24.467159162653658
2025-11-27 17:07:15,18.1,10.793962547526526,8.772005487960875,24.4
2025-11-27 17:07:16,18.1,10.518342636600794,8.77801104101247,24.4
2025-11-27 17:07:17,18.1,10.5,8.764067772729545,24.4
2025-11-27 17:07:18,18.1,10.7808518887702,8.747838969184977,24.432313436639213
2025-11-27 17:07:19,18.1,10.8,8.774174646716778,24.5
2025-11-27 17:07:20,18.1,10.706584553674361,8.75,24.5
2025-11-27 17:07:21,18.1,10.513323257463334,8.757632231001388,24.53188280023241
2025-11-27 17:07:22,18.1,10.686430432482192,8.810868581300552,24.6
2025-11-27 17:07:23,18.1,10.51372629927818,8.883096846694087,24.6
2025-11-27 17:07:24,18.1,10.77903156102157,8.80256019069868,24.6
2025-11-27 17:07:25,18.1,10.8,8.771842065431116,24.6
2025-11-27 17:07:26,18.1,10.70718694655352,8.778175898920592,24.6
2025-11-27 17:07:27,18.1,10.7927035980338,8.77,24.6
2025-11-27 17:07:28,18.1,10.8,8.77357650246174,24.722894807154102
2025-11-27 17:07:29,18.1,10.8,8.786459590728562,24.877766410189086
2025-11-27 17:07:30,18.1,10.522733992336592,8.771752942652528,24.6
2025-11-27 17:07:31,18.1,10.684610200682673,8.77826211095393,24.6
2025-11-27 17:07:32,18.1,10.60778349040749,8.792356972614774,24.6
2025-11-27 17:07:33,18.1,10.507880561706681,8.871082131928583,24.62997209212882
2025-11-27 17:07:34,18.1,10.775975798645877,8.733369668848765,24.729794864813922
2025-11-27 17:07:35,18.1,10.524258689020213,8.751667063719196,24.77038596304177
2025-11-27 17:07:36,18.1,10.683595315165226,8.764947553799747,24.729432730782722
2025-11-27 17:07:37,18.1,10.42484044930543,8.801416502329356,25.033812917648678
2025-11-27 17:07:38,18.1,10.583216531416493,8.855163670000385,25.541998797230487
2025-11-27 17:07:39,18.1,10.6,8.841156628209426,25.4
2025-11-27 17:07:40,18.1,11.148108164465707,9.068515262386978,25.4
2025-11-27 17:07:41,18.1,11.01747809045013,9.990102211817774,25.48565783047885
2025-11-27 17:07:42,18.1,11.0,10.1,25.7567409366817
2025-11-27 17:07:43,18.1,10.544508829469756,10.080303271435938,25.787238285500578
2025-11-27 17:07:44,18.1,10.591000116943771,9.971504849882987,25.584088735859556
2025-11-27 17:07:45,18.1,10.6,9.99793689452215,25.883519286245352
2025-11-27 17:07:46,18.1,10.690783257267165,10.1,26.072340788868857
2025-11-27 17:07:47,18.1,10.790672137562108,10.1,26.0
2025-11-27 17:07:48,18.1,10.890564085709592,10.1,26.0
2025-11-27 17:07:49,18.1,10.809530131961317,10.1,26.0
2025-11-27 17:07:50,18.1,10.709628551986073,10.18619202013529,26.027234682305583
2025-11-27 17:07:51,18.1,10.7,10.61485041284882,26.072876991801298
2025-11-27 17:07:52,18.1,10.79016470629703,10.1,25.972977690096773
2025-11-27 17:07:53,18.1,10.8,10.113952277847348,25.711535890758157
2025-11-27 17:07:54,18.1,10.710030481799171,10.186172941168625,25.280368700277247
2025-11-27 17:07:55,18.1,10.789858848353072,10.127428369120778,25.446726375275702
2025-11-27 17:07:56,18.1,10.710239571605069,10.259086372221883,25.326495210882804
2025-11-27 17:07:57,18.1,10.610325544366523,10.0,25.373647315417465
2025-11-27 17:07:58,18.1,10.6,9.993289456259955,25.27377791112016
2025-11-27 17:07:59,18.1,10.868338150227082,9.83936835205122,25.27826138500726
2025-11-27 17:08:00,18.1,10.631899076706677,9.213000975200215,25.44812275540631
2025-11-27 17:08:01,18.1,10.6,9.81869021747925,25.3
2025-11-27 17:08:02,18.1,10.6,9.80870885923523,25.274331805848732
2025-11-27 17:08:03,18.1,10.6,9.811452840362339,25.276596644186505
2025-11-27 17:08:04,18.1,10.511032933069169,9.86744087598433,25.47462088882064
2025-11-27 17:08:05,18.1,10.58886158462885,9.724825941256514,25.4252349016935
2025-11-27 17:08:06,18.1,10.511234074663736,9.819048702705018,25.5
2025-11-27 17:08:07,18.1,10.588660621741914,9.741198913622416,25.5
2025-11-27 17:08:08,18.1,10.6,9.741728015911875,25.5247759591846
2025-11-27 17:08:09,18.1,10.511542804688462,9.729101111566314,25.55077261579
2025-11-27 17:08:10,18.1,10.58835329868285,10.074718934414417,25.49783897554818
2025-11-27 17:08:11,18.1,10.511744586062662,9.859501642911917,25.678469033923996
2025-11-27 17:08:12,18.1,10.588149770838632,9.703363587769836,25.3
2025-11-27 17:08:13,18.1,10.6,9.731103692863604,25.27587408822847
2025-11-27 17:08:14,18.1,10.6,9.736733813185927,25.224030863375713
2025-11-27 17:08:15,18.1,10.6,9.716426287794953,25.276074781847377
2025-11-27 17:08:16,18.1,10.6,9.767894273643567,25.17617593134935
2025-11-27 17:08:17,18.1,10.6,9.761381356577525,25.171176229511126
2025-11-27 17:08:18,18.1,10.6,9.84476456070371,25.352771513463384
2025-11-27 17:08:19,18.1,10.6,9.712994138827467,25.223521688631834
2025-11-27 17:08:20,18.1,11.036462629795512,9.775307454954097,25.229724605489018
2025-11-27 17:08:21,18.1,11.1,10.1,25.0
2025-11-27 17:08:22,18.1,11.012912197258723,10.109555107154984,24.976835890942663
2025-11-27 17:08:23,18.1,11.173947517822373,10.247121439419525,24.9
2025-11-27 17:08:24,18.1,11.11312540268748,10.644453417307263,24.9
2025-11-27 17:08:25,18.1,11.013217924125385,10.173094179687192,24.9
2025-11-27 17:08:26,18.1,11.259974107791498,10.891053442745866,24.94537070125321
2025-11-27 17:08:27,18.064068586682215,11.3,10.729707898178154,24.964625601835802
2025-11-27 17:08:28,18.03582350094593,11.3,10.017348199621905,24.657297069182814
2025-11-27 17:08:29,18.1,11.3,10.217101805635625,25.17772860531534
2025-11-27 17:08:30,18.1,11.3,10.450530311791068,25.1
2025-11-27 17:08:31,18.1,11.213850481759822,10.967059643190215,25.122049031942066
2025-11-27 17:08:32,18.1,11.286047842623363,10.6,25.265891753498064
2025-11-27 17:08:33,18.1,11.3,10.567936638106953,25.5
2025-11-27 17:08:34,18.1,11.3,10.223659804747,25.5
2025-11-27 17:08:35,18.1,11.3,10.49227182345065,25.4568639504115
2025-11-27 17:08:36,18.1,11.3,10.36965254319633,25.34296854615231
2025-11-27 17:08:37,18.1,11.471045477070248,10.014949591930137,25.5
2025-11-27 17:08:38,18.1,11.329141166549945,10.207349393316253,25.478809261642226
2025-11-27 17:08:39,18.1,11.3,10.307210446158246,25.37894237761618
2025-11-27 17:08:40,18.06553737711212,11.385221516741579,10.4070669246683,25.237092545523684
2025-11-27 17:08:41,18.0,11.229725379114996,10.493091492683643,25.0
2025-11-27 17:08:42,18.034248521014444,11.285031991544496,10.406764185988276,25.0
2025-11-27 17:08:43,18.1,11.215067127002406,10.493396554527447,25.02069190207219
2025-11-27 17:08:44,18.1,11.36964184119749,10.4,25.079414244020214
2025-11-27 17:08:45,18.1,11.315276137873736,10.406302234562135,25.020488612303904
2025-11-27 17:08:46,18.1,11.3,10.5,25.07961647077655
2025-11-27 17:08:47,18.06629150984158,11.3,10.5,25.020286767187372
2025-11-27 17:08:48,18.033643733373978,11.215572371584969,10.49417134151059,25.1
2025-11-27 17:08:49,18.066465540873494,11.284315125859306,10.4,25.079921833576215
2025-11-27 17:08:50,18.033427506885594,11.215775934436289,10.411050524346985,25.0
2025-11-27 17:08:51,18.066681742747285,11.28411896646331,10.583920359768173,25.09934488018316
2025-11-27 17:08:52,18.033210876509365,11.384008544983217,10.404253432456219,25.401297748776884
2025-11-27 17:08:53,18.066899679073064,11.316086732822319,12.211968419608944,25.01967464164973
2025-11-27 17:08:54,18.0,11.46759469652771,10.485222180207279,25.1
2025-11-27 17:08:55,18.0328856207407,11.583685430635489,10.214397510243655,25.1
2025-11-27 17:08:56,18.067225195182115,11.3492640563557,10.5,25.1
2025-11-27 17:08:57,18.0,11.3,10.43575790820991,25.003646801408422
2025-11-27 17:08:58,18.0,11.216619737030472,9.116072364428506,24.73437462586992
2025-11-27 17:08:59,18.0,11.283271100839979,10.117021916762813,25.242867168901377
2025-11-27 17:09:00,18.0,11.38315883204962,10.495900646424888,25.018959678516065
2025-11-27 17:09:01,18.0,11.233854088622657,10.4,25.1
2025-11-27 17:09:02,18.03223242132056,11.36590692190027,10.407779386261602,25.1
2025-11-27 17:09:03,18.067868234747003,11.31714021979802,10.6,25.1
2025-11-27 17:09:04,18.0,11.3,10.607221823730747,24.970070944838053
2025-11-27 17:09:05,18.0,11.3,10.752274571484746,24.437015756229478
2025-11-27 17:09:06,18.0,10.80436607906534,9.42524235593175,24.691918944731324
2025-11-27 17:09:07,18.0,11.02993682770962,9.86,25.08175852593225
2025-11-27 17:09:08,18.0,11.017621372855249,9.832415186951335,24.891038683773242
2025-11-27 17:09:09,18.0,11.16453269847333,8.967902348102879,24.4
2025-11-27 17:09:10,18.0,11.2,8.897198067425913,24.4
2025-11-27 17:09:11,18.0,10.625190865529564,8.799476538248086,24.4
2025-11-27 17:09:12,18.0,10.90991050074307,8.802862429976493,24.506700596590314
2025-11-27 17:09:13,18.0,11.0,9.720647499889335,24.911795393291392
2025-11-27 17:09:14,18.0,11.326973930451363,9.74861485770863,24.605465033638485
2025-11-27 17:09:15,18.0,11.073348608694472,9.685238124266286,24.977982490134195
2025-11-27 17:09:16,18.0,11.08156524506047,9.977230398966558,24.417383409508247
2025-11-27 17:09:17,18.0,11.1,10.396923251300196,24.569086499295572
2025-11-27 17:09:18,18.0,11.1,10.180329916642146,24.831481271986846
2025-11-27 17:09:19,18.0,11.1,8.824103944769847,24.585030053673563
2025-11-27 17:09:20,18.0,11.1,9.788456918749677,24.899015494697828
2025-11-27 17:09:21,18.0,10.613391655739557,8.800696774764125,24.4
2025-11-27 17:09:22,18.0,10.904833476914053,9.794024270902426,24.4
2025-11-27 17:09:23,18.0,10.838256098386056,9.037137753215474,24.499400277688448
2025-11-27 17:09:24,18.0,11.203697275729159,10.095493414356117,24.934316409270227
2025-11-27 17:09:25,18.0,10.81596083784366,9.143880021393652,24.6
2025-11-27 17:09:26,18.0,11.263698862774902,10.000241725238581,24.6
2025-11-27 17:09:27,18.0,11.158691031296547,10.098442747599792,24.6
2025-11-27 17:09:28,18.0,11.34094360570974,8.810510227874026,24.6
2025-11-27 17:09:29,18.0,11.319787263791518,9.059991553700383,24.6
2025-11-27 17:09:30,18.0,10.899212983097904,9.289686698415169,24.6
2025-11-27 17:09:31,18.0,10.8,9.32989099122887,24.6
2025-11-27 17:09:32,18.0,11.359370232160037,9.180589233486865,24.6
2025-11-27 17:09:33,18.0,11.5,9.16010273423761,24.584498957016503
2025-11-27 17:09:34,18.0,11.021596835307294,9.01092796403084,24.5
2025-11-27 17:09:35,18.0,11.298044273116112,9.902653535853943,24.5
2025-11-27 17:09:36,18.0,10.763477552787315,8.869514938038956,24.5
2025-11-27 17:09:37,18.0287489224582,11.076579656303272,8.909450181012422,24.5
2025-11-27 17:09:38,18.1,11.2,8.860643782134968,24.5
2025-11-27 17:09:39,18.1,11.2,9.136006299842505,24.5
2025-11-27 17:09:40,18.1,11.358181416825875,10.182444787396449,24.5
2025-11-27 17:09:41,18.1,10.846716636226198,9.236512540374877,24.514696932243
2025-11-27 17:09:42,18.1,10.7,9.10215445479664,24.585413336210895
2025-11-27 17:09:43,18.1,11.172837558655942,8.766083739472956,24.514494402304425
2025-11-27 17:09:44,18.1,11.378686429970948,9.132386315056499,24.6
2025-11-27 17:09:45,18.1,11.4,10.176387484909217,24.6
2025-11-27 17:09:46,18.1,10.850267406953343,9.15382919911828,24.6
2025-11-27 17:09:47,18.1,11.24875580349726,9.10070102752498,24.6
2025-11-27 17:09:48,18.1,11.4,9.265808463492432,24.6
2025-11-27 17:09:49,18.1,11.4,10.563735291313144,24.6
2025-11-27 17:09:50,18.1,11.4,9.287252845790647,24.6
2025-11-27 17:09:51,18.072825672236426,11.322023384634146,9.133447091880585,24.6
2025-11-27 17:09:52,18.0,10.832465064446907,8.88740901527955,24.572985184879922
2025-11-27 17:09:53,18.0,10.544297251010148,8.8606298884689,24.4
2025-11-27 17:09:54,18.0,10.5,8.792331328684641,24.4
2025-11-27 17:09:55,18.0,10.732899216389391,8.78035099819246,24.4
2025-11-27 17:09:56,18.0,10.8,8.789630928865513,24.413116740132693
2025-11-27 17:09:57,18.0,10.56766241516959,8.828482864570741,24.48699229325735
2025-11-27 17:09:58,18.0,10.5,8.801191435101064,24.425823700633206
2025-11-27 17:09:59,18.0,10.5,8.809584620726437,24.612787588206338
2025-11-27 17:10:00,18.0,10.654255004280113,8.819566267921747,24.738013342451165
2025-11-27 17:10:01,18.0,10.545922340759821,8.839095483868512,24.96236098196884
2025-11-27 17:10:02,18.0,10.5,8.811411524650241,24.7
2025-11-27 17:10:03,18.0,10.5,8.829022034843764,24.7
2025-11-27 17:10:04,18.0,10.42325536582403,8.886951826610064,24.7
2025-11-27 17:10:05,18.0,10.4,8.852106973556456,24.687900799157067
2025-11-27 17:10:06,18.0,10.476540310378278,8.755444934717522,24.611994734697387
2025-11-27 17:10:07,18.0,10.5,8.768875258816417,24.7
2025-11-27 17:10:08,18.0,10.5,8.77,24.68821662445117
2025-11-27 17:10:09,18.0,10.5,8.788803404564804,24.6
2025-11-27 17:10:10,18.0,10.5,8.808766859876801,24.61157237096254
2025-11-27 17:10:11,18.0,10.5,8.791269263071566,24.688532901314872
2025-11-27 17:10:12,18.0,10.575920971064908,8.761957393882751,24.611363953537666
2025-11-27 17:10:13,18.0,10.44834337478549,8.750670181079528,24.767473699318572
2025-11-27 17:10:14,18.0,10.47572902686462,8.7779354711731,25.288913060669927
2025-11-27 17:10:15,18.0,10.5,8.835759662874448,25.2
2025-11-27 17:10:16,18.0,10.5,8.77507275760151,25.210885834914393
2025-11-27 17:10:17,18.0,10.5,8.751484749622298,25.289228369382872
2025-11-27 17:10:18,18.0,10.5,8.75,25.242679186908024
2025-11-27 17:10:19,18.0,10.5,8.722332369731708,25.57894465275164
2025-11-27 17:10:20,18.0,10.424880850019889,8.747614748245956,25.410440155951825
2025-11-27 17:10:21,18.0,10.475013372772892,8.768374221849681,25.479337429041735
2025-11-27 17:10:22,18.0,10.5,8.751661136004314,25.2795098143135
2025-11-27 17:10:23,18.0,10.5,8.740848173560266,25.1
2025-11-27 17:10:24,18.0,10.425285868659877,8.74,25.11004402462102
2025-11-27 17:10:25,18.0,10.474609260662227,9.369196918844253,25.2
2025-11-27 17:10:26,18.0,10.723449651763778,8.847011340913,25.2
2025-11-27 17:10:27,18.0,10.576811893911978,8.808183466737237,25.2
2025-11-27 17:10:28,18.0,10.945564461033442,9.59869318181818,25.2
2025-11-27 17:10:29,18.0,10.654865241472896,9.073067836217731,25.15240455892592
2025-11-27 17:10:30,18.0,10.648167281953985,9.263290082024785,24.7
2025-11-27 17:10:31,18.0,10.552017961362916,8.856229201256799,24.69065301216528
2025-11-27 17:10:32,18.0,10.5,8.800980652159376,24.60925285523664
2025-11-27 17:10:33,18.0,10.5,8.81800102136101,24.681714012367706
2025-11-27 17:10:34,18.0,10.5,9.206038150761993,24.527158093439404
2025-11-27 17:10:35,18.0,10.5,9.232073055192245,24.791123243116562
2025-11-27 17:10:36,18.0,10.57348414028581,10.990455186359672,24.752611348772376
2025-11-27 17:10:37,18.0,10.6,10.30696426285905,25.3
2025-11-27 17:10:38,18.0,10.6,9.539525948491436,25.248940000529064
2025-11-27 17:10:39,18.0,10.526816916706265,9.38870471808077,24.7
2025-11-27 17:10:40,18.0,10.573079183802564,9.246516417624713,24.7
2025-11-27 17:10:41,18.0,10.52702008286579,9.23,24.7
2025-11-27 17:10:42,18.0,10.5,9.221126882502867,24.7
2025-11-27 17:10:43,18.0,10.5,9.290875476061002,24.7
2025-11-27 17:10:44,18.0,10.5,9.317690777002527,24.7
2025-11-27 17:10:45,18.0,10.572569949985793,9.284673109967782,24.7
2025-11-27 17:10:46,18.0,10.52752942947442,9.235906402100516,24.7
2025-11-27 17:10:47,18.0,10.5,9.247611066281543,24.7
2025-11-27 17:10:48,18.0,11.005563368179114,9.241207548472662,24.75249703044711
2025-11-27 17:10:49,18.0,11.2,9.994405754022303,25.443930214009324
2025-11-27 17:10:50,18.0,11.2,10.012398932938556,25.985680073353915
2025-11-27 17:10:51,18.0,11.2,10.087491030472222,25.77168265655754
2025-11-27 17:10:52,18.0,11.2,10.012619167264042,25.4
2025-11-27 17:10:53,18.0,10.76956776331547,9.353694240934031,25.358543283331695
2025-11-27 17:10:54,18.0,10.6,9.21638821574902,24.8
2025-11-27 17:10:55,18.0,10.671541216401737,9.183870311906926,24.793247819480104
2025-11-27 17:10:56,18.0,10.7,9.127809172527332,24.693348180948764
2025-11-27 17:10:57,18.02035625506369,10.628659645980177,8.980990746465737,24.652423748287724
2025-11-27 17:10:58,18.1,11.027214356872252,9.84424613904299,25.4
2025-11-27 17:10:59,18.1,11.2,10.083876669984805,25.406264610677248
2025-11-27 17:11:00,18.1,11.2,9.901125591497019,25.49384639787895
2025-11-27 17:11:01,18.1,11.2,9.9303968737404,25.4
2025-11-27 17:11:02,18.1,11.27077245899578,9.983038068198177,25.4
2025-11-27 17:11:03,18.1,11.158646735465423,10.084544472945389,25.405841933809928
2025-11-27 17:11:04,18.1,11.17057330838707,10.1,25.494271168153123
2025-11-27 17:11:05,18.1,11.2,10.185713207354873,25.405628909047305
2025-11-27 17:11:06,18.1,11.2,10.11440763088072,25.5
2025-11-27 17:11:07,18.1,11.2,10.01452132646794,25.49459067311606
2025-11-27 17:11:08,18.080872590797327,11.27016064787857,10.0,25.405305894202204
2025-11-27 17:11:09,18.01902153683038,11.3,10.0,25.5
2025-11-27 17:11:10,18.1,11.230043272349997,9.991481388422226,25.494909266726527
2025-11-27 17:11:11,18.08120018243764,11.269853504202624,9.998507474985145,25.404988844452994
2025-11-27 17:11:12,18.018694057576162,11.3,10.0,25.49023522257283
2025-11-27 17:11:13,18.1,11.3,10.169755726863851,25.30958052262505
2025-11-27 17:11:14,18.1,11.3,10.454197123513618,25.5
2025-11-27 17:11:15,18.1,11.230551051650835,10.5,25.5
2025-11-27 17:11:16,18.081752735933314,11.338679327509041,10.5,25.495543900484677
2025-11-27 17:11:17,18.018140416273315,11.192256746899378,10.24703048604948,25.404360773872742
2025-11-27 17:11:18,18.1,11.1,10.452529635470912,25.495753518825346
2025-11-27 17:11:19,18.1,11.169047085450101,10.5,25.391695684549685
2025-11-27 17:11:20,18.1,11.26893803969312,10.164275787707018,25.208125454638534
2025-11-27 17:11:21,18.1,11.3,10.51884965296034,25.4
2025-11-27 17:11:22,18.1,11.231257902384412,10.432685136292866,25.403826608926483
2025-11-27 17:11:23,18.08253434388012,11.26863398633353,10.4,25.496280233361066
2025-11-27 17:11:24,18.017358147266542,11.3,10.733333904449424,25.403623797564574
2025-11-27 17:11:25,18.1,11.23156727259994,10.466988628863273,25.492983174921836
2025-11-27 17:11:26,18.1,11.404937153436757,10.98142838620811,25.3
2025-11-27 17:11:27,18.0829804610105,11.29532603329572,10.768150449382656,25.3
2025-11-27 17:11:28,18.016912669141337,11.336235139705696,11.196718277038933,25.309622984884733
2025-11-27 17:11:29,18.1,11.46800267498567,11.134690729284594,25.6
2025-11-27 17:11:30,18.0833137878523,11.5,10.604491599814335,25.5732982668252
2025-11-27 17:11:31,18.0,11.16085253076828,10.087514893166984,24.7
2025-11-27 17:11:32,18.01647339251506,11.135461598544525,10.164756431571432,24.722734894577243
2025-11-27 17:11:33,18.08363822784087,11.2,10.2,25.497339675085257
2025-11-27 17:11:34,18.0,11.2,10.282117332379679,25.4
2025-11-27 17:11:35,18.0,11.267409225971111,10.135845462125701,25.4
2025-11-27 17:11:36,18.0,11.23268874747028,10.181969213668928,25.385889011305633
2025-11-27 17:11:37,18.0,11.2,10.2,24.81384361956168
2025-11-27 17:11:38,18.0,11.2,10.2,25.385020681863953
2025-11-27 17:11:39,18.0,11.2,10.2,24.716826471951002
2025-11-27 17:11:40,18.0,11.266898372124093,10.28145809890125,25.488476156068675
2025-11-27 17:11:41,18.0,11.3,10.218671816514181,24.90936643551509
2025-11-27 17:11:42,18.0,11.166586366659741,10.118719814621885,25.39828155882315
2025-11-27 17:11:43,18.0,11.1,9.937608604260925,25.3
2025-11-27 17:11:44,18.0,11.033480999345638,9.924304539576296,25.3
2025-11-27 17:11:45,18.0,11.066412299907649,9.849176128251111,25.291545257803527
2025-11-27 17:11:46,18.0,11.166303792011565,9.83,24.698633966404277
2025-11-27 17:11:47,18.0,11.133792667298685,9.8219482476618,24.608903154160373
2025-11-27 17:11:48,18.0,11.232185145983967,10.205457646911922,25.294509032151836
2025-11-27 17:11:49,18.0,11.2340098787735,10.219845161185857,24.798957406387615
2025-11-27 17:11:50,18.0,11.2658853570049,10.11992127672755,24.7
2025-11-27 17:11:51,18.0,10.905079009488764,9.395593072313567,24.706695897358767
2025-11-27 17:11:52,18.0,10.962839805935031,10.00265866285158,25.494757301405837
2025-11-27 17:11:53,18.0,11.165589921993766,10.040538027651104,24.7
2025-11-27 17:11:54,18.0,11.134511395639532,10.159344307300307,24.703563423134632
2025-11-27 17:11:55,18.0,11.230753174991184,10.12042941870586,25.39772524006722
2025-11-27 17:11:56,18.0,10.973472942942765,9.336480236928493,24.70025192738261
2025-11-27 17:11:57,18.0,11.125942020705532,9.98106307190483,24.800864438077166
2025-11-27 17:11:58,18.0,11.3,11.070987304127438,25.39985933066149
2025-11-27 17:11:59,18.0,11.23502696978517,10.66715707182797,25.300117977110585
2025-11-27 17:12:00,18.0,11.2,10.342028085580546,24.60118999591325
2025-11-27 17:12:01,18.0,11.2,10.69418858957399,25.39715097206539
2025-11-27 17:12:02,18.0,11.135324761630274,10.485235250046246,24.60300579175567
2025-11-27 17:12:03,18.0,11.1,10.32144967431088,24.6995057032138
2025-11-27 17:12:04,18.0,10.841980165319978,9.404455607578623,24.7
2025-11-27 17:12:05,18.0,10.957564886453913,9.97527749336764,24.7
2025-11-27 17:12:06,18.0,11.228528158373212,10.747332024604109,24.7
2025-11-27 17:12:07,18.0,11.235840080564236,10.431576885196508,24.7
2025-11-27 17:12:08,18.0,10.879523927769863,9.394790931572015,24.7
2025-11-27 17:12:09,18.0,11.01988520710876,10.043051269481193,24.79888762187289
2025-11-27 17:12:10,18.0,10.880557915398805,9.436667107629491,24.60240363978514
2025-11-27 17:12:11,18.0,11.018883328417232,9.818650322162512,24.698686592358516
2025-11-27 17:12:12,18.012371456387815,11.136339655663564,10.077475461618771,24.798579639096197
2025-11-27 17:12:13,18.1,11.163554749206995,10.022632350356368,24.701521361825453
2025-11-27 17:12:14,18.1,11.2,9.373395599568665,24.7
2025-11-27 17:12:15,18.1,11.2,9.89248447435485,24.7
2025-11-27 17:12:16,18.1,10.883588910676487,9.367253391533847,24.7
2025-11-27 17:12:17,18.1,10.952679563883887,9.881132971665895,24.7
2025-11-27 17:12:18,18.1,11.163047412552004,9.354091659863053,24.7
2025-11-27 17:12:19,18.1,11.137052834417698,9.106957500864501,24.60217976102595
2025-11-27 17:12:20,18.1,11.1,9.781978102875797,24.6
2025-11-27 17:12:21,18.1,10.786118639875438,9.300813372101894,24.6
2025-11-27 17:12:22,18.1,10.662688795561836,9.166479268383284,24.794992004667417
2025-11-27 17:12:23,18.1,10.950235673754577,9.098360792502609,24.70260575240493
2025-11-27 17:12:24,18.1,11.1,9.077625401907436,24.7
2025-11-27 17:12:25,18.1,11.1,9.156178990550062,24.7
2025-11-27 17:12:26,18.1,11.224461017430293,9.1571781682264,24.7
2025-11-27 17:12:27,18.1,11.36211784480833,10.325508550080333,24.7
2025-11-27 17:12:28,18.1,11.4,9.624336154795321,24.79680720913135
2025-11-27 17:12:29,18.1,10.966335110678083,9.227046731010416,24.703284694309716
2025-11-27 17:12:30,18.1,10.638116385126885,9.270412216197785,24.603386238496714
2025-11-27 17:12:31,18.1,10.723545536849194,9.191983324247904,24.696510329870392
2025-11-27 17:12:32,18.1,10.676654681246097,9.152471866257322,24.7
2025-11-27 17:12:33,18.1,10.969250687574714,10.01339853260023,24.7
2025-11-27 17:12:34,18.1,10.831257718848265,9.512500187703749,24.7
2025-11-27 17:12:35,18.1,11.151913635476701,9.961504825241262,24.7
2025-11-27 17:12:36,18.1,10.948852947262129,9.354134240414924,24.7
2025-11-27 17:12:37,18.1,10.6,9.047568076787872,24.7
2025-11-27 17:12:38,18.1,10.6,9.0250665474561,24.7
2025-11-27 17:12:39,18.1,10.84379110892493,9.72020215085079,25.56027465325669
2025-11-27 17:12:40,18.1,11.121637483994991,9.394408797042608,25.31350782975593
2025-11-27 17:12:41,18.1,11.078561586793995,8.962091687104465,25.395390009524014
2025-11-27 17:12:42,18.1,10.818074937401278,9.117456605844984,25.4
2025-11-27 17:12:43,18.1,10.578867795612007,8.96288723426454,25.4
2025-11-27 17:12:44,18.1,10.5,8.916964950453396,25.4
2025-11-27 17:12:45,18.1,10.5,8.915252842095494,25.4
2025-11-27 17:12:46,18.1,10.5,8.917354147397287,25.305132040039332
2025-11-27 17:12:47,18.1,10.5,8.9346833860787,25.394749883076194
2025-11-27 17:12:48,18.1,10.5,8.932675312888977,25.4
2025-11-27 17:12:49,18.1,10.5,8.959219794771126,25.30545055858031
2025-11-27 17:12:50,18.1,10.799159849920484,8.940858626731197,25.3
2025-11-27 17:12:51,18.1,10.701282388568455,9.060761643965979,25.394333618254855
2025-11-27 17:12:52,18.1,10.5,9.10274949250353,25.4
2025-11-27 17:12:53,18.1,10.5,9.005878292682056,25.305875197371886
2025-11-27 17:12:54,18.1,10.5,9.08556571615661,25.3
2025-11-27 17:12:55,18.1,10.5,9.050692785625602,25.393906857155375
2025-11-27 17:12:56,18.1,10.5,8.97680143711103,25.30619415446813
2025-11-27 17:12:57,18.1,10.5,9.053380356194426,25.393697100640573
2025-11-27 17:12:58,18.1,10.5,9.046979225018005,25.30640001886457
2025-11-27 17:12:59,18.1,10.5,9.03,25.3
2025-11-27 17:13:00,18.1,10.5,8.951353014707914,25.11318232884427
2025-11-27 17:13:01,18.1,10.5,8.969928786849517,25.193290998290692
2025-11-27 17:13:02,18.1,10.5,8.975760255674944,25.293175394794748
2025-11-27 17:13:03,18.1,10.5,9.842710940324402,25.3
2025-11-27 17:13:04,18.1,10.5,9.378055395099116,25.3
2025-11-27 17:13:05,18.1,10.5,8.99752967712432,25.3
2025-11-27 17:13:06,18.1,10.5,8.972931533271343,25.3
2025-11-27 17:13:07,18.1,10.5,8.920635786060062,25.3
2025-11-27 17:13:08,18.1,10.5,8.942194594463404,25.3
2025-11-27 17:13:09,18.1,10.5,8.903893858715621,25.3
2025-11-27 17:13:10,18.1,10.442162344852587,8.88,25.392320365217202
2025-11-27 17:13:11,18.1,10.457732762860351,8.893952464319442,25.215544112294502
2025-11-27 17:13:12,18.1,10.5,9.011315473186341,25.292117831948914
2025-11-27 17:13:13,18.1,10.5,9.3723276547911,24.83970580876378
2025-11-27 17:13:14,18.1,10.5,9.74537325089582,24.616054343597913
2025-11-27 17:13:15,18.1,10.557321822176442,10.2294918964814,24.6
2025-11-27 17:13:16,18.1,10.6,10.193473937041963,25.150260517025547
2025-11-27 17:13:17,18.1,10.82836696498954,9.84561844968114,25.2
2025-11-27 17:13:18,18.1,10.7720105976815,9.736860461435686,25.108502412237087
2025-11-27 17:13:19,18.1,11.338895872664144,9.767369453152684,25.191389151589902
2025-11-27 17:13:20,18.1,11.333179994621673,10.0665057708393,25.10871139385827
2025-11-27 17:13:21,18.1,11.06971026198721,9.913903991374637,25.1
2025-11-27 17:13:22,18.1,10.804514600107634,9.75960512631341,25.191067372679345
2025-11-27 17:13:23,18.1,10.5,9.75,25.2
2025-11-27 17:13:24,18.095781346420456,10.5,9.716136369645232,25.109134153208252
2025-11-27 17:13:25,18.0,10.5,9.706763445378352,25.19075427024957
2025-11-27 17:13:26,18.004007171150977,10.836486425691033,9.716748599493442,25.2
2025-11-27 17:13:27,18.1,10.76408089250771,9.746938778814858,25.2
2025-11-27 17:13:28,18.1,10.5,9.712966342565442,25.109559823176628
2025-11-27 17:13:29,18.1,10.5,9.763738020865448,24.919292938003437
2025-11-27 17:13:30,18.1,10.555708866062469,9.820073078834692,25.170679699911233
2025-11-27 17:13:31,18.1,10.6,9.796624642907119,25.2
2025-11-27 17:13:32,18.1,10.7664472205449,9.786656832362436,25.2
2025-11-27 17:13:33,18.1,10.9,9.763444824013064,25.289901932811496
2025-11-27 17:13:34,18.1,10.9,9.816201656863647,25.210201826777656
2025-11-27 17:13:35,18.1,10.9,9.770776130059476,25.28969064774588
2025-11-27 17:13:36,18.1,11.010093390334163,9.74975209256975,25.210408372868066
2025-11-27 17:13:37,18.1,11.209853118974369,14.867659239959092,25.28947878302928
2025-11-27 17:13:38,18.1,11.245179763684646,12.539665254542228,25.3
2025-11-27 17:13:39,18.1,11.090535087067307,9.826931315596779,25.38925114804882
2025-11-27 17:13:40,18.1,11.0,9.748294913798809,25.221678388976787
2025-11-27 17:13:41,18.1,11.109060404922165,9.72300191229162,25.2
2025-11-27 17:13:42,18.1,11.091133242093653,9.81427122215977,25.288947246343128
2025-11-27 17:13:43,18.1,10.945655631319081,9.814753003096623,25.21115481178923
2025-11-27 17:13:44,18.1,10.9,9.815781093942496,25.2
2025-11-27 17:13:45,18.1,10.9,9.77215572107263,25.288633757996674
2025-11-27 17:13:46,18.1,11.008057252584596,9.823376151189311,25.211466176516822
2025-11-27 17:13:47,18.1,10.992140496592313,9.838012035835263,25.288422494813112
2025-11-27 17:13:48,18.1,10.9,12.34886782389794,25.3
2025-11-27 17:13:49,18.1,10.9,11.350631557044059,25.3
2025-11-27 17:13:50,18.1,10.953637624910831,10.294853034447055,25.3
2025-11-27 17:13:51,18.1,11.053582573676628,10.247189259064855,25.3
2025-11-27 17:13:52,18.1,10.992837552797951,9.853858229448802,25.3
2025-11-27 17:13:53,18.1,10.9,9.722594575709357,25.3
2025-11-27 17:13:54,18.09918525751712,10.9,9.761395924698643,25.3
2025-11-27 17:13:55,18.00070881145301,10.953357365468275,9.742432479838733,25.3
2025-11-27 17:13:56,18.1,11.106602514226433,9.726243500959358,25.12502407072243
2025-11-27 17:13:57,18.1,11.040113186709432,9.742451258818464,25.27474079704492
2025-11-27 17:13:58,18.1,10.9,9.731376558542955,25.3
2025-11-27 17:13:59,18.099741255833298,10.9,9.750948815162042,25.212840011051462
2025-11-27 17:14:00,18.0,10.95306662182626,9.757656800455601,25.287050824029595
2025-11-27 17:14:01,18.000082611406327,11.053009808579306,9.743846320442136,25.039103128052993
2025-11-27 17:14:02,18.099966541070657,10.993991223416621,9.752271393787918,25.260522937817917
2025-11-27 17:14:03,18.1,10.9,9.802820159221133,25.3
2025-11-27 17:14:04,18.1,10.9,9.823901589463734,25.3
2025-11-27 17:14:05,18.1,10.9,9.80176024919485,25.3
2025-11-27 17:14:06,18.1,11.057880275914057,9.844548855183442,25.213573740814407
2025-11-27 17:14:07,18.1,11.042525839630152,9.855832159152106,25.286311703045246
2025-11-27 17:14:08,18.000706048341865,10.9,9.833976826341534,25.3
2025-11-27 17:14:09,18.099181241231626,10.9,9.799976525419373,25.3
2025-11-27 17:14:10,18.000923830707173,10.638956865841667,9.192765523595904,25.3
2025-11-27 17:14:11,18.0,10.816668082668823,9.426991759907153,25.21410242454313
2025-11-27 17:14:12,18.09885669677102,11.09610053089149,9.879739865852045,25.285781748889345
2025-11-27 17:14:13,18.001248077082924,10.948148418067309,9.923712818892362,25.3
2025-11-27 17:14:14,18.09863963593436,10.9,9.934091647373192,25.3
2025-11-27 17:14:15,18.1,11.003252010063772,9.865219510894992,25.3
2025-11-27 17:14:16,18.1,11.151507282362077,9.83174066192852,25.129250451289984
2025-11-27 17:14:17,18.001692385041355,11.04577193927795,9.804889294936888,24.673435276535272
2025-11-27 17:14:18,18.0,10.9,9.774166529429907,25.196108061278043
2025-11-27 17:14:19,18.0,10.9,9.775815222551936,25.3
2025-11-27 17:14:20,18.0,10.9,9.837964049513717,25.215054429095925
2025-11-27 17:14:21,18.097972895735317,10.95098281464512,10.52628232958139,25.2
2025-11-27 17:14:22,18.002133414563627,10.949119256443625,10.395493271987009,24.776097091380894
2025-11-27 17:14:23,18.0,10.950772317438064,9.978755509393537,24.86933034288766
2025-11-27 17:14:24,18.0,11.0,9.977036636013795,24.646269370322912
2025-11-27 17:14:25,18.0,10.74680860605332,9.311668772227016,24.6
2025-11-27 17:14:26,18.0,10.752926509579984,9.841977474759473,24.6
2025-11-27 17:14:27,18.0,10.949485597762655,10.315243059375671,24.684264263906684
2025-11-27 17:14:28,18.0,10.9,10.156831912245801,24.61584186453725
2025-11-27 17:14:29,18.0,10.9,10.143284226870904,25.271934625785885
2025-11-27 17:14:30,18.0,10.9,10.156598483488253,25.31611797727117
2025-11-27 17:14:31,18.0,10.950159435183387,10.42581867424438,24.713149932587978
2025-11-27 17:14:32,18.0,10.799720960551369,9.844697808765272,24.6
2025-11-27 17:14:33,18.0,10.849801632694454,10.013123375145677,25.185033778702618
2025-11-27 17:14:34,18.0,11.1,10.487988425952379,25.3
2025-11-27 17:14:35,18.0,11.149732550911779,10.4,25.216673629563715
2025-11-27 17:14:36,18.0,11.2,11.6784470597848,24.616992684967357
2025-11-27 17:14:37,18.0,11.150473770065373,10.924033565370287,25.082004576683005
2025-11-27 17:14:38,18.0,11.1,10.054240591762245,24.701541772166983
2025-11-27 17:14:39,18.0,11.1,10.5,24.765937876324646
2025-11-27 17:14:40,18.0,10.853742137383152,9.783136690784668,24.634242389881255
2025-11-27 17:14:41,18.0,10.845739132753188,11.939469552169422,24.517215059321206
2025-11-27 17:14:42,18.0,10.756614401293573,11.291505114729212,24.58267945471308
2025-11-27 17:14:43,18.0,10.595878596264848,9.41094371496583,24.6
2025-11-27 17:14:44,18.0,10.70228380841205,9.495791103153783,24.6
2025-11-27 17:14:45,18.0,10.746269779416334,9.569539488901643,24.6
2025-11-27 17:14:46,18.0,10.9,9.81570762055468,24.517745802158057
2025-11-27 17:14:47,18.0,10.997052963228235,10.00257349304848,24.582144179782347
2025-11-27 17:14:48,18.0,11.148408499498183,10.2,24.6
2025-11-27 17:14:49,18.0,10.813273919691476,9.46749301634515,24.6
2025-11-27 17:14:50,18.0,10.496535457558634,9.03886247072828,24.6
2025-11-27 17:14:51,18.0,10.648153611870995,9.027594359159368,24.518262427099945
2025-11-27 17:14:52,18.0,10.651946944201422,9.014706969194023,24.58163058886067
2025-11-27 17:14:53,18.094780918566336,10.887559520919085,9.599980566223095,24.6
2025-11-27 17:14:54,18.1,11.2,10.106839536240091,24.6
2025-11-27 17:14:55,18.1,11.2,10.146604294225531,24.6
2025-11-27 17:14:56,18.1,11.152403893562987,10.153372899059013,24.518772332461136
2025-11-27 17:14:57,18.1,11.147495942220555,10.146650125429899,24.581119192381063
2025-11-27 17:14:58,18.1,11.15260575084925,9.977308541873409,24.6
2025-11-27 17:14:59,18.1,13.078095693035444,9.806033064702872,24.68090714689391
2025-11-27 17:15:00,18.1,13.233460899087454,9.723384503334987,24.619192095787675
2025-11-27 17:15:01,18.1,11.041200588482216,10.178001369639002,24.76138222339911
2025-11-27 17:15:02,18.1,11.2,10.6,24.8
2025-11-27 17:15:03,18.1,11.2,10.652937434601375,24.8
2025-11-27 17:15:04,18.1,10.966125261881658,9.889934630947364,24.71961556297566
2025-11-27 17:15:05,18.1,10.933379000868912,9.926422745107747,24.78023987617697
2025-11-27 17:15:06,18.1,11.2,10.388629885102434,24.71986950325825
2025-11-27 17:15:07,18.1,11.2,10.2,24.780025697971432
2025-11-27 17:15:08,18.1,10.968158465999938,9.644326546919716,24.720076959462904
2025-11-27 17:15:09,18.1,10.93134958517337,9.583931539529331,25.17863403213356
2025-11-27 17:15:10,18.1,11.2,10.144238591388534,25.3
2025-11-27 17:15:11,18.1,11.153957120702144,10.0101803421591,25.3
2025-11-27 17:15:12,18.1,11.1,9.933975122536916,25.3
2025-11-27 17:15:13,18.1,11.145841322903763,10.047577167631296,25.3
2025-11-27 17:15:14,18.1,11.291458096791155,10.574831233787119,25.3
2025-11-27 17:15:15,18.1,11.354382813437827,10.891533118843585,25.537305059575896
2025-11-27 17:15:16,18.1,11.07229249841703,9.882425175287267,24.96796346805718
2025-11-27 17:15:17,18.1,10.754526594048194,9.15080133731639,25.273154592942504
2025-11-27 17:15:18,18.1,10.7,9.164811712870641,25.4
2025-11-27 17:15:19,18.1,10.7,9.154823505990137,25.32139730357043
2025-11-27 17:15:20,18.1,10.7,9.15,25.378492677484232
2025-11-27 17:15:21,18.1,10.74506695791193,9.139693861707185,25.243199765219185
2025-11-27 17:15:22,18.1,10.755032785487199,9.160847099871077,25.434833498736143
2025-11-27 17:15:23,18.1,11.013892737265826,9.86098733375298,25.343647810906617
2025-11-27 17:15:24,18.1,11.042116072390545,9.81547808033219,25.37806904566845
2025-11-27 17:15:25,18.1,10.6,9.13449305602853,25.555897349928124
2025-11-27 17:15:26,18.1,10.6,9.125268753138888,25.522156031632385
2025-11-27 17:15:27,18.1,10.6,9.068901912664225,25.577734217504737
2025-11-27 17:15:28,18.1,10.6,9.06081082027234,25.6
2025-11-27 17:15:29,18.1,10.555722882096319,9.094717980044797,25.444933489627488
2025-11-27 17:15:30,18.1,10.544176300309575,9.085135946200703,25.4
2025-11-27 17:15:31,18.1,10.6,9.115101842281991,25.322667024278374
2025-11-27 17:15:32,18.1,10.6,9.084791264886556,25.53163265937836
2025-11-27 17:15:33,18.1,10.556128005251733,8.979838319001626,25.6
2025-11-27 17:15:34,18.1,10.54377134631877,8.92,25.36896740419993
2025-11-27 17:15:35,18.1,10.512656847128257,8.880160014392729,24.915227896693285
2025-11-27 17:15:36,18.1,10.443575890398954,8.84,24.723129582255506
2025-11-27 17:15:37,18.1,10.456526265769645,8.8251611230832,24.776759806018163
2025-11-27 17:15:38,18.1,10.4,8.805068519100699,24.8
2025-11-27 17:15:39,18.1,10.486530828601719,8.962083518998515,24.72345140067674
2025-11-27 17:15:40,18.1,10.643151782973172,9.071205185040224,24.7
2025-11-27 17:15:41,18.1,10.7,9.01,24.7
2025-11-27 17:15:42,18.1,10.65705240212116,9.068588702446705,24.7
2025-11-27 17:15:43,18.010712071971938,10.642847153151711,9.144612069396626,24.776125299333994
2025-11-27 17:15:44,18.089180730529428,10.7,9.150278011453235,24.723978972098397
2025-11-27 17:15:45,18.1,10.7,9.135148437985588,24.77591025047487
2025-11-27 17:15:46,18.1,10.61489764963531,8.960540393741304,24.72419054261084
2025-11-27 17:15:47,18.1,10.457537910942037,8.789658740674854,24.77570456154674
2025-11-27 17:15:48,18.1,10.4,8.795188127049508,24.724399536134296
2025-11-27 17:15:49,18.1,10.4,8.794793712443033,24.7
2025-11-27 17:15:50,18.1,10.526449605455097,9.014800230359334,24.7
2025-11-27 17:15:51,18.1,10.7,9.235733639745803,24.7
2025-11-27 17:15:52,18.1,10.65806623716601,9.229485686256067,24.7
2025-11-27 17:15:53,18.1,10.641832075031754,9.216348122151699,24.7
2025-11-27 17:15:54,18.1,10.658269373129663,9.204154155345956,24.774927117035478
2025-11-27 17:15:55,18.1,10.6,9.224705560471401,24.72517768789712
2025-11-27 17:15:56,18.1,10.6,9.21122727754395,24.7
2025-11-27 17:15:57,18.1,10.64142684774692,9.269561190091915,24.774554968115716
2025-11-27 17:15:58,18.1,10.617333588714807,9.332002328613012,24.8
2025-11-27 17:15:59,18.1,10.5,9.29068519445358,24.8
2025-11-27 17:16:00,18.012532333866268,10.541133150696416,9.800633433296742,25.31921017629182
2025-11-27 17:16:01,18.0,10.6,10.353657189891303,25.35186128016969
2025-11-27 17:16:02,18.08724483830323,10.559072139803561,10.2537883077603,25.3
2025-11-27 17:16:03,18.1,10.540828123187682,10.246103127802677,25.373852005397453
2025-11-27 17:16:04,18.1,10.884869414259292,10.254002118309087,25.4
2025-11-27 17:16:05,18.013085870330446,11.218877621031528,10.2,25.4
2025-11-27 17:16:06,18.086795529221373,11.140469378199867,10.15424508418437,25.4
2025-11-27 17:16:07,18.1,11.15963556504092,10.14567749143854,25.4
2025-11-27 17:16:08,18.013430542337456,11.1,10.2,25.4
2025-11-27 17:16:09,18.0864531729364,11.1,10.2,25.4
2025-11-27 17:16:10,18.1,11.1,10.2,25.473107865840706
2025-11-27 17:16:11,18.1,11.1,10.2,25.426990008984863
2025-11-27 17:16:12,18.1,11.1,10.245087638343437,25.4
2025-11-27 17:16:13,18.1,11.1,10.210076865887387,25.4
2025-11-27 17:16:14,18.185856707136306,11.1,10.1,25.4
2025-11-27 17:16:15,18.114207510945253,11.1,10.144722928380183,25.4
2025-11-27 17:16:16,18.1,11.336572075736852,10.2,25.327490960509714
2025-11-27 17:16:17,18.1,11.739287492863996,10.155530858758743,25.3
2025-11-27 17:16:18,18.1,11.525529648620157,10.1,25.3
2025-11-27 17:16:19,18.1,11.1,10.1,25.155572143747925
2025-11-27 17:16:20,18.1,11.060946147853137,10.1,25.24420421600319
2025-11-27 17:16:21,18.1,11.699953730936599,10.143997236742184,25.3
2025-11-27 17:16:22,18.1,12.102577243215116,10.11223843714954,25.3
2025-11-27 17:16:23,18.1,11.0,10.0,25.371786981684807
2025-11-27 17:16:24,18.015216762231393,11.038647820139962,10.043660923965192,25.4
2025-11-27 17:16:25,18.0,11.061454678489673,10.187080107727477,25.4
2025-11-27 17:16:26,18.084561182835287,11.0,10.25658617981472,25.257021243348426
2025-11-27 17:16:27,18.015547025546287,11.0,10.096070269976725,25.2
2025-11-27 17:16:28,18.0,11.0,10.020420540380043,25.342559880588883
2025-11-27 17:16:29,18.08423219212254,11.0,10.1,25.4
2025-11-27 17:16:30,18.015875287526324,11.0,10.1,25.4
2025-11-27 17:16:31,18.0,11.075863734269682,10.1,25.329030046737675
2025-11-27 17:16:32,18.0,11.086503038250699,10.142640968229925,25.37085779874955
2025-11-27 17:16:33,18.0,10.824479670671307,9.753108013498737,24.975233335152524
2025-11-27 17:16:34,18.0,10.662327273454798,9.183998045985305,24.8
2025-11-27 17:16:35,18.0,10.6,9.234237191072504,24.8
2025-11-27 17:16:36,18.083585655264255,10.6,9.227325986261208,24.72957561760375
2025-11-27 17:16:37,18.1,10.6,9.21842447930309,24.77031441888909
2025-11-27 17:16:38,18.016637804991614,10.6,9.221600478912105,24.659552941400687
2025-11-27 17:16:39,18.0,10.6,9.21,24.670117872479967
2025-11-27 17:16:40,18.0,10.6,9.218349807100953,24.770001936101046
2025-11-27 17:16:41,18.0,10.6,9.209187437639455,24.8
2025-11-27 17:16:42,18.0,10.6,9.209050201259823,24.73026689176797
2025-11-27 17:16:43,18.0,10.6,9.21690208012611,24.630362721229798
2025-11-27 17:16:44,18.0,10.6,9.211244682312598,24.6
2025-11-27 17:16:45,18.0,10.6,9.27,24.738833456601448
2025-11-27 17:16:46,18.0,10.6,9.26590216992224,24.8
2025-11-27 17:16:47,18.0,10.6,9.268168987726044,24.8
2025-11-27 17:16:48,18.0,10.6,9.26778655375467,24.8
2025-11-27 17:16:49,18.0,10.6,9.233767404769791,24.8
2025-11-27 17:16:50,18.0,10.6,9.21,24.731215533851177
2025-11-27 17:16:51,18.0,10.6,9.222097646124885,24.7
2025-11-27 17:16:52,18.0,10.63584683710753,9.22794115644088,24.7
2025-11-27 17:16:53,18.0,10.664255206747942,9.205993059816873,24.7
2025-11-27 17:16:54,18.0,10.6,9.207988462038497,24.631649831810233
2025-11-27 17:16:55,18.0,10.6,9.216017604794327,24.668247616452764
2025-11-27 17:16:56,18.0,10.6,9.225883859867428,24.631850348931437
2025-11-27 17:16:57,18.0,10.6,9.242084195688305,24.6680432262869
2025-11-27 17:16:58,18.0,10.6,9.253668212455533,24.7
2025-11-27 17:16:59,18.0,10.635135658476228,9.286068843003816,24.7
2025-11-27 17:17:00,18.0,10.7,9.264328538069593,24.767723029096285
2025-11-27 17:17:01,18.0810895551963,10.7,9.228284727300522,24.732376770762272
2025-11-27 17:17:02,18.1,10.7,9.221677277105192,24.767516642411245
2025-11-27 17:17:03,18.01910227324975,10.665273541660959,9.232241133069792,24.732586193344623
2025-11-27 17:17:04,18.0,10.6,9.274124578807942,24.632682244555596
2025-11-27 17:17:05,18.0,10.6,9.290655195257006,24.6
2025-11-27 17:17:06,18.0,10.531127186481443,9.064762711456645,24.532875383014726
2025-11-27 17:17:07,18.0,10.468683413596004,8.990982723835673,24.5
2025-11-27 17:17:08,18.0,10.6,9.162382769199409,24.5
2025-11-27 17:17:09,18.0,10.6,9.153796415424434,24.5
2025-11-27 17:17:10,18.0,10.6,9.163784097917585,24.5
2025-11-27 17:17:11,18.0,10.6,9.177543483085387,24.5
2025-11-27 17:17:12,18.07999737065417,10.6,9.182481506263796,24.5
2025-11-27 17:17:13,18.020108732153652,10.6,9.17,24.5
2025-11-27 17:17:14,18.0,10.532749662799722,9.057928195397471,24.5
2025-11-27 17:17:15,18.0,10.467058007448191,8.977927918476697,24.5
2025-11-27 17:17:16,18.0,10.6,9.167406984733324,24.56609535979973
2025-11-27 17:17:17,18.0,10.6,9.176308087416729,24.534005650426714
2025-11-27 17:17:18,18.0,10.6,9.162640402654421,24.5
2025-11-27 17:17:19,18.0,10.533764431957486,9.043602831446425,24.5
2025-11-27 17:17:20,18.0,10.4,8.867312043297122,24.5
2025-11-27 17:17:21,18.0,10.465814191968434,8.981799894471456,24.5
2025-11-27 17:17:22,18.078960339622867,10.6,9.163617184824783,24.5
2025-11-27 17:17:23,18.1,10.6,9.166395000061913,24.5
2025-11-27 17:17:24,18.1,10.6,9.16,24.5
2025-11-27 17:17:25,18.1,10.6,9.16,24.5
2025-11-27 17:17:26,18.1,10.6,9.16,24.5
2025-11-27 17:17:27,18.1,10.6,9.16,24.5
2025-11-27 17:17:28,18.1,10.6,9.163547933583,24.5
2025-11-27 17:17:29,18.1,10.6,9.177077279614938,24.5
2025-11-27 17:17:30,18.1,10.6,9.18293628897255,24.5
2025-11-27 17:17:31,18.1,10.6,9.173519614732427,24.5
2025-11-27 17:17:32,18.1,10.6,9.19052149896515,24.5
2025-11-27 17:17:33,18.1,10.6,9.21,24.564327560033288
2025-11-27 17:17:34,18.1,10.53833644640828,9.084255447323306,24.6
2025-11-27 17:17:35,18.022409921710818,10.4,8.85,24.6
2025-11-27 17:17:36,18.077477082714655,10.4,8.853461298578301,24.535980830383284
2025-11-27 17:17:37,18.1,10.430502770944026,8.84623049194833,24.563885331956428
2025-11-27 17:17:38,18.1,10.5,8.83713302302186,24.6
2025-11-27 17:17:39,18.1,10.469764080026378,8.856347547974414,24.6
2025-11-27 17:17:40,18.1,10.4,8.836788463757976,24.6
2025-11-27 17:17:41,18.1,10.459887570191272,8.961346822892445,24.6
2025-11-27 17:17:42,18.1,10.6,9.169934102047524,24.6
2025-11-27 17:17:43,18.1,10.54075260402593,9.039615028538728,24.6
2025-11-27 17:17:44,18.1,10.458946975560945,8.923313888356923,24.6
2025-11-27 17:17:45,18.1,10.6,9.196269650423174,24.66303213151735
2025-11-27 17:17:46,18.1,10.6,9.234237276544885,25.26582323752578
2025-11-27 17:17:47,18.1,10.6,9.04,25.6
2025-11-27 17:17:48,18.1,10.571160526026985,9.069553342430325,25.537431092140743
2025-11-27 17:17:49,18.1,10.5,9.054687582590924,25.37504391404044
2025-11-27 17:17:50,18.1,10.642629747608781,9.23948002578699,25.362376281246284
2025-11-27 17:17:51,18.1,10.858285121438744,9.595896563461821,25.337726688419195
2025-11-27 17:17:52,18.1,10.556375608264181,8.95112869355658,25.3
2025-11-27 17:17:53,18.1,10.7,9.13857027953329,25.362064764918696
2025-11-27 17:17:54,18.1,10.83914525176878,9.53339688549075,25.33803581598521
2025-11-27 17:17:55,18.1,11.006392391232596,9.79584423585692,25.361854038272863
2025-11-27 17:17:56,18.1,10.5,8.910940509769402,25.338248587005403
2025-11-27 17:17:57,18.1,10.5,8.87,25.361645467730067
2025-11-27 17:17:58,18.1,10.718121290656498,9.380764324022277,25.4
2025-11-27 17:17:59,18.1,11.21880305318639,10.531041124420563,25.4
2025-11-27 17:18:00,18.1,10.865105152249324,10.139256681858251,25.461323243088756
2025-11-27 17:18:01,18.1,10.634443626693393,9.569395774142828,25.43877933274852
2025-11-27 17:18:02,18.1,11.026688526789952,10.388715172103812,25.338877416176953
2025-11-27 17:18:03,18.1,10.993938752852943,9.714706956872467,25.238993541916585
2025-11-27 17:18:04,18.1,10.7,9.260885925222558,25.260887502012363
2025-11-27 17:18:05,18.1,10.778700567257083,9.400236236625982,25.3
2025-11-27 17:18:06,18.1,10.869631916460335,9.484211891044614,25.239317994306575
2025-11-27 17:18:07,18.1,10.603949545718244,9.110409394361577,25.321134984898173
2025-11-27 17:18:08,18.1,10.848401326769304,9.623663702991138,25.4
2025-11-27 17:18:09,18.1,10.751245107020903,9.401432016689013,25.339640389568043
2025-11-27 17:18:10,18.1,10.798243786454869,9.542299369254193,25.36025219125897
2025-11-27 17:18:11,18.1,10.626369049290295,8.882396186920657,25.339847768091087
2025-11-27 17:18:12,18.1,11.100354080737645,9.352144794591581,25.480097469479183
2025-11-27 17:18:13,18.1,11.200246524389735,10.170406899241364,25.54008017464066
2025-11-27 17:18:14,18.1,10.79892593141402,9.595693904881045,25.5
2025-11-27 17:18:15,18.1,11.276687968820678,10.571834334868065,25.5
2025-11-27 17:18:16,18.1,10.801772816558826,9.706606891073095,25.380854489066735
2025-11-27 17:18:17,18.1,10.475590130339098,8.950079568210732,25.359472651993897
2025-11-27 17:18:18,18.1,10.448519683011435,8.967993196000391,25.28124560790836
2025-11-27 17:18:19,18.1,10.696354252055945,9.60637660369033,25.31853448994316
2025-11-27 17:18:20,18.1,10.880485644350893,10.33989045435638,25.45914708595082
2025-11-27 17:18:21,18.1,10.5,9.074800686320804,24.968149576058448
2025-11-27 17:18:22,18.1,10.5,8.916063028434175,25.071842671388048
2025-11-27 17:18:23,18.1,10.5,8.982432389685801,25.4
2025-11-27 17:18:24,18.1,10.593169697206218,9.192665438018707,25.341247178668304
2025-11-27 17:18:25,18.1,10.807556327085733,9.6618725605791,25.358644779801722
2025-11-27 17:18:26,18.027880591469494,10.591804611256583,9.183067551896892,25.3414593340298
2025-11-27 17:18:27,18.0720072653041,10.808928496184738,9.648069780646932,25.358434176515217
2025-11-27 17:18:28,18.1,10.47738163598411,8.960538085155191,25.4
2025-11-27 17:18:29,18.1,10.422472319109737,8.869325125352303,25.4
2025-11-27 17:18:30,18.1,10.5,8.85327570025405,25.341910339416557
2025-11-27 17:18:31,18.1,10.610837471830026,9.18226488424114,25.3
2025-11-27 17:18:32,18.1,10.890096345214403,9.712588429543802,25.3
2025-11-27 17:18:33,18.1,10.54365639420802,8.99670166003836,25.3
2025-11-27 17:18:34,18.1,10.7,9.282965345238095,25.3
2025-11-27 17:18:35,18.1,10.657022579237537,9.281279551010488,25.3
2025-11-27 17:18:36,18.1,10.542667154108495,9.383412796129713,25.3
2025-11-27 17:18:37,18.1,10.784614813609357,10.127585672514689,25.35734468248051
2025-11-27 17:18:38,18.1,11.1,10.474636267633128,25.4
2025-11-27 17:18:39,18.1,11.07914559985976,10.4,25.4
2025-11-27 17:18:40,18.1,11.0,10.425068116193872,25.342990711838418
2025-11-27 17:18:41,18.1,10.917431255555233,10.475087688476066,25.356887385359883
2025-11-27 17:18:42,18.1,10.579516057463504,10.4,25.4
2025-11-27 17:18:43,18.1,10.560970251761992,10.4,25.4
2025-11-27 17:18:44,18.1,10.880525741092733,10.4,25.4
2025-11-27 17:18:45,18.1,11.180066899588695,10.4,25.4
2025-11-27 17:18:46,18.1,11.060342204870333,10.351664015544781,25.4
2025-11-27 17:18:47,18.1,10.9,10.151902883029084,25.34374963379691
2025-11-27 17:18:48,18.030231271487075,10.9,10.0,25.243847477259525
2025-11-27 17:18:49,18.069656123836285,10.9,10.023828594751864,25.2
2025-11-27 17:18:50,18.1,10.9,10.1,25.25593964535286
2025-11-27 17:18:51,18.030567317003698,10.9,10.1,25.244162058939054
2025-11-27 17:18:52,18.06932031861732,10.9,10.076460500291144,25.25573036726016
2025-11-27 17:18:53,18.030788943455004,10.881409269877835,10.023427467540106,25.24437761837016
2025-11-27 17:18:54,18.069104124988094,10.836802410473876,10.169909815887097,25.25551522394088
2025-11-27 17:18:55,18.03100213158678,10.92711906122835,10.140394294550232,25.355394537920077
2025-11-27 17:18:56,18.0,10.6,9.28,25.068110069021923
2025-11-27 17:18:57,18.0,10.6,9.284596674791082,24.8
2025-11-27 17:18:58,18.0,10.6,9.290861452863002,24.744864202076894
2025-11-27 17:18:59,18.0,10.6,9.257728745268949,24.75502953323626
2025-11-27 17:19:00,18.0,10.6,9.231920912248508,24.74507621227971
2025-11-27 17:19:01,18.0,10.6,9.172253514888688,24.7
2025-11-27 17:19:02,18.0,10.685704208430183,9.631793360196111,24.918646683375453
2025-11-27 17:19:03,18.0,11.083053488674508,11.177909468105652,25.15450620759162
2025-11-27 17:19:04,18.0,11.016840095435837,10.901881505920409,24.927875293273264
2025-11-27 17:19:05,18.0,11.1,10.2,24.645651401338455
2025-11-27 17:19:06,18.0,11.1,10.265694337655413,24.979471899830187
2025-11-27 17:19:07,18.0,11.1,10.586945396024829,24.921226989566268
2025-11-27 17:19:08,18.0,11.1,10.835318804166624,24.65403004146919
2025-11-27 17:19:09,18.0,11.1,10.621389669770412,25.023132336142147
2025-11-27 17:19:10,18.0,11.1,10.7,25.353691523705827
2025-11-27 17:19:11,18.0,11.1,10.721031641495538,25.346358749453998
2025-11-27 17:19:12,18.0,11.1,10.7791373320582,25.35363709701643
2025-11-27 17:19:13,18.0,11.1,10.720749025452577,25.4
2025-11-27 17:19:14,18.0,11.1,10.738296849238697,25.3463719197153
2025-11-27 17:19:15,18.0,11.1,10.5,25.192725849384544
2025-11-27 17:19:16,18.0,11.08447229584128,10.5,24.885345065066183
2025-11-27 17:19:17,18.0,11.015420415961223,10.419470473710943,24.807336887474392
2025-11-27 17:19:18,18.0,11.023409300044841,9.911353215634357,24.792672522430042
2025-11-27 17:19:19,18.0,10.6,9.155994512423964,24.646329166438175
2025-11-27 17:19:20,18.0,10.675352299819023,9.370664374710563,24.6
2025-11-27 17:19:21,18.0,11.025608956474212,10.116747911704048,24.97545081596188
2025-11-27 17:19:22,18.0,10.614796588824541,9.300965228767259,24.924560712078957
2025-11-27 17:19:23,18.0,10.7,9.061187211426207,24.70730053442846
2025-11-27 17:19:24,18.0,10.7,9.241689310762808,24.8
2025-11-27 17:19:25,18.0,10.685708906384669,9.278391376711692,24.8
2025-11-27 17:19:26,18.0,10.6,9.226156515382591,24.7464526536492
2025-11-27 17:19:27,18.0,10.6,9.215726391591698,24.646447208979488
2025-11-27 17:19:28,18.0,10.6,9.230521628831966,24.65354447149592
2025-11-27 17:19:29,18.0,10.6,9.193765701176137,24.7
2025-11-27 17:19:30,18.0,10.66731746997784,9.450890324311162,24.7
2025-11-27 17:19:31,18.0,11.1,10.51842803825025,25.07442613678464
2025-11-27 17:19:32,18.0,11.06052863648101,10.52693140367802,24.972015774363985
2025-11-27 17:19:33,18.0,10.839164708348372,10.2,24.65352730410819
2025-11-27 17:19:34,18.0,11.07427489256631,10.13837089720725,24.64647229956429
2025-11-27 17:19:35,18.0,10.925510477198785,9.921387180359993,24.974415261830014
2025-11-27 17:19:36,18.0,11.074881327380169,10.14823402399964,25.3
2025-11-27 17:19:37,18.0,10.924907599436331,9.961423840831166,25.03260665309101
2025-11-27 17:19:38,18.0,11.1,10.18247160781529,24.8
2025-11-27 17:19:39,18.0,11.112145449349907,10.117408656512481,24.692986071533326
2025-11-27 17:19:40,18.0,11.187968750297838,10.2,24.6
2025-11-27 17:19:41,18.0,11.1,10.182756511938205,24.6
2025-11-27 17:19:42,18.0,11.1,10.11712422007806,24.653504682254155
2025-11-27 17:19:43,18.0,11.1,10.183001246145533,24.646498180467315
2025-11-27 17:19:44,18.0,11.123249280111848,10.20130981480877,24.6
2025-11-27 17:19:45,18.0,11.219510529533734,10.441087899200525,24.653462294546095
2025-11-27 17:19:46,18.0,10.691338508512358,9.434634169304038,24.7
2025-11-27 17:19:47,18.0,11.4,10.767036800346547,24.7
2025-11-27 17:19:48,18.0,11.38895094092726,10.616309750947135,24.7
2025-11-27 17:19:49,18.0,11.310912081355378,10.7,24.7
2025-11-27 17:19:50,18.0,11.38922400779459,10.731952229043214,24.7
2025-11-27 17:19:51,18.0,11.310643028507068,10.868427623829982,24.646586726007012
2025-11-27 17:19:52,18.0,11.357983714865574,10.576586156949643,24.653411037112054
2025-11-27 17:19:53,18.0,10.94795996931715,9.764049269198093,24.646589103758572
2025-11-27 17:19:54,18.0,10.551701587809173,9.174873946681497,24.6
2025-11-27 17:19:55,18.0,10.959398176630737,10.112975283174636,24.6
2025-11-27 17:19:56,18.0,10.680572148888096,9.332165655034562,24.546590751678547
2025-11-27 17:19:57,18.0,11.4,10.785105326351989,24.553406924397507
2025-11-27 17:19:58,18.0,11.4,10.788655522747609,24.6
2025-11-27 17:19:59,18.0,11.409551510280727,11.227195097752192,24.6
2025-11-27 17:20:00,18.0,11.49059960446803,10.814459828495227,24.6
2025-11-27 17:20:01,18.0621087409244,11.4,10.957049603790482,24.6
2025-11-27 17:20:02,18.1,11.327016017582553,11.000210428109398,24.6
2025-11-27 17:20:03,18.1,10.681399110305685,9.38612780848319,24.653382688242075
2025-11-27 17:20:04,18.1,11.49119596057042,10.727723170921495,24.753370918431198
2025-11-27 17:20:05,18.1,11.391335399156812,10.872631144141533,24.69326398012394
2025-11-27 17:20:06,18.1,11.30853366526423,10.781475712784099,24.6
2025-11-27 17:20:07,18.1,11.341188078617257,11.045667114343717,24.65336119629562
2025-11-27 17:20:08,18.1,10.683356972509518,9.332862229549656,24.646640336844957
2025-11-27 17:20:09,18.1,10.516336843387968,8.941416283642567,24.6
2025-11-27 17:20:10,18.1,10.684008360819846,9.162654463806968,24.6
2025-11-27 17:20:11,18.1,10.515691084233657,8.89043717133943,24.6
2025-11-27 17:20:12,18.1,10.684646007081,9.121481639752405,24.6
2025-11-27 17:20:13,18.1,10.515053763952709,8.902023726808338,24.546651175554626
2025-11-27 17:20:14,18.1,10.7,9.193763814468412,24.5
2025-11-27 17:20:15,18.1,10.7,9.22,24.606671933095694
2025-11-27 17:20:16,18.1,10.7,9.21877083962853,24.7
2025-11-27 17:20:17,18.1,10.693151898842642,9.207566985004485,24.806624751108494
2025-11-27 17:20:18,18.1,10.6,9.191204070518765,24.74018040408036
2025-11-27 17:20:19,18.1,10.6,9.198808442849556,24.65323889988634
2025-11-27 17:20:20,18.1,10.6,9.19,24.7
2025-11-27 17:20:21,18.1,10.5876199207833,9.153823188717181,24.7
2025-11-27 17:20:22,18.1,10.412088281414384,8.915843461940117,24.7
2025-11-27 17:20:23,18.1,10.6,9.194539269926649,24.7
2025-11-27 17:20:24,18.1,10.605711299665376,9.218779523762011,24.7
2025-11-27 17:20:25,18.1,10.694458391282065,9.161076359403067,24.7
2025-11-27 17:20:26,18.1,10.589246178803567,9.354115772767646,24.7
2025-11-27 17:20:27,18.1,10.410462151470288,8.952063564849775,24.7
2025-11-27 17:20:28,18.1,10.589865124974795,9.325806023966585,24.7
2025-11-27 17:20:29,18.1,10.4,8.879521300756522,24.7
2025-11-27 17:20:30,18.1,10.409552835658893,8.948572010811633,24.7
2025-11-27 17:20:31,18.1,10.590770833571408,8.85,24.7
2025-11-27 17:20:32,18.1,10.40894016767694,8.892730861238613,24.7
2025-11-27 17:20:33,18.1,10.6,9.266019210850272,24.7
2025-11-27 17:20:34,18.1,10.628970104646225,9.374261415159062,24.7
2025-11-27 17:20:35,18.1,11.268711858033669,10.553005688596706,25.125211252741682
2025-11-27 17:20:36,18.1,10.523092723563154,9.14222257289844,25.340625201208947
2025-11-27 17:20:37,18.1,11.085446694289995,8.910339452680324,25.2
2025-11-27 17:20:38,18.1,10.6928659037106,9.174748936145887,25.2
2025-11-27 17:20:39,18.1,10.49658043270618,8.9263017994576,25.2
2025-11-27 17:20:40,18.1,10.413096483786102,8.973202028566057,25.2
2025-11-27 17:20:41,18.1,10.787640967050214,9.728393945478725,25.2
2025-11-27 17:20:42,18.1,10.4,8.894754742189232,25.2
2025-11-27 17:20:43,18.1,10.4,9.034575887683728,25.2
2025-11-27 17:20:44,18.042778932356406,10.4,8.875927734270435,25.2
2025-11-27 17:20:45,18.057110867088998,10.4,8.93586155139089,25.25311041195373
2025-11-27 17:20:46,18.1,10.402372497060478,8.90308773114426,25.246893443617648
2025-11-27 17:20:47,18.04308925345496,10.5,9.040423316744166,25.35926741238067
2025-11-27 17:20:48,18.056817341820143,10.504147105223822,8.930788445319457,25.340731551951976
2025-11-27 17:20:49,18.1,10.6942770960281,8.94466537863953,25.2
2025-11-27 17:20:50,18.1,10.4,8.987110422883072,25.2
2025-11-27 17:20:51,18.1,10.4,8.832248571487774,25.2
2025-11-27 17:20:52,18.1,10.4,8.870339778404768,25.2
2025-11-27 17:20:53,18.1,10.401332932458551,9.0071899414266,25.253073354975683
2025-11-27 17:20:54,18.1,10.5,9.097876500934433,25.353060483051987
2025-11-27 17:20:55,18.043899399007927,10.5,9.072091210084782,25.34694092827004
2025-11-27 17:20:56,18.0,10.5,9.101371169775806,25.353053094476206
2025-11-27 17:20:57,18.0,10.50071368023193,9.12,25.453034557657595
2025-11-27 17:20:58,18.0,10.6,9.121325082049788,25.39393206470614
2025-11-27 17:20:59,18.0,10.6,9.13671933136849,25.3530350058382
2025-11-27 17:21:00,18.0,10.6,9.092578360272219,25.4
2025-11-27 17:21:01,18.0,10.599917326353802,9.13,25.4
2025-11-27 17:21:02,18.0,10.500073270798445,9.13,25.50601926196245
2025-11-27 17:21:03,18.055279323981335,10.599768386053078,9.128781823537803,25.54699824584034
2025-11-27 17:21:04,18.1,10.6,9.111792157747105,25.44699385985262
2025-11-27 17:21:05,18.1,10.6,9.137657586495704,25.453001743848553
2025-11-27 17:21:06,18.1,10.6,9.1,25.44700288178254
2025-11-27 17:21:07,18.1,10.500861543207849,9.103390529078101,25.028761620506728
2025-11-27 17:21:08,18.1,10.598979736361075,9.158340957659865,25.071019252979628
2025-11-27 17:21:09,18.1,10.6,9.134870046329622,25.4
2025-11-27 17:21:10,18.1,10.6,9.212074374548113,25.4
2025-11-27 17:21:11,18.1,10.6,9.075687381279577,25.347063835935398
2025-11-27 17:21:12,18.1,10.501653397967656,9.176465368064369,25.352926957991798
2025-11-27 17:21:13,18.1,10.59818661051533,9.11496526500391,25.452915641923752
2025-11-27 17:21:14,18.1,10.6,9.21,25.5
2025-11-27 17:21:15,18.1,10.6,9.20717315615175,25.5
2025-11-27 17:21:16,18.1,10.502275831891833,9.152756626742635,25.07646098849304
2025-11-27 17:21:17,18.1,10.402420101510323,9.209089072301342,24.7
2025-11-27 17:21:18,18.1,10.497427346400773,9.190886069348347,24.64702289115347
2025-11-27 17:21:19,18.1,10.5,9.20913904696954,24.65296959523322
2025-11-27 17:21:20,18.1,10.5,9.18916382482965,24.7
2025-11-27 17:21:21,18.1,10.5,9.170811622542631,24.7
2025-11-27 17:21:22,18.1,10.5,9.190786572958995,24.7
2025-11-27 17:21:23,18.1,10.5,9.208856976248459,24.7
2025-11-27 17:21:24,18.1,10.5,9.18,24.7
2025-11-27 17:21:25,18.1,10.5,9.180727187004415,24.7
2025-11-27 17:21:26,18.1,10.5,9.200351029588846,24.7
2025-11-27 17:21:27,18.1,10.596076354465813,9.21,24.647066910336786
2025-11-27 17:21:28,18.1,10.6,9.209022422754796,24.70584788156542
2025-11-27 17:21:29,18.1,10.6,9.180313521396005,24.747083014236107
2025-11-27 17:21:30,18.1,10.6,9.194820283188683,24.647078293503476
2025-11-27 17:21:31,18.1,10.6,9.348822693850067,24.652913637561994
2025-11-27 17:21:32,18.1,10.6,9.309719382288657,24.7
2025-11-27 17:21:33,18.1,10.6,9.299465897785037,24.7
2025-11-27 17:21:34,18.1,10.694917090593524,9.279234951287092,24.647103421522154
2025-11-27 17:21:35,18.1,10.7,9.285026819471515,24.6
2025-11-27 17:21:36,18.1,11.361561734904777,10.697853267324941,24.75862015711167
2025-11-27 17:21:37,18.1,11.4,10.59205569055406,24.74137499669074
2025-11-27 17:21:38,18.1,11.117263569269898,10.198140550092523,24.96994067300784
2025-11-27 17:21:39,18.046638937039983,11.1,10.098250694770755,24.93004575915386
2025-11-27 17:21:40,18.053354741887457,11.1,10.001640503343614,24.547139991788278
2025-11-27 17:21:41,18.04665175373203,11.1,10.1,24.605650463867885
2025-11-27 17:21:42,18.0,11.1,10.101406826804407,24.64718006371067
2025-11-27 17:21:43,18.05333559021404,11.1,10.19871892057055,24.6
2025-11-27 17:21:44,18.1,11.193559288452365,10.1,24.6
2025-11-27 17:21:45,18.1,11.106553785282776,10.1,24.7056105215634
2025-11-27 17:21:46,18.04670549787773,11.193324960750541,10.100944647513364,24.641571921165703
2025-11-27 17:21:47,18.053280529827592,11.106788698973006,10.198355550125498,24.816746678040698
2025-11-27 17:21:48,18.1,11.1,10.000713914194073,24.83605886372825
2025-11-27 17:21:49,18.046723174107203,11.1,10.1,24.6
2025-11-27 17:21:50,18.053282453376795,11.1,10.099514720455785,24.6
2025-11-27 17:21:51,18.1,11.1,10.000377750106743,24.6
2025-11-27 17:21:52,18.1,11.1,10.099742074076897,24.652760718949313
2025-11-27 17:21:53,18.1,11.1,10.000148938237547,24.805426948246197
2025-11-27 17:21:54,18.1,11.1,10.09996422702265,24.794582526586865
2025-11-27 17:21:55,18.1,11.007665021345511,10.000068926096173,24.7
2025-11-27 17:21:56,18.1,11.092223794822992,10.099813727843568,24.7
2025-11-27 17:21:57,18.04674019269334,11.376258040123957,10.498652488803474,24.647291739333504
2025-11-27 17:21:58,18.0,11.4,10.5,24.6
2025-11-27 17:21:59,18.0,11.308190322672813,10.5,24.652699006158144
2025-11-27 17:22:00,18.0,11.3,10.599186735645524,24.7
2025-11-27 17:22:01,18.0,11.3,10.500973521769392,24.7
2025-11-27 17:22:02,18.0,11.3,10.598865055369016,24.64738322538684
2025-11-27 17:22:03,18.0,11.3,10.501292361307001,24.6
2025-11-27 17:22:04,18.05328200351285,11.3,10.5,24.6
2025-11-27 17:22:05,18.1,11.3,10.5,24.6
2025-11-27 17:22:06,18.1,11.3,10.598232379494268,24.6
2025-11-27 17:22:07,18.1,11.3,10.6,24.6
2025-11-27 17:22:08,18.1,11.3,10.502087103861012,24.6
2025-11-27 17:22:09,18.1,11.3,10.597751441232765,24.6
2025-11-27 17:22:10,18.1,11.3,10.69758094536301,24.6
2025-11-27 17:22:11,18.1,11.3,10.50515442395562,24.6
2025-11-27 17:22:12,18.1,11.3,10.5,24.6
2025-11-27 17:22:13,18.1,11.3,10.5,24.6
2025-11-27 17:22:14,18.1,11.3,10.596939264659959,24.6
2025-11-27 17:22:15,18.1,11.3,10.6,24.65258834487298
2025-11-27 17:22:16,18.1,11.3,10.696597270581425,24.7
2025-11-27 17:22:17,18.1,11.3,10.60356568521597,24.7
2025-11-27 17:22:18,18.1,11.032019279479815,9.9834826584467,24.594953240274883
2025-11-27 17:22:19,18.1,10.910764494903503,9.844509920736536,24.552526105241075
2025-11-27 17:22:20,18.1,10.9,9.782362374835643,24.6
2025-11-27 17:22:21,18.1,10.988859182538123,9.799175532902247,24.6
2025-11-27 17:22:22,18.1,11.265895483796692,10.469363854214897,24.6
2025-11-27 17:22:23,18.1,11.38848314232219,10.690887686147912,25.124241968127343
2025-11-27 17:22:24,18.1,10.60423824774105,9.192367611130273,25.390459488166652
2025-11-27 17:22:25,18.1,10.852976121210823,9.748614532709913,25.095126920533982
2025-11-27 17:22:26,18.1,10.9,9.81802344860115,24.78981747199719
2025-11-27 17:22:27,18.1,10.460466775610021,8.936864437926863,24.6
2025-11-27 17:22:28,18.1,10.4,8.861567532631943,24.547476980874368
2025-11-27 17:22:29,18.1,10.662791716719676,9.34212805874076,24.60491723603276
2025-11-27 17:22:30,18.1,10.437651218389185,8.926169232121433,24.595206363428396
2025-11-27 17:22:31,18.1,10.661845669475749,9.135545061635295,24.60467127351671
2025-11-27 17:22:32,18.1,10.438596124507898,9.140590751522446,24.595446309952326
2025-11-27 17:22:33,18.1,10.573944011465152,8.914407958720071,24.55222014189237
2025-11-27 17:22:34,18.1,10.426348520008085,9.125079856646513,24.547834441230457
2025-11-27 17:22:35,18.1,10.573329369370484,9.03696625204935,24.552110056812065
2025-11-27 17:22:36,18.1,10.426962358775473,9.123550001059716,24.547945824089144
2025-11-27 17:22:37,18.1,10.4,8.95244518699255,24.5
2025-11-27 17:22:38,18.1,10.4,8.912022012799357,24.5
2025-11-27 17:22:39,18.1,10.4,8.91,24.5
2025-11-27 17:22:40,18.1,10.4,8.900713221218197,24.5
2025-11-27 17:22:41,18.1,10.485793095534657,8.88146490055383,24.55182929038915
2025-11-27 17:22:42,18.1,10.414351915889375,8.91699117575325,24.6
2025-11-27 17:22:43,18.1,10.485501459595788,8.929228047107017,24.548170248316545
2025-11-27 17:22:44,18.1,10.414642983577808,8.93,24.5
2025-11-27 17:22:45,18.1,10.57039067662186,9.09535804153248,24.60364341510275
2025-11-27 17:22:46,18.1,10.6,9.082477003328819,24.596355248454625
2025-11-27 17:22:47,18.1,10.430230544469868,8.887534494500292,24.5
2025-11-27 17:22:48,18.1,10.4,8.860852981918327,24.5
2025-11-27 17:22:49,18.1,10.569157542010077,9.042523988653226,24.60363273925058
2025-11-27 17:22:50,18.1,10.431134886143793,9.087342923078022,24.59638539336505
2025-11-27 17:22:51,18.1,10.4,8.998960459426707,24.5
2025-11-27 17:22:52,18.1,10.4,8.93543502110569,24.551803065546242
2025-11-27 17:22:53,18.1,10.4,8.94815000698352,24.548226751019005
2025-11-27 17:22:54,18.1,10.4,8.931889901786572,24.5
2025-11-27 17:22:55,18.1,10.4,8.939035135266325,24.5
2025-11-27 17:22:56,18.1,10.4,8.92196902832804,24.5
2025-11-27 17:22:57,18.1,10.4,8.92,24.55171571414371
2025-11-27 17:22:58,18.1,10.4,8.911023864009247,24.548297609446546
2025-11-27 17:22:59,18.1,10.4,8.918956451306256,24.551686964622156
2025-11-27 17:23:00,18.1,10.4,8.937881102086104,24.54832866680255
2025-11-27 17:23:01,18.1,10.4,8.895391008695375,24.551656661257134
2025-11-27 17:23:02,18.1,10.4,8.961213845105092,24.54835787300052
2025-11-27 17:23:03,18.1,10.4,8.91665398063081,24.5
2025-11-27 17:23:04,18.1,10.48241218483804,8.86563388476579,24.5
2025-11-27 17:23:05,18.1,10.664494904055333,9.214300927957098,24.603178614405643
2025-11-27 17:23:06,18.1,10.7,9.198087298503083,24.7
2025-11-27 17:23:07,18.1,10.61809429461366,9.19,24.75154988692968
2025-11-27 17:23:08,18.1,10.681738218514532,9.145897534451311,24.748464055606494
2025-11-27 17:23:09,18.1,10.61842774235717,9.122364951372601,24.7
2025-11-27 17:23:10,18.1,10.6,9.12880702361853,24.7
2025-11-27 17:23:11,18.1,10.6,9.173974984372675,24.7
2025-11-27 17:23:12,18.1,10.681073784800322,9.1448668759286,24.75147862630539
2025-11-27 17:23:13,18.1,10.457227127827998,9.069772848168238,24.69710337069815
2025-11-27 17:23:14,18.1,10.642282494369073,9.024925323758998,24.548570976252794
2025-11-27 17:23:15,18.1,10.538782565181547,9.081301342117415,24.55142622417734
2025-11-27 17:23:16,18.1,10.419537005778977,8.880039112236325,24.54857302950174
2025-11-27 17:23:17,18.1,10.480315427012986,8.858730946685462,24.551425101787878
2025-11-27 17:23:18,18.1,10.5,9.05162423265957,24.85692584877461
2025-11-27 17:23:19,18.1,10.419979706849201,8.932090883297239,25.151341012059657
2025-11-27 17:23:20,18.1,10.47987385194149,8.918682639575161,25.2
2025-11-27 17:23:21,18.1,10.420271531412023,8.937326083138966,25.2
2025-11-27 17:23:22,18.1,10.4,9.078270387784423,25.251263646493115
2025-11-27 17:23:23,18.1,10.558840914592391,9.238043151640294,25.24876120193543
2025-11-27 17:23:24,18.1,10.520729990886661,9.01864395779707,25.2
2025-11-27 17:23:25,18.1,10.420876295961412,8.97138971021514,25.2
2025-11-27 17:23:26,18.1,10.5579242142004,9.16756178354919,25.148816106303588
2025-11-27 17:23:27,18.1,10.52119321172382,9.131370120371377,25.202325695583745
2025-11-27 17:23:28,18.1,11.050204409244792,9.659402584545086,25.197715203426636
2025-11-27 17:23:29,18.1,10.728979253594499,9.219936792391273,25.202240664019097
2025-11-27 17:23:30,18.1,10.6,9.09584750053465,25.3
2025-11-27 17:23:31,18.1,10.6,9.226408154673832,25.24893186535735
2025-11-27 17:23:32,18.1,10.6,9.25851268069786,25.148998100942954
2025-11-27 17:23:33,18.1,10.67786310562034,9.285498499237832,25.049103449392838
2025-11-27 17:23:34,18.1,10.7,9.247566333224594,25.101575684834454
2025-11-27 17:23:35,18.1,10.7,9.273894841157874,25.250662220907923
2025-11-27 17:23:36,18.1,10.622639374393929,9.28,25.148361308209537
2025-11-27 17:23:37,18.1,10.522797144001132,9.068761359403474,24.848615871078135
2025-11-27 17:23:38,18.1,10.654075148856277,9.122817488534869,24.7
2025-11-27 17:23:39,18.1,11.23770506464146,10.20042187254344,25.050965530790997
2025-11-27 17:23:40,18.1,11.016559100853817,10.3159325136959,25.4
2025-11-27 17:23:41,18.1,11.205942477361454,10.551751867522531,25.35018654171027
2025-11-27 17:23:42,18.1,11.3,10.683740789370658,25.25031002990871
2025-11-27 17:23:43,18.1,11.376183640022209,10.449022453989075,25.100838811445218
2025-11-27 17:23:44,18.1,11.323953952380952,10.4,25.1978342894801
2025-11-27 17:23:45,18.1,10.844222942401686,9.40656133121447,25.054565757905593
2025-11-27 17:23:46,18.1,10.624179351878938,9.184986605057073,24.995148501097965
2025-11-27 17:23:47,18.1,10.6,9.204976506682238,25.3
2025-11-27 17:23:48,18.1,10.448990000830864,8.97716603486407,25.251123788686197
2025-11-27 17:23:49,18.1,10.550688675989289,9.19544034981259,25.248749238080727
2025-11-27 17:23:50,18.1,10.524808376055963,8.951790061818265,25.20274964599439
2025-11-27 17:23:51,18.1,10.5,8.881733662488218,25.051485250383028
2025-11-27 17:23:52,18.1,10.5,8.921234467344213,24.806283370951913
2025-11-27 17:23:53,18.1,10.42524983168382,8.954681786967093,24.841463205160476
2025-11-27 17:23:54,18.1,10.474602224613973,8.976414713137505,24.859241269705116
2025-11-27 17:23:55,18.1,10.5,8.98,24.84008840337902
2025-11-27 17:23:56,18.1,10.797080981166484,9.723687674593517,25.1
2025-11-27 17:23:57,18.1,10.974073759452526,9.914462026747204,25.1
2025-11-27 17:23:58,18.1,11.0,9.854918273842657,25.0523637071243
2025-11-27 17:23:59,18.1,11.368548487502443,10.456399652626512,25.237550538185253
2025-11-27 17:24:00,18.1,11.42643125540767,10.680919870993847,25.5
2025-11-27 17:24:01,18.1,11.473422891105628,10.538477335544302,25.452731731079663
2025-11-27 17:24:02,18.1,11.42672114243894,10.338750275010739,25.49423844166639
2025-11-27 17:24:03,18.1,11.4,10.541393845989063,25.506071149606246
2025-11-27 17:24:04,18.1,11.4,10.6,25.35317660924535
2025-11-27 17:24:05,18.1,11.472839893523572,10.359487587689076,25.346686959689343
2025-11-27 17:24:06,18.1,11.4272420922803,10.3,25.35344988835613
2025-11-27 17:24:07,18.1,11.4,10.459777501536598,25.39281530082275
2025-11-27 17:24:08,18.1,11.182430228520559,10.659436930799227,25.407473496016337
2025-11-27 17:24:09,18.1,11.244793586861332,10.620443932185703,25.392243652236225
2025-11-27 17:24:10,18.1,11.372258810566395,10.361734735061516,25.454021511264546
2025-11-27 17:24:11,18.1,11.327876512650741,10.537791027723726,25.4
2025-11-27 17:24:12,18.1,11.371984133332953,10.520894115776287,25.445690662648094
2025-11-27 17:24:13,18.1,11.328153303517517,10.5,25.408901608090957
2025-11-27 17:24:14,18.1,11.3,10.5,25.34541047551298
2025-11-27 17:24:15,18.1,11.3,10.342687499330328,25.445264772232743
2025-11-27 17:24:16,18.1,11.3,10.14292656440885,25.454878334199588
2025-11-27 17:24:17,18.1,11.085965926426633,9.95881120490187,25.220000724046045
2025-11-27 17:24:18,18.0479188631282,10.928751960612676,9.912173303867624,25.0897784841325
2025-11-27 17:24:19,18.0,10.971079311537837,10.448318998048734,25.110442457894045
2025-11-27 17:24:20,18.0,11.0,10.366440793381898,25.0
2025-11-27 17:24:21,18.0,11.0,10.3,25.04453560220511
2025-11-27 17:24:22,18.0,11.0,10.3,25.1
2025-11-27 17:24:23,18.0,10.929598898081606,10.3,25.276983935210435
2025-11-27 17:24:24,18.0,11.251121250407914,10.840832997644188,25.455898383242058
2025-11-27 17:24:25,18.0,11.329939371514303,11.0,25.443958771771115
2025-11-27 17:24:26,18.0,11.3,11.076953559098717,25.456182168627652
2025-11-27 17:24:27,18.0,11.3,11.330389683360693,25.443679179410214
2025-11-27 17:24:28,18.0,11.3,11.093266697025182,25.456467190521288
2025-11-27 17:24:29,18.0,11.3,11.076568913007602,25.4
2025-11-27 17:24:30,18.0,11.369385184770744,10.947064909946873,25.226816362012503
2025-11-27 17:24:31,18.0,11.192197897985867,10.441948998586179,25.04318773737953
2025-11-27 17:24:32,18.05208111559936,11.030839996341815,10.376203072007543,25.143074156620525
2025-11-27 17:24:33,18.1,11.138088953619068,11.15984685042301,24.89911249900217
2025-11-27 17:24:34,18.1,11.13106962661092,10.641067955982278,24.542884500575585
2025-11-27 17:24:35,18.1,11.168813307868893,10.32421770048635,24.6
2025-11-27 17:24:36,18.1,11.062592680008983,10.3,24.6
2025-11-27 17:24:37,18.1,11.548364406912771,10.3,24.6
2025-11-27 17:24:38,18.1,11.389559285126941,10.3,24.64224371641252
2025-11-27 17:24:39,18.1,11.13170754883462,10.37525260280704,24.7
2025-11-27 17:24:40,18.1,10.75891105470175,10.24975746724897,24.7
2025-11-27 17:24:41,18.1,10.940284513878925,10.349967037590003,24.7
2025-11-27 17:24:42,18.1,11.235805452307195,10.325153755476471,24.7
2025-11-27 17:24:43,18.1,11.16443303044534,10.374706830064886,24.7
2025-11-27 17:24:44,18.1,11.1,10.996036384250301,24.7
2025-11-27 17:24:45,18.1,11.03243778471156,10.530163229689723,24.7
2025-11-27 17:24:46,18.1,11.067453576675678,10.3,24.7
2025-11-27 17:24:47,18.1,11.167336737983984,10.374180016118146,24.7
2025-11-27 17:24:48,18.1,10.998290321812249,9.822049948248551,24.7
2025-11-27 17:24:49,18.1,11.034132553147094,10.048710847612538,24.9421148534579
2025-11-27 17:24:50,18.1,11.166916506146288,10.42123695122912,25.099068406289593
2025-11-27 17:24:51,18.1,11.06638759775589,10.352778345938566,25.04027395422584
2025-11-27 17:24:52,18.1,11.066697706342596,10.373474679617365,25.360148453380454
2025-11-27 17:24:53,18.1,10.766903784263413,9.50424601465348,25.3
2025-11-27 17:24:54,18.1,10.932287145305619,9.780773867390721,25.2208094913969
2025-11-27 17:24:55,18.1,11.1,9.70002347465383,25.139480465609797
2025-11-27 17:24:56,18.1,11.1,10.108158646466487,25.160640400658238
2025-11-27 17:24:57,18.1,10.769404219254863,9.505371748744883,25.1
2025-11-27 17:24:58,18.1,10.929791544387315,9.777434628995444,25.139127262544186
2025-11-27 17:24:59,18.1,11.165809059303811,10.577768860043697,25.160992300949086
2025-11-27 17:25:00,18.1,11.134302673958791,10.510336955807468,25.13888969850407
2025-11-27 17:25:01,18.1,11.1,10.4,25.277516230944858
2025-11-27 17:25:02,18.1,10.641323159206511,9.236724782521604,25.4
2025-11-27 17:25:03,18.1,10.922938980701737,10.236885275921932,25.32302067164879
2025-11-27 17:25:04,18.1,11.004296344326898,10.369241137394937,25.161624270264916
2025-11-27 17:25:05,18.1,10.9,10.128323154722427,25.138265022299358
2025-11-27 17:25:06,18.1,11.029758034085832,10.243103867845862,25.161848517144676
2025-11-27 17:25:07,18.1,11.035264094884818,10.371416122834294,25.138040303752227
2025-11-27 17:25:08,18.1,11.06462328067377,10.471264806148627,25.2
2025-11-27 17:25:09,18.1,10.970954442736556,10.286594942065385,25.2
2025-11-27 17:25:10,18.1,11.093044484241437,10.341999996190701,25.2
2025-11-27 17:25:11,18.1,11.007372162470979,10.258258366378799,25.124872834324968
2025-11-27 17:25:12,18.1,11.028082582717975,10.2707402487536,25.074910382487115
2025-11-27 17:25:13,18.1,10.972187354178889,10.229385991231304,25.2
2025-11-27 17:25:14,18.1,10.9,10.129501382468725,25.162781971182127
2025-11-27 17:25:15,18.1,10.9,10.1,25.174202383123742
2025-11-27 17:25:16,18.1,10.9,10.17026428088357,25.226043028334765
2025-11-27 17:25:17,18.1,10.963179097236152,10.12984957078913,25.173718528268633
2025-11-27 17:25:18,18.1,11.062971970083213,10.520282343761425,25.263267846792832
2025-11-27 17:25:19,18.1,11.162814962415844,9.811198598944872,25.2
2025-11-27 17:25:20,18.1,11.074587410795225,9.898004132861844,25.12701294519347
2025-11-27 17:25:21,18.1,10.812307793740386,9.423049563478669,25.036386017479224
2025-11-27 17:25:22,18.1,10.7,9.192744630770814,25.027440980556005
2025-11-27 17:25:23,18.1,10.637772097917761,9.254795821283862,24.79151266822956
2025-11-27 17:25:24,18.1,10.6,9.256108279775534,24.6
2025-11-27 17:25:25,18.1,10.6,9.23613442792983,24.6
2025-11-27 17:25:26,18.1,10.6,9.22308021466009,24.635671338535865
2025-11-27 17:25:27,18.1,10.6,9.226906657269495,24.7
2025-11-27 17:25:28,18.1,10.6,9.20931861351072,24.664675217656548
2025-11-27 17:25:29,18.1,10.6,9.2,24.6
2025-11-27 17:25:30,18.1,10.661081593620795,9.275542656496198,24.634993939385286
2025-11-27 17:25:31,18.1,10.7,9.138617741007103,24.87400652287168
2025-11-27 17:25:32,18.1,10.7,9.196850107906611,25.02684247442841
2025-11-27 17:25:33,18.1,10.639430866249237,9.225852832990297,24.7
2025-11-27 17:25:34,18.1,10.66040176284767,9.40761918239428,24.906018622363725
2025-11-27 17:25:35,18.1,10.639764960931949,9.289178726373088,25.265857048214663
2025-11-27 17:25:36,18.1,11.020194206671883,10.416440486804596,25.2
2025-11-27 17:25:37,18.1,11.3,10.729458351098806,25.2
2025-11-27 17:25:38,18.1,11.001247804448777,10.32985149259844,25.23377695903534
2025-11-27 17:25:39,18.1,10.8,9.990962522696682,25.3
2025-11-27 17:25:40,18.1,10.562199126823453,9.634050169664041,25.232961413251857
2025-11-27 17:25:41,18.1,10.814867945428134,9.973566056039763,25.13340122927047
2025-11-27 17:25:42,18.1,10.8634545903748,10.012275871629187,25.066835967017877
2025-11-27 17:25:43,18.1,10.81798696018738,9.906613280447209,24.965795242313217
2025-11-27 17:25:44,18.1,10.841194257314719,10.16695419338741,25.16812274046631
2025-11-27 17:25:45,18.1,10.858615932138214,10.066923727697354,24.998489973595944
2025-11-27 17:25:46,18.1,10.724680096058657,9.43146759733753,25.232632031078126
2025-11-27 17:25:47,18.1,10.6,9.063813698122491,25.3
2025-11-27 17:25:48,18.1,10.8904344385527,9.003373932291616,25.3
2025-11-27 17:25:49,18.05329219410539,10.868172501770745,8.953688522481675,25.3
2025-11-27 17:25:50,18.0,10.526472557953948,8.897000633691395,25.3
2025-11-27 17:25:51,18.0,10.4,8.906321299595179,25.268045709877057
2025-11-27 17:25:52,18.04638626880501,10.687636216966753,9.693286118448246,25.16816802242496
2025-11-27 17:25:53,18.1,11.014649504832713,10.230685275174919,25.13171085798156
2025-11-27 17:25:54,18.1,11.1,10.169555159553353,25.231581891133743
2025-11-27 17:25:55,18.053952287795582,10.700303895882296,9.31123263719581,25.3
2025-11-27 17:25:56,18.04593836187506,10.456995902408181,8.896506467847088,25.268683391731038
2025-11-27 17:25:57,18.1,10.784099669917994,9.450941359822538,25.293554825864394
2025-11-27 17:25:58,18.1,10.660082812028314,9.200395305451503,25.43793084893621
2025-11-27 17:25:59,18.054400162524406,10.4,8.925799667207361,25.3
2025-11-27 17:26:00,18.0,10.681685631249692,9.575971673489182,25.207682782441683
2025-11-27 17:26:01,18.045386784831738,10.9,9.955602710667424,25.091987781098897
2025-11-27 17:26:02,18.05472163965364,10.9,9.938094280146762,25.269465100812255
2025-11-27 17:26:03,18.0,10.621046341518577,9.295942435007747,25.321588652779372
2025-11-27 17:26:04,18.04505473177086,10.455643327422976,8.946351830912453,25.630227226371236
2025-11-27 17:26:05,18.1,10.5,8.95633192154586,25.639886164467136
2025-11-27 17:26:06,18.1,10.721272354971546,9.521250219301686,25.5
2025-11-27 17:26:07,18.1,11.120413075843,9.925392331863042,25.44049589256161
2025-11-27 17:26:08,18.1,10.860222787165432,9.32363932119367,25.3
2025-11-27 17:26:09,18.1,10.5,8.896155760658605,25.27051721736273
2025-11-27 17:26:10,18.1,10.5,8.951167107282789,25.2
2025-11-27 17:26:11,18.1,10.445425018188606,8.981310809835565,25.229227097021507
2025-11-27 17:26:12,18.1,10.45447151062349,8.938930783563,25.212699505582442
2025-11-27 17:26:13,18.1,10.5,8.957163835833908,24.883908527199797
2025-11-27 17:26:14,18.1,10.445785958392504,8.955278961165664,24.773746064838054
2025-11-27 17:26:15,18.1,10.454088973907808,8.94,25.2
2025-11-27 17:26:16,18.056197382623417,10.5,8.94,25.2
2025-11-27 17:26:17,18.043694408252197,10.5,8.921624166120363,25.2
2025-11-27 17:26:18,18.1,10.5,8.946632674475877,25.2
2025-11-27 17:26:19,18.1,10.5,9.006547130635091,25.256493201158705
2025-11-27 17:26:20,18.1,10.5,8.987432677567828,25.37189366363021
2025-11-27 17:26:21,18.1,10.5,8.935738698082925,25.3
2025-11-27 17:26:22,18.1,10.5,9.052979662663718,25.077100142637033
2025-11-27 17:26:23,18.1,10.606615963711539,9.284658111121773,24.52778784354591
2025-11-27 17:26:24,18.1,10.7,9.36195976577055,24.82081432638273
2025-11-27 17:26:25,18.1,10.7,9.326001019054898,25.345213074500112
2025-11-27 17:26:26,18.1,10.646884327082457,9.262105526718024,25.2
2025-11-27 17:26:27,18.1,10.653046176468695,9.277824195095219,25.227142937754774
2025-11-27 17:26:28,18.1,10.7,9.244350518444152,25.272989117492976
2025-11-27 17:26:29,18.1,10.7,9.265506752131522,25.038568627217384
2025-11-27 17:26:30,18.1,10.7,9.321883264393202,24.760790015359852
2025-11-27 17:26:31,18.1,10.7,9.306287111197038,25.040221155372805
2025-11-27 17:26:32,18.1,10.7,9.319572829643505,24.759371086267265
2025-11-27 17:26:33,18.1,10.7,9.328198333482936,25.2
2025-11-27 17:26:34,18.1,10.7,9.325887197291646,25.042478952994127
2025-11-27 17:26:35,18.1,10.7,9.341746874429331,24.626180715575966
2025-11-27 17:26:36,18.1,10.59457165944745,9.168295261714247,24.64796357168159
2025-11-27 17:26:37,18.1,10.60529828350566,9.186231053598274,24.55176686046207
2025-11-27 17:26:38,18.1,10.594829651983526,9.13822571210822,24.674222282311288
2025-11-27 17:26:39,18.1,10.762543658906988,9.827201259058342,24.72801244699452
2025-11-27 17:26:40,18.058686964174182,10.737760115059269,10.034338400421369,25.1
2025-11-27 17:26:41,18.0,10.552352949437967,10.018865936489684,24.973438250941133
2025-11-27 17:26:42,18.0,10.860828779584104,10.021054198357643,24.751260156383992
2025-11-27 17:26:43,18.0,11.04797558783785,9.820906658308768,25.2
2025-11-27 17:26:44,18.0,11.051929202292195,10.016689454665173,25.274643511530154
2025-11-27 17:26:45,18.0,10.84078571300924,10.2,25.252474275470327
2025-11-27 17:26:46,18.0,10.6,10.142924253768308,24.5
2025-11-27 17:26:47,18.0,10.6,10.213894921903087,24.5
2025-11-27 17:26:48,18.040514078220305,10.908236060385548,10.243185246952441,24.52436998394386
2025-11-27 17:26:49,18.1,11.2,10.2,24.6
2025-11-27 17:26:50,18.1,11.2,11.103467490066683,24.624047241620612
2025-11-27 17:26:51,18.1,11.149044753436632,10.842351897368491,24.7
2025-11-27 17:26:52,18.1,11.252464529872613,10.15625020834107,24.86629578820137
2025-11-27 17:26:53,18.1,11.247929256318322,10.2,25.235124727060906
2025-11-27 17:26:54,18.06008342498777,11.25166864136905,10.3679304747261,24.887682977310874
2025-11-27 17:26:55,18.0,11.4,10.444170270776025,25.5
2025-11-27 17:26:56,18.0,11.249170864179655,10.344309129887373,25.407366407505158
2025-11-27 17:26:57,18.0,11.1,10.18887058945119,25.1
2025-11-27 17:26:58,18.0,11.1,10.1,25.1
2025-11-27 17:26:59,18.0,11.1,10.155328263592851,25.1
2025-11-27 17:27:00,18.0,11.149800211551915,10.144795504066105,25.077282442595372
2025-11-27 17:27:01,18.0,11.150320600136403,10.1,25.022624486249022
2025-11-27 17:27:02,18.03913646965183,11.1,10.1,25.1
2025-11-27 17:27:03,18.1,11.149436679381214,10.045149094047455,25.077553342403164
2025-11-27 17:27:04,18.1,11.2,10.10945865856513,25.022344162872972
2025-11-27 17:27:05,18.1,11.2,10.581948027596656,25.1
2025-11-27 17:27:06,18.1,11.298089656290493,10.954363249661961,25.166339524699797
2025-11-27 17:27:07,18.1,11.4,11.054208945612487,25.421965460610494
2025-11-27 17:27:08,18.1,11.4,10.991792031809691,25.456351468134756
2025-11-27 17:27:09,18.1,11.254146661278181,10.630091232447516,25.234806986439022
2025-11-27 17:27:10,18.1,11.1,10.346156060466448,24.913445132659437
2025-11-27 17:27:11,18.1,11.1,10.117328174767536,24.686200748868693
2025-11-27 17:27:12,18.1,11.1,9.98144833060525,25.0
2025-11-27 17:27:13,18.1,11.1,10.0,25.021266076445777
2025-11-27 17:27:14,18.1,11.1,10.0,25.1
2025-11-27 17:27:15,18.1,11.004001281638361,9.866334113832725,25.1
2025-11-27 17:27:16,18.1,10.9,9.73396973952694,25.079045019489033
2025-11-27 17:27:17,18.1,10.947706051561878,9.7840202473994,25.0
2025-11-27 17:27:18,18.1,10.952490220699636,9.829347583162715,25.020750488578248
2025-11-27 17:27:19,18.1,10.9,9.7987292007866,25.1
2025-11-27 17:27:20,18.1,10.9,9.764071385094773,25.1
2025-11-27 17:27:21,18.1,10.9,9.824211608225372,25.1
2025-11-27 17:27:22,18.1,10.9,9.826495280348986,25.1
2025-11-27 17:27:23,18.1,10.9,9.780567477475824,25.079771643190163
2025-11-27 17:27:24,18.1,10.9,9.758345874352212,25.020160868750313
2025-11-27 17:27:25,18.1,10.992307919244203,9.840601300125115,24.999695810351124
2025-11-27 17:27:26,18.1,11.1,9.876911794236815,24.6
2025-11-27 17:27:27,18.1,11.054114572330038,9.914456938347735,24.738675959016987
2025-11-27 17:27:28,18.1,10.954212480387666,9.848082101414265,25.260787935570132
2025-11-27 17:27:29,18.1,10.945643438652192,9.91371540308725,25.08050295471845
2025-11-27 17:27:30,18.1,11.0,10.152062103105155,25.0
2025-11-27 17:27:31,18.1,11.045377309892272,10.096111838440343,25.01928347260532
2025-11-27 17:27:32,18.1,10.964159374990322,9.859997784426088,25.119162776144524
2025-11-27 17:27:33,18.1,10.8,9.698964284685749,25.2
2025-11-27 17:27:34,18.1,10.889975025772442,9.84007160932908,25.2
2025-11-27 17:27:35,18.1,11.089648843733425,10.154102556227068,25.237577419493842
2025-11-27 17:27:36,18.1,11.110555330470827,10.038581129497322,25.344048365233576
2025-11-27 17:27:37,18.1,11.089132642368972,9.892226066142662,25.13706207312628
2025-11-27 17:27:38,18.1,11.2,9.995095909679614,25.263209236578252
2025-11-27 17:27:39,18.1,11.2,10.203498992132438,25.118274621502096
2025-11-27 17:27:40,18.1,11.2,10.34922746972198,25.2
2025-11-27 17:27:41,18.1,11.244058083856574,10.502467013112879,25.218015811697704
2025-11-27 17:27:42,18.1,11.256067939085812,10.498143829300297,25.282119037510295
2025-11-27 17:27:43,18.1,11.2,10.400643356643357,25.2
2025-11-27 17:27:44,18.1,11.2,10.449826446257381,25.182365464087162
2025-11-27 17:27:45,18.1,11.2,10.600200402376725,25.117513284145584
2025-11-27 17:27:46,18.1,11.156490386733436,10.600283366581648,25.182610034435623
2025-11-27 17:27:47,18.1,11.23014512773226,10.35020790931611,25.117272174862578
2025-11-27 17:27:48,18.1,11.313502885372351,10.3,25.2
2025-11-27 17:27:49,18.1,12.14668972062011,10.3,25.2
2025-11-27 17:27:50,18.1,12.499857356959735,10.349371242638231,25.216885930240753
2025-11-27 17:27:51,18.1,11.342838467889463,10.4,25.3
2025-11-27 17:27:52,18.1,11.357301949404022,10.4,25.3
2025-11-27 17:27:53,18.1,11.257434234477918,10.351065374916397,25.3
2025-11-27 17:27:54,18.1,11.157561828679686,10.202380618417353,25.31634742780848
2025-11-27 17:27:55,18.1,11.015350960868586,9.987978937098323,25.335150558691286
2025-11-27 17:27:56,18.1,11.02651193869939,9.981670384712467,25.03221330381998
2025-11-27 17:27:57,18.1,11.15801098644126,10.148381982407608,25.231952321807324
2025-11-27 17:27:58,18.1,11.141866907137791,10.248254633275007,25.384166742655164
2025-11-27 17:27:59,18.1,11.2,10.203740240033207,25.284304597977588
2025-11-27 17:28:00,18.1,11.2,10.1,25.184427586755458
2025-11-27 17:28:01,18.1,11.614690280222655,10.1,25.11545820736823
2025-11-27 17:28:02,18.1,11.703978287462721,10.013973596012367,25.184658247346814
2025-11-27 17:28:03,18.067549111771275,10.958706811789725,9.824682338644092,25.11523001821667
2025-11-27 17:28:04,18.032344976374077,10.94115338629066,9.753236679600263,25.169778228097012
2025-11-27 17:28:05,18.06776417983392,10.95900650513084,9.780539894225932,25.030015335524123
2025-11-27 17:28:06,18.03212874770931,10.9408502646861,9.817116103763771,25.185111658512408
2025-11-27 17:28:07,18.1,10.959311483664196,9.87,25.114779035193294
2025-11-27 17:28:08,18.1,10.940546958332728,9.893402234013417,25.185338499854492
2025-11-27 17:28:09,18.1,11.20194462031573,10.376296508298582,25.143632183229357
2025-11-27 17:28:10,18.1,11.137216091381624,10.060249205224634,25.385593884583077
2025-11-27 17:28:11,18.1,10.921392353973529,9.834790724226657,25.3
2025-11-27 17:28:12,18.1,11.360027408949527,10.561862339368432,25.328279949805413
2025-11-27 17:28:13,18.1,11.339833248417955,10.49177887347946,25.486005657790795
2025-11-27 17:28:14,18.1,11.360306804045166,10.6,25.4
2025-11-27 17:28:15,18.068881266945738,11.141574988008747,10.226137335753373,25.35884253141091
2025-11-27 17:28:16,18.031011256023636,11.018530621157993,9.925441824867825,25.113608174849844
2025-11-27 17:28:17,18.1,11.160675171096685,10.14527500745297,25.2
2025-11-27 17:28:18,18.069160554822258,11.060774057630331,10.078062906264663,25.2
2025-11-27 17:28:19,18.030732378313022,11.039140085509937,10.006521878358217,25.186749146775966
2025-11-27 17:28:20,18.1,11.139018087178485,10.055155191223776,25.12627062586822
2025-11-27 17:28:21,18.1,11.2,10.089453278845838,25.286991624807374
2025-11-27 17:28:22,18.1,11.23878819404069,10.15539512698822,25.2
2025-11-27 17:28:23,18.1,11.261295793952335,10.037706920808585,25.2
2025-11-27 17:28:24,18.1,11.2,9.56900314712337,25.237920660601407
2025-11-27 17:28:25,18.1,11.2,9.15541895780683,25.462514475209797
2025-11-27 17:28:26,18.1,11.008208571552455,9.245576883561359,25.21237269429367
2025-11-27 17:28:27,18.1,10.623489157328661,9.19148559396683,25.287753023421516
2025-11-27 17:28:28,18.1,10.652358539615475,9.134398446134185,25.175735505505735
2025-11-27 17:28:29,18.1,10.937892367932143,9.153158953765455,25.01203184391348
2025-11-27 17:28:30,18.1,11.075445747980757,9.75150426867048,25.12383130971793
2025-11-27 17:28:31,18.1,11.011895030062067,9.950444141539355,25.3
2025-11-27 17:28:32,18.1,10.887475674291972,9.831355668822221,25.3
2025-11-27 17:28:33,18.1,10.975984255439295,10.006534204081632,25.288466558475193
2025-11-27 17:28:34,18.1,11.824662421681687,9.247296957526611,25.21141207553064
2025-11-27 17:28:35,18.1,12.905669399819805,9.369124817480369,25.28871871608245
2025-11-27 17:28:36,18.1,10.941994414788347,9.246496088564719,25.211156564114848
2025-11-27 17:28:37,18.1,10.793922452179606,8.901434267403948,25.288971521805596
2025-11-27 17:28:38,18.1,11.080590362226577,9.064723969893853,25.21090298824475
2025-11-27 17:28:39,18.1,10.663535290110447,9.257576085160329,25.278446227615927
2025-11-27 17:28:40,18.1,10.6,9.216917661311522,25.11066083585544
2025-11-27 17:28:41,18.1,10.6,9.235783740126996,25.2
2025-11-27 17:28:42,18.1,10.815697304704367,9.721202932019855,25.21041324828971
2025-11-27 17:28:43,18.1,11.021072891962685,9.898054242106873,25.26913919427006
2025-11-27 17:28:44,18.1,10.62862419707096,9.053789588246742,25.0
2025-11-27 17:28:45,18.1,10.5,8.845835762380526,25.020160265348245
2025-11-27 17:28:46,18.1,10.747562277321865,9.609562764369882,25.2
2025-11-27 17:28:47,18.1,11.2,10.181758977541135,25.2
2025-11-27 17:28:48,18.1,10.989146286866921,9.390749471275303,25.2
2025-11-27 17:28:49,18.1,10.635040664668402,9.275002870435609,25.190394675237396
2025-11-27 17:28:50,18.07281352412164,10.804646166497195,9.572602120562001,25.1
2025-11-27 17:28:51,18.02707913397678,10.860936775905962,9.710196832422252,25.1
2025-11-27 17:28:52,18.1,10.634664778067815,9.229173973028342,25.118538062116897
2025-11-27 17:28:53,18.1,10.630967984847976,9.295365225439614,25.29085968721805
2025-11-27 17:28:54,18.1,10.5,9.232213634748884,25.181964848183163
2025-11-27 17:28:55,18.1,10.568464141110748,9.2599323478547,25.017824864131697
2025-11-27 17:28:56,18.07347744717436,10.7,9.165979263767536,25.2
2025-11-27 17:28:57,18.0,10.7,9.066009895764864,25.2
2025-11-27 17:28:58,18.0,10.7,9.06,25.2
2025-11-27 17:28:59,18.0,10.599161027450336,9.016350689735495,25.191581144575874
2025-11-27 17:29:00,18.026133722169394,10.60067423365344,8.98561873454512,25.1
2025-11-27 17:29:01,18.07397991056809,10.8335446645636,9.036053314217124,25.091797199960148
2025-11-27 17:29:02,18.0,10.5,9.033935748270627,25.00817339201341
2025-11-27 17:29:03,18.0,10.5,8.992897310056295,25.1
2025-11-27 17:29:04,18.0,10.467078596191426,8.939556591735428,25.052251987748928
2025-11-27 17:29:05,18.0,10.43279331610541,8.997262732870736,24.563186710455142
2025-11-27 17:29:06,18.0,10.532641251094384,9.11377643980753,25.30767810490623
2025-11-27 17:29:07,18.0,10.6,9.23,25.4
2025-11-27 17:29:08,18.0,10.6,9.210713061600332,25.392601374696458
2025-11-27 17:29:09,18.0,10.6,9.19153453810843,25.30727131257668
2025-11-27 17:29:10,18.0,10.6,9.21,25.392865699083487
2025-11-27 17:29:11,18.025019964175232,10.6,9.21,25.30699946621666
2025-11-27 17:29:12,18.075086376630452,10.6,9.213806623822235,25.4
2025-11-27 17:29:13,18.0,10.6,9.22,25.4
2025-11-27 17:29:14,18.0,10.6,9.22378098888215,25.4
2025-11-27 17:29:15,18.0,10.6,9.233768019387673,25.39356085804749
2025-11-27 17:29:16,18.0,10.568713739307764,9.221224047765208,25.24952284071394
2025-11-27 17:29:17,18.0,10.531183017866821,9.201227757286848,24.50624794998365
2025-11-27 17:29:18,18.0,10.6,9.223729713049178,24.642558664262076
2025-11-27 17:29:19,18.0,10.6,9.23371669704499,25.3
2025-11-27 17:29:20,18.0,10.56921801469118,9.188142491529957,25.254239447820026
2025-11-27 17:29:21,18.0,10.5,9.336161432023573,24.545295018338667
2025-11-27 17:29:22,18.02385498091992,10.5,9.817094123617954,25.25646564552799
2025-11-27 17:29:23,18.1,10.5,10.077736625328434,24.5
2025-11-27 17:29:24,18.1,10.530228948869919,10.263701385401315,24.5
2025-11-27 17:29:25,18.1,10.6,10.236172025857451,24.5
2025-11-27 17:29:26,18.1,10.6,10.3,24.5
2025-11-27 17:29:27,18.1,10.6,10.3,24.5
2025-11-27 17:29:28,18.1,10.6,10.264232153508578,24.5
2025-11-27 17:29:29,18.1,10.6,10.2,24.52680301806533
2025-11-27 17:29:30,18.1,10.6294155757142,10.377498434584927,25.07870705400321
2025-11-27 17:29:31,18.1,10.7,10.664673414355425,24.59580243204653
2025-11-27 17:29:32,18.077292044553854,10.903377828265782,10.6,24.540401938539667
2025-11-27 17:29:33,18.0,11.4,10.634994564032555,25.496210191583252
2025-11-27 17:29:34,18.0,11.4,10.7,25.370755471114226
2025-11-27 17:29:35,18.0,11.4,10.7,24.6
2025-11-27 17:29:36,18.0,11.4,10.734459311847548,24.60342592416295
2025-11-27 17:29:37,18.0,11.4,10.765720510661957,24.72599065606149
2025-11-27 17:29:38,18.022068197703565,11.4,10.7,25.493997378424744
2025-11-27 17:29:39,18.1,11.372019640068578,10.7,25.279887786433967
2025-11-27 17:29:40,18.1,11.355670765686494,10.63247742358725,24.6
2025-11-27 17:29:41,18.1,11.278396168945848,10.119865665289034,24.6
2025-11-27 17:29:42,18.1,10.7,9.33978876846249,24.60248316082616
2025-11-27 17:29:43,18.1,10.7,9.28,24.697691708602637
2025-11-27 17:29:44,18.1,10.7,9.293320022675418,24.60214297819106
2025-11-27 17:29:45,18.1,10.7,9.290151960637244,24.7
2025-11-27 17:29:46,18.078808317995268,10.7,9.233303859780472,24.69819746160778
2025-11-27 17:29:47,18.021084994549998,10.7,9.230125443240881,24.601637230348228
2025-11-27 17:29:48,18.1,10.7265549349915,9.246060366388624,24.7
2025-11-27 17:29:49,18.1,10.773624261147202,9.300413073665803,24.7
2025-11-27 17:29:50,18.1,10.7,9.243742723227383,24.698872189847446
2025-11-27 17:29:51,18.1,10.7,9.229430812813664,24.6
2025-11-27 17:29:52,18.1,10.88084884584621,9.60184135476017,24.6
2025-11-27 17:29:53,18.1,11.374369780124505,10.332012416436303,24.600643203144042
2025-11-27 17:29:54,18.1,11.3,10.4,24.7
2025-11-27 17:29:55,18.1,11.3,10.4,24.7
2025-11-27 17:29:56,18.1,11.148372968160714,10.07744169592108,24.700123901758232
2025-11-27 17:29:57,18.1,10.825851644402045,9.701439674270432,24.79994749764144
2025-11-27 17:29:58,18.1,11.2,10.4,24.60034476870992
2025-11-27 17:29:59,18.1,11.224887128654403,10.4,24.6
2025-11-27 17:30:00,18.1,11.275239834235949,10.4,24.6
2025-11-27 17:30:01,18.1,11.2,10.46175271536832,24.6
2025-11-27 17:30:02,18.1,11.2,10.538395238847512,24.6
2025-11-27 17:30:03,18.1,11.248800678533053,10.369279614960336,24.6
2025-11-27 17:30:04,18.1,11.37568749565494,10.361172737302901,24.698877100364047
2025-11-27 17:30:05,18.1,11.275825103391655,10.408644577474128,24.601285204897742
2025-11-27 17:30:06,18.1,11.22404662654117,10.290976918101745,24.698541833221192
2025-11-27 17:30:07,18.1,11.276074752068212,10.5,24.7
2025-11-27 17:30:08,18.1,11.223812860625921,10.439909621199496,24.7
2025-11-27 17:30:09,18.1,11.442304714140423,10.3,24.7
2025-11-27 17:30:10,18.1,11.735210392252625,10.3,24.60214062168243
2025-11-27 17:30:11,18.1,11.2,10.329638956759233,24.6
2025-11-27 17:30:12,18.1,11.2,10.341004552815253,24.6
2025-11-27 17:30:13,18.1,11.2,10.522704239825027,24.6
2025-11-27 17:30:14,18.1,11.17686066332292,10.949999892732329,24.6
2025-11-27 17:30:15,18.081947059002857,11.146033484118293,10.187335812249923,24.69705884873059
2025-11-27 17:30:16,18.0,11.231338920265236,10.313068231745085,25.087382360904066
2025-11-27 17:30:17,18.017842266734903,11.04558789113422,10.157706471669051,24.9065035026666
2025-11-27 17:30:18,18.1,11.2,10.328716933856047,25.18960431759934
2025-11-27 17:30:19,18.1,11.2,10.371421496698023,25.2
2025-11-27 17:30:20,18.1,11.2,10.328438163678129,25.2
2025-11-27 17:30:21,18.1,11.2,10.513115719263476,25.103814868604
2025-11-27 17:30:22,18.1,11.177757055208877,10.715691378309677,25.19606381451157
2025-11-27 17:30:23,18.1,11.1,10.44408558933624,25.104050267189418
2025-11-27 17:30:24,18.1,11.1,10.272174609769833,25.19582713810416
2025-11-27 17:30:25,18.1,11.14382964569163,10.227694442539638,25.10428108271346
2025-11-27 17:30:26,18.1,11.278217801035652,10.35511226563813,25.1
2025-11-27 17:30:27,18.1,11.740058858350388,10.47259339745766,25.1
2025-11-27 17:30:28,18.1,13.14506089568346,10.318120747462272,25.19537486679724
2025-11-27 17:30:29,18.1,11.1,10.154465406199579,25.104734442711703
2025-11-27 17:30:30,18.1,11.1,10.272902803326607,25.1
2025-11-27 17:30:31,18.1,11.1,10.226970067596058,25.1
2025-11-27 17:30:32,18.1,11.1,10.273163749382658,25.19492525911412
2025-11-27 17:30:33,18.1,11.162905949167401,10.3334915330394,25.105190584500097
2025-11-27 17:30:34,18.1,11.4,10.490333419397128,25.28935232661602
2025-11-27 17:30:35,18.1,11.4,10.32933195909205,25.3
2025-11-27 17:30:36,18.1,11.4,11.47392907605558,25.3
2025-11-27 17:30:37,18.1,11.379600317890533,11.4,25.3
2025-11-27 17:30:38,18.1,11.320258720126732,11.4,25.394139537120495
2025-11-27 17:30:39,18.1,11.238953827766816,10.873316790832833,25.305992703503765
2025-11-27 17:30:40,18.1,10.760257556175112,9.875775985622205,25.393870900461565
2025-11-27 17:30:41,18.1,11.4,11.4,25.30626505352842
2025-11-27 17:30:42,18.1,11.24254724873528,10.821396981711064,25.3
2025-11-27 17:30:43,18.1,10.756690972104956,9.385472445346721,24.832407022492323
2025-11-27 17:30:44,18.1,11.3806364194152,10.325302783586071,25.35975608363771
2025-11-27 17:30:45,18.1,11.3,10.799487533535375,25.30684913600676
2025-11-27 17:30:46,18.1,11.3,10.976537428409003,25.39301083448149
2025-11-27 17:30:47,18.1,11.242992002919117,10.432594690063132,25.4
2025-11-27 17:30:48,18.1,10.905444192646712,9.669874566702402,25.028913112034854
2025-11-27 17:30:49,18.1,10.57532691204433,9.02438676778336,24.90741148984148
2025-11-27 17:30:50,18.1,10.918632384766335,9.42208318940819,24.992390563097093
2025-11-27 17:30:51,18.1,10.981556708574216,9.457598519370592,25.0
2025-11-27 17:30:52,18.1,10.918325457292953,9.628843544955886,24.907900710772473
2025-11-27 17:30:53,18.1,10.981858635881535,10.145607334887039,24.9
2025-11-27 17:30:54,18.1,10.9,9.929962941020792,24.99170418589423
2025-11-27 17:30:55,18.1,10.9,9.781244537317129,25.0
2025-11-27 17:30:56,18.1,10.9,9.759548821798793,25.09140220785889
2025-11-27 17:30:57,18.1,10.9,9.901534063193763,24.82605276812776
2025-11-27 17:30:58,18.086627385627658,10.917236202258538,9.935425979027809,24.98224319167059
2025-11-27 17:30:59,18.0,10.982949935177333,9.922267239453168,25.0
2025-11-27 17:31:00,18.013163797556317,10.950803526264973,9.990661728028567,24.818313859744947
2025-11-27 17:31:01,18.1,11.116251886492416,9.999475732519432,25.071901762957506
2025-11-27 17:31:02,18.1,10.7,9.282220355452884,25.19050450078452
2025-11-27 17:31:03,18.1,10.7,9.213371426516819,25.290377601996354
2025-11-27 17:31:04,18.1,10.651059681718136,9.11967370119584,25.119461131253306
2025-11-27 17:31:05,18.1,10.4,8.874373107285585,25.00983501489277
2025-11-27 17:31:06,18.1,10.4,8.879161959550212,25.0
2025-11-27 17:31:07,18.1,10.479353404541673,9.069688743036382,25.179728042570723
2025-11-27 17:31:08,18.1,10.931342921774487,10.0137945455566,25.11025420144251
2025-11-27 17:31:09,18.1,11.022625924813118,10.13348102394331,25.1
2025-11-27 17:31:10,18.1,10.723073790961285,9.646100907297194,25.368495750641443
2025-11-27 17:31:11,18.088098611039,11.27865748860864,11.074064831477916,25.31063765298824
2025-11-27 17:31:12,18.0,10.6,9.047932201250372,25.3
2025-11-27 17:31:13,18.0,10.6,9.042057140312254,25.389090200509326
2025-11-27 17:31:14,18.0,10.718586848881909,9.366669579563213,25.311041427168625
2025-11-27 17:31:15,18.0,11.283087865977066,10.304856141277607,25.3
2025-11-27 17:31:16,18.0,10.585381218247285,9.125875231071653,25.3
2025-11-27 17:31:17,18.0,10.528924186185783,9.031862513387022,25.3
2025-11-27 17:31:18,18.0,10.671402990304815,8.883992314865866,24.76910670776233
2025-11-27 17:31:19,18.0,10.584828750763656,9.156662525214694,25.141407632795996
2025-11-27 17:31:20,18.0,11.113933554918539,10.145446595460614,25.11183866945095
2025-11-27 17:31:21,18.0,11.21380971542315,9.793541369096017,25.188046303347942
2025-11-27 17:31:22,18.0,11.190501699529317,9.19655189038569,25.112069327248303
2025-11-27 17:31:23,18.0,10.5,8.899608434186472,25.275596708348036
2025-11-27 17:31:24,18.0,10.674906665677694,9.133806594848487,25.12463629024384
2025-11-27 17:31:25,18.0,11.68116051142798,9.935660576320114,25.275110442491446
2025-11-27 17:31:26,18.0,10.9,9.839269018010588,25.212567009572794
2025-11-27 17:31:27,18.01026416336282,10.925955632783694,9.867155684076856,25.2
2025-11-27 17:31:28,18.089850015338097,11.074445238469563,9.824544922758864,25.11279542721048
2025-11-27 17:31:29,18.0,10.9,9.895418972439236,25.012898453107837
2025-11-27 17:31:30,18.0,10.9,9.918213150747908,25.086988623779803
2025-11-27 17:31:31,18.0,10.9,9.918836847294955,25.1
2025-11-27 17:31:32,18.0,10.9,9.956504957218913,25.186757952702994
2025-11-27 17:31:33,18.0,10.9,9.929632094942136,25.286632590178236
2025-11-27 17:31:34,18.0,10.9,9.88170890612247,25.126963040441325
2025-11-27 17:31:35,18.0,10.911608925608894,9.903516288299693,25.18640136710029
2025-11-27 17:31:36,18.0,11.01148745858168,9.951632916139761,25.2
2025-11-27 17:31:37,18.0,11.088621467602431,9.864952647675288,25.2
2025-11-27 17:31:38,18.0,11.0,9.899790194448238,24.94181007490568
2025-11-27 17:31:39,18.0,11.0,9.946775860440225,25.07173361298875
2025-11-27 17:31:40,18.0,10.989030781004452,9.93,25.1
2025-11-27 17:31:41,18.0,10.9,9.920561270262514,25.1
2025-11-27 17:31:42,18.0,10.9,9.856010233070203,25.01446051016947
2025-11-27 17:31:43,18.0,10.9,9.784613532623117,25.085435170304123
2025-11-27 17:31:44,18.0,10.9,9.799305816791477,25.1
2025-11-27 17:31:45,18.0,10.9,9.770196320676776,25.1
2025-11-27 17:31:46,18.0,10.909822561997178,9.93254822639426,25.1
2025-11-27 17:31:47,18.0,10.990375578978428,9.904711503365204,25.184987651228102
2025-11-27 17:31:48,18.0,10.9,10.020512614828075,25.03021884916372
2025-11-27 17:31:49,18.0,10.9,10.214448820125689,24.915285989132258
2025-11-27 17:31:50,18.0,10.9,10.3,24.984514419708024
2025-11-27 17:31:51,18.0,10.93540203583827,10.399260669411467,24.91559435933703
2025-11-27 17:31:52,18.0,11.265488458328411,10.901997133741036,25.236793649154965
2025-11-27 17:31:53,18.0,10.9,10.3,25.0477718898405
2025-11-27 17:31:54,18.0,10.9,10.28617653053838,24.916018133520332
2025-11-27 17:31:55,18.0,10.908184260188804,10.160233266604912,24.9
2025-11-27 17:31:56,18.0,10.992012340508564,10.521610541474232,25.06722835958847
2025-11-27 17:31:57,18.0,10.9,13.799796407492108,25.1
2025-11-27 17:31:58,18.0,10.9,9.860752611905218,25.18337160581291
2025-11-27 17:31:59,18.0,10.9,9.91407699145055,25.116736520656826
2025-11-27 17:32:00,18.0,10.9,9.825700661579086,25.01683778669363
2025-11-27 17:32:01,18.0,10.928084395042324,10.042027773524905,25.0
2025-11-27 17:32:02,18.0,11.272796697370543,10.699086671423686,25.248564718777363
2025-11-27 17:32:03,18.0,10.9,9.986238009338846,25.13455514214956
2025-11-27 17:32:04,18.0,10.9,9.888759334103066,25.347766898938858
2025-11-27 17:32:05,18.0,10.9,9.894656598178232,25.317538334418767
2025-11-27 17:32:06,18.0,10.9,10.012019571512946,25.05291904170856
2025-11-27 17:32:07,18.0,10.9,10.13571571762707,25.164330530121738
2025-11-27 17:32:08,18.0,10.923283457833776,10.423524502935154,25.28201400788512
2025-11-27 17:32:09,18.0,11.2607903540859,10.62318496812995,25.3
2025-11-27 17:32:10,18.0,10.6,10.78859849489071,24.727349135137402
2025-11-27 17:32:11,18.0,10.6,10.7,24.6
2025-11-27 17:32:12,18.0,10.6,10.722087442866307,25.2515516195254
2025-11-27 17:32:13,18.00567680504048,10.6,10.867442194777716,24.74922623781697
2025-11-27 17:32:14,18.1,10.595043143464636,10.546575865395537,25.005837847637938
2025-11-27 17:32:15,18.1,10.504800229458523,10.152816536815724,24.613475709332203
2025-11-27 17:32:16,18.1,10.609269854293535,10.579194212583936,24.58095134034715
2025-11-27 17:32:17,18.1,10.817767144194686,10.410252849441965,24.680786120992884
2025-11-27 17:32:18,18.1,11.2,10.489905325826946,25.183390376379446
2025-11-27 17:32:19,18.1,11.2,10.409946257548606,25.058685185802684
2025-11-27 17:32:20,18.1,11.192079627205962,10.442190803563326,25.0
2025-11-27 17:32:21,18.1,11.007715355252321,9.947796706645082,25.08022801925833
2025-11-27 17:32:22,18.1,11.2,10.3,24.9397411223083
2025-11-27 17:32:23,18.1,11.2,10.3,24.66004394800795
2025-11-27 17:32:24,18.1,11.189576519456763,10.253072271247296,24.6
2025-11-27 17:32:25,18.1,10.903370160132692,9.793643045021662,24.6
2025-11-27 17:32:26,18.1,11.0,9.834459821923604,24.520444875057432
2025-11-27 17:32:27,18.1,11.0,9.880872547645524,24.5
2025-11-27 17:32:28,18.1,11.0,9.886587115897527,24.5
2025-11-27 17:32:29,18.1,11.0,9.855005387264354,24.974705056523945
2025-11-27 17:32:30,18.1,11.0,9.901037197010531,25.02100467246869
2025-11-27 17:32:31,18.096329777263975,11.0,9.815922092358177,24.605328902609465
2025-11-27 17:32:32,18.0,11.0,9.988356031086695,24.5
2025-11-27 17:32:33,18.0,11.0,9.86149581152692,24.57864398242385
2025-11-27 17:32:34,18.0,11.0,10.0,24.913805782196953
2025-11-27 17:32:35,18.0,11.004469363136707,10.029401396212076,24.60815806066799
2025-11-27 17:32:36,18.0,11.2,10.4,24.5
