timestamp,h11_h61,h12_h62,h13_h63,h14_h64
2025-11-26 09:50:16,100.0,100.0,100.0,100.0
2025-11-26 09:50:17,99.99412536621094,99.994873046875,99.994873046875,99.99412536621094
2025-11-26 09:50:18,99.99700927734375,99.99700927734375,99.99700927734375,99.99700927734375
2025-11-26 09:50:19,99.99700927734375,99.99700927734375,99.99700927734375,99.99700927734375
2025-11-26 09:50:20,99.99700927734375,99.99700927734375,99.99700927734375,99.99700927734375
2025-11-26 09:50:21,99.99701225280762,99.99701225280762,99.99701225280762,99.99701225280762
2025-11-26 09:50:22,99.99573181152344,99.99498489379883,99.99573181152344,99.99498489379883
2025-11-26 09:50:23,99.99626533508301,99.99626533508301,99.99701225280762,99.99701225280762
2025-11-26 09:50:24,99.99701225280762,99.99701225280762,99.99701225280762,99.99701225280762
2025-11-26 09:50:25,99.99700927734375,99.99700927734375,99.99700927734375,99.99700927734375
2025-11-26 09:50:26,99.99700927734375,99.99626533508301,99.99626533508301,99.99700927734375
2025-11-26 09:50:27,99.99700927734375,99.99700927734375,99.99700927734375,99.99700927734375
2025-11-26 09:50:28,99.99700927734375,99.99700927734375,99.99700927734375,99.99700927734375
2025-11-26 09:50:29,99.99701225280762,99.99701225280762,99.99626533508301,99.99626533508301
2025-11-26 09:50:30,99.99701225280762,99.99701225280762,99.99701225280762,99.99701225280762
2025-11-26 09:50:31,99.99701225280762,99.99701225280762,99.99701225280762,99.99701225280762
2025-11-26 09:50:32,99.99700927734375,99.99700927734375,99.99700927734375,99.99700927734375
2025-11-26 09:50:33,99.99700927734375,99.99700927734375,99.99700927734375,99.99700927734375
2025-11-26 09:50:34,99.99700927734375,99.99700927734375,99.99700927734375,99.99700927734375
2025-11-26 09:50:35,99.99700927734375,99.99700927734375,99.99700927734375,99.99700927734375
2025-11-26 09:50:36,99.99700927734375,99.99700927734375,99.99700927734375,99.99700927734375
2025-11-26 09:50:37,99.99700927734375,99.99700927734375,99.99700927734375,99.99700927734375
2025-11-26 09:50:38,99.99700927734375,99.99700927734375,99.99700927734375,99.99700927734375
2025-11-26 09:50:39,99.99701225280762,99.99701225280762,99.99701225280762,99.99701225280762
2025-11-26 09:50:40,99.99701225280762,99.99701225280762,99.99701225280762,99.99701225280762
2025-11-26 09:50:41,99.99701225280762,99.99701225280762,99.99701225280762,99.99701225280762
2025-11-26 09:50:42,99.99701225280762,99.99701225280762,99.99701225280762,99.99701225280762
2025-11-26 09:50:43,99.99701225280762,99.99701225280762,99.99701225280762,99.99701225280762
2025-11-26 09:50:44,99.99701225280762,99.99701225280762,99.99701225280762,99.99701225280762
2025-11-26 09:50:45,99.99701225280762,99.99701225280762,99.99701225280762,99.99701225280762
2025-11-26 09:50:46,99.99701225280762,99.99701225280762,99.99701225280762,99.99701225280762
2025-11-26 09:50:47,99.9963720703125,99.9963720703125,99.9963720703125,99.9963720703125
2025-11-26 09:50:48,99.99701225280762,99.99701225280762,99.99701225280762,99.99701225280762
2025-11-26 09:50:49,99.99701225280762,99.99701225280762,99.99701225280762,99.99701225280762
2025-11-26 09:50:50,99.99701225280762,99.99701225280762,99.99701225280762,99.99701225280762
2025-11-26 09:50:51,99.99701225280762,99.99701225280762,99.99701225280762,99.99701225280762
2025-11-26 09:50:52,99.99700927734375,99.99700927734375,99.99700927734375,99.99700927734375
2025-11-26 09:50:53,99.99700927734375,99.99700927734375,99.99700927734375,99.99700927734375
2025-11-26 09:50:54,99.99701225280762,99.99701225280762,99.99701225280762,99.99701225280762
2025-11-26 09:50:55,99.99700927734375,99.99700927734375,99.99700927734375,99.99700927734375
2025-11-26 09:50:56,99.99700927734375,99.99700927734375,99.99700927734375,99.99700927734375
2025-11-26 09:50:57,34.88420104980469,34.88420104980469,34.88484191894531,34.88484191894531
2025-11-26 09:50:58,99.98668670654297,99.98668670654297,99.98668670654297,99.98668670654297
2025-11-26 09:50:59,99.99700927734375,99.99700927734375,99.99700927734375,99.99700927734375
2025-11-26 09:51:00,99.99700927734375,99.99700927734375,99.99700927734375,99.99700927734375
2025-11-26 09:51:01,99.99701225280762,99.99701225280762,99.99701225280762,99.99701225280762
2025-11-26 09:51:02,99.99701225280762,99.99701225280762,99.99701225280762,99.99701225280762
2025-11-26 09:51:03,99.99701225280762,99.99701225280762,99.99701225280762,99.99701225280762
2025-11-26 09:51:04,35.661537170410156,99.9963720703125,30.297805786132812,30.297805786132812
2025-11-26 09:51:05,99.989619140625,99.99573181152344,99.99015266418456,99.989619140625
2025-11-26 09:51:06,99.99701225280762,99.99701225280762,99.99701225280762,99.99701225280762
2025-11-26 09:51:07,99.99701225280762,99.99701225280762,30.298446655273438,30.298446655273438
2025-11-26 09:51:08,31.37146759033203,31.37146759033203,99.99126541137696,99.99126541137696
2025-11-26 09:51:09,99.9872183227539,99.9872183227539,99.9963720703125,99.9963720703125
2025-11-26 09:51:10,99.99701225280762,99.99669212341308,99.99669212341308,99.99701225280762
2025-11-26 09:51:11,25.34581756591797,30.88318634033203,35.029937744140625,25.34581756591797
2025-11-26 09:51:12,35.09600830078125,35.09600830078125,97.46442672729492,36.819419860839844
2025-11-26 09:51:13,99.76088973999023,34.97789001464844,99.99701225280762,34.97789001464844
2025-11-26 09:51:14,29.297386169433594,29.297386169433594,91.19721794128418,90.53249267578124
2025-11-26 09:51:15,36.02528381347656,36.02528381347656,40.202880859375,40.202880859375
2025-11-26 09:51:16,84.68408203125,84.68408203125,14.298530578613281,14.298530578613281
2025-11-26 09:51:17,11.3255615234375,34.978416442871094,48.30967712402344,11.3255615234375
2025-11-26 09:51:18,14.328025817871094,49.25518035888672,99.99143310546874,14.328025817871094
2025-11-26 09:51:19,84.65702056884766,84.65702056884766,99.99701225280762,85.22188568115234
2025-11-26 09:51:20,35.2738037109375,35.2738037109375,99.99701225280762,35.2738037109375
2025-11-26 09:51:21,30.480133056640625,35.2677001953125,99.99701225280762,30.480133056640625
2025-11-26 09:51:22,15.050567626953125,14.556869506835938,99.99701225280762,14.556869506835938
2025-11-26 09:51:23,34.9783935546875,50.96604919433594,99.99701225280762,34.9783935546875
2025-11-26 09:51:24,34.45606994628906,34.45606994628906,99.99700927734375,34.45606994628906
2025-11-26 09:51:25,99.9872055053711,99.9872055053711,99.99700927734375,99.9872055053711
2025-11-26 09:51:26,99.99358245849609,99.99701225280762,99.99701225280762,99.99358245849609
2025-11-26 09:51:27,34.916839599609375,32.82676696777344,32.82676696777344,34.916839599609375
2025-11-26 09:51:28,39.951141357421875,31.76122283935547,31.76122283935547,39.951141357421875
2025-11-26 09:51:29,99.98597717285156,99.98597717285156,99.99700927734375,99.98721313476562
2025-11-26 09:51:30,99.99700927734375,99.99700927734375,99.99700927734375,99.99700927734375
2025-11-26 09:51:31,99.99700927734375,99.99700927734375,99.99700927734375,99.99700927734375
2025-11-26 09:51:32,99.99700927734375,99.99700927734375,99.99701225280762,99.99701225280762
2025-11-26 09:51:33,99.99700927734375,99.99700927734375,99.99700927734375,99.99700927734375
2025-11-26 09:51:34,99.99700927734375,99.99700927734375,30.22826385498047,30.22826385498047
2025-11-26 09:51:35,99.99700927734375,99.99700927734375,99.9917984008789,99.9917984008789
2025-11-26 09:51:36,99.99636840820312,99.99636840820312,99.99636840820312,99.99636840820312
2025-11-26 09:51:37,99.99700927734375,99.99700927734375,99.99700927734375,99.99700927734375
2025-11-26 09:51:38,99.99636840820312,99.99636840820312,99.99700927734375,99.99636840820312
2025-11-26 09:51:39,99.99700927734375,34.88484191894531,34.88484191894531,99.99700927734375
2025-11-26 09:51:40,99.99700927734375,99.98670959472656,99.98670959472656,99.99626159667969
2025-11-26 09:51:41,99.99700927734375,99.99700927734375,99.99700927734375,99.99700927734375
2025-11-26 09:51:42,99.99700927734375,99.99700927734375,99.99700927734375,99.99700927734375
2025-11-26 09:51:43,99.99668884277344,99.99700927734375,99.99700927734375,99.99668884277344
2025-11-26 09:51:44,99.9963720703125,99.9963720703125,99.99701225280762,99.9963720703125
2025-11-26 09:51:45,99.99701225280762,99.99701225280762,99.99701225280762,99.99701225280762
2025-11-26 09:51:46,99.99701225280762,99.99701225280762,99.99701225280762,99.99701225280762
2025-11-26 09:51:47,99.99701225280762,99.99701225280762,99.99701225280762,99.99701225280762
2025-11-26 09:51:48,99.9963720703125,99.9963720703125,99.9963720703125,99.9963720703125
2025-11-26 09:51:49,99.99701225280762,99.99701225280762,99.99701225280762,99.99701225280762
2025-11-26 09:51:50,99.99701225280762,99.99701225280762,99.99701225280762,99.99701225280762
2025-11-26 09:51:51,99.99701225280762,99.9963720703125,99.9963720703125,99.9963720703125
2025-11-26 09:51:52,99.99701225280762,99.99701225280762,99.99701225280762,99.99701225280762
2025-11-26 09:51:53,99.99701225280762,99.99701225280762,99.99701225280762,99.99701225280762
2025-11-26 09:51:54,99.99701225280762,99.99701225280762,99.99701225280762,99.99701225280762
2025-11-26 09:51:55,99.9963720703125,99.9963720703125,99.9963720703125,99.9963720703125
2025-11-26 09:51:56,99.99701225280762,99.99701225280762,99.99701225280762,99.99701225280762
2025-11-26 09:51:57,99.99701225280762,99.99701225280762,99.99701225280762,99.99701225280762
2025-11-26 09:51:58,99.99701225280762,99.99701225280762,99.99701225280762,99.99701225280762
2025-11-26 09:51:59,35.66332244873047,99.99573181152344,99.99573181152344,35.66332244873047
2025-11-26 09:52:00,99.98785087585449,99.99701225280762,99.99701225280762,99.98785087585449
2025-11-26 09:52:01,99.9963720703125,99.9963720703125,99.9963720703125,99.9963720703125
2025-11-26 09:52:02,99.99701225280762,99.99701225280762,99.99701225280762,99.99701225280762
2025-11-26 09:52:03,34.639625549316406,34.639625549316406,34.03076171875,34.03076171875
2025-11-26 09:52:04,33.779380798339844,33.779380798339844,34.38865661621094,34.38865661621094
2025-11-26 09:52:05,99.98612075805664,99.98612075805664,99.98570915222167,99.98570915222167
2025-11-26 09:52:06,99.99701225280762,99.99701225280762,99.99701225280762,99.99701225280762
2025-11-26 09:52:07,29.3829345703125,29.3829345703125,50.00630569458008,50.00630569458008
2025-11-26 09:52:08,6.6103668212890625,6.6103668212890625,83.43077087402344,54.89605712890625
2025-11-26 09:52:09,57.64806365966797,57.64806365966797,29.64178466796875,29.64178466796875
2025-11-26 09:52:10,99.99700927734375,99.99700927734375,99.9909072113037,99.9909072113037
2025-11-26 09:52:11,30.48419952392578,99.99701225280762,99.99701225280762,30.48419952392578
2025-11-26 09:52:12,36.94483947753906,37.58778381347656,37.6962890625,36.94483947753906
2025-11-26 09:52:13,96.54915618896484,34.913414001464844,96.4406509399414,34.913414001464844
2025-11-26 09:52:14,34.875701904296875,35.57438659667969,99.99700927734375,34.875701904296875
2025-11-26 09:52:15,98.868408203125,34.913429260253906,99.99700927734375,34.913429260253906
2025-11-26 09:52:16,35.20349884033203,35.20349884033203,31.01013946533203,31.01013946533203
2025-11-26 09:52:17,99.99700927734375,99.99700927734375,99.9914321899414,99.9914321899414
2025-11-26 09:52:18,99.99700927734375,99.99700927734375,99.99700927734375,99.99700927734375
2025-11-26 09:52:19,34.45542907714844,34.45542907714844,99.99700927734375,34.45606994628906
2025-11-26 09:52:20,40.54937744140625,40.54937744140625,99.99700927734375,40.77202606201172
2025-11-26 09:52:21,92.90908340454102,93.2928399658203,99.99701225280762,92.90908340454102
2025-11-26 09:52:22,99.99700927734375,36.283660888671875,36.283660888671875,99.99700927734375
2025-11-26 09:52:23,99.99459075927734,34.60374450683594,34.60374450683594,35.233924865722656
2025-11-26 09:52:24,15.947639465332031,15.947639465332031,99.09038543701172,99.86731719970703
2025-11-26 09:52:25,46.667396545410156,46.667396545410156,99.9963720703125,99.99636840820312
2025-11-26 09:52:26,34.52154541015625,34.52154541015625,99.99701225280762,34.52154541015625
2025-11-26 09:52:27,99.98723350524902,99.98723350524902,99.99701225280762,99.98723350524902
2025-11-26 09:52:28,99.99700927734375,99.99700927734375,99.99700927734375,99.99700927734375
2025-11-26 09:52:29,99.99700927734375,37.95399475097656,30.229530334472656,30.229530334472656
2025-11-26 09:52:30,34.91339111328125,97.0050048828125,96.89691162109375,34.91339111328125
2025-11-26 09:52:31,99.99636840820312,99.99636840820312,99.99636840820312,99.99636840820312
2025-11-26 09:52:32,99.99700927734375,99.99700927734375,99.99700927734375,99.99700927734375
2025-11-26 09:52:33,30.414688110351562,99.99700927734375,99.99700927734375,30.414688110351562
2025-11-26 09:52:34,99.98655700683594,99.99700927734375,99.99700927734375,99.98655700683594
2025-11-26 09:52:35,35.209083557128906,35.209083557128906,99.99700927734375,35.209083557128906
2025-11-26 09:52:36,99.99141693115234,34.98908996582031,34.98908996582031,99.99141693115234
2025-11-26 09:52:37,34.97789001464844,98.8449813079834,98.8449813079834,34.97789001464844
2025-11-26 09:52:38,99.99701225280762,99.99701225280762,99.99701225280762,99.99701225280762
2025-11-26 09:52:39,99.99701225280762,99.99701225280762,99.99701225280762,99.99701225280762
2025-11-26 09:52:40,99.99701225280762,99.99701225280762,99.99701225280762,99.99701225280762
2025-11-26 09:52:41,99.99701225280762,99.99701225280762,99.99701225280762,99.99701225280762
2025-11-26 09:52:42,99.99700927734375,99.99700927734375,99.99700927734375,99.99700927734375
2025-11-26 09:52:43,99.99700927734375,99.99700927734375,99.99700927734375,99.99700927734375
2025-11-26 09:52:44,99.99636840820312,99.99636840820312,99.99636840820312,99.99636840820312
2025-11-26 09:52:45,99.99700927734375,99.99700927734375,99.99700927734375,99.99700927734375
2025-11-26 09:52:46,99.99700927734375,99.99700927734375,99.99700927734375,99.99700927734375
2025-11-26 09:52:47,99.99700927734375,99.99700927734375,99.99700927734375,99.99700927734375
2025-11-26 09:52:48,99.99700927734375,99.99636840820312,99.99636840820312,99.99636840820312
2025-11-26 09:52:49,35.60203552246094,99.99700927734375,99.99700927734375,35.60203552246094
2025-11-26 09:52:50,99.98719024658203,99.9957275390625,99.99573181152344,99.98719024658203
2025-11-26 09:52:51,99.99701225280762,99.99701225280762,99.99701225280762,99.99701225280762
2025-11-26 09:52:52,99.99701225280762,99.99701225280762,99.99701225280762,99.99701225280762
2025-11-26 09:52:53,99.99701225280762,34.97825622558594,99.99701225280762,34.97825622558594
2025-11-26 09:52:54,99.99700927734375,99.99700927734375,99.99700927734375,99.99700927734375
2025-11-26 09:52:55,40.18156433105469,41.05632019042969,99.99700927734375,40.18156433105469
2025-11-26 09:52:56,92.78901672363281,92.78901672363281,30.223167419433594,30.223167419433594
2025-11-26 09:52:57,99.99701225280762,99.99701225280762,99.99701225280762,99.99701225280762
2025-11-26 09:52:58,33.84635925292969,33.84635925292969,33.84635925292969,33.84635925292969
2025-11-26 09:52:59,99.98606872558594,99.98606872558594,99.98670959472656,99.98670959472656
2025-11-26 09:53:00,99.99700927734375,99.99700927734375,99.99700927734375,99.99700927734375
2025-11-26 09:53:01,39.6604118347168,40.3697624206543,40.422428131103516,39.6604118347168
2025-11-26 09:53:02,30.558311462402344,30.558311462402344,29.841102600097656,29.841102600097656
2025-11-26 09:53:03,97.47768089294433,97.47768089294433,98.1422233581543,98.1422233581543
2025-11-26 09:53:04,99.99701225280762,99.99701225280762,99.99701225280762,99.99701225280762
2025-11-26 09:53:05,99.99701225280762,99.99701225280762,99.99701225280762,99.99701225280762
2025-11-26 09:53:06,99.9963720703125,99.9963720703125,99.99701225280762,99.9963720703125
2025-11-26 09:53:07,99.99701225280762,34.98400115966797,99.99701225280762,34.98400115966797
2025-11-26 09:53:08,99.99701225280762,99.99144073486327,99.99701225280762,99.99144073486327
2025-11-26 09:53:09,99.99701225280762,99.99701225280762,99.99701225280762,99.99701225280762
2025-11-26 09:53:10,30.48419952392578,99.99701225280762,99.99701225280762,30.48419952392578
2025-11-26 09:53:11,99.98724876403809,99.99701225280762,99.99701225280762,99.98724876403809
2025-11-26 09:53:12,99.99701225280762,99.99701225280762,99.99701225280762,99.99701225280762
2025-11-26 09:53:13,32.01924133300781,32.01924133300781,99.99701225280762,77.15582466125488
2025-11-26 09:53:14,3.7695541381835938,3.7695541381835938,30.2989501953125,30.2989501953125
2025-11-26 09:53:15,-21.299057006835938,-11.796150207519531,46.15203857421875,-21.299057006835938
2025-11-26 09:53:16,99.98163917541504,99.98722587585449,99.99142547607421,99.98163917541504
2025-11-26 09:53:17,35.66215515136719,99.99701225280762,99.99701225280762,35.66215515136719
2025-11-26 09:53:18,99.99092247009277,99.99701225280762,30.299468994140625,30.299468994140625
2025-11-26 09:53:19,99.99701225280762,99.99701225280762,99.99141784667968,99.99141784667968
2025-11-26 09:53:20,99.99701225280762,99.99701225280762,99.99701225280762,99.99701225280762
2025-11-26 09:53:21,99.99701225280762,99.99701225280762,99.99701225280762,99.99701225280762
2025-11-26 09:53:22,99.99701225280762,99.9963720703125,99.9963720703125,99.9963720703125
2025-11-26 09:53:23,99.99701225280762,99.99701225280762,99.99701225280762,99.99701225280762
2025-11-26 09:53:24,24.564430236816406,89.03589630126953,99.99701225280762,24.564430236816406
2025-11-26 09:53:25,32.550514221191406,39.301509857177734,99.99701225280762,32.550514221191406
2025-11-26 09:53:26,34.52104187011719,34.523101806640625,38.93024826049805,34.52104187011719
2025-11-26 09:53:27,99.98529762268066,32.73265075683594,32.73265075683594,37.016944885253906
2025-11-26 09:53:28,99.99701225280762,97.34200576782227,97.34200576782227,98.08454940795899
2025-11-26 09:53:29,36.262176513671875,-13.45147705078125,-13.45147705078125,30.297821044921875
2025-11-26 09:53:30,38.96803665161133,38.96803665161133,80.24952507019043,97.86905143737793
2025-11-26 09:53:31,34.97840881347656,99.99600616455078,99.99701225280762,34.97840881347656
2025-11-26 09:53:32,99.99701225280762,99.99701225280762,99.99701225280762,99.99701225280762
2025-11-26 09:53:33,99.9963720703125,99.9963720703125,99.9963720703125,99.9963720703125
2025-11-26 09:53:34,99.99701225280762,99.99701225280762,99.99701225280762,99.99701225280762
2025-11-26 09:53:35,30.480003356933594,35.510581970214844,99.99701225280762,30.480003356933594
2025-11-26 09:53:36,99.99127197265625,99.99141693115234,99.99700927734375,99.99127197265625
2025-11-26 09:53:37,99.99700927734375,99.99636840820312,99.99636840820312,99.99636840820312
2025-11-26 09:53:38,99.99700927734375,99.99700927734375,99.99700927734375,99.99700927734375
2025-11-26 09:53:39,99.9963720703125,99.9963720703125,99.9963720703125,99.9963720703125
2025-11-26 09:53:40,35.66636657714844,99.99701225280762,99.99701225280762,35.66636657714844
2025-11-26 09:53:41,99.98657806396484,99.99573181152344,99.9963720703125,99.98657806396484
2025-11-26 09:53:42,99.99701225280762,99.99701225280762,99.99701225280762,99.99701225280762
2025-11-26 09:53:43,99.99701225280762,99.99701225280762,99.99701225280762,99.99701225280762
2025-11-26 09:53:44,99.99701225280762,99.99701225280762,99.99701225280762,99.99701225280762
2025-11-26 09:53:45,99.99701225280762,99.99701225280762,99.99701225280762,99.99701225280762
2025-11-26 09:53:46,99.99701225280762,99.99701225280762,99.99701225280762,99.99701225280762
2025-11-26 09:53:47,99.9963720703125,99.9963720703125,99.99701225280762,99.9963720703125
2025-11-26 09:53:48,32.679290771484375,32.679290771484375,32.81873321533203,32.81873321533203
2025-11-26 09:53:49,33.506431579589844,33.506431579589844,33.366981506347656,33.366981506347656
2025-11-26 09:53:50,37.56617736816406,37.56617736816406,36.93524932861328,36.93524932861328
2025-11-26 09:53:51,96.33044410705567,96.33044410705567,96.96137451171874,96.96137451171874
2025-11-26 09:53:52,99.99701225280762,99.99701225280762,99.99701225280762,99.99701225280762
2025-11-26 09:53:53,99.99701225280762,99.99701225280762,99.99701225280762,99.99701225280762
2025-11-26 09:53:54,99.99701225280762,99.99701225280762,99.99701225280762,99.99701225280762
2025-11-26 09:53:55,99.99701225280762,34.98400115966797,99.99701225280762,34.98400115966797
2025-11-26 09:53:56,99.99701225280762,99.99143310546874,99.99701225280762,99.99143310546874
2025-11-26 09:53:57,99.9963720703125,99.9963720703125,99.9963720703125,99.9963720703125
2025-11-26 09:53:58,99.99701225280762,99.99701225280762,99.99701225280762,99.99701225280762
2025-11-26 09:53:59,38.259765625,38.924644470214844,99.99701225280762,38.259765625
2025-11-26 09:54:00,95.58412788391114,34.983489990234375,99.99701225280762,34.98399353027344
2025-11-26 09:54:01,99.99701225280762,99.99179893493653,99.99701225280762,99.99129592895508
2025-11-26 09:54:02,99.99701225280762,99.99701225280762,99.99701225280762,99.99701225280762
2025-11-26 09:54:03,30.281204223632812,32.85791015625,99.9963720703125,30.281204223632812
2025-11-26 09:54:04,34.40044403076172,34.40044403076172,30.292877197265625,30.292877197265625
2025-11-26 09:54:05,95.41413162231446,95.41413162231446,99.99701225280762,96.0788264465332
2025-11-26 09:54:06,99.99701225280762,99.99701225280762,99.99701225280762,99.99701225280762
2025-11-26 09:54:07,99.99701225280762,99.9963720703125,99.9963720703125,99.99669212341308
2025-11-26 09:54:08,30.48419952392578,99.99701225280762,99.99669212341308,30.48419952392578
2025-11-26 09:54:09,99.98706588745117,99.99701225280762,99.99701225280762,99.98706588745117
2025-11-26 09:54:10,99.99701225280762,99.99701225280762,99.99701225280762,99.99701225280762
2025-11-26 09:54:11,35.10132598876953,35.10284423828125,99.99701225280762,35.10132598876953
2025-11-26 09:54:12,42.89361572265625,37.032997131347656,36.256839752197266,36.256839752197266
2025-11-26 09:54:13,95.41851425170898,95.86884643554687,97.47576782226562,95.41851425170898
2025-11-26 09:54:14,99.99701225280762,99.99701225280762,99.99701225280762,99.99701225280762
2025-11-26 09:54:15,99.99701225280762,99.99701225280762,99.99701225280762,99.99701225280762
2025-11-26 09:54:16,99.99701225280762,99.99701225280762,99.99701225280762,99.99701225280762
2025-11-26 09:54:17,36.50374221801758,36.44688415527344,30.299209594726562,30.299209594726562
2025-11-26 09:54:18,36.625972747802734,36.625972747802734,98.36288131713867,38.259765625
2025-11-26 09:54:19,95.58415031433105,95.58415031433105,99.99701225280762,96.2490281677246
2025-11-26 09:54:20,99.99701225280762,99.99701225280762,99.99701225280762,99.99701225280762
2025-11-26 09:54:21,99.99701225280762,99.99701225280762,30.292884826660156,30.292884826660156
2025-11-26 09:54:22,99.9963720703125,99.9963720703125,99.9963720703125,99.9963720703125
2025-11-26 09:54:23,99.9963720703125,34.52195739746094,34.52154541015625,34.52154541015625
2025-11-26 09:54:24,99.99701225280762,99.98681434631348,99.98681434631348,99.98722587585449
2025-11-26 09:54:25,30.479995727539062,99.99701225280762,99.99701225280762,30.479995727539062
2025-11-26 09:54:26,35.656707763671875,99.9963720703125,99.9963720703125,35.656707763671875
2025-11-26 09:54:27,99.99143310546874,99.99701225280762,99.99701225280762,99.99143310546874
2025-11-26 09:54:28,34.97853088378906,99.99701225280762,30.29846954345703,30.29846954345703
2025-11-26 09:54:29,99.99701225280762,99.99701225280762,99.99141029357911,99.99141029357911
2025-11-26 09:54:30,35.115020751953125,35.115020751953125,99.99701225280762,35.115020751953125
2025-11-26 09:54:31,99.98724876403809,99.98724876403809,99.99701225280762,99.98724876403809
2025-11-26 09:54:32,35.27381134033203,35.273170471191406,99.9963720703125,35.273170471191406
2025-11-26 09:54:33,99.99142547607421,99.99078529357911,99.9963720703125,99.99078529357911
2025-11-26 09:54:34,31.48072052001953,31.48072052001953,99.99701225280762,99.99701225280762
2025-11-26 09:54:35,34.97826385498047,99.9903889465332,99.99701225280762,34.97826385498047
2025-11-26 09:54:36,99.99701225280762,38.14932632446289,38.14932632446289,99.99701225280762
2025-11-26 09:54:37,99.9963720703125,95.75035858154297,95.75035858154297,99.99626533508301
2025-11-26 09:54:38,99.99701225280762,99.99701225280762,99.99701225280762,99.99701225280762
2025-11-26 09:54:39,99.99701225280762,99.99701225280762,99.99701225280762,99.99701225280762
2025-11-26 09:54:40,40.54070281982422,41.15085983276367,41.257564544677734,40.54070281982422
2025-11-26 09:54:41,93.35225914001465,93.35225914001465,93.24491409301758,93.24491409301758
2025-11-26 09:54:42,99.99701225280762,99.99701225280762,99.99701225280762,99.99701225280762
2025-11-26 09:54:43,99.99701225280762,99.99701225280762,99.99701225280762,99.99701225280762
2025-11-26 09:54:44,35.115020751953125,35.115020751953125,99.99701225280762,35.115020751953125
2025-11-26 09:54:45,99.98719543457031,99.98719543457031,99.99701225280762,99.98719543457031
2025-11-26 09:54:46,99.99701225280762,99.99701225280762,99.99701225280762,99.99701225280762
2025-11-26 09:54:47,99.99701225280762,99.99701225280762,99.99701225280762,99.99701225280762
2025-11-26 09:54:48,99.99701225280762,99.99701225280762,99.99701225280762,99.99701225280762
2025-11-26 09:54:49,99.99701225280762,99.99701225280762,99.99701225280762,99.99701225280762
2025-11-26 09:54:50,37.37063980102539,37.37063980102539,36.73971176147461,36.73971176147461
2025-11-26 09:54:51,97.5659334564209,97.5659334564209,98.19686378479004,98.19686378479004
2025-11-26 09:54:52,99.99701225280762,99.99701225280762,99.99701225280762,99.99701225280762
2025-11-26 09:54:53,99.99701225280762,99.99701225280762,99.99701225280762,99.99701225280762
2025-11-26 09:54:54,36.366214752197266,37.031089782714844,99.99701225280762,36.366214752197266
2025-11-26 09:54:55,33.54328155517578,33.54328155517578,36.06198501586914,34.983978271484375
2025-11-26 09:54:56,99.98722587585449,99.98722587585449,99.98772895812988,99.98772895812988
2025-11-26 09:54:57,99.99701225280762,99.99701225280762,99.99701225280762,99.99701225280762
2025-11-26 09:54:58,99.99701225280762,99.99701225280762,99.99701225280762,99.99701225280762
2025-11-26 09:54:59,30.48419952392578,99.9963720703125,99.9963720703125,30.48419952392578
2025-11-26 09:55:00,99.98723350524902,99.99701225280762,99.99701225280762,99.98723350524902
2025-11-26 09:55:01,99.99701225280762,99.99701225280762,99.99701225280762,99.99701225280762
2025-11-26 09:55:02,99.99701225280762,34.98399353027344,36.424217224121094,34.98399353027344
2025-11-26 09:55:03,40.620079040527344,41.50550079345703,97.36356018066407,40.620079040527344
2025-11-26 09:55:04,92.40577987670899,92.40577987670899,99.99701225280762,93.07047462463379
2025-11-26 09:55:05,99.99573181152344,99.99573181152344,99.99573181152344,99.99573181152344
2025-11-26 09:55:06,99.99701225280762,99.99701225280762,99.99701225280762,99.99701225280762
2025-11-26 09:55:07,43.20451354980469,43.20451354980469,99.9963720703125,43.36740493774414
2025-11-26 09:55:08,88.2502212524414,88.68966201782226,99.99701225280762,88.2502212524414
2025-11-26 09:55:09,33.559356689453125,33.559356689453125,99.99701225280762,99.99701225280762
2025-11-26 09:55:10,35.66217041015625,97.91174865722657,99.99701225280762,35.66217041015625
2025-11-26 09:55:11,99.99142547607421,99.99701225280762,99.99701225280762,99.99142547607421
2025-11-26 09:55:12,99.99701225280762,99.99701225280762,99.99701225280762,99.99701225280762
2025-11-26 09:55:13,99.99701225280762,99.99701225280762,99.99701225280762,99.99701225280762
2025-11-26 09:55:14,99.99701225280762,99.99701225280762,99.99701225280762,99.99701225280762
2025-11-26 09:55:15,99.99701225280762,36.757728576660156,30.293609619140625,30.293609619140625
2025-11-26 09:55:16,1.3296585083007812,1.3252944946289062,30.2919921875,1.3252944946289062
2025-11-26 09:55:17,44.534942626953125,70.3783073425293,70.99777412414551,44.534942626953125
2025-11-26 09:55:18,35.59794616699219,34.5216064453125,34.5216064453125,34.52217102050781
2025-11-26 09:55:19,99.99142547607421,99.98772132873535,99.98772132873535,99.98772132873535
2025-11-26 09:55:20,99.99701225280762,99.99701225280762,99.99701225280762,99.99701225280762
2025-11-26 09:55:21,99.9963720703125,99.9963720703125,99.9963720703125,99.9963720703125
2025-11-26 09:55:22,99.99701225280762,99.99701225280762,99.99701225280762,99.99701225280762
2025-11-26 09:55:23,99.99701225280762,99.99701225280762,99.99701225280762,99.99701225280762
2025-11-26 09:55:24,34.983985900878906,99.99701225280762,99.99701225280762,34.983985900878906
2025-11-26 09:55:25,99.99142547607421,99.99701225280762,99.99701225280762,99.99142547607421
2025-11-26 09:55:26,30.480010986328125,99.99701225280762,99.99701225280762,30.480010986328125
2025-11-26 09:55:27,99.99142547607421,99.99701225280762,30.2984619140625,30.2984619140625
2025-11-26 09:55:28,99.99701225280762,99.99701225280762,99.99141029357911,99.99141029357911
2025-11-26 09:55:29,34.522369384765625,34.52154541015625,30.2984619140625,30.2984619140625
2025-11-26 09:55:30,99.98587684631347,99.98587684631347,99.99143310546874,99.98734024047852
2025-11-26 09:55:31,41.52310562133789,42.13148880004883,42.23996353149414,41.52310562133789
2025-11-26 09:55:32,31.050857543945312,31.050857543945312,91.96277908325195,91.96277908325195
2025-11-26 09:55:33,35.273780822753906,35.273780822753906,99.99701225280762,35.273780822753906
2025-11-26 09:55:34,99.99128067016602,99.99128067016602,99.99701225280762,99.99128067016602
2025-11-26 09:55:35,99.99701225280762,99.99701225280762,99.99701225280762,99.99701225280762
2025-11-26 09:55:36,99.9963720703125,99.9963720703125,99.9963720703125,99.9963720703125
2025-11-26 09:55:37,35.11872863769531,35.11872863769531,39.15349578857422,35.227752685546875
2025-11-26 09:55:38,99.87437034606934,94.74552680969238,94.74552680969238,99.87437034606934
2025-11-26 09:55:39,37.45984649658203,37.45984649658203,36.850990295410156,36.850990295410156
2025-11-26 09:55:40,97.47665191650391,97.47665191650391,98.08486953735351,98.08486953735351
2025-11-26 09:55:41,99.99701225280762,99.99701225280762,99.99701225280762,99.99701225280762
2025-11-26 09:55:42,99.99701225280762,99.99701225280762,99.99701225280762,99.99701225280762
2025-11-26 09:55:43,34.978546142578125,99.99701225280762,99.99701225280762,34.978546142578125
2025-11-26 09:55:44,99.99701225280762,99.99701225280762,99.99701225280762,99.99701225280762
2025-11-26 09:55:45,99.99701225280762,99.99701225280762,99.99701225280762,99.99701225280762
2025-11-26 09:55:46,99.99701225280762,99.99701225280762,99.99701225280762,99.99701225280762
2025-11-26 09:55:47,99.99701225280762,99.99701225280762,99.99701225280762,99.99701225280762
2025-11-26 09:55:48,99.99701225280762,99.99701225280762,99.99701225280762,99.99701225280762
2025-11-26 09:55:49,99.99701225280762,99.99701225280762,99.99669212341308,99.99669212341308
2025-11-26 09:55:50,33.91180419921875,33.91180419921875,33.91212463378906,33.91212463378906
2025-11-26 09:55:51,41.23311233520508,42.10873031616211,99.98721069335937,41.23311233520508
2025-11-26 09:55:52,91.79288291931152,91.79288291931152,99.9963720703125,92.40125228881836
2025-11-26 09:55:53,99.99701225280762,99.99701225280762,99.99701225280762,99.99701225280762
2025-11-26 09:55:54,37.1270637512207,37.758331298828125,99.99701225280762,37.1270637512207
2025-11-26 09:55:55,97.34391876220702,97.34391876220702,99.99701225280762,97.97518447875977
2025-11-26 09:55:56,99.99701225280762,99.99701225280762,99.99701225280762,99.99701225280762
2025-11-26 09:55:57,30.48419952392578,99.99701225280762,99.99701225280762,30.48419952392578
2025-11-26 09:55:58,99.98734786987305,99.99701225280762,99.99701225280762,99.98734786987305
2025-11-26 09:55:59,99.99701225280762,99.99701225280762,99.99701225280762,99.99701225280762
2025-11-26 09:56:00,99.99701225280762,34.9840087890625,36.73904037475586,34.9840087890625
2025-11-26 09:56:02,99.99701522827148,97.64458038330078,97.64458038330078,98.36433242797851
2025-11-26 09:56:03,99.9963720703125,99.9963720703125,99.9963720703125,99.9963720703125
2025-11-26 09:56:04,99.99701225280762,99.99701225280762,99.99701225280762,99.99701225280762
2025-11-26 09:56:05,99.99701225280762,99.99701225280762,99.99701225280762,99.99701225280762
2025-11-26 09:56:06,99.99701225280762,99.99701225280762,99.99701225280762,99.99701225280762
2025-11-26 09:56:07,35.662147521972656,99.9963720703125,99.9963720703125,35.662147521972656
2025-11-26 09:56:08,34.31664276123047,34.31664276123047,99.99701225280762,99.99142547607421
2025-11-26 09:56:09,97.15451026916504,97.15451026916504,99.99701225280762,99.99701225280762
2025-11-26 09:56:10,99.99701225280762,99.99701225280762,99.99701225280762,99.99701225280762
2025-11-26 09:56:11,99.9963720703125,99.9963720703125,99.9963720703125,99.9963720703125
2025-11-26 09:56:12,43.62704849243164,36.53507995605469,36.53507995605469,43.73489761352539
2025-11-26 09:56:13,20.830398559570312,30.651901245117188,97.36406326293945,20.830398559570312
2025-11-26 09:56:14,99.99142547607421,99.99142547607421,99.99701225280762,99.99142547607421
2025-11-26 09:56:15,35.66215515136719,99.99701225280762,99.99701225280762,35.66215515136719
2025-11-26 09:56:16,34.637977600097656,34.637977600097656,99.99588424682617,34.74596405029297
2025-11-26 09:56:17,99.8707957458496,35.11444091796875,35.11444091796875,35.11500549316406
2025-11-26 09:56:18,99.99701225280762,99.98773658752441,99.98773658752441,99.98773658752441
2025-11-26 09:56:19,99.99701225280762,99.99701225280762,99.99701225280762,99.99701225280762
2025-11-26 09:56:20,36.504154205322266,36.504154205322266,35.83960723876953,35.83960723876953
2025-11-26 09:56:21,97.47899963378906,97.69785118103027,98.36303367614747,97.47899963378906
2025-11-26 09:56:22,99.99701225280762,99.99701225280762,99.99701225280762,99.99701225280762
2025-11-26 09:56:23,99.99700927734375,34.914031982421875,30.22418212890625,30.22418212890625
2025-11-26 09:56:24,99.99700927734375,99.99650573730469,99.99700927734375,99.99650573730469
2025-11-26 09:56:25,38.256473541259766,37.65831756591797,99.99701225280762,37.65831756591797
2025-11-26 09:56:26,96.25229812622071,96.25229812622071,30.29846954345703,30.29846954345703
2025-11-26 09:56:27,99.99644828796387,99.99644828796387,99.99142547607421,99.99142547607421
2025-11-26 09:56:28,29.609649658203125,29.609649658203125,30.29736328125,30.29736328125
2025-11-26 09:56:29,41.65654754638672,42.25564193725586,42.4290885925293,41.65654754638672
2025-11-26 09:56:30,92.237529296875,92.237529296875,92.07399658203126,92.07399658203126
2025-11-26 09:56:31,36.011314392089844,36.011314392089844,99.99701225280762,36.11929702758789
2025-11-26 09:56:32,98.98294296264649,99.09092826843262,99.99701225280762,98.98294296264649
2025-11-26 09:56:33,30.47937774658203,99.9963720703125,30.29846954345703,30.29846954345703
2025-11-26 09:56:34,34.98399353027344,99.99701225280762,99.99142547607421,34.98399353027344
2025-11-26 09:56:35,99.99142547607421,99.99701225280762,99.99701225280762,99.99142547607421
2025-11-26 09:56:36,99.99701225280762,99.99701225280762,99.99701225280762,99.99701225280762
2025-11-26 09:56:37,99.99701225280762,99.99701225280762,99.99701225280762,99.99701225280762
2025-11-26 09:56:38,99.9963720703125,99.99573181152344,99.9963720703125,99.99573181152344
2025-11-26 09:56:39,99.99701225280762,99.99701225280762,99.99701225280762,99.99701225280762
2025-11-26 09:56:40,34.97840118408203,38.42858123779297,38.42858123779297,34.97840118408203
2025-11-26 09:56:41,99.99701225280762,95.47108932495117,95.47108932495117,99.99626533508301
2025-11-26 09:56:42,99.99701225280762,99.9963720703125,99.9963720703125,99.9963720703125
2025-11-26 09:56:43,99.99701225280762,99.99701225280762,99.99701225280762,99.99701225280762
2025-11-26 09:56:44,99.9963720703125,99.9963720703125,99.9963720703125,99.9963720703125
2025-11-26 09:56:45,35.273773193359375,35.273773193359375,99.99701225280762,35.273773193359375
2025-11-26 09:56:46,99.99078529357911,99.99078529357911,99.9963720703125,99.99078529357911
2025-11-26 09:56:47,38.461849212646484,38.461849212646484,37.78627395629883,37.78627395629883
2025-11-26 09:56:48,96.47475479125977,96.47475479125977,97.15033340454102,97.15033340454102
2025-11-26 09:56:49,33.91194152832031,33.91194152832031,33.91194152832031,33.91194152832031
2025-11-26 09:56:50,99.98673049926758,99.98673049926758,99.98673049926758,99.98673049926758
2025-11-26 09:56:51,99.99701225280762,99.99701225280762,99.99701225280762,99.99701225280762
2025-11-26 09:56:52,99.99701225280762,99.99701225280762,99.99701225280762,99.99701225280762
2025-11-26 09:56:53,25.908676147460938,90.27262115478516,99.99701225280762,25.908676147460938
2025-11-26 09:56:54,41.33769226074219,41.33769226074219,99.9963720703125,41.36371994018555
2025-11-26 09:56:55,99.99600616455078,99.99600616455078,99.99701225280762,99.99600616455078
2025-11-26 09:56:56,99.99701225280762,99.99701225280762,99.99701225280762,99.99701225280762
2025-11-26 09:56:57,99.99701225280762,99.99701225280762,99.99701225280762,99.99701225280762
2025-11-26 09:56:58,99.99701225280762,99.99701225280762,99.99701225280762,99.99701225280762
2025-11-26 09:56:59,30.62073516845703,99.99701225280762,99.99701225280762,30.62073516845703
2025-11-26 09:57:00,99.850209274292,99.99701225280762,99.99701225280762,99.850209274292
2025-11-26 09:57:01,37.86942672729492,38.42384719848633,99.99701225280762,37.86942672729492
2025-11-26 09:57:02,35.0738525390625,35.0738525390625,99.99701225280762,96.63936210632325
2025-11-26 09:57:03,99.98723350524902,99.98723350524902,99.99701225280762,99.99701225280762
2025-11-26 09:57:04,99.99701225280762,37.75675964355469,37.03628921508789,37.03628921508789
2025-11-26 09:57:05,99.99701225280762,96.75151657104492,96.75151657104492,97.47198745727539
2025-11-26 09:57:06,99.99701225280762,99.99701225280762,99.99701225280762,99.99701225280762
2025-11-26 09:57:07,99.99701225280762,99.99701225280762,99.99701225280762,99.99701225280762
2025-11-26 09:57:08,99.99701225280762,99.99701225280762,99.99701225280762,99.99701225280762
2025-11-26 09:57:09,99.9963720703125,99.9963720703125,99.9963720703125,99.9963720703125
2025-11-26 09:57:10,99.99701225280762,34.983985900878906,99.99701225280762,34.983985900878906
2025-11-26 09:57:11,99.99701225280762,99.99128829956055,99.99701225280762,99.99128829956055
2025-11-26 09:57:12,99.99701225280762,99.99701225280762,99.99701225280762,99.99701225280762
2025-11-26 09:57:13,37.115997314453125,37.115997314453125,36.507781982421875,36.507781982421875
2025-11-26 09:57:14,96.86669685363769,37.68238830566406,37.68238830566406,96.86669685363769
2025-11-26 09:57:15,35.27378845214844,35.27378845214844,30.29267120361328,30.29267120361328
2025-11-26 09:57:16,99.99016792297363,99.99080810546874,99.99701225280762,99.99016792297363
2025-11-26 09:57:17,99.9963720703125,99.9963720703125,99.9963720703125,99.9963720703125
2025-11-26 09:57:18,44.6875,44.6875,99.99700927734375,44.79545593261719
2025-11-26 09:57:19,24.374053955078125,89.1578369140625,99.99700927734375,24.374053955078125
2025-11-26 09:57:20,99.99141693115234,99.99700927734375,99.99700927734375,99.99141693115234
2025-11-26 09:57:21,99.99700927734375,34.45606994628906,34.45606994628906,34.45606994628906
2025-11-26 09:57:22,35.48674011230469,35.48674011230469,99.98721069335937,35.68412780761719
2025-11-26 09:57:23,98.95770729064941,98.75987663269044,99.9963720703125,98.75987663269044
2025-11-26 09:57:24,99.99701225280762,99.99701225280762,99.99701225280762,99.99701225280762
2025-11-26 09:57:25,99.99701225280762,99.99701225280762,99.99701225280762,99.99701225280762
2025-11-26 09:57:26,99.99701225280762,99.99701225280762,99.99701225280762,99.99701225280762
2025-11-26 09:57:27,38.97853088378906,38.97853088378906,99.99701225280762,99.99701225280762
2025-11-26 09:57:28,99.99448944091797,99.99448944091797,99.99701225280762,99.99701225280762
2025-11-26 09:57:29,99.9963720703125,99.9963720703125,30.297828674316406,30.297828674316406
2025-11-26 09:57:30,99.99701225280762,99.99669212341308,99.99079292297364,99.99079292297364
2025-11-26 09:57:31,36.53112030029297,36.53112030029297,99.99669212341308,36.6395149230957
2025-11-26 09:57:32,97.8692495727539,97.97764633178711,99.99701225280762,97.8692495727539
2025-11-26 09:57:33,99.99701225280762,99.9963720703125,30.291725158691406,30.291725158691406
2025-11-26 09:57:34,38.51570510864258,37.850830078125,99.99701225280762,37.850830078125
2025-11-26 09:57:35,96.58656623840332,96.58656623840332,99.99701225280762,97.25144386291504
2025-11-26 09:57:36,30.480003356933594,99.99701225280762,99.99701225280762,30.480003356933594
2025-11-26 09:57:37,99.99143310546874,99.99701225280762,99.99701225280762,99.99143310546874
2025-11-26 09:57:38,99.99701225280762,34.983985900878906,99.99701225280762,34.983985900878906
2025-11-26 09:57:39,99.9963720703125,99.99078529357911,99.9963720703125,99.99078529357911
2025-11-26 09:57:40,99.99701225280762,99.99701225280762,99.99701225280762,99.99701225280762
2025-11-26 09:57:41,99.99701225280762,99.99701225280762,99.99701225280762,99.99701225280762
2025-11-26 09:57:42,99.99701225280762,99.99701225280762,99.99701225280762,99.99701225280762
2025-11-26 09:57:43,99.99701225280762,99.99701225280762,30.298484802246094,30.298484802246094
2025-11-26 09:57:44,36.06248474121094,36.06248474121094,36.0567626953125,36.0567626953125
2025-11-26 09:57:45,99.98773658752441,99.98773658752441,99.98773658752441,99.98773658752441
2025-11-26 09:57:46,28.101730346679688,39.52924346923828,99.99701225280762,28.101730346679688
2025-11-26 09:57:47,37.93299865722656,94.13766006469727,99.99701225280762,37.93299865722656
2025-11-26 09:57:48,42.24801254272461,42.96788787841797,43.02055358886719,42.24801254272461
2025-11-26 09:57:49,35.4742431640625,35.4742431640625,91.18202781677246,35.585113525390625
2025-11-26 09:57:50,89.67419723510741,89.67419723510741,99.9963720703125,90.28384780883789
2025-11-26 09:57:51,99.99701225280762,99.99701225280762,99.99701225280762,99.99701225280762
2025-11-26 09:57:52,99.99701225280762,99.99701225280762,99.99701225280762,99.99701225280762
2025-11-26 09:57:53,99.99701225280762,99.99701225280762,99.99701225280762,99.99701225280762
2025-11-26 09:57:54,38.12801742553711,38.12801742553711,37.46347427368164,37.46347427368164
2025-11-26 09:57:55,96.80909133911133,96.80909133911133,97.47363372802734,97.47363372802734
2025-11-26 09:57:56,99.99701225280762,37.84944152832031,37.128971099853516,37.128971099853516
2025-11-26 09:57:57,34.98399353027344,36.01899719238281,36.01899719238281,34.98399353027344
2025-11-26 09:57:58,99.99129592895508,95.13648559570312,95.13648559570312,99.99129592895508
2025-11-26 09:57:59,99.9963720703125,99.9963720703125,99.99701225280762,99.9963720703125
2025-11-26 09:58:00,99.99701225280762,38.15007400512695,38.15007400512695,99.99701225280762
2025-11-26 09:58:01,99.99701225280762,34.98411560058594,95.74945922851562,34.98411560058594
2025-11-26 09:58:02,99.99701225280762,99.99142547607421,99.99701225280762,99.99142547607421
2025-11-26 09:58:03,30.954574584960938,99.99701225280762,99.99701225280762,30.954574584960938
2025-11-26 09:58:04,37.869197845458984,38.53407287597656,99.99701225280762,37.869197845458984
2025-11-26 09:58:05,95.97418739318847,95.97418739318847,99.99701225280762,96.63906478881836
2025-11-26 09:58:06,99.99701225280762,99.99701225280762,99.99701225280762,99.99701225280762
2025-11-26 09:58:07,99.99701225280762,99.99701225280762,99.99701225280762,99.99701225280762
2025-11-26 09:58:08,99.9963720703125,99.9963720703125,99.99573181152344,99.99573181152344
2025-11-26 09:58:09,34.773292541503906,34.773292541503906,99.99701225280762,99.99701225280762
2025-11-26 09:58:10,96.69717338562012,96.69717338562012,99.9963720703125,99.9963720703125
2025-11-26 09:58:11,99.99701225280762,99.99701225280762,99.99254592895508,99.99254592895508
2025-11-26 09:58:12,99.9963720703125,99.9963720703125,30.296836853027344,30.296836853027344
2025-11-26 09:58:13,99.99701225280762,99.99701225280762,99.99701225280762,99.99701225280762
2025-11-26 09:58:14,99.99701225280762,99.99701225280762,99.99701225280762,99.99701225280762
2025-11-26 09:58:15,99.99701225280762,99.99701225280762,99.99701225280762,99.99701225280762
2025-11-26 09:58:16,36.448055267333984,36.448055267333984,35.72833251953125,35.72833251953125
2025-11-26 09:58:17,97.59100914001465,97.75467895507812,98.47440299987792,97.59100914001465
2025-11-26 09:58:18,30.763694763183594,30.763694763183594,99.99701225280762,30.763694763183594
2025-11-26 09:58:19,27.067527770996094,27.067527770996094,99.99701225280762,91.39883712768554
2025-11-26 09:58:20,33.44800567626953,33.44800567626953,99.99701225280762,38.72489929199219
2025-11-26 09:58:21,99.99701225280762,99.99701225280762,99.99701225280762,99.99701225280762
2025-11-26 09:58:22,99.9963720703125,99.99573181152344,99.99573181152344,99.9963720703125
2025-11-26 09:58:23,99.99701225280762,99.99701225280762,99.99701225280762,99.99701225280762
2025-11-26 09:58:24,99.99701225280762,99.99701225280762,99.99701225280762,99.99701225280762
2025-11-26 09:58:25,99.99701225280762,99.99701225280762,99.99701225280762,99.99701225280762
2025-11-26 09:58:26,36.25287628173828,36.25287628173828,30.29845428466797,30.29845428466797
2025-11-26 09:58:27,30.480003356933594,98.2558715057373,99.99141029357911,30.480003356933594
2025-11-26 09:58:28,99.99142547607421,99.99701225280762,99.99701225280762,99.99142547607421
2025-11-26 09:58:29,44.15229797363281,44.15229797363281,30.298477172851562,30.298477172851562
2025-11-26 09:58:30,23.613143920898438,88.39947891235352,99.99141029357911,23.613143920898438
2025-11-26 09:58:31,99.99144073486327,35.11451721191406,35.11451721191406,35.11451721191406
2025-11-26 09:58:32,99.99701225280762,99.98721069335937,30.28308868408203,30.28308868408203
2025-11-26 09:58:33,34.9783935546875,99.99701225280762,99.99701225280762,34.9783935546875
2025-11-26 09:58:34,99.99701225280762,99.99701225280762,99.99701225280762,99.99701225280762
2025-11-26 09:58:35,99.99701225280762,99.99701225280762,99.99701225280762,99.99701225280762
2025-11-26 09:58:36,99.99701225280762,99.99701225280762,99.99701225280762,99.99701225280762
2025-11-26 09:58:37,35.273773193359375,35.273773193359375,99.99701225280762,35.273773193359375
2025-11-26 09:58:38,99.99143310546874,34.9783935546875,99.99701225280762,34.9783935546875
2025-11-26 09:58:39,99.99701225280762,99.99144073486327,99.99701225280762,99.99144073486327
2025-11-26 09:58:40,99.99701225280762,99.99701225280762,99.99701225280762,99.99701225280762
2025-11-26 09:58:41,99.9963720703125,99.9963720703125,99.9963720703125,99.9963720703125
2025-11-26 09:58:42,99.99701225280762,99.99701225280762,99.99701225280762,99.99701225280762
2025-11-26 09:58:43,99.9963720703125,99.9963720703125,99.99701225280762,99.9963720703125
2025-11-26 09:58:44,99.99701225280762,99.99701225280762,99.99701225280762,99.99701225280762
2025-11-26 09:58:45,99.99701225280762,99.9963720703125,99.9963720703125,99.9963720703125
2025-11-26 09:58:46,35.66319274902344,99.99701225280762,99.99701225280762,35.66319274902344
2025-11-26 09:58:47,42.74306869506836,43.46955490112305,43.565860748291016,42.74306869506836
2025-11-26 09:58:48,24.64861297607422,24.64861297607422,24.55230712890625,24.55230712890625
2025-11-26 09:58:49,35.15345001220703,35.15345001220703,99.98724113464355,99.98724113464355
2025-11-26 09:58:50,34.550148010253906,34.550148010253906,37.563716888427734,37.563716888427734
2025-11-26 09:58:51,96.69779823303223,96.69779823303223,97.37337707519531,97.37337707519531
2025-11-26 09:58:52,31.121536254882812,39.04336929321289,39.04336929321289,31.121536254882812
2025-11-26 09:58:53,28.160430908203125,37.90666580200195,94.85693405151368,28.160430908203125
2025-11-26 09:58:54,27.53704833984375,27.53704833984375,99.99701225280762,39.37771224975586
2025-11-26 09:58:55,98.59007110595704,98.59007110595704,99.9963720703125,99.25494888305664
2025-11-26 09:58:56,99.99701225280762,99.99701225280762,99.99701225280762,99.99701225280762
2025-11-26 09:58:57,99.99701225280762,99.99701225280762,99.99701225280762,99.99701225280762
2025-11-26 09:58:58,99.99701225280762,99.99701225280762,99.99701225280762,99.99701225280762
2025-11-26 09:58:59,99.99701225280762,99.99701225280762,99.99701225280762,99.99701225280762
2025-11-26 09:59:00,38.35162353515625,39.01691436767578,99.99701225280762,38.35162353515625
2025-11-26 09:59:01,96.08484008789063,96.08484008789063,99.99701225280762,96.7501294708252
2025-11-26 09:59:02,99.99701225280762,34.9840087890625,99.99701225280762,34.9840087890625
2025-11-26 09:59:03,31.48388671875,31.48388671875,99.99701225280762,99.99142547607421
2025-11-26 09:59:04,99.98723350524902,99.98723350524902,99.99701225280762,99.99701225280762
2025-11-26 09:59:05,99.99701225280762,39.43242263793945,39.43242263793945,99.99701225280762
2025-11-26 09:59:06,99.99701225280762,94.4672484588623,94.4672484588623,99.99626533508301
2025-11-26 09:59:07,99.99701225280762,38.18021011352539,37.43766784667969,37.43766784667969
2025-11-26 09:59:08,99.99701225280762,96.32856155395508,96.32856155395508,97.07110504150391
2025-11-26 09:59:09,99.99701225280762,99.99701225280762,99.99701225280762,99.99701225280762
2025-11-26 09:59:10,99.99701225280762,99.99701225280762,99.99701225280762,99.99701225280762
2025-11-26 09:59:11,99.9963720703125,99.99573181152344,99.99573181152344,99.9963720703125
2025-11-26 09:59:12,99.99701225280762,99.99701225280762,99.99701225280762,99.99701225280762
2025-11-26 09:59:13,99.99701225280762,99.99701225280762,99.99701225280762,99.99701225280762
2025-11-26 09:59:14,99.99701225280762,99.99701225280762,99.99701225280762,99.99701225280762
2025-11-26 09:59:15,99.99701225280762,99.99701225280762,99.99254592895508,99.99254592895508
2025-11-26 09:59:16,99.99701225280762,99.99701225280762,30.297195434570312,30.297195434570312
2025-11-26 09:59:17,99.99701225280762,99.99701225280762,99.99701225280762,99.99701225280762
2025-11-26 09:59:18,99.99701225280762,99.99701225280762,99.99701225280762,99.99701225280762
2025-11-26 09:59:19,99.99701225280762,99.99701225280762,99.99701225280762,99.99701225280762
2025-11-26 09:59:20,99.99701225280762,99.99701225280762,99.99701225280762,99.99701225280762
2025-11-26 09:59:21,99.99701225280762,99.99701225280762,99.99701225280762,99.99701225280762
2025-11-26 09:59:22,36.011314392089844,36.011314392089844,99.9963720703125,36.11929702758789
2025-11-26 09:59:23,99.09092826843262,34.52154541015625,34.52154541015625,34.52154541015625
2025-11-26 09:59:24,21.031997680664062,34.953033447265625,99.98721069335937,21.031997680664062
2025-11-26 09:59:25,24.114944458007812,80.93507957458496,99.99701225280762,24.114944458007812
2025-11-26 09:59:26,47.60258865356445,47.96678924560547,99.99701225280762,47.60258865356445
2025-11-26 09:59:27,34.52299499511719,34.52484130859375,99.99701225280762,34.52299499511719
2025-11-26 09:59:28,99.98352935791016,99.98352935791016,99.99701225280762,99.98537384033203
2025-11-26 09:59:29,36.85982894897461,36.85982894897461,30.292892456054688,30.292892456054688
2025-11-26 09:59:30,97.47932723999024,97.64340881347657,98.25226654052734,97.47932723999024
2025-11-26 09:59:31,34.97826385498047,99.99701225280762,99.99701225280762,34.97826385498047
2025-11-26 09:59:32,99.9963720703125,99.99573181152344,30.297821044921875,30.297821044921875
2025-11-26 09:59:33,99.99701225280762,99.99701225280762,99.99142547607421,99.99142547607421
2025-11-26 09:59:34,99.99701225280762,99.99701225280762,99.99701225280762,99.99701225280762
2025-11-26 09:59:35,99.99701225280762,99.99701225280762,99.99701225280762,99.99701225280762
2025-11-26 09:59:36,99.99701225280762,99.99701225280762,99.99701225280762,99.99701225280762
2025-11-26 09:59:37,99.99701225280762,99.99701225280762,99.99701225280762,99.99701225280762
2025-11-26 09:59:38,99.99573181152344,99.99509155273438,99.99573181152344,99.99509155273438
2025-11-26 09:59:39,99.99700927734375,99.99700927734375,99.99700927734375,99.99700927734375
2025-11-26 09:59:40,-16.931556701660156,-16.931556701660156,38.31731414794922,38.31731414794922
2025-11-26 09:59:41,91.60093597412109,91.60093597412109,96.46773506164551,96.46773506164551
2025-11-26 09:59:42,99.99701225280762,99.99701225280762,30.298477172851562,30.298477172851562
2025-11-26 09:59:43,99.99701225280762,99.99701225280762,99.99142547607421,99.99142547607421
2025-11-26 09:59:44,31.6236572265625,10.952751159667969,99.99700927734375,11.063621520996094
2025-11-26 09:59:45,36.054962158203125,36.054962158203125,99.99701225280762,64.42795944213867
2025-11-26 09:59:46,95.41551879882813,39.433170318603516,39.433170318603516,99.99669212341308
2025-11-26 09:59:47,99.99701225280762,94.46663856506348,94.46663856506348,99.99626533508301
2025-11-26 09:59:48,35.665863037109375,99.99701225280762,99.99701225280762,35.665863037109375
2025-11-26 09:59:49,34.97406005859375,99.99701225280762,99.99701225280762,34.97406005859375
2025-11-26 09:59:50,99.99142547607421,99.9963720703125,99.9963720703125,99.99142547607421
2025-11-26 09:59:51,99.99701225280762,99.99701225280762,99.99701225280762,99.99701225280762
2025-11-26 09:59:52,99.99701225280762,99.99701225280762,99.99701225280762,99.99701225280762
2025-11-26 09:59:53,99.99701225280762,99.9963720703125,99.9963720703125,99.9963720703125
2025-11-26 09:59:54,99.99701225280762,99.99701225280762,99.99701225280762,99.99701225280762
2025-11-26 09:59:55,99.99701225280762,99.99701225280762,99.99701225280762,99.99701225280762
2025-11-26 09:59:56,43.028099060058594,34.98413848876953,43.677734375,34.98413848876953
2025-11-26 09:59:57,90.52097610473632,90.52097610473632,90.52500061035155,90.52500061035155
2025-11-26 09:59:58,99.99701225280762,99.99701225280762,99.99701225280762,99.99701225280762
2025-11-26 09:59:59,99.99701225280762,99.99701225280762,99.99701225280762,99.99701225280762
2025-11-26 10:00:00,33.912445068359375,33.912445068359375,33.912445068359375,33.912445068359375
2025-11-26 10:00:01,99.98735549926758,99.98735549926758,99.98735549926758,99.98735549926758
2025-11-26 10:00:02,38.12618637084961,37.539066314697266,99.99701225280762,37.539066314697266
2025-11-26 10:00:03,36.8431396484375,36.8431396484375,99.99701225280762,39.24354934692383
2025-11-26 10:00:04,95.23751976013183,95.23751976013183,99.9963720703125,95.85870979309082
2025-11-26 10:00:05,31.48388671875,31.48388671875,99.9963720703125,99.9963720703125
2025-11-26 10:00:06,99.98657043457031,99.98657043457031,99.99701225280762,99.9963720703125
2025-11-26 10:00:07,99.9963720703125,99.9963720703125,99.9963720703125,99.9963720703125
2025-11-26 10:00:08,99.99701225280762,37.459510803222656,36.73904037475586,36.73904037475586
2025-11-26 10:00:09,99.99701225280762,97.64273811340333,97.64273811340333,98.36320899963378
2025-11-26 10:00:10,99.99701225280762,99.99701225280762,99.99701225280762,99.99701225280762
2025-11-26 10:00:11,99.9963720703125,99.9963720703125,30.292999267578125,30.292999267578125
2025-11-26 10:00:12,99.99701225280762,99.99701225280762,99.99701225280762,99.99701225280762
2025-11-26 10:00:13,35.6632080078125,99.99701225280762,99.99701225280762,35.6632080078125
2025-11-26 10:00:14,99.98774421691894,38.92960739135742,38.92960739135742,99.98774421691894
2025-11-26 10:00:15,99.99701225280762,94.96954582214356,94.96954582214356,99.99626533508301
2025-11-26 10:00:16,99.99701225280762,99.99701225280762,99.99701225280762,99.99701225280762
2025-11-26 10:00:17,99.99701225280762,99.99701225280762,99.99701225280762,99.99701225280762
2025-11-26 10:00:18,36.18913269042969,36.18913269042969,99.99636840820312,36.35337829589844
2025-11-26 10:00:19,98.25413513183594,98.08988952636719,99.99700927734375,98.08988952636719
2025-11-26 10:00:20,99.99700927734375,99.99700927734375,99.99700927734375,99.99700927734375
2025-11-26 10:00:21,99.99700927734375,99.99700927734375,99.99700927734375,99.99700927734375
2025-11-26 10:00:22,99.99700927734375,99.99700927734375,99.99700927734375,99.99700927734375
2025-11-26 10:00:23,45.60395812988281,45.60395812988281,99.99700927734375,45.889678955078125
2025-11-26 10:00:24,85.7270278930664,86.22264862060547,99.99700927734375,85.7270278930664
2025-11-26 10:00:25,99.99636840820312,99.99636840820312,99.99700927734375,99.99636840820312
2025-11-26 10:00:26,99.99701225280762,99.99701225280762,99.99701225280762,99.99701225280762
2025-11-26 10:00:27,99.99701225280762,99.99701225280762,99.99701225280762,99.99701225280762
2025-11-26 10:00:28,99.99701225280762,99.99701225280762,99.99701225280762,99.99701225280762
2025-11-26 10:00:29,99.9963720703125,99.9963720703125,30.29845428466797,30.29845428466797
2025-11-26 10:00:30,99.99701225280762,99.99701225280762,99.99144073486327,99.99144073486327
2025-11-26 10:00:31,99.9963720703125,35.115020751953125,35.1143798828125,35.1143798828125
2025-11-26 10:00:32,33.24406433105469,33.24406433105469,74.73318290710449,33.43818664550781
2025-11-26 10:00:33,33.89055633544922,34.084678649902344,30.29340362548828,30.29340362548828
2025-11-26 10:00:34,99.99701225280762,99.99701225280762,99.99650924682618,99.99650924682618
2025-11-26 10:00:35,34.97840881347656,99.9963720703125,99.9963720703125,34.97840881347656
2025-11-26 10:00:36,99.99701225280762,99.99701225280762,99.99701225280762,99.99701225280762
2025-11-26 10:00:37,99.9963720703125,99.9963720703125,99.9963720703125,99.9963720703125
2025-11-26 10:00:38,99.99701225280762,99.99701225280762,99.99701225280762,99.99701225280762
2025-11-26 10:00:39,99.99701225280762,99.99701225280762,99.99701225280762,99.99701225280762
2025-11-26 10:00:40,27.25366973876953,71.15276336669922,99.99701225280762,27.25366973876953
2025-11-26 10:00:41,30.47863006591797,60.39563751220703,99.99701225280762,30.47863006591797
2025-11-26 10:00:42,99.98708869934082,99.99701225280762,99.99701225280762,99.98708869934082
2025-11-26 10:00:43,39.26411819458008,34.9840087890625,38.65433883666992,34.9840087890625
2025-11-26 10:00:44,26.130706787109375,26.130706787109375,95.24056243896484,95.24056243896484
2025-11-26 10:00:45,99.905029296875,99.905029296875,99.99700927734375,99.99700927734375
2025-11-26 10:00:46,44.1090087890625,44.90643310546875,99.99700927734375,44.1090087890625
2025-11-26 10:00:47,20.217926025390625,30.65612030029297,30.298721313476562,20.217926025390625
2025-11-26 10:00:48,99.98726402282715,95.98255584716797,95.98255584716797,99.98726402282715
2025-11-26 10:00:49,99.9963720703125,99.9963720703125,99.9963720703125,99.9963720703125
2025-11-26 10:00:50,99.99701225280762,34.988197326660156,99.99701225280762,34.988197326660156
2025-11-26 10:00:51,99.99701225280762,99.98722587585449,99.99701225280762,99.98722587585449
2025-11-26 10:00:52,99.99701225280762,99.99701225280762,99.99701225280762,99.99701225280762
2025-11-26 10:00:53,99.99701225280762,99.99701225280762,99.99701225280762,99.99701225280762
2025-11-26 10:00:54,35.66217803955078,99.99701225280762,99.99701225280762,35.66217803955078
2025-11-26 10:00:55,99.99143310546874,99.99701225280762,99.99701225280762,99.99143310546874
2025-11-26 10:00:56,99.9963720703125,99.99573181152344,99.99573181152344,99.9963720703125
2025-11-26 10:00:57,39.1787109375,38.56890869140625,99.99700927734375,38.56890869140625
2025-11-26 10:00:58,39.78437042236328,5.71087646484375,5.71087646484375,43.31245422363281
2025-11-26 10:00:59,89.22769073486327,77.9929084777832,77.9929084777832,78.73257827758789
2025-11-26 10:01:00,99.99701225280762,99.99701225280762,99.99701225280762,99.99701225280762
2025-11-26 10:01:01,33.912445068359375,33.912445068359375,33.912445068359375,33.912445068359375
2025-11-26 10:01:02,99.98722587585449,99.98722587585449,99.98722587585449,99.98722587585449
2025-11-26 10:01:03,99.99701225280762,99.99701225280762,99.99701225280762,99.99701225280762
2025-11-26 10:01:04,99.99701225280762,99.99701225280762,99.99701225280762,99.99701225280762
2025-11-26 10:01:05,99.99701225280762,99.99701225280762,99.99701225280762,99.99701225280762
2025-11-26 10:01:06,99.99573181152344,99.9963720703125,30.292266845703125,30.292266845703125
2025-11-26 10:01:07,99.99700927734375,99.99700927734375,99.99700927734375,99.99700927734375
2025-11-26 10:01:08,35.60203552246094,99.99700927734375,99.99700927734375,35.60203552246094
2025-11-26 10:01:09,99.98719024658203,99.99700927734375,99.99700927734375,99.98719024658203
2025-11-26 10:01:10,99.99700927734375,99.99700927734375,99.99700927734375,99.99700927734375
2025-11-26 10:01:11,99.99701225280762,99.99701225280762,99.99701225280762,99.99701225280762
2025-11-26 10:01:12,99.99700927734375,99.99700927734375,99.99700927734375,99.99700927734375
2025-11-26 10:01:13,40.00685119628906,40.64961242675781,99.99700927734375,40.00685119628906
2025-11-26 10:01:14,25.28673553466797,25.28673553466797,99.99701225280762,94.44197463989258
2025-11-26 10:01:15,99.98722587585449,99.98722587585449,99.99701225280762,99.99701225280762
2025-11-26 10:01:16,99.99701225280762,99.9963720703125,99.9963720703125,99.9963720703125
2025-11-26 10:01:17,46.0485954284668,46.0485954284668,99.9963720703125,46.26730728149414
2025-11-26 10:01:18,85.35160827636719,85.84623046875001,99.99701225280762,85.35160827636719
2025-11-26 10:01:19,99.99700927734375,99.99700927734375,99.99700927734375,99.99700927734375
2025-11-26 10:01:20,99.99700927734375,99.99700927734375,99.99700927734375,99.99700927734375
2025-11-26 10:01:21,99.99701225280762,99.99701225280762,99.99701225280762,99.99701225280762
2025-11-26 10:01:22,99.9963720703125,99.9963720703125,99.9963720703125,99.9963720703125
2025-11-26 10:01:23,35.84394073486328,35.84394073486328,99.99701225280762,36.00802230834961
2025-11-26 10:01:24,99.09358825683594,99.25831001281739,99.9963720703125,99.09358825683594
2025-11-26 10:01:25,99.99701225280762,99.99701225280762,99.99701225280762,99.99701225280762
2025-11-26 10:01:26,99.9963720703125,99.9963720703125,99.9963720703125,99.9963720703125
2025-11-26 10:01:27,99.99700927734375,99.99700927734375,99.99700927734375,99.99700927734375
2025-11-26 10:01:28,99.99701225280762,99.99701225280762,99.99701225280762,99.99701225280762
2025-11-26 10:01:29,37.45820236206055,37.45820236206055,99.99701225280762,37.53371810913086
2025-11-26 10:01:30,97.6432640838623,97.56838775634766,99.99701225280762,97.56838775634766
2025-11-26 10:01:31,35.04522705078125,35.04522705078125,99.99700927734375,35.04522705078125
2025-11-26 10:01:32,99.98708106994629,99.98708106994629,99.99700927734375,99.98708106994629
2025-11-26 10:01:33,99.99701225280762,99.99701225280762,30.2984619140625,30.2984619140625
2025-11-26 10:01:34,-13.4080810546875,-13.4080810546875,34.515968322753906,34.515968322753906
2025-11-26 10:01:35,81.41165351867676,34.983367919921875,94.12647102355957,34.983367919921875
2025-11-26 10:01:36,99.99701225280762,99.99131881713868,99.99701225280762,99.99131881713868
2025-11-26 10:01:37,99.99701225280762,40.65974044799805,40.65974044799805,99.99701225280762
2025-11-26 10:01:38,99.99701225280762,93.239296875,93.239296875,99.99594520568847
2025-11-26 10:01:39,99.99701225280762,99.99701225280762,99.99701225280762,99.99701225280762
2025-11-26 10:01:40,99.99701225280762,34.988197326660156,99.99701225280762,34.988197326660156
2025-11-26 10:01:41,99.99701225280762,99.98734786987305,30.29845428466797,30.29845428466797
2025-11-26 10:01:42,99.99701225280762,99.99701225280762,99.99144073486327,99.99144073486327
2025-11-26 10:01:43,30.48369598388672,99.99701225280762,99.99701225280762,30.48369598388672
2025-11-26 10:01:44,34.983985900878906,99.99701225280762,99.99701225280762,34.983985900878906
2025-11-26 10:01:45,99.99129592895508,99.9963720703125,30.297821044921875,30.297821044921875
2025-11-26 10:01:46,99.9963720703125,99.9963720703125,99.99142547607421,99.99142547607421
2025-11-26 10:01:47,34.978424072265625,99.99701225280762,99.99701225280762,34.978424072265625
2025-11-26 10:01:48,99.99701225280762,99.99701225280762,99.99701225280762,99.99701225280762
2025-11-26 10:01:49,30.481033325195312,32.26661682128906,99.9963720703125,30.481033325195312
2025-11-26 10:01:50,35.105918884277344,35.105918884277344,99.99701225280762,35.105918884277344
2025-11-26 10:01:51,99.99079292297364,99.99079292297364,99.9963720703125,99.99079292297364
2025-11-26 10:01:52,37.2279167175293,37.2279167175293,36.619056701660156,36.619056701660156
2025-11-26 10:01:53,96.75541114807129,96.97467445373535,97.58353210449219,96.75541114807129
2025-11-26 10:01:54,99.99701225280762,40.95999526977539,40.95999526977539,99.99701225280762
2025-11-26 10:01:55,99.99701225280762,92.93966201782227,92.93966201782227,99.99626533508301
2025-11-26 10:01:56,99.99701225280762,99.99701225280762,99.99701225280762,99.99701225280762
2025-11-26 10:01:57,99.99701225280762,99.99701225280762,99.99701225280762,99.99701225280762
2025-11-26 10:01:58,40.82429504394531,41.45588302612305,99.9963720703125,40.82429504394531
2025-11-26 10:01:59,93.05290649414063,93.05290649414063,99.99701225280762,93.68449211120605
2025-11-26 10:02:00,99.99701225280762,99.99701225280762,99.99701225280762,99.99701225280762
2025-11-26 10:02:01,33.912445068359375,33.912445068359375,33.912445068359375,33.912445068359375
2025-11-26 10:02:02,99.98672286987305,99.98724876403809,30.282974243164062,30.282974243164062
2025-11-26 10:02:03,35.662147521972656,99.9963720703125,99.9963720703125,35.662147521972656
2025-11-26 10:02:04,40.062255859375,39.374977111816406,99.99701225280762,39.430660247802734
2025-11-26 10:02:05,94.4459910583496,39.130096435546875,38.464168548583984,38.464168548583984
2025-11-26 10:02:06,99.99701225280762,95.97214462280273,95.97214462280273,96.63743377685547
2025-11-26 10:02:07,99.99701225280762,99.99701225280762,99.99701225280762,99.99701225280762
2025-11-26 10:02:08,99.9963720703125,99.9963720703125,99.99701225280762,99.9963720703125
2025-11-26 10:02:09,99.99701225280762,99.99701225280762,99.99701225280762,99.99701225280762
2025-11-26 10:02:10,24.72614288330078,24.72614288330078,85.80612472534179,85.10731506347656
2025-11-26 10:02:11,43.9505729675293,43.9505729675293,43.89142608642578,43.89142608642578
2025-11-26 10:02:12,99.99701225280762,99.99701225280762,99.99701225280762,99.99701225280762
2025-11-26 10:02:13,99.99701225280762,99.9963720703125,99.9963720703125,99.9963720703125
2025-11-26 10:02:14,99.99701225280762,99.99701225280762,99.99701225280762,99.99701225280762
2025-11-26 10:02:15,99.9963720703125,99.9963720703125,99.9963720703125,99.9963720703125
2025-11-26 10:02:16,99.99701225280762,99.99701225280762,99.99701225280762,99.99701225280762
2025-11-26 10:02:17,99.9963720703125,99.9963720703125,99.9963720703125,99.9963720703125
2025-11-26 10:02:18,99.99701225280762,99.99701225280762,99.99701225280762,99.99701225280762
2025-11-26 10:02:19,99.99701225280762,99.99701225280762,99.99701225280762,99.99701225280762
2025-11-26 10:02:20,99.99701225280762,99.9963720703125,99.9963720703125,99.9963720703125
2025-11-26 10:02:21,36.95188522338867,36.95188522338867,99.99701225280762,52.67970275878906
2025-11-26 10:02:22,32.293212890625,32.293212890625,99.99701225280762,47.11662673950195
2025-11-26 10:02:23,99.99701225280762,99.99701225280762,99.99701225280762,99.99701225280762
2025-11-26 10:02:24,99.99701225280762,34.52154541015625,34.52154541015625,34.52154541015625
2025-11-26 10:02:25,99.99701225280762,99.98657806396484,99.98657806396484,99.98657806396484
2025-11-26 10:02:26,99.99701225280762,99.99701225280762,99.99701225280762,99.99701225280762
2025-11-26 10:02:27,99.99701225280762,99.99701225280762,99.99701225280762,99.99701225280762
2025-11-26 10:02:28,45.023555755615234,45.96365737915039,99.99701225280762,45.023555755615234
2025-11-26 10:02:29,23.948989868164062,35.27899932861328,99.99701225280762,23.948989868164062
2025-11-26 10:02:30,99.98707344055175,99.98707344055175,99.99701225280762,99.98707344055175
2025-11-26 10:02:31,36.25287628173828,36.25287628173828,99.99701225280762,36.41654968261719
2025-11-26 10:02:32,98.09222450256348,41.29484939575195,41.29484939575195,98.09222450256348
2025-11-26 10:02:33,99.99701225280762,92.60484504699707,92.60484504699707,99.99626533508301
2025-11-26 10:02:34,99.9963720703125,99.9963720703125,99.9963720703125,99.9963720703125
2025-11-26 10:02:35,99.99701225280762,99.99701225280762,99.99701225280762,99.99701225280762
2025-11-26 10:02:36,99.99701225280762,99.99701225280762,99.99701225280762,99.99701225280762
2025-11-26 10:02:37,99.99701225280762,99.99701225280762,99.99701225280762,99.99701225280762
2025-11-26 10:02:38,99.99701225280762,99.99701225280762,99.99701225280762,99.99701225280762
2025-11-26 10:02:39,99.99701225280762,99.99701225280762,99.99701225280762,99.99701225280762
2025-11-26 10:02:40,99.99573181152344,99.99573181152344,99.99573181152344,99.99573181152344
2025-11-26 10:02:41,99.99701225280762,34.98399353027344,99.9963720703125,34.98399353027344
2025-11-26 10:02:42,99.99701225280762,99.99132644653321,99.9963720703125,99.99132644653321
2025-11-26 10:02:43,99.99701225280762,99.99701225280762,99.99701225280762,99.99701225280762
2025-11-26 10:02:44,40.436012268066406,40.436012268066406,30.29784393310547,30.29784393310547
2025-11-26 10:02:45,93.46402503967285,93.46402503967285,94.01811264038086,94.01811264038086
2025-11-26 10:02:46,99.99701225280762,99.99701225280762,99.99701225280762,99.99701225280762
2025-11-26 10:02:47,30.480003356933594,40.15581130981445,40.15581130981445,30.480003356933594
2025-11-26 10:02:48,99.99065567016602,95.08077812194824,95.08077812194824,99.99065567016602
2025-11-26 10:02:49,99.99701225280762,33.34142303466797,30.2989501953125,30.2989501953125
2025-11-26 10:02:50,30.528350830078125,33.912445068359375,33.912445068359375,30.528350830078125
2025-11-26 10:02:51,32.870361328125,32.870361328125,99.9872183227539,99.98707344055175
2025-11-26 10:02:52,87.70354934692384,87.70354934692384,23.49553680419922,23.49553680419922
2025-11-26 10:02:53,41.432491302490234,41.432491302490234,37.58147430419922,37.58147430419922
2025-11-26 10:02:54,99.99701225280762,99.99701225280762,99.99701225280762,99.99701225280762
2025-11-26 10:02:55,99.99701225280762,99.99701225280762,99.99701225280762,99.99701225280762
2025-11-26 10:02:56,-22.72119903564453,99.99701225280762,30.292877197265625,-22.72119903564453
2025-11-26 10:02:57,88.25126556396484,99.99701225280762,99.99701225280762,88.25126556396484
2025-11-26 10:02:58,99.99701225280762,99.99701225280762,99.99701225280762,99.99701225280762
2025-11-26 10:02:59,99.99701225280762,40.710899353027344,39.9566650390625,39.9566650390625
2025-11-26 10:03:00,99.99701225280762,93.79787353515626,93.79787353515626,94.55210922241211
2025-11-26 10:03:01,41.661075592041016,42.380950927734375,99.99701225280762,41.661075592041016
2025-11-26 10:03:02,92.12779853820801,92.12779853820801,99.99573181152344,92.8470344543457
2025-11-26 10:03:03,40.28549575805664,39.65340042114258,99.99701225280762,39.65390396118164
2025-11-26 10:03:04,94.22327514648437,94.22327514648437,99.99701225280762,94.85486892700196
2025-11-26 10:03:05,99.99701225280762,99.99701225280762,99.99701225280762,99.99701225280762
2025-11-26 10:03:06,99.99701225280762,99.99701225280762,99.99701225280762,99.99701225280762
2025-11-26 10:03:07,41.85721206665039,42.52177047729492,42.629756927490234,41.85721206665039
2025-11-26 10:03:08,23.16657257080078,23.16657257080078,91.57235427856446,91.57235427856446
2025-11-26 10:03:09,36.13130187988281,36.13130187988281,99.99701225280762,36.36022186279297
2025-11-26 10:03:10,98.14792442321777,98.36718765258789,99.99701225280762,98.14792442321777
2025-11-26 10:03:11,99.9963720703125,99.9963720703125,99.99573181152344,99.99573181152344
2025-11-26 10:03:12,99.99701225280762,99.99701225280762,99.99701225280762,99.99701225280762
2025-11-26 10:03:13,45.660308837890625,46.54522705078125,99.99701225280762,45.660308837890625
2025-11-26 10:03:14,21.61858367919922,85.34961128234863,99.99701225280762,21.61858367919922
2025-11-26 10:03:15,99.9854500579834,99.99701225280762,99.99701225280762,99.9854500579834
2025-11-26 10:03:16,43.96266555786133,43.96266555786133,99.99701225280762,44.04793930053711
2025-11-26 10:03:17,89.56485557556152,89.94797134399414,99.9963720703125,89.56485557556152
2025-11-26 10:03:18,99.99701225280762,99.99701225280762,99.99701225280762,99.99701225280762
2025-11-26 10:03:19,35.66636657714844,38.368988037109375,99.99701225280762,35.66636657714844
2025-11-26 10:03:20,96.1397779083252,95.97610763549805,99.99701225280762,95.97610763549805
2025-11-26 10:03:21,35.11011505126953,34.52195739746094,34.52154541015625,34.52154541015625
2025-11-26 10:03:22,99.98734024047852,99.98679145812989,99.98679145812989,99.98720306396484
2025-11-26 10:03:23,99.99701225280762,99.9963720703125,99.9963720703125,99.9963720703125
2025-11-26 10:03:24,99.99701225280762,99.99701225280762,99.99701225280762,99.99701225280762
2025-11-26 10:03:25,99.99701225280762,99.99701225280762,99.99701225280762,99.99701225280762
2025-11-26 10:03:26,99.9963720703125,99.9963720703125,99.99701225280762,99.9963720703125
2025-11-26 10:03:27,99.99701225280762,99.99701225280762,99.99701225280762,99.99701225280762
2025-11-26 10:03:28,99.99701225280762,99.99701225280762,99.99701225280762,99.99701225280762
2025-11-26 10:03:29,99.99701225280762,99.99701225280762,99.99701225280762,99.99701225280762
2025-11-26 10:03:30,99.99701225280762,41.55095672607422,41.55095672607422,99.99701225280762
2025-11-26 10:03:31,99.9963720703125,34.97764587402344,92.34872291564942,34.97764587402344
2025-11-26 10:03:32,99.99701225280762,99.99701225280762,30.298606872558594,30.298606872558594
2025-11-26 10:03:33,99.9963720703125,99.9963720703125,99.99142547607421,99.99142547607421
2025-11-26 10:03:34,99.99701225280762,99.99701225280762,99.99701225280762,99.99701225280762
2025-11-26 10:03:35,99.99701225280762,99.99701225280762,99.99701225280762,99.99701225280762
2025-11-26 10:03:36,99.99701225280762,99.99701225280762,99.99701225280762,99.99701225280762
2025-11-26 10:03:37,99.9963720703125,99.9963720703125,99.9963720703125,99.9963720703125
2025-11-26 10:03:38,33.912445068359375,33.912445068359375,33.912445068359375,33.912445068359375
2025-11-26 10:03:39,41.0593147277832,41.0593147277832,40.427833557128906,40.427833557128906
2025-11-26 10:03:40,92.82955024719239,92.82955024719239,93.46038909912109,93.46038909912109
2025-11-26 10:03:41,99.99701225280762,99.99701225280762,99.99701225280762,99.99701225280762
2025-11-26 10:03:42,99.99701225280762,99.99701225280762,99.99701225280762,99.99701225280762
2025-11-26 10:03:43,99.99701225280762,99.99701225280762,30.298614501953125,30.298614501953125
2025-11-26 10:03:44,35.2738037109375,35.2738037109375,30.297836303710938,30.297836303710938
2025-11-26 10:03:45,99.99142547607421,99.99142547607421,99.99142547607421,99.99142547607421
2025-11-26 10:03:46,99.99701225280762,99.99701225280762,99.99701225280762,99.99701225280762
2025-11-26 10:03:47,99.99701225280762,99.99701225280762,99.99701225280762,99.99701225280762
2025-11-26 10:03:48,30.48419952392578,40.769859313964844,40.769859313964844,30.48419952392578
2025-11-26 10:03:49,30.469589233398438,33.481666564941406,42.740379333496094,30.469589233398438
2025-11-26 10:03:50,27.164955139160156,91.56895446777344,91.4616098022461,27.164955139160156
2025-11-26 10:03:51,32.55694580078125,32.55694580078125,99.99701225280762,99.99142547607421
2025-11-26 10:03:52,98.91415641784668,98.91415641784668,99.99701225280762,99.99701225280762
2025-11-26 10:03:53,99.99701225280762,99.99701225280762,99.99701225280762,99.99701225280762
2025-11-26 10:03:54,99.99701225280762,99.99701225280762,99.99701225280762,99.99701225280762
2025-11-26 10:03:55,99.99701225280762,99.99701225280762,99.99701225280762,99.99701225280762
2025-11-26 10:03:56,99.9963720703125,34.98755645751953,99.9963720703125,34.98755645751953
2025-11-26 10:03:57,32.137123107910156,32.137123107910156,43.215518951416016,32.353271484375
2025-11-26 10:03:58,46.13482666015625,46.35097885131836,99.97102203369141,46.13482666015625
2025-11-26 10:03:59,99.99701225280762,99.99701225280762,99.99701225280762,99.99701225280762
2025-11-26 10:04:00,99.9963720703125,99.99573181152344,99.9963720703125,99.99573181152344
2025-11-26 10:04:01,99.99701225280762,40.467857360839844,39.75800323486328,39.75800323486328
2025-11-26 10:04:02,34.97840881347656,39.756752014160156,94.63437843322754,34.97840881347656
2025-11-26 10:04:03,94.71428535461426,94.71428535461426,99.99701225280762,95.3453678894043
2025-11-26 10:04:04,99.9963720703125,99.9963720703125,30.292251586914062,30.292251586914062
2025-11-26 10:04:05,99.99701225280762,99.9963720703125,99.9963720703125,99.9963720703125
2025-11-26 10:04:06,99.9963720703125,99.9963720703125,99.99701225280762,99.9963720703125
2025-11-26 10:04:07,99.99701225280762,99.99701225280762,99.99701225280762,99.99701225280762
2025-11-26 10:04:08,99.99701225280762,99.9963720703125,99.9963720703125,99.9963720703125
2025-11-26 10:04:09,99.99701225280762,99.99701225280762,99.99701225280762,99.99701225280762
2025-11-26 10:04:10,99.99701225280762,99.99701225280762,99.99701225280762,99.99701225280762
2025-11-26 10:04:11,99.99701225280762,99.99701225280762,99.99701225280762,99.99701225280762
2025-11-26 10:04:12,99.99701225280762,99.99701225280762,99.99701225280762,99.99701225280762
2025-11-26 10:04:13,99.99701225280762,99.99701225280762,99.99701225280762,99.99701225280762
2025-11-26 10:04:14,99.99701225280762,99.99701225280762,99.99701225280762,99.99701225280762
2025-11-26 10:04:15,99.99701225280762,99.99701225280762,99.99701225280762,99.99701225280762
2025-11-26 10:04:16,99.99701225280762,99.99701225280762,99.99701225280762,99.99701225280762
2025-11-26 10:04:17,99.99701225280762,99.99701225280762,99.99701225280762,99.99701225280762
2025-11-26 10:04:18,35.27899932861328,23.951080322265625,99.99701225280762,23.951080322265625
2025-11-26 10:04:19,35.652366638183594,39.45048522949219,99.99701225280762,35.652366638183594
2025-11-26 10:04:20,46.045021057128906,34.52278137207031,34.52154541015625,34.52154541015625
2025-11-26 10:04:21,84.9593000793457,84.9593000793457,99.9855110168457,85.62399482727051
2025-11-26 10:04:22,31.484710693359375,31.484710693359375,99.99701225280762,99.99701225280762
2025-11-26 10:04:23,38.8228645324707,38.8228645324707,99.99701225280762,38.99716567993164
2025-11-26 10:04:24,94.69299743652344,95.0772566986084,99.99701225280762,94.69299743652344
2025-11-26 10:04:25,99.99701225280762,99.99669212341308,99.99669212341308,99.99669212341308
2025-11-26 10:04:26,99.9963720703125,34.977783203125,99.99605194091797,34.977783203125
2025-11-26 10:04:27,99.99701225280762,99.99701225280762,99.99701225280762,99.99701225280762
2025-11-26 10:04:28,99.9963720703125,99.9963720703125,30.297828674316406,30.297828674316406
2025-11-26 10:04:29,35.66636657714844,99.99701225280762,99.99142547607421,35.66636657714844
2025-11-26 10:04:30,99.98722587585449,99.99701225280762,30.29846954345703,30.29846954345703
2025-11-26 10:04:31,99.9963720703125,99.9963720703125,99.99144073486327,99.99144073486327
2025-11-26 10:04:32,99.99701225280762,99.99701225280762,99.99701225280762,99.99701225280762
2025-11-26 10:04:33,99.99701225280762,99.99701225280762,99.99701225280762,99.99701225280762
2025-11-26 10:04:34,35.10591125488281,35.10591125488281,42.051368713378906,35.10591125488281
2025-11-26 10:04:35,32.879005432128906,32.879005432128906,30.29846954345703,30.29846954345703
2025-11-26 10:04:36,39.140403747558594,39.140403747558594,40.04897689819336,40.04897689819336
2025-11-26 10:04:37,93.24154518127442,93.24154518127442,93.85031127929688,93.85031127929688
2025-11-26 10:04:38,99.99701225280762,99.99701225280762,99.99701225280762,99.99701225280762
2025-11-26 10:04:39,30.48419952392578,42.58359909057617,42.7581672668457,30.48419952392578
2025-11-26 10:04:40,93.07345489501954,93.07345489501954,92.89760498046876,92.89760498046876
2025-11-26 10:04:41,41.77244567871094,42.437137603759766,99.99701225280762,41.77244567871094
2025-11-26 10:04:42,25.983741760253906,25.983741760253906,33.908233642578125,33.908233642578125
2025-11-26 10:04:43,99.9903889465332,99.9903889465332,99.99142547607421,99.99142547607421
2025-11-26 10:04:44,99.99701225280762,99.99701225280762,99.99701225280762,99.99701225280762
2025-11-26 10:04:45,99.99701225280762,99.99701225280762,99.99701225280762,99.99701225280762
2025-11-26 10:04:46,34.9840087890625,99.99701225280762,99.99701225280762,34.9840087890625
2025-11-26 10:04:47,34.51042938232422,34.51807403564453,34.51848602294922,34.51042938232422
2025-11-26 10:04:48,99.98467262268066,99.98467262268066,99.9842610168457,99.9842610168457
2025-11-26 10:04:49,99.9963720703125,99.9963720703125,99.9963720703125,99.9963720703125
2025-11-26 10:04:50,30.47998046875,36.92027282714844,99.99701225280762,30.47998046875
2025-11-26 10:04:51,96.08737037658692,-16.039024353027344,-16.039024353027344,41.512664794921875
2025-11-26 10:04:52,41.1553840637207,40.601558685302734,94.17291069030762,40.601558685302734
2025-11-26 10:04:53,93.35290718078613,28.897918701171875,99.99701225280762,28.897918701171875
2025-11-26 10:04:54,99.9963720703125,99.98722587585449,99.99701225280762,99.98722587585449
2025-11-26 10:04:55,99.99626533508301,99.99626533508301,99.9963720703125,99.9963720703125
2025-11-26 10:04:56,99.99701225280762,99.99701225280762,99.99701225280762,99.99701225280762
2025-11-26 10:04:57,99.99701225280762,99.99626533508301,99.99701225280762,99.99626533508301
2025-11-26 10:04:58,99.99701225280762,99.99701225280762,99.99701225280762,99.99701225280762
2025-11-26 10:04:59,99.9963720703125,99.9963720703125,99.9963720703125,99.9963720703125
2025-11-26 10:05:00,99.99701225280762,99.99701225280762,99.99701225280762,99.99701225280762
2025-11-26 10:05:01,99.99701225280762,99.99701225280762,99.99701225280762,99.99701225280762
2025-11-26 10:05:02,99.99701225280762,99.99701225280762,99.99701225280762,99.99701225280762
2025-11-26 10:05:03,99.9963720703125,99.9963720703125,99.99701225280762,99.9963720703125
2025-11-26 10:05:04,99.99701225280762,99.99626533508301,99.99626533508301,99.99701225280762
2025-11-26 10:05:05,34.978424072265625,99.99701225280762,99.99701225280762,34.978424072265625
2025-11-26 10:05:06,99.99701225280762,99.99701225280762,99.99626533508301,99.99626533508301
2025-11-26 10:05:07,99.99701225280762,99.99701225280762,99.99626533508301,99.99626533508301
2025-11-26 10:05:08,99.99701225280762,99.99701225280762,99.99701225280762,99.99701225280762
2025-11-26 10:05:09,99.99701225280762,99.99701225280762,99.99701225280762,99.99701225280762
2025-11-26 10:05:10,99.99701225280762,99.99626533508301,99.99669212341308,99.99626533508301
2025-11-26 10:05:11,99.9963720703125,99.99605194091797,99.99605194091797,99.9963720703125
2025-11-26 10:05:12,99.99626533508301,99.99701225280762,99.99701225280762,99.99626533508301
2025-11-26 10:05:13,99.99701225280762,99.9963720703125,99.9963720703125,99.9963720703125
2025-11-26 10:05:14,99.99701225280762,99.99701225280762,99.99701225280762,99.99701225280762
2025-11-26 10:05:15,46.75128936767578,47.63684844970703,99.99626533508301,46.75128936767578
2025-11-26 10:05:16,31.155494689941406,31.155494689941406,99.99701225280762,31.98297882080078
2025-11-26 10:05:17,86.63336181640625,87.01687332153321,99.9955184173584,86.63336181640625
2025-11-26 10:05:18,31.989349365234375,31.989349365234375,99.99701225280762,99.99701225280762
2025-11-26 10:05:19,38.746585845947266,38.746585845947266,99.99701225280762,39.4242057800293
2025-11-26 10:05:20,95.24693298339844,95.08307220458984,99.9955184173584,95.08307220458984
2025-11-26 10:05:21,35.66636657714844,99.99669212341308,99.99669212341308,35.66636657714844
2025-11-26 10:05:22,99.98583114624023,34.977447509765625,99.9963720703125,34.977447509765625
2025-11-26 10:05:23,99.99701225280762,39.29338455200195,30.292724609375,30.292724609375
2025-11-26 10:05:24,99.99701225280762,99.98775184631347,99.98775184631347,99.98775184631347
2025-11-26 10:05:25,99.99701225280762,99.99701225280762,99.99701225280762,99.99701225280762
2025-11-26 10:05:26,99.99626533508301,99.99626533508301,99.99701225280762,99.99701225280762
2025-11-26 10:05:27,99.99701225280762,99.99701225280762,99.99701225280762,99.99701225280762
2025-11-26 10:05:28,99.99701225280762,99.99701225280762,99.99701225280762,99.99701225280762
2025-11-26 10:05:29,99.99701225280762,99.99701225280762,30.29845428466797,30.29845428466797
2025-11-26 10:05:30,99.99701225280762,99.99701225280762,99.99143310546874,99.99143310546874
2025-11-26 10:05:31,99.99701225280762,99.99701225280762,30.298583984375,30.298583984375
2025-11-26 10:05:32,35.11011505126953,35.11011505126953,99.99131118774415,35.11011505126953
2025-11-26 10:05:33,35.65171813964844,40.45505142211914,39.84605026245117,35.65171813964844
2025-11-26 10:05:34,31.15534210205078,31.15534210205078,31.132896423339844,31.132896423339844
2025-11-26 10:05:35,40.67167663574219,41.41123962402344,30.228775024414062,30.228775024414062
2025-11-26 10:05:36,91.67124938964844,91.67124938964844,91.56393432617188,91.56393432617188
2025-11-26 10:05:37,32.880897521972656,32.880897521972656,99.99701225280762,99.99701225280762
2025-11-26 10:05:38,35.27391052246094,35.27391052246094,99.99701225280762,35.27391052246094
2025-11-26 10:05:39,99.99141029357911,99.99141029357911,99.99701225280762,99.99141029357911
2025-11-26 10:05:40,37.434452056884766,37.434452056884766,99.99701225280762,37.541690826416016
2025-11-26 10:05:41,96.96584846496582,97.073833694458,99.9955184173584,96.96584846496582
2025-11-26 10:05:42,99.99701225280762,99.99701225280762,99.99701225280762,99.99701225280762
2025-11-26 10:05:43,42.046630859375,41.383323669433594,99.99669212341308,41.46107864379883
2025-11-26 10:05:44,92.46071006774902,92.46071006774902,99.99669212341308,93.0469002532959
2025-11-26 10:05:45,30.48419952392578,99.99701225280762,99.99701225280762,30.48419952392578
2025-11-26 10:05:46,99.98723350524902,99.9963720703125,99.9963720703125,99.98723350524902
2025-11-26 10:05:47,30.47998809814453,99.99701225280762,99.99701225280762,30.47998809814453
2025-11-26 10:05:48,42.273468017578125,42.939308166503906,99.9963720703125,42.273468017578125
2025-11-26 10:05:49,91.56944274902344,91.56944274902344,99.99701225280762,92.23464057922364
2025-11-26 10:05:50,99.99701225280762,99.99701225280762,99.99701225280762,99.99701225280762
2025-11-26 10:05:51,99.99701225280762,99.99701225280762,99.99701225280762,99.99701225280762
2025-11-26 10:05:52,99.9963720703125,41.768924713134766,41.048648834228516,41.048648834228516
2025-11-26 10:05:53,99.99701225280762,34.29340362548828,34.29340362548828,93.45909355163575
2025-11-26 10:05:54,99.99626533508301,34.987449645996094,92.34871528625489,34.987449645996094
2025-11-26 10:05:55,99.99701225280762,99.98724113464355,99.99669212341308,99.98724113464355
2025-11-26 10:05:56,33.90864562988281,33.90864562988281,33.907936096191406,33.907936096191406
2025-11-26 10:05:57,99.99040420532226,99.99040420532226,99.99144073486327,99.99143310546874
2025-11-26 10:05:58,34.97840118408203,99.99701225280762,99.99701225280762,34.97840118408203
2025-11-26 10:05:59,99.99701225280762,99.99701225280762,99.99701225280762,99.99701225280762
2025-11-26 10:06:00,99.99701225280762,99.99701225280762,99.99701225280762,99.99701225280762
2025-11-26 10:06:01,99.99701225280762,99.99701225280762,99.99701225280762,99.99701225280762
2025-11-26 10:06:02,99.99701225280762,99.99701225280762,99.99701225280762,99.99701225280762
2025-11-26 10:06:03,99.99701225280762,99.99701225280762,99.99701225280762,99.99701225280762
2025-11-26 10:06:04,99.99701225280762,99.99701225280762,99.99701225280762,99.99701225280762
2025-11-26 10:06:05,99.99701225280762,99.99701225280762,99.99701225280762,99.99701225280762
2025-11-26 10:06:06,99.99669212341308,99.99669212341308,99.99701225280762,99.99669212341308
2025-11-26 10:06:07,40.05491638183594,40.05491638183594,99.9963720703125,40.16175079345703
2025-11-26 10:06:08,95.04699851989746,94.94016410827636,99.99701225280762,94.94091079711914
2025-11-26 10:06:09,99.9963720703125,99.9963720703125,99.99701225280762,99.9963720703125
2025-11-26 10:06:10,99.99701225280762,99.99701225280762,99.99701225280762,99.99701225280762
2025-11-26 10:06:11,19.88378143310547,84.16078186035156,99.99701225280762,19.88378143310547
2025-11-26 10:06:12,47.712547302246094,47.843719482421875,99.99701225280762,47.712547302246094
2025-11-26 10:06:13,99.99701225280762,99.99701225280762,99.99701225280762,99.99701225280762
2025-11-26 10:06:14,99.99701225280762,99.99701225280762,99.99701225280762,99.99701225280762
2025-11-26 10:06:15,99.9963720703125,99.9963720703125,99.9963720703125,99.9963720703125
2025-11-26 10:06:16,99.99701225280762,99.99701225280762,99.99701225280762,99.99701225280762
2025-11-26 10:06:17,99.99701225280762,99.99701225280762,99.99701225280762,99.99701225280762
2025-11-26 10:06:18,99.99701225280762,99.99701225280762,99.99701225280762,99.99701225280762
2025-11-26 10:06:19,99.9963720703125,99.99573181152344,99.99573181152344,99.9963720703125
2025-11-26 10:06:20,35.36174011230469,35.36174011230469,99.99701225280762,35.54789733886719
2025-11-26 10:06:21,32.79558563232422,32.79558563232422,30.29845428466797,30.29845428466797
2025-11-26 10:06:22,72.1372299194336,72.1372299194336,13.2196044921875,13.2196044921875
2025-11-26 10:06:23,-15.572135925292969,-15.572135925292969,-24.160011291503906,-24.160011291503906
2025-11-26 10:06:24,99.99142547607421,99.99142547607421,99.99142547607421,99.99142547607421
2025-11-26 10:06:25,99.99701225280762,99.99701225280762,99.99254592895508,99.99254592895508
2025-11-26 10:06:26,46.86178970336914,47.74721145629883,30.297332763671875,30.297332763671875
2025-11-26 10:06:27,18.693519592285156,-36.54978942871094,99.99701225280762,-36.54978942871094
2025-11-26 10:06:28,99.98721069335937,35.249732971191406,35.249732971191406,35.35803985595703
2025-11-26 10:06:29,32.378623962402344,32.378623962402344,29.451698303222656,29.451698303222656
2025-11-26 10:06:30,99.0921477508545,99.0921477508545,99.99144073486327,99.99144073486327
2025-11-26 10:06:31,99.99701225280762,99.99701225280762,99.99701225280762,99.99701225280762
2025-11-26 10:06:32,34.52116394042969,34.52116394042969,34.520538330078125,34.520538330078125
2025-11-26 10:06:33,99.76214736938476,99.98141052246093,99.98267570495605,99.76214736938476
2025-11-26 10:06:34,99.99701225280762,99.99701225280762,99.99701225280762,99.99701225280762
2025-11-26 10:06:35,30.48419952392578,41.80544662475586,41.14131546020508,30.48419952392578
2025-11-26 10:06:36,99.98723350524902,97.58864639282227,97.58864639282227,98.25277709960938
2025-11-26 10:06:37,99.99701225280762,99.99701225280762,99.99701225280762,99.99701225280762
2025-11-26 10:06:38,99.99701225280762,99.99701225280762,99.99701225280762,99.99701225280762
2025-11-26 10:06:39,99.99701225280762,99.99701225280762,99.99701225280762,99.99701225280762
2025-11-26 10:06:40,43.6677360534668,44.38811492919922,99.99669212341308,43.6677360534668
2025-11-26 10:06:41,30.48291778564453,90.11939239501953,99.99573181152344,30.48291778564453
2025-11-26 10:06:42,48.698036193847656,4.01025390625,40.02313232421875,4.01025390625
2025-11-26 10:06:43,74.5593147277832,8.551338195800781,94.91361000061035,8.551338195800781
2025-11-26 10:06:44,99.99701225280762,94.35764739990235,99.99701225280762,94.35764739990235
2025-11-26 10:06:45,99.99701225280762,99.99701225280762,99.99701225280762,99.99701225280762
2025-11-26 10:06:46,99.99701225280762,99.99701225280762,99.99701225280762,99.99701225280762
2025-11-26 10:06:47,99.99701225280762,99.99701225280762,99.99701225280762,99.99701225280762
2025-11-26 10:06:48,99.99701225280762,99.99701225280762,99.99701225280762,99.99701225280762
2025-11-26 10:06:49,34.978424072265625,99.99701225280762,99.99701225280762,34.978424072265625
2025-11-26 10:06:50,99.99701225280762,99.99701225280762,99.99701225280762,99.99701225280762
2025-11-26 10:06:51,33.91212463378906,33.91212463378906,33.91194152832031,33.91194152832031
2025-11-26 10:06:52,99.98692863464356,99.98692863464356,99.98711158752441,99.98711158752441
2025-11-26 10:06:53,99.99701225280762,99.99701225280762,99.99701225280762,99.99701225280762
2025-11-26 10:06:54,99.99701225280762,99.99701225280762,99.99701225280762,99.99701225280762
2025-11-26 10:06:55,99.99701225280762,99.99701225280762,99.99701225280762,99.99701225280762
2025-11-26 10:06:56,99.99701225280762,99.99701225280762,99.99701225280762,99.99701225280762
2025-11-26 10:06:57,34.9840087890625,40.91359329223633,99.99701225280762,34.9840087890625
2025-11-26 10:06:58,94.18814659118652,94.07979537963867,99.99701225280762,94.07979537963867
2025-11-26 10:06:59,99.99701225280762,99.99701225280762,99.99701225280762,99.99701225280762
2025-11-26 10:07:00,99.99701225280762,99.99701225280762,99.99701225280762,99.99701225280762
2025-11-26 10:07:01,99.99701225280762,99.99701225280762,99.99701225280762,99.99701225280762
2025-11-26 10:07:02,99.99701225280762,99.99701225280762,99.99701225280762,99.99701225280762
2025-11-26 10:07:03,99.99701225280762,41.772945404052734,41.772945404052734,99.99701225280762
2025-11-26 10:07:04,99.9963720703125,92.1260986328125,92.1260986328125,99.9963720703125
2025-11-26 10:07:05,99.99701225280762,99.99701225280762,99.99701225280762,99.99701225280762
2025-11-26 10:07:06,99.9963720703125,99.9963720703125,99.9963720703125,99.9963720703125
2025-11-26 10:07:07,99.99701225280762,99.99701225280762,99.99701225280762,99.99701225280762
2025-11-26 10:07:08,99.9963720703125,99.9963720703125,99.9963720703125,99.9963720703125
2025-11-26 10:07:09,99.99701225280762,99.99701225280762,99.99701225280762,99.99701225280762
2025-11-26 10:07:10,99.99701225280762,99.99701225280762,99.99701225280762,99.99701225280762
2025-11-26 10:07:11,99.9963720703125,99.9963720703125,30.30266571044922,30.30266571044922
2025-11-26 10:07:12,99.99701225280762,99.99701225280762,99.98711158752441,99.98711158752441
2025-11-26 10:07:13,35.66636657714844,99.99669212341308,99.99669212341308,35.66636657714844
2025-11-26 10:07:14,99.98721069335937,99.99669212341308,99.99669212341308,99.98721069335937
2025-11-26 10:07:15,99.99701225280762,34.978416442871094,99.99701225280762,34.978416442871094
2025-11-26 10:07:16,99.99701225280762,99.99701225280762,99.99701225280762,99.99701225280762
2025-11-26 10:07:17,99.99701225280762,99.99701225280762,99.99701225280762,99.99701225280762
2025-11-26 10:07:18,99.99701225280762,99.99701225280762,99.99701225280762,99.99701225280762
2025-11-26 10:07:19,34.094085693359375,34.094085693359375,30.30266571044922,30.30266571044922
2025-11-26 10:07:20,-19.663192749023438,-19.663192749023438,-17.511314392089844,-17.511314392089844
2025-11-26 10:07:21,36.80936813354492,36.80936813354492,94.32328842163086,42.21633529663086
2025-11-26 10:07:22,-26.978912353515625,15.221282958984375,30.227622985839844,-26.978912353515625
2025-11-26 10:07:23,-1.1221694946289062,66.81111145019531,30.287376403808594,-1.1221694946289062
2025-11-26 10:07:24,5.979225158691406,26.930442810058594,87.19385147094727,5.979225158691406
2025-11-26 10:07:25,6.56890869140625,8.00067138671875,59.507198333740234,6.56890869140625
2025-11-26 10:07:26,20.21172332763672,35.27276611328125,85.76406005859374,20.21172332763672
2025-11-26 10:07:27,99.99142547607421,99.99092247009277,99.9963720703125,99.99092247009277
2025-11-26 10:07:28,99.99701225280762,99.99701225280762,99.99701225280762,99.99701225280762
2025-11-26 10:07:29,99.99701225280762,99.99701225280762,99.99701225280762,99.99701225280762
2025-11-26 10:07:30,99.99701225280762,99.99701225280762,99.99701225280762,99.99701225280762
2025-11-26 10:07:31,99.99701225280762,99.99701225280762,99.99701225280762,99.99701225280762
2025-11-26 10:07:32,99.99701225280762,99.99701225280762,99.99701225280762,99.99701225280762
2025-11-26 10:07:33,99.99701225280762,99.99701225280762,99.99701225280762,99.99701225280762
2025-11-26 10:07:34,99.99701225280762,99.99701225280762,99.99701225280762,99.99701225280762
2025-11-26 10:07:35,32.77949523925781,32.77949523925781,99.9963720703125,99.9963720703125
2025-11-26 10:07:36,98.69150161743164,42.4732666015625,41.75288772583008,41.75288772583008
2025-11-26 10:07:37,34.97840881347656,92.62784004211426,92.62784004211426,34.97840881347656
2025-11-26 10:07:38,99.99701225280762,99.99701225280762,99.99701225280762,99.99701225280762
2025-11-26 10:07:39,42.52894973754883,41.8642578125,99.99701225280762,41.8642578125
2025-11-26 10:07:40,92.57318450927734,39.765785217285156,39.765785217285156,93.23787925720215
2025-11-26 10:07:41,99.99701225280762,94.13375,94.13375,99.99701225280762
2025-11-26 10:07:42,30.48419952392578,99.99701225280762,99.99701225280762,30.48419952392578
2025-11-26 10:07:43,99.98660095214844,99.9963720703125,99.9963720703125,99.98660095214844
2025-11-26 10:07:44,99.9963720703125,99.9963720703125,99.99701225280762,99.9963720703125
2025-11-26 10:07:45,99.99701225280762,99.99701225280762,99.99701225280762,99.99701225280762
2025-11-26 10:07:46,99.99701225280762,35.157432556152344,99.99701225280762,35.157432556152344
2025-11-26 10:07:47,30.48419952392578,99.81799209594726,99.99701225280762,30.48419952392578
2025-11-26 10:07:48,33.912445068359375,33.912445068359375,33.91194152832031,33.91194152832031
2025-11-26 10:07:49,99.98661613464355,99.98661613464355,99.98775939941406,99.98775939941406
2025-11-26 10:07:50,99.99701225280762,99.99701225280762,99.99701225280762,99.99701225280762
2025-11-26 10:07:51,99.99701225280762,99.99701225280762,99.99701225280762,99.99701225280762
2025-11-26 10:07:52,99.99701225280762,99.99701225280762,99.99701225280762,99.99701225280762
2025-11-26 10:07:53,99.99701225280762,99.99701225280762,99.99701225280762,99.99701225280762
2025-11-26 10:07:54,99.99701225280762,99.99701225280762,99.99701225280762,99.99701225280762
2025-11-26 10:07:55,99.99701225280762,99.99701225280762,99.99701225280762,99.99701225280762
2025-11-26 10:07:56,99.99701225280762,99.9963720703125,99.9963720703125,99.9963720703125
2025-11-26 10:07:57,99.99701225280762,99.99701225280762,99.99701225280762,99.99701225280762
2025-11-26 10:07:58,99.99669212341308,99.99669212341308,99.99701225280762,99.99669212341308
2025-11-26 10:07:59,99.99669212341308,99.9963720703125,99.9963720703125,99.99669212341308
2025-11-26 10:08:00,99.99701225280762,99.99701225280762,99.99701225280762,99.99701225280762
2025-11-26 10:08:01,99.9963720703125,99.9963720703125,99.9963720703125,99.9963720703125
2025-11-26 10:08:02,41.04552459716797,41.04552459716797,99.99701225280762,41.152870178222656
2025-11-26 10:08:03,93.4632625579834,93.35591743469239,99.99701225280762,93.35591743469239
2025-11-26 10:08:04,99.99701225280762,99.99701225280762,99.99701225280762,99.99701225280762
2025-11-26 10:08:05,34.987693786621094,99.99701225280762,99.99701225280762,34.987693786621094
2025-11-26 10:08:06,99.98771369934082,99.99701225280762,99.99701225280762,99.98771369934082
2025-11-26 10:08:07,99.99701225280762,99.99701225280762,30.30266571044922,30.30266571044922
2025-11-26 10:08:08,99.99701225280762,99.99701225280762,99.98732498168945,99.98732498168945
2025-11-26 10:08:09,99.99701225280762,99.99701225280762,99.99701225280762,99.99701225280762
2025-11-26 10:08:10,99.99701225280762,99.99701225280762,99.99701225280762,99.99701225280762
2025-11-26 10:08:11,99.9963720703125,43.06509780883789,43.06509780883789,99.9963720703125
2025-11-26 10:08:12,99.9963720703125,90.83345413208008,90.83345413208008,99.9963720703125
2025-11-26 10:08:13,99.99701225280762,99.99701225280762,99.99701225280762,99.99701225280762
2025-11-26 10:08:14,99.99701225280762,99.9963720703125,99.9963720703125,99.9963720703125
2025-11-26 10:08:15,35.66636657714844,99.99701225280762,99.99701225280762,35.66636657714844
2025-11-26 10:08:16,99.98734786987305,99.99701225280762,30.29846954345703,30.29846954345703
2025-11-26 10:08:17,39.93219757080078,39.93219757080078,39.26763916015625,39.26763916015625
2025-11-26 10:08:18,18.694923400878906,18.694923400878906,30.29846954345703,30.29846954345703
2025-11-26 10:08:19,38.081668853759766,38.081668853759766,99.99141029357911,40.09980773925781
2025-11-26 10:08:20,99.9963720703125,99.9963720703125,99.9963720703125,99.9963720703125
2025-11-26 10:08:21,36.36415481567383,34.983612060546875,99.99701225280762,34.983612060546875
2025-11-26 10:08:22,97.980542678833,98.14398399353027,99.9963720703125,97.980542678833
2025-11-26 10:08:23,35.662330627441406,99.99701225280762,99.99254592895508,35.662330627441406
2025-11-26 10:08:24,38.985923767089844,38.985923767089844,30.29736328125,30.29736328125
2025-11-26 10:08:25,99.98720306396484,99.98720306396484,99.99701225280762,99.99701225280762
2025-11-26 10:08:26,37.32899475097656,37.32899475097656,99.99701225280762,37.526187896728516
2025-11-26 10:08:27,96.08658554077148,96.58244277954101,99.99701225280762,96.08658554077148
2025-11-26 10:08:28,40.28887939453125,40.93214416503906,99.9963720703125,40.28887939453125
2025-11-26 10:08:29,36.6102409362793,36.6102409362793,99.9963720703125,42.36592102050781
2025-11-26 10:08:30,33.59369659423828,33.59369659423828,41.626426696777344,40.85438537597656
2025-11-26 10:08:31,-37.09519958496094,-30.225616455078125,92.57630157470703,-37.09519958496094
2025-11-26 10:08:32,99.76308479309083,99.5421753692627,99.99701225280762,99.54176376342774
2025-11-26 10:08:33,99.99701225280762,19.724899291992188,19.110458374023438,19.110458374023438
2025-11-26 10:08:34,99.9963720703125,44.954078674316406,44.954078674316406,45.56915283203125
2025-11-26 10:08:35,99.99701225280762,99.99701225280762,99.99701225280762,99.99701225280762
2025-11-26 10:08:36,23.046966552734375,23.046966552734375,22.957672119140625,22.957672119140625
2025-11-26 10:08:37,45.26470184326172,45.43063735961914,45.51993179321289,45.26470184326172
2025-11-26 10:08:38,99.99701225280762,99.99701225280762,99.99701225280762,99.99701225280762
2025-11-26 10:08:39,99.99701225280762,99.99701225280762,99.99701225280762,99.99701225280762
2025-11-26 10:08:40,34.97840118408203,39.54304504394531,39.54304504394531,34.97840118408203
2025-11-26 10:08:41,99.99701225280762,94.35646583557129,94.35646583557129,99.99701225280762
2025-11-26 10:08:42,99.99701225280762,99.99701225280762,99.99701225280762,99.99701225280762
2025-11-26 10:08:43,99.99669212341308,99.99669212341308,99.99701225280762,99.99669212341308
2025-11-26 10:08:44,99.99669212341308,99.9963720703125,99.9963720703125,99.99669212341308
2025-11-26 10:08:45,30.48419952392578,99.99701225280762,99.99701225280762,30.48419952392578
2025-11-26 10:08:46,99.98671524047852,99.99701225280762,99.99701225280762,99.98671524047852
2025-11-26 10:08:47,30.485435485839844,99.99701225280762,99.99701225280762,30.485435485839844
2025-11-26 10:08:48,99.9859912109375,35.88078308105469,99.99701225280762,35.88078308105469
2025-11-26 10:08:49,99.99701225280762,99.09465530395508,99.99701225280762,99.09465530395508
2025-11-26 10:08:50,99.9963720703125,99.9963720703125,99.99701225280762,99.9963720703125
2025-11-26 10:08:51,99.99701225280762,99.99701225280762,99.99701225280762,99.99701225280762
2025-11-26 10:08:52,99.99701225280762,99.99701225280762,99.99701225280762,99.99701225280762
2025-11-26 10:08:53,99.99701225280762,99.99701225280762,99.99701225280762,99.99701225280762
2025-11-26 10:08:54,99.9963720703125,99.9963720703125,99.9963720703125,99.9963720703125
2025-11-26 10:08:55,99.99701225280762,99.99701225280762,99.99701225280762,99.99701225280762
2025-11-26 10:08:56,99.9963720703125,99.99573181152344,99.9963720703125,99.99573181152344
2025-11-26 10:08:57,99.99701225280762,99.99701225280762,99.99701225280762,99.99701225280762
2025-11-26 10:08:58,99.99701225280762,99.99701225280762,99.99701225280762,99.99701225280762
2025-11-26 10:08:59,99.99701225280762,99.99701225280762,99.99701225280762,99.99701225280762
2025-11-26 10:09:00,99.99701225280762,99.99701225280762,99.99701225280762,99.99701225280762
2025-11-26 10:09:01,34.988197326660156,99.9963720703125,99.9963720703125,34.988197326660156
2025-11-26 10:09:02,41.88065719604492,41.88065719604492,99.9963720703125,42.04432678222656
2025-11-26 10:09:03,92.62748191833496,92.4644522857666,99.99701225280762,92.4644522857666
2025-11-26 10:09:04,99.99701225280762,99.99701225280762,30.298606872558594,30.298606872558594
2025-11-26 10:09:05,99.99701225280762,99.99701225280762,99.98722587585449,99.98722587585449
2025-11-26 10:09:06,99.99701225280762,99.99701225280762,99.99254592895508,99.99254592895508
2025-11-26 10:09:07,99.9963720703125,99.9963720703125,30.297340393066406,30.297340393066406
2025-11-26 10:09:08,35.66636657714844,99.99701225280762,99.99701225280762,35.66636657714844
2025-11-26 10:09:09,99.98721069335937,99.99701225280762,99.99701225280762,99.98721069335937
2025-11-26 10:09:10,99.99701225280762,99.99701225280762,99.99701225280762,99.99701225280762
2025-11-26 10:09:11,99.99701225280762,99.99701225280762,99.99701225280762,99.99701225280762
2025-11-26 10:09:12,-8.945289611816406,-8.945289611816406,39.437713623046875,39.437713623046875
2025-11-26 10:09:13,78.60231399536133,78.60231399536133,94.46195129394532,86.03364181518555
2025-11-26 10:09:14,33.491722106933594,33.491722106933594,99.99701225280762,99.99701225280762
2025-11-26 10:09:15,97.8671078491211,97.8671078491211,99.99701225280762,99.99701225280762
2025-11-26 10:09:16,99.99700927734375,34.918983459472656,99.99700927734375,34.918983459472656
2025-11-26 10:09:17,34.98699951171875,34.98699951171875,99.99700927734375,99.9914321899414
2025-11-26 10:09:18,96.4192147064209,96.4192147064209,99.99701225280762,99.99701225280762
2025-11-26 10:09:19,99.99636840820312,43.10859680175781,43.10859680175781,99.99636840820312
2025-11-26 10:09:20,20.5369873046875,20.742080688476562,90.72431945800781,20.5369873046875
2025-11-26 10:09:21,48.787044525146484,48.787044525146484,99.9963720703125,48.99129104614258
2025-11-26 10:09:22,99.9963720703125,99.9963720703125,99.99701225280762,99.9963720703125
2025-11-26 10:09:23,35.59782409667969,99.99700927734375,99.99700927734375,35.59782409667969
2025-11-26 10:09:24,99.99142456054688,99.99700927734375,99.99700927734375,99.99142456054688
2025-11-26 10:09:25,99.99701225280762,99.99701225280762,99.99701225280762,99.99701225280762
2025-11-26 10:09:26,99.99701225280762,99.99701225280762,99.99701225280762,99.99701225280762
2025-11-26 10:09:27,21.194747924804688,35.27379608154297,99.99701225280762,21.194747924804688
2025-11-26 10:09:28,45.57443618774414,45.685035705566406,30.30266571044922,30.30266571044922
2025-11-26 10:09:29,99.99669212341308,99.9963720703125,99.98710395812988,99.98710395812988
2025-11-26 10:09:30,99.99701225280762,25.186477661132812,25.018417358398438,25.018417358398438
2025-11-26 10:09:31,99.99701225280762,39.49549102783203,39.49549102783203,39.663551330566406
2025-11-26 10:09:32,99.99701225280762,99.99701225280762,99.99701225280762,99.99701225280762
2025-11-26 10:09:33,43.272911071777344,42.66326141357422,99.9963720703125,42.66326141357422
2025-11-26 10:09:34,25.151283264160156,25.151283264160156,33.912445068359375,33.912445068359375
2025-11-26 10:09:35,99.98719024658203,99.98719024658203,99.9865493774414,99.9865493774414
2025-11-26 10:09:36,99.99700927734375,99.99700927734375,99.99700927734375,99.99700927734375
2025-11-26 10:09:37,35.04103088378906,35.04103088378906,99.99700927734375,35.04103088378906
2025-11-26 10:09:38,99.99141693115234,34.91759490966797,99.99700927734375,34.91759490966797
2025-11-26 10:09:39,41.85721206665039,42.466224670410156,42.518890380859375,41.85721206665039
2025-11-26 10:09:40,91.7365121459961,91.7365121459961,91.68384552001953,91.68384552001953
2025-11-26 10:09:41,99.99701225280762,99.99701225280762,99.99701225280762,99.99701225280762
2025-11-26 10:09:42,99.99701225280762,99.99701225280762,99.99701225280762,99.99701225280762
2025-11-26 10:09:43,34.97840118408203,99.99701225280762,99.99701225280762,34.97840118408203
2025-11-26 10:09:44,30.48419952392578,99.99701225280762,99.99701225280762,30.48419952392578
2025-11-26 10:09:45,99.98721069335937,99.99701225280762,99.99701225280762,99.98721069335937
2025-11-26 10:09:46,99.99701225280762,40.769615173339844,40.769615173339844,99.99701225280762
2025-11-26 10:09:47,99.99626533508301,93.1294059753418,93.1294059753418,99.9963720703125
2025-11-26 10:09:48,35.13365173339844,35.13365173339844,34.5240478515625,34.5240478515625
2025-11-26 10:09:49,99.15059150695801,99.36944313049317,99.97904777526855,99.15059150695801
2025-11-26 10:09:50,30.620323181152344,99.99701225280762,99.99701225280762,30.620323181152344
2025-11-26 10:09:51,99.85110107421875,99.99701225280762,99.99701225280762,99.85110107421875
2025-11-26 10:09:52,99.99701225280762,99.99701225280762,99.99701225280762,99.99701225280762
2025-11-26 10:09:53,42.9404182434082,42.9404182434082,99.99701225280762,43.048160552978516
2025-11-26 10:09:54,91.56769752502441,91.46059608459473,99.99701225280762,91.46059608459473
2025-11-26 10:09:55,99.99701225280762,99.99701225280762,99.99701225280762,99.99701225280762
2025-11-26 10:09:56,39.743064880371094,39.743064880371094,39.13469314575195,39.13469314575195
2025-11-26 10:09:57,34.988197326660156,95.19329833984375,95.8023085784912,34.988197326660156
2025-11-26 10:09:58,99.98658569335937,99.9963720703125,30.297828674316406,30.297828674316406
2025-11-26 10:09:59,99.99701225280762,99.99701225280762,99.9879956817627,99.9879956817627
2025-11-26 10:10:00,99.99701225280762,99.99701225280762,30.29645538330078,30.29645538330078
2025-11-26 10:10:01,99.99669212341308,99.99669212341308,30.298484802246094,30.298484802246094
2025-11-26 10:10:02,99.99669212341308,99.99669212341308,99.99129592895508,99.99129592895508
2025-11-26 10:10:03,99.99701225280762,99.99701225280762,99.99701225280762,99.99701225280762
2025-11-26 10:10:04,99.9963720703125,99.9963720703125,99.9963720703125,99.9963720703125
2025-11-26 10:10:05,99.99701225280762,99.99701225280762,99.99701225280762,99.99701225280762
2025-11-26 10:10:06,36.06021499633789,99.99701225280762,99.99701225280762,36.06021499633789
2025-11-26 10:10:07,99.37287292480468,99.99701225280762,99.99701225280762,99.37287292480468
2025-11-26 10:10:08,99.99701225280762,99.99701225280762,99.99701225280762,99.99701225280762
2025-11-26 10:10:09,99.99701225280762,43.47810363769531,43.47810363769531,99.99701225280762
2025-11-26 10:10:10,35.66151428222656,90.42142105102539,90.42142105102539,35.66151428222656
2025-11-26 10:10:11,99.99142547607421,99.99701225280762,99.99701225280762,99.99142547607421
2025-11-26 10:10:12,99.99701225280762,99.99701225280762,99.99701225280762,99.99701225280762
2025-11-26 10:10:13,49.65005111694336,50.47928237915039,99.99701225280762,49.65005111694336
2025-11-26 10:10:14,83.4321403503418,83.4321403503418,99.99701225280762,84.15201660156251
2025-11-26 10:10:15,38.985923767089844,38.985923767089844,99.99701225280762,99.99701225280762
2025-11-26 10:10:16,99.98722587585449,99.98722587585449,99.99701225280762,99.99701225280762
2025-11-26 10:10:17,99.99701225280762,99.99701225280762,99.99701225280762,99.99701225280762
2025-11-26 10:10:18,31.37285614013672,31.37285614013672,99.99701225280762,99.99701225280762
2025-11-26 10:10:19,99.98648658752441,99.98648658752441,99.99701225280762,99.99701225280762
2025-11-26 10:10:20,99.99701225280762,99.99701225280762,99.99701225280762,99.99701225280762
2025-11-26 10:10:21,99.99701225280762,99.9963720703125,99.9963720703125,99.9963720703125
2025-11-26 10:10:22,99.99701225280762,99.99701225280762,99.99701225280762,99.99701225280762
2025-11-26 10:10:23,99.99701225280762,99.9963720703125,99.9963720703125,99.9963720703125
2025-11-26 10:10:24,39.24751663208008,39.24751663208008,99.99701225280762,39.41105270385742
2025-11-26 10:10:26,14.130348205566406,14.477264404296875,86.22097778320312,14.130348205566406
2025-11-26 10:10:27,45.87361526489258,45.87361526489258,46.303802490234375,46.057342529296875
2025-11-26 10:10:28,99.99701225280762,99.99701225280762,99.99701225280762,99.99701225280762
2025-11-26 10:10:29,99.99701225280762,34.52154541015625,34.52154541015625,34.52154541015625
2025-11-26 10:10:30,99.99701225280762,99.98735549926758,99.98735549926758,99.98735549926758
2025-11-26 10:10:31,29.75720977783203,29.75720977783203,37.06273651123047,34.87169647216797
2025-11-26 10:10:32,36.399749755859375,36.399749755859375,21.92346954345703,21.92346954345703
2025-11-26 10:10:33,99.99701225280762,99.99701225280762,99.9903889465332,99.9903889465332
2025-11-26 10:10:34,99.99701225280762,99.99701225280762,99.99701225280762,99.99701225280762
2025-11-26 10:10:35,44.2767448425293,43.667232513427734,99.99701225280762,43.667232513427734
2025-11-26 10:10:36,30.769912719726562,21.61444091796875,99.99701225280762,21.61444091796875
2025-11-26 10:10:37,99.98722587585449,99.98722587585449,99.99701225280762,99.98722587585449
2025-11-26 10:10:38,99.9963720703125,99.99573181152344,99.9963720703125,99.99573181152344
2025-11-26 10:10:39,99.99701225280762,99.99701225280762,99.99701225280762,99.99701225280762
2025-11-26 10:10:40,99.99701225280762,99.99701225280762,99.99701225280762,99.99701225280762
2025-11-26 10:10:41,99.99701225280762,99.99701225280762,99.99701225280762,99.99701225280762
2025-11-26 10:10:42,34.988197326660156,99.99701225280762,99.99701225280762,34.988197326660156
2025-11-26 10:10:43,99.98723350524902,99.99701225280762,99.99701225280762,99.98723350524902
2025-11-26 10:10:44,30.48419952392578,99.99701225280762,99.99701225280762,30.48419952392578
2025-11-26 10:10:45,31.835411071777344,99.9963720703125,99.99701225280762,31.835411071777344
2025-11-26 10:10:46,98.62571807861327,99.99701225280762,99.99701225280762,98.62571807861327
2025-11-26 10:10:47,35.10121154785156,35.10121154785156,99.99701225280762,35.10121154785156
2025-11-26 10:10:48,99.99536598205566,99.99536598205566,99.9963720703125,99.99536598205566
2025-11-26 10:10:49,99.99701225280762,99.99701225280762,99.99701225280762,99.99701225280762
2025-11-26 10:10:50,99.9963720703125,99.9963720703125,99.9963720703125,99.9963720703125
2025-11-26 10:10:51,99.99701225280762,99.99701225280762,99.99701225280762,99.99701225280762
2025-11-26 10:10:52,43.386295318603516,43.386295318603516,99.99701225280762,43.54932403564453
2025-11-26 10:10:53,91.12246414184571,90.95943359374999,99.99701225280762,90.95943359374999
2025-11-26 10:10:54,34.97840881347656,39.93334197998047,30.298477172851562,30.298477172851562
2025-11-26 10:10:55,99.99701225280762,93.96635292053223,93.96635292053223,99.99142547607421
2025-11-26 10:10:56,40.04420852661133,40.04420852661133,39.4341926574707,39.4341926574707
2025-11-26 10:10:57,93.8549380493164,93.8549380493164,94.46431396484375,94.46431396484375
2025-11-26 10:10:58,99.99701225280762,99.99701225280762,99.99701225280762,99.99701225280762
2025-11-26 10:10:59,99.99701225280762,34.988197326660156,99.99701225280762,34.988197326660156
2025-11-26 10:11:00,99.99701225280762,99.98670761108399,99.99701225280762,99.98670761108399
2025-11-26 10:11:01,99.99701225280762,99.99701225280762,99.99701225280762,99.99701225280762
2025-11-26 10:11:02,99.99701225280762,99.99701225280762,99.99701225280762,99.99701225280762
2025-11-26 10:11:03,35.6632080078125,99.99701225280762,99.99701225280762,35.6632080078125
2025-11-26 10:11:04,99.9903889465332,99.99701225280762,30.292739868164062,30.292739868164062
2025-11-26 10:11:05,99.99701225280762,99.99701225280762,30.293991088867188,30.293991088867188
2025-11-26 10:11:06,99.9963720703125,99.9963720703125,99.99701225280762,99.9963720703125
2025-11-26 10:11:07,99.99701225280762,99.99701225280762,99.99701225280762,99.99701225280762
2025-11-26 10:11:08,-27.660140991210938,35.5152587890625,34.860260009765625,-27.660140991210938
2025-11-26 10:11:09,95.7376985168457,92.9409351348877,92.9409351348877,95.7376985168457
2025-11-26 10:11:10,99.99701225280762,99.99701225280762,99.99701225280762,99.99701225280762
2025-11-26 10:11:11,99.99701225280762,99.99701225280762,99.99701225280762,99.99701225280762
2025-11-26 10:11:12,99.9963720703125,99.9963720703125,99.9963720703125,99.9963720703125
2025-11-26 10:11:13,99.99701225280762,99.99701225280762,99.99701225280762,99.99701225280762
2025-11-26 10:11:14,99.99701225280762,99.99701225280762,99.99701225280762,99.99701225280762
2025-11-26 10:11:15,34.49580383300781,34.49580383300781,99.9963720703125,99.9963720703125
2025-11-26 10:11:16,96.97518516540528,96.97518516540528,99.9963720703125,99.9963720703125
2025-11-26 10:11:17,99.99701225280762,35.115020751953125,35.115020751953125,35.115020751953125
2025-11-26 10:11:18,50.15171432495117,50.98094940185547,99.98737075805664,50.15171432495117
2025-11-26 10:11:19,19.795669555664062,19.795669555664062,99.99663116455078,83.65032958984375
2025-11-26 10:11:20,34.94068908691406,34.94068908691406,34.94609832763672,34.94609832763672
2025-11-26 10:11:21,99.99131881713868,99.99131881713868,99.99131881713868,99.99131881713868
2025-11-26 10:11:22,99.99701225280762,99.99701225280762,99.99701225280762,99.99701225280762
2025-11-26 10:11:23,99.99701225280762,99.99701225280762,99.99701225280762,99.99701225280762
2025-11-26 10:11:24,99.99701225280762,99.99701225280762,99.99701225280762,99.99701225280762
2025-11-26 10:11:25,99.9963720703125,99.9963720703125,99.9963720703125,99.9963720703125
2025-11-26 10:11:26,99.99701225280762,99.99701225280762,99.99701225280762,99.99701225280762
2025-11-26 10:11:27,38.85772705078125,38.85772705078125,99.99701225280762,39.020755767822266
2025-11-26 10:11:28,92.65335037231445,93.03710647583007,99.99701225280762,92.65335037231445
2025-11-26 10:11:29,99.99701225280762,99.99701225280762,99.99701225280762,99.99701225280762
2025-11-26 10:11:30,99.99701225280762,34.983978271484375,41.15940856933594,34.983978271484375
2025-11-26 10:11:31,99.99701225280762,92.62896057128906,92.62896057128906,93.3493399810791
2025-11-26 10:11:32,99.99701225280762,99.99669212341308,99.99669212341308,99.99669212341308
2025-11-26 10:11:33,99.99701225280762,99.99669212341308,99.99669212341308,99.99669212341308
2025-11-26 10:11:34,19.825759887695312,20.45935821533203,99.99701225280762,19.825759887695312
2025-11-26 10:11:35,45.511722564697266,45.511722564697266,99.9963720703125,46.14596176147461
2025-11-26 10:11:36,32.457557678222656,99.9963720703125,99.99701225280762,32.457557678222656
2025-11-26 10:11:37,98.01310287475586,99.99701225280762,99.99626533508301,98.01310287475586
2025-11-26 10:11:38,99.99701225280762,99.99701225280762,30.298446655273438,30.298446655273438
2025-11-26 10:11:39,99.99701225280762,99.99701225280762,99.99128067016602,99.99128067016602
2025-11-26 10:11:40,99.9963720703125,99.9963720703125,99.99701225280762,99.9963720703125
2025-11-26 10:11:41,44.387611389160156,43.6677360534668,99.99701225280762,43.6677360534668
2025-11-26 10:11:42,30.48419952392578,33.78935241699219,99.99701225280762,30.48419952392578
2025-11-26 10:11:43,90.84356018066407,90.7357120513916,99.99701225280762,90.62484550476074
2025-11-26 10:11:44,41.96858215332031,42.52241134643555,42.6302604675293,41.96858215332031
2025-11-26 10:11:45,27.34320068359375,35.10527038574219,91.57262802124023,27.34320068359375
2025-11-26 10:11:46,99.99144073486327,99.99144073486327,99.99701225280762,99.99144073486327
2025-11-26 10:11:47,99.99701225280762,39.54254150390625,30.29845428466797,30.29845428466797
2025-11-26 10:11:48,99.99701225280762,94.35612297058105,94.35612297058105,99.9914483642578
2025-11-26 10:11:49,99.99701225280762,99.99701225280762,99.99701225280762,99.99701225280762
2025-11-26 10:11:50,99.99701225280762,99.99701225280762,99.99701225280762,99.99701225280762
2025-11-26 10:11:51,36.57204818725586,40.15607833862305,39.546566009521484,36.57204818725586
2025-11-26 10:11:52,34.537811279296875,93.74345443725586,94.35296722412109,34.537811279296875
2025-11-26 10:11:53,99.98706588745117,99.9963720703125,99.9963720703125,99.98706588745117
2025-11-26 10:11:54,35.27070617675781,35.27070617675781,99.99701225280762,35.27070617675781
2025-11-26 10:11:55,99.99448944091797,99.99448944091797,99.99701225280762,99.99448944091797
2025-11-26 10:11:56,99.99701225280762,99.99701225280762,99.99701225280762,99.99701225280762
2025-11-26 10:11:57,99.99701225280762,99.99701225280762,99.99701225280762,99.99701225280762
2025-11-26 10:11:58,99.99701225280762,99.99701225280762,99.99701225280762,99.99701225280762
2025-11-26 10:11:59,99.99701225280762,99.99701225280762,99.99701225280762,99.99701225280762
2025-11-26 10:12:00,34.97892761230469,99.99701225280762,99.99701225280762,34.97892761230469
2025-11-26 10:12:01,99.9958689880371,99.9963720703125,99.9963720703125,99.9958689880371
2025-11-26 10:12:02,99.99701225280762,99.99701225280762,30.293006896972656,30.293006896972656
2025-11-26 10:12:03,35.386940002441406,35.386940002441406,99.9963720703125,99.9963720703125
2025-11-26 10:12:04,96.08416175842285,96.08416175842285,99.99701225280762,99.99701225280762
2025-11-26 10:12:05,99.99701225280762,99.99701225280762,99.99701225280762,99.99701225280762
2025-11-26 10:12:06,99.99701225280762,99.99701225280762,99.99701225280762,99.99701225280762
2025-11-26 10:12:07,99.99701225280762,34.988197326660156,99.99701225280762,34.988197326660156
2025-11-26 10:12:08,99.99701225280762,99.98725639343262,99.9963720703125,99.98725639343262
2025-11-26 10:12:09,99.99701225280762,99.99701225280762,99.99701225280762,99.99701225280762
2025-11-26 10:12:10,50.553550720214844,51.48261260986328,99.99701225280762,50.553550720214844
2025-11-26 10:12:11,17.50908660888672,17.50908660888672,34.41212463378906,18.325912475585938
2025-11-26 10:12:12,98.48175811767578,41.181983947753906,41.181983947753906,98.48175811767578
2025-11-26 10:12:13,99.99701225280762,92.71770858764648,30.29340362548828,30.29340362548828
2025-11-26 10:12:14,99.99701225280762,99.99701225280762,99.99701225280762,99.99701225280762
2025-11-26 10:12:15,99.9963720703125,99.9963720703125,99.99701225280762,99.9963720703125
2025-11-26 10:12:16,99.99701225280762,99.99588424682617,99.99588424682617,99.99588424682617
2025-11-26 10:12:17,99.99701225280762,34.519493103027344,34.519493103027344,34.52217102050781
2025-11-26 10:12:18,99.99701225280762,99.9903889465332,99.98771369934082,99.98771369934082
2025-11-26 10:12:19,30.48419952392578,99.99701225280762,99.99701225280762,30.48419952392578
2025-11-26 10:12:20,99.98720306396484,99.99573181152344,99.99573181152344,99.98720306396484
2025-11-26 10:12:21,99.99588424682617,99.99588424682617,99.99701225280762,99.99701225280762
2025-11-26 10:12:22,31.480812072753906,31.480812072753906,99.99701225280762,99.99701225280762
2025-11-26 10:12:23,99.99142547607421,99.99142547607421,99.99701225280762,99.99701225280762
2025-11-26 10:12:24,99.99253845214844,99.99253845214844,99.99253845214844,99.99253845214844
2025-11-26 10:12:25,33.84662628173828,33.84662628173828,33.84662628173828,33.84662628173828
2025-11-26 10:12:26,99.99128067016602,99.99128067016602,99.99128067016602,99.99128067016602
2025-11-26 10:12:27,99.9963720703125,99.9963720703125,99.99701225280762,99.9963720703125
2025-11-26 10:12:28,99.99701225280762,99.99701225280762,99.99701225280762,99.99701225280762
2025-11-26 10:12:29,99.99701225280762,99.99701225280762,99.99701225280762,99.99701225280762
2025-11-26 10:12:30,99.99701225280762,99.99701225280762,99.99701225280762,99.99701225280762
2025-11-26 10:12:31,34.52154541015625,34.52154541015625,99.99701225280762,34.52154541015625
2025-11-26 10:12:32,99.98672286987305,99.98736312866211,99.9963720703125,99.98672286987305
2025-11-26 10:12:33,99.99701225280762,99.99701225280762,99.99701225280762,99.99701225280762
2025-11-26 10:12:34,99.99701225280762,99.99701225280762,99.99701225280762,99.99701225280762
2025-11-26 10:12:35,99.99701225280762,99.99701225280762,99.99701225280762,99.99701225280762
2025-11-26 10:12:36,-15.166122436523438,-15.166122436523438,40.27970504760742,-14.99169921875
2025-11-26 10:12:37,39.76520538330078,39.76520538330078,99.9872183227539,44.887264251708984
2025-11-26 10:12:38,89.84021469116212,89.62086013793945,99.9963720703125,89.62086013793945
2025-11-26 10:12:39,99.99701225280762,99.99701225280762,99.99701225280762,99.99701225280762
2025-11-26 10:12:40,99.99701225280762,39.631832122802734,31.07904815673828,31.07904815673828
2025-11-26 10:12:41,99.99701225280762,37.465965270996094,37.465965270996094,41.455326080322266
2025-11-26 10:12:42,41.77244567871094,42.437137603759766,92.3490357208252,41.77244567871094
2025-11-26 10:12:43,27.723411560058594,92.0716185760498,99.9963720703125,27.723411560058594
2025-11-26 10:12:44,99.98709632873535,99.99701225280762,99.99701225280762,99.98709632873535
2025-11-26 10:12:45,99.99701225280762,99.99701225280762,99.99701225280762,99.99701225280762
2025-11-26 10:12:46,99.99701225280762,99.99701225280762,99.99701225280762,99.99701225280762
2025-11-26 10:12:47,99.99701225280762,99.99701225280762,99.99701225280762,99.99701225280762
2025-11-26 10:12:48,99.99701225280762,99.99701225280762,99.99701225280762,99.99701225280762
2025-11-26 10:12:49,36.89525604248047,99.99701225280762,99.99701225280762,36.89525604248047
2025-11-26 10:12:50,98.55927146911621,99.9963720703125,99.99701225280762,98.55927146911621
2025-11-26 10:12:51,99.99701225280762,99.99701225280762,99.99701225280762,99.99701225280762
2025-11-26 10:12:52,99.99701225280762,99.99701225280762,99.99701225280762,99.99701225280762
2025-11-26 10:12:53,30.49603271484375,30.49603271484375,18.380828857421875,18.380828857421875
2025-11-26 10:12:54,35.91899871826172,35.91899871826172,44.389949798583984,44.389949798583984
2025-11-26 10:12:55,-12.805282592773438,-13.026649475097656,99.9963720703125,-13.026145935058594
2025-11-26 10:12:56,83.91818046569824,84.13890747070312,99.99701225280762,83.91818046569824
2025-11-26 10:12:57,34.99650573730469,34.99650573730469,99.99701225280762,99.99701225280762
2025-11-26 10:12:58,96.36282135009766,96.36282135009766,30.292892456054688,30.292892456054688
2025-11-26 10:12:59,99.99701225280762,41.18248748779297,41.18248748779297,99.99701225280762
2025-11-26 10:13:00,99.99701225280762,93.75423141479492,93.75423141479492,99.99701225280762
2025-11-26 10:13:01,99.99701225280762,99.99701225280762,99.99701225280762,99.99701225280762
2025-11-26 10:13:02,99.99701225280762,99.99701225280762,99.99701225280762,99.99701225280762
2025-11-26 10:13:03,50.6644172668457,51.53879928588867,99.99701225280762,50.6644172668457
2025-11-26 10:13:04,82.37251663208008,82.37251663208008,99.99701225280762,83.0377140045166
2025-11-26 10:13:05,99.9963720703125,99.9963720703125,99.9963720703125,99.9963720703125
2025-11-26 10:13:06,99.99701225280762,99.99701225280762,99.99701225280762,99.99701225280762
2025-11-26 10:13:07,99.99701225280762,99.99701225280762,99.99701225280762,99.99701225280762
2025-11-26 10:13:08,99.99701225280762,99.99701225280762,99.99701225280762,99.99701225280762
2025-11-26 10:13:09,99.99701225280762,99.99701225280762,99.99701225280762,99.99701225280762
2025-11-26 10:13:10,99.99701225280762,99.99701225280762,99.99701225280762,99.99701225280762
2025-11-26 10:13:11,35.55668640136719,35.55668640136719,34.92436981201172,34.92436981201172
2025-11-26 10:13:12,98.760394821167,98.94654907226563,99.57822631835937,98.760394821167
2025-11-26 10:13:13,99.99701225280762,99.99701225280762,99.99701225280762,99.99701225280762
2025-11-26 10:13:14,99.99701225280762,99.99644828796387,99.99588424682617,99.99588424682617
2025-11-26 10:13:15,34.977760314941406,35.11254119873047,35.11254119873047,34.977760314941406
2025-11-26 10:13:16,99.99701225280762,99.99028221130371,99.98773658752441,99.98773658752441
2025-11-26 10:13:17,99.99701225280762,99.99701225280762,99.99701225280762,99.99701225280762
2025-11-26 10:13:18,30.48419952392578,99.99701225280762,99.99701225280762,30.48419952392578
2025-11-26 10:13:19,99.98660095214844,99.9963720703125,30.291221618652344,30.291221618652344
2025-11-26 10:13:20,99.99701225280762,99.99701225280762,99.99701225280762,99.99701225280762
2025-11-26 10:13:21,99.99701225280762,34.988197326660156,99.99701225280762,34.988197326660156
2025-11-26 10:13:22,99.99701225280762,99.98724876403809,99.99701225280762,99.98724876403809
2025-11-26 10:13:23,99.99701225280762,99.99701225280762,99.99701225280762,99.99701225280762
2025-11-26 10:13:24,99.99254592895508,34.98400115966797,99.99254592895508,34.98400115966797
2025-11-26 10:13:25,34.94480895996094,34.94480895996094,34.9449462890625,34.9449462890625
2025-11-26 10:13:26,99.99600616455078,99.99600616455078,99.99650924682618,99.99650924682618
2025-11-26 10:13:27,99.99701225280762,99.99701225280762,99.99701225280762,99.99701225280762
2025-11-26 10:13:28,99.99701225280762,99.99701225280762,99.99701225280762,99.99701225280762
2025-11-26 10:13:29,99.99701225280762,99.99701225280762,99.99701225280762,99.99701225280762
2025-11-26 10:13:30,99.9963720703125,99.9963720703125,99.9963720703125,99.9963720703125
2025-11-26 10:13:31,99.99701225280762,99.99701225280762,99.99701225280762,99.99701225280762
2025-11-26 10:13:32,99.99701225280762,99.99701225280762,99.99701225280762,99.99701225280762
2025-11-26 10:13:33,38.84721374511719,39.53398895263672,39.53097152709961,38.84721374511719
2025-11-26 10:13:34,94.66873741149902,94.66873741149902,94.67175582885743,94.67175582885743
2025-11-26 10:13:35,30.47998046875,99.99701225280762,99.99701225280762,30.47998046875
2025-11-26 10:13:36,99.99141693115234,99.99588012695312,99.99700927734375,99.99141693115234
2025-11-26 10:13:37,31.413314819335938,31.413314819335938,99.99700927734375,99.99700927734375
2025-11-26 10:13:38,45.38636016845703,45.38636016845703,99.99701225280762,45.556488037109375
2025-11-26 10:13:39,33.070945739746094,33.070945739746094,99.99701225280762,44.05998229980469
2025-11-26 10:13:40,22.821975708007812,87.94270614624023,30.30266571044922,22.821975708007812
2025-11-26 10:13:41,99.99130355834961,99.99701225280762,99.98669998168945,99.98669998168945
2025-11-26 10:13:42,41.57127380371094,42.15821075439453,99.9963720703125,41.57127380371094
2025-11-26 10:13:43,92.35054489135742,92.35054489135742,99.99701225280762,92.93748237609863
2025-11-26 10:13:44,13.027534484863281,38.7287483215332,38.7287483215332,13.027534484863281
2025-11-26 10:13:45,14.089698791503906,50.637847900390625,99.98722587585449,14.089698791503906
2025-11-26 10:13:46,82.20790100097656,82.42611312866211,33.50775146484375,33.50775146484375
2025-11-26 10:13:47,99.99701225280762,99.99701225280762,99.99701225280762,99.99701225280762
2025-11-26 10:13:48,99.99701225280762,99.99701225280762,99.99701225280762,99.99701225280762
2025-11-26 10:13:49,99.99701225280762,99.99701225280762,99.99701225280762,99.99701225280762
2025-11-26 10:13:50,99.9963720703125,99.99573181152344,99.9963720703125,99.99573181152344
2025-11-26 10:13:51,99.99701225280762,99.99701225280762,99.99701225280762,99.99701225280762
2025-11-26 10:13:52,99.9963720703125,36.23304748535156,35.5450439453125,35.5450439453125
2025-11-26 10:13:53,99.99701225280762,98.86857833862305,98.86857833862305,99.55594024658203
2025-11-26 10:13:54,44.82872772216797,4.574745178222656,99.99701225280762,4.575157165527344
2025-11-26 10:13:55,37.02236557006836,37.02236557006836,99.99701225280762,72.66967964172363
2025-11-26 10:13:56,99.98722587585449,99.98722587585449,99.99701225280762,99.99701225280762
2025-11-26 10:13:57,99.99701225280762,99.99701225280762,99.99701225280762,99.99701225280762
2025-11-26 10:13:58,99.99701225280762,99.99644828796387,99.99588424682617,99.99588424682617
2025-11-26 10:13:59,99.99701225280762,86.83844848632813,20.79979705810547,20.79979705810547
2025-11-26 10:14:00,99.9963720703125,43.18534469604492,38.33389663696289,38.33389663696289
2025-11-26 10:14:01,34.9779052734375,99.99701225280762,99.99701225280762,34.9779052734375
2025-11-26 10:14:02,36.513526916503906,36.513526916503906,35.95869445800781,35.95869445800781
2025-11-26 10:14:03,98.42357345581054,98.42357345581054,98.97840812683106,98.97840812683106
2025-11-26 10:14:04,35.100685119628906,35.09954071044922,36.254798889160156,35.09954071044922
2025-11-26 10:14:05,99.99626533508301,97.64408706665039,30.292861938476562,30.292861938476562
2025-11-26 10:14:06,35.33477783203125,35.33477783203125,34.72516632080078,34.72516632080078
2025-11-26 10:14:07,98.66004653930663,98.86786186218262,99.47746643066407,98.66004653930663
2025-11-26 10:14:08,99.99701225280762,99.99701225280762,99.99701225280762,99.99701225280762
2025-11-26 10:14:09,99.99701225280762,99.99701225280762,99.99701225280762,99.99701225280762
2025-11-26 10:14:10,99.9963720703125,99.9963720703125,99.99701225280762,99.9963720703125
2025-11-26 10:14:11,51.31106185913086,52.15183639526367,99.99701225280762,51.31106185913086
2025-11-26 10:14:12,81.75960350036621,81.75960350036621,99.99701225280762,82.36861419677734
2025-11-26 10:14:13,99.99701225280762,99.99701225280762,99.99701225280762,99.99701225280762
2025-11-26 10:14:14,99.99701225280762,99.99701225280762,99.99701225280762,99.99701225280762
2025-11-26 10:14:15,99.99701225280762,34.988197326660156,99.99701225280762,34.988197326660156
2025-11-26 10:14:16,99.99701225280762,99.98722587585449,99.99701225280762,99.98722587585449
2025-11-26 10:14:17,99.99701225280762,99.99701225280762,99.99701225280762,99.99701225280762
2025-11-26 10:14:18,30.48419952392578,99.99254592895508,99.99254592895508,30.48419952392578
2025-11-26 10:14:19,33.912208557128906,33.912208557128906,33.909645080566406,33.909645080566406
2025-11-26 10:14:20,99.99192855834961,99.99143310546874,99.99448944091797,99.99143310546874
2025-11-26 10:14:21,99.99701225280762,99.99701225280762,99.99701225280762,99.99701225280762
2025-11-26 10:14:22,99.99701225280762,99.99701225280762,99.99701225280762,99.99701225280762
2025-11-26 10:14:23,99.99701225280762,99.99701225280762,99.99701225280762,99.99701225280762
2025-11-26 10:14:24,99.99701225280762,99.99701225280762,99.99701225280762,99.99701225280762
2025-11-26 10:14:25,99.99701225280762,99.99701225280762,99.99701225280762,99.99701225280762
2025-11-26 10:14:26,30.479995727539062,99.99701225280762,99.99701225280762,30.479995727539062
2025-11-26 10:14:27,35.115020751953125,35.11576843261719,99.99701225280762,35.115020751953125
2025-11-26 10:14:28,99.98645614624023,99.98645614624023,99.9963720703125,99.98720306396484
2025-11-26 10:14:29,99.99573181152344,99.99573181152344,99.99573181152344,99.99573181152344
2025-11-26 10:14:30,22.248207092285156,22.248207092285156,90.76065826416016,90.33940315246582
2025-11-26 10:14:31,40.63372802734375,40.63372802734375,40.64286804199219,40.64286804199219
2025-11-26 10:14:32,27.48401641845703,91.5810661315918,99.99701225280762,27.48401641845703
2025-11-26 10:14:33,32.790611267089844,39.4562873840332,30.292861938476562,30.292861938476562
2025-11-26 10:14:34,45.38556671142578,45.38556671142578,99.99701225280762,45.55598449707031
2025-11-26 10:14:35,89.11507125854493,88.95204162597656,30.30266571044922,30.30266571044922
2025-11-26 10:14:36,37.9533576965332,99.99701225280762,99.9872183227539,37.9533576965332
2025-11-26 10:14:37,97.47971603393555,99.99701225280762,99.99701225280762,97.47971603393555
2025-11-26 10:14:38,99.99701225280762,99.99701225280762,99.99701225280762,99.99701225280762
2025-11-26 10:14:39,99.9963720703125,99.9963720703125,99.9963720703125,99.9963720703125
2025-11-26 10:14:40,99.99701225280762,99.99701225280762,99.99701225280762,99.99701225280762
2025-11-26 10:14:41,99.99701225280762,99.99701225280762,99.99701225280762,99.99701225280762
2025-11-26 10:14:42,99.99701225280762,99.99701225280762,99.99701225280762,99.99701225280762
2025-11-26 10:14:43,99.99701225280762,99.99701225280762,99.99701225280762,99.99701225280762
2025-11-26 10:14:44,99.99701225280762,99.99701225280762,99.99701225280762,99.99701225280762
2025-11-26 10:14:45,35.66636657714844,99.99701225280762,99.99701225280762,35.66636657714844
2025-11-26 10:14:46,99.98721069335937,99.99701225280762,99.99701225280762,99.98721069335937
2025-11-26 10:14:47,99.99701225280762,99.99701225280762,99.99701225280762,99.99701225280762
2025-11-26 10:14:48,38.1826171875,38.1826171875,99.99700927734375,44.597503662109375
2025-11-26 10:14:49,40.624595642089844,35.344146728515625,30.300933837890625,30.300933837890625
2025-11-26 10:14:50,37.15679168701172,37.15679168701172,36.4252815246582,36.4252815246582
2025-11-26 10:14:51,96.74272872924804,96.74272872924804,97.47423599243164,97.47423599243164
2025-11-26 10:14:52,99.99701225280762,99.99701225280762,99.99701225280762,99.99701225280762
2025-11-26 10:14:53,99.99701225280762,99.99701225280762,99.99701225280762,99.99701225280762
2025-11-26 10:14:54,99.99701225280762,37.36913299560547,37.36913299560547,99.99701225280762
2025-11-26 10:14:55,35.10591125488281,35.10591125488281,96.53042411804199,35.10591125488281
2025-11-26 10:14:56,99.99142547607421,99.99142547607421,99.99701225280762,99.99142547607421
2025-11-26 10:14:57,99.99701225280762,99.99701225280762,99.99701225280762,99.99701225280762
2025-11-26 10:14:58,38.985923767089844,38.985923767089844,99.99701225280762,99.99701225280762
2025-11-26 10:14:59,99.98724113464355,99.98724113464355,99.99701225280762,99.99701225280762
2025-11-26 10:15:00,99.99701225280762,99.99701225280762,99.99701225280762,99.99701225280762
2025-11-26 10:15:01,99.9963720703125,99.9963720703125,99.99701225280762,99.9963720703125
2025-11-26 10:15:02,35.269187927246094,35.269187927246094,99.99701225280762,35.269187927246094
2025-11-26 10:15:03,35.33436584472656,35.33436584472656,34.72453308105469,34.72453308105469
2025-11-26 10:15:04,98.65999313354492,16.405296325683594,15.705535888671875,15.705535888671875
2025-11-26 10:15:05,99.99701225280762,48.22364807128906,30.18726348876953,30.18726348876953
2025-11-26 10:15:06,99.99701225280762,99.99701225280762,99.99701225280762,99.99701225280762
2025-11-26 10:15:07,99.99701225280762,99.99701225280762,99.99701225280762,99.99701225280762
2025-11-26 10:15:08,99.99701225280762,99.99701225280762,99.99701225280762,99.99701225280762
2025-11-26 10:15:09,99.99701225280762,99.99701225280762,99.99701225280762,99.99701225280762
2025-11-26 10:15:10,51.377647399902344,52.263206481933594,99.9963720703125,51.377647399902344
2025-11-26 10:15:11,81.64820289611816,81.64820289611816,99.99701225280762,82.2572135925293
2025-11-26 10:15:12,34.97843933105469,99.9963720703125,99.9963720703125,34.97843933105469
2025-11-26 10:15:13,99.99701225280762,99.99701225280762,99.99701225280762,99.99701225280762
2025-11-26 10:15:14,99.99701225280762,99.99701225280762,99.99701225280762,99.99701225280762
2025-11-26 10:15:15,99.99701225280762,99.99701225280762,99.99701225280762,99.99701225280762
2025-11-26 10:15:16,99.99701225280762,34.988197326660156,99.99701225280762,34.988197326660156
2025-11-26 10:15:17,99.99626533508301,99.98724876403809,99.99701225280762,99.98724876403809
2025-11-26 10:15:18,34.98399353027344,99.99701225280762,99.99701225280762,34.98399353027344
2025-11-26 10:15:19,30.483558654785156,99.9963720703125,99.9963720703125,30.483558654785156
2025-11-26 10:15:20,99.98687530517579,99.9963720703125,99.9963720703125,99.98687530517579
2025-11-26 10:15:21,99.99254592895508,99.99254592895508,30.288909912109375,30.288909912109375
2025-11-26 10:15:22,19.332366943359375,19.332366943359375,34.94659423828125,34.94659423828125
2025-11-26 10:15:23,2.6989593505859375,3.4978866577148438,54.88539123535156,2.6989593505859375
2025-11-26 10:15:24,76.79391098022461,76.79391098022461,76.68606376647949,76.68606376647949
2025-11-26 10:15:25,99.99701225280762,99.99701225280762,99.99701225280762,99.99701225280762
2025-11-26 10:15:26,99.99701225280762,99.99701225280762,99.99701225280762,99.99701225280762
2025-11-26 10:15:27,99.9963720703125,99.9963720703125,99.9963720703125,99.9963720703125
2025-11-26 10:15:28,99.99701225280762,99.99701225280762,99.99701225280762,99.99701225280762
2025-11-26 10:15:29,22.6029052734375,92.06571914672851,99.99701225280762,22.6029052734375
2025-11-26 10:15:30,20.288742065429688,62.39539337158203,99.99701225280762,20.288742065429688
2025-11-26 10:15:31,48.225181579589844,72.01363563537598,99.99701225280762,48.225181579589844
2025-11-26 10:15:32,99.99644828796387,99.99644828796387,99.99701225280762,99.99701225280762
2025-11-26 10:15:33,31.48394775390625,31.48394775390625,99.99701225280762,99.99701225280762
2025-11-26 10:15:34,99.98772895812988,99.98772895812988,99.99701225280762,99.99701225280762
2025-11-26 10:15:35,99.99701225280762,99.99701225280762,30.30266571044922,30.30266571044922
2025-11-26 10:15:36,99.99701225280762,99.99701225280762,99.98722587585449,99.98722587585449
2025-11-26 10:15:37,37.78598403930664,45.281585693359375,99.99701225280762,37.78598403930664
2025-11-26 10:15:38,89.22716522216797,89.06363204956054,99.99701225280762,89.06363204956054
2025-11-26 10:15:39,99.99701225280762,99.99701225280762,99.99701225280762,99.99701225280762
2025-11-26 10:15:40,99.99701225280762,99.99701225280762,99.99701225280762,99.99701225280762
2025-11-26 10:15:41,99.99701225280762,99.99701225280762,99.99701225280762,99.99701225280762
2025-11-26 10:15:42,99.99701225280762,99.99701225280762,99.99701225280762,99.99701225280762
2025-11-26 10:15:43,99.99701225280762,99.99701225280762,99.99701225280762,99.99701225280762
2025-11-26 10:15:44,99.99701225280762,99.99701225280762,99.99701225280762,99.99701225280762
2025-11-26 10:15:45,99.99701225280762,99.99701225280762,99.99701225280762,99.99701225280762
2025-11-26 10:15:46,99.99701225280762,99.99701225280762,99.99701225280762,99.99701225280762
2025-11-26 10:15:47,99.9963720703125,99.9963720703125,99.9963720703125,99.9963720703125
2025-11-26 10:15:48,99.99701225280762,99.99701225280762,99.99701225280762,99.99701225280762
2025-11-26 10:15:49,36.756980895996094,36.756980895996094,36.146629333496094,36.146629333496094
2025-11-26 10:15:50,97.143291015625,32.690643310546875,32.690643310546875,97.75289558410644
2025-11-26 10:15:51,99.99626533508301,98.69015251159668,98.69015251159668,99.99701225280762
2025-11-26 10:15:52,99.99701225280762,99.99701225280762,99.99701225280762,99.99701225280762
2025-11-26 10:15:53,99.9963720703125,99.9963720703125,99.99573181152344,99.99573181152344
2025-11-26 10:15:54,99.9963720703125,99.9963720703125,99.99701225280762,99.9963720703125
2025-11-26 10:15:55,34.52195739746094,34.52195739746094,99.99701225280762,34.522369384765625
2025-11-26 10:15:56,35.260108947753906,35.273284912109375,30.29271697998047,30.29271697998047
2025-11-26 10:15:57,99.99448944091797,99.99194381713868,99.99701225280762,99.99194381713868
2025-11-26 10:15:58,99.99701225280762,79.30171966552734,9.289009094238281,9.289009094238281
2025-11-26 10:15:59,99.99701225280762,50.59524917602539,50.59524917602539,51.293556213378906
2025-11-26 10:16:00,99.99701225280762,99.99701225280762,99.99701225280762,99.99701225280762
2025-11-26 10:16:01,99.99701225280762,99.99701225280762,99.99701225280762,99.99701225280762
2025-11-26 10:16:02,99.99701225280762,99.99701225280762,99.99701225280762,99.99701225280762
2025-11-26 10:16:03,99.99701225280762,34.988197326660156,99.99701225280762,34.988197326660156
2025-11-26 10:16:04,52.04700469970703,52.87623977661133,99.99701225280762,52.04700469970703
2025-11-26 10:16:05,81.03519248962402,81.03519248962402,99.99701225280762,81.75506782531738
2025-11-26 10:16:06,35.77687072753906,35.77687072753906,99.99701225280762,99.99701225280762
2025-11-26 10:16:07,95.69371368408203,34.52154541015625,34.52154541015625,34.52154541015625
2025-11-26 10:16:08,22.132858276367188,35.27378845214844,86.19038391113281,22.132858276367188
2025-11-26 10:16:09,45.32036590576172,45.435428619384766,45.990997314453125,45.32036590576172
2025-11-26 10:16:10,99.9963720703125,99.9963720703125,99.99701225280762,99.9963720703125
2025-11-26 10:16:11,99.9963720703125,99.9963720703125,99.9963720703125,99.9963720703125
2025-11-26 10:16:12,99.99701225280762,99.99701225280762,99.99701225280762,99.99701225280762
2025-11-26 10:16:13,99.99701225280762,99.99701225280762,99.99701225280762,99.99701225280762
2025-11-26 10:16:14,99.99701225280762,99.99701225280762,99.99701225280762,99.99701225280762
2025-11-26 10:16:15,44.256683349609375,43.55887985229492,99.99701225280762,43.670249938964844
2025-11-26 10:16:16,90.84554199218749,90.84554199218749,30.293869018554688,30.293869018554688
2025-11-26 10:16:17,99.99701225280762,99.9963720703125,99.99536598205566,99.99536598205566
2025-11-26 10:16:18,99.99701225280762,99.99701225280762,99.99701225280762,99.99701225280762
2025-11-26 10:16:19,99.99701225280762,99.99701225280762,99.99701225280762,99.99701225280762
2025-11-26 10:16:20,99.99701225280762,99.99701225280762,99.99701225280762,99.99701225280762
2025-11-26 10:16:21,34.98334503173828,99.99573181152344,99.9963720703125,34.98334503173828
2025-11-26 10:16:22,24.31092071533203,89.4483871459961,99.99701225280762,24.31092071533203
2025-11-26 10:16:23,42.16874694824219,42.19732666015625,99.99701225280762,42.16874694824219
2025-11-26 10:16:24,99.99701225280762,99.99701225280762,99.99701225280762,99.99701225280762
2025-11-26 10:16:25,34.52154541015625,34.52229309082031,99.99701225280762,34.52154541015625
2025-11-26 10:16:26,99.98648658752441,99.98648658752441,99.99701225280762,99.98723350524902
2025-11-26 10:16:27,99.99254592895508,99.99254592895508,99.99254592895508,99.99254592895508
2025-11-26 10:16:28,34.950157165527344,34.950157165527344,34.950157165527344,34.950157165527344
2025-11-26 10:16:29,45.88889694213867,45.88889694213867,99.99128829956055,46.057647705078125
2025-11-26 10:16:30,30.882713317871094,30.882713317871094,42.372901916503906,41.656044006347656
2025-11-26 10:16:31,28.120193481445312,34.983985900878906,92.12981079101563,28.120193481445312
2025-11-26 10:16:32,99.98708106994629,99.99142547607421,99.99701225280762,99.98708106994629
2025-11-26 10:16:33,99.99701225280762,99.99701225280762,99.99701225280762,99.99701225280762
2025-11-26 10:16:34,31.483383178710938,31.483383178710938,99.99701225280762,38.506103515625
2025-11-26 10:16:35,95.13876434326171,99.98785850524902,99.99701225280762,95.13876434326171
2025-11-26 10:16:36,99.9963720703125,99.9963720703125,99.9963720703125,99.9963720703125
2025-11-26 10:16:37,99.99253845214844,99.99700927734375,99.99700927734375,99.99253845214844
2025-11-26 10:16:38,30.47888946533203,99.99700927734375,99.99700927734375,30.47888946533203
2025-11-26 10:16:39,99.99701225280762,99.99701225280762,99.99701225280762,99.99701225280762
2025-11-26 10:16:40,99.99701225280762,99.99701225280762,30.30266571044922,30.30266571044922
2025-11-26 10:16:41,99.99701225280762,99.99701225280762,99.98722587585449,99.98722587585449
2025-11-26 10:16:42,99.99701225280762,99.9963720703125,99.9963720703125,99.9963720703125
2025-11-26 10:16:43,99.99701225280762,99.99701225280762,99.99701225280762,99.99701225280762
2025-11-26 10:16:44,99.99701225280762,99.99701225280762,99.99701225280762,99.99701225280762
2025-11-26 10:16:45,99.99701225280762,99.99701225280762,99.99701225280762,99.99701225280762
2025-11-26 10:16:46,99.99701225280762,99.99701225280762,99.99701225280762,99.99701225280762
2025-11-26 10:16:47,35.105255126953125,35.10589599609375,99.99701225280762,35.105255126953125
2025-11-26 10:16:48,99.99142547607421,99.99142547607421,99.99701225280762,99.99142547607421
2025-11-26 10:16:49,99.99701225280762,99.99701225280762,99.99701225280762,99.99701225280762
2025-11-26 10:16:50,99.99701225280762,36.346153259277344,36.346153259277344,99.99701225280762
2025-11-26 10:16:51,99.99701225280762,98.59095527648925,98.59095527648925,99.99701225280762
2025-11-26 10:16:52,99.99701225280762,99.99701225280762,99.99701225280762,99.99701225280762
2025-11-26 10:16:53,99.99701225280762,37.49478530883789,30.298583984375,30.298583984375
2025-11-26 10:16:54,99.9963720703125,98.55680969238281,98.55680969238281,99.99144073486327
2025-11-26 10:16:55,99.99701225280762,36.956398010253906,36.23592758178711,36.23592758178711
2025-11-26 10:16:56,34.523193359375,34.523193359375,98.1458512878418,34.524017333984375
2025-11-26 10:16:57,99.98362083435059,99.98444396972656,99.9963720703125,99.98362083435059
2025-11-26 10:16:58,99.99701225280762,99.99701225280762,99.99701225280762,99.99701225280762
2025-11-26 10:16:59,99.99701225280762,99.99701225280762,99.99701225280762,99.99701225280762
2025-11-26 10:17:00,-8.428848266601562,-8.428848266601562,36.851661682128906,36.851661682128906
2025-11-26 10:17:01,80.08456611633301,80.08456611633301,98.08454177856446,83.69281959533691
2025-11-26 10:17:02,99.99701225280762,99.99701225280762,99.99701225280762,99.99701225280762
2025-11-26 10:17:03,36.55788040161133,36.55788040161133,99.99701225280762,99.99701225280762
2025-11-26 10:17:04,94.91322090148925,34.98902130126953,99.99701225280762,34.99005889892578
2025-11-26 10:17:05,35.273826599121094,35.26322937011719,30.292213439941406,30.292213439941406
2025-11-26 10:17:06,99.99131118774415,99.99131118774415,99.99701225280762,99.99131118774415
2025-11-26 10:17:07,99.99701225280762,35.115020751953125,35.11451721191406,35.11451721191406
2025-11-26 10:17:08,34.97840881347656,99.98671524047852,99.98671524047852,34.97840881347656
2025-11-26 10:17:09,99.99701225280762,99.99701225280762,99.99701225280762,99.99701225280762
2025-11-26 10:17:10,99.99701225280762,99.99701225280762,99.99701225280762,99.99701225280762
2025-11-26 10:17:11,99.99701225280762,99.99701225280762,30.29285430908203,30.29285430908203
2025-11-26 10:17:12,99.99701225280762,99.99701225280762,99.99701225280762,99.99701225280762
2025-11-26 10:17:13,99.99701225280762,99.99701225280762,99.99701225280762,99.99701225280762
2025-11-26 10:17:14,35.222442626953125,35.222442626953125,34.61347961425781,34.61347961425781
2025-11-26 10:17:15,98.76023483276367,98.9794979095459,99.58910263061523,98.76023483276367
2025-11-26 10:17:16,99.99701225280762,99.99701225280762,99.99701225280762,99.99701225280762
2025-11-26 10:17:17,99.99701225280762,99.99701225280762,99.99701225280762,99.99701225280762
2025-11-26 10:17:18,99.99701225280762,99.99701225280762,99.99701225280762,99.99701225280762
2025-11-26 10:17:19,28.587570190429688,31.934532165527344,99.9963720703125,28.587570190429688
2025-11-26 10:17:20,30.608901977539062,31.119613647460938,99.99254592895508,30.608901977539062
2025-11-26 10:17:21,35.16999053955078,35.16999053955078,35.181312561035156,35.181312561035156
2025-11-26 10:17:22,30.414688110351562,99.99600219726562,99.99498748779297,30.414688110351562
2025-11-26 10:17:23,99.98721313476562,99.99700927734375,99.99700927734375,99.98721313476562
2025-11-26 10:17:24,32.115928649902344,32.115928649902344,99.99701225280762,88.21891876220704
2025-11-26 10:17:25,44.00743865966797,44.00743865966797,99.99701225280762,44.015541076660156
2025-11-26 10:17:26,99.99701225280762,99.99701225280762,99.99701225280762,99.99701225280762
2025-11-26 10:17:27,99.9963720703125,99.9963720703125,99.9963720703125,99.9963720703125
2025-11-26 10:17:28,35.66636657714844,99.99701225280762,99.99701225280762,35.66636657714844
2025-11-26 10:17:29,39.191627502441406,99.99701225280762,30.30266571044922,30.30266571044922
2025-11-26 10:17:30,36.32011032104492,34.98399353027344,40.73432922363281,34.98399353027344
2025-11-26 10:17:31,35.440582275390625,35.440582275390625,93.4677596282959,42.018680572509766
2025-11-26 10:17:32,93.23974655151368,93.13314819335938,99.99701225280762,93.07746360778809
2025-11-26 10:17:33,99.99701225280762,99.99701225280762,99.99701225280762,99.99701225280762
2025-11-26 10:17:34,99.99701225280762,99.99701225280762,99.99701225280762,99.99701225280762
2025-11-26 10:17:35,99.99701225280762,99.99701225280762,99.99701225280762,99.99701225280762
2025-11-26 10:17:36,99.99701225280762,99.99701225280762,99.99701225280762,99.99701225280762
2025-11-26 10:17:37,99.99701225280762,99.99701225280762,99.99701225280762,99.99701225280762
2025-11-26 10:17:38,99.99701225280762,99.99701225280762,99.99701225280762,99.99701225280762
2025-11-26 10:17:39,99.99701225280762,99.99701225280762,99.99701225280762,99.99701225280762
2025-11-26 10:17:40,99.9963720703125,99.9963720703125,99.99701225280762,99.9963720703125
2025-11-26 10:17:41,99.99701225280762,33.91319274902344,33.91319274902344,99.99701225280762
2025-11-26 10:17:42,35.10591125488281,35.10466003417969,99.98662376403809,35.10466003417969
2025-11-26 10:17:43,99.99142547607421,35.8658447265625,35.8658447265625,99.99142547607421
2025-11-26 10:17:44,99.99253845214844,98.03184509277344,98.03184509277344,99.99253845214844
2025-11-26 10:17:45,30.40857696533203,99.99636840820312,99.99700927734375,30.40857696533203
2025-11-26 10:17:46,99.99700927734375,99.99700927734375,99.99700927734375,99.99700927734375
2025-11-26 10:17:47,99.99701225280762,99.9963720703125,99.9963720703125,99.9963720703125
2025-11-26 10:17:48,99.99701225280762,99.99701225280762,30.2984619140625,30.2984619140625
2025-11-26 10:17:49,99.9963720703125,36.41837692260742,35.74812316894531,35.74812316894531
2025-11-26 10:17:50,99.99701225280762,98.08973983764649,98.08973983764649,98.75502906799316
2025-11-26 10:17:51,99.9963720703125,99.9963720703125,99.9963720703125,99.9963720703125
2025-11-26 10:17:52,99.99701225280762,99.99701225280762,99.99701225280762,99.99701225280762
2025-11-26 10:17:53,99.99701225280762,99.99701225280762,99.99701225280762,99.99701225280762
2025-11-26 10:17:54,99.99701225280762,99.99701225280762,99.99669212341308,99.99669212341308
2025-11-26 10:17:55,35.115020751953125,35.115020751953125,99.9963720703125,35.115020751953125
2025-11-26 10:17:56,34.96873474121094,99.98721069335937,99.99701225280762,34.96873474121094
2025-11-26 10:17:57,99.99701225280762,99.99701225280762,99.99701225280762,99.99701225280762
2025-11-26 10:17:58,99.99701225280762,99.99701225280762,99.99701225280762,99.99701225280762
2025-11-26 10:17:59,99.99701225280762,99.99701225280762,99.99701225280762,99.99701225280762
2025-11-26 10:18:00,99.99701225280762,99.99701225280762,99.99701225280762,99.99701225280762
2025-11-26 10:18:01,34.98334503173828,37.505531311035156,99.9963720703125,34.98334503173828
2025-11-26 10:18:02,47.6801643371582,47.6801643371582,99.9963720703125,52.99414825439453
2025-11-26 10:18:03,80.0875244140625,80.0875244140625,99.99701225280762,80.71860694885254
2025-11-26 10:18:04,99.99701225280762,99.99701225280762,99.99701225280762,99.99701225280762
2025-11-26 10:18:05,35.105926513671875,35.105926513671875,30.293861389160156,30.293861389160156
2025-11-26 10:18:06,99.99142547607421,99.99142547607421,99.99701225280762,99.99142547607421
2025-11-26 10:18:07,99.9963720703125,34.988197326660156,99.99701225280762,34.988197326660156
2025-11-26 10:18:08,99.99701225280762,99.98673812866211,99.99701225280762,99.98673812866211
2025-11-26 10:18:09,-21.832420349121094,-21.832420349121094,36.53843688964844,36.53843688964844
2025-11-26 10:18:10,28.775680541992188,28.775680541992188,33.235801696777344,33.235801696777344
2025-11-26 10:18:11,98.76026519775391,98.86825057983398,99.57768516540527,98.76026519775391
2025-11-26 10:18:12,99.99701225280762,99.99701225280762,30.293006896972656,30.293006896972656
2025-11-26 10:18:13,99.99701225280762,99.99701225280762,99.99701225280762,99.99701225280762
2025-11-26 10:18:14,99.99701225280762,99.99644828796387,99.99588424682617,99.99588424682617
2025-11-26 10:18:15,99.99701225280762,34.5216064453125,34.5216064453125,34.52217102050781
2025-11-26 10:18:16,99.99701225280762,99.98772132873535,99.98772132873535,99.98772132873535
2025-11-26 10:18:17,99.99701225280762,99.99701225280762,99.99701225280762,99.99701225280762
2025-11-26 10:18:18,99.99701225280762,99.99701225280762,99.99701225280762,99.99701225280762
2025-11-26 10:18:19,39.736690521240234,99.99701225280762,99.99701225280762,39.736690521240234
2025-11-26 10:18:20,95.6956649017334,99.9963720703125,99.9963720703125,95.6956649017334
2025-11-26 10:18:21,99.99701225280762,99.99701225280762,99.99701225280762,99.99701225280762
2025-11-26 10:18:22,42.6430778503418,42.6430778503418,99.99701225280762,42.750423431396484
2025-11-26 10:18:23,92.45917037963868,92.35182525634765,99.99626533508301,92.35182525634765
2025-11-26 10:18:24,35.66636657714844,99.99701225280762,99.99701225280762,35.66636657714844
2025-11-26 10:18:25,30.47522735595703,99.99701225280762,99.99701225280762,30.47522735595703
2025-11-26 10:18:26,41.03247833251953,41.63095474243164,41.73830032348633,41.03247833251953
2025-11-26 10:18:27,33.606475830078125,33.606475830078125,92.46395683288574,34.31205749511719
2025-11-26 10:18:28,28.411483764648438,28.411483764648438,30.30266571044922,28.41162109375
2025-11-26 10:18:29,96.85527946472168,96.9625177001953,99.98737075805664,96.85527946472168
2025-11-26 10:18:30,99.99204284667968,34.98399353027344,99.99204284667968,34.98399353027344
2025-11-26 10:18:31,33.90814971923828,33.90814971923828,33.90814971923828,33.90814971923828
2025-11-26 10:18:32,99.99650924682618,99.99650924682618,99.99650924682618,99.99650924682618
2025-11-26 10:18:33,99.99701225280762,99.99701225280762,99.99701225280762,99.99701225280762
2025-11-26 10:18:34,99.99573181152344,99.99573181152344,99.99701225280762,99.99573181152344
2025-11-26 10:18:35,99.99701225280762,33.91180419921875,33.91180419921875,99.9963720703125
2025-11-26 10:18:36,31.37146759033203,31.37146759033203,99.98660095214844,99.9963720703125
2025-11-26 10:18:37,99.9872183227539,99.9872183227539,99.99701225280762,99.99701225280762
2025-11-26 10:18:38,99.9963720703125,99.9963720703125,99.9963720703125,99.9963720703125
2025-11-26 10:18:39,99.99701225280762,99.99701225280762,99.99701225280762,99.99701225280762
2025-11-26 10:18:40,99.99701225280762,99.99701225280762,99.99701225280762,99.99701225280762
2025-11-26 10:18:41,99.99701225280762,99.99701225280762,99.99701225280762,99.99701225280762
2025-11-26 10:18:42,99.99573181152344,99.99573181152344,99.99573181152344,99.99573181152344
2025-11-26 10:18:43,99.99701225280762,99.99701225280762,99.99701225280762,99.99701225280762
2025-11-26 10:18:44,99.99701225280762,99.99701225280762,99.99701225280762,99.99701225280762
2025-11-26 10:18:45,99.99701225280762,99.9963720703125,99.9963720703125,99.9963720703125
2025-11-26 10:18:46,99.99701225280762,99.99701225280762,99.99701225280762,99.99701225280762
2025-11-26 10:18:47,-10.593681335449219,35.10663604736328,35.92194366455078,-10.593681335449219
2025-11-26 10:18:48,83.60921669006348,83.60921669006348,97.97773788452149,84.2138900756836
2025-11-26 10:18:49,99.99701225280762,99.99701225280762,30.29845428466797,30.29845428466797
2025-11-26 10:18:50,99.99701225280762,99.99701225280762,99.99144073486327,99.99144073486327
2025-11-26 10:18:51,99.99253845214844,99.99700927734375,99.99700927734375,99.99253845214844
2025-11-26 10:18:52,30.4788818359375,99.99700927734375,30.22315216064453,30.22315216064453
2025-11-26 10:18:53,99.99701225280762,99.99701225280762,99.99701225280762,99.99701225280762
2025-11-26 10:18:54,99.99701225280762,99.99701225280762,99.99701225280762,99.99701225280762
2025-11-26 10:18:55,99.99701225280762,99.99701225280762,99.99701225280762,99.99701225280762
2025-11-26 10:18:56,99.99701225280762,37.235050201416016,36.51457977294922,36.51457977294922
2025-11-26 10:18:57,-25.974342346191406,-25.974342346191406,37.47101974487305,35.6204833984375
2025-11-26 10:18:58,95.80599739074707,95.80599739074707,96.74982452392578,96.74982452392578
2025-11-26 10:18:59,34.98384094238281,38.985923767089844,99.99701225280762,34.98384094238281
2025-11-26 10:19:00,99.98660858154297,99.98660858154297,99.99701225280762,99.9963720703125
2025-11-26 10:19:01,35.10589599609375,35.10589599609375,99.99701225280762,35.10589599609375
2025-11-26 10:19:02,99.99145599365234,34.982643127441406,99.99701225280762,34.982643127441406
2025-11-26 10:19:03,99.99701225280762,99.98672286987305,99.99701225280762,99.98672286987305
2025-11-26 10:19:04,99.99701225280762,99.99701225280762,99.99701225280762,99.99701225280762
2025-11-26 10:19:05,99.99701225280762,99.99701225280762,99.99701225280762,99.99701225280762
2025-11-26 10:19:06,99.99701225280762,99.99701225280762,99.99701225280762,99.99701225280762
2025-11-26 10:19:07,39.37119674682617,38.65132141113281,99.99701225280762,38.65132141113281
2025-11-26 10:19:08,95.13756797790528,95.13756797790528,99.99701225280762,95.85744430541992
2025-11-26 10:19:09,36.50351333618164,36.50351333618164,35.838226318359375,35.838226318359375
2025-11-26 10:19:10,97.47985313415528,97.69870468139648,98.36399398803711,97.47985313415528
2025-11-26 10:19:11,99.99701225280762,99.99701225280762,99.99701225280762,99.99701225280762
2025-11-26 10:19:12,99.99701225280762,99.99701225280762,99.99701225280762,99.99701225280762
2025-11-26 10:19:13,99.99701225280762,99.99701225280762,99.99701225280762,99.99701225280762
2025-11-26 10:19:14,99.99701225280762,99.99701225280762,99.99701225280762,99.99701225280762
2025-11-26 10:19:15,34.98399353027344,99.99701225280762,99.99701225280762,34.98399353027344
2025-11-26 10:19:16,99.99142547607421,99.99701225280762,99.99626533508301,99.99142547607421
2025-11-26 10:19:17,99.99701225280762,99.99701225280762,99.99626533508301,99.99626533508301
2025-11-26 10:19:18,99.99701225280762,99.99701225280762,99.99701225280762,99.99701225280762
2025-11-26 10:19:19,99.99701225280762,99.99701225280762,99.99701225280762,99.99701225280762
2025-11-26 10:19:20,99.99701225280762,99.99626533508301,99.99701225280762,99.99626533508301
2025-11-26 10:19:21,99.99701225280762,99.99701225280762,99.99701225280762,99.99701225280762
2025-11-26 10:19:22,99.99570129394532,99.9963720703125,99.9963720703125,99.99570129394532
2025-11-26 10:19:23,34.52032470703125,34.52146911621094,99.9963720703125,34.52032470703125
2025-11-26 10:19:24,30.481033325195312,99.98736312866211,99.99254592895508,30.481033325195312
2025-11-26 10:19:25,99.99041946411133,99.99701225280762,30.297348022460938,30.297348022460938
2025-11-26 10:19:26,43.387542724609375,43.387542724609375,99.99358245849609,43.55057144165039
2025-11-26 10:19:27,91.12007812499999,34.519371032714844,34.519371032714844,34.52075958251953
2025-11-26 10:19:28,99.99701225280762,99.99143310546874,99.99143310546874,99.99143310546874
2025-11-26 10:19:29,39.513450622558594,99.99701225280762,99.99701225280762,39.513450622558594
2025-11-26 10:19:30,35.84613800048828,34.98475646972656,99.99701225280762,34.98475646972656
2025-11-26 10:19:31,91.75033760070801,92.14488647460938,99.99283554077148,91.75033760070801
2025-11-26 10:19:32,99.99701225280762,34.94911193847656,34.94911193847656,99.99701225280762
2025-11-26 10:19:33,99.99701225280762,99.99078529357911,99.99078529357911,99.9963720703125
2025-11-26 10:19:34,99.9963720703125,99.9963720703125,99.9963720703125,99.9963720703125
2025-11-26 10:19:35,40.923622131347656,41.532630920410156,30.30266571044922,30.30266571044922
2025-11-26 10:19:36,92.57177444458007,92.57177444458007,92.46392631530762,92.46392631530762
2025-11-26 10:19:37,99.99701225280762,99.99701225280762,99.99701225280762,99.99701225280762
2025-11-26 10:19:38,99.99701225280762,99.99701225280762,99.99701225280762,99.99701225280762
2025-11-26 10:19:39,99.99701225280762,99.99701225280762,99.99701225280762,99.99701225280762
2025-11-26 10:19:40,99.99701225280762,99.99701225280762,99.99701225280762,99.99701225280762
2025-11-26 10:19:41,99.99253845214844,37.39613342285156,37.39613342285156,99.99253845214844
2025-11-26 10:19:42,17.271774291992188,37.10670471191406,96.44021270751954,17.271774291992188
2025-11-26 10:19:43,44.08909606933594,94.18842079162597,99.99701225280762,44.08909606933594
2025-11-26 10:19:44,99.99701225280762,99.99701225280762,30.292739868164062,30.292739868164062
2025-11-26 10:19:45,99.99701225280762,99.99701225280762,99.99701225280762,99.99701225280762
2025-11-26 10:19:46,20.268173217773438,20.268173217773438,99.99701225280762,25.82892608642578
2025-11-26 10:19:47,23.88555908203125,38.04187774658203,99.99204284667968,23.88555908203125
2025-11-26 10:19:48,33.90763854980469,33.90763854980469,33.90814208984375,33.90814208984375
2025-11-26 10:19:49,99.99650924682618,99.99650924682618,99.99650924682618,99.99650924682618
2025-11-26 10:19:50,99.99626533508301,99.99701225280762,99.99701225280762,99.99626533508301
2025-11-26 10:19:51,99.99701225280762,99.99701225280762,30.2984619140625,30.2984619140625
2025-11-26 10:19:52,99.99701225280762,99.99701225280762,99.99141029357911,99.99141029357911
2025-11-26 10:19:53,99.9963720703125,99.9963720703125,99.99701225280762,99.9963720703125
2025-11-26 10:19:54,52.9841194152832,53.846961975097656,99.99701225280762,52.9841194152832
2025-11-26 10:19:55,78.0478458404541,78.0478458404541,99.99701225280762,78.69071197509766
2025-11-26 10:19:56,99.99254592895508,99.99701225280762,99.99701225280762,99.99254592895508
2025-11-26 10:19:57,34.98290252685547,99.99701225280762,99.99701225280762,34.98290252685547
2025-11-26 10:19:58,99.99701225280762,99.99701225280762,99.99701225280762,99.99701225280762
2025-11-26 10:19:59,35.26819610595703,35.26819610595703,99.99701225280762,35.26819610595703
2025-11-26 10:20:00,99.99701225280762,99.99701225280762,99.99701225280762,99.99701225280762
2025-11-26 10:20:01,99.99701225280762,99.99701225280762,99.99701225280762,99.99701225280762
2025-11-26 10:20:02,99.99701225280762,99.99701225280762,99.99701225280762,99.99701225280762
2025-11-26 10:20:03,99.99701225280762,99.99701225280762,99.99701225280762,99.99701225280762
2025-11-26 10:20:04,99.99701225280762,99.99701225280762,99.99701225280762,99.99701225280762
2025-11-26 10:20:05,37.8939208984375,37.8939208984375,37.262245178222656,37.262245178222656
2025-11-26 10:20:06,97.04320930480957,36.25205612182617,35.55376434326172,35.55376434326172
2025-11-26 10:20:07,99.99701225280762,98.25671752929688,98.25671752929688,98.95436897277833
2025-11-26 10:20:08,99.99701225280762,99.99701225280762,99.99701225280762,99.99701225280762
2025-11-26 10:20:09,99.99701225280762,99.99701225280762,99.99701225280762,99.99701225280762
2025-11-26 10:20:10,99.99701225280762,99.99190567016602,99.99190567016602,99.99190567016602
2025-11-26 10:20:11,36.13606643676758,35.11528015136719,35.11528015136719,35.11528015136719
2025-11-26 10:20:12,98.14741371154786,98.36667694091797,99.05467910766602,98.14741371154786
2025-11-26 10:20:13,34.98399353027344,99.99701225280762,99.99701225280762,34.98399353027344
2025-11-26 10:20:14,99.99145599365234,99.99701225280762,99.99701225280762,99.99145599365234
2025-11-26 10:20:15,99.9963720703125,99.9963720703125,99.9963720703125,99.9963720703125
2025-11-26 10:20:16,40.33913803100586,40.33913803100586,99.99701225280762,40.50267028808594
2025-11-26 10:20:17,93.18790344238282,93.57216262817383,99.99701225280762,93.18790344238282
2025-11-26 10:20:18,44.3702507019043,44.3702507019043,99.99701225280762,44.64414596557617
2025-11-26 10:20:19,90.73148155212402,90.56845184326173,99.9963720703125,90.45758628845215
2025-11-26 10:20:20,99.99701225280762,99.99701225280762,99.99669212341308,99.99669212341308
2025-11-26 10:20:21,38.75768280029297,38.07032012939453,99.9963720703125,38.07032012939453
2025-11-26 10:20:22,95.75109771728516,31.42542266845703,99.99701225280762,31.42542266845703
2025-11-26 10:20:23,99.99701225280762,99.99142547607421,99.99701225280762,99.99142547607421
2025-11-26 10:20:24,99.99701225280762,99.99701225280762,99.99701225280762,99.99701225280762
2025-11-26 10:20:25,99.9963720703125,99.9963720703125,99.9963720703125,99.9963720703125
2025-11-26 10:20:26,36.40996170043945,49.04878234863281,49.13065719604492,36.40996170043945
2025-11-26 10:20:27,-27.12261199951172,27.199508666992188,15.107223510742188,-27.12261199951172
2025-11-26 10:20:28,91.34844970703125,91.66649055480957,99.99701225280762,91.34844970703125
2025-11-26 10:20:29,99.99701225280762,99.99701225280762,99.99701225280762,99.99701225280762
2025-11-26 10:20:30,99.99701225280762,99.99701225280762,99.99701225280762,99.99701225280762
2025-11-26 10:20:31,30.48419952392578,99.99701225280762,99.99701225280762,30.48419952392578
2025-11-26 10:20:32,38.39674377441406,38.39674377441406,99.99626533508301,99.98734024047852
2025-11-26 10:20:33,93.07437705993652,93.07437705993652,99.99701225280762,99.99701225280762
2025-11-26 10:20:34,99.99701225280762,99.99358245849609,99.99358245849609,99.99701225280762
2025-11-26 10:20:35,33.583412170410156,33.91119384765625,33.91119384765625,33.583412170410156
2025-11-26 10:20:36,99.98672286987305,99.99142547607421,99.99142547607421,99.98672286987305
2025-11-26 10:20:37,99.99701225280762,99.99701225280762,30.292861938476562,30.292861938476562
2025-11-26 10:20:38,99.99701225280762,99.99701225280762,99.99701225280762,99.99701225280762
2025-11-26 10:20:39,99.99701225280762,99.99701225280762,99.99701225280762,99.99701225280762
2025-11-26 10:20:40,35.101829528808594,35.101829528808594,40.587677001953125,35.101829528808594
2025-11-26 10:20:41,99.99650924682618,99.99650924682618,99.99701225280762,99.99650924682618
2025-11-26 10:20:42,99.99358245849609,99.99358245849609,99.99701225280762,99.99701225280762
2025-11-26 10:20:43,24.768722534179688,24.768722534179688,99.99701225280762,85.5413446044922
2025-11-26 10:20:44,41.34761428833008,41.34761428833008,99.99701225280762,41.59242630004883
2025-11-26 10:20:45,99.99140266418458,99.99190567016602,99.99204284667968,99.99140266418458
2025-11-26 10:20:46,30.523391723632812,33.90800476074219,33.90800476074219,30.523391723632812
2025-11-26 10:20:47,99.99600616455078,99.99600616455078,99.99626533508301,99.99626533508301
2025-11-26 10:20:48,99.99701225280762,99.99701225280762,99.99701225280762,99.99701225280762
2025-11-26 10:20:49,22.980873107910156,-22.794082641601562,99.9963720703125,-22.794082641601562
2025-11-26 10:20:50,46.990478515625,37.268890380859375,37.268890380859375,46.990478515625
2025-11-26 10:20:51,99.99701225280762,96.63080284118652,96.63080284118652,99.99701225280762
2025-11-26 10:20:52,99.99701225280762,99.99701225280762,99.99701225280762,99.99701225280762
2025-11-26 10:20:53,99.99701225280762,99.99701225280762,99.99701225280762,99.99701225280762
2025-11-26 10:20:54,99.99254592895508,99.99701225280762,99.99701225280762,99.99254592895508
2025-11-26 10:20:55,34.982879638671875,99.99701225280762,99.99701225280762,34.982879638671875
2025-11-26 10:20:56,99.99701225280762,99.9963720703125,99.9963720703125,99.9963720703125
2025-11-26 10:20:57,99.99701225280762,99.99701225280762,99.99701225280762,99.99701225280762
2025-11-26 10:20:58,99.9963720703125,99.99190567016602,99.99190567016602,99.99204284667968
2025-11-26 10:20:59,38.72916030883789,22.432586669921875,22.208534240722656,22.208534240722656
2025-11-26 10:21:00,99.98679908752442,44.65576934814453,-26.509254455566406,-26.509254455566406
2025-11-26 10:21:01,99.99701225280762,95.93078903198243,95.93078903198243,96.74072410583496
2025-11-26 10:21:02,99.99701225280762,99.99701225280762,99.99701225280762,99.99701225280762
2025-11-26 10:21:03,99.9963720703125,99.9963720703125,99.99701225280762,99.9963720703125
2025-11-26 10:21:04,99.9963720703125,99.9963720703125,99.9963720703125,99.9963720703125
2025-11-26 10:21:05,99.99701225280762,99.99701225280762,99.99701225280762,99.99701225280762
2025-11-26 10:21:06,34.983985900878906,99.99701225280762,99.99701225280762,34.983985900878906
2025-11-26 10:21:07,44.94747543334961,44.94747543334961,99.99701225280762,45.0548210144043
2025-11-26 10:21:08,89.56128021240235,89.45393562316895,99.9963720703125,89.45393562316895
2025-11-26 10:21:09,36.00294494628906,36.00294494628906,35.33765411376953,35.33765411376953
2025-11-26 10:21:10,97.98092361450195,98.19977531433105,98.86506462097168,97.98092361450195
2025-11-26 10:21:11,40.01112747192383,40.0119514465332,99.99701225280762,40.01112747192383
2025-11-26 10:21:12,99.98638748168945,99.98638748168945,99.99701225280762,99.98721069335937
2025-11-26 10:21:13,99.99701225280762,99.99701225280762,99.99701225280762,99.99701225280762
2025-11-26 10:21:14,99.9963720703125,99.9963720703125,99.9963720703125,99.9963720703125
2025-11-26 10:21:15,99.99701225280762,99.99701225280762,99.99701225280762,99.99701225280762
2025-11-26 10:21:16,99.99701225280762,99.99701225280762,99.99701225280762,99.99701225280762
2025-11-26 10:21:17,99.9963720703125,99.9963720703125,99.99701225280762,99.9963720703125
2025-11-26 10:21:18,99.99701225280762,99.99701225280762,99.99701225280762,99.99701225280762
2025-11-26 10:21:19,41.18600845336914,99.99701225280762,99.99701225280762,41.18600845336914
2025-11-26 10:21:20,94.2468571472168,99.99701225280762,99.99701225280762,94.2468571472168
2025-11-26 10:21:21,99.99459617614747,99.99459617614747,99.99701225280762,99.99588424682617
2025-11-26 10:21:22,34.519508361816406,34.52079772949219,99.99701225280762,34.519508361816406
2025-11-26 10:21:23,99.9897639465332,99.9897639465332,99.9963720703125,99.99040420532226
2025-11-26 10:21:24,99.99701225280762,99.99701225280762,99.99701225280762,99.99701225280762
2025-11-26 10:21:25,35.27379608154297,35.273292541503906,99.99701225280762,35.273292541503906
2025-11-26 10:21:26,81.91481399536133,16.432266235351562,99.99701225280762,16.432266235351562
2025-11-26 10:21:27,17.288192749023438,17.288192749023438,65.95628356933594,51.67448425292969
2025-11-26 10:21:28,63.584068298339844,63.584068298339844,63.587589263916016,63.587589263916016
2025-11-26 10:21:29,99.99701225280762,99.99701225280762,99.99701225280762,99.99701225280762
2025-11-26 10:21:30,99.99701225280762,99.99701225280762,99.99701225280762,99.99701225280762
2025-11-26 10:21:31,99.99701225280762,99.99701225280762,99.99701225280762,99.99701225280762
2025-11-26 10:21:32,36.16683578491211,36.16683578491211,99.9963720703125,99.9963720703125
2025-11-26 10:21:33,7.6848907470703125,95.3043017578125,99.99254592895508,7.6848907470703125
2025-11-26 10:21:34,51.51640701293945,99.99701225280762,30.297325134277344,30.297325134277344
2025-11-26 10:21:35,99.99190567016602,99.99190567016602,99.99254592895508,99.99254592895508
2025-11-26 10:21:36,21.43590545654297,21.43590545654297,33.68993377685547,33.68993377685547
2025-11-26 10:21:37,41.66621780395508,41.66621780395508,99.98734024047852,41.919193267822266
2025-11-26 10:21:38,99.99701225280762,99.99701225280762,30.292869567871094,30.292869567871094
2025-11-26 10:21:39,99.99701225280762,99.99459617614747,99.99459617614747,99.99701225280762
2025-11-26 10:21:40,99.9963720703125,33.91065216064453,33.91065216064453,99.9963720703125
2025-11-26 10:21:41,35.269325256347656,35.26831817626953,99.99064811706543,35.269325256347656
2025-11-26 10:21:42,99.99550315856933,99.99650924682618,99.99701225280762,99.99550315856933
2025-11-26 10:21:43,99.99701225280762,99.99701225280762,99.99701225280762,99.99701225280762
2025-11-26 10:21:44,99.99701225280762,99.99701225280762,99.99701225280762,99.99701225280762
2025-11-26 10:21:45,99.99701225280762,99.99701225280762,99.99701225280762,99.99701225280762
2025-11-26 10:21:46,38.27455520629883,38.27455520629883,30.30266571044922,30.30266571044922
2025-11-26 10:21:47,98.63414001464844,34.923187255859375,99.30009460449219,34.923187255859375
2025-11-26 10:21:48,30.522377014160156,99.9872055053711,99.99700927734375,30.522377014160156
2025-11-26 10:21:49,51.45705032348633,52.28437042236328,99.99701225280762,51.45705032348633
2025-11-26 10:21:50,14.792755126953125,14.792755126953125,99.99701225280762,80.21755790710449
2025-11-26 10:21:51,99.99128829956055,99.99128829956055,99.99701225280762,99.99701225280762
2025-11-26 10:21:52,99.99701225280762,99.99701225280762,99.99701225280762,99.99701225280762
2025-11-26 10:21:53,99.99254592895508,37.796470642089844,30.298484802246094,30.298484802246094
2025-11-26 10:21:54,34.982872009277344,99.87110054016114,99.87110054016114,34.982872009277344
2025-11-26 10:21:55,99.99701225280762,99.99701225280762,99.99701225280762,99.99701225280762
2025-11-26 10:21:56,99.99701225280762,99.99701225280762,99.99701225280762,99.99701225280762
2025-11-26 10:21:57,99.99701225280762,99.99701225280762,99.99701225280762,99.99701225280762
2025-11-26 10:21:58,99.9963720703125,99.9884529876709,99.9884529876709,99.98852920532227
2025-11-26 10:21:59,99.99701225280762,22.582969665527344,22.082374572753906,22.082374572753906
2025-11-26 10:22:00,39.22443389892578,39.22443389892578,41.29088592529297,39.443153381347656
2025-11-26 10:22:01,35.993865966796875,94.6871061706543,99.9963720703125,35.993865966796875
2025-11-26 10:22:02,93.66591026306152,99.99701225280762,99.99701225280762,93.66591026306152
2025-11-26 10:22:03,99.9963720703125,99.9963720703125,99.9963720703125,99.9963720703125
2025-11-26 10:22:04,99.99701225280762,99.99701225280762,99.99701225280762,99.99701225280762
2025-11-26 10:22:05,45.170719146728516,45.170719146728516,99.99701225280762,45.44461441040039
2025-11-26 10:22:06,29.8577880859375,29.8577880859375,39.87363052368164,39.87363052368164
2025-11-26 10:22:07,28.565650939941406,93.68601654052735,94.32914161682129,28.565650939941406
2025-11-26 10:22:08,99.99129592895508,99.99701225280762,99.99701225280762,99.99129592895508
2025-11-26 10:22:09,99.99701225280762,99.99701225280762,99.99701225280762,99.99701225280762
2025-11-26 10:22:10,99.99701225280762,99.99701225280762,99.99701225280762,99.99701225280762
2025-11-26 10:22:11,99.99701225280762,99.99701225280762,99.99701225280762,99.99701225280762
2025-11-26 10:22:12,99.99669212341308,99.99669212341308,99.99701225280762,99.99669212341308
2025-11-26 10:22:13,99.99669212341308,99.9963720703125,99.9963720703125,99.99669212341308
2025-11-26 10:22:14,99.99701225280762,99.99701225280762,99.99701225280762,99.99701225280762
2025-11-26 10:22:15,99.99701225280762,99.99701225280762,99.99701225280762,99.99701225280762
2025-11-26 10:22:16,40.1724967956543,39.542030334472656,99.99701225280762,39.542030334472656
2025-11-26 10:22:17,28.85710906982422,28.85710906982422,99.99701225280762,34.51795196533203
2025-11-26 10:22:18,99.9903889465332,99.9903889465332,99.99701225280762,99.99142547607421
2025-11-26 10:22:19,99.99701225280762,99.99701225280762,99.99701225280762,99.99701225280762
2025-11-26 10:22:20,34.219635009765625,34.22026062011719,34.32823944091797,34.219635009765625
2025-11-26 10:22:21,35.25877380371094,35.27330780029297,99.874507522583,35.25877380371094
2025-11-26 10:22:22,99.99193618774414,34.98262023925781,99.99701225280762,34.98262023925781
2025-11-26 10:22:23,99.99701225280762,99.98774421691894,99.99701225280762,99.98774421691894
2025-11-26 10:22:24,99.99701225280762,99.99701225280762,99.99701225280762,99.99701225280762
2025-11-26 10:22:25,99.99701225280762,99.99701225280762,99.99701225280762,99.99701225280762
2025-11-26 10:22:26,99.99701225280762,99.9963720703125,99.9963720703125,99.9963720703125
2025-11-26 10:22:27,35.66217041015625,99.99701225280762,99.99701225280762,35.66217041015625
2025-11-26 10:22:28,99.98695915222169,99.99358245849609,99.99701225280762,99.98695915222169
2025-11-26 10:22:29,35.10417175292969,35.10313415527344,99.9963720703125,35.10313415527344
2025-11-26 10:22:30,30.47998046875,36.009986877441406,99.99254592895508,30.47998046875
2025-11-26 10:22:31,99.01399406433106,99.01399406433106,30.29735565185547,30.29735565185547
2025-11-26 10:22:32,99.99701225280762,99.99701225280762,99.99701225280762,99.99701225280762
2025-11-26 10:22:33,99.9963720703125,99.9963720703125,99.9963720703125,99.9963720703125
2025-11-26 10:22:34,99.99701225280762,99.99459617614747,99.99459617614747,99.99701225280762
2025-11-26 10:22:35,99.99701225280762,33.91065979003906,33.91065979003906,99.99701225280762
2025-11-26 10:22:36,99.99701225280762,99.99144073486327,99.99144073486327,99.99701225280762
2025-11-26 10:22:37,39.2417106628418,39.2417106628418,38.6435546875,38.6435546875
2025-11-26 10:22:38,95.69106101989746,95.69106101989746,96.28921798706055,96.28921798706055
2025-11-26 10:22:39,23.32872772216797,23.32872772216797,30.298477172851562,30.298477172851562
2025-11-26 10:22:40,43.009403228759766,43.009403228759766,99.99129592895508,99.99129592895508
2025-11-26 10:22:41,31.41357421875,31.41357421875,99.99636840820312,99.99636840820312
2025-11-26 10:22:42,51.99955749511719,52.823524475097656,99.99700927734375,51.99955749511719
2025-11-26 10:22:43,81.01558685302734,81.01558685302734,99.99700927734375,81.6257095336914
2025-11-26 10:22:44,99.99700927734375,99.99700927734375,99.99700927734375,99.99700927734375
2025-11-26 10:22:45,99.99700927734375,37.870338439941406,37.870338439941406,99.99700927734375
2025-11-26 10:22:46,99.99701225280762,96.02933074951171,96.02933074951171,99.99701225280762
2025-11-26 10:22:47,99.99701225280762,99.99254592895508,30.29399871826172,30.29399871826172
2025-11-26 10:22:48,99.99701225280762,34.988197326660156,35.106163024902344,34.988197326660156
2025-11-26 10:22:49,99.99701225280762,99.98736312866211,99.99448944091797,99.98736312866211
2025-11-26 10:22:50,99.9963720703125,99.9963720703125,30.29224395751953,30.29224395751953
2025-11-26 10:22:51,99.99254592895508,99.9963720703125,99.9963720703125,99.99254592895508
2025-11-26 10:22:52,34.98290252685547,99.99701225280762,99.99701225280762,34.98290252685547
2025-11-26 10:22:53,99.99573181152344,99.99573181152344,99.99701225280762,99.99573181152344
2025-11-26 10:22:54,99.99701225280762,99.99701225280762,99.99701225280762,99.99701225280762
2025-11-26 10:22:55,99.99701225280762,99.99701225280762,99.99701225280762,99.99701225280762
2025-11-26 10:22:56,99.99253845214844,99.99700927734375,99.99700927734375,99.99253845214844
2025-11-26 10:22:57,30.47887420654297,99.99700927734375,99.99701225280762,30.47887420654297
2025-11-26 10:22:58,99.9963720703125,99.9963720703125,99.9963720703125,99.9963720703125
2025-11-26 10:22:59,99.99701225280762,99.99701225280762,99.99701225280762,99.99701225280762
2025-11-26 10:23:00,99.99701225280762,99.99701225280762,99.99701225280762,99.99701225280762
2025-11-26 10:23:01,99.99701225280762,99.99701225280762,99.99701225280762,99.99701225280762
2025-11-26 10:23:02,99.99701225280762,99.99701225280762,99.99701225280762,99.99701225280762
2025-11-26 10:23:03,99.99701225280762,99.99701225280762,99.99701225280762,99.99701225280762
2025-11-26 10:23:04,99.99701225280762,99.99701225280762,99.99701225280762,99.99701225280762
2025-11-26 10:23:05,99.99701225280762,99.99701225280762,99.99701225280762,99.99701225280762
2025-11-26 10:23:06,99.99701225280762,99.99701225280762,99.99701225280762,99.99701225280762
2025-11-26 10:23:07,-29.667098999023438,35.19799041748047,35.83741760253906,-29.667098999023438
2025-11-26 10:23:08,97.66577102661132,97.66577102661132,97.5577857208252,97.5577857208252
2025-11-26 10:23:09,35.43815612792969,35.43815612792969,50.71387481689453,35.63127899169922
2025-11-26 10:23:10,-16.57367706298828,40.73237609863281,91.55002212524414,-16.57367706298828
2025-11-26 10:23:11,97.70127319335937,99.99600616455078,99.9963720703125,97.70127319335937
2025-11-26 10:23:12,99.99701225280762,99.99701225280762,99.99701225280762,99.99701225280762
2025-11-26 10:23:13,99.99588424682617,37.95881271362305,37.23834228515625,37.23834228515625
2025-11-26 10:23:14,34.52217102050781,34.52217102050781,97.14357284545899,34.52217102050781
2025-11-26 10:23:15,99.98706588745117,99.98706588745117,99.99701225280762,99.98706588745117
2025-11-26 10:23:16,99.99701225280762,99.99701225280762,99.99701225280762,99.99701225280762
2025-11-26 10:23:17,34.983985900878906,40.490692138671875,99.99701225280762,34.983985900878906
2025-11-26 10:23:18,93.35336448669433,93.35336448669433,99.99701225280762,93.90719268798829
2025-11-26 10:23:19,99.99701225280762,99.99701225280762,99.99701225280762,99.99701225280762
2025-11-26 10:23:20,35.66166687011719,99.99701225280762,99.99701225280762,35.66166687011719
2025-11-26 10:23:21,99.99143310546874,99.99644828796387,99.99644828796387,99.99143310546874
2025-11-26 10:23:22,30.415191650390625,33.84220886230469,30.232467651367188,30.232467651367188
2025-11-26 10:23:23,99.98720306396484,99.99142547607421,99.98709632873535,99.98709632873535
2025-11-26 10:23:24,62.40814208984375,20.404876708984375,99.99701225280762,20.405380249023438
2025-11-26 10:23:25,72.13038444519043,45.88718032836914,99.99701225280762,45.88667678833008
2025-11-26 10:23:26,25.6904296875,25.6904296875,99.99254592895508,92.21117309570313
2025-11-26 10:23:27,33.90021514892578,33.90021514892578,29.7125244140625,29.7125244140625
2025-11-26 10:23:28,34.94493103027344,34.94493103027344,34.944427490234375,34.944427490234375
2025-11-26 10:23:29,99.99600616455078,99.99600616455078,99.99650924682618,99.99650924682618
2025-11-26 10:23:30,99.99669212341308,99.99669212341308,99.99669212341308,99.99669212341308
2025-11-26 10:23:31,99.99669212341308,99.99669212341308,99.99669212341308,99.99669212341308
2025-11-26 10:23:32,99.99701225280762,99.99701225280762,99.99701225280762,99.99701225280762
2025-11-26 10:23:33,99.99701225280762,99.99701225280762,99.99701225280762,99.99701225280762
2025-11-26 10:23:34,52.88277816772461,53.71251678466797,99.99701225280762,52.88277816772461
2025-11-26 10:23:35,80.19891548156738,80.19891548156738,99.99701225280762,80.82999801635742
2025-11-26 10:23:36,99.99701225280762,99.99701225280762,99.99701225280762,99.99701225280762
2025-11-26 10:23:37,99.9963720703125,99.9963720703125,99.9963720703125,99.9963720703125
2025-11-26 10:23:38,35.363800048828125,36.0286750793457,99.99701225280762,35.363800048828125
2025-11-26 10:23:39,98.47957061767578,98.47957061767578,99.99701225280762,99.14444831848145
2025-11-26 10:23:40,99.99701225280762,99.99701225280762,99.99701225280762,99.99701225280762
2025-11-26 10:23:41,99.99701225280762,99.99701225280762,99.99701225280762,99.99701225280762
2025-11-26 10:23:42,99.99701225280762,99.99701225280762,99.99701225280762,99.99701225280762
2025-11-26 10:23:43,99.9963720703125,35.15679168701172,99.99140266418458,35.15679168701172
2025-11-26 10:23:44,99.99701225280762,35.11022186279297,30.290496826171875,30.290496826171875
2025-11-26 10:23:45,99.99701225280762,99.99701225280762,99.99701225280762,99.99701225280762
2025-11-26 10:23:46,99.99701225280762,99.99701225280762,99.99701225280762,99.99701225280762
2025-11-26 10:23:47,39.765785217285156,39.765785217285156,39.15626907348633,39.15626907348633
2025-11-26 10:23:48,94.13387969970704,94.13387969970704,94.74339294433594,94.74339294433594
2025-11-26 10:23:49,34.91786193847656,38.36626434326172,38.36626434326172,34.91786193847656
2025-11-26 10:23:50,30.47834014892578,38.92491149902344,95.47199630737305,30.47834014892578
2025-11-26 10:23:51,99.98711158752441,99.98711158752441,99.99701225280762,99.99701225280762
2025-11-26 10:23:52,99.99701225280762,99.99701225280762,99.99701225280762,99.99701225280762
2025-11-26 10:23:53,99.99701225280762,99.99701225280762,99.99701225280762,99.99701225280762
2025-11-26 10:23:54,99.99701225280762,99.99701225280762,99.99701225280762,99.99701225280762
2025-11-26 10:23:55,99.9963720703125,99.9963720703125,30.297821044921875,30.297821044921875
2025-11-26 10:23:56,99.99701225280762,36.25141525268555,35.54741668701172,35.54741668701172
2025-11-26 10:23:57,99.9963720703125,98.25669479370117,98.25669479370117,98.95509300231933
2025-11-26 10:23:58,35.270751953125,35.26923370361328,99.99701225280762,35.26923370361328
2025-11-26 10:23:59,99.99448944091797,99.99600616455078,99.99701225280762,99.99448944091797
2025-11-26 10:24:00,99.99701225280762,99.99701225280762,99.99701225280762,99.99701225280762
2025-11-26 10:24:01,99.99701225280762,99.99701225280762,99.99701225280762,99.99701225280762
2025-11-26 10:24:02,99.99701225280762,99.99701225280762,99.99701225280762,99.99701225280762
2025-11-26 10:24:03,99.9963720703125,99.9963720703125,99.99701225280762,99.9963720703125
2025-11-26 10:24:04,13.95697021484375,14.160392761230469,36.64597702026367,13.95697021484375
2025-11-26 10:24:05,55.43737030029297,55.43737030029297,99.5846743774414,55.490020751953125
2025-11-26 10:24:06,28.30413818359375,73.36347961425781,73.16160583496094,28.30413818359375
2025-11-26 10:24:07,30.764442443847656,56.980201721191406,57.18207550048828,30.764442443847656
2025-11-26 10:24:08,99.99644828796387,99.99588424682617,99.99701225280762,99.99588424682617
2025-11-26 10:24:09,35.10089874267578,35.10082244873047,99.9963720703125,35.10082244873047
2025-11-26 10:24:10,41.87978744506836,41.15940856933594,99.99701225280762,41.2702751159668
2025-11-26 10:24:11,92.62855674743652,92.62855674743652,30.30266571044922,30.30266571044922
2025-11-26 10:24:12,35.11193084716797,35.112403869628906,99.98735549926758,35.11193084716797
2025-11-26 10:24:13,99.99040420532226,99.99040420532226,99.99701225280762,99.99144073486327
2025-11-26 10:24:14,99.99701225280762,33.909278869628906,33.909278869628906,99.99701225280762
2025-11-26 10:24:15,38.978660583496094,38.978660583496094,99.99006881713868,99.99669212341308
2025-11-26 10:24:16,35.662147521972656,99.99448944091797,99.99427604675293,35.662147521972656
2025-11-26 10:24:17,42.206329345703125,99.99701225280762,30.29541015625,30.29541015625
2025-11-26 10:24:18,93.24265815734863,99.9963720703125,99.9963720703125,93.24265815734863
2025-11-26 10:24:19,99.99701225280762,99.99701225280762,99.99701225280762,99.99701225280762
2025-11-26 10:24:20,99.99701225280762,99.99701225280762,99.99701225280762,99.99701225280762
2025-11-26 10:24:21,99.99701225280762,99.99701225280762,99.99701225280762,99.99701225280762
2025-11-26 10:24:22,30.47998809814453,99.99701225280762,99.99701225280762,30.47998809814453
2025-11-26 10:24:23,99.99142547607421,99.99701225280762,99.99701225280762,99.99142547607421
2025-11-26 10:24:24,92.0637068939209,30.84937286376953,99.99573181152344,30.949203491210938
2025-11-26 10:24:25,39.41517639160156,28.927993774414062,99.99701225280762,28.828163146972656
2025-11-26 10:24:26,99.99153984069824,99.99153984069824,99.99254592895508,99.99254592895508
2025-11-26 10:24:27,34.94966125488281,34.94966125488281,34.947105407714844,34.947105407714844
2025-11-26 10:24:28,99.99192810058594,99.99192810058594,99.9944839477539,99.9944839477539
2025-11-26 10:24:29,99.99700927734375,99.99700927734375,99.99700927734375,99.99700927734375
2025-11-26 10:24:30,99.99636840820312,99.99636840820312,99.99700927734375,99.99636840820312
2025-11-26 10:24:31,49.20356750488281,49.98384094238281,99.99700927734375,49.20356750488281
2025-11-26 10:24:32,83.87747383117676,83.87747383117676,30.300926208496094,30.300926208496094
2025-11-26 10:24:33,84.72297477722168,99.99701522827148,99.99701522827148,84.72297477722168
2025-11-26 10:24:34,99.99701225280762,99.99701225280762,99.99651268005371,99.99651268005371
2025-11-26 10:24:35,99.99701225280762,99.99701225280762,99.99701225280762,99.99701225280762
2025-11-26 10:24:36,99.99700927734375,99.99700927734375,99.99700927734375,99.99700927734375
2025-11-26 10:24:37,99.99700927734375,99.99700927734375,99.99700927734375,99.99700927734375
2025-11-26 10:24:38,99.99701225280762,99.99701225280762,99.99701225280762,99.99701225280762
2025-11-26 10:24:39,99.99701225280762,99.99701225280762,99.99701225280762,99.99701225280762
2025-11-26 10:24:40,99.99701225280762,99.99701225280762,99.99701225280762,99.99701225280762
2025-11-26 10:24:41,99.9963720703125,39.87715148925781,39.87715148925781,99.9963720703125
2025-11-26 10:24:42,99.99701225280762,94.02177856445313,94.02177856445313,99.9963720703125
2025-11-26 10:24:43,-21.343536376953125,-21.343536376953125,39.6004524230957,38.16682815551758
2025-11-26 10:24:44,97.74367309570313,97.74367309570313,98.64295089721679,98.64295089721679
2025-11-26 10:24:45,99.99701225280762,99.99204284667968,99.99204284667968,99.99204284667968
2025-11-26 10:24:46,99.99701225280762,34.51721954345703,34.51721954345703,34.51721954345703
2025-11-26 10:24:47,99.99701225280762,99.99650924682618,99.99650924682618,99.99650924682618
2025-11-26 10:24:48,99.99701225280762,35.56902313232422,99.99701225280762,35.569435119628906
2025-11-26 10:24:49,99.99669212341308,99.40593612670898,99.99669212341308,99.40552452087402
2025-11-26 10:24:50,99.99669212341308,99.99669212341308,99.99669212341308,99.99669212341308
2025-11-26 10:24:51,99.99701225280762,99.99701225280762,99.99701225280762,99.99701225280762
2025-11-26 10:24:52,99.99701225280762,99.99701225280762,99.99701225280762,99.99701225280762
2025-11-26 10:24:53,99.99254592895508,99.99701225280762,99.99701225280762,99.99254592895508
2025-11-26 10:24:54,34.982078552246094,99.99573181152344,99.9963720703125,34.982078552246094
2025-11-26 10:24:55,99.99254592895508,99.99701225280762,99.99701225280762,99.99254592895508
2025-11-26 10:24:56,30.478744506835938,99.99701225280762,99.99701225280762,30.478744506835938
2025-11-26 10:24:57,99.99701225280762,99.99701225280762,99.99701225280762,99.99701225280762
2025-11-26 10:24:58,99.99701225280762,99.99701225280762,99.99701225280762,99.99701225280762
2025-11-26 10:24:59,99.99701225280762,99.99701225280762,99.99701225280762,99.99701225280762
2025-11-26 10:25:00,99.99701225280762,99.99701225280762,99.99701225280762,99.99701225280762
2025-11-26 10:25:01,40.618568420410156,40.618568420410156,99.99701225280762,40.8367805480957
2025-11-26 10:25:02,29.821975708007812,29.821975708007812,35.91638946533203,29.823028564453125
2025-11-26 10:25:03,33.42311096191406,34.236351013183594,30.29845428466797,30.29845428466797
2025-11-26 10:25:04,34.979454040527344,94.1338720703125,99.99078529357911,34.979454040527344
2025-11-26 10:25:05,99.99040420532226,36.232635498046875,35.45648193359375,35.45648193359375
2025-11-26 10:25:06,99.99701225280762,98.86908897399903,98.86908897399903,99.64524459838867
2025-11-26 10:25:07,31.48388671875,31.48388671875,99.99701225280762,99.99644828796387
2025-11-26 10:25:08,35.26713562011719,35.26826477050781,99.99701225280762,35.26713562011719
2025-11-26 10:25:09,17.40411376953125,17.767105102539062,83.37270545959473,17.40411376953125
2025-11-26 10:25:10,45.00682067871094,45.00682067871094,44.88603591918945,44.88603591918945
2025-11-26 10:25:11,99.99701225280762,99.99701225280762,30.30266571044922,30.30266571044922
2025-11-26 10:25:12,99.9963720703125,99.9963720703125,99.98657806396484,99.98657806396484
2025-11-26 10:25:13,99.99701225280762,33.91294860839844,33.91294860839844,99.99701225280762
2025-11-26 10:25:14,99.99701225280762,99.98724876403809,99.98724876403809,99.99701225280762
2025-11-26 10:25:15,35.10590362548828,35.10540008544922,99.99701225280762,35.10590362548828
2025-11-26 10:25:16,43.47260284423828,99.99193618774414,99.99701225280762,43.47260284423828
2025-11-26 10:25:17,22.668312072753906,99.99701225280762,99.99701225280762,22.668312072753906
2025-11-26 10:25:18,41.77244567871094,41.16343307495117,30.292869567871094,30.292869567871094
2025-11-26 10:25:19,34.54962921142578,34.54962921142578,99.99701225280762,35.32167053222656
2025-11-26 10:25:20,92.12581680297852,91.96278671264648,99.99701225280762,91.96278671264648
2025-11-26 10:25:21,99.99701225280762,99.99701225280762,99.99701225280762,99.99701225280762
2025-11-26 10:25:22,99.9963720703125,99.9963720703125,30.2923583984375,30.2923583984375
2025-11-26 10:25:23,99.99701225280762,99.99701225280762,99.99701225280762,99.99701225280762
2025-11-26 10:25:24,99.99254592895508,34.988197326660156,99.99254592895508,34.988197326660156
2025-11-26 10:25:25,34.94963073730469,34.94963073730469,34.94706726074219,34.94706726074219
2025-11-26 10:25:26,99.99192855834961,99.99192855834961,99.99448944091797,99.99448944091797
2025-11-26 10:25:27,46.5517692565918,47.437191009521484,99.9963720703125,46.5517692565918
2025-11-26 10:25:28,84.45698738098145,84.45698738098145,99.99701225280762,85.12168212890626
2025-11-26 10:25:29,99.99636840820312,99.99636840820312,99.99636840820312,99.99636840820312
2025-11-26 10:25:30,99.99700927734375,99.99700927734375,99.99700927734375,99.99700927734375
2025-11-26 10:25:31,99.99700927734375,99.99700927734375,99.99700927734375,99.99700927734375
2025-11-26 10:25:32,99.99700927734375,99.99700927734375,99.99700927734375,99.99700927734375
2025-11-26 10:25:33,99.99700927734375,99.99700927734375,99.99700927734375,99.99700927734375
2025-11-26 10:25:34,99.99700927734375,99.99700927734375,99.99700927734375,99.99700927734375
2025-11-26 10:25:35,99.99700927734375,99.99700927734375,99.99700927734375,99.99700927734375
2025-11-26 10:25:36,99.99701225280762,99.99701225280762,99.99701225280762,99.99701225280762
2025-11-26 10:25:37,41.07061767578125,40.24638366699219,40.24638366699219,40.36127471923828
2025-11-26 10:25:38,93.86585998535156,93.86585998535156,94.57584335327148,94.57584335327148
2025-11-26 10:25:39,99.9963720703125,99.9963720703125,99.9963720703125,99.9963720703125
2025-11-26 10:25:40,99.99701225280762,99.99701225280762,99.99701225280762,99.99701225280762
2025-11-26 10:25:41,99.99701225280762,99.99254592895508,99.99254592895508,99.99254592895508
2025-11-26 10:25:42,99.99701225280762,34.52130889892578,34.518768310546875,34.518768310546875
2025-11-26 10:25:43,99.99701225280762,36.3828125,99.99194381713868,36.49367904663086
2025-11-26 10:25:44,99.99701225280762,98.59258628845215,99.99701225280762,98.48171997070312
2025-11-26 10:25:45,99.99701225280762,99.99701225280762,99.99701225280762,99.99701225280762
2025-11-26 10:25:46,99.99254592895508,99.99701225280762,99.99701225280762,99.99254592895508
2025-11-26 10:25:47,30.478225708007812,99.9963720703125,99.9963720703125,30.478225708007812
2025-11-26 10:25:48,99.9963720703125,99.9963720703125,99.99701225280762,99.9963720703125
2025-11-26 10:25:49,99.99701225280762,99.9963720703125,99.9963720703125,99.9963720703125
2025-11-26 10:25:50,99.99701225280762,99.99701225280762,99.99701225280762,99.99701225280762
2025-11-26 10:25:51,99.99701225280762,99.99701225280762,99.99701225280762,99.99701225280762
2025-11-26 10:25:52,99.99701225280762,99.9963720703125,99.9963720703125,99.9963720703125
2025-11-26 10:25:53,36.95173263549805,37.53885269165039,37.64725112915039,36.95173263549805
2025-11-26 10:25:54,25.09095001220703,69.73589897155762,69.32549667358398,25.09095001220703
2025-11-26 10:25:55,-1.283172607421875,25.214889526367188,60.035797119140625,-1.283172607421875
2025-11-26 10:25:56,77.02047729492188,77.02047729492188,99.99600616455078,77.74035263061523
2025-11-26 10:25:57,38.98542022705078,38.98542022705078,99.99701225280762,99.99701225280762
2025-11-26 10:25:58,99.98722587585449,99.98722587585449,30.29845428466797,30.29845428466797
2025-11-26 10:25:59,35.10089111328125,35.10032653808594,99.99145599365234,35.10032653808594
2025-11-26 10:26:00,31.372108459472656,31.372108459472656,99.99701225280762,99.99701225280762
2025-11-26 10:26:01,99.9865323638916,99.9865323638916,99.99701225280762,99.99644828796387
2025-11-26 10:26:02,28.620162963867188,28.620162963867188,99.99701225280762,28.750633239746094
2025-11-26 10:26:03,37.340763092041016,37.4705924987793,99.9963720703125,37.340763092041016
2025-11-26 10:26:04,99.99093772888183,99.99093772888183,30.30266571044922,30.30266571044922
2025-11-26 10:26:05,34.98333740234375,34.94938659667969,34.94938659667969,34.98333740234375
2025-11-26 10:26:06,99.99092247009277,99.98772132873535,99.98772132873535,99.99092247009277
2025-11-26 10:26:07,99.99701225280762,99.99701225280762,30.29285430908203,30.29285430908203
2025-11-26 10:26:08,99.99067092895508,36.140777587890625,35.44237518310547,35.44237518310547
2025-11-26 10:26:09,34.984230041503906,98.36798027038574,98.36798027038574,34.984230041503906
2025-11-26 10:26:10,43.695343017578125,99.99701225280762,99.99701225280762,43.695343017578125
2025-11-26 10:26:11,91.73688507080078,99.9963720703125,99.9963720703125,91.73688507080078
2025-11-26 10:26:12,99.99701225280762,99.99701225280762,99.99701225280762,99.99701225280762
2025-11-26 10:26:13,99.99701225280762,99.99701225280762,99.99701225280762,99.99701225280762
2025-11-26 10:26:14,99.99701225280762,99.99701225280762,99.99701225280762,99.99701225280762
2025-11-26 10:26:15,35.10527801513672,35.105918884277344,99.99701225280762,35.10527801513672
2025-11-26 10:26:16,99.99142547607421,99.99142547607421,99.99701225280762,99.99142547607421
2025-11-26 10:26:17,99.99701225280762,99.99701225280762,99.99701225280762,99.99701225280762
2025-11-26 10:26:18,99.99701225280762,99.99701225280762,99.99701225280762,99.99701225280762
2025-11-26 10:26:19,99.99701225280762,99.99669212341308,99.9963720703125,99.9963720703125
2025-11-26 10:26:20,43.14399719238281,43.14399719238281,30.292869567871094,30.292869567871094
2025-11-26 10:26:21,30.47998809814453,91.7390193939209,99.99701225280762,30.47998809814453
2025-11-26 10:26:22,99.99142547607421,99.99701225280762,99.99701225280762,99.99142547607421
2025-11-26 10:26:23,42.250526428222656,41.563758850097656,99.99701225280762,41.674625396728516
2025-11-26 10:26:24,92.85110473632812,92.85110473632812,99.9963720703125,93.42700576782227
2025-11-26 10:26:25,99.99701225280762,99.99701225280762,99.99701225280762,99.99701225280762
2025-11-26 10:26:26,99.99701225280762,99.99701225280762,99.99701225280762,99.99701225280762
2025-11-26 10:26:27,99.9963720703125,99.9963720703125,99.99701225280762,99.9963720703125
2025-11-26 10:26:28,99.99701225280762,99.99701225280762,99.99701225280762,99.99701225280762
2025-11-26 10:26:29,99.99701225280762,99.99701225280762,99.99701225280762,99.99701225280762
2025-11-26 10:26:30,99.99701225280762,99.99701225280762,99.99701225280762,99.99701225280762
2025-11-26 10:26:31,99.99701225280762,99.99701225280762,99.99701225280762,99.99701225280762
2025-11-26 10:26:32,43.42976760864258,44.2601432800293,99.9963720703125,43.42976760864258
2025-11-26 10:26:33,87.63020515441895,87.63020515441895,99.99254592895508,88.24418548583984
2025-11-26 10:26:34,33.91271209716797,33.91271209716797,33.912071228027344,33.912071228027344
2025-11-26 10:26:35,99.99142547607421,36.86751174926758,36.86751174926758,99.9872183227539
2025-11-26 10:26:36,99.9963720703125,97.03216552734375,97.03216552734375,99.9963720703125
2025-11-26 10:26:37,99.9963720703125,99.9963720703125,99.9963720703125,99.9963720703125
2025-11-26 10:26:38,99.99701225280762,99.99701225280762,99.99701225280762,99.99701225280762
2025-11-26 10:26:39,8.202865600585938,8.202865600585938,7.631370544433594,7.631370544433594
2025-11-26 10:26:40,61.529808044433594,61.529808044433594,62.1013069152832,62.1013069152832
2025-11-26 10:26:41,99.99701225280762,99.99701225280762,99.99701225280762,99.99701225280762
2025-11-26 10:26:42,99.99701225280762,36.54977798461914,99.99701225280762,36.54977798461914
2025-11-26 10:26:43,99.99701225280762,98.42565414428711,99.99701225280762,98.42565414428711
2025-11-26 10:26:44,99.99701225280762,99.99701225280762,99.99701225280762,99.99701225280762
2025-11-26 10:26:45,99.99701225280762,99.99701225280762,99.99701225280762,99.99701225280762
2025-11-26 10:26:46,99.99701225280762,99.9963720703125,99.9963720703125,99.9963720703125
2025-11-26 10:26:47,99.99701225280762,36.62055969238281,35.95526885986328,35.95526885986328
2025-11-26 10:26:48,99.99254592895508,33.003028869628906,33.003028869628906,33.670989990234375
2025-11-26 10:26:49,21.27031707763672,21.27031707763672,89.49469665527343,30.47899627685547
2025-11-26 10:26:50,-17.217529296875,-17.217529296875,39.47626495361328,-17.187843322753906
2025-11-26 10:26:51,99.99600616455078,99.99600616455078,99.99600616455078,99.99600616455078
2025-11-26 10:26:52,35.26770782470703,35.26770782470703,99.99701225280762,35.26770782470703
2025-11-26 10:26:53,99.99701225280762,99.99701225280762,99.99701225280762,99.99701225280762
2025-11-26 10:26:54,99.99701225280762,99.99701225280762,99.99701225280762,99.99701225280762
2025-11-26 10:26:55,99.99701225280762,99.99701225280762,30.299484252929688,30.299484252929688
2025-11-26 10:26:56,99.99701225280762,99.99701225280762,99.99040420532226,99.99040420532226
2025-11-26 10:26:57,35.66217041015625,36.845584869384766,99.99701225280762,35.66217041015625
2025-11-26 10:26:58,95.6495223236084,95.6495223236084,99.9963720703125,99.99078529357911
2025-11-26 10:26:59,35.11451721191406,35.115081787109375,99.99701225280762,35.11451721191406
2025-11-26 10:27:00,99.98771369934082,99.98771369934082,99.99701225280762,99.98771369934082
2025-11-26 10:27:01,99.9963720703125,33.912445068359375,33.912445068359375,99.9963720703125
2025-11-26 10:27:02,99.9963720703125,99.98724113464355,99.98724113464355,99.9963720703125
2025-11-26 10:27:03,99.99701225280762,99.99701225280762,30.30266571044922,30.30266571044922
2025-11-26 10:27:04,99.99254592895508,99.99701225280762,99.98732498168945,99.98732498168945
2025-11-26 10:27:05,34.98284149169922,99.99701225280762,99.99701225280762,34.98284149169922
2025-11-26 10:27:06,40.01593017578125,40.01593017578125,30.292869567871094,30.292869567871094
2025-11-26 10:27:07,93.41063453674316,93.89422035217285,99.99701225280762,93.41063453674316
2025-11-26 10:27:08,40.4876708984375,40.4876708984375,99.99701225280762,40.59552001953125
2025-11-26 10:27:09,91.1796502685547,93.91310737609864,99.9963720703125,91.1796502685547
2025-11-26 10:27:10,99.99701225280762,99.99701225280762,99.99701225280762,99.99701225280762
2025-11-26 10:27:11,99.99701225280762,99.99701225280762,99.99701225280762,99.99701225280762
2025-11-26 10:27:12,99.9963720703125,99.99573181152344,99.99573181152344,99.9963720703125
2025-11-26 10:27:13,34.983985900878906,99.99701225280762,99.99701225280762,34.983985900878906
2025-11-26 10:27:14,99.99142547607421,99.99701225280762,99.99701225280762,99.99142547607421
2025-11-26 10:27:15,99.99701225280762,99.99701225280762,99.99701225280762,99.99701225280762
2025-11-26 10:27:16,35.10603332519531,35.10603332519531,99.99701225280762,35.10603332519531
2025-11-26 10:27:17,99.99142547607421,99.99142547607421,99.99701225280762,99.99142547607421
2025-11-26 10:27:18,99.99701225280762,99.99701225280762,99.99701225280762,99.99701225280762
2025-11-26 10:27:19,99.99588424682617,99.9963720703125,30.291702270507812,30.291702270507812
2025-11-26 10:27:20,30.475547790527344,42.38547897338867,99.99701225280762,30.475547790527344
2025-11-26 10:27:21,91.45857620239258,91.45857620239258,99.99701225280762,92.12327102661133
2025-11-26 10:27:22,99.99701225280762,99.99701225280762,99.99701225280762,99.99701225280762
2025-11-26 10:27:23,99.99701225280762,99.99701225280762,99.99701225280762,99.99701225280762
2025-11-26 10:27:24,99.99701225280762,99.99701225280762,99.99701225280762,99.99701225280762
2025-11-26 10:27:25,99.99573181152344,99.99573181152344,99.99573181152344,99.99573181152344
2025-11-26 10:27:26,99.99701225280762,99.99701225280762,99.99701225280762,99.99701225280762
2025-11-26 10:27:27,37.04500961303711,37.04500961303711,36.42436981201172,36.42436981201172
2025-11-26 10:27:28,96.85428855895996,96.85428855895996,97.47492958068848,97.47492958068848
2025-11-26 10:27:29,99.99701225280762,99.99701225280762,99.99701225280762,99.99701225280762
2025-11-26 10:27:30,99.99701225280762,99.99701225280762,99.99701225280762,99.99701225280762
2025-11-26 10:27:31,99.99701225280762,34.988197326660156,99.99701225280762,34.988197326660156
2025-11-26 10:27:32,99.99701225280762,99.98734786987305,99.99701225280762,99.98734786987305
2025-11-26 10:27:33,99.99701225280762,36.41901779174805,35.75373077392578,35.75373077392578
2025-11-26 10:27:34,99.99701225280762,98.08975509643555,98.08975509643555,98.75504432678223
2025-11-26 10:27:35,43.519203186035156,44.34843444824219,99.99701225280762,43.519203186035156
2025-11-26 10:27:36,89.56301879882812,89.56301879882812,99.99701225280762,90.17202850341798
2025-11-26 10:27:37,99.99701225280762,37.55219268798828,99.99701225280762,37.55219268798828
2025-11-26 10:27:38,99.99701225280762,97.42323852539063,99.99669212341308,97.42323852539063
2025-11-26 10:27:39,99.99701225280762,99.99669212341308,99.9963720703125,99.9963720703125
2025-11-26 10:27:40,99.99701225280762,99.99701225280762,99.99701225280762,99.99701225280762
2025-11-26 10:27:41,35.22308349609375,35.22308349609375,34.513648986816406,34.513648986816406
2025-11-26 10:27:42,98.87154319763184,98.97952842712402,99.68896308898925,98.87154319763184
2025-11-26 10:27:43,99.99701225280762,99.99701225280762,99.99701225280762,99.99701225280762
2025-11-26 10:27:44,99.99701225280762,99.99701225280762,99.99701225280762,99.99701225280762
2025-11-26 10:27:45,99.9963720703125,99.9963720703125,99.99701225280762,99.9963720703125
2025-11-26 10:27:46,31.372108459472656,31.372108459472656,36.032470703125,99.99254592895508
2025-11-26 10:27:47,30.409339904785156,34.44129943847656,97.85980987548828,30.409339904785156
2025-11-26 10:27:48,22.963088989257812,22.963088989257812,23.082870483398438,23.082870483398438
2025-11-26 10:27:49,18.196983337402344,18.196983337402344,44.323734283447266,19.095726013183594
2025-11-26 10:27:50,58.487030029296875,58.90705108642578,99.9963720703125,58.487030029296875
2025-11-26 10:27:51,99.99701225280762,99.99701225280762,99.99701225280762,99.99701225280762
2025-11-26 10:27:52,99.9963720703125,99.9963720703125,99.9963720703125,99.9963720703125
2025-11-26 10:27:53,35.662147521972656,99.99701225280762,99.99701225280762,35.662147521972656
2025-11-26 10:27:54,99.99143310546874,99.9963720703125,99.9963720703125,99.99143310546874
2025-11-26 10:27:55,99.99701225280762,99.99701225280762,99.99701225280762,99.99701225280762
2025-11-26 10:27:56,99.99701225280762,99.99701225280762,99.99701225280762,99.99701225280762
2025-11-26 10:27:57,99.99701225280762,99.99701225280762,99.99701225280762,99.99701225280762
2025-11-26 10:27:58,41.3244514465332,41.3244514465332,30.30266571044922,30.30266571044922
2025-11-26 10:27:59,91.84689041137696,91.62817573547363,99.98721069335937,91.62817573547363
2025-11-26 10:28:00,99.99701225280762,99.99701225280762,99.99701225280762,99.99701225280762
2025-11-26 10:28:01,35.115020751953125,35.115020751953125,99.99701225280762,35.115020751953125
2025-11-26 10:28:02,99.98724113464355,99.98724113464355,99.99701225280762,99.98724113464355
2025-11-26 10:28:03,99.99644828796387,99.99701225280762,30.292343139648438,30.292343139648438
2025-11-26 10:28:04,35.268768310546875,35.26820373535156,99.9963720703125,35.26820373535156
2025-11-26 10:28:05,99.98721069335937,33.912445068359375,33.912445068359375,99.99254592895508
2025-11-26 10:28:06,34.982872009277344,99.98643325805664,30.297943115234375,30.297943115234375
2025-11-26 10:28:07,45.20083999633789,99.99701225280762,99.99144073486327,45.20083999633789
2025-11-26 10:28:08,90.23252296447754,99.99701225280762,99.99701225280762,90.23252296447754
2025-11-26 10:28:09,99.99701225280762,99.99701225280762,30.29846954345703,30.29846954345703
2025-11-26 10:28:10,99.99701225280762,99.99701225280762,99.99141029357911,99.99141029357911
2025-11-26 10:28:11,99.99701225280762,99.99701225280762,99.99701225280762,99.99701225280762
2025-11-26 10:28:12,99.99701225280762,99.99701225280762,99.99701225280762,99.99701225280762
2025-11-26 10:28:13,99.99701225280762,99.99701225280762,99.99701225280762,99.99701225280762
2025-11-26 10:28:14,99.9963720703125,99.9963720703125,99.9963720703125,99.9963720703125
2025-11-26 10:28:15,99.99701225280762,99.99701225280762,99.99701225280762,99.99701225280762
2025-11-26 10:28:16,99.99701225280762,99.99701225280762,99.99701225280762,99.99701225280762
2025-11-26 10:28:17,35.2738037109375,35.2738037109375,99.99701225280762,35.2738037109375
2025-11-26 10:28:18,34.97892761230469,99.99079292297364,99.9963720703125,34.97892761230469
2025-11-26 10:28:19,99.9903889465332,99.99701225280762,99.99701225280762,99.9903889465332
2025-11-26 10:28:20,99.99254592895508,99.99701225280762,99.99701225280762,99.99254592895508
2025-11-26 10:28:21,30.478866577148438,99.9963720703125,99.9963720703125,30.478866577148438
2025-11-26 10:28:22,99.99701225280762,99.99701225280762,99.99701225280762,99.99701225280762
2025-11-26 10:28:23,43.88644790649414,43.16606903076172,99.99701225280762,43.27693557739258
2025-11-26 10:28:24,90.62168312072754,90.62168312072754,99.99701225280762,91.23183631896973
2025-11-26 10:28:25,99.99701225280762,99.99701225280762,99.99701225280762,99.99701225280762
2025-11-26 10:28:26,38.72673797607422,34.988197326660156,38.72673797607422,34.988197326660156
2025-11-26 10:28:27,99.98705825805663,99.98705825805663,99.98705825805663,99.98705825805663
2025-11-26 10:28:28,99.99701225280762,99.99701225280762,99.99701225280762,99.99701225280762
2025-11-26 10:28:29,99.99701225280762,99.99701225280762,99.99701225280762,99.99701225280762
2025-11-26 10:28:30,99.99701225280762,99.99701225280762,99.99701225280762,99.99701225280762
2025-11-26 10:28:31,99.99701225280762,99.99701225280762,99.99701225280762,99.99701225280762
2025-11-26 10:28:32,99.99701225280762,38.5547981262207,99.9963720703125,38.5547981262207
2025-11-26 10:28:33,99.99701225280762,96.42073913574218,99.99701225280762,96.42073913574218
2025-11-26 10:28:34,99.99701225280762,99.99701225280762,99.99701225280762,99.99701225280762
2025-11-26 10:28:35,38.411746978759766,38.411746978759766,99.99701225280762,38.63045883178711
2025-11-26 10:28:36,93.0429754638672,93.4824161529541,99.99701225280762,93.0429754638672
2025-11-26 10:28:37,34.52154541015625,34.52154541015625,99.99626533508301,34.52154541015625
2025-11-26 10:28:38,30.478713989257812,36.64472961425781,35.97943878173828,30.478713989257812
2025-11-26 10:28:39,99.9963720703125,96.30686996459961,96.30686996459961,96.97215911865234
2025-11-26 10:28:40,99.99701225280762,99.99701225280762,99.99701225280762,99.99701225280762
2025-11-26 10:28:41,31.372108459472656,31.372108459472656,99.99701225280762,99.99701225280762
2025-11-26 10:28:42,35.113067626953125,35.113067626953125,34.512489318847656,34.512489318847656
2025-11-26 10:28:43,98.87207664489746,99.07542556762695,99.68577713012695,98.87207664489746
2025-11-26 10:28:44,33.90814208984375,33.90814208984375,33.90965270996094,33.90965270996094
2025-11-26 10:28:45,99.99600616455078,99.99600616455078,99.99384925842286,99.99384925842286
2025-11-26 10:28:46,39.00370407104492,39.944820404052734,99.99701225280762,39.00370407104492
2025-11-26 10:28:47,93.96659706115723,93.96659706115723,30.30266571044922,30.30266571044922
2025-11-26 10:28:48,99.99701225280762,99.99701225280762,99.98708869934082,99.98708869934082
2025-11-26 10:28:49,41.93748474121094,41.93748474121094,99.9963720703125,42.155696868896484
2025-11-26 10:28:50,92.57127143859863,92.46392631530762,99.99701225280762,92.35305976867676
2025-11-26 10:28:51,99.99701225280762,99.99701225280762,99.99626533508301,99.99626533508301
2025-11-26 10:28:52,99.99701225280762,99.99701225280762,99.99701225280762,99.99701225280762
2025-11-26 10:28:53,99.99701225280762,37.15761184692383,37.15761184692383,99.99701225280762
2025-11-26 10:28:54,99.99701225280762,96.7420654296875,96.7420654296875,99.99701225280762
2025-11-26 10:28:55,99.99701225280762,99.99701225280762,99.99701225280762,99.99701225280762
2025-11-26 10:28:56,38.53417205810547,39.143367767333984,39.25088882446289,38.53417205810547
2025-11-26 10:28:57,95.35923194885254,95.35923194885254,95.25235176086426,95.25235176086426
2025-11-26 10:28:58,99.99701225280762,99.99254592895508,99.99254592895508,99.99254592895508
2025-11-26 10:28:59,99.99701225280762,35.11412811279297,35.11158752441406,35.11158752441406
2025-11-26 10:29:00,99.99701225280762,99.99194381713868,99.99194381713868,99.99448944091797
2025-11-26 10:29:01,99.99700927734375,99.99700927734375,99.99700927734375,99.99700927734375
2025-11-26 10:29:02,16.800437927246094,33.912445068359375,33.912445068359375,16.800437927246094
2025-11-26 10:29:03,7.200004577636719,58.52315139770508,99.9872183227539,7.200004577636719
2025-11-26 10:29:04,74.58922958374023,74.47886657714844,99.99701225280762,74.47886657714844
2025-11-26 10:29:05,99.99701225280762,99.99701225280762,99.99701225280762,99.99701225280762
2025-11-26 10:29:06,35.10747528076172,35.10747528076172,30.292884826660156,30.292884826660156
2025-11-26 10:29:07,99.97693649291992,99.98721069335937,30.30266571044922,30.30266571044922
2025-11-26 10:29:08,34.988685607910156,99.99701225280762,99.98724113464355,34.988685607910156
2025-11-26 10:29:09,99.99701225280762,99.99701225280762,99.99701225280762,99.99701225280762
2025-11-26 10:29:10,99.99701225280762,99.99701225280762,99.99701225280762,99.99701225280762
2025-11-26 10:29:11,99.9963720703125,99.9963720703125,30.297805786132812,30.297805786132812
2025-11-26 10:29:12,99.99701225280762,99.99626533508301,99.99142547607421,99.99142547607421
2025-11-26 10:29:13,99.99701225280762,99.99701225280762,99.99701225280762,99.99626533508301
2025-11-26 10:29:14,99.99701225280762,99.99701225280762,99.99701225280762,99.99701225280762
2025-11-26 10:29:15,99.99701225280762,99.99701225280762,99.99701225280762,99.99701225280762
2025-11-26 10:29:16,99.99701225280762,99.99701225280762,99.99701225280762,99.99701225280762
2025-11-26 10:29:17,99.99701225280762,99.99701225280762,99.99701225280762,99.99701225280762
2025-11-26 10:29:18,44.778411865234375,44.17014694213867,99.99701225280762,44.17014694213867
2025-11-26 10:29:19,-29.0213623046875,-29.0213623046875,41.85884475708008,41.85884475708008
2025-11-26 10:29:20,30.4788818359375,92.33955429077149,99.98724113464355,30.4788818359375
2025-11-26 10:29:21,99.99701225280762,99.99701225280762,99.99701225280762,99.99701225280762
2025-11-26 10:29:22,99.99701225280762,99.99701225280762,99.99701225280762,99.99701225280762
2025-11-26 10:29:23,99.9963720703125,99.9963720703125,99.99701225280762,99.9963720703125
2025-11-26 10:29:24,99.9963720703125,99.9963720703125,99.9963720703125,99.9963720703125
2025-11-26 10:29:25,99.99701225280762,99.9963720703125,99.9963720703125,99.9963720703125
2025-11-26 10:29:26,99.99701225280762,99.99701225280762,99.99701225280762,99.99701225280762
2025-11-26 10:29:27,35.100807189941406,35.100303649902344,99.99701225280762,35.100303649902344
2025-11-26 10:29:28,99.9958689880371,99.9963720703125,99.9963720703125,99.9958689880371
2025-11-26 10:29:29,29.395065307617188,29.395065307617188,99.99701225280762,29.634849548339844
2025-11-26 10:29:30,39.61012268066406,36.866783142089844,36.147056579589844,36.147056579589844
2025-11-26 10:29:31,99.99701225280762,34.987449645996094,95.9736385345459,34.987449645996094
2025-11-26 10:29:32,99.9963720703125,99.9865933227539,99.9963720703125,99.9865933227539
2025-11-26 10:29:33,31.372108459472656,31.372108459472656,99.99701225280762,99.99701225280762
2025-11-26 10:29:34,99.98721069335937,99.98721069335937,99.9963720703125,99.9963720703125
2025-11-26 10:29:35,35.91351318359375,35.91351318359375,35.24822235107422,35.24822235107422
2025-11-26 10:29:36,33.362037658691406,96.419359664917,99.25499458312989,33.362037658691406
2025-11-26 10:29:37,99.98724113464355,99.99254592895508,99.99254592895508,99.98724113464355
2025-11-26 10:29:38,34.94456481933594,34.94456481933594,34.94392395019531,34.94392395019531
2025-11-26 10:29:39,99.99701225280762,99.99701225280762,99.99701225280762,99.99701225280762
2025-11-26 10:29:40,99.99701225280762,99.99701225280762,99.99701225280762,99.99701225280762
2025-11-26 10:29:41,99.99701225280762,99.99701225280762,99.99701225280762,99.99701225280762
2025-11-26 10:29:42,99.9963720703125,99.9963720703125,99.99701225280762,99.9963720703125
2025-11-26 10:29:43,99.99254592895508,99.99701225280762,99.99701225280762,99.99254592895508
2025-11-26 10:29:44,30.4788818359375,99.99701225280762,99.99701225280762,30.4788818359375
2025-11-26 10:29:45,38.64604568481445,39.36592102050781,39.429298400878906,38.64604568481445
2025-11-26 10:29:46,95.13730911254883,95.13730911254883,95.07393356323242,95.07393356323242
2025-11-26 10:29:47,99.99701225280762,99.99701225280762,99.99701225280762,99.99701225280762
2025-11-26 10:29:48,39.505882263183594,40.335113525390625,99.99701225280762,39.505882263183594
2025-11-26 10:29:49,93.57631637573242,93.57631637573242,99.99701225280762,94.18532653808593
2025-11-26 10:29:50,99.99701225280762,37.169334411621094,30.303672790527344,30.303672790527344
2025-11-26 10:29:51,99.99701225280762,98.06666114807129,98.06666114807129,99.98655517578125
2025-11-26 10:29:52,99.9963720703125,99.9963720703125,99.9963720703125,99.9963720703125
2025-11-26 10:29:53,99.99701225280762,33.90901184082031,33.90901184082031,99.99358245849609
2025-11-26 10:29:54,35.66114044189453,34.0093994140625,34.0093994140625,34.019195556640625
2025-11-26 10:29:55,97.86598731994629,97.75800201416016,99.99142547607421,97.75800201416016
2025-11-26 10:29:56,99.99701225280762,99.99701225280762,99.99701225280762,99.99701225280762
2025-11-26 10:29:57,99.99701225280762,99.99701225280762,99.99701225280762,99.99701225280762
2025-11-26 10:29:58,99.99701225280762,99.99701225280762,99.99701225280762,99.99701225280762
2025-11-26 10:29:59,99.99701225280762,99.99701225280762,99.99701225280762,99.99701225280762
2025-11-26 10:30:00,99.99701225280762,99.99701225280762,30.298583984375,30.298583984375
2025-11-26 10:30:01,99.99701225280762,99.99701225280762,30.28717041015625,30.28717041015625
2025-11-26 10:30:02,21.361663818359375,35.202667236328125,99.99701225280762,21.361663818359375
2025-11-26 10:30:03,47.19264602661133,99.99142547607421,30.298477172851562,30.298477172851562
2025-11-26 10:30:04,99.99669212341308,99.99669212341308,99.9909529876709,99.9909529876709
2025-11-26 10:30:05,99.98692100524903,99.99669212341308,99.99669212341308,99.98692100524903
2025-11-26 10:30:06,34.98802947998047,99.99701225280762,99.99701225280762,34.98802947998047
2025-11-26 10:30:07,99.9963720703125,99.9963720703125,99.9963720703125,99.9963720703125
2025-11-26 10:30:08,99.99701225280762,99.99701225280762,99.99701225280762,99.99701225280762
2025-11-26 10:30:09,99.9963720703125,99.9963720703125,99.9963720703125,99.9963720703125
2025-11-26 10:30:10,99.99562507629395,99.9963720703125,99.99701225280762,99.99562507629395
2025-11-26 10:30:11,99.99701225280762,99.99701225280762,99.99701225280762,99.99701225280762
2025-11-26 10:30:12,44.25718688964844,43.670997619628906,99.99701225280762,43.670997619628906
2025-11-26 10:30:13,90.84491729736328,90.84491729736328,99.99701225280762,91.43110748291016
2025-11-26 10:30:14,99.99701225280762,99.99701225280762,99.99701225280762,99.99701225280762
2025-11-26 10:30:15,99.99701225280762,99.99701225280762,99.99701225280762,99.99701225280762
2025-11-26 10:30:16,35.115020751953125,35.115020751953125,99.99701225280762,35.115020751953125
2025-11-26 10:30:17,99.98708106994629,99.98708106994629,99.99701225280762,99.98708106994629
2025-11-26 10:30:18,99.98673812866211,99.99701225280762,99.99701225280762,99.98673812866211
2025-11-26 10:30:19,30.484832763671875,37.716487884521484,99.9963720703125,30.484832763671875
2025-11-26 10:30:20,93.75474975585938,93.75474975585938,99.99701225280762,99.99701225280762
2025-11-26 10:30:21,99.9963720703125,99.9963720703125,99.99701225280762,99.9963720703125
2025-11-26 10:30:22,99.99701225280762,99.99701225280762,99.99701225280762,99.99701225280762
2025-11-26 10:30:23,99.99701225280762,99.99701225280762,99.99701225280762,99.99701225280762
2025-11-26 10:30:24,35.2681884765625,35.2681884765625,99.9963720703125,35.2681884765625
2025-11-26 10:30:25,99.99701225280762,99.99701225280762,99.99701225280762,99.99701225280762
2025-11-26 10:30:26,37.147674560546875,37.147674560546875,36.515995025634766,36.515995025634766
2025-11-26 10:30:27,33.738800048828125,33.738800048828125,33.650001525878906,33.650001525878906
2025-11-26 10:30:28,98.0910888671875,98.08974746704102,98.08974746704102,98.0910888671875
2025-11-26 10:30:29,99.99701225280762,99.99701225280762,99.99701225280762,99.99701225280762
2025-11-26 10:30:30,39.43767547607422,34.988197326660156,40.176612854003906,34.988197326660156
2025-11-26 10:30:31,34.67576599121094,34.67576599121094,94.32662673950195,35.40416717529297
2025-11-26 10:30:32,28.693191528320312,28.79187774658203,99.9963720703125,28.693191528320312
2025-11-26 10:30:33,99.98599884033203,99.98599884033203,99.99701225280762,99.98723350524902
2025-11-26 10:30:34,99.99701225280762,99.99701225280762,30.30266571044922,30.30266571044922
2025-11-26 10:30:35,34.98755645751953,99.99588424682617,99.98673049926758,34.98755645751953
2025-11-26 10:30:36,38.97610855102539,38.97610855102539,99.9963720703125,99.98724113464355
2025-11-26 10:30:37,99.98909324645996,37.955169677734375,37.955169677734375,99.98852920532227
2025-11-26 10:30:38,34.882850646972656,34.882850646972656,34.88341522216797,34.88341522216797
2025-11-26 10:30:39,99.99701225280762,99.99701225280762,99.99701225280762,99.99701225280762
2025-11-26 10:30:40,99.99701225280762,99.99701225280762,99.99701225280762,99.99701225280762
2025-11-26 10:30:41,99.9963720703125,39.280460357666016,99.99701225280762,39.28096389770508
2025-11-26 10:30:42,99.9955184173584,95.69497871398926,99.99701225280762,95.69447563171387
2025-11-26 10:30:43,99.99701225280762,99.99701225280762,99.99701225280762,99.99701225280762
2025-11-26 10:30:44,99.99701225280762,99.99701225280762,99.99701225280762,99.99701225280762
2025-11-26 10:30:45,99.99701225280762,99.99701225280762,99.99701225280762,99.99701225280762
2025-11-26 10:30:46,99.99701225280762,99.99701225280762,99.99701225280762,99.99701225280762
2025-11-26 10:30:47,39.506629943847656,40.334476470947266,99.9963720703125,39.506629943847656
2025-11-26 10:30:48,29.850433349609375,30.33336639404297,30.292877197265625,29.850433349609375
2025-11-26 10:30:49,97.75468658447265,33.912445068359375,33.912445068359375,97.59060501098632
2025-11-26 10:30:50,99.99253845214844,99.98656463623047,99.98656463623047,99.99253845214844
2025-11-26 10:30:51,30.4788818359375,99.99700927734375,99.99700927734375,30.4788818359375
2025-11-26 10:30:52,99.99701225280762,99.99701225280762,99.99701225280762,99.99701225280762
2025-11-26 10:30:53,99.99701225280762,99.99701225280762,99.99701225280762,99.99701225280762
2025-11-26 10:30:54,99.99701225280762,99.99701225280762,99.99701225280762,99.99701225280762
2025-11-26 10:30:55,99.99701225280762,99.99701225280762,99.99701225280762,99.99701225280762
2025-11-26 10:30:56,99.99701225280762,99.99701225280762,99.99701225280762,99.99701225280762
2025-11-26 10:30:57,99.99636840820312,99.99253845214844,99.99253845214844,99.99253845214844
2025-11-26 10:30:58,99.99700927734375,35.115272521972656,35.115272521972656,35.115272521972656
2025-11-26 10:30:59,99.99701225280762,99.99065567016602,99.99065567016602,99.99065567016602
2025-11-26 10:31:00,34.52626037597656,35.02626037597656,99.9963720703125,34.52626037597656
2025-11-26 10:31:01,99.4825121307373,99.4825121307373,99.99701225280762,99.98187545776368
2025-11-26 10:31:02,99.99700927734375,99.99700927734375,30.23297119140625,30.23297119140625
2025-11-26 10:31:03,35.03540802001953,35.03540802001953,99.98722587585449,35.03540802001953
2025-11-26 10:31:04,99.99701225280762,99.99701225280762,99.99701225280762,99.99701225280762
2025-11-26 10:31:05,99.99701225280762,99.99701225280762,99.99701225280762,99.99701225280762
2025-11-26 10:31:06,46.5957145690918,99.99701225280762,99.99701225280762,46.5957145690918
2025-11-26 10:31:07,43.1413459777832,42.47739791870117,99.9963720703125,42.47739791870117
2025-11-26 10:31:08,91.96027183532715,91.96027183532715,30.29285430908203,30.29285430908203
2025-11-26 10:31:09,99.99701225280762,99.99701225280762,99.99701225280762,99.99701225280762
2025-11-26 10:31:10,39.22749328613281,39.22749328613281,99.99700927734375,99.98908233642578
2025-11-26 10:31:11,34.921302795410156,92.17508697509766,99.99700927734375,34.921302795410156
2025-11-26 10:31:12,30.48406219482422,99.9963720703125,99.99701225280762,30.48406219482422
2025-11-26 10:31:13,35.115020751953125,35.115020751953125,99.99701225280762,35.115020751953125
2025-11-26 10:31:14,99.98723350524902,99.98723350524902,99.99701225280762,99.98723350524902
2025-11-26 10:31:15,99.99701225280762,99.99701225280762,99.99701225280762,99.99701225280762
2025-11-26 10:31:16,99.99701225280762,99.99701225280762,99.99701225280762,99.99701225280762
2025-11-26 10:31:17,99.99701225280762,99.99701225280762,99.99701225280762,99.99701225280762
2025-11-26 10:31:18,99.99562507629395,99.9963720703125,99.9963720703125,99.99562507629395
2025-11-26 10:31:19,99.99701225280762,99.9963720703125,99.9963720703125,99.9963720703125
2025-11-26 10:31:20,99.99701225280762,99.99701225280762,99.99701225280762,99.99701225280762
2025-11-26 10:31:21,38.350982666015625,38.350982666015625,37.67424774169922,37.67424774169922
2025-11-26 10:31:22,96.58611633300781,96.58611633300781,97.26285362243652,97.26285362243652
2025-11-26 10:31:23,37.3614501953125,37.3614501953125,36.751434326171875,36.751434326171875
2025-11-26 10:31:24,96.95454528808594,96.75336097717285,96.75336097717285,96.95454528808594
2025-11-26 10:31:25,99.99701225280762,99.99701225280762,99.99701225280762,99.99701225280762
2025-11-26 10:31:26,99.99701225280762,99.99701225280762,99.99701225280762,99.99701225280762
2025-11-26 10:31:27,99.98900604248047,99.98900604248047,99.9896469116211,99.9896469116211
2025-11-26 10:31:28,18.18006134033203,18.18006134033203,33.84331512451172,33.84331512451172
2025-11-26 10:31:29,43.82398986816406,44.09587478637695,99.99701225280762,43.82398986816406
2025-11-26 10:31:30,99.99701225280762,99.99701225280762,99.99701225280762,99.99701225280762
2025-11-26 10:31:31,40.07278823852539,40.649192810058594,40.75653839111328,40.07278823852539
2025-11-26 10:31:32,93.85478546142578,34.988197326660156,30.303672790527344,30.303672790527344
2025-11-26 10:31:33,35.26757049560547,35.25726318359375,99.42600425720215,35.25726318359375
2025-11-26 10:31:34,99.9963720703125,99.9963720703125,99.99701225280762,99.9963720703125
2025-11-26 10:31:35,99.99701225280762,99.9963720703125,99.9963720703125,99.9963720703125
2025-11-26 10:31:36,37.58634948730469,37.58634948730469,99.99700927734375,37.7833251953125
2025-11-26 10:31:37,28.94042205810547,28.94042205810547,99.99701225280762,97.25676391601563
2025-11-26 10:31:38,99.98724113464355,99.98724113464355,99.99701225280762,99.99701225280762
2025-11-26 10:31:39,99.9963720703125,99.9963720703125,99.9963720703125,99.9963720703125
2025-11-26 10:31:40,99.99701225280762,40.061553955078125,99.99701225280762,40.061553955078125
2025-11-26 10:31:41,99.9955184173584,94.91401382446288,99.99701225280762,94.91401382446288
2025-11-26 10:31:42,99.9963720703125,99.9963720703125,99.99701225280762,99.9963720703125
2025-11-26 10:31:43,99.99701225280762,99.99701225280762,99.99701225280762,99.99701225280762
2025-11-26 10:31:44,26.300262451171875,99.99701225280762,99.99701225280762,26.300262451171875
2025-11-26 10:31:45,37.617069244384766,99.99701225280762,99.99701225280762,37.617069244384766
2025-11-26 10:31:46,99.99701225280762,99.99254592895508,99.99254592895508,99.99254592895508
2025-11-26 10:31:47,99.99626533508301,34.521942138671875,34.521942138671875,34.521942138671875
2025-11-26 10:31:48,99.99701225280762,99.99143310546874,99.99143310546874,99.99143310546874
2025-11-26 10:31:49,99.99701225280762,99.99701225280762,30.29236602783203,30.29236602783203
2025-11-26 10:31:50,40.25360870361328,41.138282775878906,99.99701225280762,40.25360870361328
2025-11-26 10:31:51,90.75651931762695,90.75651931762695,99.9963720703125,91.44254013061524
2025-11-26 10:31:52,30.478858947753906,99.99701225280762,99.99701225280762,30.478858947753906
2025-11-26 10:31:53,99.99701225280762,99.99701225280762,99.99701225280762,99.99701225280762
2025-11-26 10:31:54,99.99701225280762,99.99701225280762,30.30266571044922,30.30266571044922
2025-11-26 10:31:55,99.9963720703125,99.9963720703125,99.98673812866211,99.98673812866211
2025-11-26 10:31:56,99.99701225280762,99.99701225280762,99.99701225280762,99.99701225280762
2025-11-26 10:31:57,99.99253845214844,99.99700927734375,99.99700927734375,99.99253845214844
2025-11-26 10:31:58,34.917991638183594,99.99700927734375,99.99700927734375,34.917991638183594
2025-11-26 10:31:59,99.99701225280762,99.99701225280762,99.99701225280762,99.99701225280762
2025-11-26 10:32:00,99.99701225280762,99.99701225280762,99.99701225280762,99.99701225280762
2025-11-26 10:32:01,39.67900085449219,39.67900085449219,99.9963720703125,99.9963720703125
2025-11-26 10:32:02,91.79224967956543,33.912445068359375,33.912445068359375,99.99701225280762
2025-11-26 10:32:03,46.70708465576172,99.98722587585449,99.98722587585449,46.70708465576172
2025-11-26 10:32:04,88.72527122497559,99.99562507629395,99.9963720703125,88.72527122497559
2025-11-26 10:32:05,99.99701225280762,99.99701225280762,99.99701225280762,99.99701225280762
2025-11-26 10:32:06,99.99701225280762,99.99701225280762,99.99701225280762,99.99701225280762
2025-11-26 10:32:07,99.98673812866211,99.99701225280762,99.99701225280762,99.98673812866211
2025-11-26 10:32:08,30.484573364257812,99.99700927734375,99.99700927734375,30.484573364257812
2025-11-26 10:32:09,43.07951354980469,42.47636413574219,99.99203491210938,42.47636413574219
2025-11-26 10:32:10,27.985519409179688,27.60535430908203,36.030250549316406,27.606101989746094
2025-11-26 10:32:11,29.837791442871094,29.839859008789062,25.680862426757812,25.680862426757812
2025-11-26 10:32:12,-8.480758666992188,-8.018447875976562,-8.6126708984375,-8.6126708984375
2025-11-26 10:32:13,71.70051002502441,71.70051002502441,72.30951881408691,72.1587905883789
2025-11-26 10:32:14,99.99701225280762,99.99701225280762,99.99701225280762,99.99701225280762
2025-11-26 10:32:15,37.21772003173828,37.21772003173828,99.99701225280762,37.436981201171875
2025-11-26 10:32:16,96.19771835327148,96.6935758972168,99.99701225280762,96.19771835327148
2025-11-26 10:32:17,99.99701225280762,99.99701225280762,99.99626533508301,99.99626533508301
2025-11-26 10:32:18,99.99701225280762,99.99701225280762,99.99701225280762,99.99701225280762
2025-11-26 10:32:19,99.99701225280762,99.99701225280762,99.99701225280762,99.99701225280762
2025-11-26 10:32:20,99.99701225280762,99.99701225280762,99.99701225280762,99.99701225280762
2025-11-26 10:32:21,34.52154541015625,34.52154541015625,99.99701225280762,34.52154541015625
2025-11-26 10:32:22,99.98671524047852,99.98671524047852,99.9963720703125,99.98671524047852
2025-11-26 10:32:23,99.99701225280762,99.99701225280762,99.99701225280762,99.99701225280762
2025-11-26 10:32:24,99.99644828796387,38.535125732421875,37.759822845458984,37.759822845458984
2025-11-26 10:32:25,38.9763069152832,38.9763069152832,95.97364616394043,96.74830772399902
2025-11-26 10:32:26,99.99650924682618,99.99650924682618,99.99701225280762,99.99701225280762
2025-11-26 10:32:27,99.99701225280762,99.99701225280762,99.99701225280762,99.99701225280762
2025-11-26 10:32:28,35.268211364746094,35.268211364746094,99.99701225280762,35.268211364746094
2025-11-26 10:32:29,99.99701225280762,99.99701225280762,99.99701225280762,99.99701225280762
2025-11-26 10:32:30,38.53920364379883,38.53920364379883,37.9291877746582,37.9291877746582
2025-11-26 10:32:31,95.35995628356933,95.35995628356933,95.96997215270996,95.96997215270996
2025-11-26 10:32:32,99.99701225280762,99.99701225280762,99.99701225280762,99.99701225280762
2025-11-26 10:32:33,99.99701225280762,99.99701225280762,99.99701225280762,99.99701225280762
2025-11-26 10:32:34,99.99701225280762,99.99701225280762,99.99701225280762,99.99701225280762
2025-11-26 10:32:35,99.99701225280762,99.99701225280762,99.99701225280762,99.99701225280762
2025-11-26 10:32:36,38.53636169433594,38.53636169433594,99.99701225280762,38.75562286376953
2025-11-26 10:32:37,34.988197326660156,95.86402221679687,99.99701225280762,34.988197326660156
2025-11-26 10:32:38,99.98723350524902,99.99701225280762,99.99701225280762,99.98723350524902
2025-11-26 10:32:39,35.658958435058594,40.67501449584961,99.9963720703125,35.658958435058594
2025-11-26 10:32:40,99.99299560546875,94.29977508544921,99.99701225280762,94.29977508544921
2025-11-26 10:32:41,99.99701225280762,99.99669212341308,99.99669212341308,99.99701225280762
2025-11-26 10:32:42,99.99573181152344,39.040550231933594,39.040550231933594,99.99626533508301
2025-11-26 10:32:43,99.99701225280762,94.85880187988282,94.85880187988282,99.99701225280762
2025-11-26 10:32:44,99.9963720703125,99.9963720703125,99.99573181152344,99.99573181152344
2025-11-26 10:32:45,99.99701225280762,99.99701225280762,99.99701225280762,99.99701225280762
2025-11-26 10:32:46,99.99701225280762,99.99701225280762,99.99701225280762,99.99701225280762
2025-11-26 10:32:47,99.99701225280762,99.99701225280762,99.99701225280762,99.99701225280762
2025-11-26 10:32:48,99.9963720703125,99.9963720703125,30.30266571044922,30.30266571044922
2025-11-26 10:32:49,40.130699157714844,41.004337310791016,99.98718780517578,40.130699157714844
2025-11-26 10:32:50,92.90706398010254,92.90706398010254,30.292396545410156,30.292396545410156
2025-11-26 10:32:51,99.99459617614747,99.9963720703125,99.9963720703125,99.99459617614747
2025-11-26 10:32:52,30.476181030273438,99.9963720703125,99.9963720703125,30.476181030273438
2025-11-26 10:32:53,34.98289489746094,99.99254592895508,99.99254592895508,34.98289489746094
2025-11-26 10:32:54,99.99701225280762,34.521934509277344,34.521934509277344,34.521934509277344
2025-11-26 10:32:55,47.63265609741211,99.98794998168945,99.99142547607421,47.63265609741211
2025-11-26 10:32:56,87.72245979309082,99.99626533508301,30.30266571044922,30.30266571044922
2025-11-26 10:32:57,99.99701225280762,99.99701225280762,99.98660095214844,99.98660095214844
2025-11-26 10:32:58,99.99701225280762,99.99701225280762,99.99701225280762,99.99701225280762
2025-11-26 10:32:59,40.34381103515625,40.34381103515625,99.99700927734375,99.99644470214844
2025-11-26 10:33:00,27.509689331054688,27.509689331054688,99.99700927734375,35.894134521484375
2025-11-26 10:33:01,98.59097038269043,98.59097038269043,99.99701225280762,99.14464653015136
2025-11-26 10:33:02,99.99254592895508,99.99254592895508,99.99204284667968,99.99204284667968
2025-11-26 10:33:03,33.90814208984375,33.90814208984375,33.90814208984375,33.90814208984375
2025-11-26 10:33:04,99.99600616455078,99.99600616455078,99.99650924682618,99.99650924682618
2025-11-26 10:33:05,99.99701225280762,99.99701225280762,99.99701225280762,99.99701225280762
2025-11-26 10:33:06,99.99701225280762,99.99701225280762,99.99701225280762,99.99701225280762
2025-11-26 10:33:07,5.860466003417969,5.860466003417969,5.295509338378906,5.295509338378906
2025-11-26 10:33:08,68.62037658691406,68.65537452697754,69.2203311920166,68.62037658691406
2025-11-26 10:33:09,99.99701225280762,99.99701225280762,99.99701225280762,99.99701225280762
2025-11-26 10:33:10,99.99701225280762,99.99701225280762,99.99701225280762,99.99701225280762
2025-11-26 10:33:11,99.9963720703125,99.9963720703125,99.9963720703125,99.9963720703125
2025-11-26 10:33:12,43.662567138671875,42.94482421875,99.99701225280762,43.05569076538086
2025-11-26 10:33:13,25.37012481689453,25.37012481689453,99.99626533508301,34.51948547363281
2025-11-26 10:33:14,35.25834655761719,35.26770782470703,99.99701225280762,35.25834655761719
2025-11-26 10:33:15,99.98823196411132,38.12618637084961,37.46280288696289,37.46280288696289
2025-11-26 10:33:16,30.483177185058594,30.89349365234375,30.89349365234375,30.483177185058594
2025-11-26 10:33:17,99.99701225280762,99.9872183227539,99.9872183227539,99.99701225280762
2025-11-26 10:33:18,31.48388671875,31.48388671875,99.99701225280762,99.99701225280762
2025-11-26 10:33:19,99.98644088745117,99.98644088745117,99.99573181152344,99.99573181152344
2025-11-26 10:33:20,35.10021209716797,35.10021209716797,99.99701225280762,35.10021209716797
2025-11-26 10:33:21,37.4194450378418,37.4194450378418,99.99701225280762,37.62712860107422
2025-11-26 10:33:22,94.04695320129395,94.47536560058593,30.292221069335938,30.292221069335938
2025-11-26 10:33:23,99.99701225280762,99.99701225280762,99.99701225280762,99.99701225280762
2025-11-26 10:33:24,99.99701225280762,99.99701225280762,99.99701225280762,99.99701225280762
2025-11-26 10:33:25,99.9963720703125,40.39640808105469,99.99701225280762,40.39691162109375
2025-11-26 10:33:26,99.9955184173584,94.57888458251954,99.99626533508301,94.57838150024413
2025-11-26 10:33:27,99.9963720703125,99.9963720703125,99.9963720703125,99.9963720703125
2025-11-26 10:33:28,99.99701225280762,99.99701225280762,99.99701225280762,99.99701225280762
2025-11-26 10:33:29,99.99701225280762,99.99701225280762,99.99701225280762,99.99701225280762
2025-11-26 10:33:30,99.99701225280762,99.99701225280762,99.99701225280762,99.99701225280762
2025-11-26 10:33:31,38.42583084106445,38.42583084106445,38.93024826049805,38.64542770385742
2025-11-26 10:33:32,96.08306411743165,94.96942428588868,94.96942428588868,95.86421249389649
2025-11-26 10:33:33,99.99701225280762,99.99701225280762,99.99701225280762,99.99701225280762
2025-11-26 10:33:34,34.98399353027344,39.09294891357422,30.30266571044922,30.30266571044922
2025-11-26 10:33:35,99.98721069335937,99.98721069335937,99.98721069335937,99.98721069335937
2025-11-26 10:33:36,99.99701225280762,99.99701225280762,99.99701225280762,99.99701225280762
2025-11-26 10:33:37,99.99701225280762,99.99701225280762,99.99626533508301,99.99626533508301
2025-11-26 10:33:38,99.99701225280762,99.99701225280762,99.99626533508301,99.99626533508301
2025-11-26 10:33:39,99.99701225280762,99.99701225280762,99.99701225280762,99.99701225280762
2025-11-26 10:33:40,99.99701225280762,99.99701225280762,99.99701225280762,99.99701225280762
2025-11-26 10:33:41,99.9963720703125,99.9963720703125,99.99701225280762,99.9963720703125
2025-11-26 10:33:42,99.9963720703125,99.9963720703125,99.9963720703125,99.9963720703125
2025-11-26 10:33:43,99.99701225280762,99.99701225280762,99.99701225280762,99.99701225280762
2025-11-26 10:33:44,99.99701225280762,99.99701225280762,99.99701225280762,99.99701225280762
2025-11-26 10:33:45,99.99701225280762,99.99701225280762,99.99701225280762,99.99701225280762
2025-11-26 10:33:46,99.99701225280762,99.99701225280762,99.99701225280762,99.99701225280762
2025-11-26 10:33:47,48.212581634521484,99.99701225280762,99.99701225280762,48.212581634521484
2025-11-26 10:33:48,-13.440643310546875,99.9963720703125,99.9963720703125,-13.440643310546875
2025-11-26 10:33:49,64.536376953125,99.99626533508301,30.297218322753906,30.297218322753906
2025-11-26 10:33:50,99.99701225280762,34.988197326660156,99.99195137023926,34.988197326660156
2025-11-26 10:33:51,99.99701225280762,99.98672286987305,99.99701225280762,99.98672286987305
2025-11-26 10:33:52,99.99701225280762,99.99701225280762,99.99701225280762,99.99701225280762
2025-11-26 10:33:53,99.99701225280762,99.99701225280762,99.99701225280762,99.99701225280762
2025-11-26 10:33:54,99.99701225280762,99.99573181152344,99.99573181152344,99.99573181152344
2025-11-26 10:33:55,34.52154541015625,34.52154541015625,30.30266571044922,30.30266571044922
2025-11-26 10:33:56,15.784866333007812,85.24788284301758,99.98723350524902,15.784866333007812
2025-11-26 10:33:57,14.244461059570312,14.244461059570312,99.99701225280762,42.8231201171875
2025-11-26 10:33:58,61.629295349121094,61.629295349121094,99.99254592895508,99.99129592895508
2025-11-26 10:33:59,99.99701225280762,35.11528778076172,35.11528778076172,35.11528778076172
2025-11-26 10:34:00,99.99701225280762,99.99142547607421,99.99142547607421,99.99142547607421
2025-11-26 10:34:01,99.9963720703125,99.9963720703125,99.99701225280762,99.9963720703125
2025-11-26 10:34:02,35.1002197265625,35.1002197265625,99.99701225280762,35.1002197265625
2025-11-26 10:34:03,99.99701225280762,99.99701225280762,99.99701225280762,99.99701225280762
2025-11-26 10:34:04,99.99701225280762,99.99701225280762,99.99701225280762,99.99701225280762
2025-11-26 10:34:05,99.99701225280762,99.99701225280762,99.99701225280762,99.99701225280762
2025-11-26 10:34:06,99.99204284667968,99.99204284667968,99.99204284667968,99.99204284667968
2025-11-26 10:34:07,14.987518310546875,14.987518310546875,14.723625183105469,14.723625183105469
2025-11-26 10:34:08,-16.123939514160156,-16.123939514160156,-15.860038757324219,-15.896629333496094
2025-11-26 10:34:09,30.48468017578125,99.99141784667968,99.99141784667968,30.48468017578125
2025-11-26 10:34:10,99.9963720703125,99.9963720703125,99.9963720703125,99.9963720703125
2025-11-26 10:34:11,99.99701225280762,99.99701225280762,30.292884826660156,30.292884826660156
2025-11-26 10:34:12,99.9963720703125,99.9963720703125,99.99701225280762,99.9963720703125
2025-11-26 10:34:13,99.99701225280762,99.99701225280762,99.99701225280762,99.99701225280762
2025-11-26 10:34:14,99.9963720703125,99.9963720703125,99.9963720703125,99.9963720703125
2025-11-26 10:34:15,99.99701225280762,99.99701225280762,99.99701225280762,99.99701225280762
2025-11-26 10:34:16,42.88311767578125,42.1620979309082,99.9963720703125,42.27296447753906
2025-11-26 10:34:17,91.62564559936524,91.62564559936524,99.99701225280762,92.23515892028809
2025-11-26 10:34:18,35.11451721191406,35.115020751953125,36.42230987548828,35.11451721191406
2025-11-26 10:34:19,35.091033935546875,35.100311279296875,97.4768197631836,35.091033935546875
2025-11-26 10:34:20,37.520286560058594,37.520286560058594,99.99701225280762,37.7390022277832
2025-11-26 10:34:21,25.861412048339844,25.861412048339844,99.99701225280762,93.96870803833008
2025-11-26 10:34:22,99.98721069335937,40.78520965576172,99.99701225280762,40.78520965576172
2025-11-26 10:34:23,38.64838790893555,32.949981689453125,33.9144287109375,33.06085205078125
2025-11-26 10:34:24,95.8603939819336,95.75199699401855,99.9847183227539,95.64113090515137
2025-11-26 10:34:25,99.99701225280762,99.99701225280762,99.99701225280762,99.99701225280762
2025-11-26 10:34:26,99.99701225280762,99.99701225280762,99.99701225280762,99.99701225280762
2025-11-26 10:34:27,99.99701225280762,99.99701225280762,99.99701225280762,99.99701225280762
2025-11-26 10:34:28,99.99701225280762,99.99701225280762,99.99701225280762,99.99701225280762
2025-11-26 10:34:29,99.99701225280762,99.9963720703125,99.9963720703125,99.9963720703125
2025-11-26 10:34:30,99.99701225280762,99.99701225280762,99.99701225280762,99.99701225280762
2025-11-26 10:34:31,99.99701225280762,34.528846740722656,34.528846740722656,99.99701225280762
2025-11-26 10:34:32,99.99701225280762,99.37082267761231,99.37082267761231,99.99701225280762
2025-11-26 10:34:33,99.99701225280762,99.99701225280762,99.99701225280762,99.99701225280762
2025-11-26 10:34:34,99.99644828796387,99.99701225280762,99.99701225280762,99.99644828796387
2025-11-26 10:34:35,35.65702819824219,99.9963720703125,99.9963720703125,35.65702819824219
2025-11-26 10:34:36,99.99701225280762,99.99701225280762,99.99701225280762,99.99701225280762
2025-11-26 10:34:37,99.99701225280762,99.99701225280762,30.30266571044922,30.30266571044922
2025-11-26 10:34:38,99.9963720703125,34.988197326660156,99.98724876403809,34.988197326660156
2025-11-26 10:34:39,99.99701225280762,99.98722587585449,99.99701225280762,99.98722587585449
2025-11-26 10:34:40,99.99701225280762,99.99701225280762,99.99701225280762,99.99701225280762
2025-11-26 10:34:41,99.99701225280762,99.99701225280762,99.99701225280762,99.99701225280762
2025-11-26 10:34:42,38.14794158935547,38.14794158935547,37.57144546508789,37.57144546508789
2025-11-26 10:34:43,34.982994079589844,95.75121215820313,96.32770774841309,34.982994079589844
2025-11-26 10:34:44,34.98400115966797,99.99669212341308,99.99669212341308,34.98400115966797
2025-11-26 10:34:45,47.431243896484375,99.99669212341308,99.99669212341308,47.431243896484375
2025-11-26 10:34:46,88.02418991088868,99.99701225280762,99.99701225280762,88.02418991088868
2025-11-26 10:34:47,99.99701225280762,99.99701225280762,99.99701225280762,99.99701225280762
2025-11-26 10:34:48,41.07212448120117,41.07212448120117,99.99701225280762,99.99701225280762
2025-11-26 10:34:49,90.39883712768554,90.39883712768554,99.99701225280762,99.99701225280762
2025-11-26 10:34:50,99.99701225280762,99.99701225280762,99.99701225280762,99.99701225280762
2025-11-26 10:34:51,99.99701225280762,99.99701225280762,30.29302215576172,30.29302215576172
2025-11-26 10:34:52,99.99701225280762,99.99701225280762,99.99701225280762,99.99701225280762
2025-11-26 10:34:53,99.9963720703125,99.9963720703125,99.9963720703125,99.9963720703125
2025-11-26 10:34:54,99.99701225280762,99.9963720703125,99.9963720703125,99.9963720703125
2025-11-26 10:34:55,41.14482116699219,42.030242919921875,99.99701225280762,41.14482116699219
2025-11-26 10:34:56,89.86455825805663,89.86455825805663,99.99701225280762,90.52925399780273
2025-11-26 10:34:57,99.99701225280762,99.99701225280762,99.99701225280762,99.99701225280762
2025-11-26 10:34:58,99.99701225280762,99.99701225280762,99.99701225280762,99.99701225280762
2025-11-26 10:34:59,99.99701225280762,99.99701225280762,30.29285430908203,30.29285430908203
2025-11-26 10:35:00,99.99701225280762,99.99701225280762,30.30266571044922,30.30266571044922
2025-11-26 10:35:01,38.007774353027344,38.007774353027344,37.34248733520508,37.34248733520508
2025-11-26 10:35:02,31.08043670654297,35.10133361816406,96.86025642395019,31.08043670654297
2025-11-26 10:35:03,39.14921951293945,34.518470764160156,34.518470764160156,34.518470764160156
2025-11-26 10:35:04,30.477432250976562,30.477432250976562,99.99701225280762,35.115020751953125
2025-11-26 10:35:05,99.98722587585449,99.98722587585449,99.99701225280762,99.98722587585449
2025-11-26 10:35:06,22.509498596191406,33.316314697265625,42.15191650390625,22.509498596191406
2025-11-26 10:35:07,13.307090759277344,13.307090759277344,93.85727783203124,14.161796569824219
2025-11-26 10:35:08,7.224456787109375,51.83830642700195,99.99701225280762,7.224456787109375
2025-11-26 10:35:09,81.08890342712402,81.19926643371582,99.99701225280762,81.08890342712402
2025-11-26 10:35:10,99.98673812866211,99.98673812866211,99.98673812866211,99.98673812866211
2025-11-26 10:35:11,34.94923400878906,34.94923400878906,34.94987487792969,34.94987487792969
2025-11-26 10:35:12,99.986083984375,37.481292724609375,36.80406188964844,36.80406188964844
2025-11-26 10:35:13,30.52832794189453,96.96500228881835,96.96500228881835,30.52832794189453
2025-11-26 10:35:14,99.9963720703125,99.9963720703125,99.9963720703125,99.9963720703125
2025-11-26 10:35:15,99.99573181152344,99.99573181152344,99.9963720703125,99.9963720703125
2025-11-26 10:35:16,42.65987777709961,42.05086898803711,99.99701225280762,42.051368713378906
2025-11-26 10:35:17,91.84887985229491,91.84887985229491,99.99701225280762,92.45738693237304
2025-11-26 10:35:18,99.99701225280762,99.99701225280762,99.99701225280762,99.99701225280762
2025-11-26 10:35:19,99.99701225280762,99.99701225280762,99.99701225280762,99.99701225280762
2025-11-26 10:35:20,99.99701225280762,99.99701225280762,99.99701225280762,99.99701225280762
2025-11-26 10:35:21,99.99701225280762,41.509613037109375,99.99701225280762,41.509613037109375
2025-11-26 10:35:22,99.99701225280762,93.46580078125,99.99701225280762,93.46580078125
2025-11-26 10:35:23,99.99701225280762,99.99701225280762,99.99701225280762,99.99701225280762
2025-11-26 10:35:24,99.99701225280762,99.99701225280762,99.99701225280762,99.99701225280762
2025-11-26 10:35:25,99.99701225280762,99.9963720703125,99.9963720703125,99.9963720703125
2025-11-26 10:35:26,26.52581787109375,26.52581787109375,88.07312965393066,88.07312965393066
2025-11-26 10:35:27,33.12390899658203,33.12390899658203,41.295772552490234,41.295772552490234
2025-11-26 10:35:28,99.99701225280762,99.99701225280762,99.99701225280762,99.99701225280762
2025-11-26 10:35:29,99.99701225280762,99.99701225280762,99.99701225280762,99.99701225280762
2025-11-26 10:35:30,99.99701225280762,99.99701225280762,99.99701225280762,99.99701225280762
2025-11-26 10:35:31,99.99701225280762,34.94989013671875,33.981101989746094,33.981101989746094
2025-11-26 10:35:32,99.99701225280762,99.98735549926758,99.98735549926758,99.98772895812988
2025-11-26 10:35:33,99.99701225280762,99.99701225280762,99.99701225280762,99.99701225280762
2025-11-26 10:35:34,99.99701225280762,99.99701225280762,99.99701225280762,99.99701225280762
2025-11-26 10:35:35,99.99701225280762,34.988197326660156,99.99701225280762,34.988197326660156
2025-11-26 10:35:36,99.9963720703125,99.98657806396484,99.9963720703125,99.98657806396484
2025-11-26 10:35:37,99.99701225280762,99.9963720703125,99.9963720703125,99.9963720703125
2025-11-26 10:35:38,99.99701225280762,99.99701225280762,99.99701225280762,99.99701225280762
2025-11-26 10:35:39,99.9963720703125,99.9963720703125,99.9963720703125,99.9963720703125
2025-11-26 10:35:40,99.99701225280762,99.99701225280762,99.99701225280762,99.99701225280762
2025-11-26 10:35:41,35.65656280517578,99.99701225280762,99.99701225280762,35.65656280517578
2025-11-26 10:35:42,99.99701225280762,99.99701225280762,30.30266571044922,30.30266571044922
2025-11-26 10:35:43,99.99701225280762,99.99701225280762,99.9872183227539,99.9872183227539
2025-11-26 10:35:44,99.99701225280762,99.99701225280762,30.293243408203125,30.293243408203125
2025-11-26 10:35:45,99.99253845214844,99.99700927734375,99.99700927734375,99.99253845214844
2025-11-26 10:35:46,-0.5778121948242188,42.151611328125,99.99700927734375,-0.5778121948242188
2025-11-26 10:35:47,64.59013366699219,89.14981170654298,99.99701225280762,64.59013366699219
2025-11-26 10:35:48,99.9963720703125,99.9963720703125,99.99701225280762,99.9963720703125
2025-11-26 10:35:49,99.99701225280762,35.05213165283203,35.05213165283203,99.99701225280762
2025-11-26 10:35:50,99.99701225280762,98.8475269317627,98.8475269317627,99.99701225280762
2025-11-26 10:35:51,48.100467681884766,99.99701225280762,30.29845428466797,30.29845428466797
2025-11-26 10:35:52,87.33273506164551,99.99701225280762,99.99143310546874,87.33273506164551
2025-11-26 10:35:53,99.99701225280762,99.99701225280762,99.99701225280762,99.99701225280762
2025-11-26 10:35:54,99.99701225280762,99.99701225280762,99.99701225280762,99.99701225280762
2025-11-26 10:35:55,38.8646240234375,38.8646240234375,38.14424514770508,38.14424514770508
2025-11-26 10:35:56,95.474892578125,95.63796043395996,96.35833976745606,95.474892578125
2025-11-26 10:35:57,99.99701225280762,99.99701225280762,99.99701225280762,99.99701225280762
2025-11-26 10:35:58,99.99701225280762,99.99701225280762,99.99701225280762,99.99701225280762
2025-11-26 10:35:59,99.99700927734375,99.99066162109375,99.9896469116211,99.9896469116211
2025-11-26 10:36:00,99.9957275390625,14.376792907714844,13.878799438476562,13.878799438476562
2025-11-26 10:36:01,30.760635375976562,30.76319122314453,48.941673278808594,30.760635375976562
2025-11-26 10:36:02,99.98672485351562,99.98673812866211,99.98673812866211,99.98672485351562
2025-11-26 10:36:03,30.48468017578125,33.912803649902344,33.912803649902344,30.48468017578125
2025-11-26 10:36:04,99.99701225280762,99.99701225280762,99.99701225280762,99.99701225280762
2025-11-26 10:36:05,39.87514114379883,39.87514114379883,99.99701225280762,40.06024169921875
2025-11-26 10:36:06,8.962509155273438,8.962509155273438,91.27749061584473,14.411712646484375
2025-11-26 10:36:07,6.733001708984375,7.45306396484375,58.98769760131836,6.733001708984375
2025-11-26 10:36:08,24.93836212158203,73.2516918182373,81.02959823608398,24.93836212158203
2025-11-26 10:36:09,99.99448944091797,99.99701225280762,99.99701225280762,99.99448944091797
2025-11-26 10:36:10,37.85439682006836,37.85439682006836,99.99701225280762,38.03949737548828
2025-11-26 10:36:11,93.54518127441406,94.04030700683593,99.99701225280762,93.54518127441406
2025-11-26 10:36:12,34.52154541015625,34.52154541015625,99.99701225280762,34.52154541015625
2025-11-26 10:36:13,99.98721069335937,99.98721069335937,99.99701225280762,99.98721069335937
2025-11-26 10:36:14,99.99701225280762,99.99701225280762,99.99701225280762,99.99701225280762
2025-11-26 10:36:15,35.100440979003906,35.100440979003906,99.99701225280762,35.100440979003906
2025-11-26 10:36:16,99.99701225280762,99.99701225280762,99.99701225280762,99.99701225280762
2025-11-26 10:36:17,99.9963720703125,99.9963720703125,99.9963720703125,99.9963720703125
2025-11-26 10:36:18,38.516117095947266,37.850830078125,99.99701225280762,37.96169662475586
2025-11-26 10:36:19,96.58615447998046,96.58615447998046,99.99701225280762,97.14057754516601
2025-11-26 10:36:20,99.99701225280762,99.99701225280762,99.99701225280762,99.99701225280762
2025-11-26 10:36:21,99.99701225280762,42.680503845214844,99.99701225280762,42.680503845214844
2025-11-26 10:36:22,99.99701225280762,92.2949285888672,99.99701225280762,92.2949285888672
2025-11-26 10:36:23,99.99701225280762,99.99701225280762,99.99701225280762,99.99701225280762
2025-11-26 10:36:24,99.99701225280762,99.9963720703125,99.9963720703125,99.9963720703125
2025-11-26 10:36:25,99.99701225280762,99.99701225280762,99.99701225280762,99.99701225280762
2025-11-26 10:36:26,38.37113571166992,34.95030212402344,34.95030212402344,37.68437576293945
2025-11-26 10:36:27,95.52726936340332,95.52726936340332,96.21466918945312,96.21466918945312
2025-11-26 10:36:28,99.99701225280762,99.99701225280762,99.99701225280762,99.99701225280762
2025-11-26 10:36:29,99.99701225280762,99.99701225280762,99.99701225280762,99.99701225280762
2025-11-26 10:36:30,99.99701225280762,99.99701225280762,99.99701225280762,99.99701225280762
2025-11-26 10:36:31,99.99701225280762,99.99701225280762,99.99701225280762,99.99701225280762
2025-11-26 10:36:32,99.9963720703125,99.9963720703125,99.9963720703125,99.9963720703125
2025-11-26 10:36:33,34.98755645751953,99.9963720703125,99.9963720703125,34.98755645751953
2025-11-26 10:36:34,99.9872183227539,99.99701225280762,99.99701225280762,99.9872183227539
2025-11-26 10:36:35,99.99701225280762,34.99005889892578,99.99701225280762,34.99005889892578
2025-11-26 10:36:36,99.99701225280762,99.98538146972656,99.99701225280762,99.98538146972656
2025-11-26 10:36:37,99.99701225280762,99.99701225280762,99.99701225280762,99.99701225280762
2025-11-26 10:36:38,99.99700927734375,99.99700927734375,30.23297119140625,30.23297119140625
2025-11-26 10:36:39,35.59221649169922,99.99700927734375,99.98722839355469,35.59221649169922
2025-11-26 10:36:40,99.99700927734375,99.9963720703125,6.058403015136719,6.058403015136719
2025-11-26 10:36:41,99.99253845214844,99.99700927734375,65.33562469482422,65.33562469482422
2025-11-26 10:36:42,34.9178466796875,99.99700927734375,99.99700927734375,34.9178466796875
2025-11-26 10:36:43,99.99701225280762,99.99701225280762,99.99701225280762,99.99701225280762
2025-11-26 10:36:44,99.99701225280762,99.99701225280762,30.298599243164062,30.298599243164062
2025-11-26 10:36:45,99.99636840820312,99.99636840820312,99.99141693115234,99.99141693115234
2025-11-26 10:36:46,38.917816162109375,38.917816162109375,99.99700927734375,99.99700927734375
2025-11-26 10:36:47,99.99416931152344,99.99416931152344,99.99669212341308,99.99669212341308
2025-11-26 10:36:48,99.99669212341308,99.99035079956055,99.99035079956055,99.99204284667968
2025-11-26 10:36:49,42.20889663696289,17.528053283691406,16.81633758544922,16.81633758544922
2025-11-26 10:36:50,89.26234725952148,46.70733642578125,46.70733642578125,47.417686462402344
2025-11-26 10:36:51,99.99701225280762,99.99701225280762,99.99701225280762,99.99701225280762
2025-11-26 10:36:52,99.98673812866211,99.98673812866211,99.98673812866211,99.98673812866211
2025-11-26 10:36:53,33.912933349609375,33.912933349609375,33.91229248046875,33.91229248046875
2025-11-26 10:36:54,99.99701225280762,99.99701225280762,99.99701225280762,99.99701225280762
2025-11-26 10:36:55,48.76163864135742,36.144161224365234,36.144161224365234,48.76163864135742
2025-11-26 10:36:56,17.681365966796875,32.85320281982422,97.75563934326172,17.681365966796875
2025-11-26 10:36:57,30.484054565429688,99.98723350524902,99.9963720703125,30.484054565429688
2025-11-26 10:36:58,30.480125427246094,99.99701225280762,99.99701225280762,30.480125427246094
2025-11-26 10:36:59,99.99144073486327,99.99669212341308,99.99669212341308,99.99144073486327
2025-11-26 10:37:00,99.9963720703125,99.99669212341308,99.99669212341308,99.9963720703125
2025-11-26 10:37:01,99.99701225280762,99.99701225280762,99.99701225280762,99.99701225280762
2025-11-26 10:37:02,42.26907730102539,42.933773040771484,42.930755615234375,42.26907730102539
2025-11-26 10:37:03,30.206077575683594,30.206077575683594,29.543899536132812,29.543899536132812
2025-11-26 10:37:04,35.058738708496094,35.88645935058594,93.57078315734863,35.058738708496094
2025-11-26 10:37:05,29.095672607421875,29.095672607421875,99.99701225280762,40.282981872558594
2025-11-26 10:37:06,94.33247230529786,94.2257675933838,99.99701225280762,94.2257675933838
2025-11-26 10:37:07,99.99701225280762,99.99701225280762,99.99701225280762,99.99701225280762
2025-11-26 10:37:08,99.99701225280762,99.99701225280762,99.99701225280762,99.99701225280762
2025-11-26 10:37:09,99.99700927734375,99.99636840820312,99.99636840820312,99.99636840820312
2025-11-26 10:37:10,-20.40716552734375,-20.40716552734375,99.99700927734375,39.6279296875
2025-11-26 10:37:11,99.97520446777344,99.97520446777344,99.99700927734375,99.98623657226562
2025-11-26 10:37:12,99.99636840820312,99.99636840820312,99.99636840820312,99.99636840820312
2025-11-26 10:37:13,99.99700927734375,99.99700927734375,99.99700927734375,99.99700927734375
2025-11-26 10:37:14,99.99700927734375,99.99700927734375,99.99700927734375,99.99700927734375
2025-11-26 10:37:15,99.99700927734375,99.99700927734375,99.99700927734375,99.99700927734375
2025-11-26 10:37:16,99.99700927734375,99.99700927734375,99.99700927734375,99.99700927734375
2025-11-26 10:37:17,35.050140380859375,35.050140380859375,99.99700927734375,35.050140380859375
2025-11-26 10:37:18,99.98719024658203,99.98719024658203,99.99700927734375,99.98719024658203
2025-11-26 10:37:19,35.203468322753906,35.203468322753906,99.99700927734375,35.203468322753906
2025-11-26 10:37:20,35.20348358154297,35.20348358154297,99.99700927734375,35.20348358154297
2025-11-26 10:37:21,99.99700927734375,99.99700927734375,99.99700927734375,99.99700927734375
2025-11-26 10:37:22,99.99700927734375,35.68998718261719,35.68998718261719,99.99700927734375
2025-11-26 10:37:23,99.99700927734375,43.961456298828125,98.14298248291016,43.961456298828125
2025-11-26 10:37:24,99.99700927734375,90.9489517211914,99.99700927734375,90.9489517211914
2025-11-26 10:37:25,40.37493896484375,40.37493896484375,39.709075927734375,39.709075927734375
2025-11-26 10:37:26,93.45851135253906,93.45851135253906,94.12437438964844,94.12437438964844
2025-11-26 10:37:27,99.99636840820312,99.99636840820312,99.99636840820312,99.99636840820312
2025-11-26 10:37:28,99.99700927734375,99.99700927734375,99.99700927734375,99.99700927734375
2025-11-26 10:37:29,99.99700927734375,99.99700927734375,99.99700927734375,99.99700927734375
2025-11-26 10:37:30,99.99189758300781,99.99636840820312,99.99700927734375,99.99189758300781
2025-11-26 10:37:31,34.98290252685547,99.99701225280762,99.99701225280762,34.98290252685547
2025-11-26 10:37:32,99.99700927734375,99.99700927734375,99.99700927734375,99.99700927734375
2025-11-26 10:37:33,99.99700927734375,99.99700927734375,99.99701225280762,99.99701225280762
2025-11-26 10:37:34,99.99701225280762,37.38481903076172,30.2984619140625,30.2984619140625
2025-11-26 10:37:35,34.983978271484375,97.58998016357423,99.99143310546874,34.983978271484375
2025-11-26 10:37:36,99.99142547607421,99.99701225280762,30.30266571044922,30.30266571044922
2025-11-26 10:37:37,99.99701225280762,99.99254592895508,99.9822640991211,99.9822640991211
2025-11-26 10:37:38,99.99701225280762,34.52130889892578,34.518760681152344,34.518760681152344
2025-11-26 10:37:39,99.9963720703125,99.99193618774414,99.99193618774414,99.99384925842286
2025-11-26 10:37:40,44.427764892578125,44.427764892578125,32.01911926269531,32.01911926269531
2025-11-26 10:37:41,35.59324645996094,87.0224609375,98.2684097290039,35.59324645996094
2025-11-26 10:37:42,38.22521209716797,38.22521209716797,16.63471221923828,16.63471221923828
2025-11-26 10:37:43,99.99128829956055,99.99128829956055,52.2121467590332,52.2121467590332
2025-11-26 10:37:44,99.99636840820312,99.99636840820312,99.99700927734375,99.99636840820312
2025-11-26 10:37:45,99.99700927734375,99.99700927734375,99.99700927734375,99.99700927734375
2025-11-26 10:37:46,99.99700927734375,99.99700927734375,99.99700927734375,99.99700927734375
2025-11-26 10:37:47,99.99700927734375,38.148990631103516,38.148990631103516,99.99700927734375
2025-11-26 10:37:48,99.99701225280762,36.0306510925293,36.0306510925293,39.534515380859375
2025-11-26 10:37:49,99.99701225280762,94.82528114318848,94.82528114318848,95.56773330688476
2025-11-26 10:37:50,99.99636840820312,99.99636840820312,99.99636840820312,99.99636840820312
2025-11-26 10:37:51,99.99700927734375,99.99700927734375,99.99700927734375,99.99700927734375
2025-11-26 10:37:52,99.99459075927734,99.99459075927734,99.99636840820312,99.99636840820312
2025-11-26 10:37:53,31.482086181640625,31.482086181640625,99.99701225280762,99.99701225280762
2025-11-26 10:37:54,99.98901702880859,99.99142547607421,99.99669212341308,99.98901702880859
2025-11-26 10:37:55,14.022254943847656,99.99669212341308,99.99669212341308,14.022254943847656
2025-11-26 10:37:56,49.62992858886719,99.99701225280762,99.99701225280762,49.62992858886719
2025-11-26 10:37:57,99.99701225280762,99.99701225280762,99.99701225280762,99.99701225280762
2025-11-26 10:37:58,30.480133056640625,99.99701225280762,99.99701225280762,30.480133056640625
2025-11-26 10:37:59,99.99143310546874,99.99701225280762,99.99701225280762,99.99143310546874
2025-11-26 10:38:00,41.39679718017578,42.031158447265625,76.37414932250977,41.39679718017578
2025-11-26 10:38:01,23.496307373046875,23.496307373046875,54.89775466918945,24.13066864013672
2025-11-26 10:38:02,99.99701225280762,99.99701225280762,99.99701225280762,99.99701225280762
2025-11-26 10:38:03,99.99701225280762,99.99701225280762,99.99701225280762,99.99701225280762
2025-11-26 10:38:04,99.99701225280762,99.99701225280762,99.99701225280762,99.99701225280762
2025-11-26 10:38:05,40.36272048950195,40.36272048950195,99.99701225280762,40.447994232177734
2025-11-26 10:38:06,91.14835449218751,91.53211120605468,99.99701225280762,91.14835449218751
2025-11-26 10:38:07,-22.795005798339844,-22.795005798339844,35.11589050292969,35.11589050292969
2025-11-26 10:38:08,38.56524658203125,38.56524658203125,99.08483848571777,41.46860885620117
2025-11-26 10:38:09,92.06959869384765,91.85138702392578,99.99701225280762,91.85088439941407
2025-11-26 10:38:10,34.52154541015625,34.52154541015625,99.99701225280762,34.52154541015625
2025-11-26 10:38:11,35.04035186767578,35.04035186767578,99.99636840820312,35.04035186767578
2025-11-26 10:38:12,99.98722076416016,99.98722076416016,99.99700927734375,99.98722076416016
2025-11-26 10:38:13,35.100341796875,35.100341796875,99.99701225280762,35.100341796875
2025-11-26 10:38:14,99.99701225280762,99.99701225280762,99.99701225280762,99.99701225280762
2025-11-26 10:38:15,99.9963720703125,99.9963720703125,99.99701225280762,99.9963720703125
2025-11-26 10:38:16,35.26819610595703,35.26819610595703,99.99701225280762,35.26819610595703
2025-11-26 10:38:17,99.99700927734375,99.99700927734375,99.99700927734375,99.99700927734375
2025-11-26 10:38:18,99.99253845214844,99.99700927734375,99.99700927734375,99.99253845214844
2025-11-26 10:38:19,34.917869567871094,99.99700927734375,99.99700927734375,34.917869567871094
2025-11-26 10:38:20,99.99636840820312,99.99636840820312,99.99636840820312,99.99636840820312
2025-11-26 10:38:21,99.9963720703125,99.9963720703125,99.9963720703125,99.9963720703125
2025-11-26 10:38:22,99.9963720703125,99.99573181152344,99.9963720703125,99.99573181152344
2025-11-26 10:38:23,99.99701225280762,99.99701225280762,99.99701225280762,99.99701225280762
2025-11-26 10:38:24,99.99701225280762,36.93464660644531,36.93464660644531,37.88677215576172
2025-11-26 10:38:25,99.99701225280762,96.96503280639648,96.96503280639648,97.08862754821777
2025-11-26 10:38:26,99.99701225280762,99.99701225280762,99.99701225280762,99.99701225280762
2025-11-26 10:38:27,99.99701225280762,41.587371826171875,99.99701225280762,41.58787536621094
2025-11-26 10:38:28,34.983978271484375,40.9582405090332,40.27096939086914,34.983978271484375
2025-11-26 10:38:29,92.94155212402343,92.94155212402343,93.62807609558105,93.62807609558105
2025-11-26 10:38:30,99.99636840820312,99.99636840820312,99.99636840820312,99.99636840820312
2025-11-26 10:38:31,99.99700927734375,99.99700927734375,30.223159790039062,30.223159790039062
2025-11-26 10:38:32,99.99701225280762,99.99254592895508,99.99254592895508,99.99254592895508
2025-11-26 10:38:33,99.99701225280762,35.11680603027344,30.189186096191406,30.189186096191406
2025-11-26 10:38:34,99.99700927734375,99.991943359375,99.99079895019531,99.99079895019531
2025-11-26 10:38:35,99.99700927734375,99.99700927734375,99.99700927734375,99.99700927734375
2025-11-26 10:38:36,99.99700927734375,99.99700927734375,99.99700927734375,99.99700927734375
2025-11-26 10:38:37,43.3015251159668,43.3015251159668,99.99701225280762,99.99701225280762
2025-11-26 10:38:38,88.16959854125977,88.16959854125977,32.47798156738281,32.47798156738281
2025-11-26 10:38:39,99.98965728759765,99.98965728759765,97.81190322875976,97.81190322875976
2025-11-26 10:38:40,34.94694519042969,34.94694519042969,34.94694519042969,34.94694519042969
2025-11-26 10:38:41,99.99701225280762,99.99701225280762,99.99701225280762,99.99701225280762
2025-11-26 10:38:42,99.99701225280762,99.9963720703125,99.9963720703125,99.9963720703125
2025-11-26 10:38:43,99.99701225280762,99.99701225280762,99.99701225280762,99.99701225280762
2025-11-26 10:38:44,99.99701225280762,38.62739562988281,37.96326446533203,37.96326446533203
2025-11-26 10:38:45,99.99626533508301,96.47472427368164,96.47472427368164,97.13885498046875
2025-11-26 10:38:46,35.661651611328125,99.99701225280762,99.99701225280762,35.661651611328125
2025-11-26 10:38:47,51.21710968017578,99.99701225280762,99.99701225280762,51.21710968017578
2025-11-26 10:38:48,84.20995040893555,99.9963720703125,99.9963720703125,84.20995040893555
2025-11-26 10:38:49,99.99701225280762,38.427833557128906,38.427833557128906,99.99701225280762
2025-11-26 10:38:50,99.99701225280762,95.47150848388672,95.47150848388672,99.99669212341308
2025-11-26 10:38:51,99.9896469116211,99.99588012695312,99.99668884277344,99.9896469116211
2025-11-26 10:38:52,-20.661598205566406,22.467315673828125,30.293624877929688,-20.661598205566406
2025-11-26 10:38:53,-28.737319946289062,-28.737319946289062,99.99626533508301,34.653221130371094
2025-11-26 10:38:54,99.13402938842773,99.13402938842773,99.99701225280762,99.48402877807617
2025-11-26 10:38:55,36.35862350463867,36.35862350463867,35.74976348876953,35.74976348876953
2025-11-26 10:38:56,97.98055030822754,98.14463188171386,98.75348953247071,97.98055030822754
2025-11-26 10:38:57,43.741939544677734,44.62685775756836,99.99701225280762,43.741939544677734
2025-11-26 10:38:58,35.32135009765625,35.365257263183594,46.18606185913086,35.32135009765625
2025-11-26 10:38:59,88.12453079223633,88.12453079223633,88.01593589782715,88.01593589782715
2025-11-26 10:39:00,,99.99701522827148,99.99701522827148,
2025-11-26 10:39:01,99.99573608398437,99.99637565612792,99.99637565612792,99.99573608398437
2025-11-26 10:39:02,99.99701225280762,99.99701225280762,99.99701225280762,99.99701225280762
2025-11-26 10:39:03,99.99701225280762,99.99701225280762,99.99701225280762,99.99701225280762
2025-11-26 10:39:04,41.25468063354492,41.25468063354492,99.99701225280762,41.52907943725586
2025-11-26 10:39:05,90.14501663208009,90.6401424407959,99.99701225280762,90.14501663208009
2025-11-26 10:39:06,99.99701225280762,99.99701225280762,99.99701225280762,99.99701225280762
2025-11-26 10:39:07,99.99701225280762,99.99701225280762,99.99701225280762,99.99701225280762
2025-11-26 10:39:08,99.99701225280762,99.99701225280762,99.99701225280762,99.99701225280762
2025-11-26 10:39:09,99.9963720703125,99.9963720703125,99.9963720703125,99.9963720703125
2025-11-26 10:39:10,99.99636840820312,99.99636840820312,99.99636840820312,99.99636840820312
2025-11-26 10:39:11,99.99700927734375,99.99700927734375,99.99700927734375,99.99700927734375
2025-11-26 10:39:12,99.99700927734375,99.99700927734375,99.99700927734375,99.99700927734375
2025-11-26 10:39:13,99.99701225280762,99.99669212341308,99.9963720703125,99.9963720703125
2025-11-26 10:39:14,99.99701225280762,99.99669212341308,99.99669212341308,99.99701225280762
2025-11-26 10:39:15,99.99588424682617,38.555484771728516,99.99701225280762,38.555484771728516
2025-11-26 10:39:16,30.6949462890625,27.113182067871094,99.99562072753906,27.113182067871094
2025-11-26 10:39:17,34.45245361328125,34.45771789550781,99.99700927734375,34.45245361328125
2025-11-26 10:39:18,99.98425338745118,99.9850765991211,99.99701225280762,99.98425338745118
2025-11-26 10:39:19,99.99701225280762,99.99701225280762,99.99701225280762,99.99701225280762
2025-11-26 10:39:20,99.99701225280762,99.99701225280762,99.99701225280762,99.99701225280762
2025-11-26 10:39:21,40.23114013671875,40.23114013671875,62.880775451660156,62.880775451660156
2025-11-26 10:39:22,28.51245880126953,28.51245880126953,71.13412094116211,60.84386444091797
2025-11-26 10:39:23,99.9932928466797,37.926025390625,37.926025390625,42.179080963134766
2025-11-26 10:39:24,-0.7280044555664062,92.7963500213623,95.97363090515137,-0.7280044555664062
2025-11-26 10:39:25,65.61579132080078,99.99700927734375,99.99700927734375,65.61579132080078
2025-11-26 10:39:26,99.99700927734375,99.99700927734375,99.99700927734375,99.99700927734375
2025-11-26 10:39:27,99.99701225280762,99.99701225280762,99.99701225280762,99.99701225280762
2025-11-26 10:39:28,99.99701225280762,99.99701225280762,99.99701225280762,99.99701225280762
2025-11-26 10:39:29,44.20452117919922,44.20452117919922,99.99701225280762,99.99701225280762
2025-11-26 10:39:30,87.15466781616212,87.15466781616212,99.99701225280762,99.99254592895508
2025-11-26 10:39:31,35.039939880371094,35.039939880371094,99.99700927734375,35.039939880371094
2025-11-26 10:39:32,99.99700927734375,99.99700927734375,99.99700927734375,99.99700927734375
2025-11-26 10:39:33,99.99066162109375,99.99066162109375,99.9896469116211,99.9896469116211
2025-11-26 10:39:34,33.90898895263672,33.90898895263672,33.910003662109375,33.910003662109375
2025-11-26 10:39:35,99.99700927734375,99.99700927734375,99.99700927734375,99.99700927734375
2025-11-26 10:39:36,99.99636840820312,99.99253845214844,99.99253845214844,99.99253845214844
2025-11-26 10:39:37,99.99700927734375,42.031402587890625,23.269866943359375,23.269866943359375
2025-11-26 10:39:38,99.99700927734375,91.87415313720703,42.257049560546875,42.257049560546875
2025-11-26 10:39:39,99.99700927734375,99.99700927734375,99.99700927734375,99.99700927734375
2025-11-26 10:39:40,99.99700927734375,99.99700927734375,99.99700927734375,99.99700927734375
2025-11-26 10:39:41,99.99700927734375,99.99700927734375,9.932075500488281,9.932075500488281
2025-11-26 10:39:42,99.99700927734375,99.99700927734375,65.49079132080078,65.49079132080078
2025-11-26 10:39:43,99.9957275390625,99.9957275390625,99.9957275390625,99.9957275390625
2025-11-26 10:39:44,99.99700927734375,99.99636840820312,99.99636840820312,99.99636840820312
2025-11-26 10:39:45,23.7637939453125,99.99700927734375,99.99700927734375,23.7637939453125
2025-11-26 10:39:46,-12.52142333984375,99.9963720703125,99.99701225280762,-12.52142333984375
2025-11-26 10:39:47,20.179153442382812,99.99626159667969,30.2281494140625,20.179153442382812
2025-11-26 10:39:48,99.99700927734375,99.99700927734375,99.99127197265625,99.99127197265625
2025-11-26 10:39:49,99.99636840820312,99.99636840820312,99.99636840820312,99.99636840820312
2025-11-26 10:39:50,99.99700927734375,99.99700927734375,99.99700927734375,99.99700927734375
2025-11-26 10:39:51,46.90007019042969,39.70037078857422,38.98076629638672,38.98076629638672
2025-11-26 10:39:52,86.92955780029297,86.92955780029297,86.82135772705078,86.82135772705078
2025-11-26 10:39:53,99.99700927734375,99.99700927734375,99.99700927734375,99.99700927734375
2025-11-26 10:39:54,99.99700927734375,99.99700927734375,99.99700927734375,99.99700927734375
2025-11-26 10:39:55,99.99700927734375,99.99700927734375,99.99700927734375,99.99700927734375
2025-11-26 10:39:56,35.918724060058594,35.918724060058594,99.99669212341308,36.138309478759766
2025-11-26 10:39:57,41.25214385986328,41.25214385986328,99.99669212341308,42.052040100097656
2025-11-26 10:39:58,35.393402099609375,35.393402099609375,36.144161224365234,43.75748825073242
2025-11-26 10:39:59,87.9485969543457,88.34921264648438,97.75563171386719,87.9485969543457
2025-11-26 10:40:00,38.9806022644043,38.9806022644043,99.99701225280762,99.99701225280762
2025-11-26 10:40:01,99.99701225280762,99.99701225280762,99.99701225280762,99.99701225280762
2025-11-26 10:40:02,99.99701225280762,99.99701225280762,99.99701225280762,99.99701225280762
2025-11-26 10:40:03,99.99701225280762,99.99701225280762,99.99701225280762,99.99701225280762
2025-11-26 10:40:04,38.140899658203125,38.140899658203125,37.55411148071289,37.55411148071289
2025-11-26 10:40:05,96.14306282043457,96.36232589721679,96.94911102294923,96.14306282043457
2025-11-26 10:40:06,99.99701225280762,99.99701225280762,99.99701225280762,99.99701225280762
2025-11-26 10:40:07,99.99701225280762,99.99701225280762,99.99701225280762,99.99701225280762
2025-11-26 10:40:08,99.99701225280762,99.99701225280762,99.99701225280762,99.99701225280762
2025-11-26 10:40:09,99.99700927734375,99.99700927734375,99.99700927734375,99.99700927734375
2025-11-26 10:40:10,45.21553039550781,45.9901123046875,99.99701225280762,45.21553039550781
2025-11-26 10:40:11,85.85074996948242,85.85074996948242,99.99562507629395,86.45837310791015
2025-11-26 10:40:12,99.99701225280762,99.99701225280762,99.99701225280762,99.99701225280762
2025-11-26 10:40:13,99.9963720703125,99.9963720703125,99.99701225280762,99.9963720703125
2025-11-26 10:40:14,99.99701225280762,99.9963720703125,99.9963720703125,99.9963720703125
2025-11-26 10:40:15,99.99701225280762,99.99701225280762,99.99701225280762,99.99701225280762
2025-11-26 10:40:16,99.99701225280762,99.99701225280762,99.99701225280762,99.99701225280762
2025-11-26 10:40:17,99.99700927734375,99.99700927734375,99.99700927734375,99.99700927734375
2025-11-26 10:40:18,99.99700927734375,99.99636840820312,99.99636840820312,99.99636840820312
2025-11-26 10:40:19,99.99254592895508,99.99701225280762,99.99701225280762,99.99254592895508
2025-11-26 10:40:20,34.98625183105469,39.28120803833008,43.30327606201172,34.98625183105469
2025-11-26 10:40:21,89.89782043457032,89.89782043457032,90.5065860748291,90.5065860748291
2025-11-26 10:40:22,-22.118545532226562,-22.118545532226562,99.99700927734375,35.40601348876953
2025-11-26 10:40:23,36.510658264160156,36.510658264160156,99.99636840820312,95.24601745605469
2025-11-26 10:40:24,35.03643798828125,35.03643798828125,99.99700927734375,35.03643798828125
2025-11-26 10:40:25,99.99700927734375,39.7060546875,39.7060546875,99.99700927734375
2025-11-26 10:40:26,99.99253845214844,94.13340713500976,94.13340713500976,99.99254592895508
2025-11-26 10:40:27,33.90815734863281,33.90815734863281,33.90765380859375,33.90765380859375
2025-11-26 10:40:28,99.99536598205566,99.99536598205566,99.9963720703125,99.9963720703125
2025-11-26 10:40:29,99.99253845214844,99.99253845214844,99.99700927734375,99.99253845214844
2025-11-26 10:40:30,46.600006103515625,17.139404296875,99.99775695800781,17.184097290039062
2025-11-26 10:40:31,87.61528205871582,55.845157623291016,30.301918029785156,30.301918029785156
2025-11-26 10:40:32,99.99701225280762,99.99701225280762,99.9872183227539,99.9872183227539
2025-11-26 10:40:33,99.99701225280762,99.99701225280762,99.99701225280762,99.99701225280762
2025-11-26 10:40:34,99.99701225280762,99.99701225280762,99.99701225280762,99.99701225280762
2025-11-26 10:40:35,35.662315368652344,99.99701225280762,99.99701225280762,35.662315368652344
2025-11-26 10:40:36,99.99142547607421,99.99701225280762,99.99701225280762,99.99142547607421
2025-11-26 10:40:37,34.9840087890625,99.99701225280762,99.99701225280762,34.9840087890625
2025-11-26 10:40:38,99.99146362304687,99.99701225280762,99.99701225280762,99.99146362304687
2025-11-26 10:40:39,99.99701225280762,99.99701225280762,99.99701225280762,99.99701225280762
2025-11-26 10:40:40,99.99701225280762,99.99358245849609,99.99358245849609,99.99358245849609
2025-11-26 10:40:41,99.99701225280762,56.36411666870117,-7.219413757324219,-7.219413757324219
2025-11-26 10:40:42,99.99253845214844,80.46566009521484,6.4692230224609375,6.4692230224609375
2025-11-26 10:40:43,-9.238227844238281,99.99700927734375,99.99701225280762,-9.238227844238281
2025-11-26 10:40:44,26.846038818359375,99.9963720703125,99.9963720703125,26.846038818359375
2025-11-26 10:40:45,81.70147132873535,99.99626533508301,99.99626533508301,81.70147132873535
2025-11-26 10:40:46,99.9963720703125,99.9963720703125,30.29474639892578,30.29474639892578
2025-11-26 10:40:47,99.99701225280762,99.9963720703125,99.99384925842286,99.99384925842286
2025-11-26 10:40:48,99.99701225280762,99.99701225280762,99.99701225280762,99.99701225280762
2025-11-26 10:40:49,99.99701225280762,99.99701225280762,99.99701225280762,99.99701225280762
2025-11-26 10:40:50,99.99701225280762,99.99701225280762,99.99701225280762,99.99701225280762
2025-11-26 10:40:51,44.05132293701172,44.05132293701172,99.9963720703125,44.23706817626953
2025-11-26 10:40:52,33.52500915527344,33.52500915527344,99.99701225280762,42.94482421875
2025-11-26 10:40:53,90.84556488037109,90.84556488037109,99.99626533508301,91.5639476776123
2025-11-26 10:40:54,99.99701225280762,99.99701225280762,99.99701225280762,99.99701225280762
2025-11-26 10:40:55,45.983154296875,46.647605895996094,46.75569534301758,45.983154296875
2025-11-26 10:40:56,87.55503173828126,11.896240234375,11.896240234375,74.36415100097656
2025-11-26 10:40:57,35.919044494628906,35.919044494628906,50.94939422607422,36.02703094482422
2025-11-26 10:40:58,98.4809577178955,98.5895832824707,99.9963720703125,98.4809577178955
2025-11-26 10:40:59,99.99701225280762,99.99701225280762,99.99701225280762,99.99701225280762
2025-11-26 10:41:00,99.99701225280762,99.99701225280762,99.99701225280762,99.99701225280762
2025-11-26 10:41:01,99.99701225280762,99.99701225280762,99.99701225280762,99.99701225280762
2025-11-26 10:41:02,99.99253845214844,99.99253845214844,99.99700927734375,99.99700927734375
2025-11-26 10:41:03,21.83636474609375,21.83636474609375,99.99700927734375,90.21551803588866
2025-11-26 10:41:04,42.59994888305664,42.59994888305664,99.99701225280762,42.872920989990234
2025-11-26 10:41:05,99.99701225280762,99.99701225280762,99.99701225280762,99.99701225280762
2025-11-26 10:41:06,99.99701225280762,99.99701225280762,99.99701225280762,99.99701225280762
2025-11-26 10:41:07,99.99701225280762,99.9963720703125,99.9963720703125,99.9963720703125
2025-11-26 10:41:08,45.17222595214844,45.17222595214844,44.56282043457031,44.56282043457031
2025-11-26 10:41:09,88.72746658325195,88.72746658325195,89.3362321472168,89.3362321472168
2025-11-26 10:41:10,99.9963720703125,99.9963720703125,99.9963720703125,99.9963720703125
2025-11-26 10:41:11,99.99701225280762,99.99701225280762,99.99701225280762,99.99701225280762
2025-11-26 10:41:12,99.99701225280762,99.99701225280762,99.99701225280762,99.99701225280762
2025-11-26 10:41:13,38.75338363647461,38.75338363647461,38.14512634277344,38.14512634277344
2025-11-26 10:41:14,95.58563659667969,95.74971817016602,96.35797378540039,95.58563659667969
2025-11-26 10:41:15,99.99701225280762,99.99701225280762,99.99701225280762,99.99701225280762
2025-11-26 10:41:16,99.99605194091797,99.99605194091797,99.99701225280762,99.9963720703125
2025-11-26 10:41:17,99.99669212341308,99.9963720703125,99.9963720703125,99.99669212341308
2025-11-26 10:41:18,99.99701225280762,40.5634651184082,99.99701225280762,40.56396484375
2025-11-26 10:41:19,99.99439041137695,94.41081665039063,99.99626533508301,94.41031356811523
2025-11-26 10:41:20,30.764320373535156,30.764320373535156,99.99701225280762,30.764320373535156
2025-11-26 10:41:21,42.16022491455078,42.16022491455078,99.99701225280762,42.373863220214844
2025-11-26 10:41:22,92.34853271484376,92.12981842041016,99.99701225280762,92.12981842041016
2025-11-26 10:41:23,36.01411819458008,36.62256622314453,99.99701225280762,36.01411819458008
2025-11-26 10:41:24,98.47955535888671,98.47955535888671,99.99626533508301,99.08353515625
2025-11-26 10:41:25,34.982879638671875,40.358253479003906,40.358253479003906,34.982879638671875
2025-11-26 10:41:26,99.99701225280762,94.5789909362793,94.5789909362793,99.99701225280762
2025-11-26 10:41:27,99.99701225280762,99.99701225280762,30.30266571044922,30.30266571044922
2025-11-26 10:41:28,99.99701225280762,37.998050689697266,99.98798805236817,38.053733825683594
2025-11-26 10:41:29,99.99701225280762,96.9773574066162,99.99626533508301,96.92167259216309
2025-11-26 10:41:30,34.9840087890625,99.99701225280762,99.99701225280762,34.9840087890625
2025-11-26 10:41:31,43.58031463623047,43.58031463623047,99.9963720703125,99.98631889343261
2025-11-26 10:41:32,35.10480499267578,35.10480499267578,99.9963720703125,35.10480499267578
2025-11-26 10:41:33,99.99701225280762,99.99701225280762,99.99701225280762,99.99701225280762
2025-11-26 10:41:34,99.99701225280762,99.99701225280762,99.99701225280762,99.99701225280762
2025-11-26 10:41:35,99.99701225280762,99.99358245849609,99.99358245849609,99.99358245849609
2025-11-26 10:41:36,99.99701225280762,34.52088928222656,34.52088928222656,34.52088928222656
2025-11-26 10:41:37,30.414688110351562,99.99092864990234,99.99092864990234,30.414688110351562
2025-11-26 10:41:38,33.84215545654297,33.84215545654297,33.841651916503906,33.841651916503906
2025-11-26 10:41:39,99.99600616455078,99.99600616455078,30.29290008544922,30.29290008544922
2025-11-26 10:41:40,99.99701225280762,99.99701225280762,99.99701225280762,99.99701225280762
2025-11-26 10:41:41,44.932613372802734,44.932613372802734,99.9963720703125,45.151466369628906
2025-11-26 10:41:42,31.171409606933594,31.171409606933594,99.99700927734375,43.50141906738281
2025-11-26 10:41:43,30.47740936279297,90.22277069091797,99.99626159667969,30.47740936279297
2025-11-26 10:41:44,99.99701225280762,99.99701225280762,99.99701225280762,99.99701225280762
2025-11-26 10:41:45,99.9963720703125,99.9963720703125,99.9963720703125,99.9963720703125
2025-11-26 10:41:46,35.66216278076172,37.792171478271484,37.792171478271484,35.66216278076172
2025-11-26 10:41:47,54.004764556884766,96.1074843597412,30.97344207763672,30.97344207763672
2025-11-26 10:41:48,81.53541564941406,40.932647705078125,39.499576568603516,39.499576568603516
2025-11-26 10:41:49,36.64216613769531,36.64216613769531,93.57599639892578,36.85993576049805
2025-11-26 10:41:50,97.6466860961914,97.86594940185547,99.99701225280762,97.6466860961914
2025-11-26 10:41:51,99.99701225280762,99.99701225280762,99.99701225280762,99.99701225280762
2025-11-26 10:41:52,99.99701225280762,99.99701225280762,99.99701225280762,99.99701225280762
2025-11-26 10:41:53,99.9963720703125,99.9963720703125,99.9963720703125,99.9963720703125
2025-11-26 10:41:54,99.99701225280762,99.99701225280762,99.99701225280762,99.99701225280762
2025-11-26 10:41:55,99.99701225280762,99.9963720703125,30.297805786132812,30.297805786132812
2025-11-26 10:41:56,99.99701225280762,99.99701225280762,99.99127304077149,99.99127304077149
2025-11-26 10:41:57,46.45070266723633,47.05896759033203,47.16691970825195,46.45070266723633
2025-11-26 10:41:58,87.4442643737793,87.4442643737793,87.33566955566405,87.33566955566405
2025-11-26 10:41:59,99.99701225280762,99.99701225280762,99.99701225280762,99.99701225280762
2025-11-26 10:42:00,99.99701225280762,99.99701225280762,99.99701225280762,99.99701225280762
2025-11-26 10:42:01,99.99701225280762,99.99701225280762,99.99701225280762,99.99701225280762
2025-11-26 10:42:02,43.47810363769531,43.47810363769531,42.89141082763672,42.89141082763672
2025-11-26 10:42:03,90.42154983520507,90.42154983520507,91.00824356079102,91.00824356079102
2025-11-26 10:42:04,99.99253845214844,99.99253845214844,99.99700927734375,99.99700927734375
2025-11-26 10:42:05,24.759048461914062,24.759048461914062,99.99700927734375,93.32774353027344
2025-11-26 10:42:06,-20.568649291992188,-20.568649291992188,38.470218658447266,-20.27715301513672
2025-11-26 10:42:07,91.8999528503418,92.06080291748047,93.06676292419434,91.8999528503418
2025-11-26 10:42:08,99.99701225280762,99.99701225280762,99.99701225280762,99.99701225280762
2025-11-26 10:42:09,99.99701225280762,99.99701225280762,99.99701225280762,99.99701225280762
2025-11-26 10:42:10,99.99701225280762,99.99701225280762,99.99701225280762,99.99701225280762
2025-11-26 10:42:11,99.99701225280762,99.99701225280762,99.99701225280762,99.99701225280762
2025-11-26 10:42:12,99.99700927734375,99.99700927734375,30.23297119140625,30.23297119140625
2025-11-26 10:42:13,99.99700927734375,99.99700927734375,99.98719787597656,99.98719787597656
2025-11-26 10:42:14,37.03512954711914,37.65461349487305,99.99701225280762,37.03512954711914
2025-11-26 10:42:15,96.85416648864746,96.85416648864746,99.99626533508301,97.4736489868164
2025-11-26 10:42:16,99.9963720703125,99.9963720703125,99.9963720703125,99.9963720703125
2025-11-26 10:42:17,99.99700927734375,99.99636840820312,99.99636840820312,99.99636840820312
2025-11-26 10:42:18,99.99636840820312,99.99636840820312,99.9963720703125,99.99636840820312
2025-11-26 10:42:19,99.99701225280762,99.99701225280762,99.99701225280762,99.99701225280762
2025-11-26 10:42:20,99.99701225280762,99.99701225280762,99.99701225280762,99.99701225280762
2025-11-26 10:42:21,99.99701225280762,99.99701225280762,99.99701225280762,99.99701225280762
2025-11-26 10:42:22,99.99358245849609,99.99701225280762,99.99701225280762,99.99358245849609
2025-11-26 10:42:23,34.981834411621094,41.382652282714844,41.382652282714844,34.981834411621094
2025-11-26 10:42:24,99.99626533508301,92.51701210021973,92.51701210021973,99.99701225280762
2025-11-26 10:42:25,99.99701225280762,99.99701225280762,99.99701225280762,99.99701225280762
2025-11-26 10:42:26,99.99701225280762,99.99701225280762,99.99701225280762,99.99701225280762
2025-11-26 10:42:27,99.99254592895508,99.99254592895508,99.99254592895508,99.99254592895508
2025-11-26 10:42:28,33.91156768798828,33.91156768798828,33.909645080566406,33.909645080566406
2025-11-26 10:42:29,35.10771179199219,35.107147216796875,99.99448944091797,35.107147216796875
2025-11-26 10:42:30,99.99573181152344,99.99573181152344,99.9963720703125,99.9963720703125
2025-11-26 10:42:31,99.99254592895508,99.99254592895508,99.99701225280762,99.99254592895508
2025-11-26 10:42:32,35.053245544433594,18.951873779296875,99.9963720703125,19.06273651123047
2025-11-26 10:42:33,54.0800666809082,30.947555541992188,30.29314422607422,30.29314422607422
2025-11-26 10:42:34,12.768783569335938,12.768783569335938,99.99626533508301,17.147193908691406
2025-11-26 10:42:35,65.49022674560547,65.49022674560547,99.99701225280762,99.9903889465332
2025-11-26 10:42:36,99.99254592895508,99.99701225280762,99.99701225280762,99.99254592895508
2025-11-26 10:42:37,30.47887420654297,99.99701225280762,99.99701225280762,30.47887420654297
2025-11-26 10:42:38,29.43706512451172,89.78595542907715,99.99701225280762,29.43706512451172
2025-11-26 10:42:39,34.28474426269531,38.58778381347656,99.99626533508301,34.28474426269531
2025-11-26 10:42:40,30.48369598388672,99.9963720703125,99.9963720703125,30.48369598388672
2025-11-26 10:42:41,99.98721069335937,99.99701225280762,99.99701225280762,99.98721069335937
2025-11-26 10:42:42,99.99701225280762,99.99644828796387,31.08472442626953,31.08472442626953
2025-11-26 10:42:43,99.99701225280762,35.115081787109375,34.322052001953125,34.322052001953125
2025-11-26 10:42:44,99.99701225280762,38.89066696166992,99.98758415222169,38.89066696166992
2025-11-26 10:42:45,99.99626533508301,96.08474853515625,99.99626533508301,96.08474853515625
2025-11-26 10:42:46,99.99701225280762,37.7917594909668,37.7917594909668,99.99701225280762
2025-11-26 10:42:47,99.99626533508301,96.1079034423828,96.1079034423828,99.99701225280762
2025-11-26 10:42:48,99.99701225280762,99.99701225280762,99.99701225280762,99.99701225280762
2025-11-26 10:42:49,99.99701225280762,99.9963720703125,99.9963720703125,99.9963720703125
2025-11-26 10:42:50,99.99701225280762,99.99701225280762,99.99701225280762,99.99701225280762
2025-11-26 10:42:51,99.99701225280762,99.99701225280762,99.99701225280762,99.99701225280762
2025-11-26 10:42:52,99.99701225280762,99.99701225280762,99.99701225280762,99.99701225280762
2025-11-26 10:42:53,44.45533752441406,38.12618637084961,37.46280288696289,37.46280288696289
2025-11-26 10:42:54,41.93095397949219,41.93095397949219,42.5375862121582,42.5375862121582
2025-11-26 10:42:55,86.4403018951416,86.4403018951416,16.63994598388672,16.63994598388672
2025-11-26 10:42:56,99.99701225280762,99.99701225280762,99.99144073486327,99.99144073486327
2025-11-26 10:42:57,37.54573059082031,37.54573059082031,99.99701225280762,37.75320816040039
2025-11-26 10:42:58,96.75569320678711,96.96317314147949,99.99701225280762,96.75569320678711
2025-11-26 10:42:59,99.99701225280762,99.99701225280762,99.99701225280762,99.99701225280762
2025-11-26 10:43:00,99.99701225280762,99.99701225280762,99.99701225280762,99.99701225280762
2025-11-26 10:43:01,99.9963720703125,99.9963720703125,99.9963720703125,99.9963720703125
2025-11-26 10:43:02,99.99701225280762,99.99701225280762,99.99701225280762,99.99701225280762
2025-11-26 10:43:03,99.99701225280762,99.9963720703125,99.9963720703125,99.9963720703125
2025-11-26 10:43:04,99.99701225280762,99.99701225280762,99.99701225280762,99.99701225280762
2025-11-26 10:43:05,99.9963720703125,99.9963720703125,99.9963720703125,99.9963720703125
2025-11-26 10:43:06,99.99701225280762,99.99701225280762,99.99701225280762,99.99701225280762
2025-11-26 10:43:07,99.99701225280762,99.99701225280762,99.99701225280762,99.99701225280762
2025-11-26 10:43:08,99.99357604980469,99.99357604980469,99.99700927734375,99.99700927734375
2025-11-26 10:43:09,13.26153564453125,13.26153564453125,87.06436157226562,74.5137939453125
2025-11-26 10:43:10,-20.90253448486328,-5.066078186035156,69.79870986938477,-20.90253448486328
2025-11-26 10:43:11,22.840957641601562,22.840957641601562,75.67760467529297,47.09274673461914
2025-11-26 10:43:12,46.05084991455078,46.879337310791016,99.99701225280762,46.05084991455078
2025-11-26 10:43:13,85.01546478271484,85.01546478271484,99.99626533508301,85.73459434509277
2025-11-26 10:43:14,99.99701225280762,99.99701225280762,99.99701225280762,99.99701225280762
2025-11-26 10:43:15,99.99701225280762,99.99701225280762,99.99701225280762,99.99701225280762
2025-11-26 10:43:16,99.99701225280762,99.99701225280762,99.99701225280762,99.99701225280762
2025-11-26 10:43:17,99.99357604980469,37.39613342285156,37.39613342285156,99.99357604980469
2025-11-26 10:43:18,30.477859497070312,96.44035766601563,96.44035766601563,30.477859497070312
2025-11-26 10:43:19,99.99711898803712,41.39909744262695,99.99701225280762,41.399600982666016
2025-11-26 10:43:20,99.9955184173584,93.57515808105468,30.301918029785156,30.301918029785156
2025-11-26 10:43:21,99.99701225280762,99.99701225280762,99.98720306396484,99.98720306396484
2025-11-26 10:43:22,99.99358245849609,99.99459617614747,99.99701225280762,99.99358245849609
2025-11-26 10:43:23,30.760902404785156,30.7598876953125,99.99190567016602,30.7598876953125
2025-11-26 10:43:24,25.817062377929688,25.817062377929688,33.85108184814453,33.85108184814453
2025-11-26 10:43:25,38.890804290771484,38.890804290771484,99.99078529357911,99.99078529357911
2025-11-26 10:43:26,99.99701225280762,99.99701225280762,99.99701225280762,99.99701225280762
2025-11-26 10:43:27,99.99701225280762,99.99701225280762,99.99701225280762,99.99701225280762
2025-11-26 10:43:28,99.99701225280762,99.99701225280762,99.99701225280762,99.99701225280762
2025-11-26 10:43:29,99.99701225280762,99.99701225280762,99.99701225280762,99.99701225280762
2025-11-26 10:43:30,35.66334533691406,99.99701225280762,99.99701225280762,35.66334533691406
2025-11-26 10:43:31,54.72810745239258,99.99701225280762,99.99701225280762,54.72810745239258
2025-11-26 10:43:32,80.64243507385254,99.99626533508301,99.99626533508301,80.64243507385254
2025-11-26 10:43:33,34.983985900878906,41.458641052246094,99.99701225280762,34.983985900878906
2025-11-26 10:43:34,30.48419952392578,92.85349800109863,30.292869567871094,30.292869567871094
2025-11-26 10:43:35,99.98708106994629,99.99701225280762,99.99701225280762,99.98708106994629
2025-11-26 10:43:36,99.99701225280762,99.99701225280762,99.99701225280762,99.99701225280762
2025-11-26 10:43:37,99.99701225280762,99.99701225280762,99.99701225280762,99.99701225280762
2025-11-26 10:43:38,99.99701225280762,99.99701225280762,99.99701225280762,99.99701225280762
2025-11-26 10:43:39,99.99701225280762,99.99190567016602,99.99190567016602,99.99190567016602
2025-11-26 10:43:40,99.98909324645996,37.95822525024414,22.852981567382812,22.852981567382812
2025-11-26 10:43:41,35.10823059082031,35.107666015625,38.746768951416016,35.107666015625
2025-11-26 10:43:42,99.99701225280762,99.99701225280762,99.99701225280762,99.99701225280762
2025-11-26 10:43:43,99.99701225280762,99.99701225280762,99.99701225280762,99.99701225280762
2025-11-26 10:43:44,45.282318115234375,45.282318115234375,44.56346130371094,44.56346130371094
2025-11-26 10:43:45,89.95300964355468,89.95300964355468,90.67314529418945,90.67314529418945
2025-11-26 10:43:46,99.9963720703125,99.9963720703125,99.9963720703125,99.9963720703125
2025-11-26 10:43:47,99.99701225280762,99.99701225280762,99.99701225280762,99.99701225280762
2025-11-26 10:43:48,99.99701225280762,99.9963720703125,99.9963720703125,99.9963720703125
2025-11-26 10:43:49,99.99701225280762,99.99701225280762,99.99701225280762,99.99701225280762
2025-11-26 10:43:50,99.9963720703125,39.17034149169922,99.99775917053222,39.17034149169922
2025-11-26 10:43:51,99.99626533508301,95.80509803771973,99.99626533508301,95.80509803771973
2025-11-26 10:43:52,99.9963720703125,99.9963720703125,99.9963720703125,99.9963720703125
2025-11-26 10:43:53,99.99701225280762,99.99701225280762,99.99701225280762,99.99701225280762
2025-11-26 10:43:54,99.99701225280762,99.99701225280762,99.99701225280762,99.99701225280762
2025-11-26 10:43:55,99.99701225280762,99.99701225280762,99.99701225280762,99.99701225280762
2025-11-26 10:43:56,47.9000129699707,48.49673843383789,48.60533142089844,47.9000129699707
2025-11-26 10:43:57,20.98792266845703,20.98792266845703,38.01935958862305,20.994674682617188
2025-11-26 10:43:58,17.582275390625,17.582275390625,34.51661682128906,18.37591552734375
2025-11-26 10:43:59,52.52851867675781,52.7321891784668,30.29846954345703,30.29846954345703
2025-11-26 10:44:00,99.99701225280762,99.99701225280762,99.99142547607421,99.99142547607421
2025-11-26 10:44:01,99.99253845214844,99.99253845214844,99.99700927734375,99.99700927734375
2025-11-26 10:44:02,31.412582397460938,31.412582397460938,99.99700927734375,99.99700927734375
2025-11-26 10:44:03,99.99448944091797,99.99448944091797,99.99701225280762,99.99701225280762
2025-11-26 10:44:04,99.99701225280762,99.99701225280762,99.99701225280762,99.99701225280762
2025-11-26 10:44:05,46.0614128112793,45.45389938354492,99.99701225280762,45.45389938354492
2025-11-26 10:44:06,88.44734382629395,88.44734382629395,99.99562507629395,89.05421920776368
2025-11-26 10:44:07,99.99701225280762,99.99701225280762,99.99701225280762,99.99701225280762
2025-11-26 10:44:08,45.920684814453125,45.920684814453125,99.9963720703125,99.99573181152344
2025-11-26 10:44:09,85.54927825927734,85.54927825927734,99.99701225280762,99.99701225280762
2025-11-26 10:44:10,34.978538513183594,99.9963720703125,99.9963720703125,34.978538513183594
2025-11-26 10:44:11,38.007774353027344,38.007774353027344,37.34323501586914,37.34323501586914
2025-11-26 10:44:12,95.97600128173828,96.19038627624512,96.85492874145508,95.97600128173828
2025-11-26 10:44:13,34.950172424316406,34.950172424316406,34.950172424316406,34.950172424316406
2025-11-26 10:44:14,99.9914483642578,99.9914483642578,99.9914483642578,99.9914483642578
2025-11-26 10:44:15,47.05418014526367,47.9388542175293,99.99701225280762,47.05418014526367
2025-11-26 10:44:16,83.9554443359375,83.9554443359375,99.99626533508301,84.61939147949218
2025-11-26 10:44:17,99.99701225280762,38.018646240234375,38.018646240234375,99.99701225280762
2025-11-26 10:44:18,99.99626533508301,96.9184563446045,96.9184563446045,99.99626533508301
2025-11-26 10:44:19,99.99775917053222,36.8858528137207,99.99701225280762,36.8858528137207
2025-11-26 10:44:20,99.9955184173584,98.08956443786622,99.99626533508301,98.08956443786622
2025-11-26 10:44:21,99.99588012695312,99.99700927734375,99.99700927734375,99.99588012695312
2025-11-26 10:44:22,30.40589141845703,99.99700927734375,99.99700927734375,30.40589141845703
2025-11-26 10:44:23,99.99701225280762,99.99701225280762,31.08472442626953,31.08472442626953
2025-11-26 10:44:24,99.99701225280762,99.99701225280762,99.20502624511718,99.20502624511718
2025-11-26 10:44:25,99.99588424682617,99.99644828796387,99.99701225280762,99.99588424682617
2025-11-26 10:44:26,35.101470947265625,35.10090637207031,99.99701225280762,35.10090637207031
2025-11-26 10:44:27,99.99701225280762,99.99701225280762,99.99701225280762,99.99701225280762
2025-11-26 10:44:28,99.99701225280762,99.99254592895508,99.99254592895508,99.99254592895508
2025-11-26 10:44:29,99.99701225280762,34.521812438964844,34.521812438964844,34.521812438964844
2025-11-26 10:44:30,55.960052490234375,99.99142547607421,99.99142547607421,55.960052490234375
2025-11-26 10:44:31,16.205169677734375,99.9963720703125,99.99573181152344,16.205169677734375
2025-11-26 10:44:32,96.9655892944336,99.99626533508301,99.99626533508301,96.9655892944336
2025-11-26 10:44:33,42.10235595703125,42.10235595703125,99.99636840820312,42.36688232421875
2025-11-26 10:44:34,34.720252990722656,26.852333068847656,99.99626533508301,26.796653747558594
2025-11-26 10:44:35,99.99701225280762,99.99701225280762,99.99701225280762,99.99701225280762
2025-11-26 10:44:36,99.99701225280762,99.99701225280762,99.99701225280762,99.99701225280762
2025-11-26 10:44:37,99.99701225280762,99.99701225280762,99.99701225280762,99.99701225280762
2025-11-26 10:44:38,30.414688110351562,99.99700927734375,99.99700927734375,30.414688110351562
2025-11-26 10:44:39,46.165283203125,46.165283203125,45.53495788574219,45.53495788574219
2025-11-26 10:44:40,87.66766357421875,87.66766357421875,30.4027099609375,30.4027099609375
2025-11-26 10:44:41,99.99701225280762,99.99701225280762,99.81716888427735,99.81716888427735
2025-11-26 10:44:42,99.99701225280762,40.06230163574219,99.99775917053222,40.17316818237305
2025-11-26 10:44:43,99.99626533508301,94.91279411315918,99.99626533508301,94.801928024292
2025-11-26 10:44:44,99.99701225280762,99.99701225280762,99.99701225280762,99.99701225280762
2025-11-26 10:44:45,99.99701225280762,99.99701225280762,99.99701225280762,99.99701225280762
2025-11-26 10:44:46,99.99701225280762,99.99701225280762,99.99701225280762,99.99701225280762
2025-11-26 10:44:47,99.99701225280762,99.99701225280762,99.99701225280762,99.99701225280762
2025-11-26 10:44:48,99.99701225280762,99.99701225280762,99.99701225280762,99.99701225280762
2025-11-26 10:44:49,99.99701225280762,99.99701225280762,99.99701225280762,99.99701225280762
2025-11-26 10:44:50,34.988197326660156,99.99701225280762,99.99701225280762,34.988197326660156
2025-11-26 10:44:51,99.98660095214844,99.99701225280762,99.99701225280762,99.98660095214844
2025-11-26 10:44:52,99.99701225280762,99.99701225280762,99.99701225280762,99.99701225280762
2025-11-26 10:44:53,99.99573181152344,99.99573181152344,99.99573181152344,99.99573181152344
2025-11-26 10:44:54,99.99701225280762,38.37289810180664,38.37289810180664,99.99701225280762
2025-11-26 10:44:55,99.99626533508301,83.66504669189453,19.972557067871094,19.972557067871094
2025-11-26 10:44:56,99.9955184173584,42.01366424560547,39.71494674682617,39.71494674682617
2025-11-26 10:44:57,35.1143798828125,35.1143798828125,99.99701225280762,35.1143798828125
2025-11-26 10:44:58,99.98658569335937,99.98658569335937,99.9963720703125,99.98722587585449
2025-11-26 10:44:59,99.99701225280762,99.99701225280762,99.99701225280762,99.99701225280762
2025-11-26 10:45:00,48.95903015136719,49.67866134643555,49.67588806152344,48.95903015136719
2025-11-26 10:45:01,27.489723205566406,27.489723205566406,84.82687187194824,28.427322387695312
2025-11-26 10:45:02,91.6281909942627,91.84615898132324,99.9955184173584,91.6281909942627
2025-11-26 10:45:03,20.072250366210938,20.072250366210938,30.298446655273438,30.298446655273438
2025-11-26 10:45:04,59.7322998046875,59.7322998046875,99.99130355834961,97.08845993041992
2025-11-26 10:45:05,99.99701225280762,38.652069091796875,38.652069091796875,99.99701225280762
2025-11-26 10:45:06,99.99626533508301,95.24760345458985,95.24760345458985,99.99626533508301
2025-11-26 10:45:07,99.99701225280762,99.99701225280762,99.99701225280762,99.99701225280762
2025-11-26 10:45:08,99.99254592895508,99.99254592895508,99.99254592895508,99.99254592895508
2025-11-26 10:45:09,33.91270446777344,33.91270446777344,33.91270446777344,33.91270446777344
2025-11-26 10:45:10,99.99128829956055,99.99128829956055,99.99128829956055,99.99128829956055
2025-11-26 10:45:11,45.78248596191406,45.174224853515625,99.99701225280762,45.174224853515625
2025-11-26 10:45:12,88.71931076049805,88.71931076049805,99.99626533508301,89.33455566406249
2025-11-26 10:45:13,38.98249435424805,38.98249435424805,99.99701225280762,99.99701225280762
2025-11-26 10:45:14,47.224945068359375,37.71443176269531,99.99700927734375,37.71443176269531
2025-11-26 10:45:15,13.608245849609375,22.204994201660156,37.67523193359375,13.608245849609375
2025-11-26 10:45:16,37.254425048828125,97.75370338439942,98.4507145690918,37.254425048828125
2025-11-26 10:45:17,99.99701225280762,99.99701225280762,99.99701225280762,99.99701225280762
2025-11-26 10:45:18,99.99701225280762,99.9963720703125,99.9963720703125,99.9963720703125
2025-11-26 10:45:19,99.99701225280762,99.99701225280762,99.99701225280762,99.99701225280762
2025-11-26 10:45:20,99.99701225280762,99.99701225280762,30.694793701171875,30.694793701171875
2025-11-26 10:45:21,99.9963720703125,99.99573181152344,99.59447593688965,99.59447593688965
2025-11-26 10:45:22,34.977256774902344,99.9963720703125,99.99701225280762,34.977256774902344
2025-11-26 10:45:23,30.48419952392578,99.99701225280762,99.99701225280762,30.48419952392578
2025-11-26 10:45:24,99.98722587585449,99.99701225280762,99.99701225280762,99.98722587585449
2025-11-26 10:45:25,99.99700927734375,99.99253845214844,99.99253845214844,99.99253845214844
2025-11-26 10:45:26,35.60203552246094,34.45568084716797,34.45568084716797,34.456321716308594
2025-11-26 10:45:27,99.98705291748047,99.9914483642578,99.99143981933594,99.98705291748047
2025-11-26 10:45:28,99.99701225280762,99.99701225280762,99.99701225280762,99.99701225280762
2025-11-26 10:45:29,99.99701225280762,99.99701225280762,99.99701225280762,99.99701225280762
2025-11-26 10:45:30,99.99701225280762,99.99701225280762,99.99701225280762,99.99701225280762
2025-11-26 10:45:31,35.09008026123047,35.09008026123047,99.99701225280762,35.09008026123047
2025-11-26 10:45:32,30.768508911132812,30.768508911132812,99.99701225280762,30.768508911132812
2025-11-26 10:45:33,43.053436279296875,43.053436279296875,99.99701225280762,43.21646499633789
2025-11-26 10:45:34,90.11789894104004,89.95486923217774,99.9955184173584,89.95486923217774
2025-11-26 10:45:35,99.99701225280762,39.649879455566406,38.93024826049805,38.93024826049805
2025-11-26 10:45:36,99.9955184173584,94.85887001037598,94.85887001037598,95.5785026550293
2025-11-26 10:45:37,99.99701225280762,99.99701225280762,31.58551788330078,31.58551788330078
2025-11-26 10:45:38,99.99701225280762,99.99701225280762,98.70439002990723,98.70439002990723
2025-11-26 10:45:39,99.99701225280762,99.99701225280762,99.99701225280762,99.99701225280762
2025-11-26 10:45:40,99.99701225280762,99.99701225280762,99.99701225280762,99.99701225280762
2025-11-26 10:45:41,99.9963720703125,40.89743423461914,99.99711898803712,40.8979377746582
2025-11-26 10:45:42,47.37981414794922,47.37981414794922,46.660179138183594,46.660179138183594
2025-11-26 10:45:43,87.55654907226562,87.55654907226562,88.27618118286134,88.27618118286134
2025-11-26 10:45:44,99.99701225280762,99.99701225280762,99.99701225280762,99.99701225280762
2025-11-26 10:45:45,99.99701225280762,99.99701225280762,99.99701225280762,99.99701225280762
2025-11-26 10:45:46,35.11561584472656,35.11561584472656,99.99701225280762,35.11643981933594
2025-11-26 10:45:47,34.976470947265625,99.98610549926758,99.99701225280762,34.976470947265625
2025-11-26 10:45:48,99.98722587585449,39.243282318115234,39.243282318115234,99.98722587585449
2025-11-26 10:45:49,99.99626533508301,95.69270751953125,95.69270751953125,99.99626533508301
2025-11-26 10:45:50,44.93464279174805,44.93464279174805,99.99701225280762,45.152610778808594
2025-11-26 10:45:51,86.46619323730468,86.95942878723145,99.99562507629395,86.46619323730468
2025-11-26 10:45:52,99.99701225280762,99.99701225280762,99.99701225280762,99.99701225280762
2025-11-26 10:45:53,99.9963720703125,99.9963720703125,99.9963720703125,99.9963720703125
2025-11-26 10:45:54,99.99701225280762,99.99701225280762,99.99701225280762,99.99701225280762
2025-11-26 10:45:55,99.99701225280762,99.99701225280762,30.2984619140625,30.2984619140625
2025-11-26 10:45:56,99.9963720703125,99.9963720703125,99.99142547607421,99.99142547607421
2025-11-26 10:45:57,99.99701225280762,99.99701225280762,99.99701225280762,99.99701225280762
2025-11-26 10:45:58,99.99701225280762,99.99701225280762,99.99701225280762,99.99701225280762
2025-11-26 10:45:59,99.99701225280762,99.99701225280762,99.99701225280762,99.99701225280762
2025-11-26 10:46:00,99.99701225280762,99.99701225280762,99.99701225280762,99.99701225280762
2025-11-26 10:46:01,36.45403289794922,36.45403289794922,69.94913291931152,36.646663665771484
2025-11-26 10:46:02,31.416152954101562,31.608787536621094,63.34801483154297,31.416152954101562
2025-11-26 10:46:03,45.67665100097656,45.67665100097656,99.99701225280762,99.99701225280762
2025-11-26 10:46:04,93.29052734375,39.707550048828125,39.707550048828125,99.99253845214844
2025-11-26 10:46:05,99.99626159667969,94.13201232910156,30.29735565185547,30.29735565185547
2025-11-26 10:46:06,99.99701225280762,99.99701225280762,99.99701225280762,99.99701225280762
2025-11-26 10:46:07,99.99701225280762,99.99701225280762,99.99701225280762,99.99701225280762
2025-11-26 10:46:08,99.99701225280762,99.99701225280762,99.99701225280762,99.99701225280762
2025-11-26 10:46:09,99.99204284667968,99.99204284667968,99.99701225280762,99.99701225280762
2025-11-26 10:46:10,34.78411102294922,34.78411102294922,95.8007536315918,56.442893981933594
2025-11-26 10:46:11,21.973854064941406,21.973854064941406,22.112998962402344,22.112998962402344
2025-11-26 10:46:12,48.63211441040039,48.63211441040039,48.49286651611328,48.49286651611328
2025-11-26 10:46:13,99.9963720703125,35.11402893066406,35.11299133300781,35.11299133300781
2025-11-26 10:46:14,47.28697967529297,46.611995697021484,99.99128829956055,46.611995697021484
2025-11-26 10:46:15,87.2085189819336,87.2085189819336,99.99626159667969,87.8841781616211
2025-11-26 10:46:16,30.47705078125,34.9830322265625,99.99701225280762,30.47705078125
2025-11-26 10:46:17,99.9955184173584,99.92747123718262,99.99626533508301,99.92747123718262
2025-11-26 10:46:18,99.99701225280762,99.99701225280762,31.58592987060547,31.58592987060547
2025-11-26 10:46:19,34.978546142578125,99.99701225280762,98.7039404296875,34.978546142578125
2025-11-26 10:46:20,99.99701225280762,99.99701225280762,99.99701225280762,99.99701225280762
2025-11-26 10:46:21,99.9963720703125,99.9963720703125,99.9963720703125,99.9963720703125
2025-11-26 10:46:22,30.763717651367188,30.763717651367188,99.9963720703125,30.763717651367188
2025-11-26 10:46:23,99.99130355834961,99.99130355834961,32.47798156738281,32.47798156738281
2025-11-26 10:46:24,99.98724113464355,99.98724113464355,97.81137725830078,97.81137725830078
2025-11-26 10:46:25,35.110076904296875,35.110076904296875,99.99701225280762,35.110076904296875
2025-11-26 10:46:26,99.99701225280762,99.99701225280762,99.99701225280762,99.99701225280762
2025-11-26 10:46:27,53.47314453125,38.266990661621094,99.99775917053222,38.30060577392578
2025-11-26 10:46:28,80.63268661499023,27.107261657714844,99.9955184173584,27.073646545410156
2025-11-26 10:46:29,47.364463806152344,48.24988555908203,99.99701225280762,47.364463806152344
2025-11-26 10:46:30,85.66106704711913,85.66106704711913,99.99562507629395,86.37955665588379
2025-11-26 10:46:31,99.99701225280762,99.99701225280762,99.99701225280762,99.99701225280762
2025-11-26 10:46:32,99.99701225280762,99.99701225280762,99.99701225280762,99.99701225280762
2025-11-26 10:46:33,99.99701225280762,99.99701225280762,99.99701225280762,99.99701225280762
2025-11-26 10:46:34,30.48419952392578,99.99701225280762,99.99701225280762,30.48419952392578
2025-11-26 10:46:35,99.98645614624023,99.99626533508301,99.99626533508301,99.98645614624023
2025-11-26 10:46:36,99.99701225280762,99.99701225280762,99.99701225280762,99.99701225280762
2025-11-26 10:46:37,99.99701225280762,40.68984603881836,40.05849838256836,40.05849838256836
2025-11-26 10:46:38,99.9955184173584,94.41242507934571,94.41242507934571,95.04377456665038
2025-11-26 10:46:39,46.34519958496094,46.34519958496094,45.73518371582031,45.73518371582031
2025-11-26 10:46:40,87.48897552490234,39.65534591674805,39.65534591674805,88.09760284423828
2025-11-26 10:46:41,34.988197326660156,94.24399139404296,94.24399139404296,34.988197326660156
2025-11-26 10:46:42,35.591583251953125,99.99636840820312,99.99700927734375,35.591583251953125
2025-11-26 10:46:43,99.98682403564453,99.99700927734375,99.99700927734375,99.98682403564453
2025-11-26 10:46:44,99.99636840820312,99.99636840820312,99.99636840820312,99.99636840820312
2025-11-26 10:46:45,99.99700927734375,99.99700927734375,99.99700927734375,99.99700927734375
2025-11-26 10:46:46,99.99700927734375,99.99700927734375,99.99700927734375,99.99700927734375
2025-11-26 10:46:47,99.99700927734375,99.99700927734375,99.99700927734375,99.99700927734375
2025-11-26 10:46:48,99.99701225280762,99.99701225280762,99.99701225280762,99.99701225280762
2025-11-26 10:46:49,99.99700927734375,99.99700927734375,99.99700927734375,99.99700927734375
2025-11-26 10:46:50,99.99700927734375,99.99700927734375,30.23297119140625,30.23297119140625
2025-11-26 10:46:51,35.05769348144531,35.66642761230469,99.98793029785156,35.05769348144531
2025-11-26 10:46:52,99.37028503417969,99.37028503417969,99.99626159667969,99.97966003417969
2025-11-26 10:46:53,99.99701225280762,40.659236907958984,40.659236907958984,99.99701225280762
2025-11-26 10:46:54,45.60395812988281,45.60395812988281,93.24116424560548,45.82289123535156
2025-11-26 10:46:55,85.7271499633789,86.22151947021484,99.99551391601562,85.7271499633789
2025-11-26 10:46:56,99.99700927734375,99.99700927734375,99.99700927734375,99.99700927734375
2025-11-26 10:46:57,99.99700927734375,99.99700927734375,99.99253845214844,99.99253845214844
2025-11-26 10:46:58,99.9963720703125,99.9963720703125,30.297462463378906,30.297462463378906
2025-11-26 10:46:59,40.23280334472656,40.23280334472656,39.60082244873047,39.60082244873047
2025-11-26 10:47:00,94.0737533569336,94.20430755615234,94.83692932128906,94.0737533569336
2025-11-26 10:47:01,99.99700927734375,99.99700927734375,99.99700927734375,99.99700927734375
2025-11-26 10:47:02,39.89410400390625,39.89410400390625,99.99700927734375,40.111785888671875
2025-11-26 10:47:03,94.33150482177734,94.54805755615234,99.99551391601562,94.33150482177734
2025-11-26 10:47:04,33.843284606933594,33.843284606933594,33.843284606933594,33.843284606933594
2025-11-26 10:47:05,99.99142456054688,99.99142456054688,99.99142456054688,99.99142456054688
2025-11-26 10:47:06,99.99636840820312,99.99636840820312,99.99636840820312,99.99636840820312
2025-11-26 10:47:07,34.913368225097656,99.9952392578125,99.9952392578125,34.913368225097656
2025-11-26 10:47:08,47.37364196777344,34.45402526855469,34.45298767089844,34.45298767089844
2025-11-26 10:47:09,84.02896881103516,84.02896881103516,99.9903793334961,99.99141693115234
2025-11-26 10:47:10,99.99700927734375,99.99700927734375,99.99700927734375,99.99700927734375
2025-11-26 10:47:11,99.99700927734375,99.99700927734375,99.99700927734375,99.99700927734375
2025-11-26 10:47:12,48.54167175292969,47.8336181640625,99.99700927734375,47.8336181640625
2025-11-26 10:47:13,86.49567413330078,86.49567413330078,33.9161376953125,33.9161376953125
2025-11-26 10:47:14,99.99700927734375,99.99700927734375,96.30331420898438,96.30331420898438
2025-11-26 10:47:15,99.99700927734375,99.99700927734375,99.99700927734375,99.99700927734375
2025-11-26 10:47:16,99.99700927734375,99.99700927734375,99.99700927734375,99.99700927734375
2025-11-26 10:47:17,30.406776428222656,35.43988800048828,99.99636840820312,30.406776428222656
2025-11-26 10:47:18,99.99598335266113,37.27462387084961,99.99701225280762,37.27462387084961
2025-11-26 10:47:19,51.57722854614258,52.1874885559082,52.29483413696289,51.57722854614258
2025-11-26 10:47:20,82.3111457824707,82.3111457824707,82.20826721191406,82.20826721191406
2025-11-26 10:47:21,38.980594635009766,38.980594635009766,99.99701225280762,99.99701225280762
2025-11-26 10:47:22,99.99701225280762,99.99701225280762,99.99626533508301,99.99626533508301
2025-11-26 10:47:23,59.47245788574219,99.9963720703125,99.9963720703125,59.47245788574219
2025-11-26 10:47:24,76.00532531738281,99.9859912109375,34.09352111816406,34.09352111816406
2025-11-26 10:47:25,30.767257690429688,30.767898559570312,96.19569869995117,30.767257690429688
2025-11-26 10:47:26,99.99701225280762,99.99701225280762,99.99701225280762,99.99701225280762
2025-11-26 10:47:27,99.99636840820312,99.99636840820312,99.99636840820312,99.99636840820312
2025-11-26 10:47:28,99.99701225280762,43.90806579589844,99.99701225280762,43.907318115234375
2025-11-26 10:47:29,99.99701225280762,91.06735038757324,99.99626533508301,91.06735038757324
2025-11-26 10:47:30,99.99701225280762,99.99701225280762,99.99701225280762,99.99701225280762
2025-11-26 10:47:31,99.99701225280762,99.99701225280762,99.99701225280762,99.99701225280762
2025-11-26 10:47:32,99.99700927734375,99.99700927734375,99.99700927734375,99.99700927734375
2025-11-26 10:47:33,99.99701225280762,99.99701225280762,99.99701225280762,99.99701225280762
2025-11-26 10:47:34,46.80914306640625,41.709869384765625,40.98919677734375,40.98919677734375
2025-11-26 10:47:35,34.11554718017578,34.11554718017578,47.220489501953125,47.220489501953125
2025-11-26 10:47:36,32.782470703125,87.01922607421875,87.65144348144531,32.782470703125
2025-11-26 10:47:37,97.61930084228516,99.99700927734375,99.99700927734375,97.61930084228516
2025-11-26 10:47:38,35.66636657714844,99.99701225280762,99.99701225280762,35.66636657714844
2025-11-26 10:47:39,99.9865933227539,99.99701225280762,99.99701225280762,99.9865933227539
2025-11-26 10:47:40,41.09880065917969,41.09880065917969,99.99700927734375,41.20625305175781
2025-11-26 10:47:41,41.439918518066406,41.439918518066406,99.99700927734375,48.31011962890625
2025-11-26 10:47:42,85.27347656250001,85.75237274169922,99.99626533508301,85.27347656250001
2025-11-26 10:47:43,99.99636840820312,99.9957275390625,99.99636840820312,99.9957275390625
2025-11-26 10:47:44,99.99700927734375,99.99700927734375,99.99700927734375,99.99700927734375
2025-11-26 10:47:45,99.99700927734375,99.99700927734375,99.99700927734375,99.99700927734375
2025-11-26 10:47:46,16.191505432128906,81.28342628479004,99.99701225280762,16.191505432128906
2025-11-26 10:47:47,50.85271072387695,50.85271072387695,99.99701225280762,51.040924072265625
2025-11-26 10:47:48,99.99701225280762,99.99701225280762,99.99701225280762,99.99701225280762
2025-11-26 10:47:49,99.9963720703125,42.27461242675781,42.27461242675781,99.9963720703125
2025-11-26 10:47:50,99.99701225280762,91.62489891052246,91.62489891052246,99.99701225280762
2025-11-26 10:47:51,99.9963720703125,99.9963720703125,99.99701225280762,99.9963720703125
2025-11-26 10:47:52,99.99701225280762,99.99701225280762,99.99701225280762,99.99701225280762
2025-11-26 10:47:53,38.252174377441406,38.252174377441406,37.553775787353516,37.553775787353516
2025-11-26 10:47:54,96.08696655273438,96.25040794372559,96.94944641113281,96.08696655273438
2025-11-26 10:47:55,33.90928649902344,33.90928649902344,33.90825653076172,33.90825653076172
2025-11-26 10:47:56,99.99025177001953,99.99025177001953,99.99128829956055,99.99128829956055
2025-11-26 10:47:57,99.99701225280762,99.99701225280762,99.99701225280762,99.99701225280762
2025-11-26 10:47:58,99.99701225280762,99.99701225280762,99.99701225280762,99.99701225280762
2025-11-26 10:47:59,99.99626533508301,43.389312744140625,43.389312744140625,99.99626533508301
2025-11-26 10:48:00,34.978416442871094,90.50984100341796,30.302024841308594,30.302024841308594
2025-11-26 10:48:01,99.99701225280762,99.99701225280762,99.98708106994629,99.98708106994629
2025-11-26 10:48:02,99.99701225280762,99.9963720703125,99.9963720703125,99.9963720703125
2025-11-26 10:48:03,99.99701225280762,99.99701225280762,99.99701225280762,99.99701225280762
2025-11-26 10:48:04,99.99701225280762,99.99701225280762,99.99701225280762,99.99701225280762
2025-11-26 10:48:05,99.99701225280762,99.99701225280762,99.99254592895508,99.99254592895508
2025-11-26 10:48:06,99.99701225280762,99.99701225280762,30.297332763671875,30.297332763671875
2025-11-26 10:48:07,99.99701225280762,99.99701225280762,99.99701225280762,99.99701225280762
2025-11-26 10:48:08,99.99701225280762,34.52154541015625,34.52154541015625,34.52154541015625
2025-11-26 10:48:09,99.99701225280762,99.98722587585449,99.98722587585449,99.98722587585449
2025-11-26 10:48:10,99.99701225280762,99.99701225280762,99.99701225280762,99.99701225280762
2025-11-26 10:48:11,99.99701225280762,99.99701225280762,99.99701225280762,99.99701225280762
2025-11-26 10:48:12,24.1434326171875,24.1434326171875,34.595191955566406,34.595191955566406
2025-11-26 10:48:13,5.00848388671875,5.00848388671875,95.6947274017334,61.70975875854492
2025-11-26 10:48:14,38.382164001464844,16.494415283203125,99.99701225280762,16.44976806640625
2025-11-26 10:48:15,99.99701225280762,99.99701225280762,99.99701225280762,99.99701225280762
2025-11-26 10:48:16,30.47937774658203,99.9963720703125,99.99701225280762,30.47937774658203
2025-11-26 10:48:17,99.99142547607421,99.99254592895508,99.99701225280762,99.99142547607421
2025-11-26 10:48:18,31.484146118164062,31.484146118164062,99.99701225280762,99.99701225280762
2025-11-26 10:48:19,99.99143310546874,99.99143310546874,99.99701225280762,99.99701225280762
2025-11-26 10:48:20,99.99573181152344,99.99573181152344,99.99573181152344,99.99573181152344
2025-11-26 10:48:21,99.99701225280762,99.99701225280762,99.99701225280762,99.99701225280762
2025-11-26 10:48:22,99.99701225280762,99.99701225280762,99.99701225280762,99.99701225280762
2025-11-26 10:48:23,99.99701225280762,99.99701225280762,35.52025604248047,35.52025604248047
2025-11-26 10:48:24,30.763710021972656,30.76306915283203,94.76948974609375,30.76306915283203
2025-11-26 10:48:25,99.99067855834961,99.99142547607421,99.99701225280762,99.99067855834961
2025-11-26 10:48:26,52.059322357177734,52.7784538269043,52.88579559326172,52.059322357177734
2025-11-26 10:48:27,81.4242992401123,81.4242992401123,81.31695365905762,81.31695365905762
2025-11-26 10:48:28,99.9963720703125,99.99573181152344,99.99573181152344,99.9963720703125
2025-11-26 10:48:29,99.99701225280762,99.99701225280762,99.99701225280762,99.99701225280762
2025-11-26 10:48:30,99.99701225280762,99.99701225280762,99.99701225280762,99.99701225280762
2025-11-26 10:48:31,43.18483352661133,44.046932220458984,99.9963720703125,43.18483352661133
2025-11-26 10:48:32,26.17572784423828,44.68790817260742,99.99701225280762,26.17572784423828
2025-11-26 10:48:33,99.98674575805664,90.28675933837891,99.99701225280762,90.28675933837891
2025-11-26 10:48:34,99.99701225280762,99.99701225280762,99.99701225280762,99.99701225280762
2025-11-26 10:48:35,99.99701225280762,99.99701225280762,99.99701225280762,99.99701225280762
2025-11-26 10:48:36,99.99701225280762,99.99701225280762,99.99701225280762,99.99701225280762
2025-11-26 10:48:37,99.99701225280762,99.99701225280762,99.99701225280762,99.99701225280762
2025-11-26 10:48:38,59.250221252441406,99.99701225280762,99.99701225280762,59.250221252441406
2025-11-26 10:48:39,76.12694549560547,99.99626533508301,99.99626533508301,76.12694549560547
2025-11-26 10:48:40,99.9963720703125,99.99626533508301,99.99626533508301,99.9963720703125
2025-11-26 10:48:41,33.128273010253906,13.206130981445312,99.99701225280762,13.294921875
2025-11-26 10:48:42,49.26113510131836,49.165313720703125,99.99626533508301,49.07651901245117
2025-11-26 10:48:43,99.99701225280762,99.99701225280762,99.99701225280762,99.99701225280762
2025-11-26 10:48:44,99.99701225280762,99.99701225280762,99.99701225280762,99.99701225280762
2025-11-26 10:48:45,99.99701225280762,99.99701225280762,99.99701225280762,99.99701225280762
2025-11-26 10:48:46,38.419551849365234,38.419551849365234,37.75575637817383,37.75575637817383
2025-11-26 10:48:47,30.84661102294922,44.29246139526367,44.325416564941406,30.84661102294922
2025-11-26 10:48:48,86.73082061767579,43.66848373413086,43.66848373413086,87.36166000366211
2025-11-26 10:48:49,36.75647735595703,37.36533737182617,90.23082260131835,36.75647735595703
2025-11-26 10:48:50,97.14345100402832,97.14345100402832,99.99626533508301,97.75230857849121
2025-11-26 10:48:51,34.272727966308594,89.48844718933105,99.99701225280762,34.272727966308594
2025-11-26 10:48:52,25.40406036376953,40.087528228759766,99.99626533508301,25.40406036376953
2025-11-26 10:48:53,99.99028984069824,42.386226654052734,42.386226654052734,99.99028984069824
2025-11-26 10:48:54,33.91162109375,33.91162109375,33.91130065917969,33.91130065917969
2025-11-26 10:48:55,99.98739356994629,99.98739356994629,99.98771369934082,99.98771369934082
2025-11-26 10:48:56,99.99701225280762,99.99701225280762,99.99701225280762,99.99701225280762
2025-11-26 10:48:57,41.82379150390625,41.82379150390625,99.99189758300781,41.985595703125
2025-11-26 10:48:58,92.46379661560059,92.62607955932617,30.297462463378906,30.297462463378906
2025-11-26 10:48:59,48.597103118896484,48.597103118896484,99.98724876403809,99.98724876403809
2025-11-26 10:49:00,82.8740062713623,82.8740062713623,99.99701225280762,99.99701225280762
2025-11-26 10:49:01,99.99626533508301,99.99626533508301,99.99701225280762,99.99701225280762
2025-11-26 10:49:02,99.99701225280762,99.99701225280762,99.99701225280762,99.99701225280762
2025-11-26 10:49:03,99.99701225280762,33.1834716796875,33.1834716796875,33.1834716796875
2025-11-26 10:49:04,99.98909324645996,99.98720306396484,99.98720306396484,99.98720306396484
2025-11-26 10:49:05,35.10748291015625,35.10755920410156,99.99701225280762,35.10748291015625
2025-11-26 10:49:06,99.99701225280762,99.99701225280762,99.99701225280762,99.99701225280762
2025-11-26 10:49:07,99.99701225280762,99.99701225280762,99.99701225280762,99.99701225280762
2025-11-26 10:49:08,49.66437911987305,49.056861877441406,99.99701225280762,49.056861877441406
2025-11-26 10:49:09,85.43771835327149,85.43771835327149,99.99626533508301,86.04523468017578
2025-11-26 10:49:10,99.99254592895508,99.99254592895508,99.99701225280762,99.99701225280762
2025-11-26 10:49:11,31.484130859375,31.484130859375,99.99701225280762,99.99701225280762
2025-11-26 10:49:12,99.99142547607421,99.99142547607421,99.99701225280762,99.99701225280762
2025-11-26 10:49:13,99.9963720703125,99.9963720703125,99.9963720703125,99.9963720703125
2025-11-26 10:49:14,99.99701225280762,99.99701225280762,99.99701225280762,99.99701225280762
2025-11-26 10:49:15,99.99701225280762,99.99701225280762,34.81867218017578,34.81867218017578
2025-11-26 10:49:16,99.99701225280762,99.99701225280762,95.47120330810547,95.47120330810547
2025-11-26 10:49:17,99.99701225280762,99.99701225280762,99.99701225280762,99.99701225280762
2025-11-26 10:49:18,99.99701225280762,99.99701225280762,99.99701225280762,99.99701225280762
2025-11-26 10:49:19,99.99701225280762,99.99701225280762,99.99701225280762,99.99701225280762
2025-11-26 10:49:20,99.99701225280762,99.99701225280762,99.99701225280762,99.99701225280762
2025-11-26 10:49:21,52.89434814453125,53.559043884277344,53.66649627685547,52.89434814453125
2025-11-26 10:49:22,80.6435546875,80.6435546875,80.53546333312988,80.53546333312988
2025-11-26 10:49:23,99.99701225280762,99.99701225280762,36.100929260253906,36.100929260253906
2025-11-26 10:49:24,35.66636657714844,99.99701225280762,94.1889695739746,35.66636657714844
2025-11-26 10:49:25,99.98285675048828,99.99700927734375,99.99700927734375,99.98285675048828
2025-11-26 10:49:26,30.478240966796875,99.9957275390625,99.99636840820312,30.478240966796875
2025-11-26 10:49:27,99.99701225280762,99.99701225280762,99.99701225280762,99.99701225280762
2025-11-26 10:49:28,99.99701225280762,99.99701225280762,99.99701225280762,99.99701225280762
2025-11-26 10:49:29,42.41858673095703,48.079078674316406,99.99701225280762,42.41858673095703
2025-11-26 10:49:30,26.105300903320312,91.79885009765624,99.99626533508301,26.105300903320312
2025-11-26 10:49:31,99.99701225280762,99.99701225280762,99.99701225280762,99.99701225280762
2025-11-26 10:49:32,99.99701225280762,34.988197326660156,99.99701225280762,34.988197326660156
2025-11-26 10:49:33,99.99701225280762,99.98720306396484,99.99701225280762,99.98720306396484
2025-11-26 10:49:34,35.100669860839844,35.100669860839844,99.9963720703125,35.100669860839844
2025-11-26 10:49:35,99.99600616455078,99.99600616455078,99.99701225280762,99.99600616455078
2025-11-26 10:49:36,99.99701225280762,99.9963720703125,99.9963720703125,99.9963720703125
2025-11-26 10:49:37,99.99701225280762,44.9099006652832,99.99701225280762,44.9099006652832
2025-11-26 10:49:38,38.84318923950195,38.84318923950195,38.12281036376953,38.12281036376953
2025-11-26 10:49:39,30.177642822265625,95.35954429626464,96.07992408752442,30.177642822265625
2025-11-26 10:49:40,99.99701225280762,99.99701225280762,99.99701225280762,99.99701225280762
2025-11-26 10:49:41,33.460609436035156,99.99701225280762,99.99701225280762,33.460609436035156
2025-11-26 10:49:42,36.419612884521484,36.419612884521484,99.99701225280762,36.528236389160156
2025-11-26 10:49:43,32.00343322753906,32.00343322753906,33.91194152832031,33.91194152832031
2025-11-26 10:49:44,99.98724113464355,99.98724113464355,99.98774421691894,99.98774421691894
2025-11-26 10:49:45,48.68388366699219,48.68388366699219,48.10798263549805,48.10798263549805
2025-11-26 10:49:46,85.21565818786621,85.21565818786621,85.79155921936035,85.79155921936035
2025-11-26 10:49:47,99.99701225280762,44.05802917480469,44.05802917480469,99.99701225280762
2025-11-26 10:49:48,99.99701225280762,89.84099960327148,89.84099960327148,99.9963720703125
2025-11-26 10:49:49,36.625858306884766,37.345916748046875,99.99701225280762,36.625858306884766
2025-11-26 10:49:50,33.463111877441406,42.954368591308594,42.954368591308594,33.463111877441406
2025-11-26 10:49:51,35.262733459472656,35.27252960205078,90.94516563415527,35.262733459472656
2025-11-26 10:49:52,99.99701225280762,99.99701225280762,99.99701225280762,99.99701225280762
2025-11-26 10:49:53,99.99701225280762,99.99701225280762,99.99701225280762,99.99701225280762
2025-11-26 10:49:54,99.9963720703125,42.97492980957031,42.25455093383789,42.25455093383789
2025-11-26 10:49:55,99.99701225280762,92.1271810913086,92.1271810913086,92.84756042480468
2025-11-26 10:49:56,99.9963720703125,99.9963720703125,99.9963720703125,99.9963720703125
2025-11-26 10:49:57,99.99701225280762,99.99701225280762,99.99701225280762,99.99701225280762
2025-11-26 10:49:58,99.9963720703125,99.99573181152344,30.302024841308594,30.302024841308594
2025-11-26 10:49:59,43.38679504394531,43.38679504394531,99.98726402282715,43.549827575683594
2025-11-26 10:50:00,90.95895385742188,91.12198348999024,99.99254592895508,90.95895385742188
2025-11-26 10:50:01,99.99701225280762,99.99701225280762,30.29735565185547,30.29735565185547
2025-11-26 10:50:02,99.99701225280762,99.99701225280762,99.99701225280762,99.99701225280762
2025-11-26 10:50:03,99.99701225280762,99.99701225280762,99.99701225280762,99.99701225280762
2025-11-26 10:50:04,99.99701225280762,99.99701225280762,99.99701225280762,99.99701225280762
2025-11-26 10:50:05,99.99701225280762,99.99701225280762,99.99701225280762,99.99701225280762
2025-11-26 10:50:06,99.99254592895508,99.99254592895508,35.98881530761719,35.98881530761719
2025-11-26 10:50:07,38.98062515258789,38.98062515258789,94.30106307983398,94.30106307983398
2025-11-26 10:50:08,99.99701225280762,34.52154541015625,34.52154541015625,34.52154541015625
2025-11-26 10:50:09,99.99701225280762,99.98660095214844,99.98660095214844,99.98660095214844
2025-11-26 10:50:10,99.99701225280762,99.99701225280762,99.99701225280762,99.99701225280762
2025-11-26 10:50:11,48.779659271240234,48.779659271240234,99.9963720703125,48.9866943359375
2025-11-26 10:50:12,33.024574279785156,33.024574279785156,99.99701225280762,49.29691696166992
2025-11-26 10:50:13,84.60234924316407,84.60234924316407,99.99701225280762,85.21186256408691
2025-11-26 10:50:14,49.0987663269043,49.0987663269043,99.99701225280762,99.99701225280762
2025-11-26 10:50:15,82.3723258972168,82.3723258972168,99.9963720703125,99.9963720703125
2025-11-26 10:50:16,99.99701225280762,99.99701225280762,99.99701225280762,99.99701225280762
2025-11-26 10:50:17,99.99701225280762,99.99701225280762,99.99701225280762,99.99701225280762
2025-11-26 10:50:18,61.756656646728516,99.9963720703125,99.99701225280762,61.756656646728516
2025-11-26 10:50:19,73.67569923400879,99.99701225280762,99.99701225280762,73.67569923400879
2025-11-26 10:50:20,99.99701225280762,99.99701225280762,36.713218688964844,36.713218688964844
2025-11-26 10:50:21,53.08347702026367,53.80335235595703,53.80033493041992,53.08347702026367
2025-11-26 10:50:22,21.717315673828125,80.69990348815918,80.70292091369629,21.717315673828125
2025-11-26 10:50:23,95.19351959228516,99.99701225280762,99.99701225280762,95.19351959228516
2025-11-26 10:50:24,99.99701225280762,99.99701225280762,99.99701225280762,99.99701225280762
2025-11-26 10:50:25,34.91339874267578,99.99700927734375,99.99700927734375,34.91339874267578
2025-11-26 10:50:26,20.241844177246094,89.64216613769531,99.99700927734375,20.241844177246094
2025-11-26 10:50:27,40.2561149597168,40.2561149597168,99.9963720703125,40.5246467590332
2025-11-26 10:50:28,99.99701225280762,34.988197326660156,99.99701225280762,34.988197326660156
2025-11-26 10:50:29,99.9963720703125,99.9864485168457,99.9963720703125,99.9864485168457
2025-11-26 10:50:30,99.99701225280762,99.99701225280762,99.99701225280762,99.99701225280762
2025-11-26 10:50:31,99.99701225280762,99.99701225280762,99.99701225280762,99.99701225280762
2025-11-26 10:50:32,99.99701225280762,99.99701225280762,99.99701225280762,99.99701225280762
2025-11-26 10:50:33,34.94989013671875,34.94989013671875,34.94938659667969,34.94938659667969
2025-11-26 10:50:34,99.98722587585449,99.98722587585449,99.98772895812988,99.98772895812988
2025-11-26 10:50:35,39.25606155395508,39.25606155395508,38.64729690551758,38.64729690551758
2025-11-26 10:50:36,94.96214530944825,89.28542617797851,95.85542488098145,89.28492263793945
2025-11-26 10:50:37,99.99701225280762,99.99701225280762,99.99701225280762,99.99701225280762
2025-11-26 10:50:38,35.10590362548828,35.10590362548828,42.66490936279297,35.10590362548828
2025-11-26 10:50:39,37.25529479980469,37.25529479980469,91.1234617614746,37.42482376098633
2025-11-26 10:50:40,34.85502624511719,97.07878021240235,99.99701225280762,34.85502624511719
2025-11-26 10:50:41,95.61199188232422,99.9957275390625,99.9957275390625,95.61199188232422
2025-11-26 10:50:42,99.99700927734375,99.99700927734375,99.99701225280762,99.99701225280762
2025-11-26 10:50:43,99.99573181152344,99.99573181152344,99.9963720703125,99.9963720703125
2025-11-26 10:50:44,99.99701225280762,99.99701225280762,99.99701225280762,99.99701225280762
2025-11-26 10:50:45,48.88605880737305,48.88605880737305,48.20982360839844,48.20982360839844
2025-11-26 10:50:46,86.05092811584473,86.05092811584473,86.72716232299805,86.72716232299805
2025-11-26 10:50:47,99.99701225280762,99.99701225280762,99.99701225280762,99.99701225280762
2025-11-26 10:50:48,99.99701225280762,99.99701225280762,99.99701225280762,99.99701225280762
2025-11-26 10:50:49,99.9963720703125,44.036964416503906,44.036964416503906,99.9963720703125
2025-11-26 10:50:50,34.988609313964844,90.90014457702637,90.90014457702637,34.988609313964844
2025-11-26 10:50:51,99.98046539306641,99.99204284667968,99.99701225280762,99.98046539306641
2025-11-26 10:50:52,35.20995330810547,35.208580017089844,99.99700927734375,35.208580017089844
2025-11-26 10:50:53,99.99700927734375,99.99700927734375,99.99700927734375,99.99700927734375
2025-11-26 10:50:54,99.99701225280762,42.77577590942383,42.77577590942383,99.99701225280762
2025-11-26 10:50:55,99.99701225280762,91.12340927124023,91.12340927124023,99.99701225280762
2025-11-26 10:50:56,99.99701225280762,99.99701225280762,99.99701225280762,99.99701225280762
2025-11-26 10:50:57,99.99668884277344,99.99668884277344,99.99253845214844,99.99253845214844
2025-11-26 10:50:58,22.897216796875,23.407501220703125,30.297348022460938,22.897216796875
2025-11-26 10:50:59,40.716068267822266,40.716068267822266,99.99701225280762,41.30318832397461
2025-11-26 10:51:00,99.99700927734375,99.99700927734375,99.99700927734375,99.99700927734375
2025-11-26 10:51:01,99.99700927734375,99.99700927734375,99.99700927734375,99.99700927734375
2025-11-26 10:51:02,99.99636840820312,99.99636840820312,37.151458740234375,37.151458740234375
2025-11-26 10:51:03,99.99701225280762,99.99701225280762,93.07512374877929,93.07512374877929
2025-11-26 10:51:04,48.81561279296875,48.81561279296875,99.99700927734375,49.03511047363281
2025-11-26 10:51:05,23.953407287597656,23.953407287597656,99.99700927734375,84.54794502258301
2025-11-26 10:51:06,99.99040420532226,99.99040420532226,99.99701225280762,99.99701225280762
2025-11-26 10:51:07,49.633541107177734,49.633541107177734,30.47148895263672,30.47148895263672
2025-11-26 10:51:08,89.32891845703125,89.32891845703125,99.81822204589844,99.81822204589844
2025-11-26 10:51:09,51.08363342285156,50.44087219238281,99.99700927734375,50.44087219238281
2025-11-26 10:51:10,83.3597640991211,83.3597640991211,99.99700927734375,84.0185060119629
2025-11-26 10:51:11,99.99700927734375,99.99700927734375,99.99700927734375,99.99700927734375
2025-11-26 10:51:12,99.99701225280762,99.9963720703125,99.9963720703125,99.9963720703125
2025-11-26 10:51:13,99.99700927734375,99.99700927734375,99.99700927734375,99.99700927734375
2025-11-26 10:51:14,99.99700927734375,99.99700927734375,99.99700927734375,99.99700927734375
2025-11-26 10:51:15,99.9963720703125,99.9963720703125,99.9963720703125,99.9963720703125
2025-11-26 10:51:16,99.9963720703125,99.9963720703125,99.99701225280762,99.9963720703125
