run_id,rota_id,ts_epoch,latencia_ms
0,h11_h61,1764293639,
0,h11_h61,1764293640,
0,h11_h61,1764293641,19.33955237967099
0,h11_h61,1764293642,18.110030865961704
0,h11_h61,1764293643,18.1
0,h11_h61,1764293644,18.1
0,h11_h61,1764293645,18.294319762103427
0,h11_h61,1764293646,18.494072526798455
0,h11_h61,1764293647,18.5
0,h11_h61,1764293648,18.5
0,h11_h61,1764293649,18.596713358758446
0,h11_h61,1764293650,18.6
0,h11_h61,1764293651,18.696502019636473
0,h11_h61,1764293652,18.603597346262532
0,h11_h61,1764293653,18.503688554951133
0,h11_h61,1764293654,18.5
0,h11_h61,1764293655,18.5
0,h11_h61,1764293656,18.40398762257427
0,h11_h61,1764293657,18.112296729307488
0,h11_h61,1764293658,18.1
0,h11_h61,1764293659,18.004298328747932
0,h11_h61,1764293660,18.0
0,h11_h61,1764293661,18.0
0,h11_h61,1764293662,18.0
0,h11_h61,1764293663,18.0
0,h11_h61,1764293664,18.0
0,h11_h61,1764293665,18.095087743115595
0,h11_h61,1764293666,18.1
0,h11_h61,1764293667,18.28970113328916
0,h11_h61,1764293668,18.48945206516754
0,h11_h61,1764293669,18.5946113427217
0,h11_h61,1764293670,18.410957298004966
0,h11_h61,1764293671,18.4
0,h11_h61,1764293672,18.49431228470012
0,h11_h61,1764293673,18.311556115393937
0,h11_h61,1764293674,18.205877607561348
0,h11_h61,1764293675,18.29401383796266
0,h11_h61,1764293676,18.112165560233876
0,h11_h61,1764293677,36.225776256854374
0,h11_h61,1764293678,63.742961854334744
0,h11_h61,1764293679,91.9075091851069
0,h11_h61,1764293680,120.14508634475824
0,h11_h61,1764293681,130.75100522718134
0,h11_h61,1764293682,132.0
0,h11_h61,1764293683,132.0
0,h11_h61,1764293684,131.59594243177534
0,h11_h61,1764293685,131.10233561253943
0,h11_h61,1764293686,131.7913081890458
0,h11_h61,1764293687,131.2100224529349
0,h11_h61,1764293688,131.0
0,h11_h61,1764293689,56.304025610027054
0,h11_h61,1764293690,68.9314774114774
0,h11_h61,1764293691,24.213660430692272
0,h11_h61,1764293692,18.569218590752357
0,h11_h61,1764293693,76.27171746891628
0,h11_h61,1764293694,106.52086552306189
0,h11_h61,1764293695,129.64556463676644
0,h11_h61,1764293696,126.4465559610195
0,h11_h61,1764293697,157.54901166968384
0,h11_h61,1764293698,207.89134940943973
0,h11_h61,1764293699,137.09685422756058
0,h11_h61,1764293700,150.48600117204745
0,h11_h61,1764293701,226.6234318441234
0,h11_h61,1764293702,147.0627573383661
0,h11_h61,1764293703,190.3205069714133
0,h11_h61,1764293704,231.6666911593444
0,h11_h61,1764293705,229.30953284366456
0,h11_h61,1764293706,218.52004148943303
0,h11_h61,1764293707,209.48816791481136
0,h11_h61,1764293708,204.22259883326137
0,h11_h61,1764293709,233.5611852699227
0,h11_h61,1764293710,208.3125357603788
0,h11_h61,1764293711,199.07965910173212
0,h11_h61,1764293712,203.6934816400007
0,h11_h61,1764293713,206.07268292764076
0,h11_h61,1764293714,190.74937875770095
0,h11_h61,1764293715,155.0693827335547
0,h11_h61,1764293716,198.07310795584297
0,h11_h61,1764293717,208.62279591381903
0,h11_h61,1764293718,174.88100792042331
0,h11_h61,1764293719,166.9167443171046
0,h11_h61,1764293720,166.54055145274054
0,h11_h61,1764293721,171.073217044368
0,h11_h61,1764293722,185.08450427415977
0,h11_h61,1764293723,206.53104961709997
0,h11_h61,1764293724,174.31638517409294
0,h11_h61,1764293725,122.66322173629293
0,h11_h61,1764293726,72.78759891027691
0,h11_h61,1764293727,24.130301244958098
0,h11_h61,1764293728,18.2749316334385
0,h11_h61,1764293729,18.125216997478677
0,h11_h61,1764293730,18.274525801909412
0,h11_h61,1764293731,18.3
0,h11_h61,1764293732,18.12596623028719
0,h11_h61,1764293733,18.1
0,h11_h61,1764293734,18.1
0,h11_h61,1764293735,18.273349274162097
0,h11_h61,1764293736,18.12682962794621
0,h11_h61,1764293737,18.53214179371448
0,h11_h61,1764293738,18.25466982129891
0,h11_h61,1764293739,18.286220454158475
0,h11_h61,1764293740,18.213881992925582
0,h11_h61,1764293741,18.2
0,h11_h61,1764293742,18.2
0,h11_h61,1764293743,18.114180855898127
0,h11_h61,1764293744,18.1
0,h11_h61,1764293745,18.1
0,h11_h61,1764293746,18.1
0,h11_h61,1764293747,18.18538543606548
0,h11_h61,1764293748,18.54092819772708
0,h11_h61,1764293749,85.5768825269478
0,h11_h61,1764293750,125.56183668432344
0,h11_h61,1764293751,116.46596394599814
0,h11_h61,1764293752,33.39549825533338
0,h11_h61,1764293753,18.0
0,h11_h61,1764293754,18.339056971148008
0,h11_h61,1764293755,79.37767199456502
0,h11_h61,1764293756,130.5125008594355
0,h11_h61,1764293757,122.95210960839428
0,h11_h61,1764293758,214.27371408383044
0,h11_h61,1764293759,302.42033862045645
0,h11_h61,1764293760,240.02462466764
0,h11_h61,1764293761,177.76325231153726
0,h11_h61,1764293762,245.1212319627804
0,h11_h61,1764293763,266.2996893370457
0,h11_h61,1764293764,263.59900988134683
0,h11_h61,1764293765,171.82188433372636
0,h11_h61,1764293766,149.8114559873538
0,h11_h61,1764293767,200.06140289866516
0,h11_h61,1764293768,245.64391302514923
0,h11_h61,1764293769,252.47860831462677
0,h11_h61,1764293770,222.75958739553712
0,h11_h61,1764293771,192.98272647144805
0,h11_h61,1764293772,250.77663057922535
0,h11_h61,1764293773,329.09244451513047
0,h11_h61,1764293774,352.3730356213152
0,h11_h61,1764293775,321.41076204829693
0,h11_h61,1764293776,274.56160719216393
0,h11_h61,1764293777,102.63030780927684
0,h11_h61,1764293778,100.02276973851572
0,h11_h61,1764293779,141.44211801592095
0,h11_h61,1764293780,170.50415896766955
0,h11_h61,1764293781,99.50108632956992
0,h11_h61,1764293782,41.90434048970339
0,h11_h61,1764293783,20.95599268609749
0,h11_h61,1764293784,18.11675331250658
0,h11_h61,1764293785,18.1
0,h11_h61,1764293786,18.514888139779337
0,h11_h61,1764293787,18.185730714146572
0,h11_h61,1764293788,18.1
0,h11_h61,1764293789,18.347810060143352
0,h11_h61,1764293790,18.729691812825557
0,h11_h61,1764293791,18.38861260243679
0,h11_h61,1764293792,18.46425492711981
0,h11_h61,1764293793,18.171981786963677
0,h11_h61,1764293794,18.509250454340425
0,h11_h61,1764293795,84.98701229130086
0,h11_h61,1764293796,129.58617308469488
0,h11_h61,1764293797,166.43062283166282
0,h11_h61,1764293798,203.97966342710225
0,h11_h61,1764293799,234.8069263747803
0,h11_h61,1764293800,248.93002827320092
0,h11_h61,1764293801,249.2457824896561
0,h11_h61,1764293802,84.9256032755626
0,h11_h61,1764293803,40.96853733437428
0,h11_h61,1764293804,23.0335601895128
0,h11_h61,1764293805,18.18116216287654
0,h11_h61,1764293806,18.362039308822176
0,h11_h61,1764293807,18.15730138158769
0,h11_h61,1764293808,18.1
0,h11_h61,1764293809,31.35120550224731
0,h11_h61,1764293810,21.330002824557237
0,h11_h61,1764293811,60.85104467582544
0,h11_h61,1764293812,110.36493979580608
0,h11_h61,1764293813,117.9685270447098
0,h11_h61,1764293814,39.34011212672884
0,h11_h61,1764293815,42.78357790692763
0,h11_h61,1764293816,24.81042088673279
0,h11_h61,1764293817,78.51616181334305
0,h11_h61,1764293818,135.39666536794869
0,h11_h61,1764293819,191.49561659266897
0,h11_h61,1764293820,250.81064851448065
0,h11_h61,1764293821,227.2512119404086
0,h11_h61,1764293822,132.19813495435997
0,h11_h61,1764293823,97.78852017160568
0,h11_h61,1764293824,47.3016710224688
0,h11_h61,1764293825,38.69142060657232
0,h11_h61,1764293826,47.177516290760025
0,h11_h61,1764293827,25.72627578449028
0,h11_h61,1764293828,18.16919659022671
0,h11_h61,1764293829,18.1
0,h11_h61,1764293830,19.17599037021772
0,h11_h61,1764293831,18.42270784417375
0,h11_h61,1764293832,18.1
0,h11_h61,1764293833,18.1
0,h11_h61,1764293834,18.1
0,h11_h61,1764293835,18.1
0,h11_h61,1764293836,18.1
0,h11_h61,1764293837,18.1
0,h11_h61,1764293838,18.1
0,h11_h61,1764293839,18.1
0,h11_h61,1764293840,18.1
0,h11_h61,1764293841,18.1
0,h11_h61,1764293842,18.1
0,h11_h61,1764293843,18.1
0,h11_h61,1764293844,18.1
0,h11_h61,1764293845,18.1
0,h11_h61,1764293846,18.1
0,h11_h61,1764293847,18.1
0,h11_h61,1764293848,18.1
0,h11_h61,1764293849,18.1
0,h11_h61,1764293850,18.1
0,h11_h61,1764293851,18.023192978967945
0,h11_h61,1764293852,18.0
0,h11_h61,1764293853,18.07678776098283
0,h11_h61,1764293854,18.1
0,h11_h61,1764293855,18.023232953915585
0,h11_h61,1764293856,18.0
0,h11_h61,1764293857,18.076748570649396
0,h11_h61,1764293858,18.1
0,h11_h61,1764293859,18.1
0,h11_h61,1764293860,18.1
0,h11_h61,1764293861,18.023303522705085
0,h11_h61,1764293862,18.0
0,h11_h61,1764293863,18.0
0,h11_h61,1764293864,18.076750639582507
0,h11_h61,1764293865,36.085340516953394
0,h11_h61,1764293866,23.82368656300834
0,h11_h61,1764293867,18.1
0,h11_h61,1764293868,38.192505927224
0,h11_h61,1764293869,24.56181829173466
0,h11_h61,1764293870,18.1
0,h11_h61,1764293871,18.1
0,h11_h61,1764293872,18.1
0,h11_h61,1764293873,18.1
0,h11_h61,1764293874,18.1
0,h11_h61,1764293875,18.1
0,h11_h61,1764293876,18.1
0,h11_h61,1764293877,18.1
0,h11_h61,1764293878,18.1
0,h11_h61,1764293879,33.76982804577818
0,h11_h61,1764293880,23.031009856799283
0,h11_h61,1764293881,18.0
0,h11_h61,1764293882,18.0
0,h11_h61,1764293883,18.0
0,h11_h61,1764293884,18.07658560078201
0,h11_h61,1764293885,18.023413822585407
0,h11_h61,1764293886,18.0
0,h11_h61,1764293887,18.0
0,h11_h61,1764293888,18.0
0,h11_h61,1764293889,18.0
0,h11_h61,1764293890,18.0
0,h11_h61,1764293891,18.0
0,h11_h61,1764293892,18.0
0,h11_h61,1764293893,18.0
0,h11_h61,1764293894,18.53588465820912
0,h11_h61,1764293895,18.240596712510147
0,h11_h61,1764293896,18.1
0,h11_h61,1764293897,18.1
0,h11_h61,1764293898,18.1
0,h11_h61,1764293899,18.1
0,h11_h61,1764293900,18.1
0,h11_h61,1764293901,18.1
0,h11_h61,1764293902,18.1
0,h11_h61,1764293903,18.1
0,h11_h61,1764293904,18.1
0,h11_h61,1764293905,18.1
0,h11_h61,1764293906,18.1
0,h11_h61,1764293907,18.023415668052888
0,h11_h61,1764293908,18.07658023202396
0,h11_h61,1764293909,18.1
0,h11_h61,1764293910,18.1
0,h11_h61,1764293911,18.1
0,h11_h61,1764293912,18.1
0,h11_h61,1764293913,18.1
0,h11_h61,1764293914,18.1
0,h11_h61,1764293915,18.1
0,h11_h61,1764293916,18.1
0,h11_h61,1764293917,18.1
0,h11_h61,1764293918,18.1
0,h11_h61,1764293919,18.1
0,h11_h61,1764293920,18.1
0,h11_h61,1764293921,48.47154318422484
0,h11_h61,1764293922,28.126454326684033
0,h11_h61,1764293923,46.799916211281555
0,h11_h61,1764293924,27.630787050990392
0,h11_h61,1764293925,18.1
0,h11_h61,1764293926,29.63721535224733
0,h11_h61,1764293927,50.05217634373321
0,h11_h61,1764293928,55.95450847198992
0,h11_h61,1764293929,56.4083976766428
0,h11_h61,1764293930,27.55486726672492
0,h11_h61,1764293931,18.1
0,h11_h61,1764293932,18.1
0,h11_h61,1764293933,18.1
0,h11_h61,1764293934,42.97928288175602
0,h11_h61,1764293935,26.382327099612567
0,h11_h61,1764293936,18.1
0,h11_h61,1764293937,18.1
0,h11_h61,1764293938,18.1
0,h11_h61,1764293939,18.1
0,h11_h61,1764293940,18.1
0,h11_h61,1764293941,18.1
0,h11_h61,1764293942,18.1
0,h11_h61,1764293943,18.1
0,h11_h61,1764293944,18.1
0,h11_h61,1764293945,18.1
0,h11_h61,1764293946,45.41998882492731
0,h11_h61,1764293947,27.3038455614594
0,h11_h61,1764293948,18.1
0,h11_h61,1764293949,18.1
0,h11_h61,1764293950,18.1
0,h11_h61,1764293951,18.023873966868265
0,h11_h61,1764293952,18.07611327288318
0,h11_h61,1764293953,18.328249707742412
0,h11_h61,1764293954,18.17180778064767
0,h11_h61,1764293955,18.935634891682035
0,h11_h61,1764293956,18.363986455933464
0,h11_h61,1764293957,18.631692107446572
0,h11_h61,1764293958,18.268521506754123
0,h11_h61,1764293959,18.1
0,h11_h61,1764293960,41.56268342904984
0,h11_h61,1764293961,26.044171686980643
0,h11_h61,1764293962,18.1
0,h11_h61,1764293963,18.02413394241969
0,h11_h61,1764293964,18.07585028167715
0,h11_h61,1764293965,18.1
0,h11_h61,1764293966,18.024143218151327
0,h11_h61,1764293967,18.0
0,h11_h61,1764293968,18.0
0,h11_h61,1764293969,18.075832608255165
0,h11_h61,1764293970,18.1
0,h11_h61,1764293971,44.93583198718737
0,h11_h61,1764293972,27.325890240462417
0,h11_h61,1764293973,18.1
0,h11_h61,1764293974,18.024214763142
0,h11_h61,1764293975,18.0
0,h11_h61,1764293976,43.275104662538936
0,h11_h61,1764293977,26.654441380873525
0,h11_h61,1764293978,45.110327563520855
0,h11_h61,1764293979,42.93321593475397
0,h11_h61,1764293980,23.07288514353803
0,h11_h61,1764293981,18.0
0,h11_h61,1764293982,45.25373096347515
0,h11_h61,1764293983,27.458198012334453
0,h11_h61,1764293984,18.024215637978617
0,h11_h61,1764293985,18.075779779201326
0,h11_h61,1764293986,18.1
0,h11_h61,1764293987,18.1
0,h11_h61,1764293988,18.251517650645383
0,h11_h61,1764293989,46.654791805605555
0,h11_h61,1764293990,60.41898108926445
0,h11_h61,1764293991,55.72247801623675
0,h11_h61,1764293992,52.45982058095097
0,h11_h61,1764293993,26.628317342659624
0,h11_h61,1764293994,18.1
0,h11_h61,1764293995,18.1
0,h11_h61,1764293996,18.1
0,h11_h61,1764293997,18.1
0,h11_h61,1764293998,18.1
0,h11_h61,1764293999,18.024216218381557
0,h11_h61,1764294000,18.075783911442915
0,h11_h61,1764294001,18.1
0,h11_h61,1764294002,58.35184533112162
0,h11_h61,1764294003,107.4880545394458
0,h11_h61,1764294004,133.00404864203267
0,h11_h61,1764294005,122.98197743777168
0,h11_h61,1764294006,44.17505859419343
0,h11_h61,1764294007,18.35146223553147
0,h11_h61,1764294008,18.172866458503485
0,h11_h61,1764294009,18.024371993459024
0,h11_h61,1764294010,18.07551992584668
0,h11_h61,1764294011,106.60639946157973
0,h11_h61,1764294012,56.147398851540686
0,h11_h61,1764294013,18.074615206906817
0,h11_h61,1764294014,81.23287444071235
0,h11_h61,1764294015,184.59654103800096
0,h11_h61,1764294016,198.14340351991152
0,h11_h61,1764294017,122.75765706209772
0,h11_h61,1764294018,62.50278840029089
0,h11_h61,1764294019,33.446849373059315
0,h11_h61,1764294020,51.10865100389812
0,h11_h61,1764294021,29.80417663594786
0,h11_h61,1764294022,50.633142748883714
0,h11_h61,1764294023,96.9701124186802
0,h11_h61,1764294024,49.73476409414886
0,h11_h61,1764294025,44.94618469506787
0,h11_h61,1764294026,27.924922165429805
0,h11_h61,1764294027,109.88041790348106
0,h11_h61,1764294028,145.24695305213228
0,h11_h61,1764294029,134.38404716977533
0,h11_h61,1764294030,133.38459902487912
0,h11_h61,1764294031,134.2260988151724
0,h11_h61,1764294032,133.7754590483098
0,h11_h61,1764294033,134.83072967077965
0,h11_h61,1764294034,134.17216767164342
0,h11_h61,1764294035,134.2161000100832
0,h11_h61,1764294036,129.49886053763225
0,h11_h61,1764294037,74.76613739176709
0,h11_h61,1764294038,95.80477672015664
0,h11_h61,1764294039,129.88350833281385
0,h11_h61,1764294040,121.5047167963594
0,h11_h61,1764294041,120.57003201377152
0,h11_h61,1764294042,132.75651008283882
0,h11_h61,1764294043,165.61521466920996
0,h11_h61,1764294044,217.3380225769728
0,h11_h61,1764294045,246.32141674887535
0,h11_h61,1764294046,244.84067017813447
0,h11_h61,1764294047,241.83138806091543
0,h11_h61,1764294048,237.69132491541177
0,h11_h61,1764294049,152.74630326166283
0,h11_h61,1764294050,89.00835455186713
0,h11_h61,1764294051,128.54357763262763
0,h11_h61,1764294052,189.0232518725857
0,h11_h61,1764294053,194.34234043304724
0,h11_h61,1764294054,147.61608952840217
0,h11_h61,1764294055,135.88199178560853
0,h11_h61,1764294056,136.63404238698422
0,h11_h61,1764294057,131.03824829172927
0,h11_h61,1764294058,110.00989386943476
0,h11_h61,1764294059,104.37311889537231
0,h11_h61,1764294060,113.36374509635544
0,h11_h61,1764294061,127.08506578335886
0,h11_h61,1764294062,97.05176670644698
0,h11_h61,1764294063,180.43163228902569
0,h11_h61,1764294064,318.79752215480664
0,h11_h61,1764294065,339.6012081220702
0,h11_h61,1764294066,321.0371384540085
0,h11_h61,1764294067,292.19814419495276
0,h11_h61,1764294068,260.92201702051375
0,h11_h61,1764294069,231.13482082349267
0,h11_h61,1764294070,209.8650961166376
0,h11_h61,1764294071,200.21265493808693
0,h11_h61,1764294072,201.11513244741707
0,h11_h61,1764294073,209.7870685711501
0,h11_h61,1764294074,205.04658003198347
0,h11_h61,1764294075,133.99295061764502
0,h11_h61,1764294076,93.79705669402298
0,h11_h61,1764294077,120.63670088722584
0,h11_h61,1764294078,139.94269742819895
0,h11_h61,1764294079,141.0770949521895
0,h11_h61,1764294080,178.1754371255842
0,h11_h61,1764294081,238.39694155147868
0,h11_h61,1764294082,244.55044582730932
0,h11_h61,1764294083,226.58655924746537
0,h11_h61,1764294084,218.77770386293753
0,h11_h61,1764294085,215.3619925804662
0,h11_h61,1764294086,216.66395167548416
0,h11_h61,1764294087,165.073779730836
0,h11_h61,1764294088,104.9866872382528
0,h11_h61,1764294089,125.83436640170848
0,h11_h61,1764294090,116.62125314091762
0,h11_h61,1764294091,77.4874071746122
0,h11_h61,1764294092,67.29727320951645
0,h11_h61,1764294093,41.125573677889555
0,h11_h61,1764294094,18.78767011359021
0,h11_h61,1764294095,18.122138681406305
0,h11_h61,1764294096,18.0591800159949
0,h11_h61,1764294097,18.21811149343952
0,h11_h61,1764294098,18.3
0,h11_h61,1764294099,18.18221232345595
0,h11_h61,1764294100,40.60010302133307
0,h11_h61,1764294101,48.845230389197226
0,h11_h61,1764294102,57.67644390366175
0,h11_h61,1764294103,86.49788531782453
0,h11_h61,1764294104,134.979142203593
0,h11_h61,1764294105,160.82853015839845
0,h11_h61,1764294106,144.0
0,h11_h61,1764294107,144.0
0,h11_h61,1764294108,144.0
0,h11_h61,1764294109,168.8034183648091
0,h11_h61,1764294110,211.37844357182925
0,h11_h61,1764294111,235.1987783902568
0,h11_h61,1764294112,250.32615767346937
0,h11_h61,1764294113,159.44185759572275
0,h11_h61,1764294114,87.3496897158114
0,h11_h61,1764294115,129.6409813401214
0,h11_h61,1764294116,157.65139003802057
0,h11_h61,1764294117,208.2377038753641
0,h11_h61,1764294118,200.22673626699745
0,h11_h61,1764294119,158.77668907136623
0,h11_h61,1764294120,132.00501616969277
0,h11_h61,1764294121,138.31260199649688
0,h11_h61,1764294122,130.2384419548963
0,h11_h61,1764294123,140.4552011308017
0,h11_h61,1764294124,179.02343656518542
0,h11_h61,1764294125,190.72221516514753
0,h11_h61,1764294126,188.90185258785797
0,h11_h61,1764294127,222.5349797239032
0,h11_h61,1764294128,303.684380983591
0,h11_h61,1764294129,368.60958645325275
0,h11_h61,1764294130,367.0
0,h11_h61,1764294131,366.80577102367187
0,h11_h61,1764294132,366.0
0,h11_h61,1764294133,366.1919034689248
0,h11_h61,1764294134,366.8093013074642
0,h11_h61,1764294135,366.0
0,h11_h61,1764294136,366.0
0,h11_h61,1764294137,365.8116707934778
0,h11_h61,1764294138,303.6427233220056
0,h11_h61,1764294139,126.23662423700968
0,h11_h61,1764294140,134.75142543044856
0,h11_h61,1764294141,105.1652561679322
0,h11_h61,1764294142,122.97877538495968
0,h11_h61,1764294143,217.42464943874376
0,h11_h61,1764294144,258.6700322563382
0,h11_h61,1764294145,236.84067570633945
0,h11_h61,1764294146,220.41118553634143
0,h11_h61,1764294147,190.7535486373984
0,h11_h61,1764294148,122.99222911530153
0,h11_h61,1764294149,99.73514834192088
0,h11_h61,1764294150,88.33790284347707
0,h11_h61,1764294151,40.296753166821944
0,h11_h61,1764294152,29.408441085595378
0,h11_h61,1764294153,48.07115626851751
0,h11_h61,1764294154,66.64053776126984
0,h11_h61,1764294155,85.53253194120072
0,h11_h61,1764294156,137.48941079228757
0,h11_h61,1764294157,180.05771467265058
0,h11_h61,1764294158,141.38604401717612
0,h11_h61,1764294159,142.0
0,h11_h61,1764294160,142.0
0,h11_h61,1764294161,141.61862919282214
0,h11_h61,1764294162,140.6192134615449
0,h11_h61,1764294163,92.86078030865173
0,h11_h61,1764294164,79.347144716744
0,h11_h61,1764294165,150.1243015926577
0,h11_h61,1764294166,178.9349819971135
0,h11_h61,1764294167,165.17070388743093
0,h11_h61,1764294168,101.97831674845318
0,h11_h61,1764294169,129.0167290097808
0,h11_h61,1764294170,113.20152934280406
0,h11_h61,1764294171,97.18089763266488
0,h11_h61,1764294172,130.69085102646625
0,h11_h61,1764294173,133.62962761144726
0,h11_h61,1764294174,123.76607942502056
0,h11_h61,1764294175,132.08491854583048
0,h11_h61,1764294176,114.06899891985177
0,h11_h61,1764294177,112.31228024482354
0,h11_h61,1764294178,193.76662739608437
0,h11_h61,1764294179,225.40555710880983
0,h11_h61,1764294180,243.72898989081233
0,h11_h61,1764294181,239.2265162246723
0,h11_h61,1764294182,238.54071265237673
0,h11_h61,1764294183,270.59858706530576
0,h11_h61,1764294184,365.8716706543017
0,h11_h61,1764294185,365.12748817005314
0,h11_h61,1764294186,365.74725923220115
0,h11_h61,1764294187,366.4769926579219
0,h11_h61,1764294188,381.4053697663532
0,h11_h61,1764294189,294.4640389747035
0,h11_h61,1764294190,28.958810393609113
0,h11_h61,1764294191,27.746512636387713
0,h11_h61,1764294192,18.04671769359552
0,h11_h61,1764294193,19.077021868628467
0,h11_h61,1764294194,19.178834179042465
0,h11_h61,1764294195,18.0
0,h11_h61,1764294196,18.04631152733744
0,h11_h61,1764294197,18.1
0,h11_h61,1764294198,18.053903011143024
0,h11_h61,1764294199,18.18389171468806
0,h11_h61,1764294200,18.262478207392043
0,h11_h61,1764294201,59.683743321304725
0,h11_h61,1764294202,123.62749937055362
0,h11_h61,1764294203,131.26083224353175
0,h11_h61,1764294204,127.03631338375143
0,h11_h61,1764294205,130.36461386589718
0,h11_h61,1764294206,133.67371918246442
0,h11_h61,1764294207,109.90492829250732
0,h11_h61,1764294208,45.212697326766744
0,h11_h61,1764294209,18.0
0,h11_h61,1764294210,45.58175663398683
0,h11_h61,1764294211,73.13525910069272
0,h11_h61,1764294212,40.598904689827904
0,h11_h61,1764294213,34.15772308201149
0,h11_h61,1764294214,39.4312094508652
0,h11_h61,1764294215,18.440749246116248
0,h11_h61,1764294216,18.78039568987898
0,h11_h61,1764294217,18.456184225504796
0,h11_h61,1764294218,18.312583415226214
0,h11_h61,1764294219,18.156395890933936
0,h11_h61,1764294220,18.1
0,h11_h61,1764294221,48.29773646351066
0,h11_h61,1764294222,109.6458151959271
0,h11_h61,1764294223,160.74604864765007
0,h11_h61,1764294224,180.18389460032716
0,h11_h61,1764294225,117.25970196754707
0,h11_h61,1764294226,129.40802398570716
0,h11_h61,1764294227,109.31680313164492
0,h11_h61,1764294228,110.0196763295054
0,h11_h61,1764294229,118.97270092433024
0,h11_h61,1764294230,121.640994671099
0,h11_h61,1764294231,112.8427198999633
0,h11_h61,1764294232,79.38872789999094
0,h11_h61,1764294233,76.86034657750709
0,h11_h61,1764294234,115.22283098885474
0,h11_h61,1764294235,130.27122435303662
0,h11_h61,1764294236,105.8269682162967
0,h11_h61,1764294237,18.515418396448514
0,h11_h61,1764294238,60.05835791803213
0,h11_h61,1764294239,127.47922967154884
0,h11_h61,1764294240,114.19187355923312
0,h11_h61,1764294241,65.84494714520255
0,h11_h61,1764294242,30.448218262806236
0,h11_h61,1764294243,36.942975447651705
0,h11_h61,1764294244,18.262863691882796
0,h11_h61,1764294245,18.33769411299627
0,h11_h61,1764294246,18.1
0,h11_h61,1764294247,37.496856263735864
0,h11_h61,1764294248,85.47382031117591
0,h11_h61,1764294249,85.36410080969762
0,h11_h61,1764294250,18.1
0,h11_h61,1764294251,18.1
0,h11_h61,1764294252,18.219166366304027
0,h11_h61,1764294253,18.320830196011755
0,h11_h61,1764294254,18.12106164306076
0,h11_h61,1764294255,18.0
0,h11_h61,1764294256,49.41067713906276
0,h11_h61,1764294257,142.11483742429405
0,h11_h61,1764294258,232.60350533481437
0,h11_h61,1764294259,161.84175087795842
0,h11_h61,1764294260,102.69543165335494
0,h11_h61,1764294261,73.55950810135444
0,h11_h61,1764294262,34.43776181594838
0,h11_h61,1764294263,18.138442494051667
0,h11_h61,1764294264,18.31491479575332
0,h11_h61,1764294265,18.347356507968637
0,h11_h61,1764294266,18.1
0,h11_h61,1764294267,18.28954941908555
0,h11_h61,1764294268,18.411173295451164
0,h11_h61,1764294269,18.1
0,h11_h61,1764294270,18.21257322234501
0,h11_h61,1764294271,18.28776523876314
0,h11_h61,1764294272,18.323888344771696
0,h11_h61,1764294273,18.5141962145809
0,h11_h61,1764294274,33.16410059289513
0,h11_h61,1764294275,57.29573613419369
0,h11_h61,1764294276,79.08350498968011
0,h11_h61,1764294277,134.48838760795033
0,h11_h61,1764294278,109.81026529656503
0,h11_h61,1764294279,100.19081277715884
0,h11_h61,1764294280,80.3288917765685
0,h11_h61,1764294281,57.119345807255534
0,h11_h61,1764294282,66.02495115301642
0,h11_h61,1764294283,98.0306811917985
0,h11_h61,1764294284,131.5715690661883
0,h11_h61,1764294285,127.92916424632205
0,h11_h61,1764294286,130.36370584081322
0,h11_h61,1764294287,55.142355520704456
0,h11_h61,1764294288,19.051881501439052
0,h11_h61,1764294289,19.854049614503666
0,h11_h61,1764294290,18.135045818866235
0,h11_h61,1764294291,18.40941764333778
0,h11_h61,1764294292,18.661058806444164
0,h11_h61,1764294293,20.258820190259488
0,h11_h61,1764294294,21.85410829907407
0,h11_h61,1764294295,18.1
0,h11_h61,1764294296,18.1
0,h11_h61,1764294297,18.23649304848859
0,h11_h61,1764294298,18.364078900836947
0,h11_h61,1764294299,25.649029261960617
0,h11_h61,1764294300,33.56300031145236
0,h11_h61,1764294301,18.1
0,h11_h61,1764294302,18.16687782499462
0,h11_h61,1764294303,18.366590367499985
0,h11_h61,1764294304,18.36739774152357
0,h11_h61,1764294305,18.29810344015069
0,h11_h61,1764294306,18.50280967912788
0,h11_h61,1764294307,36.29137347037435
0,h11_h61,1764294308,89.91161141911356
0,h11_h61,1764294309,128.21461096295056
0,h11_h61,1764294310,123.12397247830862
0,h11_h61,1764294311,95.12136485528042
0,h11_h61,1764294312,64.99801968304887
0,h11_h61,1764294313,34.33196659214315
0,h11_h61,1764294314,18.131831516080386
0,h11_h61,1764294315,43.53729957968577
0,h11_h61,1764294316,112.53497539079882
0,h11_h61,1764294317,138.21962083833475
0,h11_h61,1764294318,126.53253635198922
0,h11_h61,1764294319,74.46162501756721
0,h11_h61,1764294320,18.26900434532668
0,h11_h61,1764294321,18.13812147879986
0,h11_h61,1764294322,18.0
0,h11_h61,1764294323,18.0
0,h11_h61,1764294324,18.0
0,h11_h61,1764294325,51.468829384843296
0,h11_h61,1764294326,140.08744705797898
0,h11_h61,1764294327,134.88145536249624
0,h11_h61,1764294328,131.5119331547559
0,h11_h61,1764294329,138.0
0,h11_h61,1764294330,136.91417127991625
0,h11_h61,1764294331,124.96521353395504
0,h11_h61,1764294332,90.18237634299616
0,h11_h61,1764294333,74.54192965086585
0,h11_h61,1764294334,80.7463991891022
0,h11_h61,1764294335,85.8833392883929
0,h11_h61,1764294336,106.05754019720187
0,h11_h61,1764294337,97.2628619409138
0,h11_h61,1764294338,19.240918839506666
0,h11_h61,1764294339,18.1
0,h11_h61,1764294340,18.1
0,h11_h61,1764294341,28.238475133614863
0,h11_h61,1764294342,45.643665213283185
0,h11_h61,1764294343,23.065825288204167
0,h11_h61,1764294344,31.19652617102804
0,h11_h61,1764294345,18.071962390675697
0,h11_h61,1764294346,18.02792927483992
0,h11_h61,1764294347,18.072183241238925
0,h11_h61,1764294348,18.027709017627156
0,h11_h61,1764294349,19.58227416240708
0,h11_h61,1764294350,24.54637412417943
0,h11_h61,1764294351,34.31395483470544
0,h11_h61,1764294352,45.42404417283527
0,h11_h61,1764294353,30.22473303724378
0,h11_h61,1764294354,54.26175527774133
0,h11_h61,1764294355,18.02682977651775
0,h11_h61,1764294356,18.1
0,h11_h61,1764294357,18.073400050157893
0,h11_h61,1764294358,18.026491171125777
0,h11_h61,1764294359,19.124599297978268
0,h11_h61,1764294360,20.987087899870364
0,h11_h61,1764294361,18.1
0,h11_h61,1764294362,18.1
0,h11_h61,1764294363,18.1
0,h11_h61,1764294364,18.07416627230449
0,h11_h61,1764294365,18.0
0,h11_h61,1764294366,18.025619952212352
0,h11_h61,1764294367,18.074490265445416
0,h11_h61,1764294368,27.088000656813698
0,h11_h61,1764294369,46.781677302047626
0,h11_h61,1764294370,18.0
0,h11_h61,1764294371,18.0
0,h11_h61,1764294372,18.0
0,h11_h61,1764294373,18.0
0,h11_h61,1764294374,18.02476079811206
0,h11_h61,1764294375,18.1
0,h11_h61,1764294376,18.07544136129358
0,h11_h61,1764294377,18.024452005840697
0,h11_h61,1764294378,18.0756548714193
0,h11_h61,1764294379,18.0
0,h11_h61,1764294380,18.0
0,h11_h61,1764294381,18.024053325978816
0,h11_h61,1764294382,18.1
0,h11_h61,1764294383,18.1
0,h11_h61,1764294384,22.27319292160951
0,h11_h61,1764294385,32.02079538338482
0,h11_h61,1764294386,18.1
0,h11_h61,1764294387,18.1
0,h11_h61,1764294388,18.076690037091957
0,h11_h61,1764294389,18.0
0,h11_h61,1764294390,18.0
0,h11_h61,1764294391,18.0
0,h11_h61,1764294392,26.296215766545203
0,h11_h61,1764294393,48.18825471569789
0,h11_h61,1764294394,20.140460159020755
0,h11_h61,1764294395,36.34581648647397
0,h11_h61,1764294396,61.792079421066205
0,h11_h61,1764294397,18.1
0,h11_h61,1764294398,18.1
0,h11_h61,1764294399,26.804502323321536
0,h11_h61,1764294400,51.55895532729684
0,h11_h61,1764294401,18.078177319475667
0,h11_h61,1764294402,18.0
0,h11_h61,1764294403,18.0
0,h11_h61,1764294404,18.0
0,h11_h61,1764294405,18.0
0,h11_h61,1764294406,18.02129030491036
0,h11_h61,1764294407,25.795881529157096
0,h11_h61,1764294408,49.02137275229296
0,h11_h61,1764294409,18.07903855872884
0,h11_h61,1764294410,18.0
0,h11_h61,1764294411,25.84660559692873
0,h11_h61,1764294412,50.47734688908734
0,h11_h61,1764294413,18.1
0,h11_h61,1764294414,18.1
0,h11_h61,1764294415,18.1
0,h11_h61,1764294416,29.308870005654317
0,h11_h61,1764294417,67.88014186656473
0,h11_h61,1764294418,18.0
0,h11_h61,1764294419,18.0
0,h11_h61,1764294420,18.0
0,h11_h61,1764294421,18.0
0,h11_h61,1764294422,24.83737104319643
0,h11_h61,1764294423,54.421653679532206
0,h11_h61,1764294424,49.508921894654264
0,h11_h61,1764294425,18.0
0,h11_h61,1764294426,18.0
0,h11_h61,1764294427,18.0
0,h11_h61,1764294428,18.0
0,h11_h61,1764294429,18.018775957720827
0,h11_h61,1764294430,18.1
0,h11_h61,1764294431,18.1
0,h11_h61,1764294432,18.1
0,h11_h61,1764294433,18.1
0,h11_h61,1764294434,18.1
0,h11_h61,1764294435,18.1
0,h11_h61,1764294436,18.1
0,h11_h61,1764294437,18.1
0,h11_h61,1764294438,25.231274204350896
0,h11_h61,1764294439,54.124213236606465
0,h11_h61,1764294440,18.1
0,h11_h61,1764294441,18.1
0,h11_h61,1764294442,18.1
0,h11_h61,1764294443,18.1
0,h11_h61,1764294444,18.1
0,h11_h61,1764294445,24.389944278603316
0,h11_h61,1764294446,51.28841750281646
0,h11_h61,1764294447,18.1
0,h11_h61,1764294448,18.24946360049336
0,h11_h61,1764294449,18.852121311084623
0,h11_h61,1764294450,18.1
0,h11_h61,1764294451,18.1
0,h11_h61,1764294452,28.165859521121636
0,h11_h61,1764294453,77.80684256513902
0,h11_h61,1764294454,18.1
0,h11_h61,1764294455,24.1545364359434
0,h11_h61,1764294456,53.14823918139535
0,h11_h61,1764294457,18.1
0,h11_h61,1764294458,18.1
0,h11_h61,1764294459,18.1
0,h11_h61,1764294460,19.41173810917328
0,h11_h61,1764294461,25.55243609792213
0,h11_h61,1764294462,18.085088685498885
0,h11_h61,1764294463,18.0148002809158
0,h11_h61,1764294464,18.1
0,h11_h61,1764294465,18.709344818288088
0,h11_h61,1764294466,21.70810040398012
0,h11_h61,1764294467,18.1
0,h11_h61,1764294468,18.904962038133785
0,h11_h61,1764294469,23.02547144206992
0,h11_h61,1764294470,18.1
0,h11_h61,1764294471,18.1
0,h11_h61,1764294472,18.1
0,h11_h61,1764294473,18.1
0,h11_h61,1764294474,18.1
0,h11_h61,1764294475,18.1
0,h11_h61,1764294476,18.1
0,h11_h61,1764294477,18.1
0,h11_h61,1764294478,23.07685816091233
0,h11_h61,1764294479,54.31444383973758
0,h11_h61,1764294480,18.1
0,h11_h61,1764294481,18.1
0,h11_h61,1764294482,18.1
0,h11_h61,1764294483,22.409140875617936
0,h11_h61,1764294484,50.8554989683876
0,h11_h61,1764294485,18.1
0,h11_h61,1764294486,18.1
0,h11_h61,1764294487,18.1
0,h11_h61,1764294488,22.167134767607624
0,h11_h61,1764294489,50.673468752174735
0,h11_h61,1764294490,18.1
0,h11_h61,1764294491,18.1
0,h11_h61,1764294492,18.1
0,h11_h61,1764294493,18.1
0,h11_h61,1764294494,18.1
0,h11_h61,1764294495,18.1
0,h11_h61,1764294496,19.974318430619135
0,h11_h61,1764294497,33.99072857629466
0,h11_h61,1764294498,18.1
0,h11_h61,1764294499,18.1
0,h11_h61,1764294500,18.1
0,h11_h61,1764294501,18.08972121029096
0,h11_h61,1764294502,24.38990847506148
0,h11_h61,1764294503,82.55141370686722
0,h11_h61,1764294504,18.0
0,h11_h61,1764294505,18.0
0,h11_h61,1764294506,18.0
0,h11_h61,1764294507,19.937027008291334
0,h11_h61,1764294508,39.67529261848869
0,h11_h61,1764294509,53.378756168112986
0,h11_h61,1764294510,21.44206552411517
0,h11_h61,1764294511,54.36299727425995
0,h11_h61,1764294512,18.0
0,h11_h61,1764294513,18.0
0,h11_h61,1764294514,18.0
0,h11_h61,1764294515,18.0
0,h11_h61,1764294516,18.0
0,h11_h61,1764294517,18.0
0,h11_h61,1764294518,18.0
0,h11_h61,1764294519,18.0
0,h11_h61,1764294520,19.353057320812436
0,h11_h61,1764294521,33.706144064719815
0,h11_h61,1764294522,18.0
0,h11_h61,1764294523,18.0
0,h11_h61,1764294524,18.0
0,h11_h61,1764294525,18.0
0,h11_h61,1764294526,18.0
0,h11_h61,1764294527,18.0073797736925
0,h11_h61,1764294528,18.09273104099052
0,h11_h61,1764294529,18.0
0,h11_h61,1764294530,18.0
0,h11_h61,1764294531,18.0
0,h11_h61,1764294532,18.0
0,h11_h61,1764294533,18.074103917774764
0,h11_h61,1764294534,19.028119557601308
0,h11_h61,1764294535,18.0
0,h11_h61,1764294536,20.325894384646514
0,h11_h61,1764294537,54.60166292925143
0,h11_h61,1764294538,18.0
0,h11_h61,1764294539,18.0
0,h11_h61,1764294540,18.005942983725184
0,h11_h61,1764294541,18.09417257073148
0,h11_h61,1764294542,20.11132579088056
0,h11_h61,1764294543,55.586868875925866
0,h11_h61,1764294544,18.0
0,h11_h61,1764294545,18.0
0,h11_h61,1764294546,19.813765437692417
0,h11_h61,1764294547,53.00371764754664
0,h11_h61,1764294548,18.0
0,h11_h61,1764294549,18.0
0,h11_h61,1764294550,18.0
0,h11_h61,1764294551,18.089080185707733
0,h11_h61,1764294552,19.816236789523785
0,h11_h61,1764294553,18.0
0,h11_h61,1764294554,18.00429274171173
0,h11_h61,1764294555,18.095815548312142
0,h11_h61,1764294556,20.46048694654179
0,h11_h61,1764294557,80.72660453419897
0,h11_h61,1764294558,135.42315284859706
0,h11_h61,1764294559,126.04884910708796
0,h11_h61,1764294560,132.37720556932004
0,h11_h61,1764294561,150.14147333104088
0,h11_h61,1764294562,22.95791333543564
0,h11_h61,1764294563,137.71794227308985
0,h11_h61,1764294564,165.81499366430282
0,h11_h61,1764294565,139.82345928113287
0,h11_h61,1764294566,72.00335335595962
0,h11_h61,1764294567,141.55836349978205
0,h11_h61,1764294568,164.6646447105334
0,h11_h61,1764294569,182.11297990450703
0,h11_h61,1764294570,187.49404984285312
0,h11_h61,1764294571,203.47994803242736
0,h11_h61,1764294572,232.10357957186815
0,h11_h61,1764294573,251.9906260790839
0,h11_h61,1764294574,215.17155799398623
0,h11_h61,1764294575,48.93962169674427
0,h11_h61,1764294576,55.083156553814675
0,h11_h61,1764294577,62.62497047941431
0,h11_h61,1764294578,18.854512778905672
0,h11_h61,1764294579,18.004332505701136
0,h11_h61,1764294580,60.917370343669134
0,h11_h61,1764294581,128.91049041131652
0,h11_h61,1764294582,137.1312796199495
0,h11_h61,1764294583,137.86657040339716
0,h11_h61,1764294584,114.910143714621
0,h11_h61,1764294585,109.3206376084377
0,h11_h61,1764294586,42.22671153665456
0,h11_h61,1764294587,19.687319904475583
0,h11_h61,1764294588,123.33827432313586
0,h11_h61,1764294589,132.80530853258654
0,h11_h61,1764294590,128.5222789616932
0,h11_h61,1764294591,20.82722973173432
0,h11_h61,1764294592,18.1
0,h11_h61,1764294593,18.58752899044696
0,h11_h61,1764294594,56.04308362658849
0,h11_h61,1764294595,19.569720345672557
0,h11_h61,1764294596,89.6462150469637
0,h11_h61,1764294597,140.31926750498647
0,h11_h61,1764294598,142.93600063263688
0,h11_h61,1764294599,23.85900395541954
0,h11_h61,1764294600,81.60423159061406
0,h11_h61,1764294601,126.60167220924268
0,h11_h61,1764294602,132.14987277826805
0,h11_h61,1764294603,132.0
0,h11_h61,1764294604,132.0
0,h11_h61,1764294605,153.46440221261662
0,h11_h61,1764294606,220.0622783840469
0,h11_h61,1764294607,246.56910836756205
0,h11_h61,1764294608,249.0
0,h11_h61,1764294609,248.2721576131439
0,h11_h61,1764294610,245.07670669934268
0,h11_h61,1764294611,246.1888955225867
0,h11_h61,1764294612,50.77575926606349
0,h11_h61,1764294613,103.76988627690427
0,h11_h61,1764294614,79.16089878526873
0,h11_h61,1764294615,98.58953399046824
0,h11_h61,1764294616,90.1147108622037
0,h11_h61,1764294617,121.13093885453138
0,h11_h61,1764294618,126.15833095435876
0,h11_h61,1764294619,84.62045661290242
0,h11_h61,1764294620,73.20850750118915
0,h11_h61,1764294621,92.47333240678596
0,h11_h61,1764294622,131.70481329791244
0,h11_h61,1764294623,188.53961531082763
0,h11_h61,1764294624,228.67603281943803
0,h11_h61,1764294625,59.45854595094116
0,h11_h61,1764294626,19.683512230081675
0,h11_h61,1764294627,18.305855617381344
0,h11_h61,1764294628,18.3
0,h11_h61,1764294629,18.018269610240026
0,h11_h61,1764294630,18.0
0,h11_h61,1764294631,18.0
0,h11_h61,1764294632,18.0
0,h11_h61,1764294633,18.0
0,h11_h61,1764294634,73.10427148028748
0,h11_h61,1764294635,140.12385323747137
0,h11_h61,1764294636,147.5796067451626
0,h11_h61,1764294637,32.65228321572951
0,h11_h61,1764294638,119.63166331214126
0,h11_h61,1764294639,58.474759561733705
0,h11_h61,1764294640,105.90890897864011
0,h11_h61,1764294641,129.21227655065994
0,h11_h61,1764294642,114.63443327483694
0,h11_h61,1764294643,107.67131410601075
0,h11_h61,1764294644,106.16811936210996
0,h11_h61,1764294645,106.82938175334324
0,h11_h61,1764294646,111.1208707325856
0,h11_h61,1764294647,33.03598425174262
0,h11_h61,1764294648,18.728891927088323
0,h11_h61,1764294649,18.10872949416113
0,h11_h61,1764294650,18.464486253180112
0,h11_h61,1764294651,18.135973879370702
0,h11_h61,1764294652,18.00909939650785
0,h11_h61,1764294653,116.7606847044424
0,h11_h61,1764294654,195.4086621123462
0,h11_h61,1764294655,243.2221535826531
0,h11_h61,1764294656,236.05702461826235
0,h11_h61,1764294657,217.10210442253637
0,h11_h61,1764294658,208.7102920322232
0,h11_h61,1764294659,177.89889589893613
0,h11_h61,1764294660,214.7913392382018
0,h11_h61,1764294661,231.22948024680153
0,h11_h61,1764294662,43.443955953553285
0,h11_h61,1764294663,18.82323413474673
0,h11_h61,1764294664,18.177024461862626
0,h11_h61,1764294665,30.300085682474897
0,h11_h61,1764294666,76.14153107027317
0,h11_h61,1764294667,124.52197540564109
0,h11_h61,1764294668,127.10939042880054
0,h11_h61,1764294669,30.336223414009908
0,h11_h61,1764294670,18.1
0,h11_h61,1764294671,50.555796639564704
0,h11_h61,1764294672,22.242701708181094
0,h11_h61,1764294673,18.1
0,h11_h61,1764294674,18.545579940393207
0,h11_h61,1764294675,54.291971022069326
0,h11_h61,1764294676,23.021514861201982
0,h11_h61,1764294677,50.67054006564562
0,h11_h61,1764294678,22.60841170702872
0,h11_h61,1764294679,18.1
0,h11_h61,1764294680,18.1
0,h11_h61,1764294681,18.1
0,h11_h61,1764294682,18.1
0,h11_h61,1764294683,18.1
0,h11_h61,1764294684,18.1
0,h11_h61,1764294685,31.441363996801876
0,h11_h61,1764294686,20.005732240151794
0,h11_h61,1764294687,24.461300887347267
0,h11_h61,1764294688,19.00813710423214
0,h11_h61,1764294689,18.1
0,h11_h61,1764294690,18.1
0,h11_h61,1764294691,18.1
0,h11_h61,1764294692,18.1
0,h11_h61,1764294693,18.01282739403033
0,h11_h61,1764294694,18.087058354807883
0,h11_h61,1764294695,51.79607155036244
0,h11_h61,1764294696,23.623518066778097
0,h11_h61,1764294697,18.1
0,h11_h61,1764294698,81.66979495814638
0,h11_h61,1764294699,134.4964463120863
0,h11_h61,1764294700,169.11706119454794
0,h11_h61,1764294701,87.236943000049
0,h11_h61,1764294702,24.76492594457107
0,h11_h61,1764294703,18.458381141702173
0,h11_h61,1764294704,18.069931341536083
0,h11_h61,1764294705,18.0
0,h11_h61,1764294706,116.06104056000127
0,h11_h61,1764294707,136.65267431500243
0,h11_h61,1764294708,125.4995268460109
0,h11_h61,1764294709,104.8849694712419
0,h11_h61,1764294710,30.99843656767753
0,h11_h61,1764294711,18.214477263454587
0,h11_h61,1764294712,18.11458585630533
0,h11_h61,1764294713,18.1
0,h11_h61,1764294714,18.27053124821425
0,h11_h61,1764294715,75.03852623100603
0,h11_h61,1764294716,126.98640641206508
0,h11_h61,1764294717,121.3251777571101
0,h11_h61,1764294718,110.45677939177226
0,h11_h61,1764294719,33.43465253362022
0,h11_h61,1764294720,18.060711095084905
0,h11_h61,1764294721,18.0
0,h11_h61,1764294722,18.0
0,h11_h61,1764294723,18.0
0,h11_h61,1764294724,18.084398875198957
0,h11_h61,1764294725,18.1842768517652
0,h11_h61,1764294726,18.28414326915133
0,h11_h61,1764294727,18.131943277491043
0,h11_h61,1764294728,81.41427927185993
0,h11_h61,1764294729,135.2654057442107
0,h11_h61,1764294730,148.29254088228737
0,h11_h61,1764294731,64.64017418176711
0,h11_h61,1764294732,22.131156433833443
0,h11_h61,1764294733,18.0
0,h11_h61,1764294734,19.498602670546948
0,h11_h61,1764294735,18.38561535776914
0,h11_h61,1764294736,18.01689086101586
0,h11_h61,1764294737,18.083001657841596
0,h11_h61,1764294738,18.1
0,h11_h61,1764294739,18.348273192323543
0,h11_h61,1764294740,18.4
0,h11_h61,1764294741,18.15247387820116
0,h11_h61,1764294742,84.72088485227124
0,h11_h61,1764294743,128.1167703662167
0,h11_h61,1764294744,124.09505157762275
0,h11_h61,1764294745,174.35367212924848
0,h11_h61,1764294746,276.00006887654354
0,h11_h61,1764294747,164.40912655597702
0,h11_h61,1764294748,82.4875295749465
0,h11_h61,1764294749,147.81503903029838
0,h11_h61,1764294750,196.30173714151988
0,h11_h61,1764294751,224.81886201464184
0,h11_h61,1764294752,243.15488394573885
0,h11_h61,1764294753,247.40856410599932
0,h11_h61,1764294754,247.59091752646333
0,h11_h61,1764294755,248.58443627595543
0,h11_h61,1764294756,249.57400666743737
0,h11_h61,1764294757,250.56940584803016
0,h11_h61,1764294758,277.0461100798224
0,h11_h61,1764294759,216.2160125903962
0,h11_h61,1764294760,57.05485364154245
0,h11_h61,1764294761,80.17088563959857
0,h11_h61,1764294762,136.88554444824496
0,h11_h61,1764294763,168.25301244152223
0,h11_h61,1764294764,140.78203110453336
0,h11_h61,1764294765,180.4445118374602
0,h11_h61,1764294766,139.11209097108303
0,h11_h61,1764294767,85.6045976664142
0,h11_h61,1764294768,106.2599391589868
0,h11_h61,1764294769,65.34851329346924
0,h11_h61,1764294770,80.79925929787422
0,h11_h61,1764294771,117.94349552502932
0,h11_h61,1764294772,141.82562112348853
0,h11_h61,1764294773,115.67390845955909
0,h11_h61,1764294774,169.9839664322278
0,h11_h61,1764294775,251.60226970802455
0,h11_h61,1764294776,284.4970914264821
0,h11_h61,1764294777,273.8429068298209
0,h11_h61,1764294778,250.8001489762097
0,h11_h61,1764294779,228.36937361857753
0,h11_h61,1764294780,205.7370203655658
0,h11_h61,1764294781,182.83136193590536
0,h11_h61,1764294782,205.1067099516653
0,h11_h61,1764294783,169.2938873728447
0,h11_h61,1764294784,117.42016769459644
0,h11_h61,1764294785,42.1920698416712
0,h11_h61,1764294786,18.0
0,h11_h61,1764294787,18.076160360307902
0,h11_h61,1764294788,18.252326440054023
0,h11_h61,1764294789,18.3
0,h11_h61,1764294790,68.41579192276664
0,h11_h61,1764294791,123.67997222788335
0,h11_h61,1764294792,128.9847095902396
0,h11_h61,1764294793,116.69672742091512
0,h11_h61,1764294794,115.9901750855322
0,h11_h61,1764294795,76.96466780158384
0,h11_h61,1764294796,28.69828564377176
0,h11_h61,1764294797,18.147814305544532
0,h11_h61,1764294798,18.1
0,h11_h61,1764294799,95.23842794787876
0,h11_h61,1764294800,132.93557556234947
0,h11_h61,1764294801,139.1112326299537
0,h11_h61,1764294802,204.55709230447508
0,h11_h61,1764294803,249.4128652896891
0,h11_h61,1764294804,252.72577644159188
0,h11_h61,1764294805,248.0069983935412
0,h11_h61,1764294806,242.13786908948583
0,h11_h61,1764294807,242.39682639916933
0,h11_h61,1764294808,243.13362189869363
0,h11_h61,1764294809,227.45984880354055
0,h11_h61,1764294810,76.90948565078324
0,h11_h61,1764294811,62.32783110832159
0,h11_h61,1764294812,138.0500305729829
0,h11_h61,1764294813,221.91178408959183
0,h11_h61,1764294814,237.7214448453509
0,h11_h61,1764294815,224.26314979497417
0,h11_h61,1764294816,127.37377116572534
0,h11_h61,1764294817,70.19617495876247
0,h11_h61,1764294818,104.73447252945112
0,h11_h61,1764294819,135.38447272327574
0,h11_h61,1764294820,140.473737186246
0,h11_h61,1764294821,139.0
0,h11_h61,1764294822,131.32853480899126
0,h11_h61,1764294823,77.67988021138865
0,h11_h61,1764294824,86.02020986580514
0,h11_h61,1764294825,115.69089232146273
0,h11_h61,1764294826,199.67848947191328
0,h11_h61,1764294827,217.9442416167524
0,h11_h61,1764294828,77.76791158932397
0,h11_h61,1764294829,20.866679560307603
0,h11_h61,1764294830,18.174519271182465
0,h11_h61,1764294831,18.34875568142321
0,h11_h61,1764294832,18.17722435413334
0,h11_h61,1764294833,18.1
0,h11_h61,1764294834,18.1
0,h11_h61,1764294835,18.1
0,h11_h61,1764294836,18.46880636835853
0,h11_h61,1764294837,18.231842618203643
0,h11_h61,1764294838,70.78943420954886
0,h11_h61,1764294839,122.80335962458582
0,h11_h61,1764294840,126.50447921716167
0,h11_h61,1764294841,123.38666046661606
0,h11_h61,1764294842,129.0965331164676
0,h11_h61,1764294843,132.84340110584327
0,h11_h61,1764294844,134.6118135930129
0,h11_h61,1764294845,102.53138605706911
0,h11_h61,1764294846,37.50267398773197
0,h11_h61,1764294847,18.072502126670496
0,h11_h61,1764294848,22.20277518220451
0,h11_h61,1764294849,36.47085387485087
0,h11_h61,1764294850,56.73421174231432
0,h11_h61,1764294851,78.90193957710254
0,h11_h61,1764294852,99.01096814220352
0,h11_h61,1764294853,117.70375917244108
0,h11_h61,1764294854,129.22433504587536
0,h11_h61,1764294855,132.0
0,h11_h61,1764294856,132.59714224426384
0,h11_h61,1764294857,161.87919327201251
0,h11_h61,1764294858,195.6896923295713
0,h11_h61,1764294859,230.28223227755376
0,h11_h61,1764294860,109.27075124386494
0,h11_h61,1764294861,52.77103758569586
0,h11_h61,1764294862,85.02136799917434
0,h11_h61,1764294863,112.1380189384368
0,h11_h61,1764294864,132.79294850819943
0,h11_h61,1764294865,98.5162787070374
0,h11_h61,1764294866,71.14843692940107
0,h11_h61,1764294867,82.75404433842994
0,h11_h61,1764294868,124.29839036425945
0,h11_h61,1764294869,164.4462915796197
0,h11_h61,1764294870,199.49968883564216
0,h11_h61,1764294871,212.5404744292086
0,h11_h61,1764294872,172.88526896115917
0,h11_h61,1764294873,75.99406220791151
0,h11_h61,1764294874,34.05605048737148
0,h11_h61,1764294875,55.107039694719816
0,h11_h61,1764294876,45.412823414314474
0,h11_h61,1764294877,32.528710259749936
0,h11_h61,1764294878,30.293368751938225
0,h11_h61,1764294879,28.594737345229536
0,h11_h61,1764294880,89.46403490000674
0,h11_h61,1764294881,135.72600191193123
0,h11_h61,1764294882,141.0
0,h11_h61,1764294883,139.33691975858957
0,h11_h61,1764294884,136.88917690579493
0,h11_h61,1764294885,61.7272954832236
0,h11_h61,1764294886,41.36452095653452
0,h11_h61,1764294887,30.26843418334296
0,h11_h61,1764294888,18.0
0,h11_h61,1764294889,18.066985326854308
0,h11_h61,1764294890,18.03309572010384
0,h11_h61,1764294891,19.532850204008795
0,h11_h61,1764294892,18.768275442877027
0,h11_h61,1764294893,41.32935965145279
0,h11_h61,1764294894,30.618326163959797
0,h11_h61,1764294895,18.0
0,h11_h61,1764294896,18.06627189019764
0,h11_h61,1764294897,18.033798566623595
0,h11_h61,1764294898,18.0
0,h11_h61,1764294899,18.0
0,h11_h61,1764294900,18.0
0,h11_h61,1764294901,18.065794783753464
0,h11_h61,1764294902,18.034314002182068
0,h11_h61,1764294903,18.06557322354687
0,h11_h61,1764294904,18.034534959880155
0,h11_h61,1764294905,39.20051279875307
0,h11_h61,1764294906,30.0294121269068
0,h11_h61,1764294907,18.0
0,h11_h61,1764294908,18.065065133081266
0,h11_h61,1764294909,18.034999505489072
0,h11_h61,1764294910,18.0
0,h11_h61,1764294911,18.0
0,h11_h61,1764294912,24.78710106050772
0,h11_h61,1764294913,45.37065572219112
0,h11_h61,1764294914,31.914497716866745
0,h11_h61,1764294915,40.66268701783477
0,h11_h61,1764294916,31.54893698411593
0,h11_h61,1764294917,38.6037634663909
0,h11_h61,1764294918,30.424712389887276
0,h11_h61,1764294919,18.1
0,h11_h61,1764294920,40.45098537203131
0,h11_h61,1764294921,31.967823111677944
0,h11_h61,1764294922,18.145800562597216
0,h11_h61,1764294923,45.08925379389251
0,h11_h61,1764294924,35.194338826001626
0,h11_h61,1764294925,18.22629813719316
0,h11_h61,1764294926,41.42924114541198
0,h11_h61,1764294927,33.12990900454841
0,h11_h61,1764294928,18.186277848966547
0,h11_h61,1764294929,18.0
0,h11_h61,1764294930,40.15990799453284
0,h11_h61,1764294931,33.11390576658259
0,h11_h61,1764294932,18.552593074122463
0,h11_h61,1764294933,18.286581326638704
0,h11_h61,1764294934,18.52413337705352
0,h11_h61,1764294935,18.6
0,h11_h61,1764294936,18.6
0,h11_h61,1764294937,90.28890449506189
0,h11_h61,1764294938,132.42336802865913
0,h11_h61,1764294939,59.3039218478915
0,h11_h61,1764294940,60.606948346670485
0,h11_h61,1764294941,156.0116371781777
0,h11_h61,1764294942,235.87375843726096
0,h11_h61,1764294943,244.8459030730189
0,h11_h61,1764294944,230.21886832423033
0,h11_h61,1764294945,220.55692008660503
0,h11_h61,1764294946,219.03586637163212
0,h11_h61,1764294947,225.9959868736835
0,h11_h61,1764294948,228.03351512137215
0,h11_h61,1764294949,199.53905001429095
0,h11_h61,1764294950,151.08614180562031
0,h11_h61,1764294951,131.48983887588
0,h11_h61,1764294952,69.55909763875945
0,h11_h61,1764294953,84.54306881258117
0,h11_h61,1764294954,137.19251317461453
0,h11_h61,1764294955,123.61572193751066
0,h11_h61,1764294956,113.4961152692039
0,h11_h61,1764294957,112.50055962165057
0,h11_h61,1764294958,108.47031624470674
0,h11_h61,1764294959,78.40187453648889
0,h11_h61,1764294960,34.22990613903015
0,h11_h61,1764294961,18.141065534496175
0,h11_h61,1764294962,60.76784726270684
0,h11_h61,1764294963,117.61777349932572
0,h11_h61,1764294964,76.07877920033201
0,h11_h61,1764294965,36.67638248337029
0,h11_h61,1764294966,32.192492549273396
0,h11_h61,1764294967,73.1527659529473
0,h11_h61,1764294968,128.59456462651835
0,h11_h61,1764294969,131.79937869097444
0,h11_h61,1764294970,124.16006303742098
0,h11_h61,1764294971,163.4543622622141
0,h11_h61,1764294972,216.72732402245876
0,h11_h61,1764294973,207.20230485997095
0,h11_h61,1764294974,192.8127749302897
0,h11_h61,1764294975,178.8193720108674
0,h11_h61,1764294976,161.87217236372595
0,h11_h61,1764294977,156.18286433812483
0,h11_h61,1764294978,169.68135725758134
0,h11_h61,1764294979,173.22038768652428
0,h11_h61,1764294980,155.99098050144022
0,h11_h61,1764294981,141.78939586327527
0,h11_h61,1764294982,138.5566206603613
0,h11_h61,1764294983,168.8496171967346
0,h11_h61,1764294984,214.45463491112812
0,h11_h61,1764294985,218.4231821486981
0,h11_h61,1764294986,221.0
0,h11_h61,1764294987,226.5045552901503
0,h11_h61,1764294988,232.2891747318632
0,h11_h61,1764294989,140.98393689362211
0,h11_h61,1764294990,99.6264325667459
0,h11_h61,1764294991,181.0743755092627
0,h11_h61,1764294992,188.63190176645185
0,h11_h61,1764294993,195.94303911100192
0,h11_h61,1764294994,202.79932642968393
0,h11_h61,1764294995,207.0634951347517
0,h11_h61,1764294996,204.0080069101592
0,h11_h61,1764294997,191.3182386218896
0,h11_h61,1764294998,218.8919828336589
0,h11_h61,1764294999,286.62169371002915
0,h11_h61,1764295000,289.66837753406384
0,h11_h61,1764295001,285.4620143473337
0,h11_h61,1764295002,198.57960679201932
0,h11_h61,1764295003,92.86191780733762
0,h11_h61,1764295004,115.62960296195229
0,h11_h61,1764295005,56.54945484831967
0,h11_h61,1764295006,40.09148877971557
0,h11_h61,1764295007,26.840380871943275
0,h11_h61,1764295008,45.48249657097312
0,h11_h61,1764295009,95.11137505492954
0,h11_h61,1764295010,129.5736216049973
0,h11_h61,1764295011,168.30640156100972
0,h11_h61,1764295012,224.89329517084056
0,h11_h61,1764295013,212.7302558366421
0,h11_h61,1764295014,95.2833878589002
0,h11_h61,1764295015,67.94050956669912
0,h11_h61,1764295016,125.40748287388824
0,h11_h61,1764295017,114.24159562624
0,h11_h61,1764295018,60.381707224683616
0,h11_h61,1764295019,18.04897159673064
0,h11_h61,1764295020,18.10186700245745
0,h11_h61,1764295021,18.098324198508752
0,h11_h61,1764295022,37.46596940635839
0,h11_h61,1764295023,38.53466736525803
0,h11_h61,1764295024,43.34202502330483
0,h11_h61,1764295025,92.39527752055596
0,h11_h61,1764295026,128.825186407762
0,h11_h61,1764295027,88.26927595887254
0,h11_h61,1764295028,18.350105252026083
0,h11_h61,1764295029,18.39956473959741
0,h11_h61,1764295030,18.549665067121136
0,h11_h61,1764295031,33.21280579152639
0,h11_h61,1764295032,34.22035838627873
0,h11_h61,1764295033,18.247947516414513
0,h11_h61,1764295034,18.4
0,h11_h61,1764295035,18.252871400032586
0,h11_h61,1764295036,18.14892918691073
0,h11_h61,1764295037,18.346373106700806
0,h11_h61,1764295038,18.305379286595937
0,h11_h61,1764295039,18.051409248138764
0,h11_h61,1764295040,18.19406360558632
0,h11_h61,1764295041,18.4
0,h11_h61,1764295042,18.4
0,h11_h61,1764295043,58.82807101285688
0,h11_h61,1764295044,119.85884013847512
0,h11_h61,1764295045,127.09686745082304
0,h11_h61,1764295046,127.67915597774766
0,h11_h61,1764295047,168.34362378107542
0,h11_h61,1764295048,173.45748563041613
0,h11_h61,1764295049,127.34693209215489
0,h11_h61,1764295050,135.70513061222357
0,h11_h61,1764295051,138.0472009047408
0,h11_h61,1764295052,97.93129054937728
0,h11_h61,1764295053,37.59211783106571
0,h11_h61,1764295054,49.169174730313394
0,h11_h61,1764295055,60.91895229058031
0,h11_h61,1764295056,47.73798901184587
0,h11_h61,1764295057,18.593212021023632
0,h11_h61,1764295058,18.046017536623147
0,h11_h61,1764295059,48.9767596892577
0,h11_h61,1764295060,130.89402915566976
0,h11_h61,1764295061,216.29771546054377
0,h11_h61,1764295062,232.7458885801101
0,h11_h61,1764295063,214.1412407591414
0,h11_h61,1764295064,161.36887598634902
0,h11_h61,1764295065,110.51393279394476
0,h11_h61,1764295066,280.1130729597805
0,h11_h61,1764295067,307.13559485546875
0,h11_h61,1764295068,337.61392761844013
0,h11_h61,1764295069,362.3112804251
0,h11_h61,1764295070,365.10015730504034
0,h11_h61,1764295071,365.90090933312155
0,h11_h61,1764295072,365.0993007402345
0,h11_h61,1764295073,366.0
0,h11_h61,1764295074,365.90253373778086
0,h11_h61,1764295075,365.0967741551381
0,h11_h61,1764295076,366.0
0,h11_h61,1764295077,331.1858207137162
0,h11_h61,1764295078,100.26616513596996
0,h11_h61,1764295079,118.2197519616267
0,h11_h61,1764295080,131.8861547359469
0,h11_h61,1764295081,117.69661602327442
0,h11_h61,1764295082,145.79863086173413
0,h11_h61,1764295083,206.61630579406577
0,h11_h61,1764295084,228.6171014808116
0,h11_h61,1764295085,203.49431248195043
0,h11_h61,1764295086,206.69688064623384
0,h11_h61,1764295087,216.8623277505407
0,h11_h61,1764295088,231.49210961952215
0,h11_h61,1764295089,212.7561098770984
0,h11_h61,1764295090,126.3235089319738
0,h11_h61,1764295091,27.76550168201101
0,h11_h61,1764295092,18.5
0,h11_h61,1764295093,30.54842814738211
0,h11_h61,1764295094,65.12149923062015
0,h11_h61,1764295095,110.59620070645602
0,h11_h61,1764295096,136.32655587827983
0,h11_h61,1764295097,116.0
0,h11_h61,1764295098,124.305141300063
0,h11_h61,1764295099,139.51315206106554
0,h11_h61,1764295100,130.7022114770881
0,h11_h61,1764295101,161.87415752106767
0,h11_h61,1764295102,222.81908440113227
0,h11_h61,1764295103,88.68343084596823
0,h11_h61,1764295104,39.575577157600485
0,h11_h61,1764295105,50.77784622193744
0,h11_h61,1764295106,41.960929495092415
0,h11_h61,1764295107,18.220343095650584
0,h11_h61,1764295108,18.32005015479316
0,h11_h61,1764295109,18.16014948835745
0,h11_h61,1764295110,18.139731813420475
0,h11_h61,1764295111,18.318780797895347
0,h11_h61,1764295112,18.539432662096544
0,h11_h61,1764295113,18.482161010169506
0,h11_h61,1764295114,41.74893560758386
0,h11_h61,1764295115,68.38145353795066
0,h11_h61,1764295116,32.998055068067735
0,h11_h61,1764295117,31.35265045881753
0,h11_h61,1764295118,40.50734202969405
0,h11_h61,1764295119,18.038739378777727
0,h11_h61,1764295120,18.1
0,h11_h61,1764295121,30.88099384871944
0,h11_h61,1764295122,39.97161010430904
0,h11_h61,1764295123,18.1
0,h11_h61,1764295124,18.1
0,h11_h61,1764295125,18.1
0,h11_h61,1764295126,18.1
0,h11_h61,1764295127,18.1
0,h11_h61,1764295128,18.1
0,h11_h61,1764295129,31.256721500472093
0,h11_h61,1764295130,41.55885097655777
0,h11_h61,1764295131,32.00949706318959
0,h11_h61,1764295132,43.26937624998422
0,h11_h61,1764295133,18.1
0,h11_h61,1764295134,18.1
0,h11_h61,1764295135,18.063065024379707
0,h11_h61,1764295136,18.0
0,h11_h61,1764295137,18.0
0,h11_h61,1764295138,18.0
0,h11_h61,1764295139,18.03653857886554
0,h11_h61,1764295140,18.1
0,h11_h61,1764295141,18.063618401030865
0,h11_h61,1764295142,18.03631368096065
0,h11_h61,1764295143,18.1
0,h11_h61,1764295144,30.47685069109796
0,h11_h61,1764295145,41.66263133592902
0,h11_h61,1764295146,18.1
0,h11_h61,1764295147,18.1
0,h11_h61,1764295148,18.1
0,h11_h61,1764295149,18.1
0,h11_h61,1764295150,29.645382952030623
0,h11_h61,1764295151,40.94394341432303
0,h11_h61,1764295152,18.61966498096439
0,h11_h61,1764295153,31.60306132331537
0,h11_h61,1764295154,45.39733250803488
0,h11_h61,1764295155,18.1
0,h11_h61,1764295156,18.1
0,h11_h61,1764295157,18.1
0,h11_h61,1764295158,18.1
0,h11_h61,1764295159,18.1
0,h11_h61,1764295160,18.1
0,h11_h61,1764295161,18.1
0,h11_h61,1764295162,30.88067661848903
0,h11_h61,1764295163,45.01630668612468
0,h11_h61,1764295164,18.1
0,h11_h61,1764295165,18.1
0,h11_h61,1764295166,18.1
0,h11_h61,1764295167,18.1
0,h11_h61,1764295168,18.1
0,h11_h61,1764295169,18.1
0,h11_h61,1764295170,29.63721272525572
0,h11_h61,1764295171,53.993974534415784
0,h11_h61,1764295172,46.73370976803858
0,h11_h61,1764295173,26.882304641827066
0,h11_h61,1764295174,18.1
0,h11_h61,1764295175,18.1
0,h11_h61,1764295176,18.1
0,h11_h61,1764295177,18.1
0,h11_h61,1764295178,18.1
0,h11_h61,1764295179,18.61463045795576
0,h11_h61,1764295180,19.187871340116537
0,h11_h61,1764295181,18.1
0,h11_h61,1764295182,18.1
0,h11_h61,1764295183,27.641641450143354
0,h11_h61,1764295184,39.97566285479336
0,h11_h61,1764295185,18.1
0,h11_h61,1764295186,18.1
0,h11_h61,1764295187,18.1
0,h11_h61,1764295188,18.1
0,h11_h61,1764295189,18.1
0,h11_h61,1764295190,18.1
0,h11_h61,1764295191,20.364175187907
0,h11_h61,1764295192,23.266438119458343
0,h11_h61,1764295193,18.1
0,h11_h61,1764295194,18.1
0,h11_h61,1764295195,18.1
0,h11_h61,1764295196,18.06976703903094
0,h11_h61,1764295197,18.03015315405426
0,h11_h61,1764295198,18.1
0,h11_h61,1764295199,18.1
0,h11_h61,1764295200,28.570511492172916
0,h11_h61,1764295201,44.66009294739643
0,h11_h61,1764295202,18.1
0,h11_h61,1764295203,29.665612093681553
0,h11_h61,1764295204,48.238692179423666
0,h11_h61,1764295205,18.1
0,h11_h61,1764295206,18.1
0,h11_h61,1764295207,18.1
0,h11_h61,1764295208,28.24417617772201
0,h11_h61,1764295209,45.008659440214274
0,h11_h61,1764295210,18.1
0,h11_h61,1764295211,18.1
0,h11_h61,1764295212,18.071567084249992
0,h11_h61,1764295213,18.028326469003822
0,h11_h61,1764295214,28.481761324704024
0,h11_h61,1764295215,46.65622497346801
0,h11_h61,1764295216,18.26774413593683
0,h11_h61,1764295217,18.561008306075415
0,h11_h61,1764295218,18.172326022687816
0,h11_h61,1764295219,18.1
0,h11_h61,1764295220,18.1
0,h11_h61,1764295221,18.07266038168599
0,h11_h61,1764295222,18.027233107581925
0,h11_h61,1764295223,18.1
0,h11_h61,1764295224,18.1
0,h11_h61,1764295225,18.07305401486557
0,h11_h61,1764295226,18.0
0,h11_h61,1764295227,18.02673226702
0,h11_h61,1764295228,27.823151571885845
0,h11_h61,1764295229,47.009853686337316
0,h11_h61,1764295230,18.026451818328823
0,h11_h61,1764295231,27.375422950934176
0,h11_h61,1764295232,54.39655658359527
0,h11_h61,1764295233,45.34251470626344
0,h11_h61,1764295234,18.02598393391609
0,h11_h61,1764295235,21.898943617849568
0,h11_h61,1764295236,39.98185083101137
0,h11_h61,1764295237,52.68672221250618
0,h11_h61,1764295238,18.0
0,h11_h61,1764295239,18.15288640055145
0,h11_h61,1764295240,18.473348696712744
0,h11_h61,1764295241,18.1
0,h11_h61,1764295242,18.074882531438277
0,h11_h61,1764295243,27.347564483652455
0,h11_h61,1764295244,48.31722135403838
0,h11_h61,1764295245,18.075229270616255
0,h11_h61,1764295246,18.024664623378133
0,h11_h61,1764295247,18.173650374311716
0,h11_h61,1764295248,18.424408741017768
0,h11_h61,1764295249,18.402932641620826
0,h11_h61,1764295250,18.148297143004083
0,h11_h61,1764295251,18.348021395619455
0,h11_h61,1764295252,18.38063125448503
0,h11_h61,1764295253,18.0
0,h11_h61,1764295254,38.023639686119004
0,h11_h61,1764295255,113.66789043678156
0,h11_h61,1764295256,135.29420148229323
0,h11_h61,1764295257,126.15963348956798
0,h11_h61,1764295258,108.76421674011569
0,h11_h61,1764295259,174.52160179451775
0,h11_h61,1764295260,287.8336529487424
0,h11_h61,1764295261,204.16016019219305
0,h11_h61,1764295262,86.03710581347802
0,h11_h61,1764295263,170.12005985829936
0,h11_h61,1764295264,153.54592018514853
0,h11_h61,1764295265,97.87254193827984
0,h11_h61,1764295266,91.58686746242562
0,h11_h61,1764295267,45.77258747334842
0,h11_h61,1764295268,46.00650909369094
0,h11_h61,1764295269,46.24077749405501
0,h11_h61,1764295270,18.221586257095858
0,h11_h61,1764295271,18.23561442850355
0,h11_h61,1764295272,35.99212181381009
0,h11_h61,1764295273,113.27798315557015
0,h11_h61,1764295274,141.0121295016624
0,h11_h61,1764295275,174.0475071805578
0,h11_h61,1764295276,210.63991689105487
0,h11_h61,1764295277,249.0640991022869
0,h11_h61,1764295278,245.09875448995652
0,h11_h61,1764295279,242.051434668737
0,h11_h61,1764295280,239.04579664186144
0,h11_h61,1764295281,237.0301548255161
0,h11_h61,1764295282,236.01446804307824
0,h11_h61,1764295283,158.1690932579967
0,h11_h61,1764295284,111.3415789029594
0,h11_h61,1764295285,206.02168250512165
0,h11_h61,1764295286,207.83565566892096
0,h11_h61,1764295287,187.28823203080623
0,h11_h61,1764295288,124.93093040992107
0,h11_h61,1764295289,116.58961277869902
0,h11_h61,1764295290,139.6572957545314
0,h11_h61,1764295291,123.03339022248926
0,h11_h61,1764295292,134.07429807350456
0,h11_h61,1764295293,134.85722179430965
0,h11_h61,1764295294,133.14438690363457
0,h11_h61,1764295295,126.22490492153813
0,h11_h61,1764295296,41.50701616225331
0,h11_h61,1764295297,140.78450005628395
0,h11_h61,1764295298,121.8420015437149
0,h11_h61,1764295299,120.39406333118842
0,h11_h61,1764295300,125.3578369257793
0,h11_h61,1764295301,127.4012768435486
0,h11_h61,1764295302,92.43263835413808
0,h11_h61,1764295303,99.09731170215063
0,h11_h61,1764295304,152.5137439780752
0,h11_h61,1764295305,163.53306413347175
0,h11_h61,1764295306,112.16400733935436
0,h11_h61,1764295307,135.06062817415562
0,h11_h61,1764295308,86.82815797560441
0,h11_h61,1764295309,130.08774590144182
0,h11_h61,1764295310,166.33996345011482
0,h11_h61,1764295311,184.95400525825036
0,h11_h61,1764295312,203.56986012604028
0,h11_h61,1764295313,221.23871214446177
0,h11_h61,1764295314,239.8296266696471
0,h11_h61,1764295315,249.34517434937433
0,h11_h61,1764295316,250.0
0,h11_h61,1764295317,249.0753258166786
0,h11_h61,1764295318,311.86505442933026
0,h11_h61,1764295319,357.80475108015366
0,h11_h61,1764295320,366.0
0,h11_h61,1764295321,47.452875600531
0,h11_h61,1764295322,135.5578062796543
0,h11_h61,1764295323,66.52061158798283
0,h11_h61,1764295324,112.80732520018394
0,h11_h61,1764295325,180.6958545505179
0,h11_h61,1764295326,143.7978940010538
0,h11_h61,1764295327,133.02761312003074
0,h11_h61,1764295328,134.0996289669389
0,h11_h61,1764295329,138.0766509841866
0,h11_h61,1764295330,143.47932882682497
0,h11_h61,1764295331,257.66115867293234
0,h11_h61,1764295332,253.00387291288035
0,h11_h61,1764295333,251.8990838054809
0,h11_h61,1764295334,36.540997753377134
0,h11_h61,1764295335,54.30113056281017
0,h11_h61,1764295336,22.43289576074366
0,h11_h61,1764295337,46.08785610803571
0,h11_h61,1764295338,18.1
0,h11_h61,1764295339,21.712397306140296
0,h11_h61,1764295340,56.11895206973616
0,h11_h61,1764295341,144.67702084112267
0,h11_h61,1764295342,137.0
0,h11_h61,1764295343,137.00573843409
0,h11_h61,1764295344,143.9539881619948
0,h11_h61,1764295345,72.05688873725067
0,h11_h61,1764295346,18.1
0,h11_h61,1764295347,18.1
0,h11_h61,1764295348,18.133953488482828
0,h11_h61,1764295349,25.672312846714643
0,h11_h61,1764295350,90.01735657505371
0,h11_h61,1764295351,139.39819551391628
0,h11_h61,1764295352,129.0197201436216
0,h11_h61,1764295353,124.00335710191897
0,h11_h61,1764295354,125.99581585486033
0,h11_h61,1764295355,127.98793936387304
0,h11_h61,1764295356,144.59627475660517
0,h11_h61,1764295357,122.04995539761944
0,h11_h61,1764295358,200.93295202782903
0,h11_h61,1764295359,83.33708814866436
0,h11_h61,1764295360,181.07232306573843
0,h11_h61,1764295361,164.1969731026614
0,h11_h61,1764295362,117.12815041849284
0,h11_h61,1764295363,137.5001658060543
0,h11_h61,1764295364,121.16170855346532
0,h11_h61,1764295365,18.190766348427488
0,h11_h61,1764295366,18.1
0,h11_h61,1764295367,18.127030824204024
0,h11_h61,1764295368,18.3731927304112
0,h11_h61,1764295369,18.091173745685023
0,h11_h61,1764295370,18.906149321161383
0,h11_h61,1764295371,28.28004462566558
0,h11_h61,1764295372,25.065189816985303
0,h11_h61,1764295373,18.65062094871008
0,h11_h61,1764295374,18.1
0,h11_h61,1764295375,18.108015315616715
0,h11_h61,1764295376,25.298008006488462
0,h11_h61,1764295377,115.16438621981844
0,h11_h61,1764295378,133.35001940558516
0,h11_h61,1764295379,122.34713995392012
0,h11_h61,1764295380,120.0567142508954
0,h11_h61,1764295381,211.4247525863036
0,h11_h61,1764295382,181.3114704886215
0,h11_h61,1764295383,136.04702696878448
0,h11_h61,1764295384,59.78970427102952
0,h11_h61,1764295385,135.92326525179095
0,h11_h61,1764295386,138.10626849295463
0,h11_h61,1764295387,107.76889675073517
0,h11_h61,1764295388,86.4925051000108
0,h11_h61,1764295389,135.18731961458911
0,h11_h61,1764295390,138.0
0,h11_h61,1764295391,133.2699967288943
0,h11_h61,1764295392,130.1588115531591
0,h11_h61,1764295393,136.57454945327234
0,h11_h61,1764295394,131.33809460239044
0,h11_h61,1764295395,127.2178700851582
0,h11_h61,1764295396,114.55203739528024
0,h11_h61,1764295397,160.38992703746956
0,h11_h61,1764295398,143.7217942248388
0,h11_h61,1764295399,131.7061540476335
0,h11_h61,1764295400,125.35139455466796
0,h11_h61,1764295401,147.02571126993394
0,h11_h61,1764295402,100.75201350166952
0,h11_h61,1764295403,106.6354404678665
0,h11_h61,1764295404,134.77880827234785
0,h11_h61,1764295405,122.96144805684544
0,h11_h61,1764295406,127.5807442079362
0,h11_h61,1764295407,245.66874264537853
0,h11_h61,1764295408,216.82621065915436
0,h11_h61,1764295409,20.515751928030777
0,h11_h61,1764295410,66.50673130251133
0,h11_h61,1764295411,79.0575944682463
0,h11_h61,1764295412,19.55506280351696
0,h11_h61,1764295413,18.105951934521578
0,h11_h61,1764295414,18.30284050126521
0,h11_h61,1764295415,20.00827876603884
0,h11_h61,1764295416,79.63639966901414
0,h11_h61,1764295417,128.56429670506992
0,h11_h61,1764295418,130.26783582601414
0,h11_h61,1764295419,121.7398246767488
0,h11_h61,1764295420,123.74245050497667
0,h11_h61,1764295421,125.82003755905556
0,h11_h61,1764295422,20.378009975476775
0,h11_h61,1764295423,125.20187509987196
0,h11_h61,1764295424,135.10237197746864
0,h11_h61,1764295425,135.89504085081904
0,h11_h61,1764295426,135.10424000519396
0,h11_h61,1764295427,135.89361542740394
0,h11_h61,1764295428,128.80367943512087
0,h11_h61,1764295429,122.57756462022977
0,h11_h61,1764295430,122.0
0,h11_h61,1764295431,127.37960087421376
0,h11_h61,1764295432,135.1025724448918
0,h11_h61,1764295433,131.54989290861448
0,h11_h61,1764295434,18.1
0,h11_h61,1764295435,18.152025930145903
0,h11_h61,1764295436,56.21457030737967
0,h11_h61,1764295437,53.75039706278461
0,h11_h61,1764295438,18.1998012444555
0,h11_h61,1764295439,41.25800647239555
0,h11_h61,1764295440,18.238418439657533
0,h11_h61,1764295441,48.26357677948058
0,h11_h61,1764295442,18.341906850125817
0,h11_h61,1764295443,18.00085619517344
0,h11_h61,1764295444,18.0
0,h11_h61,1764295445,18.09898550714277
0,h11_h61,1764295446,18.00112030427959
0,h11_h61,1764295447,18.09877340181058
0,h11_h61,1764295448,55.13665079167141
0,h11_h61,1764295449,18.674132075317353
0,h11_h61,1764295450,18.1
0,h11_h61,1764295451,18.1
0,h11_h61,1764295452,18.001734774489318
0,h11_h61,1764295453,18.0
0,h11_h61,1764295454,18.098081136747084
0,h11_h61,1764295455,18.1
0,h11_h61,1764295456,18.1
0,h11_h61,1764295457,18.1
0,h11_h61,1764295458,18.00231894765071
0,h11_h61,1764295459,18.0
0,h11_h61,1764295460,18.0
0,h11_h61,1764295461,18.0
0,h11_h61,1764295462,18.0
0,h11_h61,1764295463,18.097167264762906
0,h11_h61,1764295464,18.00293850549678
0,h11_h61,1764295465,38.97125557250698
0,h11_h61,1764295466,18.80478645432064
0,h11_h61,1764295467,18.1
0,h11_h61,1764295468,18.1
0,h11_h61,1764295469,18.1
0,h11_h61,1764295470,18.003584657155788
0,h11_h61,1764295471,52.634204437794686
0,h11_h61,1764295472,19.57868406683627
0,h11_h61,1764295473,18.1
0,h11_h61,1764295474,18.1
0,h11_h61,1764295475,18.1
0,h11_h61,1764295476,18.1
0,h11_h61,1764295477,18.1
0,h11_h61,1764295478,18.004489752749162
0,h11_h61,1764295479,18.095398680887396
0,h11_h61,1764295480,18.1
0,h11_h61,1764295481,18.48055738992775
0,h11_h61,1764295482,18.21496799740931
0,h11_h61,1764295483,18.10501830380745
0,h11_h61,1764295484,84.70518835595584
0,h11_h61,1764295485,135.41846225927347
0,h11_h61,1764295486,123.82636397662658
0,h11_h61,1764295487,111.48390319189896
0,h11_h61,1764295488,23.86745621630827
0,h11_h61,1764295489,18.1
0,h11_h61,1764295490,18.194067783493065
0,h11_h61,1764295491,18.481757729587976
0,h11_h61,1764295492,18.0309308466044
0,h11_h61,1764295493,18.09370882078348
0,h11_h61,1764295494,18.006394213913893
0,h11_h61,1764295495,18.0
0,h11_h61,1764295496,74.61211037038944
0,h11_h61,1764295497,125.82804465027048
0,h11_h61,1764295498,125.94051369753394
0,h11_h61,1764295499,113.14280237060116
0,h11_h61,1764295500,50.995127597940034
0,h11_h61,1764295501,19.999153355523195
0,h11_h61,1764295502,18.0072196119004
0,h11_h61,1764295503,122.43015962307182
0,h11_h61,1764295504,132.0117095689917
0,h11_h61,1764295505,121.60578626623808
0,h11_h61,1764295506,124.08646990962956
0,h11_h61,1764295507,151.81912385893685
0,h11_h61,1764295508,125.64777678483463
0,h11_h61,1764295509,189.0698258813119
0,h11_h61,1764295510,168.44301784745227
0,h11_h61,1764295511,106.47339915611433
0,h11_h61,1764295512,80.9634504779472
0,h11_h61,1764295513,56.73536638240404
0,h11_h61,1764295514,121.99838884919714
0,h11_h61,1764295515,132.4125740816867
0,h11_h61,1764295516,131.79710316534718
0,h11_h61,1764295517,135.1674315519876
0,h11_h61,1764295518,216.1855165557359
0,h11_h61,1764295519,231.6488773548005
0,h11_h61,1764295520,206.74913996706383
0,h11_h61,1764295521,186.7136799970889
0,h11_h61,1764295522,168.38393261103812
0,h11_h61,1764295523,160.18127609838467
0,h11_h61,1764295524,150.4919517027401
0,h11_h61,1764295525,141.75595958317086
0,h11_h61,1764295526,156.82190159955582
0,h11_h61,1764295527,199.49946440422073
0,h11_h61,1764295528,235.911334348239
0,h11_h61,1764295529,255.9626301660733
0,h11_h61,1764295530,270.74167708419264
0,h11_h61,1764295531,284.89356243189707
0,h11_h61,1764295532,309.51955804278066
0,h11_h61,1764295533,345.52720988380645
0,h11_h61,1764295534,355.6691582440335
0,h11_h61,1764295535,350.0
0,h11_h61,1764295536,343.0773415634066
0,h11_h61,1764295537,340.3187881436028
0,h11_h61,1764295538,301.74741125858696
0,h11_h61,1764295539,232.10841693777883
0,h11_h61,1764295540,264.99391600230376
0,h11_h61,1764295541,309.9438710430731
0,h11_h61,1764295542,334.89721317610525
0,h11_h61,1764295543,349.90629433671387
0,h11_h61,1764295544,360.122649286741
0,h11_h61,1764295545,365.4574149188455
0,h11_h61,1764295546,365.5427587168394
0,h11_h61,1764295547,366.0
0,h11_h61,1764295548,365.4575137488756
0,h11_h61,1764295549,365.0
0,h11_h61,1764295550,365.0
0,h11_h61,1764295551,168.37284699129754
0,h11_h61,1764295552,85.82539242231499
0,h11_h61,1764295553,160.47592458959576
0,h11_h61,1764295554,234.00142128793297
0,h11_h61,1764295555,269.70799568085107
0,h11_h61,1764295556,280.7465809117237
0,h11_h61,1764295557,286.09560350296755
0,h11_h61,1764295558,290.45788610428394
0,h11_h61,1764295559,295.65368142591734
0,h11_h61,1764295560,296.17558107843183
0,h11_h61,1764295561,293.16791378746234
0,h11_h61,1764295562,290.16020576769165
0,h11_h61,1764295563,287.77042884930717
0,h11_h61,1764295564,147.34484347773926
0,h11_h61,1764295565,135.31953416777313
0,h11_h61,1764295566,176.95417632358382
0,h11_h61,1764295567,213.6933463424961
0,h11_h61,1764295568,240.82036561213485
0,h11_h61,1764295569,248.3485052818178
0,h11_h61,1764295570,249.94790079464065
0,h11_h61,1764295571,250.35187219102195
0,h11_h61,1764295572,250.0
0,h11_h61,1764295573,250.0
0,h11_h61,1764295574,250.0
0,h11_h61,1764295575,250.0
0,h11_h61,1764295576,250.0
0,h11_h61,1764295577,54.16913619387981
0,h11_h61,1764295578,80.23910063045489
0,h11_h61,1764295579,132.26236119537373
0,h11_h61,1764295580,130.9825680990853
0,h11_h61,1764295581,178.02871409152374
0,h11_h61,1764295582,202.16769645785013
0,h11_h61,1764295583,191.30168827385287
0,h11_h61,1764295584,192.3378521293531
0,h11_h61,1764295585,197.09854121155809
0,h11_h61,1764295586,200.78524050788712
0,h11_h61,1764295587,207.51371076115015
0,h11_h61,1764295588,218.14185613147748
0,h11_h61,1764295589,177.96665843808603
0,h11_h61,1764295590,112.70316665992776
0,h11_h61,1764295591,207.55188633868696
0,h11_h61,1764295592,260.35221218049776
0,h11_h61,1764295593,257.3892631940069
0,h11_h61,1764295594,255.77698499568217
0,h11_h61,1764295595,255.0
0,h11_h61,1764295596,255.61143488413157
0,h11_h61,1764295597,254.77614210362748
0,h11_h61,1764295598,250.92269371380675
0,h11_h61,1764295599,249.0
0,h11_h61,1764295600,249.6166716322328
0,h11_h61,1764295601,250.0
0,h11_h61,1764295602,249.38282910164665
0,h11_h61,1764295603,184.95991772166883
0,h11_h61,1764295604,208.2356180901068
0,h11_h61,1764295605,232.8366388384059
0,h11_h61,1764295606,239.1521911081819
0,h11_h61,1764295607,248.33017160872697
0,h11_h61,1764295608,232.59018923133303
0,h11_h61,1764295609,208.82887783645583
0,h11_h61,1764295610,193.23134752091917
0,h11_h61,1764295611,189.0
0,h11_h61,1764295612,189.0
0,h11_h61,1764295613,204.2650003028623
0,h11_h61,1764295614,151.14516729751725
0,h11_h61,1764295615,77.49558318700107
0,h11_h61,1764295616,53.986896842785605
0,h11_h61,1764295617,105.75861306110755
0,h11_h61,1764295618,127.41761466498583
0,h11_h61,1764295619,118.56856306256093
0,h11_h61,1764295620,117.23886872233965
0,h11_h61,1764295621,35.496143452994076
0,h11_h61,1764295622,18.146630336391233
0,h11_h61,1764295623,65.85600052947996
0,h11_h61,1764295624,116.71890418403078
0,h11_h61,1764295625,130.73009862526973
0,h11_h61,1764295626,133.18215797446604
0,h11_h61,1764295627,58.14215628426288
0,h11_h61,1764295628,23.27589077269769
0,h11_h61,1764295629,27.158454893216778
0,h11_h61,1764295630,87.31505785564676
0,h11_h61,1764295631,128.9904122093958
0,h11_h61,1764295632,139.43320823516424
0,h11_h61,1764295633,140.0
0,h11_h61,1764295634,211.5260013315745
0,h11_h61,1764295635,249.17936377264843
0,h11_h61,1764295636,248.0
0,h11_h61,1764295637,248.0
0,h11_h61,1764295638,201.16237161225592
0,h11_h61,1764295639,124.0586839650834
0,h11_h61,1764295640,46.954996317910854
0,h11_h61,1764295641,112.81430948571916
0,h11_h61,1764295642,186.1645632991927
0,h11_h61,1764295643,287.95162012277353
0,h11_h61,1764295644,361.6501499992789
0,h11_h61,1764295645,365.5482263776955
0,h11_h61,1764295646,365.45179008792223
0,h11_h61,1764295647,365.54825279179175
0,h11_h61,1764295648,365.0
0,h11_h61,1764295649,365.0
0,h11_h61,1764295650,365.4515615356452
0,h11_h61,1764295651,366.0
0,h11_h61,1764295652,365.5481450266424
0,h11_h61,1764295653,131.51670305838746
0,h11_h61,1764295654,197.9567675555736
0,h11_h61,1764295655,334.3797401814862
0,h11_h61,1764295656,365.0982029824166
0,h11_h61,1764295657,364.4514553156763
0,h11_h61,1764295658,363.6426776088342
0,h11_h61,1764295659,361.090747647124
0,h11_h61,1764295660,360.0
0,h11_h61,1764295661,394.8650366980502
0,h11_h61,1764295662,471.5474764705631
0,h11_h61,1764295663,463.30247806270046
0,h11_h61,1764295664,334.83903808125325
0,h11_h61,1764295665,335.5567878296159
0,h11_h61,1764295666,146.55098871824453
0,h11_h61,1764295667,27.90338078668732
0,h11_h61,1764295668,19.203078661807695
0,h11_h61,1764295669,18.1
0,h11_h61,1764295670,18.1
0,h11_h61,1764295671,18.02182659522882
0,h11_h61,1764295672,18.078063142221826
0,h11_h61,1764295673,18.1
0,h11_h61,1764295674,18.1
0,h11_h61,1764295675,18.1
0,h11_h61,1764295676,43.505706549475015
0,h11_h61,1764295677,25.852953145775736
0,h11_h61,1764295678,18.0
0,h11_h61,1764295679,48.23379002317395
0,h11_h61,1764295680,27.622704831233648
0,h11_h61,1764295681,45.93775611673065
0,h11_h61,1764295682,26.78319843544696
0,h11_h61,1764295683,18.0
0,h11_h61,1764295684,43.4449636875669
0,h11_h61,1764295685,25.961413435550316
0,h11_h61,1764295686,18.0
0,h11_h61,1764295687,18.0
0,h11_h61,1764295688,18.0
0,h11_h61,1764295689,18.0
0,h11_h61,1764295690,18.0
0,h11_h61,1764295691,18.0
0,h11_h61,1764295692,45.32073384693324
0,h11_h61,1764295693,26.687588579257337
0,h11_h61,1764295694,18.1
0,h11_h61,1764295695,45.96384369431421
0,h11_h61,1764295696,26.940322537921503
0,h11_h61,1764295697,18.177212304060628
0,h11_h61,1764295698,18.12280168708373
0,h11_h61,1764295699,18.1
0,h11_h61,1764295700,18.1
0,h11_h61,1764295701,34.19175663195179
0,h11_h61,1764295702,23.158360847399976
0,h11_h61,1764295703,18.045815862274814
0,h11_h61,1764295704,18.0
0,h11_h61,1764295705,18.0
0,h11_h61,1764295706,18.0
0,h11_h61,1764295707,18.0
0,h11_h61,1764295708,18.769853350446773
0,h11_h61,1764295709,18.229687904187273
0,h11_h61,1764295710,18.0
0,h11_h61,1764295711,18.0
0,h11_h61,1764295712,18.0
0,h11_h61,1764295713,44.192387191334504
0,h11_h61,1764295714,50.54455385426593
0,h11_h61,1764295715,25.58513615652752
0,h11_h61,1764295716,42.61672208005376
0,h11_h61,1764295717,25.93427848846512
0,h11_h61,1764295718,18.1
0,h11_h61,1764295719,18.023043132161487
0,h11_h61,1764295720,18.07694761138267
0,h11_h61,1764295721,18.1
0,h11_h61,1764295722,18.1
0,h11_h61,1764295723,18.023083457083032
0,h11_h61,1764295724,18.07690616943845
0,h11_h61,1764295725,18.1
0,h11_h61,1764295726,43.237273231446835
0,h11_h61,1764295727,26.212449278835013
0,h11_h61,1764295728,18.1
0,h11_h61,1764295729,18.1
0,h11_h61,1764295730,18.1
0,h11_h61,1764295731,18.1
0,h11_h61,1764295732,18.1
0,h11_h61,1764295733,18.1
0,h11_h61,1764295734,42.59499374824321
0,h11_h61,1764295735,49.04002889244128
0,h11_h61,1764295736,25.37618876059445
0,h11_h61,1764295737,18.1
0,h11_h61,1764295738,30.16295761515255
0,h11_h61,1764295739,21.82992221504795
0,h11_h61,1764295740,18.0765776123338
0,h11_h61,1764295741,45.63255544094894
0,h11_h61,1764295742,27.19199803840605
0,h11_h61,1764295743,18.1
0,h11_h61,1764295744,18.1
0,h11_h61,1764295745,40.764312047128485
0,h11_h61,1764295746,25.482798425679107
0,h11_h61,1764295747,45.967412824639936
0,h11_h61,1764295748,27.356031419302376
0,h11_h61,1764295749,45.43268415124699
0,h11_h61,1764295750,27.197940666295505
0,h11_h61,1764295751,42.7842922842545
0,h11_h61,1764295752,26.278978505186902
0,h11_h61,1764295753,18.405101510014937
0,h11_h61,1764295754,18.194996402810816
0,h11_h61,1764295755,43.87972188308052
0,h11_h61,1764295756,26.72408663012775
0,h11_h61,1764295757,18.1
0,h11_h61,1764295758,18.023792081766626
0,h11_h61,1764295759,18.07619473528384
0,h11_h61,1764295760,18.02381210543381
0,h11_h61,1764295761,18.380726245401632
0,h11_h61,1764295762,18.27166071921889
0,h11_h61,1764295763,18.123833721661303
0,h11_h61,1764295764,18.1
0,h11_h61,1764295765,67.80438632499204
0,h11_h61,1764295766,122.75316478282296
0,h11_h61,1764295767,194.21923657672997
0,h11_h61,1764295768,231.45267426225993
0,h11_h61,1764295769,237.49024033079408
0,h11_h61,1764295770,245.66544607332676
0,h11_h61,1764295771,223.56530405492992
0,h11_h61,1764295772,200.53320239373065
0,h11_h61,1764295773,184.35310114772597
0,h11_h61,1764295774,79.8673715537119
0,h11_h61,1764295775,111.22738716594569
0,h11_h61,1764295776,93.4696548588332
0,h11_h61,1764295777,42.34079906948003
0,h11_h61,1764295778,21.815855324691388
0,h11_h61,1764295779,18.1
0,h11_h61,1764295780,18.1
0,h11_h61,1764295781,18.1
0,h11_h61,1764295782,18.025075780099066
0,h11_h61,1764295783,18.074822452654043
0,h11_h61,1764295784,18.1
0,h11_h61,1764295785,60.73084499489344
0,h11_h61,1764295786,114.54947192947633
0,h11_h61,1764295787,51.89287364407433
0,h11_h61,1764295788,18.151566401416027
0,h11_h61,1764295789,18.1
0,h11_h61,1764295790,18.395846447166043
0,h11_h61,1764295791,18.204652771096505
0,h11_h61,1764295792,18.1
0,h11_h61,1764295793,18.3946477532142
0,h11_h61,1764295794,18.132298255725335
0,h11_h61,1764295795,18.0
0,h11_h61,1764295796,18.07338729611111
0,h11_h61,1764295797,18.466313517111068
0,h11_h61,1764295798,43.934827229394685
0,h11_h61,1764295799,28.293202041483006
0,h11_h61,1764295800,18.31862256892524
0,h11_h61,1764295801,18.327264606085745
0,h11_h61,1764295802,50.03063539444853
0,h11_h61,1764295803,86.16664005847191
0,h11_h61,1764295804,122.09573318046787
0,h11_h61,1764295805,133.34864400477278
0,h11_h61,1764295806,130.38958183998415
0,h11_h61,1764295807,158.4563796901278
0,h11_h61,1764295808,205.08587738763512
0,h11_h61,1764295809,247.5533828352396
0,h11_h61,1764295810,278.06550295966895
0,h11_h61,1764295811,278.6136060512564
0,h11_h61,1764295812,114.56859354185605
0,h11_h61,1764295813,120.23195281362749
0,h11_h61,1764295814,165.511594116061
0,h11_h61,1764295815,136.6233271309128
0,h11_h61,1764295816,146.32951517325503
0,h11_h61,1764295817,191.4694091943338
0,h11_h61,1764295818,186.23800104357457
0,h11_h61,1764295819,195.90393294132275
0,h11_h61,1764295820,213.7748229064101
0,h11_h61,1764295821,126.02285486172684
0,h11_h61,1764295822,56.76668590281964
0,h11_h61,1764295823,53.406222705596925
0,h11_h61,1764295824,62.70598467253679
0,h11_h61,1764295825,116.75548324085383
0,h11_h61,1764295826,144.17656600644847
0,h11_h61,1764295827,168.33448809306623
0,h11_h61,1764295828,170.87706518436735
0,h11_h61,1764295829,140.05603151607153
0,h11_h61,1764295830,126.94010201203854
0,h11_h61,1764295831,140.3839468961631
0,h11_h61,1764295832,184.20531566956663
0,h11_h61,1764295833,217.3731718807383
0,h11_h61,1764295834,224.3893481663126
0,h11_h61,1764295835,200.9762160977613
0,h11_h61,1764295836,137.89784999792366
0,h11_h61,1764295837,50.039142688674
0,h11_h61,1764295838,85.77408798286712
0,h11_h61,1764295839,132.93562373157388
0,h11_h61,1764295840,136.0
0,h11_h61,1764295841,135.7235951020825
0,h11_h61,1764295842,135.22775247779214
0,h11_h61,1764295843,135.54013578189154
0,h11_h61,1764295844,135.73163148197767
0,h11_h61,1764295845,135.2343543334906
0,h11_h61,1764295846,135.0
0,h11_h61,1764295847,135.0
0,h11_h61,1764295848,135.51548696733022
0,h11_h61,1764295849,111.49989434176436
0,h11_h61,1764295850,63.889523579560134
0,h11_h61,1764295851,70.00404555132297
0,h11_h61,1764295852,134.0456039609544
0,h11_h61,1764295853,223.74474944721152
0,h11_h61,1764295854,274.93021137742113
0,h11_h61,1764295855,252.0
0,h11_h61,1764295856,252.0
0,h11_h61,1764295857,251.61670754649583
0,h11_h61,1764295858,293.49842302575223
0,h11_h61,1764295859,370.49057701202673
0,h11_h61,1764295860,355.5513524360778
0,h11_h61,1764295861,357.0
0,h11_h61,1764295862,218.8092971347994
0,h11_h61,1764295863,59.64919674693145
0,h11_h61,1764295864,116.79536453109476
0,h11_h61,1764295865,152.9320724694133
0,h11_h61,1764295866,167.6552285329673
0,h11_h61,1764295867,200.70410551240693
0,h11_h61,1764295868,261.2625440493172
0,h11_h61,1764295869,305.92353793585045
0,h11_h61,1764295870,315.8356258477124
0,h11_h61,1764295871,299.5442564834935
0,h11_h61,1764295872,284.3479038730265
0,h11_h61,1764295873,268.8365363677532
0,h11_h61,1764295874,257.79057938417424
0,h11_h61,1764295875,169.14274938962114
0,h11_h61,1764295876,134.81784306041646
0,h11_h61,1764295877,241.6102011131621
0,h11_h61,1764295878,311.0071009169885
0,h11_h61,1764295879,312.1295440448053
0,h11_h61,1764295880,207.59805348327149
0,h11_h61,1764295881,163.76818916305143
0,h11_h61,1764295882,118.87405208976703
0,h11_h61,1764295883,103.498081292162
0,h11_h61,1764295884,62.47005541121053
0,h11_h61,1764295885,69.36249728628889
0,h11_h61,1764295886,87.54312175594364
0,h11_h61,1764295887,79.81350406666124
0,h11_h61,1764295888,49.83089686534984
0,h11_h61,1764295889,18.04226821973983
0,h11_h61,1764295890,18.17284051977442
0,h11_h61,1764295891,18.529835863622385
0,h11_h61,1764295892,18.7
0,h11_h61,1764295893,18.414260556126965
0,h11_h61,1764295894,67.10658774490605
0,h11_h61,1764295895,122.69015480069376
0,h11_h61,1764295896,137.24546424633473
0,h11_h61,1764295897,184.07553973650383
0,h11_h61,1764295898,249.33218000261968
0,h11_h61,1764295899,246.99484700477672
0,h11_h61,1764295900,146.32587042527422
0,h11_h61,1764295901,54.33735441124618
0,h11_h61,1764295902,95.75667787081552
0,h11_h61,1764295903,108.7579796940684
0,h11_h61,1764295904,105.59482257328747
0,h11_h61,1764295905,85.72791866599817
0,h11_h61,1764295906,74.80058390336251
0,h11_h61,1764295907,89.49971216534968
0,h11_h61,1764295908,62.89086300551898
0,h11_h61,1764295909,20.39696664436065
0,h11_h61,1764295910,65.8392867211667
0,h11_h61,1764295911,122.7977527723076
0,h11_h61,1764295912,132.8259756586706
0,h11_h61,1764295913,82.21776916615943
0,h11_h61,1764295914,54.022172058443374
0,h11_h61,1764295915,105.63984771567932
0,h11_h61,1764295916,136.32149544670762
0,h11_h61,1764295917,128.2724962741641
0,h11_h61,1764295918,126.0
0,h11_h61,1764295919,126.43166267555712
0,h11_h61,1764295920,129.56096129941162
0,h11_h61,1764295921,135.52072693816183
0,h11_h61,1764295922,139.41499807870488
0,h11_h61,1764295923,135.41095626859365
0,h11_h61,1764295924,116.1122461437262
0,h11_h61,1764295925,59.49584478877203
0,h11_h61,1764295926,81.19627185897474
0,h11_h61,1764295927,165.61676655962916
0,h11_h61,1764295928,183.0847882647277
0,h11_h61,1764295929,175.0252749757588
0,h11_h61,1764295930,163.49359000461493
0,h11_h61,1764295931,148.63950998198655
0,h11_h61,1764295932,147.54445912909452
0,h11_h61,1764295933,177.8681106551011
0,h11_h61,1764295934,230.88049741113664
0,h11_h61,1764295935,272.83809913196484
0,h11_h61,1764295936,301.06229875373003
0,h11_h61,1764295937,302.93225173890136
0,h11_h61,1764295938,212.6907783491701
0,h11_h61,1764295939,151.53006958620637
0,h11_h61,1764295940,240.293219069386
0,h11_h61,1764295941,253.0
0,h11_h61,1764295942,252.72060921303785
0,h11_h61,1764295943,252.0
0,h11_h61,1764295944,252.0
0,h11_h61,1764295945,252.0
0,h11_h61,1764295946,252.27566002862324
0,h11_h61,1764295947,252.7253185318956
0,h11_h61,1764295948,252.0
0,h11_h61,1764295949,249.23991183643705
0,h11_h61,1764295950,171.20984013306804
0,h11_h61,1764295951,45.78912845468385
0,h11_h61,1764295952,44.061057572449755
0,h11_h61,1764295953,27.651204790203067
0,h11_h61,1764295954,18.1
0,h11_h61,1764295955,18.05010285172085
0,h11_h61,1764295956,18.0
0,h11_h61,1764295957,18.0
0,h11_h61,1764295958,33.69996305221884
0,h11_h61,1764295959,35.085419731315845
0,h11_h61,1764295960,18.0
0,h11_h61,1764295961,35.930971429673036
0,h11_h61,1764295962,38.04770793154907
0,h11_h61,1764295963,18.051060230949417
0,h11_h61,1764295964,34.058768407454565
0,h11_h61,1764295965,51.227934289774325
0,h11_h61,1764295966,35.196394177659045
0,h11_h61,1764295967,18.1
0,h11_h61,1764295968,18.1
0,h11_h61,1764295969,40.60936113795471
0,h11_h61,1764295970,45.114428953389975
0,h11_h61,1764295971,18.515646669846827
0,h11_h61,1764295972,18.1
0,h11_h61,1764295973,18.1
0,h11_h61,1764295974,18.1
0,h11_h61,1764295975,35.0477457760216
0,h11_h61,1764295976,38.20745798392067
0,h11_h61,1764295977,18.1
0,h11_h61,1764295978,18.1
0,h11_h61,1764295979,18.1
0,h11_h61,1764295980,31.334617701128245
0,h11_h61,1764295981,33.820122776205366
0,h11_h61,1764295982,18.04693860148691
0,h11_h61,1764295983,18.1
0,h11_h61,1764295984,18.1
0,h11_h61,1764295985,18.1
0,h11_h61,1764295986,32.3512308615754
0,h11_h61,1764295987,35.595300668173344
0,h11_h61,1764295988,18.1
0,h11_h61,1764295989,18.1
0,h11_h61,1764295990,24.228583745104103
0,h11_h61,1764295991,25.50692300917945
0,h11_h61,1764295992,18.1
0,h11_h61,1764295993,18.1
0,h11_h61,1764295994,34.632003605165934
0,h11_h61,1764295995,39.505495309566626
0,h11_h61,1764295996,32.032947693222454
0,h11_h61,1764295997,36.144494644124975
0,h11_h61,1764295998,18.1
0,h11_h61,1764295999,18.1
0,h11_h61,1764296000,18.1
0,h11_h61,1764296001,32.792944669488804
0,h11_h61,1764296002,37.714675553366426
0,h11_h61,1764296003,18.1
0,h11_h61,1764296004,18.1
0,h11_h61,1764296005,34.035750253126174
0,h11_h61,1764296006,40.325663336364926
0,h11_h61,1764296007,18.606027508109904
0,h11_h61,1764296008,18.1
0,h11_h61,1764296009,18.1
0,h11_h61,1764296010,18.1
0,h11_h61,1764296011,18.1
0,h11_h61,1764296012,18.1
0,h11_h61,1764296013,18.05678664330105
0,h11_h61,1764296014,18.04310291204612
0,h11_h61,1764296015,18.1
0,h11_h61,1764296016,18.1
0,h11_h61,1764296017,18.1
0,h11_h61,1764296018,18.1
0,h11_h61,1764296019,18.1
0,h11_h61,1764296020,18.1
0,h11_h61,1764296021,30.42122294539458
0,h11_h61,1764296022,35.97243324395519
0,h11_h61,1764296023,33.36692567206208
0,h11_h61,1764296024,40.761706234246105
0,h11_h61,1764296025,18.183671663220153
0,h11_h61,1764296026,18.425064532690495
0,h11_h61,1764296027,18.558449422181827
0,h11_h61,1764296028,57.398701556150264
0,h11_h61,1764296029,125.376964908939
0,h11_h61,1764296030,133.29767544568296
0,h11_h61,1764296031,156.9205253796725
0,h11_h61,1764296032,224.3215114312177
0,h11_h61,1764296033,245.730174253567
0,h11_h61,1764296034,231.19466241058132
0,h11_h61,1764296035,234.65123423691276
0,h11_h61,1764296036,246.0
0,h11_h61,1764296037,244.76097372117889
0,h11_h61,1764296038,201.35562538252225
0,h11_h61,1764296039,98.55495411896572
0,h11_h61,1764296040,180.16952108282788
0,h11_h61,1764296041,230.62308709265056
0,h11_h61,1764296042,254.690441022984
0,h11_h61,1764296043,254.08560076198327
0,h11_h61,1764296044,110.03676297997
0,h11_h61,1764296045,18.24228270815798
0,h11_h61,1764296046,18.0
0,h11_h61,1764296047,18.0
0,h11_h61,1764296048,18.0391168767946
0,h11_h61,1764296049,38.05234704612148
0,h11_h61,1764296050,87.94298319148763
0,h11_h61,1764296051,89.22918329012033
0,h11_h61,1764296052,18.122858925687936
0,h11_h61,1764296053,18.0
0,h11_h61,1764296054,18.0
0,h11_h61,1764296055,18.0
0,h11_h61,1764296056,18.038152185950803
0,h11_h61,1764296057,42.024590416403385
0,h11_h61,1764296058,100.5761706375254
0,h11_h61,1764296059,133.05289075178126
0,h11_h61,1764296060,90.6257465748665
0,h11_h61,1764296061,36.39370963803839
0,h11_h61,1764296062,70.14876651040615
0,h11_h61,1764296063,77.43094498379428
0,h11_h61,1764296064,62.368335648888504
0,h11_h61,1764296065,24.960476915486908
0,h11_h61,1764296066,33.64096893097905
0,h11_h61,1764296067,42.24585366233774
0,h11_h61,1764296068,53.44586040282777
0,h11_h61,1764296069,66.1745799546505
0,h11_h61,1764296070,73.5730314342859
0,h11_h61,1764296071,98.2273301939711
0,h11_h61,1764296072,132.0
0,h11_h61,1764296073,132.0
0,h11_h61,1764296074,145.26590491466695
0,h11_h61,1764296075,199.2940253694555
0,h11_h61,1764296076,221.76873139445067
0,h11_h61,1764296077,75.5406589470726
0,h11_h61,1764296078,107.04505988470036
0,h11_h61,1764296079,151.50595899387062
0,h11_h61,1764296080,140.03757555742868
0,h11_h61,1764296081,133.0
0,h11_h61,1764296082,133.0
0,h11_h61,1764296083,133.0
0,h11_h61,1764296084,133.0
0,h11_h61,1764296085,133.21861164683477
0,h11_h61,1764296086,133.7833835658424
0,h11_h61,1764296087,133.21569682264345
0,h11_h61,1764296088,151.60816103291066
0,h11_h61,1764296089,197.2828948958557
0,h11_h61,1764296090,70.18025199389383
0,h11_h61,1764296091,135.96250367879367
0,h11_h61,1764296092,132.2092735440649
0,h11_h61,1764296093,139.23974160658
0,h11_h61,1764296094,158.38477501862727
0,h11_h61,1764296095,133.0
0,h11_h61,1764296096,133.0
0,h11_h61,1764296097,133.0
0,h11_h61,1764296098,133.0
0,h11_h61,1764296099,133.0
0,h11_h61,1764296100,133.0
0,h11_h61,1764296101,135.33357113210727
0,h11_h61,1764296102,131.62777446152825
0,h11_h61,1764296103,107.2677145341771
0,h11_h61,1764296104,227.05807652902655
0,h11_h61,1764296105,342.6736870212833
0,h11_h61,1764296106,365.1464859706799
0,h11_h61,1764296107,356.3390500120876
0,h11_h61,1764296108,350.17211824232515
0,h11_h61,1764296109,347.0793436058194
0,h11_h61,1764296110,362.32203316696774
0,h11_h61,1764296111,340.49728835704764
0,h11_h61,1764296112,306.6519681026633
0,h11_h61,1764296113,274.84938063400625
0,h11_h61,1764296114,229.19374577253615
0,h11_h61,1764296115,38.263783837158456
0,h11_h61,1764296116,92.91418002429435
0,h11_h61,1764296117,127.38339589254178
0,h11_h61,1764296118,137.65743003601082
0,h11_h61,1764296119,135.31134290855576
0,h11_h61,1764296120,133.04247457261357
0,h11_h61,1764296121,137.83258854411702
0,h11_h61,1764296122,137.0
0,h11_h61,1764296123,134.48226670098646
0,h11_h61,1764296124,136.62141453010423
0,h11_h61,1764296125,215.63037902420496
0,h11_h61,1764296126,264.7303258155274
0,h11_h61,1764296127,223.14026232394957
0,h11_h61,1764296128,164.2192311278536
0,h11_h61,1764296129,257.6702657893075
0,h11_h61,1764296130,249.0
0,h11_h61,1764296131,248.2556450013284
0,h11_h61,1764296132,231.1081247598959
0,h11_h61,1764296133,216.639510427901
0,h11_h61,1764296134,211.92529716032223
0,h11_h61,1764296135,211.29873271976817
0,h11_h61,1764296136,215.06935864171203
0,h11_h61,1764296137,215.79952090932613
0,h11_h61,1764296138,213.34202325794183
0,h11_h61,1764296139,202.42103039134116
0,h11_h61,1764296140,45.650563772392566
0,h11_h61,1764296141,140.99450595601368
0,h11_h61,1764296142,202.07496016723547
0,h11_h61,1764296143,252.52985583488908
0,h11_h61,1764296144,233.041164554505
0,h11_h61,1764296145,237.21588292429547
0,h11_h61,1764296146,319.7399310185164
0,h11_h61,1764296147,353.35288084063876
0,h11_h61,1764296148,354.16862930468517
0,h11_h61,1764296149,366.63963827808374
0,h11_h61,1764296150,282.24583968246725
0,h11_h61,1764296151,204.8137769131873
0,h11_h61,1764296152,189.93229138529455
0,h11_h61,1764296153,82.87955616436639
0,h11_h61,1764296154,258.9834926117883
0,h11_h61,1764296155,253.99228697483835
0,h11_h61,1764296156,252.99330534913955
0,h11_h61,1764296157,252.0068046271655
0,h11_h61,1764296158,252.99470979472565
0,h11_h61,1764296159,251.97165002831133
0,h11_h61,1764296160,244.9677761074397
0,h11_h61,1764296161,242.0237137177052
0,h11_h61,1764296162,244.0637595824132
0,h11_h61,1764296163,251.0013458803037
0,h11_h61,1764296164,251.99834890770236
0,h11_h61,1764296165,252.0
0,h11_h61,1764296166,118.3555130949955
0,h11_h61,1764296167,189.4344063203109
0,h11_h61,1764296168,212.3602666451956
0,h11_h61,1764296169,191.7549539705317
0,h11_h61,1764296170,149.3121729099777
0,h11_h61,1764296171,133.32662194783276
0,h11_h61,1764296172,136.4170401079757
0,h11_h61,1764296173,139.30470976253298
0,h11_h61,1764296174,132.0497533788906
0,h11_h61,1764296175,129.96041054131567
0,h11_h61,1764296176,179.10477620130922
0,h11_h61,1764296177,152.24498994239318
0,h11_h61,1764296178,38.21297853291798
0,h11_h61,1764296179,110.90523738473566
0,h11_h61,1764296180,75.02127842838449
0,h11_h61,1764296181,39.09734281711633
0,h11_h61,1764296182,20.290671290954418
0,h11_h61,1764296183,18.955758190460713
0,h11_h61,1764296184,18.37945746696012
0,h11_h61,1764296185,31.167210209509463
0,h11_h61,1764296186,92.46291266839404
0,h11_h61,1764296187,139.0
0,h11_h61,1764296188,128.05009341536643
0,h11_h61,1764296189,18.4
0,h11_h61,1764296190,18.43943306521316
0,h11_h61,1764296191,35.63102588811476
0,h11_h61,1764296192,116.02705431282764
0,h11_h61,1764296193,133.8302662239662
0,h11_h61,1764296194,119.18657857118303
0,h11_h61,1764296195,116.35070510738343
0,h11_h61,1764296196,169.59587329079434
0,h11_h61,1764296197,184.8317945064107
0,h11_h61,1764296198,175.45033877330442
0,h11_h61,1764296199,123.9203504265515
0,h11_h61,1764296200,123.55380696177023
0,h11_h61,1764296201,130.63391645925
0,h11_h61,1764296202,130.82968699104248
0,h11_h61,1764296203,19.742445560739306
0,h11_h61,1764296204,18.207533698993345
0,h11_h61,1764296205,34.153357378178384
0,h11_h61,1764296206,115.59153930422796
0,h11_h61,1764296207,138.5909293304893
0,h11_h61,1764296208,215.2151896978916
0,h11_h61,1764296209,230.4579097756041
0,h11_h61,1764296210,258.96431181460633
0,h11_h61,1764296211,209.0362412598837
0,h11_h61,1764296212,193.0892577286428
0,h11_h61,1764296213,203.81198839555896
0,h11_h61,1764296214,189.05599383743905
0,h11_h61,1764296215,104.73612848805594
0,h11_h61,1764296216,54.35749010582799
0,h11_h61,1764296217,53.031062026817736
0,h11_h61,1764296218,50.5324060369598
0,h11_h61,1764296219,21.726832363501305
0,h11_h61,1764296220,38.17025147604444
0,h11_h61,1764296221,18.0
0,h11_h61,1764296222,18.0
0,h11_h61,1764296223,18.0
0,h11_h61,1764296224,22.89150237831486
0,h11_h61,1764296225,46.84572856705616
0,h11_h61,1764296226,18.084942483649854
0,h11_h61,1764296227,18.0
0,h11_h61,1764296228,18.0
0,h11_h61,1764296229,18.0
0,h11_h61,1764296230,18.0
0,h11_h61,1764296231,18.0
0,h11_h61,1764296232,18.0
0,h11_h61,1764296233,18.014358584770072
0,h11_h61,1764296234,18.08574874531324
0,h11_h61,1764296235,18.0
0,h11_h61,1764296236,18.014065062742425
0,h11_h61,1764296237,18.086045673054024
0,h11_h61,1764296238,18.0
0,h11_h61,1764296239,18.0
0,h11_h61,1764296240,18.0
0,h11_h61,1764296241,18.0
0,h11_h61,1764296242,22.33785234308207
0,h11_h61,1764296243,47.83750901128445
0,h11_h61,1764296244,18.0
0,h11_h61,1764296245,18.0
0,h11_h61,1764296246,18.0
0,h11_h61,1764296247,18.0
0,h11_h61,1764296248,18.0
0,h11_h61,1764296249,18.0
0,h11_h61,1764296250,18.012615518053146
0,h11_h61,1764296251,18.087495954148206
0,h11_h61,1764296252,18.0
0,h11_h61,1764296253,21.68487366357607
0,h11_h61,1764296254,45.99836896473493
0,h11_h61,1764296255,22.992540822657528
0,h11_h61,1764296256,57.97042432352444
0,h11_h61,1764296257,18.0
0,h11_h61,1764296258,21.727042854353027
0,h11_h61,1764296259,48.17993851022133
0,h11_h61,1764296260,18.0
0,h11_h61,1764296261,18.0
0,h11_h61,1764296262,18.0
0,h11_h61,1764296263,21.726672813266525
0,h11_h61,1764296264,49.884699043449835
0,h11_h61,1764296265,21.859943582478177
0,h11_h61,1764296266,52.09091043848371
0,h11_h61,1764296267,18.105782787967613
0,h11_h61,1764296268,18.896076953757227
0,h11_h61,1764296269,18.0
0,h11_h61,1764296270,21.183789447447253
0,h11_h61,1764296271,50.22216739458897
0,h11_h61,1764296272,57.12552143834682
0,h11_h61,1764296273,116.90197330970436
0,h11_h61,1764296274,18.090220880066973
0,h11_h61,1764296275,18.0
0,h11_h61,1764296276,18.00956092702551
0,h11_h61,1764296277,18.090548398420736
0,h11_h61,1764296278,18.0
0,h11_h61,1764296279,18.009232409539077
0,h11_h61,1764296280,18.090879671836618
0,h11_h61,1764296281,18.0
0,h11_h61,1764296282,18.0
0,h11_h61,1764296283,18.0
0,h11_h61,1764296284,20.904476161294756
0,h11_h61,1764296285,50.76574837432128
0,h11_h61,1764296286,18.0
0,h11_h61,1764296287,18.0
0,h11_h61,1764296288,18.00819349330361
0,h11_h61,1764296289,18.09191607518253
0,h11_h61,1764296290,18.007974483671838
0,h11_h61,1764296291,18.092134615783067
0,h11_h61,1764296292,18.0
0,h11_h61,1764296293,18.0
0,h11_h61,1764296294,18.0
0,h11_h61,1764296295,18.0
0,h11_h61,1764296296,18.0
0,h11_h61,1764296297,18.0
0,h11_h61,1764296298,18.0
0,h11_h61,1764296299,18.0
0,h11_h61,1764296300,18.0
0,h11_h61,1764296301,18.0
0,h11_h61,1764296302,18.0
0,h11_h61,1764296303,18.006572725564506
0,h11_h61,1764296304,18.1
0,h11_h61,1764296305,18.1
0,h11_h61,1764296306,20.46106291875481
0,h11_h61,1764296307,56.494980441993114
0,h11_h61,1764296308,18.1
0,h11_h61,1764296309,18.1
0,h11_h61,1764296310,18.094222659705256
0,h11_h61,1764296311,18.028341018212807
0,h11_h61,1764296312,18.483460509142965
0,h11_h61,1764296313,18.194611213123657
0,h11_h61,1764296314,18.110559512740444
0,h11_h61,1764296315,25.046111842030353
0,h11_h61,1764296316,155.903877837689
0,h11_h61,1764296317,243.9414614403641
0,h11_h61,1764296318,246.07014357930265
0,h11_h61,1764296319,236.37533585462455
0,h11_h61,1764296320,252.8227997923468
0,h11_h61,1764296321,310.3287649461194
0,h11_h61,1764296322,319.8504339759036
0,h11_h61,1764296323,272.05520928454627
0,h11_h61,1764296324,101.95061427977244
0,h11_h61,1764296325,179.43715042665525
0,h11_h61,1764296326,192.73035272251488
0,h11_h61,1764296327,204.0864822351854
0,h11_h61,1764296328,206.84898563903656
0,h11_h61,1764296329,207.0
0,h11_h61,1764296330,208.6904063633435
0,h11_h61,1764296331,213.1960326129692
0,h11_h61,1764296332,296.93407276406776
0,h11_h61,1764296333,336.8353790873932
0,h11_h61,1764296334,352.4608752162713
0,h11_h61,1764296335,365.218178013669
0,h11_h61,1764296336,270.7108766330841
0,h11_h61,1764296337,137.2214031334719
0,h11_h61,1764296338,167.52498828958713
0,h11_h61,1764296339,191.80185473449797
0,h11_h61,1764296340,211.67402419694048
0,h11_h61,1764296341,156.40603677705766
0,h11_h61,1764296342,120.4001154523
0,h11_h61,1764296343,123.50915872817126
0,h11_h61,1764296344,122.1629251870342
0,h11_h61,1764296345,119.2384515446519
0,h11_h61,1764296346,119.91876792753422
0,h11_h61,1764296347,119.08109417270089
0,h11_h61,1764296348,108.80266481178026
0,h11_h61,1764296349,68.47949769254858
0,h11_h61,1764296350,155.69475564159467
0,h11_h61,1764296351,194.81631810810325
0,h11_h61,1764296352,194.97909066208032
0,h11_h61,1764296353,185.5428404436782
0,h11_h61,1764296354,189.04567196131828
0,h11_h61,1764296355,155.0943702411352
0,h11_h61,1764296356,120.08835757786076
0,h11_h61,1764296357,172.48988627444223
0,h11_h61,1764296358,92.33796144004886
0,h11_h61,1764296359,88.41574191490437
0,h11_h61,1764296360,25.697247776356257
0,h11_h61,1764296361,18.299866577098935
0,h11_h61,1764296362,18.207784026607307
0,h11_h61,1764296363,86.51023995786421
0,h11_h61,1764296364,137.6129030944561
0,h11_h61,1764296365,116.12999430153744
0,h11_h61,1764296366,109.3830458305343
0,h11_h61,1764296367,28.05901178730025
0,h11_h61,1764296368,135.36802800118522
0,h11_h61,1764296369,321.38013423884377
0,h11_h61,1764296370,366.92407028711307
0,h11_h61,1764296371,241.72112782773195
0,h11_h61,1764296372,77.35530359222565
0,h11_h61,1764296373,54.80604200505541
0,h11_h61,1764296374,41.40242556248618
0,h11_h61,1764296375,87.06690088262411
0,h11_h61,1764296376,20.14252964634032
0,h11_h61,1764296377,88.44323575939751
0,h11_h61,1764296378,127.93269650190864
0,h11_h61,1764296379,103.20032711538065
0,h11_h61,1764296380,73.40306712609843
0,h11_h61,1764296381,20.200821743006216
0,h11_h61,1764296382,18.015867490703624
0,h11_h61,1764296383,130.08486972841686
0,h11_h61,1764296384,127.58275243630072
0,h11_h61,1764296385,118.81662884806742
0,h11_h61,1764296386,22.46847495823421
0,h11_h61,1764296387,18.3
0,h11_h61,1764296388,77.05082682004364
0,h11_h61,1764296389,128.07013622526824
0,h11_h61,1764296390,125.80654003128753
0,h11_h61,1764296391,113.68793648355474
0,h11_h61,1764296392,23.10536876365724
0,h11_h61,1764296393,127.65019515586748
0,h11_h61,1764296394,124.35164044266077
0,h11_h61,1764296395,137.43431797343905
0,h11_h61,1764296396,104.80285423813264
0,h11_h61,1764296397,23.12536754410982
0,h11_h61,1764296398,18.026934932314344
0,h11_h61,1764296399,18.0
0,h11_h61,1764296400,91.21050635920234
0,h11_h61,1764296401,132.6659736989117
0,h11_h61,1764296402,125.64260101529084
0,h11_h61,1764296403,25.160341838314892
0,h11_h61,1764296404,18.488072141080973
0,h11_h61,1764296405,18.030339841955353
0,h11_h61,1764296406,18.0
0,h11_h61,1764296407,18.56241479997199
0,h11_h61,1764296408,18.03820420447027
0,h11_h61,1764296409,18.0
0,h11_h61,1764296410,18.093423714507143
0,h11_h61,1764296411,18.006682391921817
0,h11_h61,1764296412,23.744059415081303
0,h11_h61,1764296413,44.1960908330557
0,h11_h61,1764296414,62.93909218048846
0,h11_h61,1764296415,171.94404940218436
0,h11_h61,1764296416,213.99278726715735
0,h11_h61,1764296417,230.87848434837977
0,h11_h61,1764296418,283.68493739508307
0,h11_h61,1764296419,343.5359561885497
0,h11_h61,1764296420,365.8401846728774
0,h11_h61,1764296421,365.0
0,h11_h61,1764296422,365.0
0,h11_h61,1764296423,365.0
0,h11_h61,1764296424,91.90943101645234
0,h11_h61,1764296425,80.80664155418592
0,h11_h61,1764296426,92.8668696850348
0,h11_h61,1764296427,91.01901336307368
0,h11_h61,1764296428,98.50337241514568
0,h11_h61,1764296429,39.78209444944653
0,h11_h61,1764296430,100.10585789282302
0,h11_h61,1764296431,129.9717817492958
0,h11_h61,1764296432,133.19636266673274
0,h11_h61,1764296433,122.4335298465798
0,h11_h61,1764296434,126.4555781326689
0,h11_h61,1764296435,135.17587343431663
0,h11_h61,1764296436,132.2082732646967
0,h11_h61,1764296437,74.10451541903612
0,h11_h61,1764296438,124.37567857088273
0,h11_h61,1764296439,135.04104266664245
0,h11_h61,1764296440,134.0
0,h11_h61,1764296441,214.8788752611276
0,h11_h61,1764296442,229.2469876727829
0,h11_h61,1764296443,194.7366633645504
0,h11_h61,1764296444,164.48954771808928
0,h11_h61,1764296445,122.75599837656672
0,h11_h61,1764296446,132.19269827805266
0,h11_h61,1764296447,205.1075082930775
0,h11_h61,1764296448,240.166846191094
0,h11_h61,1764296449,146.44212863324347
0,h11_h61,1764296450,193.503825013141
0,h11_h61,1764296451,230.27097810347016
0,h11_h61,1764296452,237.40988947282935
0,h11_h61,1764296453,241.0332709036202
0,h11_h61,1764296454,249.3550552584796
0,h11_h61,1764296455,258.275663728641
0,h11_h61,1764296456,236.476880839079
0,h11_h61,1764296457,182.35881101454953
0,h11_h61,1764296458,144.58112110405094
0,h11_h61,1764296459,122.93327916188969
0,h11_h61,1764296460,132.3056191016185
0,h11_h61,1764296461,134.4427180883799
0,h11_h61,1764296462,160.31744374991223
0,h11_h61,1764296463,168.2563149039081
0,h11_h61,1764296464,232.50770383228547
0,h11_h61,1764296465,260.3986167973981
0,h11_h61,1764296466,255.72638795931323
0,h11_h61,1764296467,254.65625010427289
0,h11_h61,1764296468,255.0
0,h11_h61,1764296469,253.6863829934729
0,h11_h61,1764296470,279.49356994355634
0,h11_h61,1764296471,259.9261927361994
0,h11_h61,1764296472,242.3343251736256
0,h11_h61,1764296473,261.14678641795814
0,h11_h61,1764296474,247.19916221441233
0,h11_h61,1764296475,55.6165279181439
0,h11_h61,1764296476,109.47954020751962
0,h11_h61,1764296477,155.03772997879835
0,h11_h61,1764296478,234.2159651286708
0,h11_h61,1764296479,244.50329471087164
0,h11_h61,1764296480,228.6101710139755
0,h11_h61,1764296481,163.9665396574107
0,h11_h61,1764296482,53.689402681246435
0,h11_h61,1764296483,20.539927587152004
0,h11_h61,1764296484,18.11152155725401
0,h11_h61,1764296485,18.011627385222678
0,h11_h61,1764296486,18.0
0,h11_h61,1764296487,18.0
0,h11_h61,1764296488,18.352100348586013
0,h11_h61,1764296489,33.00616930924818
0,h11_h61,1764296490,49.27086320992281
0,h11_h61,1764296491,45.09142893948248
0,h11_h61,1764296492,72.91191365479109
0,h11_h61,1764296493,119.20040374556356
0,h11_h61,1764296494,137.02719280054538
0,h11_h61,1764296495,135.2234337427508
0,h11_h61,1764296496,153.87662103871747
0,h11_h61,1764296497,193.0254216135412
0,h11_h61,1764296498,221.68503444921856
0,h11_h61,1764296499,224.3475379487834
0,h11_h61,1764296500,75.47216381103365
0,h11_h61,1764296501,21.279639478450367
0,h11_h61,1764296502,18.1
0,h11_h61,1764296503,18.273181927599257
0,h11_h61,1764296504,18.127051879187505
0,h11_h61,1764296505,18.1
0,h11_h61,1764296506,18.1
0,h11_h61,1764296507,47.469122214183926
0,h11_h61,1764296508,23.223212068548097
0,h11_h61,1764296509,44.40870541779666
0,h11_h61,1764296510,22.736372934110705
0,h11_h61,1764296511,18.1
0,h11_h61,1764296512,18.1
0,h11_h61,1764296513,18.1
0,h11_h61,1764296514,18.1
0,h11_h61,1764296515,47.17870319890577
0,h11_h61,1764296516,49.7107767035102
0,h11_h61,1764296517,52.892504838956405
0,h11_h61,1764296518,23.738628216574934
0,h11_h61,1764296519,42.75470391235062
0,h11_h61,1764296520,23.127191702148508
0,h11_h61,1764296521,18.146651735322276
0,h11_h61,1764296522,18.1
0,h11_h61,1764296523,18.1
0,h11_h61,1764296524,18.1
0,h11_h61,1764296525,18.1
0,h11_h61,1764296526,27.97417669897292
0,h11_h61,1764296527,45.09504168211791
0,h11_h61,1764296528,63.5614332833219
0,h11_h61,1764296529,81.93177174245051
0,h11_h61,1764296530,102.55762179814704
0,h11_h61,1764296531,122.59941163178124
0,h11_h61,1764296532,133.75204555989106
0,h11_h61,1764296533,135.28305584069835
0,h11_h61,1764296534,135.0
0,h11_h61,1764296535,135.0
0,h11_h61,1764296536,135.0
0,h11_h61,1764296537,135.0
0,h11_h61,1764296538,40.199593855347814
0,h11_h61,1764296539,109.9404829106544
0,h11_h61,1764296540,126.06133501805864
0,h11_h61,1764296541,102.26653908258638
0,h11_h61,1764296542,140.12689292002273
0,h11_h61,1764296543,153.12340400829686
0,h11_h61,1764296544,121.8929427885837
0,h11_h61,1764296545,116.8619752830032
0,h11_h61,1764296546,124.07932620474324
0,h11_h61,1764296547,55.19172131509792
0,h11_h61,1764296548,77.4880671792051
0,h11_h61,1764296549,128.7201095979862
0,h11_h61,1764296550,65.18019946785593
0,h11_h61,1764296551,171.44550613491714
0,h11_h61,1764296552,242.66255089561497
0,h11_h61,1764296553,248.40139194901997
0,h11_h61,1764296554,247.40073170208353
0,h11_h61,1764296555,247.59875931786067
0,h11_h61,1764296556,248.0
0,h11_h61,1764296557,248.0
0,h11_h61,1764296558,246.8016754223578
0,h11_h61,1764296559,246.59903019492577
0,h11_h61,1764296560,247.59815331286012
0,h11_h61,1764296561,247.40156254624296
0,h11_h61,1764296562,247.0
0,h11_h61,1764296563,69.1473041530665
0,h11_h61,1764296564,80.29455927188246
0,h11_h61,1764296565,140.64649100872964
0,h11_h61,1764296566,191.93653384034317
0,h11_h61,1764296567,215.03067543208817
0,h11_h61,1764296568,211.0410418908704
0,h11_h61,1764296569,256.3707150522244
0,h11_h61,1764296570,259.44598298612493
0,h11_h61,1764296571,203.71826489361305
0,h11_h61,1764296572,183.01831907523183
0,h11_h61,1764296573,193.6982155821866
0,h11_h61,1764296574,210.76533411953005
0,h11_h61,1764296575,223.2096691576193
0,h11_h61,1764296576,128.63804636435088
0,h11_h61,1764296577,139.19104048444478
0,h11_h61,1764296578,141.75163203956572
0,h11_h61,1764296579,127.55506978575482
0,h11_h61,1764296580,123.5597411742898
0,h11_h61,1764296581,135.0533111778112
0,h11_h61,1764296582,140.0
0,h11_h61,1764296583,139.29528054831297
0,h11_h61,1764296584,139.0
0,h11_h61,1764296585,136.88186524754326
0,h11_h61,1764296586,163.221922224535
0,h11_h61,1764296587,151.0675325201705
0,h11_h61,1764296588,74.87301484006186
0,h11_h61,1764296589,101.05299138879982
0,h11_h61,1764296590,188.87988500400587
0,h11_h61,1764296591,244.33817356941125
0,h11_h61,1764296592,270.2783388380882
0,h11_h61,1764296593,285.44535089813445
0,h11_h61,1764296594,293.92293628980246
0,h11_h61,1764296595,302.83598596490566
0,h11_h61,1764296596,311.2291938235009
0,h11_h61,1764296597,319.16760048813285
0,h11_h61,1764296598,325.5719166211043
0,h11_h61,1764296599,328.0
0,h11_h61,1764296600,311.619216556493
0,h11_h61,1764296601,86.89806014252744
0,h11_h61,1764296602,169.01692333617564
0,h11_h61,1764296603,271.4210722275422
0,h11_h61,1764296604,284.6676509001982
0,h11_h61,1764296605,296.4788931101363
0,h11_h61,1764296606,278.91601067694387
0,h11_h61,1764296607,252.41258905838296
0,h11_h61,1764296608,250.23030489055037
0,h11_h61,1764296609,243.6330104688312
0,h11_h61,1764296610,242.3907895765432
0,h11_h61,1764296611,248.73258374134844
0,h11_h61,1764296612,244.8591863454712
0,h11_h61,1764296613,238.19499870587725
0,h11_h61,1764296614,151.62855758407275
0,h11_h61,1764296615,193.72632189664097
0,h11_h61,1764296616,203.66563099647743
0,h11_h61,1764296617,192.41567134912
0,h11_h61,1764296618,158.12688289209797
0,h11_h61,1764296619,130.06677110875708
0,h11_h61,1764296620,117.33578168159922
0,h11_h61,1764296621,108.15165920506556
0,h11_h61,1764296622,110.37444059368732
0,h11_h61,1764296623,172.0749189422585
0,h11_h61,1764296624,236.924459876022
0,h11_h61,1764296625,255.33205788414372
0,h11_h61,1764296626,223.03742349103672
0,h11_h61,1764296627,175.13475988239136
0,h11_h61,1764296628,177.8396185344182
0,h11_h61,1764296629,150.52005758043796
0,h11_h61,1764296630,136.80678016303207
0,h11_h61,1764296631,140.78792126799968
0,h11_h61,1764296632,137.8044547887481
0,h11_h61,1764296633,140.17570161871308
0,h11_h61,1764296634,181.89566331954416
0,h11_h61,1764296635,228.5175012328841
0,h11_h61,1764296636,231.08671979739893
0,h11_h61,1764296637,210.74905569007265
0,h11_h61,1764296638,202.09824433469393
0,h11_h61,1764296639,213.463900059111
0,h11_h61,1764296640,148.04740283283735
0,h11_h61,1764296641,195.6883542947416
0,h11_h61,1764296642,307.6034916150837
0,h11_h61,1764296643,367.0
0,h11_h61,1764296644,364.1689431770064
0,h11_h61,1764296645,359.0922750258056
0,h11_h61,1764296646,359.3814207225296
0,h11_h61,1764296647,364.35707210428495
0,h11_h61,1764296648,366.8842958161427
0,h11_h61,1764296649,366.63769903427374
0,h11_h61,1764296650,366.3911022524048
0,h11_h61,1764296651,366.14450547053593
0,h11_h61,1764296652,243.74139061364664
0,h11_h61,1764296653,134.7786619147561
0,h11_h61,1764296654,129.7560554711057
0,h11_h61,1764296655,133.805541095084
0,h11_h61,1764296656,137.0
0,h11_h61,1764296657,138.27843918832548
0,h11_h61,1764296658,160.5497745651506
0,h11_h61,1764296659,235.0460465079447
0,h11_h61,1764296660,299.3540648500551
0,h11_h61,1764296661,319.3578703735226
0,h11_h61,1764296662,328.7726593954302
0,h11_h61,1764296663,332.7506337885544
0,h11_h61,1764296664,312.65640523215853
0,h11_h61,1764296665,122.14690154342443
0,h11_h61,1764296666,99.83768753828056
0,h11_h61,1764296667,142.69671064268505
0,h11_h61,1764296668,138.00067296347456
0,h11_h61,1764296669,132.0
0,h11_h61,1764296670,132.0
0,h11_h61,1764296671,132.0
0,h11_h61,1764296672,132.0
0,h11_h61,1764296673,130.1193334285956
0,h11_h61,1764296674,155.98226022436904
0,h11_h61,1764296675,214.48971743955585
0,h11_h61,1764296676,247.9888309832492
0,h11_h61,1764296677,247.50509508485783
0,h11_h61,1764296678,161.14147167595257
0,h11_h61,1764296679,93.23463828359677
0,h11_h61,1764296680,92.946438544311
0,h11_h61,1764296681,103.35342118374896
0,h11_h61,1764296682,115.58149772477898
0,h11_h61,1764296683,126.81753829040612
0,h11_h61,1764296684,137.67906413762682
0,h11_h61,1764296685,139.58570379708522
0,h11_h61,1764296686,113.94174504287462
0,h11_h61,1764296687,87.28617207703432
0,h11_h61,1764296688,73.23757425916709
0,h11_h61,1764296689,67.48764750829771
0,h11_h61,1764296690,33.443186888017465
0,h11_h61,1764296691,18.855245103645466
0,h11_h61,1764296692,65.06928074796443
0,h11_h61,1764296693,118.72319810404224
0,h11_h61,1764296694,134.41407999216963
0,h11_h61,1764296695,129.5937788494743
0,h11_h61,1764296696,123.76256186640904
0,h11_h61,1764296697,134.06319468762868
0,h11_h61,1764296698,204.64602306151536
0,h11_h61,1764296699,258.1908554413145
0,h11_h61,1764296700,254.52943858859555
0,h11_h61,1764296701,247.81869896967103
0,h11_h61,1764296702,237.11847976301357
0,h11_h61,1764296703,122.53596295628076
0,h11_h61,1764296704,134.8338673532677
0,h11_h61,1764296705,219.96234161277243
0,h11_h61,1764296706,240.1766605284529
0,h11_h61,1764296707,230.15618296897392
0,h11_h61,1764296708,218.02546169219977
0,h11_h61,1764296709,205.38864869555576
0,h11_h61,1764296710,192.76615072580844
0,h11_h61,1764296711,180.63658512780287
0,h11_h61,1764296712,185.48749561793687
0,h11_h61,1764296713,241.7415583819196
0,h11_h61,1764296714,292.5041502562199
0,h11_h61,1764296715,288.5813194834202
0,h11_h61,1764296716,157.8697150057726
0,h11_h61,1764296717,28.533958534572648
0,h11_h61,1764296718,35.754010750767335
0,h11_h61,1764296719,33.91482844574958
0,h11_h61,1764296720,21.472453316977266
0,h11_h61,1764296721,18.1
0,h11_h61,1764296722,18.1
0,h11_h61,1764296723,18.032120673088603
0,h11_h61,1764296724,18.0
0,h11_h61,1764296725,37.45620124086815
0,h11_h61,1764296726,52.27999674360318
0,h11_h61,1764296727,30.50809028682819
0,h11_h61,1764296728,40.98229833303007
0,h11_h61,1764296729,48.919844517135886
0,h11_h61,1764296730,27.643991092755996
0,h11_h61,1764296731,18.0
0,h11_h61,1764296732,18.0
0,h11_h61,1764296733,18.0
0,h11_h61,1764296734,18.0
0,h11_h61,1764296735,18.0
0,h11_h61,1764296736,18.0
0,h11_h61,1764296737,18.0
0,h11_h61,1764296738,18.0
0,h11_h61,1764296739,18.0
0,h11_h61,1764296740,18.0
0,h11_h61,1764296741,18.0
0,h11_h61,1764296742,35.30464540735316
0,h11_h61,1764296743,27.59547907961555
0,h11_h61,1764296744,39.947367726731486
0,h11_h61,1764296745,30.460497842706275
0,h11_h61,1764296746,18.1
0,h11_h61,1764296747,18.1
0,h11_h61,1764296748,18.230139873894892
0,h11_h61,1764296749,18.170057008859576
0,h11_h61,1764296750,38.034045757292425
0,h11_h61,1764296751,53.04523207791845
0,h11_h61,1764296752,31.699662377365037
0,h11_h61,1764296753,18.1
0,h11_h61,1764296754,18.1
0,h11_h61,1764296755,18.1
0,h11_h61,1764296756,18.1
0,h11_h61,1764296757,38.15742025694861
0,h11_h61,1764296758,30.125873213195764
0,h11_h61,1764296759,18.1
0,h11_h61,1764296760,18.1
0,h11_h61,1764296761,18.1
0,h11_h61,1764296762,18.036398682335548
0,h11_h61,1764296763,18.0
0,h11_h61,1764296764,39.73498517856909
0,h11_h61,1764296765,31.520165042241633
0,h11_h61,1764296766,18.0
0,h11_h61,1764296767,18.063034151752596
0,h11_h61,1764296768,18.1
0,h11_h61,1764296769,18.1
0,h11_h61,1764296770,18.1
0,h11_h61,1764296771,18.16257392318061
0,h11_h61,1764296772,18.137546298776996
0,h11_h61,1764296773,18.1
0,h11_h61,1764296774,18.1
0,h11_h61,1764296775,36.42583641168024
0,h11_h61,1764296776,47.79188946596572
0,h11_h61,1764296777,29.57943446785405
0,h11_h61,1764296778,18.1
0,h11_h61,1764296779,18.1
0,h11_h61,1764296780,18.1
0,h11_h61,1764296781,58.484215738805105
0,h11_h61,1764296782,47.417624658128446
0,h11_h61,1764296783,35.22078427341785
0,h11_h61,1764296784,29.603684502624855
0,h11_h61,1764296785,18.0
0,h11_h61,1764296786,18.0
0,h11_h61,1764296787,18.0
0,h11_h61,1764296788,37.685207073321024
0,h11_h61,1764296789,54.04312465158347
0,h11_h61,1764296790,33.71791228191252
0,h11_h61,1764296791,18.1
0,h11_h61,1764296792,18.1
0,h11_h61,1764296793,18.040115553906386
0,h11_h61,1764296794,18.0
0,h11_h61,1764296795,18.0
0,h11_h61,1764296796,18.0
0,h11_h61,1764296797,18.0
0,h11_h61,1764296798,18.0
0,h11_h61,1764296799,18.0
0,h11_h61,1764296800,18.0
0,h11_h61,1764296801,18.0
0,h11_h61,1764296802,18.0
0,h11_h61,1764296803,18.0
0,h11_h61,1764296804,18.0
0,h11_h61,1764296805,18.0
0,h11_h61,1764296806,18.0
0,h11_h61,1764296807,18.0
0,h11_h61,1764296808,18.058414600661507
0,h11_h61,1764296809,18.041695689255423
0,h11_h61,1764296810,33.30615099802344
0,h11_h61,1764296811,29.618338991340057
0,h11_h61,1764296812,18.0
0,h11_h61,1764296813,18.0
0,h11_h61,1764296814,38.90089209945299
0,h11_h61,1764296815,61.163874181631286
0,h11_h61,1764296816,39.45314134069295
0,h11_h61,1764296817,18.1
0,h11_h61,1764296818,18.04256307098275
0,h11_h61,1764296819,18.0
0,h11_h61,1764296820,33.58989994909052
0,h11_h61,1764296821,30.403892036510506
0,h11_h61,1764296822,18.042971751625043
0,h11_h61,1764296823,37.94177370553531
0,h11_h61,1764296824,34.267505305057156
0,h11_h61,1764296825,18.0
0,h11_h61,1764296826,37.45433910380946
0,h11_h61,1764296827,34.07349046799065
0,h11_h61,1764296828,36.048108552157565
0,h11_h61,1764296829,32.98547597361879
0,h11_h61,1764296830,35.783720181406736
0,h11_h61,1764296831,32.90929113148568
0,h11_h61,1764296832,33.70053900231093
0,h11_h61,1764296833,31.114069786218053
0,h11_h61,1764296834,18.0
0,h11_h61,1764296835,18.0
0,h11_h61,1764296836,32.88691231845327
0,h11_h61,1764296837,30.690026509226826
0,h11_h61,1764296838,18.0
0,h11_h61,1764296839,18.0
0,h11_h61,1764296840,18.0
0,h11_h61,1764296841,18.0
0,h11_h61,1764296842,18.0
0,h11_h61,1764296843,37.29086843690732
0,h11_h61,1764296844,35.28428304284223
0,h11_h61,1764296845,40.21630687390474
0,h11_h61,1764296846,38.36185477485317
0,h11_h61,1764296847,18.0
0,h11_h61,1764296848,18.0
0,h11_h61,1764296849,18.0
0,h11_h61,1764296850,18.0
0,h11_h61,1764296851,21.785204876460156
0,h11_h61,1764296852,21.319024683564344
0,h11_h61,1764296853,18.0
0,h11_h61,1764296854,32.69013022877013
0,h11_h61,1764296855,31.611952928780585
0,h11_h61,1764296856,18.318697038412044
0,h11_h61,1764296857,18.28207623879104
0,h11_h61,1764296858,18.0
0,h11_h61,1764296859,18.0
0,h11_h61,1764296860,36.649914504385066
0,h11_h61,1764296861,36.39281064989402
0,h11_h61,1764296862,78.5692363997595
0,h11_h61,1764296863,140.80768771364754
0,h11_h61,1764296864,127.532642113572
0,h11_h61,1764296865,128.09926402490203
0,h11_h61,1764296866,127.03194294319442
0,h11_h61,1764296867,115.74109896412058
0,h11_h61,1764296868,86.61482546321969
0,h11_h61,1764296869,61.18365363075715
0,h11_h61,1764296870,74.47634261515927
0,h11_h61,1764296871,82.4506003026275
0,h11_h61,1764296872,54.14894737581819
0,h11_h61,1764296873,35.00813737365179
0,h11_h61,1764296874,35.660023252385514
0,h11_h61,1764296875,18.251771368240103
0,h11_h61,1764296876,18.24851465765463
0,h11_h61,1764296877,60.526815128261866
0,h11_h61,1764296878,120.41590322871689
0,h11_h61,1764296879,135.61597532166934
0,h11_h61,1764296880,166.3506572380986
0,h11_h61,1764296881,225.4585438957237
0,h11_h61,1764296882,225.51121266150113
0,h11_h61,1764296883,214.29886652432
0,h11_h61,1764296884,205.85211973957476
0,h11_h61,1764296885,145.59137298913186
0,h11_h61,1764296886,68.57114392641645
0,h11_h61,1764296887,105.15940422583998
0,h11_h61,1764296888,128.17392908391557
0,h11_h61,1764296889,93.70768295932996
0,h11_h61,1764296890,62.16756539148626
0,h11_h61,1764296891,111.87390082052
0,h11_h61,1764296892,134.14929361037662
0,h11_h61,1764296893,127.6266199079808
0,h11_h61,1764296894,95.01199585784944
0,h11_h61,1764296895,38.56708698710271
0,h11_h61,1764296896,18.6040217765485
0,h11_h61,1764296897,18.26068591440408
0,h11_h61,1764296898,18.047755443523084
0,h11_h61,1764296899,18.052352888219055
0,h11_h61,1764296900,18.0
0,h11_h61,1764296901,18.047435673630886
0,h11_h61,1764296902,35.294396048471
0,h11_h61,1764296903,51.856611422284864
0,h11_h61,1764296904,85.93928148090899
0,h11_h61,1764296905,141.2310605633536
0,h11_h61,1764296906,130.3146748846046
0,h11_h61,1764296907,118.16909270794744
0,h11_h61,1764296908,114.6314974259985
0,h11_h61,1764296909,147.75403927750705
0,h11_h61,1764296910,150.60095101970413
0,h11_h61,1764296911,51.365238663420925
0,h11_h61,1764296912,88.00198098254823
0,h11_h61,1764296913,82.11361037638265
0,h11_h61,1764296914,157.07702592978478
0,h11_h61,1764296915,314.175829154864
0,h11_h61,1764296916,333.7747090453938
0,h11_h61,1764296917,310.29306006581874
0,h11_h61,1764296918,231.8624934864895
0,h11_h61,1764296919,109.4523923956682
0,h11_h61,1764296920,55.80410772985915
0,h11_h61,1764296921,68.26922505045198
0,h11_h61,1764296922,96.19287958048724
0,h11_h61,1764296923,89.51850880947569
0,h11_h61,1764296924,89.1423173893088
0,h11_h61,1764296925,196.7362644646543
0,h11_h61,1764296926,190.62381763446712
0,h11_h61,1764296927,171.11838208779875
0,h11_h61,1764296928,155.37651623272615
0,h11_h61,1764296929,141.01051465121688
0,h11_h61,1764296930,124.02559908363958
0,h11_h61,1764296931,115.66144299451958
0,h11_h61,1764296932,109.74789059639872
0,h11_h61,1764296933,98.1821492296262
0,h11_h61,1764296934,109.86849353783722
0,h11_h61,1764296935,138.0
0,h11_h61,1764296936,119.0014887015816
0,h11_h61,1764296937,65.43176858799833
0,h11_h61,1764296938,31.893312825732433
0,h11_h61,1764296939,32.91537955438713
0,h11_h61,1764296940,63.40604605060215
0,h11_h61,1764296941,97.65912928001616
0,h11_h61,1764296942,131.5399394197905
0,h11_h61,1764296943,122.2132710445249
0,h11_h61,1764296944,114.64370507144604
0,h11_h61,1764296945,89.32573961771288
0,h11_h61,1764296946,30.55084481738104
0,h11_h61,1764296947,18.117150511068346
0,h11_h61,1764296948,28.044382318067115
0,h11_h61,1764296949,43.132183003781584
0,h11_h61,1764296950,76.42565768851495
0,h11_h61,1764296951,168.3569984648726
0,h11_h61,1764296952,254.56935583318392
0,h11_h61,1764296953,236.6837318871339
0,h11_h61,1764296954,212.40885064889255
0,h11_h61,1764296955,106.33510596386836
0,h11_h61,1764296956,23.643327141413614
0,h11_h61,1764296957,18.319716786156786
0,h11_h61,1764296958,31.39725008042552
0,h11_h61,1764296959,39.53547829661433
0,h11_h61,1764296960,18.380773684635393
0,h11_h61,1764296961,62.46044857296077
0,h11_h61,1764296962,142.1039802799495
0,h11_h61,1764296963,137.0
0,h11_h61,1764296964,144.21145930943413
0,h11_h61,1764296965,173.68089322820822
0,h11_h61,1764296966,212.8188427075575
0,h11_h61,1764296967,248.97195632689568
0,h11_h61,1764296968,273.3069524117633
0,h11_h61,1764296969,300.26656558335475
0,h11_h61,1764296970,347.12103653554334
0,h11_h61,1764296971,366.0
0,h11_h61,1764296972,366.0
0,h11_h61,1764296973,349.8152802766106
0,h11_h61,1764296974,56.44855212534113
0,h11_h61,1764296975,110.47470147566084
0,h11_h61,1764296976,165.28513669817977
0,h11_h61,1764296977,195.58510592522416
0,h11_h61,1764296978,208.58837559961637
0,h11_h61,1764296979,222.3825445023693
0,h11_h61,1764296980,236.02326850171752
0,h11_h61,1764296981,247.5688721975862
0,h11_h61,1764296982,250.58416852888672
0,h11_h61,1764296983,248.27766174577943
0,h11_h61,1764296984,249.86373005043353
0,h11_h61,1764296985,249.0
0,h11_h61,1764296986,215.67145820778103
0,h11_h61,1764296987,77.50084090223585
0,h11_h61,1764296988,137.24459485437407
0,h11_h61,1764296989,136.5395676933721
0,h11_h61,1764296990,132.49324877167803
0,h11_h61,1764296991,135.45035991432616
0,h11_h61,1764296992,136.90035724581728
0,h11_h61,1764296993,126.50417770599894
0,h11_h61,1764296994,119.17743491567444
0,h11_h61,1764296995,101.43378894506426
0,h11_h61,1764296996,108.8006568750886
0,h11_h61,1764296997,134.23392758933483
0,h11_h61,1764296998,135.46377634013592
0,h11_h61,1764296999,135.62106845912348
0,h11_h61,1764297000,167.27437098596414
0,h11_h61,1764297001,317.40873094674066
0,h11_h61,1764297002,366.7376138265019
0,h11_h61,1764297003,367.0
0,h11_h61,1764297004,367.0
0,h11_h61,1764297005,366.00691118435486
0,h11_h61,1764297006,366.0
0,h11_h61,1764297007,366.0
0,h11_h61,1764297008,365.00853303751944
0,h11_h61,1764297009,365.0
0,h11_h61,1764297010,363.01752523838775
0,h11_h61,1764297011,315.05730221565733
0,h11_h61,1764297012,76.41628749734744
0,h11_h61,1764297013,195.77037090413648
0,h11_h61,1764297014,193.94991063131468
0,h11_h61,1764297015,164.67597330727875
0,h11_h61,1764297016,189.4900708469105
0,h11_h61,1764297017,234.44894648047557
0,h11_h61,1764297018,225.2612075138317
0,h11_h61,1764297019,191.2103073758093
0,h11_h61,1764297020,200.4003065905743
0,h11_h61,1764297021,218.517306499992
0,h11_h61,1764297022,244.84996962236173
0,h11_h61,1764297023,251.53378275488828
0,h11_h61,1764297024,216.9186210625055
0,h11_h61,1764297025,91.89060127950049
0,h11_h61,1764297026,148.4751302221493
0,h11_h61,1764297027,169.67569336863605
0,h11_h61,1764297028,131.60216801003557
0,h11_h61,1764297029,127.9836433304332
0,h11_h61,1764297030,113.8965637466788
0,h11_h61,1764297031,72.96575587133972
0,h11_h61,1764297032,18.208065600570464
0,h11_h61,1764297033,18.030539930579536
0,h11_h61,1764297034,18.069565583966927
0,h11_h61,1764297035,18.030329381184636
0,h11_h61,1764297036,36.178619176923505
0,h11_h61,1764297037,72.15251384283414
0,h11_h61,1764297038,39.338642514164874
0,h11_h61,1764297039,39.87333313436057
0,h11_h61,1764297040,62.44740706532721
0,h11_h61,1764297041,52.158044132897
0,h11_h61,1764297042,60.50165345116174
0,h11_h61,1764297043,68.57812264030397
0,h11_h61,1764297044,77.25372855659245
0,h11_h61,1764297045,85.52020426194457
0,h11_h61,1764297046,94.02325645112376
0,h11_h61,1764297047,102.65305625786183
0,h11_h61,1764297048,131.0515629012688
0,h11_h61,1764297049,234.21668187554425
0,h11_h61,1764297050,217.90501124290935
0,h11_h61,1764297051,18.1
0,h11_h61,1764297052,18.1
0,h11_h61,1764297053,18.1
0,h11_h61,1764297054,18.1
0,h11_h61,1764297055,18.1
0,h11_h61,1764297056,18.1
0,h11_h61,1764297057,18.1
0,h11_h61,1764297058,18.1
0,h11_h61,1764297059,18.1
0,h11_h61,1764297060,18.1
0,h11_h61,1764297061,27.35313174011542
0,h11_h61,1764297062,44.2828444784104
0,h11_h61,1764297063,18.2359531555256
0,h11_h61,1764297064,18.464786841901542
0,h11_h61,1764297065,18.1
0,h11_h61,1764297066,32.76131397872365
0,h11_h61,1764297067,71.08231099844399
0,h11_h61,1764297068,44.98073911601425
0,h11_h61,1764297069,27.24948735220483
0,h11_h61,1764297070,45.54731857777694
0,h11_h61,1764297071,18.1
0,h11_h61,1764297072,27.307359747188695
0,h11_h61,1764297073,46.12560647965621
0,h11_h61,1764297074,18.074109367337982
0,h11_h61,1764297075,26.162997601575515
0,h11_h61,1764297076,43.04808411049411
0,h11_h61,1764297077,18.1
0,h11_h61,1764297078,26.306074526067253
0,h11_h61,1764297079,43.81583104327103
0,h11_h61,1764297080,18.1
0,h11_h61,1764297081,18.1
0,h11_h61,1764297082,18.1
0,h11_h61,1764297083,18.1
0,h11_h61,1764297084,25.37661891930813
0,h11_h61,1764297085,48.917383002722175
0,h11_h61,1764297086,43.61028769479322
0,h11_h61,1764297087,27.157011079291333
0,h11_h61,1764297088,48.51543286050915
0,h11_h61,1764297089,18.1
0,h11_h61,1764297090,18.1
0,h11_h61,1764297091,18.1
0,h11_h61,1764297092,18.1
0,h11_h61,1764297093,18.1
0,h11_h61,1764297094,18.1
0,h11_h61,1764297095,18.1
0,h11_h61,1764297096,18.1
0,h11_h61,1764297097,18.1
0,h11_h61,1764297098,18.1
0,h11_h61,1764297099,18.1
0,h11_h61,1764297100,18.1
0,h11_h61,1764297101,18.1
0,h11_h61,1764297102,18.1
0,h11_h61,1764297103,25.576278912767577
0,h11_h61,1764297104,45.632927868678664
0,h11_h61,1764297105,24.19994516702176
0,h11_h61,1764297106,40.93086075185848
0,h11_h61,1764297107,18.1
0,h11_h61,1764297108,18.1
0,h11_h61,1764297109,24.527935659748746
0,h11_h61,1764297110,42.660248405729355
0,h11_h61,1764297111,18.1
0,h11_h61,1764297112,18.1
0,h11_h61,1764297113,18.1
0,h11_h61,1764297114,18.1
0,h11_h61,1764297115,24.843806459539536
0,h11_h61,1764297116,45.16806017130658
0,h11_h61,1764297117,18.1
0,h11_h61,1764297118,18.079309953910556
0,h11_h61,1764297119,18.02058153571591
0,h11_h61,1764297120,18.1
0,h11_h61,1764297121,18.120356532150595
0,h11_h61,1764297122,18.17972911627322
0,h11_h61,1764297123,23.649963546402372
0,h11_h61,1764297124,48.25668173168411
0,h11_h61,1764297125,54.319339029998446
0,h11_h61,1764297126,35.57287302396192
0,h11_h61,1764297127,19.628993288782777
0,h11_h61,1764297128,24.86636212880567
0,h11_h61,1764297129,47.99575674952641
0,h11_h61,1764297130,24.916026632480047
0,h11_h61,1764297131,48.80226871357056
0,h11_h61,1764297132,18.1
0,h11_h61,1764297133,23.996452807307858
0,h11_h61,1764297134,45.120965670684186
0,h11_h61,1764297135,18.230474815863687
0,h11_h61,1764297136,18.652244315082942
0,h11_h61,1764297137,23.141158292219323
0,h11_h61,1764297138,42.25715679784318
0,h11_h61,1764297139,23.92353867272289
0,h11_h61,1764297140,46.3630802727401
0,h11_h61,1764297141,24.18981793884834
0,h11_h61,1764297142,48.306251980411574
0,h11_h61,1764297143,23.07710657817161
0,h11_h61,1764297144,42.937354105834
0,h11_h61,1764297145,18.1
0,h11_h61,1764297146,18.1
0,h11_h61,1764297147,18.1
0,h11_h61,1764297148,18.083048426229126
0,h11_h61,1764297149,18.01684442579507
0,h11_h61,1764297150,18.1
0,h11_h61,1764297151,18.083374516919985
0,h11_h61,1764297152,18.016567812291473
0,h11_h61,1764297153,23.24834368761678
0,h11_h61,1764297154,46.02476505022996
0,h11_h61,1764297155,18.1
0,h11_h61,1764297156,18.1
0,h11_h61,1764297157,18.1
0,h11_h61,1764297158,22.453319438109776
0,h11_h61,1764297159,42.44070974510349
0,h11_h61,1764297160,18.1
0,h11_h61,1764297161,18.1
0,h11_h61,1764297162,22.573084115435613
0,h11_h61,1764297163,44.08470451514032
0,h11_h61,1764297164,18.015182636875256
0,h11_h61,1764297165,18.1
0,h11_h61,1764297166,18.1
0,h11_h61,1764297167,18.1
0,h11_h61,1764297168,18.1
0,h11_h61,1764297169,18.1
0,h11_h61,1764297170,18.1
0,h11_h61,1764297171,18.1
0,h11_h61,1764297172,18.1
0,h11_h61,1764297173,18.1
0,h11_h61,1764297174,22.9556238614513
0,h11_h61,1764297175,51.143981039114514
0,h11_h61,1764297176,27.512526781919224
0,h11_h61,1764297177,22.42134696176587
0,h11_h61,1764297178,47.42969341113297
0,h11_h61,1764297179,18.1
0,h11_h61,1764297180,18.08678619359218
0,h11_h61,1764297181,18.0
0,h11_h61,1764297182,21.480411656110075
0,h11_h61,1764297183,42.640519898708696
0,h11_h61,1764297184,18.1
0,h11_h61,1764297185,22.54761778148331
0,h11_h61,1764297186,51.235873770242335
0,h11_h61,1764297187,22.70899476977087
0,h11_h61,1764297188,53.416953279968624
0,h11_h61,1764297189,18.012082680409424
0,h11_h61,1764297190,23.429798794194255
0,h11_h61,1764297191,61.18109068978033
0,h11_h61,1764297192,18.1
0,h11_h61,1764297193,18.1
0,h11_h61,1764297194,18.1
0,h11_h61,1764297195,18.1
0,h11_h61,1764297196,18.18988724260995
0,h11_h61,1764297197,18.811518459635263
0,h11_h61,1764297198,18.1
0,h11_h61,1764297199,18.1
0,h11_h61,1764297200,18.1
0,h11_h61,1764297201,21.098891427441696
0,h11_h61,1764297202,44.61033489207628
0,h11_h61,1764297203,18.089584095534267
0,h11_h61,1764297204,18.0
0,h11_h61,1764297205,18.0
0,h11_h61,1764297206,18.010114893310973
0,h11_h61,1764297207,18.1
0,h11_h61,1764297208,18.1
0,h11_h61,1764297209,18.1
0,h11_h61,1764297210,18.1
0,h11_h61,1764297211,21.546592322003487
0,h11_h61,1764297212,54.75985551528293
0,h11_h61,1764297213,40.976752975337185
0,h11_h61,1764297214,18.1
0,h11_h61,1764297215,18.1
0,h11_h61,1764297216,20.58304268164785
0,h11_h61,1764297217,45.05172960574446
0,h11_h61,1764297218,18.1
0,h11_h61,1764297219,18.1
0,h11_h61,1764297220,18.1
0,h11_h61,1764297221,20.665149767737283
0,h11_h61,1764297222,48.45596825773296
0,h11_h61,1764297223,18.1
0,h11_h61,1764297224,18.1
0,h11_h61,1764297225,18.1
0,h11_h61,1764297226,20.314213789831147
0,h11_h61,1764297227,46.07760601851773
0,h11_h61,1764297228,18.1
0,h11_h61,1764297229,18.09262807046627
0,h11_h61,1764297230,18.007269929255898
0,h11_h61,1764297231,20.392962036311932
0,h11_h61,1764297232,49.939560342405215
0,h11_h61,1764297233,18.56538164588524
0,h11_h61,1764297234,19.903173949584705
0,h11_h61,1764297235,44.187752834703005
0,h11_h61,1764297236,18.1
0,h11_h61,1764297237,18.1
0,h11_h61,1764297238,18.157000730888413
0,h11_h61,1764297239,20.68240987156197
0,h11_h61,1764297240,46.21699827471264
0,h11_h61,1764297241,20.112482698327568
0,h11_h61,1764297242,54.1
0,h11_h61,1764297243,53.25750770192768
0,h11_h61,1764297244,18.0
0,h11_h61,1764297245,19.754010416594536
0,h11_h61,1764297246,49.11440772446745
0,h11_h61,1764297247,18.005379423053657
0,h11_h61,1764297248,18.094727454514626
0,h11_h61,1764297249,19.81501306608098
0,h11_h61,1764297250,54.38714618454333
0,h11_h61,1764297251,52.99261219183941
0,h11_h61,1764297252,18.0
0,h11_h61,1764297253,18.0
0,h11_h61,1764297254,18.0
0,h11_h61,1764297255,19.237382820668813
0,h11_h61,1764297256,46.054995112596515
0,h11_h61,1764297257,18.0
0,h11_h61,1764297258,18.0
0,h11_h61,1764297259,18.0
0,h11_h61,1764297260,18.0
0,h11_h61,1764297261,18.003821573071388
0,h11_h61,1764297262,18.096283311043603
0,h11_h61,1764297263,18.0
0,h11_h61,1764297264,18.0
0,h11_h61,1764297265,18.0
0,h11_h61,1764297266,18.0
0,h11_h61,1764297267,18.0
0,h11_h61,1764297268,19.165111223241304
0,h11_h61,1764297269,56.66582614873522
0,h11_h61,1764297270,18.0
0,h11_h61,1764297271,18.0
0,h11_h61,1764297272,18.0
0,h11_h61,1764297273,18.0
0,h11_h61,1764297274,18.0
0,h11_h61,1764297275,18.0
0,h11_h61,1764297276,18.61100130620659
0,h11_h61,1764297277,46.57705456665288
0,h11_h61,1764297278,18.0
0,h11_h61,1764297279,18.0
0,h11_h61,1764297280,18.0
0,h11_h61,1764297281,18.52632293420631
0,h11_h61,1764297282,51.65543508597725
0,h11_h61,1764297283,49.550305770783304
0,h11_h61,1764297284,45.66065954756305
0,h11_h61,1764297285,18.0
0,h11_h61,1764297286,18.000939128247982
0,h11_h61,1764297287,18.1
0,h11_h61,1764297288,18.1
0,h11_h61,1764297289,18.1
0,h11_h61,1764297290,18.099516204056
0,h11_h61,1764297291,18.0
0,h11_h61,1764297292,18.0
0,h11_h61,1764297293,18.05888322718993
0,h11_h61,1764297294,49.78732044913719
0,h11_h61,1764297295,18.031449603883143
0,h11_h61,1764297296,18.0
0,h11_h61,1764297297,18.099770070232616
0,h11_h61,1764297298,18.1
0,h11_h61,1764297299,18.895660378346246
0,h11_h61,1764297300,48.94358179394401
0,h11_h61,1764297301,18.344448664973427
0,h11_h61,1764297302,18.1
0,h11_h61,1764297303,18.1
0,h11_h61,1764297304,18.1
0,h11_h61,1764297305,18.1
0,h11_h61,1764297306,18.1
0,h11_h61,1764297307,18.1
0,h11_h61,1764297308,18.1
0,h11_h61,1764297309,18.1
0,h11_h61,1764297310,18.1
0,h11_h61,1764297311,18.00176810209403
0,h11_h61,1764297312,18.0
0,h11_h61,1764297313,18.098072233953403
0,h11_h61,1764297314,18.002033656747663
0,h11_h61,1764297315,18.097850973421572
0,h11_h61,1764297316,18.1
0,h11_h61,1764297317,18.1
0,h11_h61,1764297318,18.1
0,h11_h61,1764297319,18.1
0,h11_h61,1764297320,18.1
0,h11_h61,1764297321,18.1
0,h11_h61,1764297322,18.1
0,h11_h61,1764297323,18.1
0,h11_h61,1764297324,18.1
0,h11_h61,1764297325,18.1
0,h11_h61,1764297326,18.1
0,h11_h61,1764297327,18.1
0,h11_h61,1764297328,18.1
0,h11_h61,1764297329,18.1
0,h11_h61,1764297330,18.1
0,h11_h61,1764297331,18.1
0,h11_h61,1764297332,18.1
0,h11_h61,1764297333,18.1
0,h11_h61,1764297334,18.1
0,h11_h61,1764297335,18.1
0,h11_h61,1764297336,18.1
0,h11_h61,1764297337,18.1
0,h11_h61,1764297338,18.1
0,h11_h61,1764297339,18.1
0,h11_h61,1764297340,18.1
0,h11_h61,1764297341,18.1
0,h11_h61,1764297342,18.1
0,h11_h61,1764297343,18.1
0,h11_h61,1764297344,18.1
0,h11_h61,1764297345,18.1
0,h11_h61,1764297346,18.1
0,h11_h61,1764297347,18.1
0,h11_h61,1764297348,18.1
0,h11_h61,1764297349,18.1
0,h11_h61,1764297350,18.005932385246002
0,h11_h61,1764297351,18.09395175127447
0,h11_h61,1764297352,18.1
0,h11_h61,1764297353,18.1
0,h11_h61,1764297354,18.006386208696778
0,h11_h61,1764297355,18.093502004516296
0,h11_h61,1764297356,18.006604766013673
0,h11_h61,1764297357,18.0
0,h11_h61,1764297358,18.0
0,h11_h61,1764297359,18.0
0,h11_h61,1764297360,18.0
0,h11_h61,1764297361,18.0
0,h11_h61,1764297362,18.0
0,h11_h61,1764297363,18.0
0,h11_h61,1764297364,18.0
0,h11_h61,1764297365,18.0
0,h11_h61,1764297366,18.0
0,h11_h61,1764297367,18.0
0,h11_h61,1764297368,18.0
0,h11_h61,1764297369,18.0
0,h11_h61,1764297370,18.0
0,h11_h61,1764297371,18.0
0,h11_h61,1764297372,18.0
0,h11_h61,1764297373,18.0
0,h11_h61,1764297374,18.0
0,h11_h61,1764297375,18.0
0,h11_h61,1764297376,18.0
0,h11_h61,1764297377,18.0
0,h11_h61,1764297378,18.0
0,h11_h61,1764297379,18.0
0,h11_h61,1764297380,18.0
0,h11_h61,1764297381,18.0
0,h11_h61,1764297382,18.0
0,h11_h61,1764297383,18.0
0,h11_h61,1764297384,18.0
0,h11_h61,1764297385,18.0
0,h11_h61,1764297386,18.0
0,h11_h61,1764297387,18.0
0,h11_h61,1764297388,18.0
0,h11_h61,1764297389,18.0
0,h11_h61,1764297390,18.0
0,h11_h61,1764297391,18.0
0,h11_h61,1764297392,18.0
0,h11_h61,1764297393,18.0
0,h11_h61,1764297394,18.0
0,h11_h61,1764297395,18.0
0,h11_h61,1764297396,18.0
0,h11_h61,1764297397,18.0
0,h11_h61,1764297398,18.0
0,h11_h61,1764297399,18.0
0,h11_h61,1764297400,18.08899060736499
0,h11_h61,1764297401,18.1
0,h11_h61,1764297402,18.1
0,h11_h61,1764297403,18.1
0,h11_h61,1764297404,18.1
0,h11_h61,1764297405,18.1
0,h11_h61,1764297406,18.1
0,h11_h61,1764297407,18.1
0,h11_h61,1764297408,18.1
0,h11_h61,1764297409,18.1
0,h11_h61,1764297410,18.1
0,h12_h62,1764293640,
0,h12_h62,1764293641,11.579008077629217
0,h12_h62,1764293642,11.2
0,h12_h62,1764293643,10.905973090222362
0,h12_h62,1764293644,10.9
0,h12_h62,1764293645,10.802365266682374
0,h12_h62,1764293646,11.676995866333929
0,h12_h62,1764293647,11.797330566630333
0,h12_h62,1764293648,11.897208903599898
0,h12_h62,1764293649,11.705757811731395
0,h12_h62,1764293650,11.89399990570158
0,h12_h62,1764293651,12.093740316422464
0,h12_h62,1764293652,12.003215787502752
0,h12_h62,1764293653,11.129191211488047
0,h12_h62,1764293654,12.16204185691528
0,h12_h62,1764293655,11.910595705265406
0,h12_h62,1764293656,11.80361806373418
0,h12_h62,1764293657,12.184935465494268
0,h12_h62,1764293658,12.00770783198972
0,h12_h62,1764293659,11.903952492160826
0,h12_h62,1764293660,11.995936815010912
0,h12_h62,1764293661,11.136711246474505
0,h12_h62,1764293662,11.961549328047273
0,h12_h62,1764293663,12.0
0,h12_h62,1764293664,10.8524398744584
0,h12_h62,1764293665,10.991026451871614
0,h12_h62,1764293666,11.0
0,h12_h62,1764293667,11.8569744894572
0,h12_h62,1764293668,11.709730917272148
0,h12_h62,1764293669,11.604965388001172
0,h12_h62,1764293670,11.69492317943818
0,h12_h62,1764293671,11.510327188182634
0,h12_h62,1764293672,11.5
0,h12_h62,1764293673,11.689224017430853
0,h12_h62,1764293674,11.605486201903645
0,h12_h62,1764293675,11.222213861862665
0,h12_h62,1764293676,11.95418035199933
0,h12_h62,1764293677,11.057452436266804
0,h12_h62,1764293678,11.188282270620237
0,h12_h62,1764293679,11.01189622603306
0,h12_h62,1764293680,10.906044818619714
0,h12_h62,1764293681,10.9
0,h12_h62,1764293682,10.9
0,h12_h62,1764293683,10.9
0,h12_h62,1764293684,10.526032129173704
0,h12_h62,1764293685,10.593325848371688
0,h12_h62,1764293686,10.6
0,h12_h62,1764293687,10.693109895723556
0,h12_h62,1764293688,10.7
0,h12_h62,1764293689,10.7
0,h12_h62,1764293690,10.7
0,h12_h62,1764293691,10.792677810418107
0,h12_h62,1764293692,11.539541665923428
0,h12_h62,1764293693,69.13745716340378
0,h12_h62,1764293694,121.08038661143388
0,h12_h62,1764293695,118.8009793099982
0,h12_h62,1764293696,115.18502642717462
0,h12_h62,1764293697,117.43488419315192
0,h12_h62,1764293698,134.64529234701678
0,h12_h62,1764293699,23.260727425820505
0,h12_h62,1764293700,64.45797263521938
0,h12_h62,1764293701,111.20659665729922
0,h12_h62,1764293702,48.59925316127695
0,h12_h62,1764293703,13.168527312686336
0,h12_h62,1764293704,10.6
0,h12_h62,1764293705,10.690692933100449
0,h12_h62,1764293706,10.428319134026834
0,h12_h62,1764293707,10.4
0,h12_h62,1764293708,10.49026571657248
0,h12_h62,1764293709,48.82853511028405
0,h12_h62,1764293710,15.22360860191585
0,h12_h62,1764293711,10.6
0,h12_h62,1764293712,10.6
0,h12_h62,1764293713,10.420819435536364
0,h12_h62,1764293714,10.48946159419893
0,h12_h62,1764293715,10.5
0,h12_h62,1764293716,90.56434284863997
0,h12_h62,1764293717,129.09736153664997
0,h12_h62,1764293718,108.0467343076601
0,h12_h62,1764293719,100.20027705567416
0,h12_h62,1764293720,105.55448866323086
0,h12_h62,1764293721,107.0
0,h12_h62,1764293722,110.92883868497997
0,h12_h62,1764293723,118.98508660327506
0,h12_h62,1764293724,70.87947302869523
0,h12_h62,1764293725,16.64491166779886
0,h12_h62,1764293726,10.676204147733076
0,h12_h62,1764293727,10.43603456529039
0,h12_h62,1764293728,10.575676287522564
0,h12_h62,1764293729,10.950822766786072
0,h12_h62,1764293730,10.561792957616596
0,h12_h62,1764293731,10.937299235440973
0,h12_h62,1764293732,11.436499175868908
0,h12_h62,1764293733,10.714926469589551
0,h12_h62,1764293734,10.6
0,h12_h62,1764293735,10.6
0,h12_h62,1764293736,11.0343821180172
0,h12_h62,1764293737,11.4468915267084
0,h12_h62,1764293738,11.066891262440722
0,h12_h62,1764293739,11.0
0,h12_h62,1764293740,10.826990198997848
0,h12_h62,1764293741,10.627135307296772
0,h12_h62,1764293742,10.513663694277223
0,h12_h62,1764293743,10.758606663149354
0,h12_h62,1764293744,10.627779381777296
0,h12_h62,1764293745,10.6
0,h12_h62,1764293746,67.40231942911153
0,h12_h62,1764293747,21.419333840628497
0,h12_h62,1764293748,10.942653426121902
0,h12_h62,1764293749,10.743269933787708
0,h12_h62,1764293750,10.614514358697562
0,h12_h62,1764293751,10.6853416789007
0,h12_h62,1764293752,10.529509235482164
0,h12_h62,1764293753,10.5
0,h12_h62,1764293754,10.58495727740904
0,h12_h62,1764293755,10.68479119752328
0,h12_h62,1764293756,10.615366767407847
0,h12_h62,1764293757,10.6
0,h12_h62,1764293758,10.6
0,h12_h62,1764293759,96.3907237035756
0,h12_h62,1764293760,121.80815278563912
0,h12_h62,1764293761,90.5234589812118
0,h12_h62,1764293762,119.85850506797328
0,h12_h62,1764293763,134.0
0,h12_h62,1764293764,137.5802135821305
0,h12_h62,1764293765,34.286105871042466
0,h12_h62,1764293766,10.94750762747573
0,h12_h62,1764293767,73.94791429930135
0,h12_h62,1764293768,106.3550074430809
0,h12_h62,1764293769,125.26652056431456
0,h12_h62,1764293770,126.09013188240448
0,h12_h62,1764293771,107.43546811306136
0,h12_h62,1764293772,105.33608900465094
0,h12_h62,1764293773,125.26368765580678
0,h12_h62,1764293774,129.5083947667878
0,h12_h62,1764293775,125.89524588122865
0,h12_h62,1764293776,120.05619151861872
0,h12_h62,1764293777,34.948185091642486
0,h12_h62,1764293778,58.98183587283628
0,h12_h62,1764293779,104.71040901772514
0,h12_h62,1764293780,95.86266267029144
0,h12_h62,1764293781,66.02835023953936
0,h12_h62,1764293782,30.257251746891622
0,h12_h62,1764293783,13.406062966983844
0,h12_h62,1764293784,11.021603654182622
0,h12_h62,1764293785,11.234803049606704
0,h12_h62,1764293786,11.065525578324554
0,h12_h62,1764293787,11.234223062913255
0,h12_h62,1764293788,10.8320248227736
0,h12_h62,1764293789,10.54428291854043
0,h12_h62,1764293790,10.65547139975566
0,h12_h62,1764293791,10.7
0,h12_h62,1764293792,10.544947342623868
0,h12_h62,1764293793,10.73237823509948
0,h12_h62,1764293794,10.722617855006364
0,h12_h62,1764293795,76.67791895363418
0,h12_h62,1764293796,121.87355277070314
0,h12_h62,1764293797,76.965234296219
0,h12_h62,1764293798,80.68453612486925
0,h12_h62,1764293799,113.32928397452731
0,h12_h62,1764293800,127.92208373274624
0,h12_h62,1764293801,126.72501321772992
0,h12_h62,1764293802,44.32264548942854
0,h12_h62,1764293803,11.810835796788917
0,h12_h62,1764293804,11.23809080157393
0,h12_h62,1764293805,11.01558544532144
0,h12_h62,1764293806,11.053695326619575
0,h12_h62,1764293807,11.02317079596037
0,h12_h62,1764293808,11.537723776783068
0,h12_h62,1764293809,10.777100808842556
0,h12_h62,1764293810,10.884470469147605
0,h12_h62,1764293811,53.55779517450908
0,h12_h62,1764293812,103.03080835228448
0,h12_h62,1764293813,106.88526864608532
0,h12_h62,1764293814,34.16224858619593
0,h12_h62,1764293815,10.608614934942713
0,h12_h62,1764293816,10.4
0,h12_h62,1764293817,10.55349679484201
0,h12_h62,1764293818,10.44659304884777
0,h12_h62,1764293819,10.553312137306786
0,h12_h62,1764293820,70.17463252161454
0,h12_h62,1764293821,118.64549926221936
0,h12_h62,1764293822,107.22843861080229
0,h12_h62,1764293823,89.24245236509572
0,h12_h62,1764293824,34.54222905420325
0,h12_h62,1764293825,16.1
0,h12_h62,1764293826,16.024580420205208
0,h12_h62,1764293827,11.91030869399358
0,h12_h62,1764293828,10.978613550607978
0,h12_h62,1764293829,10.721786226261871
0,h12_h62,1764293830,10.9775506900628
0,h12_h62,1764293831,10.79828751814514
0,h12_h62,1764293832,10.7
0,h12_h62,1764293833,10.62475798588804
0,h12_h62,1764293834,10.6
0,h12_h62,1764293835,10.6
0,h12_h62,1764293836,10.6
0,h12_h62,1764293837,10.450298212914204
0,h12_h62,1764293838,10.549483200073157
0,h12_h62,1764293839,10.6
0,h12_h62,1764293840,10.6
0,h12_h62,1764293841,11.86315871189984
0,h12_h62,1764293842,11.037165651452248
0,h12_h62,1764293843,10.525813761943985
0,h12_h62,1764293844,10.5
0,h12_h62,1764293845,10.942992700677827
0,h12_h62,1764293846,11.17369770821033
0,h12_h62,1764293847,11.126413902700811
0,h12_h62,1764293848,11.026517755427568
0,h12_h62,1764293849,11.073372240370423
0,h12_h62,1764293850,11.02673471161873
0,h12_h62,1764293851,14.85722955407047
0,h12_h62,1764293852,12.58219995375231
0,h12_h62,1764293853,11.2
0,h12_h62,1764293854,11.2
0,h12_h62,1764293855,10.981785160613851
0,h12_h62,1764293856,10.681995149645514
0,h12_h62,1764293857,10.6
0,h12_h62,1764293858,10.96207231851223
0,h12_h62,1764293859,11.172285024771218
0,h12_h62,1764293860,11.127815216764748
0,h12_h62,1764293861,10.66721963389148
0,h12_h62,1764293862,10.788036687210065
0,h12_h62,1764293863,37.82009666250475
0,h12_h62,1764293864,22.186906005745804
0,h12_h62,1764293865,10.556769675646812
0,h12_h62,1764293866,10.428534120531836
0,h12_h62,1764293867,10.4
0,h12_h62,1764293868,10.4
0,h12_h62,1764293869,10.4
0,h12_h62,1764293870,10.4
0,h12_h62,1764293871,10.47087180987008
0,h12_h62,1764293872,10.85364518008032
0,h12_h62,1764293873,10.717436124349412
0,h12_h62,1764293874,10.529434202555231
0,h12_h62,1764293875,10.429562629924517
0,h12_h62,1764293876,10.5405586219307
0,h12_h62,1764293877,10.6
0,h12_h62,1764293878,10.67000570005343
0,h12_h62,1764293879,10.630161289170822
0,h12_h62,1764293880,10.460622279995048
0,h12_h62,1764293881,10.4
0,h12_h62,1764293882,10.4
0,h12_h62,1764293883,10.4
0,h12_h62,1764293884,10.4
0,h12_h62,1764293885,10.538060234470873
0,h12_h62,1764293886,10.6
0,h12_h62,1764293887,10.6
0,h12_h62,1764293888,10.46254146073272
0,h12_h62,1764293889,10.4
0,h12_h62,1764293890,10.4
0,h12_h62,1764293891,10.4
0,h12_h62,1764293892,10.4
0,h12_h62,1764293893,10.4
0,h12_h62,1764293894,10.671518522387808
0,h12_h62,1764293895,10.664481781320584
0,h12_h62,1764293896,13.09271450399638
0,h12_h62,1764293897,11.807828534365491
0,h12_h62,1764293898,10.465330024780814
0,h12_h62,1764293899,10.4
0,h12_h62,1764293900,10.4
0,h12_h62,1764293901,12.336489521393856
0,h12_h62,1764293902,11.698224346446258
0,h12_h62,1764293903,11.166503167887951
0,h12_h62,1764293904,10.967392426518009
0,h12_h62,1764293905,11.131784662521232
0,h12_h62,1764293906,10.770030246771045
0,h12_h62,1764293907,10.566124805815145
0,h12_h62,1764293908,10.6
0,h12_h62,1764293909,10.6
0,h12_h62,1764293910,11.125950527381248
0,h12_h62,1764293911,12.055248163592273
0,h12_h62,1764293912,11.680369774160903
0,h12_h62,1764293913,11.169323829923645
0,h12_h62,1764293914,11.165218462848491
0,h12_h62,1764293915,11.069775960136814
0,h12_h62,1764293916,12.361162677378434
0,h12_h62,1764293917,11.740428430891017
0,h12_h62,1764293918,10.676618786040205
0,h12_h62,1764293919,11.015789383542092
0,h12_h62,1764293920,11.3
0,h12_h62,1764293921,14.175048622187647
0,h12_h62,1764293922,12.926610157213933
0,h12_h62,1764293923,10.980520654252828
0,h12_h62,1764293924,10.927467293533178
0,h12_h62,1764293925,11.127157521769876
0,h12_h62,1764293926,11.263451343090106
0,h12_h62,1764293927,11.10998831082906
0,h12_h62,1764293928,10.6836644844642
0,h12_h62,1764293929,10.815599209685915
0,h12_h62,1764293930,11.0
0,h12_h62,1764293931,11.0
0,h12_h62,1764293932,11.314286905715049
0,h12_h62,1764293933,11.750855869061173
0,h12_h62,1764293934,10.960794545835416
0,h12_h62,1764293935,10.77519568794629
0,h12_h62,1764293936,11.062361148317985
0,h12_h62,1764293937,11.348749223033026
0,h12_h62,1764293938,11.375824370355952
0,h12_h62,1764293939,11.3
0,h12_h62,1764293940,11.361840826531832
0,h12_h62,1764293941,11.338289242512928
0,h12_h62,1764293942,11.23841413671434
0,h12_h62,1764293943,11.261458888935454
0,h12_h62,1764293944,11.3
0,h12_h62,1764293945,11.116348475887804
0,h12_h62,1764293946,11.305135326554598
0,h12_h62,1764293947,11.317311588724072
0,h12_h62,1764293948,11.2
0,h12_h62,1764293949,11.139315505321491
0,h12_h62,1764293950,11.1
0,h12_h62,1764293951,11.039498931081576
0,h12_h62,1764293952,11.0
0,h12_h62,1764293953,11.060319878939753
0,h12_h62,1764293954,11.039787680526212
0,h12_h62,1764293955,11.060115704971617
0,h12_h62,1764293956,10.979951779196169
0,h12_h62,1764293957,10.959864246471078
0,h12_h62,1764293958,11.0
0,h12_h62,1764293959,10.940368294795904
0,h12_h62,1764293960,10.959473598678596
0,h12_h62,1764293961,11.0
0,h12_h62,1764293962,11.0
0,h12_h62,1764293963,11.059124554699077
0,h12_h62,1764293964,11.040982802656384
0,h12_h62,1764293965,11.0
0,h12_h62,1764293966,11.117627575026765
0,h12_h62,1764293967,11.551934884757005
0,h12_h62,1764293968,11.624508804696791
0,h12_h62,1764293969,11.5
0,h12_h62,1764293970,11.558188458941126
0,h12_h62,1764293971,11.483838370120788
0,h12_h62,1764293972,11.4
0,h12_h62,1764293973,11.457823738181236
0,h12_h62,1764293974,10.922490242061707
0,h12_h62,1764293975,10.845726332949262
0,h12_h62,1764293976,10.754978277297075
0,h12_h62,1764293977,10.901484788977315
0,h12_h62,1764293978,10.97115268528881
0,h12_h62,1764293979,11.31318118409818
0,h12_h62,1764293980,11.415565466812412
0,h12_h62,1764293981,10.858972185893734
0,h12_h62,1764293982,10.996730641291522
0,h12_h62,1764293983,11.130419233913772
0,h12_h62,1764293984,11.112848757045867
0,h12_h62,1764293985,11.2
0,h12_h62,1764293986,11.087605717938777
0,h12_h62,1764293987,11.056034419999362
0,h12_h62,1764293988,11.1
0,h12_h62,1764293989,11.1
0,h12_h62,1764293990,11.37807963964144
0,h12_h62,1764293991,11.54454097086861
0,h12_h62,1764293992,11.057184019913876
0,h12_h62,1764293993,10.755217025549983
0,h12_h62,1764293994,11.239901631282812
0,h12_h62,1764293995,11.6
0,h12_h62,1764293996,11.7092251716404
0,h12_h62,1764293997,11.255137326256255
0,h12_h62,1764293998,11.234433554886795
0,h12_h62,1764293999,10.950041636736042
0,h12_h62,1764294000,10.4
0,h12_h62,1764294001,10.615628096742595
0,h12_h62,1764294002,11.229747053671051
0,h12_h62,1764294003,11.171326306611702
0,h12_h62,1764294004,11.33438819689856
0,h12_h62,1764294005,11.159984153216088
0,h12_h62,1764294006,10.706526613292512
0,h12_h62,1764294007,10.746843485468482
0,h12_h62,1764294008,10.7
0,h12_h62,1764294009,10.964646515143398
0,h12_h62,1764294010,10.830126676888016
0,h12_h62,1764294011,24.37304912168731
0,h12_h62,1764294012,23.695026279572776
0,h12_h62,1764294013,10.809905156506405
0,h12_h62,1764294014,10.9476423377346
0,h12_h62,1764294015,72.28994444680342
0,h12_h62,1764294016,139.67858145746084
0,h12_h62,1764294017,108.52834781966224
0,h12_h62,1764294018,59.389892405136585
0,h12_h62,1764294019,27.43143306027359
0,h12_h62,1764294020,33.87362365088359
0,h12_h62,1764294021,33.10205368421839
0,h12_h62,1764294022,38.73958088364486
0,h12_h62,1764294023,89.83088964898761
0,h12_h62,1764294024,69.114140068677
0,h12_h62,1764294025,10.653490284091395
0,h12_h62,1764294026,11.208057929817263
0,h12_h62,1764294027,11.44735970051401
0,h12_h62,1764294028,10.893462846750085
0,h12_h62,1764294029,10.905376232322803
0,h12_h62,1764294030,11.047346240673445
0,h12_h62,1764294031,10.699150633739958
0,h12_h62,1764294032,10.54970554874595
0,h12_h62,1764294033,10.550188321674758
0,h12_h62,1764294034,10.6
0,h12_h62,1764294035,10.6
0,h12_h62,1764294036,33.45168055264915
0,h12_h62,1764294037,35.99221464141621
0,h12_h62,1764294038,10.549493643647194
0,h12_h62,1764294039,10.64936540621267
0,h12_h62,1764294040,10.552263243201033
0,h12_h62,1764294041,10.645394723221742
0,h12_h62,1764294042,10.753296850427624
0,h12_h62,1764294043,10.6
0,h12_h62,1764294044,10.697169843216152
0,h12_h62,1764294045,10.84842113654373
0,h12_h62,1764294046,10.851768741333345
0,h12_h62,1764294047,10.896069805825544
0,h12_h62,1764294048,27.37008741284078
0,h12_h62,1764294049,35.01452145827055
0,h12_h62,1764294050,16.498461694637676
0,h12_h62,1764294051,10.814686367242524
0,h12_h62,1764294052,10.642421655648963
0,h12_h62,1764294053,11.41414947927885
0,h12_h62,1764294054,11.346205822048832
0,h12_h62,1764294055,10.547101182370136
0,h12_h62,1764294056,10.6
0,h12_h62,1764294057,10.64685136950223
0,h12_h62,1764294058,10.933305467480215
0,h12_h62,1764294059,10.920901859064506
0,h12_h62,1764294060,10.64640135333314
0,h12_h62,1764294061,10.65376789039176
0,h12_h62,1764294062,10.6
0,h12_h62,1764294063,55.52204622446093
0,h12_h62,1764294064,123.48997406806826
0,h12_h62,1764294065,131.66398980937606
0,h12_h62,1764294066,130.6646217222198
0,h12_h62,1764294067,129.66486448599468
0,h12_h62,1764294068,128.66453509103988
0,h12_h62,1764294069,126.31231133038604
0,h12_h62,1764294070,120.60425998185129
0,h12_h62,1764294071,113.21221466586329
0,h12_h62,1764294072,106.58538787326128
0,h12_h62,1764294073,114.01386349303328
0,h12_h62,1764294074,132.0205798493044
0,h12_h62,1764294075,103.21325580364528
0,h12_h62,1764294076,82.93787733249525
0,h12_h62,1764294077,127.72285929155797
0,h12_h62,1764294078,124.61931944681754
0,h12_h62,1764294079,130.3924679262804
0,h12_h62,1764294080,122.07016265027472
0,h12_h62,1764294081,118.61847074160124
0,h12_h62,1764294082,131.6831468934478
0,h12_h62,1764294083,130.04747866048513
0,h12_h62,1764294084,127.04355770638824
0,h12_h62,1764294085,121.76977146980995
0,h12_h62,1764294086,115.9836662643618
0,h12_h62,1764294087,81.74891626352536
0,h12_h62,1764294088,56.01130239759178
0,h12_h62,1764294089,119.56767939047892
0,h12_h62,1764294090,110.1391421734566
0,h12_h62,1764294091,71.02716316117522
0,h12_h62,1764294092,59.01585211861768
0,h12_h62,1764294093,43.89364225215766
0,h12_h62,1764294094,11.57367380955613
0,h12_h62,1764294095,11.525913994720051
0,h12_h62,1764294096,11.449052335866345
0,h12_h62,1764294097,11.391873505765307
0,h12_h62,1764294098,11.675379815489118
0,h12_h62,1764294099,11.168688449214422
0,h12_h62,1764294100,10.658697481441983
0,h12_h62,1764294101,10.969970984022185
0,h12_h62,1764294102,11.172469695633836
0,h12_h62,1764294103,10.618309975159995
0,h12_h62,1764294104,10.743979823350834
0,h12_h62,1764294105,11.1
0,h12_h62,1764294106,11.1
0,h12_h62,1764294107,11.1
0,h12_h62,1764294108,11.58177362538562
0,h12_h62,1764294109,13.098099730836424
0,h12_h62,1764294110,14.41906044485701
0,h12_h62,1764294111,14.758118089834326
0,h12_h62,1764294112,14.289500457734205
0,h12_h62,1764294113,12.368812750122869
0,h12_h62,1764294114,11.139632467615042
0,h12_h62,1764294115,11.002329723143603
0,h12_h62,1764294116,10.7
0,h12_h62,1764294117,11.09220307823409
0,h12_h62,1764294118,11.583009581844204
0,h12_h62,1764294119,11.361145539436624
0,h12_h62,1764294120,11.3
0,h12_h62,1764294121,11.029404551165154
0,h12_h62,1764294122,10.908542837941006
0,h12_h62,1764294123,43.62920261436768
0,h12_h62,1764294124,110.92410643111364
0,h12_h62,1764294125,100.04626003138404
0,h12_h62,1764294126,47.77474031059528
0,h12_h62,1764294127,102.98738067255684
0,h12_h62,1764294128,131.7430319677462
0,h12_h62,1764294129,130.48567510312876
0,h12_h62,1764294130,129.0
0,h12_h62,1764294131,129.0
0,h12_h62,1764294132,129.0
0,h12_h62,1764294133,129.0
0,h12_h62,1764294134,129.0
0,h12_h62,1764294135,129.0
0,h12_h62,1764294136,129.0
0,h12_h62,1764294137,129.0
0,h12_h62,1764294138,98.13172795140348
0,h12_h62,1764294139,52.37253572537369
0,h12_h62,1764294140,138.80518875708628
0,h12_h62,1764294141,108.10808802567288
0,h12_h62,1764294142,75.44495674576271
0,h12_h62,1764294143,119.18551725102311
0,h12_h62,1764294144,134.68416055396963
0,h12_h62,1764294145,127.97431445097251
0,h12_h62,1764294146,118.67358155913176
0,h12_h62,1764294147,113.36813459523036
0,h12_h62,1764294148,112.06900681727042
0,h12_h62,1764294149,83.2
0,h12_h62,1764294150,70.95223466784962
0,h12_h62,1764294151,30.39393850882356
0,h12_h62,1764294152,11.735160405862716
0,h12_h62,1764294153,10.566759282923888
0,h12_h62,1764294154,10.533140598984822
0,h12_h62,1764294155,10.566974342660446
0,h12_h62,1764294156,10.730073816056258
0,h12_h62,1764294157,11.003807034937372
0,h12_h62,1764294158,10.6
0,h12_h62,1764294159,10.567472395709649
0,h12_h62,1764294160,10.5
0,h12_h62,1764294161,10.854589917562176
0,h12_h62,1764294162,11.439711921512474
0,h12_h62,1764294163,15.853977913892765
0,h12_h62,1764294164,21.42203622775978
0,h12_h62,1764294165,18.93635378985983
0,h12_h62,1764294166,30.07191262956337
0,h12_h62,1764294167,12.18346512760755
0,h12_h62,1764294168,11.21596243507168
0,h12_h62,1764294169,12.220588165007385
0,h12_h62,1764294170,10.5
0,h12_h62,1764294171,10.562259719848276
0,h12_h62,1764294172,10.730948743247891
0,h12_h62,1764294173,10.73845492099266
0,h12_h62,1764294174,10.6
0,h12_h62,1764294175,10.66094019187094
0,h12_h62,1764294176,10.7091047207503
0,h12_h62,1764294177,10.62064394985891
0,h12_h62,1764294178,10.869968001469752
0,h12_h62,1764294179,10.770149933276516
0,h12_h62,1764294180,10.670321010846514
0,h12_h62,1764294181,10.659082249720983
0,h12_h62,1764294182,10.770563875437666
0,h12_h62,1764294183,41.69641906559497
0,h12_h62,1764294184,128.8261401617148
0,h12_h62,1764294185,128.0
0,h12_h62,1764294186,128.0
0,h12_h62,1764294187,128.0
0,h12_h62,1764294188,118.23878993110957
0,h12_h62,1764294189,60.921700373547566
0,h12_h62,1764294190,21.860515032060412
0,h12_h62,1764294191,25.37262813644211
0,h12_h62,1764294192,10.5269828425057
0,h12_h62,1764294193,10.89507386082244
0,h12_h62,1764294194,11.433743331332703
0,h12_h62,1764294195,10.7
0,h12_h62,1764294196,10.7
0,h12_h62,1764294197,10.64741122029498
0,h12_h62,1764294198,10.5522695180792
0,h12_h62,1764294199,10.67403792780055
0,h12_h62,1764294200,10.6
0,h12_h62,1764294201,10.6
0,h12_h62,1764294202,10.625538780272905
0,h12_h62,1764294203,10.674579580534289
0,h12_h62,1764294204,10.574692582563692
0,h12_h62,1764294205,10.651140635808238
0,h12_h62,1764294206,10.999787300503383
0,h12_h62,1764294207,10.65002880246086
0,h12_h62,1764294208,10.574680625684374
0,h12_h62,1764294209,10.775232537505762
0,h12_h62,1764294210,28.29601908348316
0,h12_h62,1764294211,73.40373249353219
0,h12_h62,1764294212,10.524495689169854
0,h12_h62,1764294213,10.6
0,h12_h62,1764294214,10.720804143646802
0,h12_h62,1764294215,10.980077082079903
0,h12_h62,1764294216,16.861133196394018
0,h12_h62,1764294217,31.701399646199185
0,h12_h62,1764294218,10.67641881326767
0,h12_h62,1764294219,10.62341764845751
0,h12_h62,1764294220,10.7
0,h12_h62,1764294221,10.723075883241904
0,h12_h62,1764294222,10.754197979759509
0,h12_h62,1764294223,10.736392311922067
0,h12_h62,1764294224,11.042040345332326
0,h12_h62,1764294225,10.522496343846043
0,h12_h62,1764294226,11.622608768998102
0,h12_h62,1764294227,14.174018017327944
0,h12_h62,1764294228,10.522103147258868
0,h12_h62,1764294229,10.709636968203432
0,h12_h62,1764294230,11.1
0,h12_h62,1764294231,10.9483026137777
0,h12_h62,1764294232,10.42160262314251
0,h12_h62,1764294233,27.94268145963942
0,h12_h62,1764294234,101.92433592065244
0,h12_h62,1764294235,123.29866272335416
0,h12_h62,1764294236,113.54890276000243
0,h12_h62,1764294237,10.520899832649388
0,h12_h62,1764294238,10.62072986314828
0,h12_h62,1764294239,10.741097149285984
0,h12_h62,1764294240,10.838918657469415
0,h12_h62,1764294241,10.620208443527511
0,h12_h62,1764294242,10.679914204505286
0,h12_h62,1764294243,10.580075642410597
0,h12_h62,1764294244,10.539530652282512
0,h12_h62,1764294245,10.680407598314288
0,h12_h62,1764294246,10.6
0,h12_h62,1764294247,21.74951949484775
0,h12_h62,1764294248,76.51590733606719
0,h12_h62,1764294249,97.95547972273096
0,h12_h62,1764294250,10.762241920906565
0,h12_h62,1764294251,10.6
0,h12_h62,1764294252,10.618550704976249
0,h12_h62,1764294253,10.7
0,h12_h62,1764294254,10.754620640793735
0,h12_h62,1764294255,10.927699548862003
0,h12_h62,1764294256,10.6
0,h12_h62,1764294257,10.65348679324332
0,h12_h62,1764294258,10.84698346628402
0,h12_h62,1764294259,10.6
0,h12_h62,1764294260,10.61734976114443
0,h12_h62,1764294261,14.200317095553949
0,h12_h62,1764294262,28.32788413160103
0,h12_h62,1764294263,10.683118541272185
0,h12_h62,1764294264,10.633456106521145
0,h12_h62,1764294265,10.982613325571448
0,h12_h62,1764294266,11.686915138235555
0,h12_h62,1764294267,10.6
0,h12_h62,1764294268,10.6
0,h12_h62,1764294269,10.6
0,h12_h62,1764294270,10.6
0,h12_h62,1764294271,10.615741860703125
0,h12_h62,1764294272,10.7
0,h12_h62,1764294273,10.7
0,h12_h62,1764294274,10.7
0,h12_h62,1764294275,11.362497487189406
0,h12_h62,1764294276,14.456716145804672
0,h12_h62,1764294277,10.759600727837151
0,h12_h62,1764294278,11.129559447722665
0,h12_h62,1764294279,11.212049349019324
0,h12_h62,1764294280,10.685424000175194
0,h12_h62,1764294281,10.614413194211409
0,h12_h62,1764294282,10.7
0,h12_h62,1764294283,10.7
0,h12_h62,1764294284,10.7
0,h12_h62,1764294285,10.68628727774867
0,h12_h62,1764294286,10.6
0,h12_h62,1764294287,10.6
0,h12_h62,1764294288,10.652874158343892
0,h12_h62,1764294289,11.0
0,h12_h62,1764294290,10.96119371000399
0,h12_h62,1764294291,10.75156371071096
0,h12_h62,1764294292,11.036523243198936
0,h12_h62,1764294293,10.663084292235922
0,h12_h62,1764294294,11.1
0,h12_h62,1764294295,11.1
0,h12_h62,1764294296,11.112246288792331
0,h12_h62,1764294297,11.175739022896616
0,h12_h62,1764294298,10.963785293209524
0,h12_h62,1764294299,14.686117094333136
0,h12_h62,1764294300,42.10518330755451
0,h12_h62,1764294301,10.611706837244958
0,h12_h62,1764294302,10.757624351987111
0,h12_h62,1764294303,11.211316726334765
0,h12_h62,1764294304,11.288756425777214
0,h12_h62,1764294305,11.211119423828666
0,h12_h62,1764294306,11.321975670721548
0,h12_h62,1764294307,18.598414774084837
0,h12_h62,1764294308,83.33037753143071
0,h12_h62,1764294309,130.31570395237216
0,h12_h62,1764294310,116.00842936669486
0,h12_h62,1764294311,96.97480566472188
0,h12_h62,1764294312,31.639511726448323
0,h12_h62,1764294313,10.7
0,h12_h62,1764294314,10.7
0,h12_h62,1764294315,10.797443823971436
0,h12_h62,1764294316,11.690521330962564
0,h12_h62,1764294317,11.6
0,h12_h62,1764294318,11.581556669077283
0,h12_h62,1764294319,11.4
0,h12_h62,1764294320,11.39101951398608
0,h12_h62,1764294321,11.291150643361776
0,h12_h62,1764294322,11.2
0,h12_h62,1764294323,11.191354566252734
0,h12_h62,1764294324,11.065789949633071
0,h12_h62,1764294325,10.970744095295217
0,h12_h62,1764294326,13.65140101122284
0,h12_h62,1764294327,10.783781404876256
0,h12_h62,1764294328,10.65555624271103
0,h12_h62,1764294329,11.28456488069719
0,h12_h62,1764294330,11.1
0,h12_h62,1764294331,11.1
0,h12_h62,1764294332,11.05535340011882
0,h12_h62,1764294333,10.51478539527234
0,h12_h62,1764294334,10.721903523558796
0,h12_h62,1764294335,11.007101339308257
0,h12_h62,1764294336,14.663713887697806
0,h12_h62,1764294337,63.95341673642606
0,h12_h62,1764294338,11.966905417805757
0,h12_h62,1764294339,11.5
0,h12_h62,1764294340,11.487139842384831
0,h12_h62,1764294341,11.318921423924929
0,h12_h62,1764294342,11.587712153735977
0,h12_h62,1764294343,11.393964909523996
0,h12_h62,1764294344,11.3
0,h12_h62,1764294345,11.3
0,h12_h62,1764294346,11.3
0,h12_h62,1764294347,11.3
0,h12_h62,1764294348,11.289257406346648
0,h12_h62,1764294349,11.121065782244326
0,h12_h62,1764294350,11.479525317790324
0,h12_h62,1764294351,11.110107495442849
0,h12_h62,1764294352,11.265528768916788
0,h12_h62,1764294353,13.307446654177642
0,h12_h62,1764294354,68.4008598668882
0,h12_h62,1764294355,11.3
0,h12_h62,1764294356,11.3
0,h12_h62,1764294357,11.304308368806485
0,h12_h62,1764294358,11.4
0,h12_h62,1764294359,11.395956739572924
0,h12_h62,1764294360,11.502093765603991
0,h12_h62,1764294361,16.32326399213932
0,h12_h62,1764294362,11.103673730372586
0,h12_h62,1764294363,11.1928834157699
0,h12_h62,1764294364,11.010352251565608
0,h12_h62,1764294365,11.2800582061187
0,h12_h62,1764294366,10.71983415638281
0,h12_h62,1764294367,11.296923407743192
0,h12_h62,1764294368,11.188170037310783
0,h12_h62,1764294369,10.8
0,h12_h62,1764294370,10.810756896192004
0,h12_h62,1764294371,11.2
0,h12_h62,1764294372,11.202347218756609
0,h12_h62,1764294373,11.28893523608284
0,h12_h62,1764294374,10.795743674109788
0,h12_h62,1764294375,10.617604480273952
0,h12_h62,1764294376,11.486380219507412
0,h12_h62,1764294377,10.713022973548838
0,h12_h62,1764294378,11.5
0,h12_h62,1764294379,11.489050504790578
0,h12_h62,1764294380,10.650446809670408
0,h12_h62,1764294381,14.976125585544166
0,h12_h62,1764294382,10.70528079966966
0,h12_h62,1764294383,11.29546843954826
0,h12_h62,1764294384,10.60058228483189
0,h12_h62,1764294385,10.699590176616573
0,h12_h62,1764294386,10.60024865558594
0,h12_h62,1764294387,10.699763749442049
0,h12_h62,1764294388,10.500064704657046
0,h12_h62,1764294389,10.699595662343306
0,h12_h62,1764294390,11.098337488818256
0,h12_h62,1764294391,10.602388558365815
0,h12_h62,1764294392,10.69935537202672
0,h12_h62,1764294393,10.799176264263716
0,h12_h62,1764294394,10.601964316659652
0,h12_h62,1764294395,10.6
0,h12_h62,1764294396,11.290376671352758
0,h12_h62,1764294397,10.511478286396724
0,h12_h62,1764294398,10.5
0,h12_h62,1764294399,10.59824960551557
0,h12_h62,1764294400,10.6
0,h12_h62,1764294401,11.187918506272116
0,h12_h62,1764294402,10.710423774525689
0,h12_h62,1764294403,10.7
0,h12_h62,1764294404,10.50481483094958
0,h12_h62,1764294405,10.5
0,h12_h62,1764294406,10.5
0,h12_h62,1764294407,10.694334576164207
0,h12_h62,1764294408,10.602992619379853
0,h12_h62,1764294409,10.696921862366889
0,h12_h62,1764294410,10.506460643464834
0,h12_h62,1764294411,10.5
0,h12_h62,1764294412,10.5
0,h12_h62,1764294413,10.5
0,h12_h62,1764294414,10.596223449214172
0,h12_h62,1764294415,10.503858278915294
0,h12_h62,1764294416,16.983218024782374
0,h12_h62,1764294417,11.651060161487738
0,h12_h62,1764294418,11.017238718481323
0,h12_h62,1764294419,10.904404866311255
0,h12_h62,1764294420,10.995400478171527
0,h12_h62,1764294421,11.095189290077451
0,h12_h62,1764294422,10.624382302222694
0,h12_h62,1764294423,10.6
0,h12_h62,1764294424,10.50518737277712
0,h12_h62,1764294425,10.5
0,h12_h62,1764294426,10.689055435743098
0,h12_h62,1764294427,10.605628795568242
0,h12_h62,1764294428,14.540244991651567
0,h12_h62,1764294429,10.757578429357412
0,h12_h62,1764294430,10.687727979405333
0,h12_h62,1764294431,10.606259456802682
0,h12_h62,1764294432,11.534831953873868
0,h12_h62,1764294433,12.066351906251851
0,h12_h62,1764294434,10.700193919867768
0,h12_h62,1764294435,10.50682018520586
0,h12_h62,1764294436,10.593011718698865
0,h12_h62,1764294437,10.6
0,h12_h62,1764294438,10.6
0,h12_h62,1764294439,10.6
0,h12_h62,1764294440,10.6
0,h12_h62,1764294441,10.6
0,h12_h62,1764294442,10.6
0,h12_h62,1764294443,10.6
0,h12_h62,1764294444,10.6
0,h12_h62,1764294445,10.6
0,h12_h62,1764294446,10.6
0,h12_h62,1764294447,10.6
0,h12_h62,1764294448,10.508566256839382
0,h12_h62,1764294449,10.5
0,h12_h62,1764294450,10.5
0,h12_h62,1764294451,10.5
0,h12_h62,1764294452,10.681867743852408
0,h12_h62,1764294453,23.40936663550768
0,h12_h62,1764294454,11.964963643206367
0,h12_h62,1764294455,10.6
0,h12_h62,1764294456,10.78048964137785
0,h12_h62,1764294457,10.8
0,h12_h62,1764294458,10.53007566821209
0,h12_h62,1764294459,11.218021191327084
0,h12_h62,1764294460,10.761994013589623
0,h12_h62,1764294461,10.7
0,h12_h62,1764294462,13.815784491432437
0,h12_h62,1764294463,11.079069542370268
0,h12_h62,1764294464,10.521882870727014
0,h12_h62,1764294465,10.5
0,h12_h62,1764294466,10.588744135673906
0,h12_h62,1764294467,10.6885742921991
0,h12_h62,1764294468,10.611591874060698
0,h12_h62,1764294469,14.115863735467528
0,h12_h62,1764294470,10.987857899278318
0,h12_h62,1764294471,10.5879913826324
0,h12_h62,1764294472,16.272027081612826
0,h12_h62,1764294473,11.492412390743086
0,h12_h62,1764294474,10.612461282310363
0,h12_h62,1764294475,10.687371133959273
0,h12_h62,1764294476,10.6127946084669
0,h12_h62,1764294477,10.51294787232599
0,h12_h62,1764294478,10.673769740302706
0,h12_h62,1764294479,10.61327460360648
0,h12_h62,1764294480,11.205501156341732
0,h12_h62,1764294481,11.213639312018248
0,h12_h62,1764294482,11.286227888656423
0,h12_h62,1764294483,10.696931092782954
0,h12_h62,1764294484,11.029821370322953
0,h12_h62,1764294485,16.304736882098855
0,h12_h62,1764294486,12.148235144186923
0,h12_h62,1764294487,11.043201986281796
0,h12_h62,1764294488,10.657871418557097
0,h12_h62,1764294489,10.685371772210312
0,h12_h62,1764294490,10.529562548594734
0,h12_h62,1764294491,10.5
0,h12_h62,1764294492,10.5
0,h12_h62,1764294493,10.5
0,h12_h62,1764294494,10.5
0,h12_h62,1764294495,10.668885199228566
0,h12_h62,1764294496,10.615717292873692
0,h12_h62,1764294497,10.6
0,h12_h62,1764294498,13.69695205299936
0,h12_h62,1764294499,11.114884900339373
0,h12_h62,1764294500,10.5
0,h12_h62,1764294501,10.66710443890578
0,h12_h62,1764294502,10.7
0,h12_h62,1764294503,22.026813742672005
0,h12_h62,1764294504,12.987666472339804
0,h12_h62,1764294505,10.682939389963094
0,h12_h62,1764294506,10.53442085400251
0,h12_h62,1764294507,10.582621541083338
0,h12_h62,1764294508,10.43505539728968
0,h12_h62,1764294509,10.564632512568556
0,h12_h62,1764294510,14.36206368381119
0,h12_h62,1764294511,11.348307804710702
0,h12_h62,1764294512,10.4181076660065
0,h12_h62,1764294513,10.56350201050285
0,h12_h62,1764294514,10.51840361728996
0,h12_h62,1764294515,10.66285253505358
0,h12_h62,1764294516,13.372352067837312
0,h12_h62,1764294517,11.162195192485104
0,h12_h62,1764294518,11.309977119471966
0,h12_h62,1764294519,10.852725307838996
0,h12_h62,1764294520,10.4576609941664
0,h12_h62,1764294521,10.4
0,h12_h62,1764294522,10.4
0,h12_h62,1764294523,10.80207913321448
0,h12_h62,1764294524,10.980289043605158
0,h12_h62,1764294525,11.160485088278582
0,h12_h62,1764294526,10.959510656933194
0,h12_h62,1764294527,11.139912642770309
0,h12_h62,1764294528,16.67072552241644
0,h12_h62,1764294529,12.127726352693028
0,h12_h62,1764294530,11.077502491280814
0,h12_h62,1764294531,11.2
0,h12_h62,1764294532,11.2
0,h12_h62,1764294533,10.803795356026972
0,h12_h62,1764294534,10.62090232543747
0,h12_h62,1764294535,13.823299037700856
0,h12_h62,1764294536,11.868881395996546
0,h12_h62,1764294537,10.706829442406676
0,h12_h62,1764294538,11.070701890239768
0,h12_h62,1764294539,11.2
0,h12_h62,1764294540,11.121803717482388
0,h12_h62,1764294541,11.178093655681227
0,h12_h62,1764294542,11.12201302497943
0,h12_h62,1764294543,15.821813335138696
0,h12_h62,1764294544,13.167075042867172
0,h12_h62,1764294545,11.4572084357645
0,h12_h62,1764294546,10.834835460509543
0,h12_h62,1764294547,10.622591754611683
0,h12_h62,1764294548,11.140359655449329
0,h12_h62,1764294549,11.454197500857829
0,h12_h62,1764294550,10.805976844102672
0,h12_h62,1764294551,10.6
0,h12_h62,1764294552,10.52298374577131
0,h12_h62,1764294553,10.961487934817267
0,h12_h62,1764294554,11.33056529409816
0,h12_h62,1764294555,11.55359821159873
0,h12_h62,1764294556,11.139301753448212
0,h12_h62,1764294557,10.692758570274544
0,h12_h62,1764294558,10.83025032050534
0,h12_h62,1764294559,10.66994944729423
0,h12_h62,1764294560,11.288950812835113
0,h12_h62,1764294561,10.811102407991944
0,h12_h62,1764294562,10.523459045014585
0,h12_h62,1764294563,10.5
0,h12_h62,1764294564,11.03555817908325
0,h12_h62,1764294565,113.17999672241388
0,h12_h62,1764294566,62.85717149594469
0,h12_h62,1764294567,79.6200425522368
0,h12_h62,1764294568,122.5912936505562
0,h12_h62,1764294569,116.88855613125068
0,h12_h62,1764294570,104.3164154062464
0,h12_h62,1764294571,102.0
0,h12_h62,1764294572,109.2904831577563
0,h12_h62,1764294573,118.5545185711899
0,h12_h62,1764294574,126.9850301811912
0,h12_h62,1764294575,43.115395328452934
0,h12_h62,1764294576,10.571608065727812
0,h12_h62,1764294577,10.804438547089926
0,h12_h62,1764294578,10.595751369912795
0,h12_h62,1764294579,10.57592585099075
0,h12_h62,1764294580,13.392975185737592
0,h12_h62,1764294581,92.347145819803
0,h12_h62,1764294582,128.0851997833782
0,h12_h62,1764294583,130.80729765809198
0,h12_h62,1764294584,102.17993700803125
0,h12_h62,1764294585,78.9548800949015
0,h12_h62,1764294586,46.13883553956331
0,h12_h62,1764294587,24.92985436618067
0,h12_h62,1764294588,91.1508528292841
0,h12_h62,1764294589,124.1025564940166
0,h12_h62,1764294590,105.03298988174411
0,h12_h62,1764294591,34.2115253705506
0,h12_h62,1764294592,10.5
0,h12_h62,1764294593,10.5
0,h12_h62,1764294594,10.5
0,h12_h62,1764294595,10.426161441022264
0,h12_h62,1764294596,10.473752189334846
0,h12_h62,1764294597,15.036326708289073
0,h12_h62,1764294598,12.156228893251374
0,h12_h62,1764294599,10.5
0,h12_h62,1764294600,10.5
0,h12_h62,1764294601,10.5
0,h12_h62,1764294602,10.5
0,h12_h62,1764294603,10.5
0,h12_h62,1764294604,10.5
0,h12_h62,1764294605,21.295557395603044
0,h12_h62,1764294606,14.72880443766476
0,h12_h62,1764294607,10.5
0,h12_h62,1764294608,10.860619506956564
0,h12_h62,1764294609,11.0
0,h12_h62,1764294610,11.215663961027364
0,h12_h62,1764294611,10.725507525278267
0,h12_h62,1764294612,10.5
0,h12_h62,1764294613,48.617726950397774
0,h12_h62,1764294614,27.49075930142927
0,h12_h62,1764294615,10.5
0,h12_h62,1764294616,10.571288762187743
0,h12_h62,1764294617,10.671203894776434
0,h12_h62,1764294618,10.7
0,h12_h62,1764294619,10.7
0,h12_h62,1764294620,10.558246915786526
0,h12_h62,1764294621,10.5
0,h12_h62,1764294622,15.269955015452943
0,h12_h62,1764294623,66.87276893720538
0,h12_h62,1764294624,119.47035581990868
0,h12_h62,1764294625,53.43610351158536
0,h12_h62,1764294626,10.540349814650943
0,h12_h62,1764294627,10.529970564694109
0,h12_h62,1764294628,10.5
0,h12_h62,1764294629,10.56977695121266
0,h12_h62,1764294630,10.739286082511663
0,h12_h62,1764294631,11.147501436708412
0,h12_h62,1764294632,15.369305055138833
0,h12_h62,1764294633,12.914375217826304
0,h12_h62,1764294634,11.06921156104055
0,h12_h62,1764294635,13.372792326398656
0,h12_h62,1764294636,14.33135731156784
0,h12_h62,1764294637,12.927136241360325
0,h12_h62,1764294638,11.132345847256662
0,h12_h62,1764294639,10.531409708891326
0,h12_h62,1764294640,10.978718036674149
0,h12_h62,1764294641,11.063499851730466
0,h12_h62,1764294642,11.0
0,h12_h62,1764294643,11.476244506673948
0,h12_h62,1764294644,11.428103176587014
0,h12_h62,1764294645,11.367861520220565
0,h12_h62,1764294646,11.264534051391172
0,h12_h62,1764294647,10.996912937523202
0,h12_h62,1764294648,11.035106529016677
0,h12_h62,1764294649,11.1
0,h12_h62,1764294650,10.830723145452696
0,h12_h62,1764294651,10.565613131301108
0,h12_h62,1764294652,18.580970765776943
0,h12_h62,1764294653,89.53493478577417
0,h12_h62,1764294654,129.41610476681487
0,h12_h62,1764294655,129.4775656920306
0,h12_h62,1764294656,130.72772703064115
0,h12_h62,1764294657,123.0398188090077
0,h12_h62,1764294658,116.77738360982728
0,h12_h62,1764294659,121.05568409926845
0,h12_h62,1764294660,124.36187086424704
0,h12_h62,1764294661,121.35812970867111
0,h12_h62,1764294662,58.57887351927342
0,h12_h62,1764294663,13.618081780604683
0,h12_h62,1764294664,10.7
0,h12_h62,1764294665,11.15632263654654
0,h12_h62,1764294666,11.33497833766104
0,h12_h62,1764294667,10.780381068957864
0,h12_h62,1764294668,11.083523221339757
0,h12_h62,1764294669,11.4
0,h12_h62,1764294670,11.529069079062474
0,h12_h62,1764294671,11.471231492637765
0,h12_h62,1764294672,11.271488333160685
0,h12_h62,1764294673,11.135858101492913
0,h12_h62,1764294674,10.715591387344093
0,h12_h62,1764294675,16.392601031078105
0,h12_h62,1764294676,14.220302799886966
0,h12_h62,1764294677,13.974942099366732
0,h12_h62,1764294678,12.72614070764167
0,h12_h62,1764294679,11.063314666964528
0,h12_h62,1764294680,10.910339826801671
0,h12_h62,1764294681,10.86306626286557
0,h12_h62,1764294682,11.151405221637471
0,h12_h62,1764294683,11.3
0,h12_h62,1764294684,11.23744091402969
0,h12_h62,1764294685,11.324851164151683
0,h12_h62,1764294686,10.90131025239318
0,h12_h62,1764294687,10.724393695076076
0,h12_h62,1764294688,11.047944189104676
0,h12_h62,1764294689,11.32362613214254
0,h12_h62,1764294690,11.46166509232738
0,h12_h62,1764294691,11.192288272298718
0,h12_h62,1764294692,11.184264649052064
0,h12_h62,1764294693,10.809291495443244
0,h12_h62,1764294694,10.5
0,h12_h62,1764294695,11.232000408033503
0,h12_h62,1764294696,12.12523711000853
0,h12_h62,1764294697,11.247033582347669
0,h12_h62,1764294698,16.08447238764608
0,h12_h62,1764294699,14.214012690961985
0,h12_h62,1764294700,10.740990398883692
0,h12_h62,1764294701,10.719785562544258
0,h12_h62,1764294702,11.138696631789433
0,h12_h62,1764294703,11.440312740011644
0,h12_h62,1764294704,11.340441400550835
0,h12_h62,1764294705,18.57864622557858
0,h12_h62,1764294706,83.2617717540649
0,h12_h62,1764294707,132.34756889755235
0,h12_h62,1764294708,94.37581882993594
0,h12_h62,1764294709,70.16588314530749
0,h12_h62,1764294710,39.39818482276696
0,h12_h62,1764294711,10.6
0,h12_h62,1764294712,10.775274491358989
0,h12_h62,1764294713,11.01644630547146
0,h12_h62,1764294714,10.98383286052916
0,h12_h62,1764294715,10.9
0,h12_h62,1764294716,10.726710823713406
0,h12_h62,1764294717,10.772758792023096
0,h12_h62,1764294718,10.957437146738776
0,h12_h62,1764294719,11.0
0,h12_h62,1764294720,11.0
0,h12_h62,1764294721,14.688521781641466
0,h12_h62,1764294722,13.58623354801905
0,h12_h62,1764294723,10.6
0,h12_h62,1764294724,10.6
0,h12_h62,1764294725,10.486700998946986
0,h12_h62,1764294726,10.512983649228635
0,h12_h62,1764294727,10.65632069227406
0,h12_h62,1764294728,10.531435421422284
0,h12_h62,1764294729,10.680175973916112
0,h12_h62,1764294730,22.70685408498182
0,h12_h62,1764294731,20.631132841024034
0,h12_h62,1764294732,10.96647365384501
0,h12_h62,1764294733,10.823185329330688
0,h12_h62,1764294734,10.54471458013347
0,h12_h62,1764294735,10.720665522140068
0,h12_h62,1764294736,10.9
0,h12_h62,1764294737,10.735136410711396
0,h12_h62,1764294738,11.20243922212691
0,h12_h62,1764294739,11.372433935929482
0,h12_h62,1764294740,11.045497755743426
0,h12_h62,1764294741,11.054396359291568
0,h12_h62,1764294742,11.1
0,h12_h62,1764294743,12.020531149940403
0,h12_h62,1764294744,19.828263057505495
0,h12_h62,1764294745,74.15171492260768
0,h12_h62,1764294746,108.32988959394586
0,h12_h62,1764294747,55.941151477388914
0,h12_h62,1764294748,17.997027272118157
0,h12_h62,1764294749,10.6
0,h12_h62,1764294750,10.54665723482778
0,h12_h62,1764294751,10.606457366172204
0,h12_h62,1764294752,10.912367580168484
0,h12_h62,1764294753,10.888041994265365
0,h12_h62,1764294754,10.647087507688086
0,h12_h62,1764294755,12.545751862296756
0,h12_h62,1764294756,14.508969349280916
0,h12_h62,1764294757,14.491556476585204
0,h12_h62,1764294758,12.892258921394037
0,h12_h62,1764294759,11.287056963879666
0,h12_h62,1764294760,11.98726361214408
0,h12_h62,1764294761,11.603790176970822
0,h12_h62,1764294762,10.45180487746805
0,h12_h62,1764294763,10.448311297633197
0,h12_h62,1764294764,21.25861325452573
0,h12_h62,1764294765,78.38930328139193
0,h12_h62,1764294766,110.86945791181232
0,h12_h62,1764294767,75.18946085073087
0,h12_h62,1764294768,92.3257754699478
0,h12_h62,1764294769,78.67330249442482
0,h12_h62,1764294770,61.312330454182614
0,h12_h62,1764294771,108.62407491348958
0,h12_h62,1764294772,98.78051901058076
0,h12_h62,1764294773,56.49383369135331
0,h12_h62,1764294774,54.6
0,h12_h62,1764294775,54.55419509190095
0,h12_h62,1764294776,54.54566718545353
0,h12_h62,1764294777,54.6
0,h12_h62,1764294778,54.55461773038867
0,h12_h62,1764294779,54.5
0,h12_h62,1764294780,57.46111857057137
0,h12_h62,1764294781,59.720193334002225
0,h12_h62,1764294782,56.478157388074514
0,h12_h62,1764294783,54.51026159423016
0,h12_h62,1764294784,54.4894395912493
0,h12_h62,1764294785,34.03079274878495
0,h12_h62,1764294786,10.451129236735817
0,h12_h62,1764294787,10.546133944066767
0,h12_h62,1764294788,10.602842575094945
0,h12_h62,1764294789,10.5
0,h12_h62,1764294790,10.5
0,h12_h62,1764294791,10.5
0,h12_h62,1764294792,10.64416749921584
0,h12_h62,1764294793,10.608435102845595
0,h12_h62,1764294794,10.447781176001378
0,h12_h62,1764294795,10.5
0,h12_h62,1764294796,10.54751421154433
0,h12_h62,1764294797,10.6
0,h12_h62,1764294798,10.6
0,h12_h62,1764294799,10.6
0,h12_h62,1764294800,10.69378315494029
0,h12_h62,1764294801,10.753286626171576
0,h12_h62,1764294802,10.7
0,h12_h62,1764294803,13.42373410308888
0,h12_h62,1764294804,13.84278311669932
0,h12_h62,1764294805,10.6
0,h12_h62,1764294806,10.6
0,h12_h62,1764294807,10.6
0,h12_h62,1764294808,10.554340641970418
0,h12_h62,1764294809,10.77289249158938
0,h12_h62,1764294810,18.677191026842504
0,h12_h62,1764294811,51.42153197712818
0,h12_h62,1764294812,92.57008023885749
0,h12_h62,1764294813,119.62614396802704
0,h12_h62,1764294814,107.14730629918373
0,h12_h62,1764294815,24.952466564028907
0,h12_h62,1764294816,10.955457380729737
0,h12_h62,1764294817,17.511440715350336
0,h12_h62,1764294818,62.823024996193816
0,h12_h62,1764294819,127.8161266307727
0,h12_h62,1764294820,138.67919511499758
0,h12_h62,1764294821,129.88486882634095
0,h12_h62,1764294822,106.06735494893458
0,h12_h62,1764294823,42.35032003285215
0,h12_h62,1764294824,57.98070169398693
0,h12_h62,1764294825,98.71072769751412
0,h12_h62,1764294826,110.9693762697292
0,h12_h62,1764294827,101.8137419866998
0,h12_h62,1764294828,30.950499195514418
0,h12_h62,1764294829,10.7994781971575
0,h12_h62,1764294830,11.157394886840596
0,h12_h62,1764294831,11.015004151662644
0,h12_h62,1764294832,10.98470240056526
0,h12_h62,1764294833,10.888992984394967
0,h12_h62,1764294834,10.557897227642588
0,h12_h62,1764294835,10.709651644790616
0,h12_h62,1764294836,10.874767824627796
0,h12_h62,1764294837,10.949290360515269
0,h12_h62,1764294838,11.175900644017185
0,h12_h62,1764294839,14.112226591567302
0,h12_h62,1764294840,15.630910595875632
0,h12_h62,1764294841,11.21807189204714
0,h12_h62,1764294842,11.018277016718116
0,h12_h62,1764294843,10.981443639889877
0,h12_h62,1764294844,10.81595232619521
0,h12_h62,1764294845,15.123097717764894
0,h12_h62,1764294846,17.681078607234568
0,h12_h62,1764294847,10.880376925197169
0,h12_h62,1764294848,11.0
0,h12_h62,1764294849,10.800186805333306
0,h12_h62,1764294850,10.539867809323232
0,h12_h62,1764294851,10.798426933839052
0,h12_h62,1764294852,10.902334690889994
0,h12_h62,1764294853,10.560567408301406
0,h12_h62,1764294854,10.578540581001944
0,h12_h62,1764294855,10.660896703773828
0,h12_h62,1764294856,11.028287526910074
0,h12_h62,1764294857,34.67162326682978
0,h12_h62,1764294858,55.3984663067215
0,h12_h62,1764294859,18.337797387034858
0,h12_h62,1764294860,15.43531166222976
0,h12_h62,1764294861,10.6
0,h12_h62,1764294862,10.638206921640734
0,h12_h62,1764294863,10.890159507725624
0,h12_h62,1764294864,11.124282348086876
0,h12_h62,1764294865,10.811057936777614
0,h12_h62,1764294866,10.5
0,h12_h62,1764294867,12.88857703028064
0,h12_h62,1764294868,14.678683032453629
0,h12_h62,1764294869,40.21803937953726
0,h12_h62,1764294870,109.33374812274972
0,h12_h62,1764294871,136.90072389059736
0,h12_h62,1764294872,99.7524738705953
0,h12_h62,1764294873,44.12819183897389
0,h12_h62,1764294874,11.529302653976035
0,h12_h62,1764294875,13.044681542445566
0,h12_h62,1764294876,13.470513919181904
0,h12_h62,1764294877,11.263769435671955
0,h12_h62,1764294878,11.163885729310158
0,h12_h62,1764294879,19.333471199115785
0,h12_h62,1764294880,64.02071464477211
0,h12_h62,1764294881,130.52406562573063
0,h12_h62,1764294882,129.0
0,h12_h62,1764294883,129.0
0,h12_h62,1764294884,129.0
0,h12_h62,1764294885,99.66728184387097
0,h12_h62,1764294886,15.822626917608831
0,h12_h62,1764294887,12.229381830164778
0,h12_h62,1764294888,10.434711188203446
0,h12_h62,1764294889,10.707183965469008
0,h12_h62,1764294890,10.893789787250874
0,h12_h62,1764294891,10.705558217468738
0,h12_h62,1764294892,10.895399305141854
0,h12_h62,1764294893,10.703946546409092
0,h12_h62,1764294894,12.648029206977416
0,h12_h62,1764294895,14.09676686438122
0,h12_h62,1764294896,10.731923528168169
0,h12_h62,1764294897,10.600771429958671
0,h12_h62,1764294898,11.033307749369232
0,h12_h62,1764294899,19.700597696488312
0,h12_h62,1764294900,29.167103937122313
0,h12_h62,1764294901,10.43298738272558
0,h12_h62,1764294902,10.69719685599094
0,h12_h62,1764294903,11.132679793346236
0,h12_h62,1764294904,11.2
0,h12_h62,1764294905,11.00530561946388
0,h12_h62,1764294906,10.535284184715003
0,h12_h62,1764294907,12.353638769289477
0,h12_h62,1764294908,14.75858438904312
0,h12_h62,1764294909,10.872352016682822
0,h12_h62,1764294910,10.886152864724002
0,h12_h62,1764294911,11.152182851951665
0,h12_h62,1764294912,10.463079410019333
0,h12_h62,1764294913,10.6
0,h12_h62,1764294914,10.69381872391487
0,h12_h62,1764294915,10.744475752067434
0,h12_h62,1764294916,10.430958553693856
0,h12_h62,1764294917,12.245844072935162
0,h12_h62,1764294918,14.71840110070888
0,h12_h62,1764294919,11.330446557477591
0,h12_h62,1764294920,12.69757985196536
0,h12_h62,1764294921,14.176098757941409
0,h12_h62,1764294922,10.569919853505176
0,h12_h62,1764294923,10.82886565309416
0,h12_h62,1764294924,11.392060613832932
0,h12_h62,1764294925,10.988873867980407
0,h12_h62,1764294926,11.023315473414916
0,h12_h62,1764294927,10.805517998259749
0,h12_h62,1764294928,11.09535775628024
0,h12_h62,1764294929,11.674208890630204
0,h12_h62,1764294930,13.236768533854576
0,h12_h62,1764294931,10.542223998716354
0,h12_h62,1764294932,10.57235156137348
0,h12_h62,1764294933,10.97147204585112
0,h12_h62,1764294934,10.928331869998786
0,h12_h62,1764294935,11.0
0,h12_h62,1764294936,23.33117568347278
0,h12_h62,1764294937,74.16999640301034
0,h12_h62,1764294938,130.43330327283195
0,h12_h62,1764294939,87.36418705307747
0,h12_h62,1764294940,49.86270763379919
0,h12_h62,1764294941,106.7812270042186
0,h12_h62,1764294942,115.33397156181064
0,h12_h62,1764294943,117.31418923305176
0,h12_h62,1764294944,117.34738399757532
0,h12_h62,1764294945,107.2013389657416
0,h12_h62,1764294946,103.0
0,h12_h62,1764294947,104.59244515597612
0,h12_h62,1764294948,110.61040400435088
0,h12_h62,1764294949,85.52699316160856
0,h12_h62,1764294950,26.71244132580793
0,h12_h62,1764294951,13.339930443096598
0,h12_h62,1764294952,10.424770580833387
0,h12_h62,1764294953,10.475369846392478
0,h12_h62,1764294954,10.4
0,h12_h62,1764294955,10.57085043857071
0,h12_h62,1764294956,11.1
0,h12_h62,1764294957,11.1
0,h12_h62,1764294958,11.890576521859472
0,h12_h62,1764294959,25.98019362273464
0,h12_h62,1764294960,55.22390996486833
0,h12_h62,1764294961,10.476225299213912
0,h12_h62,1764294962,10.423625245322944
0,h12_h62,1764294963,10.5
0,h12_h62,1764294964,13.763701399046523
0,h12_h62,1764294965,22.06079990652821
0,h12_h62,1764294966,12.19770988903522
0,h12_h62,1764294967,10.63736130313843
0,h12_h62,1764294968,12.432008335906144
0,h12_h62,1764294969,15.627354184034266
0,h12_h62,1764294970,16.023281260170542
0,h12_h62,1764294971,43.49668935472451
0,h12_h62,1764294972,88.09362998675752
0,h12_h62,1764294973,129.0
0,h12_h62,1764294974,129.0
0,h12_h62,1764294975,128.59517833803045
0,h12_h62,1764294976,113.51197731840814
0,h12_h62,1764294977,23.912931510475993
0,h12_h62,1764294978,82.66463816510924
0,h12_h62,1764294979,137.5910185237976
0,h12_h62,1764294980,130.93707962081373
0,h12_h62,1764294981,130.0
0,h12_h62,1764294982,130.0
0,h12_h62,1764294983,129.19548878703944
0,h12_h62,1764294984,117.0
0,h12_h62,1764294985,116.57286649519853
0,h12_h62,1764294986,110.77174258248644
0,h12_h62,1764294987,107.76479591483113
0,h12_h62,1764294988,105.16063836835455
0,h12_h62,1764294989,98.8327182418507
0,h12_h62,1764294990,10.6
0,h12_h62,1764294991,10.6
0,h12_h62,1764294992,10.6
0,h12_h62,1764294993,10.6
0,h12_h62,1764294994,10.583399075958164
0,h12_h62,1764294995,10.483484531546637
0,h12_h62,1764294996,13.043182688961611
0,h12_h62,1764294997,28.420908407533517
0,h12_h62,1764294998,49.488733815881595
0,h12_h62,1764294999,131.8836027716938
0,h12_h62,1764295000,129.0822948235213
0,h12_h62,1764295001,130.9227477580658
0,h12_h62,1764295002,124.68720266816142
0,h12_h62,1764295003,28.87678420392989
0,h12_h62,1764295004,19.6576469852028
0,h12_h62,1764295005,10.569336003201556
0,h12_h62,1764295006,10.43036493466308
0,h12_h62,1764295007,13.74787920249284
0,h12_h62,1764295008,38.30399224936976
0,h12_h62,1764295009,87.4713277705511
0,h12_h62,1764295010,131.99258187968056
0,h12_h62,1764295011,48.9114617235529
0,h12_h62,1764295012,10.88553047989624
0,h12_h62,1764295013,10.8
0,h12_h62,1764295014,11.600086060048316
0,h12_h62,1764295015,15.702573631277373
0,h12_h62,1764295016,10.5861246386947
0,h12_h62,1764295017,10.541132114266622
0,h12_h62,1764295018,10.867645265878732
0,h12_h62,1764295019,14.26798111585225
0,h12_h62,1764295020,31.370078617257168
0,h12_h62,1764295021,11.764842062996449
0,h12_h62,1764295022,18.409040312583393
0,h12_h62,1764295023,12.965547046299532
0,h12_h62,1764295024,34.83239124967206
0,h12_h62,1764295025,85.55124981397526
0,h12_h62,1764295026,132.9510520036368
0,h12_h62,1764295027,112.66528591098005
0,h12_h62,1764295028,10.675541287200396
0,h12_h62,1764295029,10.487883716821996
0,h12_h62,1764295030,10.447874574907845
0,h12_h62,1764295031,10.823564737597223
0,h12_h62,1764295032,11.011588202472888
0,h12_h62,1764295033,11.088527403296071
0,h12_h62,1764295034,11.790255420389592
0,h12_h62,1764295035,17.22294483308652
0,h12_h62,1764295036,10.778278236518188
0,h12_h62,1764295037,11.31229998868192
0,h12_h62,1764295038,10.643549284380091
0,h12_h62,1764295039,12.162969842348746
0,h12_h62,1764295040,20.95456958069712
0,h12_h62,1764295041,11.010396044201942
0,h12_h62,1764295042,11.11028279575423
0,h12_h62,1764295043,11.179680310809992
0,h12_h62,1764295044,11.81800348998419
0,h12_h62,1764295045,18.45457389598408
0,h12_h62,1764295046,11.08036697623548
0,h12_h62,1764295047,10.92911281649059
0,h12_h62,1764295048,11.143007588161629
0,h12_h62,1764295049,10.684735886733826
0,h12_h62,1764295050,11.481648792479978
0,h12_h62,1764295051,11.254547814936908
0,h12_h62,1764295052,10.782001929099636
0,h12_h62,1764295053,10.6
0,h12_h62,1764295054,10.635257583058207
0,h12_h62,1764295055,11.146303701230256
0,h12_h62,1764295056,12.575305927679508
0,h12_h62,1764295057,11.191719037267095
0,h12_h62,1764295058,11.091807185296426
0,h12_h62,1764295059,12.904818142534127
0,h12_h62,1764295060,38.28068812475504
0,h12_h62,1764295061,95.18141160246122
0,h12_h62,1764295062,125.83774018284274
0,h12_h62,1764295063,105.4043867919364
0,h12_h62,1764295064,133.58799293320882
0,h12_h62,1764295065,42.80718230388338
0,h12_h62,1764295066,64.0233833806258
0,h12_h62,1764295067,85.23958445736824
0,h12_h62,1764295068,106.45578553411067
0,h12_h62,1764295069,127.67198661085308
0,h12_h62,1764295070,129.70709651488346
0,h12_h62,1764295071,129.37809198892825
0,h12_h62,1764295072,129.049087462973
0,h12_h62,1764295073,129.84942392454926
0,h12_h62,1764295074,129.15149549401892
0,h12_h62,1764295075,129.0
0,h12_h62,1764295076,129.0
0,h12_h62,1764295077,82.370272019064
0,h12_h62,1764295078,27.209746723094185
0,h12_h62,1764295079,11.25387420164462
0,h12_h62,1764295080,30.04630574262763
0,h12_h62,1764295081,12.18655922561964
0,h12_h62,1764295082,47.860419595178136
0,h12_h62,1764295083,103.9470212509595
0,h12_h62,1764295084,127.88854514133456
0,h12_h62,1764295085,113.34469556677004
0,h12_h62,1764295086,180.31474894895155
0,h12_h62,1764295087,109.96255653413944
0,h12_h62,1764295088,116.3975201097231
0,h12_h62,1764295089,125.95101099842014
0,h12_h62,1764295090,37.26284187093688
0,h12_h62,1764295091,12.423545966819624
0,h12_h62,1764295092,11.019468836642783
0,h12_h62,1764295093,15.4620736358635
0,h12_h62,1764295094,11.042153505874245
0,h12_h62,1764295095,10.886270859800582
0,h12_h62,1764295096,39.282745585024614
0,h12_h62,1764295097,16.38601866213461
0,h12_h62,1764295098,10.770698491372976
0,h12_h62,1764295099,11.609413827744651
0,h12_h62,1764295100,10.68393904167571
0,h12_h62,1764295101,10.6
0,h12_h62,1764295102,10.6
0,h12_h62,1764295103,11.05922466540698
0,h12_h62,1764295104,10.54933994751987
0,h12_h62,1764295105,10.591626219774328
0,h12_h62,1764295106,10.87429965073553
0,h12_h62,1764295107,10.717352046469395
0,h12_h62,1764295108,10.7
0,h12_h62,1764295109,11.336437286058684
0,h12_h62,1764295110,10.582370393634292
0,h12_h62,1764295111,10.5
0,h12_h62,1764295112,22.209441918390844
0,h12_h62,1764295113,11.77466969256529
0,h12_h62,1764295114,56.08707952499517
0,h12_h62,1764295115,53.22269996348976
0,h12_h62,1764295116,14.737879928542498
0,h12_h62,1764295117,10.5
0,h12_h62,1764295118,10.679549216702195
0,h12_h62,1764295119,10.520770442946374
0,h12_h62,1764295120,11.125761352583227
0,h12_h62,1764295121,10.842743161800342
0,h12_h62,1764295122,10.62167513106004
0,h12_h62,1764295123,11.133659450274738
0,h12_h62,1764295124,21.817590892674588
0,h12_h62,1764295125,30.155476127483865
0,h12_h62,1764295126,12.90718368202393
0,h12_h62,1764295127,10.588448034602104
0,h12_h62,1764295128,21.249912951912787
0,h12_h62,1764295129,12.057081550959015
0,h12_h62,1764295130,10.511958015690558
0,h12_h62,1764295131,23.231422606215148
0,h12_h62,1764295132,12.2382668234184
0,h12_h62,1764295133,10.4
0,h12_h62,1764295134,10.4
0,h12_h62,1764295135,10.4
0,h12_h62,1764295136,10.4
0,h12_h62,1764295137,10.4
0,h12_h62,1764295138,10.486956708107282
0,h12_h62,1764295139,10.934107809169712
0,h12_h62,1764295140,10.566221648849512
0,h12_h62,1764295141,10.413378068467802
0,h12_h62,1764295142,10.486546235358084
0,h12_h62,1764295143,10.5
0,h12_h62,1764295144,10.672574880409432
0,h12_h62,1764295145,10.441508661613078
0,h12_h62,1764295146,10.48601529830796
0,h12_h62,1764295147,10.585851383844776
0,h12_h62,1764295148,23.68730583893413
0,h12_h62,1764295149,27.27549523634221
0,h12_h62,1764295150,25.315705467237436
0,h12_h62,1764295151,25.48704774976306
0,h12_h62,1764295152,13.199687675124157
0,h12_h62,1764295153,10.82987455605288
0,h12_h62,1764295154,10.545230394560804
0,h12_h62,1764295155,10.5
0,h12_h62,1764295156,10.584609340728784
0,h12_h62,1764295157,24.470504541836405
0,h12_h62,1764295158,13.948549637787496
0,h12_h62,1764295159,11.315910150957116
0,h12_h62,1764295160,11.3
0,h12_h62,1764295161,10.712777240321012
0,h12_h62,1764295162,10.516241848971166
0,h12_h62,1764295163,11.168304182534827
0,h12_h62,1764295164,11.3
0,h12_h62,1764295165,11.3
0,h12_h62,1764295166,10.717534714445154
0,h12_h62,1764295167,11.181066158629996
0,h12_h62,1764295168,11.3
0,h12_h62,1764295169,11.3
0,h12_h62,1764295170,27.257507906125458
0,h12_h62,1764295171,15.23738064889314
0,h12_h62,1764295172,22.838314294803546
0,h12_h62,1764295173,17.489554433807715
0,h12_h62,1764295174,12.092378180662797
0,h12_h62,1764295175,10.97207988168006
0,h12_h62,1764295176,25.75920330568935
0,h12_h62,1764295177,14.60756096620644
0,h12_h62,1764295178,11.281482182560715
0,h12_h62,1764295179,33.53593429219937
0,h12_h62,1764295180,16.714617459614733
0,h12_h62,1764295181,10.650274940260424
0,h12_h62,1764295182,10.5
0,h12_h62,1764295183,21.442000577970852
0,h12_h62,1764295184,13.161069079546971
0,h12_h62,1764295185,10.580689612325452
0,h12_h62,1764295186,10.519438606935555
0,h12_h62,1764295187,11.142813151012865
0,h12_h62,1764295188,10.657913393237973
0,h12_h62,1764295189,10.5
0,h12_h62,1764295190,20.22820962986023
0,h12_h62,1764295191,13.647351709911623
0,h12_h62,1764295192,11.3
0,h12_h62,1764295193,11.3
0,h12_h62,1764295194,11.3
0,h12_h62,1764295195,11.220622061615478
0,h12_h62,1764295196,11.279274184175277
0,h12_h62,1764295197,10.66617599389837
0,h12_h62,1764295198,10.579133436342577
0,h12_h62,1764295199,10.52095904266292
0,h12_h62,1764295200,10.736641825251423
0,h12_h62,1764295201,10.721297257314022
0,h12_h62,1764295202,10.7
0,h12_h62,1764295203,11.327359162303663
0,h12_h62,1764295204,22.914176393696756
0,h12_h62,1764295205,14.140541446245692
0,h12_h62,1764295206,10.621846708107888
0,h12_h62,1764295207,10.677984400549336
0,h12_h62,1764295208,10.777799570325628
0,h12_h62,1764295209,10.72237755979743
0,h12_h62,1764295210,10.62254648097049
0,h12_h62,1764295211,10.6
0,h12_h62,1764295212,10.6
0,h12_h62,1764295213,10.67695080225511
0,h12_h62,1764295214,21.225826155808264
0,h12_h62,1764295215,13.908894509009242
0,h12_h62,1764295216,24.74254790442411
0,h12_h62,1764295217,26.248659354934748
0,h12_h62,1764295218,14.3024684953591
0,h12_h62,1764295219,10.670517151126289
0,h12_h62,1764295220,10.523561265896806
0,h12_h62,1764295221,22.75044061322445
0,h12_h62,1764295222,14.42617044617948
0,h12_h62,1764295223,10.5
0,h12_h62,1764295224,23.0890991565468
0,h12_h62,1764295225,14.574007066013946
0,h12_h62,1764295226,10.5
0,h12_h62,1764295227,10.5
0,h12_h62,1764295228,21.21596285625146
0,h12_h62,1764295229,13.991479181429126
0,h12_h62,1764295230,26.32282249885622
0,h12_h62,1764295231,16.384424877802388
0,h12_h62,1764295232,10.77057460720978
0,h12_h62,1764295233,11.354162591522796
0,h12_h62,1764295234,11.073045135651816
0,h12_h62,1764295235,22.145946872768093
0,h12_h62,1764295236,14.459284752139531
0,h12_h62,1764295237,10.79937036099303
0,h12_h62,1764295238,10.9
0,h12_h62,1764295239,20.68146909184251
0,h12_h62,1764295240,14.424746750449742
0,h12_h62,1764295241,21.40185831368038
0,h12_h62,1764295242,14.645552196997205
0,h12_h62,1764295243,21.837376105133416
0,h12_h62,1764295244,14.663346137933967
0,h12_h62,1764295245,10.820952380045933
0,h12_h62,1764295246,10.9
0,h12_h62,1764295247,10.680168567072773
0,h12_h62,1764295248,18.91271090134165
0,h12_h62,1764295249,14.036134320820684
0,h12_h62,1764295250,11.364290192685534
0,h12_h62,1764295251,11.35453302204168
0,h12_h62,1764295252,11.227388927282574
0,h12_h62,1764295253,11.2
0,h12_h62,1764295254,11.2
0,h12_h62,1764295255,11.344474623016517
0,h12_h62,1764295256,11.255789811299818
0,h12_h62,1764295257,11.487785624537809
0,h12_h62,1764295258,10.881480438415096
0,h12_h62,1764295259,45.226086372089355
0,h12_h62,1764295260,108.71331912147072
0,h12_h62,1764295261,122.30934031719912
0,h12_h62,1764295262,101.91006005675268
0,h12_h62,1764295263,125.24403265088183
0,h12_h62,1764295264,123.42475129756184
0,h12_h62,1764295265,96.3038346258934
0,h12_h62,1764295266,90.84041569890891
0,h12_h62,1764295267,51.79220028004246
0,h12_h62,1764295268,38.55876369504075
0,h12_h62,1764295269,20.654142273039497
0,h12_h62,1764295270,10.907065522421249
0,h12_h62,1764295271,10.981219187722417
0,h12_h62,1764295272,42.35118483584883
0,h12_h62,1764295273,104.09910836717135
0,h12_h62,1764295274,109.8402339384263
0,h12_h62,1764295275,85.12792050703341
0,h12_h62,1764295276,105.25599410885592
0,h12_h62,1764295277,122.5754324823328
0,h12_h62,1764295278,123.5591097591936
0,h12_h62,1764295279,121.78498138033407
0,h12_h62,1764295280,116.65237723729447
0,h12_h62,1764295281,124.97302417277984
0,h12_h62,1764295282,125.24947081523348
0,h12_h62,1764295283,59.24444753620989
0,h12_h62,1764295284,40.81148069881671
0,h12_h62,1764295285,25.392679492052476
0,h12_h62,1764295286,10.534367592560187
0,h12_h62,1764295287,10.5
0,h12_h62,1764295288,10.6960474462653
0,h12_h62,1764295289,10.60438441589605
0,h12_h62,1764295290,10.76010205001893
0,h12_h62,1764295291,10.640567091910215
0,h12_h62,1764295292,10.888011501953793
0,h12_h62,1764295293,11.486883105477744
0,h12_h62,1764295294,11.12072478182102
0,h12_h62,1764295295,10.671539916469456
0,h12_h62,1764295296,10.535922678875984
0,h12_h62,1764295297,10.436011009836273
0,h12_h62,1764295298,10.78338731464564
0,h12_h62,1764295299,10.93614643125432
0,h12_h62,1764295300,10.9
0,h12_h62,1764295301,10.96357019689284
0,h12_h62,1764295302,37.385075683058176
0,h12_h62,1764295303,81.21600996414926
0,h12_h62,1764295304,112.09087580776368
0,h12_h62,1764295305,109.83471687834113
0,h12_h62,1764295306,122.28093135688624
0,h12_h62,1764295307,142.5024541867244
0,h12_h62,1764295308,88.9156530190352
0,h12_h62,1764295309,52.344590380406146
0,h12_h62,1764295310,63.89404894406814
0,h12_h62,1764295311,75.44350750773013
0,h12_h62,1764295312,86.99296607139212
0,h12_h62,1764295313,98.5424246350541
0,h12_h62,1764295314,110.0918831987161
0,h12_h62,1764295315,121.64134176237808
0,h12_h62,1764295316,129.1799090106761
0,h12_h62,1764295317,129.6757216245871
0,h12_h62,1764295318,130.34497066853302
0,h12_h62,1764295319,124.74896572770544
0,h12_h62,1764295320,106.528678628024
0,h12_h62,1764295321,88.12097334571912
0,h12_h62,1764295322,79.83058734052321
0,h12_h62,1764295323,62.84244669815915
0,h12_h62,1764295324,30.156678058500095
0,h12_h62,1764295325,30.31592584226283
0,h12_h62,1764295326,31.02977815168093
0,h12_h62,1764295327,30.91483597251897
0,h12_h62,1764295328,42.09607339573548
0,h12_h62,1764295329,47.30852818201903
0,h12_h62,1764295330,22.02082672237469
0,h12_h62,1764295331,10.9784106205772
0,h12_h62,1764295332,10.832573024050896
0,h12_h62,1764295333,11.26406564213894
0,h12_h62,1764295334,11.556143689167843
0,h12_h62,1764295335,11.281344838781369
0,h12_h62,1764295336,17.32138549493967
0,h12_h62,1764295337,19.602067864830502
0,h12_h62,1764295338,11.356684555274322
0,h12_h62,1764295339,21.50556123791556
0,h12_h62,1764295340,78.5402939527733
0,h12_h62,1764295341,146.95711816074086
0,h12_h62,1764295342,129.3802084152857
0,h12_h62,1764295343,129.8467903381542
0,h12_h62,1764295344,124.96398856804832
0,h12_h62,1764295345,70.8576092626938
0,h12_h62,1764295346,22.34815683663206
0,h12_h62,1764295347,38.41821439920024
0,h12_h62,1764295348,27.25420576976725
0,h12_h62,1764295349,31.361227864482892
0,h12_h62,1764295350,81.96612332950957
0,h12_h62,1764295351,120.75184006727017
0,h12_h62,1764295352,130.24220561898971
0,h12_h62,1764295353,131.87565677620842
0,h12_h62,1764295354,118.2169440247802
0,h12_h62,1764295355,95.9393653417252
0,h12_h62,1764295356,31.217128345046056
0,h12_h62,1764295357,41.9320915298952
0,h12_h62,1764295358,73.12272624575174
0,h12_h62,1764295359,50.44677368153342
0,h12_h62,1764295360,69.32534790288446
0,h12_h62,1764295361,38.92021815385567
0,h12_h62,1764295362,10.5
0,h12_h62,1764295363,10.779278494891471
0,h12_h62,1764295364,11.160285000367912
0,h12_h62,1764295365,10.862270126288903
0,h12_h62,1764295366,10.5
0,h12_h62,1764295367,10.539368319482382
0,h12_h62,1764295368,10.6
0,h12_h62,1764295369,10.6
0,h12_h62,1764295370,10.6
0,h12_h62,1764295371,10.6
0,h12_h62,1764295372,10.831198276629015
0,h12_h62,1764295373,10.96974344651136
0,h12_h62,1764295374,10.791332411523635
0,h12_h62,1764295375,11.176209169821714
0,h12_h62,1764295376,11.033784210706887
0,h12_h62,1764295377,10.6
0,h12_h62,1764295378,10.67556150508201
0,h12_h62,1764295379,20.910901025844844
0,h12_h62,1764295380,28.435261864441024
0,h12_h62,1764295381,10.761516967208236
0,h12_h62,1764295382,10.93929564764844
0,h12_h62,1764295383,10.537149349905896
0,h12_h62,1764295384,10.6
0,h12_h62,1764295385,10.6
0,h12_h62,1764295386,10.81986876398165
0,h12_h62,1764295387,10.981124618177832
0,h12_h62,1764295388,11.144823449420851
0,h12_h62,1764295389,11.558054995062896
0,h12_h62,1764295390,10.672176768914792
0,h12_h62,1764295391,20.41102605053987
0,h12_h62,1764295392,28.864073904092777
0,h12_h62,1764295393,10.535634210228144
0,h12_h62,1764295394,10.635468721030774
0,h12_h62,1764295395,33.04964852053117
0,h12_h62,1764295396,76.27056336075866
0,h12_h62,1764295397,87.02348674079333
0,h12_h62,1764295398,128.3062719789313
0,h12_h62,1764295399,124.36030091014464
0,h12_h62,1764295400,117.80451108559652
0,h12_h62,1764295401,117.33953992485876
0,h12_h62,1764295402,114.4821990200082
0,h12_h62,1764295403,84.93136569982329
0,h12_h62,1764295404,119.84107354941288
0,h12_h62,1764295405,116.70153955390454
0,h12_h62,1764295406,110.18032482357567
0,h12_h62,1764295407,76.94305246576333
0,h12_h62,1764295408,75.8964688354935
0,h12_h62,1764295409,84.12733206951962
0,h12_h62,1764295410,10.799450611407128
0,h12_h62,1764295411,26.21881880671382
0,h12_h62,1764295412,44.541297388475165
0,h12_h62,1764295413,10.6
0,h12_h62,1764295414,10.632642475084428
0,h12_h62,1764295415,25.54380694970697
0,h12_h62,1764295416,72.3045194601188
0,h12_h62,1764295417,114.91467301809
0,h12_h62,1764295418,125.92569545014778
0,h12_h62,1764295419,114.21488835057605
0,h12_h62,1764295420,121.20954398944394
0,h12_h62,1764295421,116.96733010456138
0,h12_h62,1764295422,11.454754751511532
0,h12_h62,1764295423,17.911788377135615
0,h12_h62,1764295424,27.28189850658822
0,h12_h62,1764295425,10.748749083902831
0,h12_h62,1764295426,11.083122890879594
0,h12_h62,1764295427,10.6
0,h12_h62,1764295428,10.6
0,h12_h62,1764295429,10.6
0,h12_h62,1764295430,10.782897569275375
0,h12_h62,1764295431,11.139225622898648
0,h12_h62,1764295432,10.969616041319794
0,h12_h62,1764295433,10.930353301133504
0,h12_h62,1764295434,11.09069495675628
0,h12_h62,1764295435,11.26989108702891
0,h12_h62,1764295436,11.319986268216397
0,h12_h62,1764295437,11.719405992736569
0,h12_h62,1764295438,20.20768272704156
0,h12_h62,1764295439,32.28635121726575
0,h12_h62,1764295440,11.355332895826312
0,h12_h62,1764295441,11.846666062709795
0,h12_h62,1764295442,11.058803057941306
0,h12_h62,1764295443,11.141444793568766
0,h12_h62,1764295444,11.262296996815149
0,h12_h62,1764295445,11.610258843436307
0,h12_h62,1764295446,10.957686796461356
0,h12_h62,1764295447,17.980590489578365
0,h12_h62,1764295448,29.098696087359244
0,h12_h62,1764295449,18.943489267601205
0,h12_h62,1764295450,32.32999249158212
0,h12_h62,1764295451,18.36425201147785
0,h12_h62,1764295452,30.403090151666017
0,h12_h62,1764295453,10.639180958050297
0,h12_h62,1764295454,18.27078743612268
0,h12_h62,1764295455,31.10456706821254
0,h12_h62,1764295456,11.301544115600384
0,h12_h62,1764295457,11.827489583035366
0,h12_h62,1764295458,11.1
0,h12_h62,1764295459,11.1
0,h12_h62,1764295460,18.497729977952023
0,h12_h62,1764295461,32.30031246615746
0,h12_h62,1764295462,17.494447373722984
0,h12_h62,1764295463,29.76788064992153
0,h12_h62,1764295464,17.266092569579296
0,h12_h62,1764295465,29.1448286807836
0,h12_h62,1764295466,11.07380617816968
0,h12_h62,1764295467,24.38949659579891
0,h12_h62,1764295468,53.333481840196136
0,h12_h62,1764295469,17.309184459039145
0,h12_h62,1764295470,30.03424724956784
0,h12_h62,1764295471,10.871649548284893
0,h12_h62,1764295472,10.653452635771176
0,h12_h62,1764295473,11.074611174130876
0,h12_h62,1764295474,11.025300638232808
0,h12_h62,1764295475,10.998960106690909
0,h12_h62,1764295476,18.170393370724625
0,h12_h62,1764295477,34.37285154513049
0,h12_h62,1764295478,10.799470931695993
0,h12_h62,1764295479,11.321928322163364
0,h12_h62,1764295480,17.28856904349316
0,h12_h62,1764295481,28.929015514997964
0,h12_h62,1764295482,11.248455844715483
0,h12_h62,1764295483,11.303623971757585
0,h12_h62,1764295484,11.095917503918312
0,h12_h62,1764295485,11.4
0,h12_h62,1764295486,11.328840035911432
0,h12_h62,1764295487,17.853274950350094
0,h12_h62,1764295488,34.26397743227783
0,h12_h62,1764295489,11.00644763572713
0,h12_h62,1764295490,10.816399453163635
0,h12_h62,1764295491,11.2
0,h12_h62,1764295492,11.268816554933922
0,h12_h62,1764295493,11.477215623841593
0,h12_h62,1764295494,11.35469343032659
0,h12_h62,1764295495,11.2
0,h12_h62,1764295496,11.15514356098308
0,h12_h62,1764295497,11.06695750106551
0,h12_h62,1764295498,11.277812008436966
0,h12_h62,1764295499,11.2
0,h12_h62,1764295500,11.2
0,h12_h62,1764295501,11.047209546816449
0,h12_h62,1764295502,10.543493740520807
0,h12_h62,1764295503,10.678419346607598
0,h12_h62,1764295504,10.621422894428065
0,h12_h62,1764295505,16.577187321426795
0,h12_h62,1764295506,40.1000511564314
0,h12_h62,1764295507,38.49749668461551
0,h12_h62,1764295508,10.97512803936366
0,h12_h62,1764295509,10.520740389608315
0,h12_h62,1764295510,10.682349400213328
0,h12_h62,1764295511,10.918349142171843
0,h12_h62,1764295512,10.70161576612037
0,h12_h62,1764295513,15.989857582903536
0,h12_h62,1764295514,31.562616019577977
0,h12_h62,1764295515,11.81543187082002
0,h12_h62,1764295516,14.075058832424238
0,h12_h62,1764295517,30.19986763477535
0,h12_h62,1764295518,103.45661534136836
0,h12_h62,1764295519,117.51592610756757
0,h12_h62,1764295520,131.0
0,h12_h62,1764295521,131.03919997943834
0,h12_h62,1764295522,131.96259527747216
0,h12_h62,1764295523,131.0364585899042
0,h12_h62,1764295524,131.9653620623016
0,h12_h62,1764295525,127.33576714066712
0,h12_h62,1764295526,38.4499301514683
0,h12_h62,1764295527,84.46083890845891
0,h12_h62,1764295528,130.3174015351026
0,h12_h62,1764295529,161.27448758028288
0,h12_h62,1764295530,129.97319923068503
0,h12_h62,1764295531,125.47768805989452
0,h12_h62,1764295532,75.83597240456021
0,h12_h62,1764295533,127.99317189497978
0,h12_h62,1764295534,126.51486971159336
0,h12_h62,1764295535,125.03656752820694
0,h12_h62,1764295536,119.65187662968532
0,h12_h62,1764295537,114.16810579366285
0,h12_h62,1764295538,77.88233178200218
0,h12_h62,1764295539,42.259679382530365
0,h12_h62,1764295540,67.4039062876351
0,h12_h62,1764295541,92.5481331927398
0,h12_h62,1764295542,117.69236009784451
0,h12_h62,1764295543,117.27172152897792
0,h12_h62,1764295544,123.3077621159422
0,h12_h62,1764295545,125.47225789485628
0,h12_h62,1764295546,127.10776751492538
0,h12_h62,1764295547,128.74327713499449
0,h12_h62,1764295548,129.0
0,h12_h62,1764295549,129.0
0,h12_h62,1764295550,129.0
0,h12_h62,1764295551,122.5318527654269
0,h12_h62,1764295552,20.709374033079285
0,h12_h62,1764295553,70.4252987402876
0,h12_h62,1764295554,117.2766060566322
0,h12_h62,1764295555,122.79200209464396
0,h12_h62,1764295556,117.9709597652173
0,h12_h62,1764295557,115.38527919096693
0,h12_h62,1764295558,118.21514238164409
0,h12_h62,1764295559,123.77780977987132
0,h12_h62,1764295560,124.20531761558516
0,h12_h62,1764295561,122.40936009910703
0,h12_h62,1764295562,118.80932791654584
0,h12_h62,1764295563,116.40059218394582
0,h12_h62,1764295564,108.7502082989769
0,h12_h62,1764295565,21.603593876186707
0,h12_h62,1764295566,11.2
0,h12_h62,1764295567,10.570003519541798
0,h12_h62,1764295568,10.949057979307735
0,h12_h62,1764295569,11.179360273786015
0,h12_h62,1764295570,13.255138438335557
0,h12_h62,1764295571,13.856889090113611
0,h12_h62,1764295572,13.81086843684322
0,h12_h62,1764295573,13.621914888396754
0,h12_h62,1764295574,13.777746013953395
0,h12_h62,1764295575,13.356308765710542
0,h12_h62,1764295576,14.09722976794406
0,h12_h62,1764295577,11.360368810672536
0,h12_h62,1764295578,10.733902020627989
0,h12_h62,1764295579,11.23093149682606
0,h12_h62,1764295580,11.123267180299369
0,h12_h62,1764295581,80.24212980695887
0,h12_h62,1764295582,161.13379111474603
0,h12_h62,1764295583,113.88601363445198
0,h12_h62,1764295584,74.91629066893148
0,h12_h62,1764295585,85.89765577855107
0,h12_h62,1764295586,94.443370837187
0,h12_h62,1764295587,99.0864419225745
0,h12_h62,1764295588,105.4594502293628
0,h12_h62,1764295589,127.445927926795
0,h12_h62,1764295590,79.2909229147366
0,h12_h62,1764295591,120.14552094847808
0,h12_h62,1764295592,130.99032217996728
0,h12_h62,1764295593,129.0
0,h12_h62,1764295594,129.0
0,h12_h62,1764295595,129.0
0,h12_h62,1764295596,128.6452625888771
0,h12_h62,1764295597,128.14913538890644
0,h12_h62,1764295598,128.0
0,h12_h62,1764295599,153.59665813901148
0,h12_h62,1764295600,154.06997990146482
0,h12_h62,1764295601,136.0251636815239
0,h12_h62,1764295602,128.66667875670788
0,h12_h62,1764295603,43.19763850651158
0,h12_h62,1764295604,85.96350270597912
0,h12_h62,1764295605,116.35606873932448
0,h12_h62,1764295606,119.6975954005158
0,h12_h62,1764295607,128.31623106036952
0,h12_h62,1764295608,121.2478388953522
0,h12_h62,1764295609,113.2809053614535
0,h12_h62,1764295610,104.42591175554467
0,h12_h62,1764295611,97.24272479352392
0,h12_h62,1764295612,116.41241967882704
0,h12_h62,1764295613,146.25311583100418
0,h12_h62,1764295614,112.6641204054778
0,h12_h62,1764295615,34.40235350226553
0,h12_h62,1764295616,11.428120340861888
0,h12_h62,1764295617,10.5
0,h12_h62,1764295618,10.574738488592187
0,h12_h62,1764295619,10.674631387309834
0,h12_h62,1764295620,10.7
0,h12_h62,1764295621,10.551217494458468
0,h12_h62,1764295622,10.5
0,h12_h62,1764295623,10.648319079798048
0,h12_h62,1764295624,10.551974629823858
0,h12_h62,1764295625,10.573913871070564
0,h12_h62,1764295626,10.526223124352226
0,h12_h62,1764295627,10.573617709053645
0,h12_h62,1764295628,10.52653990472978
0,h12_h62,1764295629,10.573300089453316
0,h12_h62,1764295630,10.673129522814442
0,h12_h62,1764295631,10.627026471118974
0,h12_h62,1764295632,10.527179489376875
0,h12_h62,1764295633,10.5
0,h12_h62,1764295634,10.5
0,h12_h62,1764295635,10.427566202185988
0,h12_h62,1764295636,10.544561052370732
0,h12_h62,1764295637,10.455656876233888
0,h12_h62,1764295638,10.472034782923336
0,h12_h62,1764295639,12.364107775638692
0,h12_h62,1764295640,11.164055095713444
0,h12_h62,1764295641,10.471638223874804
0,h12_h62,1764295642,10.5
0,h12_h62,1764295643,75.68988597768652
0,h12_h62,1764295644,121.83289912381818
0,h12_h62,1764295645,130.18369345886688
0,h12_h62,1764295646,130.4108152572979
0,h12_h62,1764295647,129.41233893029133
0,h12_h62,1764295648,129.0
0,h12_h62,1764295649,128.41537734422712
0,h12_h62,1764295650,128.5829930397579
0,h12_h62,1764295651,129.0
0,h12_h62,1764295652,129.0
0,h12_h62,1764295653,82.41486167739586
0,h12_h62,1764295654,100.35672613538796
0,h12_h62,1764295655,130.57527688869683
0,h12_h62,1764295656,129.85077684776772
0,h12_h62,1764295657,128.424332655905
0,h12_h62,1764295658,126.8474608682963
0,h12_h62,1764295659,126.57531300836712
0,h12_h62,1764295660,126.42558872320951
0,h12_h62,1764295661,125.4258142334418
0,h12_h62,1764295662,194.5234486342726
0,h12_h62,1764295663,188.29467879716657
0,h12_h62,1764295664,112.50504462260412
0,h12_h62,1764295665,105.88689364822253
0,h12_h62,1764295666,49.11498672060757
0,h12_h62,1764295667,13.440377698813656
0,h12_h62,1764295668,10.7
0,h12_h62,1764295669,10.564556829445488
0,h12_h62,1764295670,10.43242873334973
0,h12_h62,1764295671,10.602219224952767
0,h12_h62,1764295672,10.56550502906792
0,h12_h62,1764295673,10.634154977092075
0,h12_h62,1764295674,10.633045048881876
0,h12_h62,1764295675,10.6
0,h12_h62,1764295676,11.33233927563024
0,h12_h62,1764295677,10.969171865927798
0,h12_h62,1764295678,10.732585164350713
0,h12_h62,1764295679,10.60161407352708
0,h12_h62,1764295680,10.56596434514109
0,h12_h62,1764295681,10.665791450986532
0,h12_h62,1764295682,10.634379856972645
0,h12_h62,1764295683,10.6
0,h12_h62,1764295684,10.6
0,h12_h62,1764295685,10.53477624769899
0,h12_h62,1764295686,10.955154526856653
0,h12_h62,1764295687,11.2
0,h12_h62,1764295688,10.811039068257406
0,h12_h62,1764295689,10.6
0,h12_h62,1764295690,10.47084787579088
0,h12_h62,1764295691,10.52886837259043
0,h12_h62,1764295692,10.664264796466766
0,h12_h62,1764295693,10.956495973227398
0,h12_h62,1764295694,11.1
0,h12_h62,1764295695,43.456644830089225
0,h12_h62,1764295696,31.4563496785791
0,h12_h62,1764295697,10.653672269800698
0,h12_h62,1764295698,10.78166140109743
0,h12_h62,1764295699,11.0
0,h12_h62,1764295700,10.746451854398664
0,h12_h62,1764295701,10.979319072451135
0,h12_h62,1764295702,11.136935289203372
0,h12_h62,1764295703,10.72205912805598
0,h12_h62,1764295704,10.814210320818727
0,h12_h62,1764295705,10.623591717448434
0,h12_h62,1764295706,10.4
0,h12_h62,1764295707,10.4
0,h12_h62,1764295708,10.773749829284784
0,h12_h62,1764295709,11.0
0,h12_h62,1764295710,10.937953381975454
0,h12_h62,1764295711,10.961878508508448
0,h12_h62,1764295712,10.938262806522538
0,h12_h62,1764295713,10.961570533142838
0,h12_h62,1764295714,11.0
0,h12_h62,1764295715,11.0613116711646
0,h12_h62,1764295716,10.732596529737988
0,h12_h62,1764295717,10.80544397533428
0,h12_h62,1764295718,11.0
0,h12_h62,1764295719,11.0
0,h12_h62,1764295720,10.939311773654063
0,h12_h62,1764295721,10.96048698406414
0,h12_h62,1764295722,11.0
0,h12_h62,1764295723,11.0
0,h12_h62,1764295724,11.0
0,h12_h62,1764295725,11.0
0,h12_h62,1764295726,17.285836286183958
0,h12_h62,1764295727,15.248253446829438
0,h12_h62,1764295728,10.780758811457805
0,h12_h62,1764295729,10.937687200390751
0,h12_h62,1764295730,11.040724445966656
0,h12_h62,1764295731,11.0
0,h12_h62,1764295732,11.059066626021682
0,h12_h62,1764295733,10.805077517689789
0,h12_h62,1764295734,10.658858339307423
0,h12_h62,1764295735,10.993276592485213
0,h12_h62,1764295736,11.083001698582164
0,h12_h62,1764295737,10.766325867586584
0,h12_h62,1764295738,10.891346899388488
0,h12_h62,1764295739,10.983750195314734
0,h12_h62,1764295740,10.957968669545462
0,h12_h62,1764295741,10.942229640901298
0,h12_h62,1764295742,10.95757141405698
0,h12_h62,1764295743,11.05736500872316
0,h12_h62,1764295744,11.042783509083312
0,h12_h62,1764295745,11.0
0,h12_h62,1764295746,11.0
0,h12_h62,1764295747,11.0
0,h12_h62,1764295748,10.772256383900777
0,h12_h62,1764295749,24.948617126549458
0,h12_h62,1764295750,22.347243487836504
0,h12_h62,1764295751,11.0
0,h12_h62,1764295752,11.112834913280702
0,h12_h62,1764295753,11.2
0,h12_h62,1764295754,11.08763520949419
0,h12_h62,1764295755,11.056104716208925
0,h12_h62,1764295756,10.819771871362
0,h12_h62,1764295757,10.6
0,h12_h62,1764295758,10.878692502875822
0,h12_h62,1764295759,11.044411110208683
0,h12_h62,1764295760,11.0
0,h12_h62,1764295761,11.0
0,h12_h62,1764295762,11.055160735233253
0,h12_h62,1764295763,11.1
0,h12_h62,1764295764,11.1
0,h12_h62,1764295765,11.154816091691265
0,h12_h62,1764295766,11.2
0,h12_h62,1764295767,10.872406304728546
0,h12_h62,1764295768,10.926700134383118
0,h12_h62,1764295769,11.145716541857045
0,h12_h62,1764295770,11.154160881331476
0,h12_h62,1764295771,10.82115776293823
0,h12_h62,1764295772,57.60731230066393
0,h12_h62,1764295773,112.1238446538073
0,h12_h62,1764295774,71.806605125619
0,h12_h62,1764295775,14.481360891368752
0,h12_h62,1764295776,10.813708714210255
0,h12_h62,1764295777,10.733500758213342
0,h12_h62,1764295778,10.55318899245049
0,h12_h62,1764295779,10.65302289205346
0,h12_h62,1764295780,10.7
0,h12_h62,1764295781,10.594629157349685
0,h12_h62,1764295782,10.814993530349785
0,h12_h62,1764295783,11.1
0,h12_h62,1764295784,10.838756042992513
0,h12_h62,1764295785,10.652159150852516
0,h12_h62,1764295786,10.59594683287622
0,h12_h62,1764295787,12.824441195908076
0,h12_h62,1764295788,12.680180347220196
0,h12_h62,1764295789,10.551635143955224
0,h12_h62,1764295790,10.548523512395592
0,h12_h62,1764295791,10.756464352263365
0,h12_h62,1764295792,11.05113164078984
0,h12_h62,1764295793,11.1
0,h12_h62,1764295794,10.896262060004377
0,h12_h62,1764295795,10.649165802595736
0,h12_h62,1764295796,10.6
0,h12_h62,1764295797,10.953298816874153
0,h12_h62,1764295798,11.3
0,h12_h62,1764295799,11.199674078435043
0,h12_h62,1764295800,10.84939462606325
0,h12_h62,1764295801,10.6
0,h12_h62,1764295802,10.649883885131846
0,h12_h62,1764295803,10.849091902355829
0,h12_h62,1764295804,10.801750516494096
0,h12_h62,1764295805,10.6
0,h12_h62,1764295806,10.649285500071404
0,h12_h62,1764295807,10.6016910491565
0,h12_h62,1764295808,10.549053685684088
0,h12_h62,1764295809,51.57549461435079
0,h12_h62,1764295810,112.41520375721709
0,h12_h62,1764295811,124.53913648880746
0,h12_h62,1764295812,81.82323151435227
0,h12_h62,1764295813,82.54306142530297
0,h12_h62,1764295814,133.6926354749544
0,h12_h62,1764295815,102.7515258537338
0,h12_h62,1764295816,99.35418296703094
0,h12_h62,1764295817,77.8538746443411
0,h12_h62,1764295818,67.9456719271434
0,h12_h62,1764295819,32.977778542161616
0,h12_h62,1764295820,10.6
0,h12_h62,1764295821,11.166276128781924
0,h12_h62,1764295822,11.28243377911021
0,h12_h62,1764295823,10.60600821348294
0,h12_h62,1764295824,10.54686804243275
0,h12_h62,1764295825,10.646747536936427
0,h12_h62,1764295826,10.653388413382242
0,h12_h62,1764295827,57.568375997376016
0,h12_h62,1764295828,124.39810499187492
0,h12_h62,1764295829,126.6544385989518
0,h12_h62,1764295830,121.80437138345197
0,h12_h62,1764295831,98.8053202569645
0,h12_h62,1764295832,78.26164918724632
0,h12_h62,1764295833,95.51213278166566
0,h12_h62,1764295834,112.06584507543242
0,h12_h62,1764295835,97.13113189602882
0,h12_h62,1764295836,43.985311628710875
0,h12_h62,1764295837,10.6452658422731
0,h12_h62,1764295838,14.0153813421666
0,h12_h62,1764295839,14.890812296009646
0,h12_h62,1764295840,10.76548244640992
0,h12_h62,1764295841,10.6
0,h12_h62,1764295842,10.6
0,h12_h62,1764295843,10.644345924496813
0,h12_h62,1764295844,10.655804737591314
0,h12_h62,1764295845,10.6
0,h12_h62,1764295846,10.643891712882336
0,h12_h62,1764295847,10.7
0,h12_h62,1764295848,10.7
0,h12_h62,1764295849,10.743469233987522
0,h12_h62,1764295850,10.843285256425512
0,h12_h62,1764295851,10.770674177923674
0,h12_h62,1764295852,10.64297421625627
0,h12_h62,1764295853,12.66176977011505
0,h12_h62,1764295854,15.257774162264278
0,h12_h62,1764295855,15.24211042445016
0,h12_h62,1764295856,15.341996127394577
0,h12_h62,1764295857,15.316281660172638
0,h12_h62,1764295858,58.838608480610574
0,h12_h62,1764295859,131.4004718390459
0,h12_h62,1764295860,129.6996927636802
0,h12_h62,1764295861,129.0
0,h12_h62,1764295862,93.91946649750368
0,h12_h62,1764295863,42.55150210623208
0,h12_h62,1764295864,87.71397449426176
0,h12_h62,1764295865,122.2400156327743
0,h12_h62,1764295866,109.8286093901348
0,h12_h62,1764295867,55.45833976918052
0,h12_h62,1764295868,56.63775958566073
0,h12_h62,1764295869,89.04699101911024
0,h12_h62,1764295870,119.78551463103253
0,h12_h62,1764295871,130.71305504708798
0,h12_h62,1764295872,129.71293397805
0,h12_h62,1764295873,129.2863003233672
0,h12_h62,1764295874,129.71577250331606
0,h12_h62,1764295875,101.00164787980738
0,h12_h62,1764295876,52.034006203435446
0,h12_h62,1764295877,84.63889468881554
0,h12_h62,1764295878,111.14823087148628
0,h12_h62,1764295879,95.5063653067944
0,h12_h62,1764295880,38.926898420712625
0,h12_h62,1764295881,54.442583605519104
0,h12_h62,1764295882,26.251023442061747
0,h12_h62,1764295883,10.778333416612536
0,h12_h62,1764295884,11.094751162754743
0,h12_h62,1764295885,11.089784582951715
0,h12_h62,1764295886,33.7963891983871
0,h12_h62,1764295887,63.41880712116594
0,h12_h62,1764295888,30.30281855306811
0,h12_h62,1764295889,11.229676797137728
0,h12_h62,1764295890,11.218501168560817
0,h12_h62,1764295891,10.98007558102347
0,h12_h62,1764295892,11.259678161368642
0,h12_h62,1764295893,11.001375844177216
0,h12_h62,1764295894,11.20012121535547
0,h12_h62,1764295895,10.886755366381088
0,h12_h62,1764295896,11.311448686400318
0,h12_h62,1764295897,11.388984105584653
0,h12_h62,1764295898,11.236871663069577
0,h12_h62,1764295899,11.3
0,h12_h62,1764295900,11.336595399514126
0,h12_h62,1764295901,11.071325729659335
0,h12_h62,1764295902,10.5729617125292
0,h12_h62,1764295903,10.627367239546697
0,h12_h62,1764295904,10.5
0,h12_h62,1764295905,10.57215717485486
0,h12_h62,1764295906,10.664092594523238
0,h12_h62,1764295907,10.56425476678411
0,h12_h62,1764295908,10.748957859286085
0,h12_h62,1764295909,11.164617274800918
0,h12_h62,1764295910,11.241031093940787
0,h12_h62,1764295911,11.148580621594167
0,h12_h62,1764295912,10.570088110476414
0,h12_h62,1764295913,10.734868156596097
0,h12_h62,1764295914,36.646180117690726
0,h12_h62,1764295915,95.27620564854494
0,h12_h62,1764295916,110.27312599834266
0,h12_h62,1764295917,121.12603513838356
0,h12_h62,1764295918,118.0
0,h12_h62,1764295919,118.65408142233098
0,h12_h62,1764295920,122.28079588282888
0,h12_h62,1764295921,128.24004767445106
0,h12_h62,1764295922,133.0
0,h12_h62,1764295923,129.9799659354669
0,h12_h62,1764295924,109.41686736418254
0,h12_h62,1764295925,60.7781760995036
0,h12_h62,1764295926,43.04638678142527
0,h12_h62,1764295927,125.40863775362251
0,h12_h62,1764295928,131.0
0,h12_h62,1764295929,131.19279919673454
0,h12_h62,1764295930,131.8080446561125
0,h12_h62,1764295931,130.808809326193
0,h12_h62,1764295932,110.8499461529257
0,h12_h62,1764295933,45.450721053757235
0,h12_h62,1764295934,71.71734685619516
0,h12_h62,1764295935,99.1625890212568
0,h12_h62,1764295936,111.75002561467602
0,h12_h62,1764295937,109.35780407305748
0,h12_h62,1764295938,63.21108024605658
0,h12_h62,1764295939,90.6427567800934
0,h12_h62,1764295940,133.31861675661193
0,h12_h62,1764295941,129.82691783720003
0,h12_h62,1764295942,128.82712275792113
0,h12_h62,1764295943,128.0
0,h12_h62,1764295944,128.0
0,h12_h62,1764295945,128.0
0,h12_h62,1764295946,128.0
0,h12_h62,1764295947,128.0
0,h12_h62,1764295948,128.0
0,h12_h62,1764295949,126.49883317868664
0,h12_h62,1764295950,98.78334493046108
0,h12_h62,1764295951,16.36352691953529
0,h12_h62,1764295952,18.375164739947
0,h12_h62,1764295953,10.55544241236255
0,h12_h62,1764295954,10.7
0,h12_h62,1764295955,10.7
0,h12_h62,1764295956,10.7
0,h12_h62,1764295957,10.67297407621093
0,h12_h62,1764295958,10.6
0,h12_h62,1764295959,10.626684515257022
0,h12_h62,1764295960,10.673487024291871
0,h12_h62,1764295961,10.573648400952562
0,h12_h62,1764295962,10.552411445848264
0,h12_h62,1764295963,10.7
0,h12_h62,1764295964,10.7
0,h12_h62,1764295965,10.7
0,h12_h62,1764295966,10.648758110560726
0,h12_h62,1764295967,10.5
0,h12_h62,1764295968,10.980051151563597
0,h12_h62,1764295969,11.94963775366486
0,h12_h62,1764295970,10.899889971520082
0,h12_h62,1764295971,11.477644467446511
0,h12_h62,1764295972,10.54944284035932
0,h12_h62,1764295973,10.650791863773035
0,h12_h62,1764295974,10.5
0,h12_h62,1764295975,10.5
0,h12_h62,1764295976,10.475747564883832
0,h12_h62,1764295977,10.424151348632432
0,h12_h62,1764295978,10.524040603779769
0,h12_h62,1764295979,10.623921137995884
0,h12_h62,1764295980,10.676204010711098
0,h12_h62,1764295981,10.741698951179536
0,h12_h62,1764295982,11.035981173344249
0,h12_h62,1764295983,10.5
0,h12_h62,1764295984,10.5
0,h12_h62,1764295985,10.5
0,h12_h62,1764295986,10.5
0,h12_h62,1764295987,10.5
0,h12_h62,1764295988,10.477353818986566
0,h12_h62,1764295989,10.422513723278618
0,h12_h62,1764295990,10.5
0,h12_h62,1764295991,10.5
0,h12_h62,1764295992,10.5
0,h12_h62,1764295993,10.5
0,h12_h62,1764295994,10.5
0,h12_h62,1764295995,10.5
0,h12_h62,1764295996,10.5
0,h12_h62,1764295997,10.5
0,h12_h62,1764295998,10.5
0,h12_h62,1764295999,10.5
0,h12_h62,1764296000,10.5
0,h12_h62,1764296001,10.5
0,h12_h62,1764296002,10.5
0,h12_h62,1764296003,10.5
0,h12_h62,1764296004,10.5
0,h12_h62,1764296005,10.5
0,h12_h62,1764296006,10.5
0,h12_h62,1764296007,10.5
0,h12_h62,1764296008,10.5
0,h12_h62,1764296009,10.5
0,h12_h62,1764296010,10.5
0,h12_h62,1764296011,10.5
0,h12_h62,1764296012,10.5
0,h12_h62,1764296013,10.539238485505734
0,h12_h62,1764296014,10.777982271042632
0,h12_h62,1764296015,11.1
0,h12_h62,1764296016,11.1
0,h12_h62,1764296017,11.119140276784451
0,h12_h62,1764296018,11.18096640088566
0,h12_h62,1764296019,11.137859999795216
0,h12_h62,1764296020,11.3
0,h12_h62,1764296021,11.243880149113169
0,h12_h62,1764296022,11.03724777624008
0,h12_h62,1764296023,11.181488490314782
0,h12_h62,1764296024,11.11846710507656
0,h12_h62,1764296025,11.2
0,h12_h62,1764296026,12.14729733026929
0,h12_h62,1764296027,15.369592681645996
0,h12_h62,1764296028,10.581904254754424
0,h12_h62,1764296029,10.5
0,h12_h62,1764296030,10.660948510214132
0,h12_h62,1764296031,27.475868671705044
0,h12_h62,1764296032,112.5103233357226
0,h12_h62,1764296033,129.75780458894724
0,h12_h62,1764296034,109.22483281618504
0,h12_h62,1764296035,113.27289318042854
0,h12_h62,1764296036,129.6860086245678
0,h12_h62,1764296037,123.48489445401486
0,h12_h62,1764296038,111.73903425472318
0,h12_h62,1764296039,68.17983203084925
0,h12_h62,1764296040,81.41251545485795
0,h12_h62,1764296041,110.30323754746756
0,h12_h62,1764296042,129.58847988001168
0,h12_h62,1764296043,140.60400531203743
0,h12_h62,1764296044,92.00970894404809
0,h12_h62,1764296045,10.906829499103017
0,h12_h62,1764296046,12.078199707501517
0,h12_h62,1764296047,12.206866299686135
0,h12_h62,1764296048,10.692590544518692
0,h12_h62,1764296049,20.598510103182623
0,h12_h62,1764296050,80.98013937353291
0,h12_h62,1764296051,122.60842681874662
0,h12_h62,1764296052,11.01099108965817
0,h12_h62,1764296053,10.529531653400047
0,h12_h62,1764296054,10.758395944035769
0,h12_h62,1764296055,11.114447713485925
0,h12_h62,1764296056,11.214319256036418
0,h12_h62,1764296057,11.186421162794687
0,h12_h62,1764296058,10.51412620513416
0,h12_h62,1764296059,10.6
0,h12_h62,1764296060,10.6
0,h12_h62,1764296061,11.593046695332356
0,h12_h62,1764296062,16.997179605894424
0,h12_h62,1764296063,10.88668324811781
0,h12_h62,1764296064,10.76056789279776
0,h12_h62,1764296065,10.513072408237576
0,h12_h62,1764296066,10.587082075227114
0,h12_h62,1764296067,10.525559842910958
0,h12_h62,1764296068,10.7
0,h12_h62,1764296069,10.7
0,h12_h62,1764296070,10.773984025650297
0,h12_h62,1764296071,11.22726140879
0,h12_h62,1764296072,10.748393905854607
0,h12_h62,1764296073,11.111898402088514
0,h12_h62,1764296074,11.152897917837016
0,h12_h62,1764296075,20.4672826575365
0,h12_h62,1764296076,98.7920287454845
0,h12_h62,1764296077,20.721705237594772
0,h12_h62,1764296078,38.52939204632028
0,h12_h62,1764296079,23.258293711166488
0,h12_h62,1764296080,18.14731691264317
0,h12_h62,1764296081,16.154731792787693
0,h12_h62,1764296082,10.57439009181526
0,h12_h62,1764296083,11.158155735234809
0,h12_h62,1764296084,10.872530193486588
0,h12_h62,1764296085,11.479764359898994
0,h12_h62,1764296086,11.240085397877776
0,h12_h62,1764296087,10.680187832386268
0,h12_h62,1764296088,19.729068743447527
0,h12_h62,1764296089,114.24096270842308
0,h12_h62,1764296090,81.42506804908162
0,h12_h62,1764296091,10.509412182823098
0,h12_h62,1764296092,10.590683732544123
0,h12_h62,1764296093,10.554954598951255
0,h12_h62,1764296094,11.04623001476874
0,h12_h62,1764296095,10.5
0,h12_h62,1764296096,10.884617898743718
0,h12_h62,1764296097,14.535328518037993
0,h12_h62,1764296098,10.51704461285071
0,h12_h62,1764296099,10.69164821621282
0,h12_h62,1764296100,10.591806663869225
0,h12_h62,1764296101,10.5
0,h12_h62,1764296102,10.507982661678277
0,h12_h62,1764296103,17.35822493708693
0,h12_h62,1764296104,102.6387418256546
0,h12_h62,1764296105,115.66206093542314
0,h12_h62,1764296106,131.29015488507977
0,h12_h62,1764296107,127.20878921063148
0,h12_h62,1764296108,125.08243611332402
0,h12_h62,1764296109,121.15329452665078
0,h12_h62,1764296110,124.82671724316204
0,h12_h62,1764296111,127.85807694335426
0,h12_h62,1764296112,127.04755117050556
0,h12_h62,1764296113,125.09240329799968
0,h12_h62,1764296114,123.08927794072731
0,h12_h62,1764296115,22.036426063184617
0,h12_h62,1764296116,10.5
0,h12_h62,1764296117,10.506265634325986
0,h12_h62,1764296118,10.593877838616564
0,h12_h62,1764296119,10.5
0,h12_h62,1764296120,10.505815323200954
0,h12_h62,1764296121,10.594275629074248
0,h12_h62,1764296122,10.5
0,h12_h62,1764296123,10.5433274707687
0,h12_h62,1764296124,11.263207287785074
0,h12_h62,1764296125,10.594816436023926
0,h12_h62,1764296126,10.510062027370536
0,h12_h62,1764296127,10.695085926308888
0,h12_h62,1764296128,10.873967155044069
0,h12_h62,1764296129,16.16590487721639
0,h12_h62,1764296130,10.6
0,h12_h62,1764296131,10.604364731429705
0,h12_h62,1764296132,10.691610764721451
0,h12_h62,1764296133,10.504131312712952
0,h12_h62,1764296134,10.6
0,h12_h62,1764296135,10.6
0,h12_h62,1764296136,10.755822725252584
0,h12_h62,1764296137,14.670720274979455
0,h12_h62,1764296138,10.69663155885173
0,h12_h62,1764296139,10.6
0,h12_h62,1764296140,10.6
0,h12_h62,1764296141,10.614635726422604
0,h12_h62,1764296142,11.10543383736159
0,h12_h62,1764296143,11.294807995327716
0,h12_h62,1764296144,11.084520220496236
0,h12_h62,1764296145,12.605530138930792
0,h12_h62,1764296146,95.474220694702
0,h12_h62,1764296147,129.0327534203761
0,h12_h62,1764296148,130.19591507120515
0,h12_h62,1764296149,132.69865617075945
0,h12_h62,1764296150,129.39608611091072
0,h12_h62,1764296151,124.47704110449298
0,h12_h62,1764296152,115.78962532906192
0,h12_h62,1764296153,45.718608753858774
0,h12_h62,1764296154,70.63441607705701
0,h12_h62,1764296155,97.33274728199872
0,h12_h62,1764296156,124.03107848694046
0,h12_h62,1764296157,128.84998783618894
0,h12_h62,1764296158,129.84716008881134
0,h12_h62,1764296159,127.45555244282264
0,h12_h62,1764296160,121.02751697677463
0,h12_h62,1764296161,117.43242248790372
0,h12_h62,1764296162,119.55654057112127
0,h12_h62,1764296163,124.60449354235249
0,h12_h62,1764296164,130.0120730517675
0,h12_h62,1764296165,70.64704198590317
0,h12_h62,1764296166,83.47673872498267
0,h12_h62,1764296167,120.72813637389248
0,h12_h62,1764296168,129.6270970516403
0,h12_h62,1764296169,130.0
0,h12_h62,1764296170,130.80943767632618
0,h12_h62,1764296171,125.29969823319436
0,h12_h62,1764296172,131.26678555579684
0,h12_h62,1764296173,133.8039383891692
0,h12_h62,1764296174,140.37329454948403
0,h12_h62,1764296175,123.32378942282072
0,h12_h62,1764296176,116.54704425282796
0,h12_h62,1764296177,130.45642086674894
0,h12_h62,1764296178,35.66613257593477
0,h12_h62,1764296179,102.70401842747088
0,h12_h62,1764296180,73.36497117004967
0,h12_h62,1764296181,27.424872488964212
0,h12_h62,1764296182,11.569472393615287
0,h12_h62,1764296183,10.591532739791926
0,h12_h62,1764296184,10.965327447870491
0,h12_h62,1764296185,11.0
0,h12_h62,1764296186,11.0
0,h12_h62,1764296187,11.0
0,h12_h62,1764296188,10.90900834144946
0,h12_h62,1764296189,11.172339981644628
0,h12_h62,1764296190,16.158450424702416
0,h12_h62,1764296191,11.18070343689417
0,h12_h62,1764296192,10.6
0,h12_h62,1764296193,10.509722905628514
0,h12_h62,1764296194,45.99580109615368
0,h12_h62,1764296195,15.036549972232956
0,h12_h62,1764296196,86.74179849343741
0,h12_h62,1764296197,124.17699814252327
0,h12_h62,1764296198,122.14300607807012
0,h12_h62,1764296199,124.6936372475651
0,h12_h62,1764296200,119.70833371359625
0,h12_h62,1764296201,123.46889266202056
0,h12_h62,1764296202,133.46778858845224
0,h12_h62,1764296203,58.83894342752684
0,h12_h62,1764296204,14.367581729238598
0,h12_h62,1764296205,10.677852271766204
0,h12_h62,1764296206,11.0549292825761
0,h12_h62,1764296207,10.656717558088609
0,h12_h62,1764296208,16.926723904458733
0,h12_h62,1764296209,11.358136193224356
0,h12_h62,1764296210,94.64834595597974
0,h12_h62,1764296211,111.317297175319
0,h12_h62,1764296212,74.65635755068915
0,h12_h62,1764296213,81.40383298897405
0,h12_h62,1764296214,73.16512019357977
0,h12_h62,1764296215,19.425995493327385
0,h12_h62,1764296216,11.337934180573786
0,h12_h62,1764296217,11.387256037591
0,h12_h62,1764296218,11.312875088600329
0,h12_h62,1764296219,13.988341190357566
0,h12_h62,1764296220,11.534106284948637
0,h12_h62,1764296221,10.57901776012018
0,h12_h62,1764296222,11.019808139191866
0,h12_h62,1764296223,11.013486554505167
0,h12_h62,1764296224,14.1024881568655
0,h12_h62,1764296225,11.579797487584829
0,h12_h62,1764296226,11.1
0,h12_h62,1764296227,11.186097141579411
0,h12_h62,1764296228,11.028027399661434
0,h12_h62,1764296229,11.257565544640643
0,h12_h62,1764296230,11.042760510607245
0,h12_h62,1764296231,18.386651448130024
0,h12_h62,1764296232,12.188369357962896
0,h12_h62,1764296233,11.15587736872662
0,h12_h62,1764296234,11.2
0,h12_h62,1764296235,16.85881360490411
0,h12_h62,1764296236,11.792680634122828
0,h12_h62,1764296237,11.208268622173806
0,h12_h62,1764296238,15.090017648236174
0,h12_h62,1764296239,12.08641359159819
0,h12_h62,1764296240,11.315665424588389
0,h12_h62,1764296241,18.06516361704012
0,h12_h62,1764296242,11.922729660217922
0,h12_h62,1764296243,11.087620819214516
0,h12_h62,1764296244,11.28379706141392
0,h12_h62,1764296245,11.048905596144612
0,h12_h62,1764296246,11.50124690879058
0,h12_h62,1764296247,10.765424658591728
0,h12_h62,1764296248,11.265882669095554
0,h12_h62,1764296249,10.818118885165404
0,h12_h62,1764296250,10.53403713188403
0,h12_h62,1764296251,10.665621017887938
0,h12_h62,1764296252,11.030427794013068
0,h12_h62,1764296253,10.687335792376553
0,h12_h62,1764296254,10.51760265968577
0,h12_h62,1764296255,10.66445978833523
0,h12_h62,1764296256,11.110427500646407
0,h12_h62,1764296257,16.41356380209073
0,h12_h62,1764296258,12.288013785602024
0,h12_h62,1764296259,11.181714045811267
0,h12_h62,1764296260,11.28157994797712
0,h12_h62,1764296261,11.137069715711934
0,h12_h62,1764296262,10.693024264319387
0,h12_h62,1764296263,11.006053708066297
0,h12_h62,1764296264,11.1
0,h12_h62,1764296265,11.180952106552116
0,h12_h62,1764296266,11.28082218396634
0,h12_h62,1764296267,11.219304502706814
0,h12_h62,1764296268,10.635623927281896
0,h12_h62,1764296269,10.580476001314768
0,h12_h62,1764296270,10.680304055541605
0,h12_h62,1764296271,10.61984036509746
0,h12_h62,1764296272,14.421738391946583
0,h12_h62,1764296273,34.98712918143641
0,h12_h62,1764296274,16.797096980784357
0,h12_h62,1764296275,10.977558102354546
0,h12_h62,1764296276,11.1
0,h12_h62,1764296277,11.1
0,h12_h62,1764296278,10.623964504943649
0,h12_h62,1764296279,10.5792137759984
0,h12_h62,1764296280,10.6
0,h12_h62,1764296281,10.521048463942677
0,h12_h62,1764296282,10.972574445955372
0,h12_h62,1764296283,10.627981894682064
0,h12_h62,1764296284,14.486199702530577
0,h12_h62,1764296285,11.607234393873458
0,h12_h62,1764296286,10.5
0,h12_h62,1764296287,10.5
0,h12_h62,1764296288,10.5
0,h12_h62,1764296289,10.5
0,h12_h62,1764296290,10.5
0,h12_h62,1764296291,17.663313550633642
0,h12_h62,1764296292,12.667974350700057
0,h12_h62,1764296293,10.6
0,h12_h62,1764296294,15.773113049812814
0,h12_h62,1764296295,12.102232221938984
0,h12_h62,1764296296,10.6
0,h12_h62,1764296297,10.6
0,h12_h62,1764296298,10.6
0,h12_h62,1764296299,10.6
0,h12_h62,1764296300,10.6
0,h12_h62,1764296301,11.220889660872976
0,h12_h62,1764296302,11.322451288932212
0,h12_h62,1764296303,10.757014065816016
0,h12_h62,1764296304,10.6
0,h12_h62,1764296305,15.067104078036614
0,h12_h62,1764296306,11.839652719743508
0,h12_h62,1764296307,10.577367344483214
0,h12_h62,1764296308,17.34575452161033
0,h12_h62,1764296309,17.714453261558113
0,h12_h62,1764296310,12.106015050406835
0,h12_h62,1764296311,10.75462905403344
0,h12_h62,1764296312,10.722681425652825
0,h12_h62,1764296313,10.777312501758136
0,h12_h62,1764296314,10.645342637097167
0,h12_h62,1764296315,10.6772735394259
0,h12_h62,1764296316,65.3645297552986
0,h12_h62,1764296317,116.904150949075
0,h12_h62,1764296318,128.0805574770631
0,h12_h62,1764296319,87.0703959771028
0,h12_h62,1764296320,66.90336296916118
0,h12_h62,1764296321,78.81192779629313
0,h12_h62,1764296322,76.87783045433065
0,h12_h62,1764296323,39.829604007687195
0,h12_h62,1764296324,15.07467373576546
0,h12_h62,1764296325,11.176697733431569
0,h12_h62,1764296326,11.2
0,h12_h62,1764296327,11.046836760404457
0,h12_h62,1764296328,11.076466897014708
0,h12_h62,1764296329,10.94726936927474
0,h12_h62,1764296330,10.976187788646168
0,h12_h62,1764296331,13.880855203559756
0,h12_h62,1764296332,89.22441084646057
0,h12_h62,1764296333,126.53613290033118
0,h12_h62,1764296334,130.4605236796637
0,h12_h62,1764296335,130.7834916880479
0,h12_h62,1764296336,50.4587856584598
0,h12_h62,1764296337,59.21850069572895
0,h12_h62,1764296338,96.81119170998883
0,h12_h62,1764296339,114.05234688433508
0,h12_h62,1764296340,127.46748459398492
0,h12_h62,1764296341,125.7358350970226
0,h12_h62,1764296342,114.22340876682412
0,h12_h62,1764296343,116.12531157974465
0,h12_h62,1764296344,112.6286025773628
0,h12_h62,1764296345,111.68481428820049
0,h12_h62,1764296346,110.93176627661724
0,h12_h62,1764296347,112.05879184845492
0,h12_h62,1764296348,103.5292885882755
0,h12_h62,1764296349,45.47887066883375
0,h12_h62,1764296350,86.85111068082082
0,h12_h62,1764296351,128.5443462054683
0,h12_h62,1764296352,132.17087458293162
0,h12_h62,1764296353,125.32771878379864
0,h12_h62,1764296354,124.71207375056984
0,h12_h62,1764296355,123.2877646819952
0,h12_h62,1764296356,109.77866558008256
0,h12_h62,1764296357,106.02145608061404
0,h12_h62,1764296358,88.39064404674095
0,h12_h62,1764296359,67.18190381519143
0,h12_h62,1764296360,27.31227366275801
0,h12_h62,1764296361,10.9693511625024
0,h12_h62,1764296362,10.65374910882445
0,h12_h62,1764296363,10.4308304302516
0,h12_h62,1764296364,10.952129312314373
0,h12_h62,1764296365,11.2
0,h12_h62,1764296366,10.718269333667006
0,h12_h62,1764296367,10.84351422252799
0,h12_h62,1764296368,11.0
0,h12_h62,1764296369,92.98508152995456
0,h12_h62,1764296370,141.4648410481623
0,h12_h62,1764296371,101.16208711965524
0,h12_h62,1764296372,42.61223771955603
0,h12_h62,1764296373,24.166743941627953
0,h12_h62,1764296374,14.929333564457094
0,h12_h62,1764296375,10.635434459500466
0,h12_h62,1764296376,10.564885404595245
0,h12_h62,1764296377,10.836846195135973
0,h12_h62,1764296378,11.47028643236412
0,h12_h62,1764296379,11.297695073548358
0,h12_h62,1764296380,11.033055067564993
0,h12_h62,1764296381,10.933153086545612
0,h12_h62,1764296382,11.100003568392887
0,h12_h62,1764296383,11.465935616488569
0,h12_h62,1764296384,11.268239021793878
0,h12_h62,1764296385,11.232447049518228
0,h12_h62,1764296386,11.03552978100632
0,h12_h62,1764296387,10.965969820605316
0,h12_h62,1764296388,10.736520127143883
0,h12_h62,1764296389,10.6
0,h12_h62,1764296390,10.862280831375584
0,h12_h62,1764296391,11.0
0,h12_h62,1764296392,10.803926403872367
0,h12_h62,1764296393,83.8841202777625
0,h12_h62,1764296394,119.07181526987476
0,h12_h62,1764296395,88.4897845897849
0,h12_h62,1764296396,55.22997508333323
0,h12_h62,1764296397,21.60656231030741
0,h12_h62,1764296398,10.62909632066187
0,h12_h62,1764296399,14.921144597585748
0,h12_h62,1764296400,71.2339310046068
0,h12_h62,1764296401,113.76899923348726
0,h12_h62,1764296402,76.62971312382676
0,h12_h62,1764296403,24.40063338378289
0,h12_h62,1764296404,11.06360289709434
0,h12_h62,1764296405,11.163444221274244
0,h12_h62,1764296406,10.883233935675516
0,h12_h62,1764296407,10.952775896911504
0,h12_h62,1764296408,10.721505641281771
0,h12_h62,1764296409,10.814680263857
0,h12_h62,1764296410,11.062794080136458
0,h12_h62,1764296411,11.16267718391694
0,h12_h62,1764296412,18.7398904992888
0,h12_h62,1764296413,17.904042588559616
0,h12_h62,1764296414,14.5
0,h12_h62,1764296415,49.85809135343163
0,h12_h62,1764296416,106.98864800109506
0,h12_h62,1764296417,100.4431645682992
0,h12_h62,1764296418,78.88643772219376
0,h12_h62,1764296419,114.77352944635588
0,h12_h62,1764296420,135.14271072545966
0,h12_h62,1764296421,129.0
0,h12_h62,1764296422,129.0
0,h12_h62,1764296423,129.0
0,h12_h62,1764296424,63.427565764878
0,h12_h62,1764296425,35.116332064690496
0,h12_h62,1764296426,28.29960059191067
0,h12_h62,1764296427,10.738365679089306
0,h12_h62,1764296428,10.74052148861052
0,h12_h62,1764296429,10.66016304077424
0,h12_h62,1764296430,10.5
0,h12_h62,1764296431,10.5
0,h12_h62,1764296432,10.5
0,h12_h62,1764296433,22.8778843659426
0,h12_h62,1764296434,19.325381021106168
0,h12_h62,1764296435,10.518019614484432
0,h12_h62,1764296436,10.65883681511666
0,h12_h62,1764296437,10.641333706555232
0,h12_h62,1764296438,10.541493646539042
0,h12_h62,1764296439,10.5
0,h12_h62,1764296440,10.5
0,h12_h62,1764296441,10.55804574787374
0,h12_h62,1764296442,10.54211172441473
0,h12_h62,1764296443,10.5
0,h12_h62,1764296444,10.557576214178086
0,h12_h62,1764296445,10.829561250817283
0,h12_h62,1764296446,21.83903553394383
0,h12_h62,1764296447,77.11920694762354
0,h12_h62,1764296448,98.10889238607838
0,h12_h62,1764296449,43.80677424172754
0,h12_h62,1764296450,77.05362165963432
0,h12_h62,1764296451,135.13067240938642
0,h12_h62,1764296452,131.37459664592555
0,h12_h62,1764296453,127.55970345896246
0,h12_h62,1764296454,128.74904267133445
0,h12_h62,1764296455,131.8656121340147
0,h12_h62,1764296456,132.5690936290986
0,h12_h62,1764296457,155.94686429958202
0,h12_h62,1764296458,166.12451123513935
0,h12_h62,1764296459,122.75614488193833
0,h12_h62,1764296460,121.24206121566378
0,h12_h62,1764296461,124.54158653038296
0,h12_h62,1764296462,83.62445134622084
0,h12_h62,1764296463,72.45408206094619
0,h12_h62,1764296464,116.26224585966366
0,h12_h62,1764296465,131.57913667352452
0,h12_h62,1764296466,130.5808531967985
0,h12_h62,1764296467,130.0
0,h12_h62,1764296468,130.0
0,h12_h62,1764296469,129.584564075181
0,h12_h62,1764296470,129.0
0,h12_h62,1764296471,128.17283597926786
0,h12_h62,1764296472,125.75441376880768
0,h12_h62,1764296473,118.09329779297256
0,h12_h62,1764296474,112.97743524231906
0,h12_h62,1764296475,77.70432792922789
0,h12_h62,1764296476,46.93809050643748
0,h12_h62,1764296477,67.4481449754718
0,h12_h62,1764296478,46.05520821642449
0,h12_h62,1764296479,19.62855961462233
0,h12_h62,1764296480,21.91759050610562
0,h12_h62,1764296481,16.866219632343007
0,h12_h62,1764296482,11.154745508921383
0,h12_h62,1764296483,11.093957464018432
0,h12_h62,1764296484,11.105356262399251
0,h12_h62,1764296485,11.146499052948435
0,h12_h62,1764296486,10.948936472753724
0,h12_h62,1764296487,11.001887939765732
0,h12_h62,1764296488,10.845776917349218
0,h12_h62,1764296489,10.549265312369894
0,h12_h62,1764296490,10.904449441250058
0,h12_h62,1764296491,19.966234242733968
0,h12_h62,1764296492,57.53258636767144
0,h12_h62,1764296493,100.1747306433818
0,h12_h62,1764296494,120.0779891371639
0,h12_h62,1764296495,134.74334704526026
0,h12_h62,1764296496,113.8193500102982
0,h12_h62,1764296497,81.04524451214567
0,h12_h62,1764296498,100.8273032731626
0,h12_h62,1764296499,71.29339552908098
0,h12_h62,1764296500,11.45287572531679
0,h12_h62,1764296501,13.199884481730123
0,h12_h62,1764296502,16.06198275145316
0,h12_h62,1764296503,13.640963662669042
0,h12_h62,1764296504,11.0
0,h12_h62,1764296505,11.0
0,h12_h62,1764296506,11.092001737427465
0,h12_h62,1764296507,11.154116739034295
0,h12_h62,1764296508,11.145764619708274
0,h12_h62,1764296509,11.108677936578042
0,h12_h62,1764296510,10.95442618842942
0,h12_h62,1764296511,10.990937974861696
0,h12_h62,1764296512,11.054639849295794
0,h12_h62,1764296513,11.0
0,h12_h62,1764296514,13.06795718912562
0,h12_h62,1764296515,13.53887595027809
0,h12_h62,1764296516,13.903269447842888
0,h12_h62,1764296517,14.698859013085126
0,h12_h62,1764296518,11.155323828212444
0,h12_h62,1764296519,10.832474439050706
0,h12_h62,1764296520,22.91816016619933
0,h12_h62,1764296521,27.193135910731563
0,h12_h62,1764296522,11.1
0,h12_h62,1764296523,11.055877972077951
0,h12_h62,1764296524,11.044030990841494
0,h12_h62,1764296525,10.836342528719198
0,h12_h62,1764296526,10.587673020253202
0,h12_h62,1764296527,10.7
0,h12_h62,1764296528,10.873907094010304
0,h12_h62,1764296529,17.249534312579982
0,h12_h62,1764296530,20.98026140949388
0,h12_h62,1764296531,14.842713027080965
0,h12_h62,1764296532,14.857471018717948
0,h12_h62,1764296533,14.8
0,h12_h62,1764296534,14.715642265275566
0,h12_h62,1764296535,14.5579792753391
0,h12_h62,1764296536,19.09610608205276
0,h12_h62,1764296537,24.623205391235377
0,h12_h62,1764296538,18.006519127245998
0,h12_h62,1764296539,10.76720781306584
0,h12_h62,1764296540,11.041637812265195
0,h12_h62,1764296541,19.88072100178277
0,h12_h62,1764296542,62.21017556753244
0,h12_h62,1764296543,111.18955245160092
0,h12_h62,1764296544,105.31614914929106
0,h12_h62,1764296545,108.80468876939878
0,h12_h62,1764296546,100.0854198926744
0,h12_h62,1764296547,62.726689510636014
0,h12_h62,1764296548,36.890960816024304
0,h12_h62,1764296549,10.95765388957378
0,h12_h62,1764296550,10.559707177187036
0,h12_h62,1764296551,10.5
0,h12_h62,1764296552,16.059993877715826
0,h12_h62,1764296553,19.381165719557828
0,h12_h62,1764296554,16.978253315687212
0,h12_h62,1764296555,20.365894743966095
0,h12_h62,1764296556,11.28185157867085
0,h12_h62,1764296557,10.903523661288933
0,h12_h62,1764296558,10.6
0,h12_h62,1764296559,10.6
0,h12_h62,1764296560,10.6
0,h12_h62,1764296561,10.561236050495912
0,h12_h62,1764296562,10.5
0,h12_h62,1764296563,10.731533946167117
0,h12_h62,1764296564,10.907748697037707
0,h12_h62,1764296565,10.6
0,h12_h62,1764296566,10.790939945841922
0,h12_h62,1764296567,10.985859904748835
0,h12_h62,1764296568,17.176374739841993
0,h12_h62,1764296569,62.18648116879045
0,h12_h62,1764296570,131.98015994089965
0,h12_h62,1764296571,127.1934949868913
0,h12_h62,1764296572,116.64604742645707
0,h12_h62,1764296573,96.6957417179464
0,h12_h62,1764296574,88.62519608482886
0,h12_h62,1764296575,81.50291541516974
0,h12_h62,1764296576,54.50690825060527
0,h12_h62,1764296577,97.26723181897002
0,h12_h62,1764296578,110.15384317454183
0,h12_h62,1764296579,118.57900446550047
0,h12_h62,1764296580,118.92809148161167
0,h12_h62,1764296581,134.34409046741402
0,h12_h62,1764296582,132.0
0,h12_h62,1764296583,131.7819432887852
0,h12_h62,1764296584,130.34548924445917
0,h12_h62,1764296585,128.6553192337848
0,h12_h62,1764296586,131.2145588901494
0,h12_h62,1764296587,131.57358510654296
0,h12_h62,1764296588,101.39598676880844
0,h12_h62,1764296589,38.99671573054158
0,h12_h62,1764296590,110.46486255385646
0,h12_h62,1764296591,139.60158560627
0,h12_h62,1764296592,129.89723182219367
0,h12_h62,1764296593,129.40238760954597
0,h12_h62,1764296594,129.0
0,h12_h62,1764296595,129.0
0,h12_h62,1764296596,133.32211167255733
0,h12_h62,1764296597,148.91512180604462
0,h12_h62,1764296598,135.17361081242342
0,h12_h62,1764296599,163.1648722439664
0,h12_h62,1764296600,126.27390710878451
0,h12_h62,1764296601,100.8206510993945
0,h12_h62,1764296602,63.59023495205138
0,h12_h62,1764296603,107.436652428223
0,h12_h62,1764296604,119.60726025988544
0,h12_h62,1764296605,129.85408197239008
0,h12_h62,1764296606,129.14474308736948
0,h12_h62,1764296607,129.85669620748513
0,h12_h62,1764296608,131.1095965436118
0,h12_h62,1764296609,142.0782563503393
0,h12_h62,1764296610,129.0
0,h12_h62,1764296611,128.02528121222386
0,h12_h62,1764296612,121.12917211785336
0,h12_h62,1764296613,98.94902555972055
0,h12_h62,1764296614,22.985967870890786
0,h12_h62,1764296615,55.72061075967348
0,h12_h62,1764296616,53.88363810311354
0,h12_h62,1764296617,27.276906303184475
0,h12_h62,1764296618,20.35920044915145
0,h12_h62,1764296619,15.236944100211003
0,h12_h62,1764296620,11.453223372202215
0,h12_h62,1764296621,11.0
0,h12_h62,1764296622,18.35954433365275
0,h12_h62,1764296623,53.95262318251889
0,h12_h62,1764296624,105.66082617934826
0,h12_h62,1764296625,132.05148861545413
0,h12_h62,1764296626,110.1074831489457
0,h12_h62,1764296627,31.478948233772456
0,h12_h62,1764296628,73.60704239216575
0,h12_h62,1764296629,29.267555087902696
0,h12_h62,1764296630,10.92319012928005
0,h12_h62,1764296631,11.0
0,h12_h62,1764296632,11.114551142218373
0,h12_h62,1764296633,17.672946713427127
0,h12_h62,1764296634,52.822408506584
0,h12_h62,1764296635,114.57537367175674
0,h12_h62,1764296636,130.0243182379919
0,h12_h62,1764296637,107.68907676220178
0,h12_h62,1764296638,125.89202781348531
0,h12_h62,1764296639,116.56303619891382
0,h12_h62,1764296640,61.75685401474195
0,h12_h62,1764296641,110.12324199582552
0,h12_h62,1764296642,132.81160563124976
0,h12_h62,1764296643,130.83169269106793
0,h12_h62,1764296644,129.0
0,h12_h62,1764296645,129.0
0,h12_h62,1764296646,129.07278124224894
0,h12_h62,1764296647,129.9296551497413
0,h12_h62,1764296648,129.0
0,h12_h62,1764296649,129.0
0,h12_h62,1764296650,129.0
0,h12_h62,1764296651,129.0
0,h12_h62,1764296652,124.23338856261016
0,h12_h62,1764296653,67.40181005473228
0,h12_h62,1764296654,116.36829480088154
0,h12_h62,1764296655,122.47487442102292
0,h12_h62,1764296656,142.40679207673858
0,h12_h62,1764296657,130.1691117272504
0,h12_h62,1764296658,132.94821099320254
0,h12_h62,1764296659,132.0506334654758
0,h12_h62,1764296660,132.85414654356202
0,h12_h62,1764296661,130.05001575644252
0,h12_h62,1764296662,131.0
0,h12_h62,1764296663,130.7659517805395
0,h12_h62,1764296664,124.33219521801762
0,h12_h62,1764296665,86.50797771497511
0,h12_h62,1764296666,13.18035483712892
0,h12_h62,1764296667,24.39989652824063
0,h12_h62,1764296668,10.5
0,h12_h62,1764296669,10.5
0,h12_h62,1764296670,10.5
0,h12_h62,1764296671,10.577792326789371
0,h12_h62,1764296672,13.803757485366004
0,h12_h62,1764296673,26.904220619463185
0,h12_h62,1764296674,10.61520490091428
0,h12_h62,1764296675,10.684968399023502
0,h12_h62,1764296676,10.94118460891805
0,h12_h62,1764296677,12.551960688434232
0,h12_h62,1764296678,10.5
0,h12_h62,1764296679,10.514365802649513
0,h12_h62,1764296680,10.585785947441533
0,h12_h62,1764296681,10.5
0,h12_h62,1764296682,10.5
0,h12_h62,1764296683,10.5
0,h12_h62,1764296684,10.5
0,h12_h62,1764296685,10.51359832959665
0,h12_h62,1764296686,10.586562854260311
0,h12_h62,1764296687,10.5
0,h12_h62,1764296688,10.591975872283292
0,h12_h62,1764296689,11.186982207057111
0,h12_h62,1764296690,11.048074900784906
0,h12_h62,1764296691,14.855659432018122
0,h12_h62,1764296692,50.64648169259753
0,h12_h62,1764296693,120.0861347996054
0,h12_h62,1764296694,124.96283979902078
0,h12_h62,1764296695,121.49864217259936
0,h12_h62,1764296696,118.03444454617792
0,h12_h62,1764296697,128.74892260397337
0,h12_h62,1764296698,138.6635509918846
0,h12_h62,1764296699,131.22161476350266
0,h12_h62,1764296700,135.1358320879105
0,h12_h62,1764296701,139.3887123158687
0,h12_h62,1764296702,143.6415925438269
0,h12_h62,1764296703,24.780870008578177
0,h12_h62,1764296704,77.08543484418114
0,h12_h62,1764296705,129.86853326554123
0,h12_h62,1764296706,129.3709495344452
0,h12_h62,1764296707,129.0
0,h12_h62,1764296708,129.0
0,h12_h62,1764296709,129.0
0,h12_h62,1764296710,129.0
0,h12_h62,1764296711,129.4429509300744
0,h12_h62,1764296712,129.94130484169082
0,h12_h62,1764296713,130.0
0,h12_h62,1764296714,136.53407843066023
0,h12_h62,1764296715,143.9547656325008
0,h12_h62,1764296716,38.60231522749902
0,h12_h62,1764296717,24.939973155937174
0,h12_h62,1764296718,11.067053243322231
0,h12_h62,1764296719,10.702750825928415
0,h12_h62,1764296720,10.7
0,h12_h62,1764296721,11.092960506280928
0,h12_h62,1764296722,10.707341454291615
0,h12_h62,1764296723,10.7
0,h12_h62,1764296724,34.55835118946447
0,h12_h62,1764296725,12.286354807795789
0,h12_h62,1764296726,33.14253508996532
0,h12_h62,1764296727,11.32242411267067
0,h12_h62,1764296728,10.7
0,h12_h62,1764296729,10.99109029973333
0,h12_h62,1764296730,10.709146195904657
0,h12_h62,1764296731,10.7
0,h12_h62,1764296732,10.7
0,h12_h62,1764296733,10.7
0,h12_h62,1764296734,10.7
0,h12_h62,1764296735,10.7
0,h12_h62,1764296736,10.7
0,h12_h62,1764296737,10.7
0,h12_h62,1764296738,10.7
0,h12_h62,1764296739,10.7
0,h12_h62,1764296740,10.7
0,h12_h62,1764296741,10.7
0,h12_h62,1764296742,45.383273732127094
0,h12_h62,1764296743,12.743570044760816
0,h12_h62,1764296744,29.25661332500164
0,h12_h62,1764296745,11.818179419024943
0,h12_h62,1764296746,10.7
0,h12_h62,1764296747,10.7
0,h12_h62,1764296748,26.048816169993003
0,h12_h62,1764296749,11.736894884083531
0,h12_h62,1764296750,26.458845430684335
0,h12_h62,1764296751,12.201663191247752
0,h12_h62,1764296752,11.1
0,h12_h62,1764296753,11.006703768638417
0,h12_h62,1764296754,11.0
0,h12_h62,1764296755,37.14789237813488
0,h12_h62,1764296756,37.19036329315631
0,h12_h62,1764296757,29.07903193597444
0,h12_h62,1764296758,12.018291269797604
0,h12_h62,1764296759,10.792457692419356
0,h12_h62,1764296760,10.8
0,h12_h62,1764296761,10.523569821187465
0,h12_h62,1764296762,10.5
0,h12_h62,1764296763,10.683834507692865
0,h12_h62,1764296764,10.7
0,h12_h62,1764296765,10.51654925719012
0,h12_h62,1764296766,10.5
0,h12_h62,1764296767,10.5
0,h12_h62,1764296768,10.5
0,h12_h62,1764296769,10.5
0,h12_h62,1764296770,10.408799759545596
0,h12_h62,1764296771,50.29888150075868
0,h12_h62,1764296772,14.822002615518096
0,h12_h62,1764296773,10.5
0,h12_h62,1764296774,10.681492760217951
0,h12_h62,1764296775,24.973375008087103
0,h12_h62,1764296776,13.065292082757487
0,h12_h62,1764296777,10.605781217607628
0,h12_h62,1764296778,10.680527504115842
0,h12_h62,1764296779,32.42523924528933
0,h12_h62,1764296780,13.22735183286296
0,h12_h62,1764296781,26.848647519113545
0,h12_h62,1764296782,12.428623704853385
0,h12_h62,1764296783,11.39533992981772
0,h12_h62,1764296784,10.784163700685928
0,h12_h62,1764296785,10.967936918625195
0,h12_h62,1764296786,10.732468079503189
0,h12_h62,1764296787,10.432688157388748
0,h12_h62,1764296788,27.591306528685298
0,h12_h62,1764296789,33.73763570206191
0,h12_h62,1764296790,13.6806701576909
0,h12_h62,1764296791,11.177275032729916
0,h12_h62,1764296792,11.2
0,h12_h62,1764296793,11.2
0,h12_h62,1764296794,11.288339412743502
0,h12_h62,1764296795,11.123569439691805
0,h12_h62,1764296796,11.188092989497177
0,h12_h62,1764296797,11.112028061285235
0,h12_h62,1764296798,11.187857068181152
0,h12_h62,1764296799,10.76112279519776
0,h12_h62,1764296800,32.819652103263294
0,h12_h62,1764296801,13.948164519177364
0,h12_h62,1764296802,10.6
0,h12_h62,1764296803,10.6
0,h12_h62,1764296804,10.6
0,h12_h62,1764296805,10.686929048203424
0,h12_h62,1764296806,10.7
0,h12_h62,1764296807,10.526768184732154
0,h12_h62,1764296808,24.96763846784326
0,h12_h62,1764296809,12.85010987020447
0,h12_h62,1764296810,22.99557055966864
0,h12_h62,1764296811,13.001957797082008
0,h12_h62,1764296812,11.343837893003268
0,h12_h62,1764296813,11.485807865823595
0,h12_h62,1764296814,11.5
0,h12_h62,1764296815,39.85477255847064
0,h12_h62,1764296816,16.888253929224074
0,h12_h62,1764296817,11.274139360199149
0,h12_h62,1764296818,11.2
0,h12_h62,1764296819,11.115068432474471
0,h12_h62,1764296820,11.269732869947305
0,h12_h62,1764296821,11.215251929641424
0,h12_h62,1764296822,11.2
0,h12_h62,1764296823,34.547190768749125
0,h12_h62,1764296824,15.678241324996492
0,h12_h62,1764296825,11.184264848444291
0,h12_h62,1764296826,11.11585049932152
0,h12_h62,1764296827,11.184079184008798
0,h12_h62,1764296828,26.627464889074815
0,h12_h62,1764296829,14.188356246101854
0,h12_h62,1764296830,11.016239066874858
0,h12_h62,1764296831,31.97114263564775
0,h12_h62,1764296832,16.363713808786553
0,h12_h62,1764296833,11.282839316175748
0,h12_h62,1764296834,23.97518037084894
0,h12_h62,1764296835,13.876138414845668
0,h12_h62,1764296836,45.94407943505911
0,h12_h62,1764296837,18.460886547682456
0,h12_h62,1764296838,11.0784993082594
0,h12_h62,1764296839,30.221476909763012
0,h12_h62,1764296840,15.471343531529032
0,h12_h62,1764296841,11.2
0,h12_h62,1764296842,11.2
0,h12_h62,1764296843,11.2
0,h12_h62,1764296844,11.2
0,h12_h62,1764296845,34.766582589477224
0,h12_h62,1764296846,35.680626135149026
0,h12_h62,1764296847,15.60226355873461
0,h12_h62,1764296848,10.793360827238605
0,h12_h62,1764296849,11.10568160003768
0,h12_h62,1764296850,11.2
0,h12_h62,1764296851,10.795390905295504
0,h12_h62,1764296852,11.022941390718788
0,h12_h62,1764296853,11.1
0,h12_h62,1764296854,10.939008317926678
0,h12_h62,1764296855,11.140882864868452
0,h12_h62,1764296856,10.79907243360632
0,h12_h62,1764296857,11.020003216628254
0,h12_h62,1764296858,11.1
0,h12_h62,1764296859,11.020241117824176
0,h12_h62,1764296860,31.569308278424664
0,h12_h62,1764296861,16.61208428783909
0,h12_h62,1764296862,96.33534189264128
0,h12_h62,1764296863,130.3239173570786
0,h12_h62,1764296864,121.10557563329311
0,h12_h62,1764296865,120.42146324549238
0,h12_h62,1764296866,125.395251360874
0,h12_h62,1764296867,83.10168824160274
0,h12_h62,1764296868,66.76324677817894
0,h12_h62,1764296869,61.80576254489905
0,h12_h62,1764296870,67.14632966238968
0,h12_h62,1764296871,74.43784739687422
0,h12_h62,1764296872,78.08470241238294
0,h12_h62,1764296873,26.261445697548343
0,h12_h62,1764296874,10.783822537566143
0,h12_h62,1764296875,10.62109986070421
0,h12_h62,1764296876,11.229401852269838
0,h12_h62,1764296877,11.24295510209524
0,h12_h62,1764296878,11.278388426652889
0,h12_h62,1764296879,11.378247356018411
0,h12_h62,1764296880,56.13515991141667
0,h12_h62,1764296881,91.83459689158636
0,h12_h62,1764296882,119.21083304751406
0,h12_h62,1764296883,129.0
0,h12_h62,1764296884,129.64014728090206
0,h12_h62,1764296885,45.58486523767958
0,h12_h62,1764296886,58.47084630531131
0,h12_h62,1764296887,99.0374576024194
0,h12_h62,1764296888,136.4066679260144
0,h12_h62,1764296889,96.4140473931681
0,h12_h62,1764296890,26.25666618175059
0,h12_h62,1764296891,30.001465193640087
0,h12_h62,1764296892,17.398200743745427
0,h12_h62,1764296893,10.899003399092908
0,h12_h62,1764296894,10.626699689407989
0,h12_h62,1764296895,24.970822486610444
0,h12_h62,1764296896,16.048978324369905
0,h12_h62,1764296897,11.0
0,h12_h62,1764296898,10.555357159437833
0,h12_h62,1764296899,10.473961471610316
0,h12_h62,1764296900,10.5
0,h12_h62,1764296901,10.5
0,h12_h62,1764296902,27.7292143368289
0,h12_h62,1764296903,17.794358933872907
0,h12_h62,1764296904,29.19419992426583
0,h12_h62,1764296905,18.371047781819957
0,h12_h62,1764296906,10.770580135062389
0,h12_h62,1764296907,10.5
0,h12_h62,1764296908,10.5
0,h12_h62,1764296909,10.5
0,h12_h62,1764296910,10.42756321879033
0,h12_h62,1764296911,10.4722862879286
0,h12_h62,1764296912,28.787935300863055
0,h12_h62,1764296913,17.967877917242724
0,h12_h62,1764296914,49.06553763655251
0,h12_h62,1764296915,81.03834276265539
0,h12_h62,1764296916,101.95691424268388
0,h12_h62,1764296917,122.87548572271236
0,h12_h62,1764296918,129.7367247627529
0,h12_h62,1764296919,81.42817295430996
0,h12_h62,1764296920,50.909767448955606
0,h12_h62,1764296921,60.88144175378232
0,h12_h62,1764296922,75.02793880824107
0,h12_h62,1764296923,38.87370270475757
0,h12_h62,1764296924,75.57682279943269
0,h12_h62,1764296925,123.1236366086544
0,h12_h62,1764296926,129.89026799641007
0,h12_h62,1764296927,129.0
0,h12_h62,1764296928,130.10354866194467
0,h12_h62,1764296929,129.8993656539136
0,h12_h62,1764296930,117.7925868811328
0,h12_h62,1764296931,107.86287210133835
0,h12_h62,1764296932,99.92185614149749
0,h12_h62,1764296933,90.90965235591256
0,h12_h62,1764296934,126.33019329332716
0,h12_h62,1764296935,143.21416129758413
0,h12_h62,1764296936,89.90558592389654
0,h12_h62,1764296937,63.381522563728105
0,h12_h62,1764296938,30.286395287446425
0,h12_h62,1764296939,11.024154272162257
0,h12_h62,1764296940,11.365366905310074
0,h12_h62,1764296941,11.20427361377661
0,h12_h62,1764296942,10.708992083064556
0,h12_h62,1764296943,10.56504617578959
0,h12_h62,1764296944,22.89797730809392
0,h12_h62,1764296945,33.58788521880163
0,h12_h62,1764296946,20.140273763000742
0,h12_h62,1764296947,10.877813515548311
0,h12_h62,1764296948,19.95337891350777
0,h12_h62,1764296949,50.63056779494492
0,h12_h62,1764296950,32.25858357761416
0,h12_h62,1764296951,10.6
0,h12_h62,1764296952,11.17339821276369
0,h12_h62,1764296953,11.627098686060949
0,h12_h62,1764296954,11.763451966365738
0,h12_h62,1764296955,23.613474563098173
0,h12_h62,1764296956,18.415986539899585
0,h12_h62,1764296957,11.25251801250251
0,h12_h62,1764296958,25.32033839154361
0,h12_h62,1764296959,20.050353361840724
0,h12_h62,1764296960,12.063904514590387
0,h12_h62,1764296961,64.81808627657597
0,h12_h62,1764296962,117.4824529684374
0,h12_h62,1764296963,129.4945578127554
0,h12_h62,1764296964,106.458757595252
0,h12_h62,1764296965,93.03940411880846
0,h12_h62,1764296966,103.68913928787434
0,h12_h62,1764296967,118.70216512203882
0,h12_h62,1764296968,69.81651381475578
0,h12_h62,1764296969,59.16281188884926
0,h12_h62,1764296970,109.64725964873844
0,h12_h62,1764296971,144.40329586024285
0,h12_h62,1764296972,144.68766251995925
0,h12_h62,1764296973,80.20251073646962
0,h12_h62,1764296974,21.985681158313053
0,h12_h62,1764296975,10.7
0,h12_h62,1764296976,10.5790018178719
0,h12_h62,1764296977,10.922149897730176
0,h12_h62,1764296978,11.01950458769356
0,h12_h62,1764296979,10.960009032269424
0,h12_h62,1764296980,11.059863397328773
0,h12_h62,1764296981,11.040243730203889
0,h12_h62,1764296982,10.940343693065282
0,h12_h62,1764296983,29.184654650221333
0,h12_h62,1764296984,24.3318916305772
0,h12_h62,1764296985,10.98160363066052
0,h12_h62,1764296986,23.32851814768344
0,h12_h62,1764296987,19.93322685867143
0,h12_h62,1764296988,10.9
0,h12_h62,1764296989,11.250929877639106
0,h12_h62,1764296990,11.325052246703503
0,h12_h62,1764296991,10.734084340964232
0,h12_h62,1764296992,26.56647957609367
0,h12_h62,1764296993,23.124750168471817
0,h12_h62,1764296994,11.0
0,h12_h62,1764296995,11.403631516233526
0,h12_h62,1764296996,11.354691667172723
0,h12_h62,1764296997,11.042559571654245
0,h12_h62,1764296998,11.0
0,h12_h62,1764296999,10.770981436443604
0,h12_h62,1764297000,42.63775782985987
0,h12_h62,1764297001,99.37143117622504
0,h12_h62,1764297002,130.10078864883698
0,h12_h62,1764297003,129.0
0,h12_h62,1764297004,129.0
0,h12_h62,1764297005,129.0
0,h12_h62,1764297006,129.0
0,h12_h62,1764297007,129.0
0,h12_h62,1764297008,133.29416150270995
0,h12_h62,1764297009,143.05550646921506
0,h12_h62,1764297010,137.76337231708854
0,h12_h62,1764297011,114.66219897672758
0,h12_h62,1764297012,81.64201062813507
0,h12_h62,1764297013,101.62121131260884
0,h12_h62,1764297014,144.99873863683598
0,h12_h62,1764297015,113.26093981825532
0,h12_h62,1764297016,106.29398562806634
0,h12_h62,1764297017,83.56252648178939
0,h12_h62,1764297018,73.93674194512607
0,h12_h62,1764297019,82.36780504392179
0,h12_h62,1764297020,90.81919320937408
0,h12_h62,1764297021,96.26213851067862
0,h12_h62,1764297022,113.55504958498835
0,h12_h62,1764297023,138.55189926828638
0,h12_h62,1764297024,176.5990790698398
0,h12_h62,1764297025,183.0134820626683
0,h12_h62,1764297026,94.84326739541106
0,h12_h62,1764297027,129.64777800890653
0,h12_h62,1764297028,126.0
0,h12_h62,1764297029,122.42885391923706
0,h12_h62,1764297030,107.43243681813924
0,h12_h62,1764297031,56.71185119197515
0,h12_h62,1764297032,12.142935939247312
0,h12_h62,1764297033,10.949693143541651
0,h12_h62,1764297034,10.950158524099589
0,h12_h62,1764297035,11.0
0,h12_h62,1764297036,11.049900746940304
0,h12_h62,1764297037,11.299080586404097
0,h12_h62,1764297038,27.04122817770175
0,h12_h62,1764297039,36.60151237509861
0,h12_h62,1764297040,20.590255440497216
0,h12_h62,1764297041,11.90392706564664
0,h12_h62,1764297042,11.6
0,h12_h62,1764297043,11.6
0,h12_h62,1764297044,12.041667654565735
0,h12_h62,1764297045,12.15729169967292
0,h12_h62,1764297046,25.700989770719843
0,h12_h62,1764297047,27.23970752706324
0,h12_h62,1764297048,11.602866985908358
0,h12_h62,1764297049,11.30628331498112
0,h12_h62,1764297050,26.080851716357927
0,h12_h62,1764297051,28.36882935343192
0,h12_h62,1764297052,11.159718885775137
0,h12_h62,1764297053,10.947952896030973
0,h12_h62,1764297054,11.0
0,h12_h62,1764297055,11.0
0,h12_h62,1764297056,11.0
0,h12_h62,1764297057,11.047528365082936
0,h12_h62,1764297058,25.35548150841207
0,h12_h62,1764297059,27.95543294611457
0,h12_h62,1764297060,11.1
0,h12_h62,1764297061,22.58881308221877
0,h12_h62,1764297062,24.693119883504433
0,h12_h62,1764297063,31.040224774788236
0,h12_h62,1764297064,35.90624741311942
0,h12_h62,1764297065,11.206700571949222
0,h12_h62,1764297066,11.332567655480434
0,h12_h62,1764297067,11.275267177027338
0,h12_h62,1764297068,10.992494868974775
0,h12_h62,1764297069,23.651102532179873
0,h12_h62,1764297070,26.711083413498812
0,h12_h62,1764297071,23.94377085498795
0,h12_h62,1764297072,26.86294644883725
0,h12_h62,1764297073,10.773839347548511
0,h12_h62,1764297074,11.05452428966829
0,h12_h62,1764297075,21.287668519984976
0,h12_h62,1764297076,24.091325732519536
0,h12_h62,1764297077,24.000642575410406
0,h12_h62,1764297078,27.52373694448425
0,h12_h62,1764297079,10.834585405382514
0,h12_h62,1764297080,11.044693366177857
0,h12_h62,1764297081,11.1
0,h12_h62,1764297082,11.1
0,h12_h62,1764297083,11.1
0,h12_h62,1764297084,11.409412579105451
0,h12_h62,1764297085,11.53575874615436
0,h12_h62,1764297086,11.156079759679775
0,h12_h62,1764297087,10.92471227757049
0,h12_h62,1764297088,10.874730279025307
0,h12_h62,1764297089,11.14350719969672
0,h12_h62,1764297090,11.2
0,h12_h62,1764297091,11.2
0,h12_h62,1764297092,11.15685747979592
0,h12_h62,1764297093,23.55116034262668
0,h12_h62,1764297094,28.729803410789454
0,h12_h62,1764297095,11.34268061175953
0,h12_h62,1764297096,11.229799504865015
0,h12_h62,1764297097,11.0
0,h12_h62,1764297098,11.0
0,h12_h62,1764297099,11.337566198757017
0,h12_h62,1764297100,24.590453703278506
0,h12_h62,1764297101,30.31812399787131
0,h12_h62,1764297102,11.04181622463524
0,h12_h62,1764297103,21.19588480752824
0,h12_h62,1764297104,25.901392642324453
0,h12_h62,1764297105,18.826678577963182
0,h12_h62,1764297106,22.50597606795611
0,h12_h62,1764297107,11.182623071866155
0,h12_h62,1764297108,11.3
0,h12_h62,1764297109,11.34105725586469
0,h12_h62,1764297110,11.359075015575256
0,h12_h62,1764297111,11.21837707955287
0,h12_h62,1764297112,11.1
0,h12_h62,1764297113,11.1
0,h12_h62,1764297114,11.059504124745636
0,h12_h62,1764297115,20.015150467933054
0,h12_h62,1764297116,24.966950879740757
0,h12_h62,1764297117,11.05985779376476
0,h12_h62,1764297118,23.000285292202705
0,h12_h62,1764297119,30.319833771626804
0,h12_h62,1764297120,11.082269759063276
0,h12_h62,1764297121,19.58320841700897
0,h12_h62,1764297122,36.41769761155376
0,h12_h62,1764297123,29.810677940290404
0,h12_h62,1764297124,11.160968969320804
0,h12_h62,1764297125,11.177807850892377
0,h12_h62,1764297126,11.183662842001846
0,h12_h62,1764297127,11.077337392928998
0,h12_h62,1764297128,21.58969268402661
0,h12_h62,1764297129,36.71320035501533
0,h12_h62,1764297130,24.879000205987147
0,h12_h62,1764297131,11.261963767827773
0,h12_h62,1764297132,11.2
0,h12_h62,1764297133,19.447477857211247
0,h12_h62,1764297134,25.335167845967213
0,h12_h62,1764297135,10.811821539776908
0,h12_h62,1764297136,10.5
0,h12_h62,1764297137,10.911002337723762
0,h12_h62,1764297138,11.414063033960325
0,h12_h62,1764297139,21.55497802323268
0,h12_h62,1764297140,29.871780552856187
0,h12_h62,1764297141,10.815301077438976
0,h12_h62,1764297142,10.720957987239906
0,h12_h62,1764297143,11.136647793296834
0,h12_h62,1764297144,11.126937882302055
0,h12_h62,1764297145,10.817759541550885
0,h12_h62,1764297146,10.681704302094769
0,h12_h62,1764297147,10.78284869318622
0,h12_h62,1764297148,10.4361082404464
0,h12_h62,1764297149,10.643799639145977
0,h12_h62,1764297150,10.756734148941062
0,h12_h62,1764297151,10.5
0,h12_h62,1764297152,10.5
0,h12_h62,1764297153,10.961370315507263
0,h12_h62,1764297154,11.340547582533125
0,h12_h62,1764297155,11.731901984206758
0,h12_h62,1764297156,12.774879994720628
0,h12_h62,1764297157,10.53514884908001
0,h12_h62,1764297158,17.334814003717053
0,h12_h62,1764297159,23.707942985699763
0,h12_h62,1764297160,20.847551713329096
0,h12_h62,1764297161,30.727489588977058
0,h12_h62,1764297162,11.0
0,h12_h62,1764297163,21.86476176592971
0,h12_h62,1764297164,32.977115504621146
0,h12_h62,1764297165,10.5
0,h12_h62,1764297166,10.5
0,h12_h62,1764297167,10.5
0,h12_h62,1764297168,10.5
0,h12_h62,1764297169,10.5
0,h12_h62,1764297170,10.5
0,h12_h62,1764297171,10.5
0,h12_h62,1764297172,10.5
0,h12_h62,1764297173,10.5
0,h12_h62,1764297174,18.913887781042156
0,h12_h62,1764297175,37.99779672401035
0,h12_h62,1764297176,36.338336933045355
0,h12_h62,1764297177,35.16330054713427
0,h12_h62,1764297178,43.65960811992084
0,h12_h62,1764297179,10.840183360047126
0,h12_h62,1764297180,10.531877607854804
0,h12_h62,1764297181,10.568281676554102
0,h12_h62,1764297182,10.531565446615057
0,h12_h62,1764297183,10.725601731379152
0,h12_h62,1764297184,10.874914900298844
0,h12_h62,1764297185,10.818099672793736
0,h12_h62,1764297186,11.052150814624882
0,h12_h62,1764297187,10.5
0,h12_h62,1764297188,16.32282684728345
0,h12_h62,1764297189,24.15897982024149
0,h12_h62,1764297190,10.469576971945814
0,h12_h62,1764297191,10.702480779636224
0,h12_h62,1764297192,11.099351023534451
0,h12_h62,1764297193,10.4
0,h12_h62,1764297194,10.4
0,h12_h62,1764297195,10.4
0,h12_h62,1764297196,17.21575593934398
0,h12_h62,1764297197,27.462773403186013
0,h12_h62,1764297198,10.4
0,h12_h62,1764297199,10.4
0,h12_h62,1764297200,10.428929339685435
0,h12_h62,1764297201,10.615071368298112
0,h12_h62,1764297202,10.757046148527971
0,h12_h62,1764297203,18.71248736007093
0,h12_h62,1764297204,32.65007386437965
0,h12_h62,1764297205,10.456295093447322
0,h12_h62,1764297206,10.572011069074108
0,h12_h62,1764297207,18.477752263611443
0,h12_h62,1764297208,32.501340232572005
0,h12_h62,1764297209,10.572417649676083
0,h12_h62,1764297210,10.5
0,h12_h62,1764297211,10.5
0,h12_h62,1764297212,10.716803862169366
0,h12_h62,1764297213,11.084627930391472
0,h12_h62,1764297214,10.5
0,h12_h62,1764297215,10.5
0,h12_h62,1764297216,15.603298277629689
0,h12_h62,1764297217,25.23819315543694
0,h12_h62,1764297218,10.78377637900612
0,h12_h62,1764297219,11.3
0,h12_h62,1764297220,11.092524462026072
0,h12_h62,1764297221,16.166068164428065
0,h12_h62,1764297222,27.572330002102703
0,h12_h62,1764297223,10.67449731157649
0,h12_h62,1764297224,10.6
0,h12_h62,1764297225,10.6
0,h12_h62,1764297226,10.625015995308202
0,h12_h62,1764297227,10.675120023136987
0,h12_h62,1764297228,10.6
0,h12_h62,1764297229,10.6
0,h12_h62,1764297230,10.6
0,h12_h62,1764297231,16.55698822460718
0,h12_h62,1764297232,30.1702518077362
0,h12_h62,1764297233,15.959984099420076
0,h12_h62,1764297234,35.4040780500153
0,h12_h62,1764297235,37.780106446817655
0,h12_h62,1764297236,10.6
0,h12_h62,1764297237,17.668351577294352
0,h12_h62,1764297238,40.2563678812241
0,h12_h62,1764297239,29.742573520293924
0,h12_h62,1764297240,11.44808753569392
0,h12_h62,1764297241,10.577108011531768
0,h12_h62,1764297242,11.677481372624545
0,h12_h62,1764297243,14.542097083253283
0,h12_h62,1764297244,10.5
0,h12_h62,1764297245,10.477637198530948
0,h12_h62,1764297246,10.422247105298746
0,h12_h62,1764297247,17.18840444444547
0,h12_h62,1764297248,35.65673403290868
0,h12_h62,1764297249,16.635367754732414
0,h12_h62,1764297250,45.10685490155931
0,h12_h62,1764297251,61.991961094676284
0,h12_h62,1764297252,17.623205732453474
0,h12_h62,1764297253,36.287849545642295
0,h12_h62,1764297254,11.157505839570266
0,h12_h62,1764297255,11.147867441781896
0,h12_h62,1764297256,11.553390529308968
0,h12_h62,1764297257,11.0
0,h12_h62,1764297258,11.0
0,h12_h62,1764297259,11.0
0,h12_h62,1764297260,11.020544627396124
0,h12_h62,1764297261,10.977186861056436
0,h12_h62,1764297262,10.642687953800326
0,h12_h62,1764297263,11.179817548675873
0,h12_h62,1764297264,11.12006375652978
0,h12_h62,1764297265,11.180057542416812
0,h12_h62,1764297266,11.179262939164104
0,h12_h62,1764297267,11.441000295261995
0,h12_h62,1764297268,15.686548937637475
0,h12_h62,1764297269,30.594525352203643
0,h12_h62,1764297270,11.142260120435523
0,h12_h62,1764297271,10.95738318161641
0,h12_h62,1764297272,11.105288924038264
0,h12_h62,1764297273,10.794390833045492
0,h12_h62,1764297274,11.2
0,h12_h62,1764297275,11.2
0,h12_h62,1764297276,14.992800703599087
0,h12_h62,1764297277,28.721279227392504
0,h12_h62,1764297278,11.2
0,h12_h62,1764297279,11.2
0,h12_h62,1764297280,11.2
0,h12_h62,1764297281,17.194276804751837
0,h12_h62,1764297282,44.431153876264496
0,h12_h62,1764297283,36.23540181208468
0,h12_h62,1764297284,37.86177220069531
0,h12_h62,1764297285,10.71740586011189
0,h12_h62,1764297286,10.782726061332738
0,h12_h62,1764297287,10.7
0,h12_h62,1764297288,10.767652007718231
0,h12_h62,1764297289,11.116709534034372
0,h12_h62,1764297290,11.2
0,h12_h62,1764297291,11.183535255298963
0,h12_h62,1764297292,11.1
0,h12_h62,1764297293,18.70823890294443
0,h12_h62,1764297294,54.54107833851982
0,h12_h62,1764297295,11.335866435644157
0,h12_h62,1764297296,11.01592617411946
0,h12_h62,1764297297,11.084189934461422
0,h12_h62,1764297298,14.739853356213924
0,h12_h62,1764297299,32.207529232457475
0,h12_h62,1764297300,11.499881819507715
0,h12_h62,1764297301,10.52258382368509
0,h12_h62,1764297302,11.184883184302333
0,h12_h62,1764297303,11.1
0,h12_h62,1764297304,11.1
0,h12_h62,1764297305,11.1
0,h12_h62,1764297306,11.085251404871396
0,h12_h62,1764297307,11.02926353504984
0,h12_h62,1764297308,11.18557810665246
0,h12_h62,1764297309,11.1
0,h12_h62,1764297310,11.029059204891071
0,h12_h62,1764297311,10.64231518711098
0,h12_h62,1764297312,10.955628253134735
0,h12_h62,1764297313,11.24521779584568
0,h12_h62,1764297314,10.954348632188845
0,h12_h62,1764297315,11.3
0,h12_h62,1764297316,11.3
0,h12_h62,1764297317,11.3131120489813
0,h12_h62,1764297318,11.38702996133407
0,h12_h62,1764297319,11.3
0,h12_h62,1764297320,11.312691178567764
0,h12_h62,1764297321,11.299512982641115
0,h12_h62,1764297322,10.6
0,h12_h62,1764297323,10.69868561348146
0,h12_h62,1764297324,11.363647732946008
0,h12_h62,1764297325,11.1
0,h12_h62,1764297326,11.135820604498814
0,h12_h62,1764297327,11.305550620992522
0,h12_h62,1764297328,10.6
0,h12_h62,1764297329,10.6
0,h12_h62,1764297330,10.6
0,h12_h62,1764297331,10.656494124733786
0,h12_h62,1764297332,11.05560431727008
0,h12_h62,1764297333,10.777107720088832
0,h12_h62,1764297334,11.324101756390569
0,h12_h62,1764297335,10.678478714804372
0,h12_h62,1764297336,10.5
0,h12_h62,1764297337,10.5
0,h12_h62,1764297338,10.5
0,h12_h62,1764297339,10.55104009698953
0,h12_h62,1764297340,10.949601017787694
0,h12_h62,1764297341,10.550054997386344
0,h12_h62,1764297342,10.950896308108474
0,h12_h62,1764297343,10.5
0,h12_h62,1764297344,10.5
0,h12_h62,1764297345,10.5
0,h12_h62,1764297346,10.5
0,h12_h62,1764297347,10.5
0,h12_h62,1764297348,10.5
0,h12_h62,1764297349,10.5
0,h12_h62,1764297350,10.5
0,h12_h62,1764297351,10.5
0,h12_h62,1764297352,10.5
0,h12_h62,1764297353,10.5
0,h12_h62,1764297354,10.5
0,h12_h62,1764297355,10.5
0,h12_h62,1764297356,10.492022185671445
0,h12_h62,1764297357,10.4
0,h12_h62,1764297358,10.4
0,h12_h62,1764297359,10.4
0,h12_h62,1764297360,10.414913514981668
0,h12_h62,1764297361,10.585398259479996
0,h12_h62,1764297362,10.4
0,h12_h62,1764297363,10.4
0,h12_h62,1764297364,10.4
0,h12_h62,1764297365,10.4
0,h12_h62,1764297366,10.406592763308092
0,h12_h62,1764297367,10.5
0,h12_h62,1764297368,10.5
0,h12_h62,1764297369,10.5
0,h12_h62,1764297370,10.5
0,h12_h62,1764297371,10.5
0,h12_h62,1764297372,10.5
0,h12_h62,1764297373,10.528032953745695
0,h12_h62,1764297374,10.972956633099272
0,h12_h62,1764297375,10.5
0,h12_h62,1764297376,10.505197825834427
0,h12_h62,1764297377,10.6
0,h12_h62,1764297378,10.595118261953852
0,h12_h62,1764297379,10.504728615484808
0,h12_h62,1764297380,10.6
0,h12_h62,1764297381,10.608806752941776
0,h12_h62,1764297382,10.81687244120804
0,h12_h62,1764297383,11.2
0,h12_h62,1764297384,11.2
0,h12_h62,1764297385,11.196176029836792
0,h12_h62,1764297386,11.096292960706451
0,h12_h62,1764297387,11.00736827882556
0,h12_h62,1764297388,11.193075173056366
0,h12_h62,1764297389,11.00671736864088
0,h12_h62,1764297390,11.2
0,h12_h62,1764297391,11.2
0,h12_h62,1764297392,11.19702701280356
0,h12_h62,1764297393,11.1
0,h12_h62,1764297394,11.102730886532658
0,h12_h62,1764297395,11.2
0,h12_h62,1764297396,11.197516316771235
0,h12_h62,1764297397,11.10236674329436
0,h12_h62,1764297398,11.2
0,h12_h62,1764297399,11.2
0,h12_h62,1764297400,11.202063956755191
0,h12_h62,1764297401,11.298073472093636
0,h12_h62,1764297402,11.198196468186724
0,h12_h62,1764297403,11.1
0,h12_h62,1764297404,11.1
0,h12_h62,1764297405,11.1
0,h12_h62,1764297406,11.1
0,h12_h62,1764297407,11.1
0,h12_h62,1764297408,11.1
0,h12_h62,1764297409,11.1
0,h12_h62,1764297410,11.1
0,h13_h63,1764293640,
0,h13_h63,1764293641,9.966032418130268
0,h13_h63,1764293642,9.52896100017576
0,h13_h63,1764293643,9.011295298327052
0,h13_h63,1764293644,9.136853567724676
0,h13_h63,1764293645,9.384026483885638
0,h13_h63,1764293646,10.179215050546665
0,h13_h63,1764293647,10.97801224424229
0,h13_h63,1764293648,11.291343857142856
0,h13_h63,1764293649,11.202975167317131
0,h13_h63,1764293650,11.393804263887542
0,h13_h63,1764293651,10.818868916447876
0,h13_h63,1764293652,10.703232805081017
0,h13_h63,1764293653,9.18972792484371
0,h13_h63,1764293654,10.839149908822684
0,h13_h63,1764293655,10.610625889951756
0,h13_h63,1764293656,10.792663035131378
0,h13_h63,1764293657,10.89622095501746
0,h13_h63,1764293658,10.611557292217611
0,h13_h63,1764293659,10.6
0,h13_h63,1764293660,10.695936345437667
0,h13_h63,1764293661,9.318019807789597
0,h13_h63,1764293662,10.734259686012294
0,h13_h63,1764293663,10.704377326673956
0,h13_h63,1764293664,9.082918920904984
0,h13_h63,1764293665,9.172473668105372
0,h13_h63,1764293666,9.31363800485377
0,h13_h63,1764293667,10.729207683875533
0,h13_h63,1764293668,10.419423185792464
0,h13_h63,1764293669,10.4
0,h13_h63,1764293670,10.4
0,h13_h63,1764293671,10.305154229817996
0,h13_h63,1764293672,10.3
0,h13_h63,1764293673,10.678403652814971
0,h13_h63,1764293674,10.605496871707745
0,h13_h63,1764293675,9.95761601917809
0,h13_h63,1764293676,11.032256481210103
0,h13_h63,1764293677,9.525089910829928
0,h13_h63,1764293678,9.703134576161904
0,h13_h63,1764293679,9.400018426688632
0,h13_h63,1764293680,9.314186459749592
0,h13_h63,1764293681,9.75119944055944
0,h13_h63,1764293682,9.442312399303695
0,h13_h63,1764293683,9.457479212428936
0,h13_h63,1764293684,9.169770297568464
0,h13_h63,1764293685,9.346356229558358
0,h13_h63,1764293686,9.2292235354538
0,h13_h63,1764293687,9.294641783068396
0,h13_h63,1764293688,9.532940454700556
0,h13_h63,1764293689,9.4290288870664
0,h13_h63,1764293690,9.466470912961078
0,h13_h63,1764293691,9.627795899414204
0,h13_h63,1764293692,54.60110373162608
0,h13_h63,1764293693,13.29588533576299
0,h13_h63,1764293694,9.098622679294774
0,h13_h63,1764293695,9.39418827592331
0,h13_h63,1764293696,9.263124791649602
0,h13_h63,1764293697,9.24078475316569
0,h13_h63,1764293698,16.869321639313217
0,h13_h63,1764293699,10.231368993085868
0,h13_h63,1764293700,9.34981546310632
0,h13_h63,1764293701,9.339164130752428
0,h13_h63,1764293702,9.294228190397249
0,h13_h63,1764293703,9.37228968931189
0,h13_h63,1764293704,9.188242532036345
0,h13_h63,1764293705,9.233831197297077
0,h13_h63,1764293706,9.01223531320443
0,h13_h63,1764293707,8.953595864128868
0,h13_h63,1764293708,8.95
0,h13_h63,1764293709,9.421933867394385
0,h13_h63,1764293710,9.36120729287506
0,h13_h63,1764293711,9.313775530425008
0,h13_h63,1764293712,9.246673472669002
0,h13_h63,1764293713,8.968826862998336
0,h13_h63,1764293714,9.12956808734977
0,h13_h63,1764293715,9.14098329470093
0,h13_h63,1764293716,9.067943997179851
0,h13_h63,1764293717,9.185937344836775
0,h13_h63,1764293718,9.101153678682326
0,h13_h63,1764293719,8.955340669931912
0,h13_h63,1764293720,9.011730785809783
0,h13_h63,1764293721,9.02
0,h13_h63,1764293722,9.02894560132727
0,h13_h63,1764293723,9.056805218912675
0,h13_h63,1764293724,8.979675271595447
0,h13_h63,1764293725,8.97
0,h13_h63,1764293726,8.943301400807348
0,h13_h63,1764293727,9.06431710188346
0,h13_h63,1764293728,9.28392415543521
0,h13_h63,1764293729,10.097425790588677
0,h13_h63,1764293730,9.359734387423396
0,h13_h63,1764293731,10.705477811552754
0,h13_h63,1764293732,10.635653107220795
0,h13_h63,1764293733,9.851214742584274
0,h13_h63,1764293734,9.12475645158753
0,h13_h63,1764293735,9.083980573737987
0,h13_h63,1764293736,9.976486386552065
0,h13_h63,1764293737,10.800641273981144
0,h13_h63,1764293738,10.11213485728016
0,h13_h63,1764293739,10.087442452203565
0,h13_h63,1764293740,9.846648342158083
0,h13_h63,1764293741,9.146278425972517
0,h13_h63,1764293742,9.224445278425224
0,h13_h63,1764293743,9.450310087504905
0,h13_h63,1764293744,9.401705568057007
0,h13_h63,1764293745,9.294409680918518
0,h13_h63,1764293746,66.30891230243981
0,h13_h63,1764293747,19.334920190357572
0,h13_h63,1764293748,9.31328063617533
0,h13_h63,1764293749,9.45825814868069
0,h13_h63,1764293750,9.350527629201242
0,h13_h63,1764293751,9.200658452839734
0,h13_h63,1764293752,9.016324708159203
0,h13_h63,1764293753,9.041676011935245
0,h13_h63,1764293754,9.0844130024421
0,h13_h63,1764293755,9.579503206760858
0,h13_h63,1764293756,9.37706456664342
0,h13_h63,1764293757,9.2100987525158
0,h13_h63,1764293758,9.429443625259674
0,h13_h63,1764293759,11.030085027981306
0,h13_h63,1764293760,11.12977819257635
0,h13_h63,1764293761,10.929967456970168
0,h13_h63,1764293762,10.645419173606122
0,h13_h63,1764293763,9.65887667011062
0,h13_h63,1764293764,9.422270369266316
0,h13_h63,1764293765,10.414665316056173
0,h13_h63,1764293766,10.17854550252189
0,h13_h63,1764293767,9.265659560852278
0,h13_h63,1764293768,10.362460594663643
0,h13_h63,1764293769,10.43221045579567
0,h13_h63,1764293770,9.863554528342348
0,h13_h63,1764293771,9.375011011553442
0,h13_h63,1764293772,10.134765840194175
0,h13_h63,1764293773,10.2166229250737
0,h13_h63,1764293774,10.116733951962752
0,h13_h63,1764293775,10.183192609968298
0,h13_h63,1764293776,10.449308017036431
0,h13_h63,1764293777,10.084987494501082
0,h13_h63,1764293778,10.331468854457322
0,h13_h63,1764293779,10.730753361561815
0,h13_h63,1764293780,10.965026985292088
0,h13_h63,1764293781,10.587832062891232
0,h13_h63,1764293782,10.253042425777926
0,h13_h63,1764293783,10.528651859102087
0,h13_h63,1764293784,9.828493082343591
0,h13_h63,1764293785,10.837994733678574
0,h13_h63,1764293786,10.445972927689784
0,h13_h63,1764293787,10.952616588686718
0,h13_h63,1764293788,9.811196044089924
0,h13_h63,1764293789,9.585161356055506
0,h13_h63,1764293790,9.461782551682829
0,h13_h63,1764293791,9.503031878681815
0,h13_h63,1764293792,9.17132661697121
0,h13_h63,1764293793,9.421926439321998
0,h13_h63,1764293794,9.257503367806368
0,h13_h63,1764293795,10.97173624250327
0,h13_h63,1764293796,10.837118532653223
0,h13_h63,1764293797,10.780251582175682
0,h13_h63,1764293798,10.639837937689984
0,h13_h63,1764293799,10.679907194110536
0,h13_h63,1764293800,10.540500731538822
0,h13_h63,1764293801,10.579586638097446
0,h13_h63,1764293802,10.679413744321277
0,h13_h63,1764293803,9.628806117414898
0,h13_h63,1764293804,10.41820547913936
0,h13_h63,1764293805,10.147086762288806
0,h13_h63,1764293806,10.0
0,h13_h63,1764293807,10.23628017623579
0,h13_h63,1764293808,10.378619656396136
0,h13_h63,1764293809,11.027293792674278
0,h13_h63,1764293810,10.494965922123782
0,h13_h63,1764293811,9.939994120925975
0,h13_h63,1764293812,9.964931547003692
0,h13_h63,1764293813,9.984408253870717
0,h13_h63,1764293814,10.073418171530143
0,h13_h63,1764293815,9.313538513286243
0,h13_h63,1764293816,8.856550294052274
0,h13_h63,1764293817,9.18584606093359
0,h13_h63,1764293818,9.075074635441178
0,h13_h63,1764293819,9.60672320950844
0,h13_h63,1764293820,10.259749909814666
0,h13_h63,1764293821,9.424179080036064
0,h13_h63,1764293822,9.403324463134492
0,h13_h63,1764293823,9.116040958837322
0,h13_h63,1764293824,9.226756585922066
0,h13_h63,1764293825,9.11972299588314
0,h13_h63,1764293826,9.062261032028005
0,h13_h63,1764293827,9.02904634810801
0,h13_h63,1764293828,10.4720664051215
0,h13_h63,1764293829,9.911557056536004
0,h13_h63,1764293830,10.298561644569318
0,h13_h63,1764293831,12.49773135656549
0,h13_h63,1764293832,11.407647346930974
0,h13_h63,1764293833,9.675306102388976
0,h13_h63,1764293834,9.186757172177554
0,h13_h63,1764293835,9.319384071268892
0,h13_h63,1764293836,9.3315211893997
0,h13_h63,1764293837,8.91978668060562
0,h13_h63,1764293838,9.130549278056524
0,h13_h63,1764293839,9.122433065002136
0,h13_h63,1764293840,9.11304584095466
0,h13_h63,1764293841,8.989409765030896
0,h13_h63,1764293842,9.095784907140446
0,h13_h63,1764293843,9.16298312078636
0,h13_h63,1764293844,9.13940213187525
0,h13_h63,1764293845,10.555610650007678
0,h13_h63,1764293846,9.666175309213417
0,h13_h63,1764293847,10.276520137069044
0,h13_h63,1764293848,10.372379928571428
0,h13_h63,1764293849,10.224251963778883
0,h13_h63,1764293850,10.351216450942005
0,h13_h63,1764293851,9.432809880159583
0,h13_h63,1764293852,9.565021195592802
0,h13_h63,1764293853,10.078569679382964
0,h13_h63,1764293854,9.350730792978744
0,h13_h63,1764293855,8.882272516883091
0,h13_h63,1764293856,8.812506652869885
0,h13_h63,1764293857,9.034184064224252
0,h13_h63,1764293858,9.773251515291392
0,h13_h63,1764293859,10.074387137782155
0,h13_h63,1764293860,9.378831987382862
0,h13_h63,1764293861,8.929450321294631
0,h13_h63,1764293862,9.48944812524743
0,h13_h63,1764293863,35.850375381343
0,h13_h63,1764293864,19.08053330576055
0,h13_h63,1764293865,9.227916082345931
0,h13_h63,1764293866,8.963324196066203
0,h13_h63,1764293867,8.790678626335705
0,h13_h63,1764293868,8.8165597632601
0,h13_h63,1764293869,8.800825397558237
0,h13_h63,1764293870,8.80455080527609
0,h13_h63,1764293871,8.817257008773089
0,h13_h63,1764293872,8.80552245704002
0,h13_h63,1764293873,8.843320916034022
0,h13_h63,1764293874,8.96800345479031
0,h13_h63,1764293875,8.93093390300483
0,h13_h63,1764293876,9.079240398189476
0,h13_h63,1764293877,9.178618864941194
0,h13_h63,1764293878,9.147142103929555
0,h13_h63,1764293879,9.15852394987209
0,h13_h63,1764293880,8.942115153088814
0,h13_h63,1764293881,8.842894262079147
0,h13_h63,1764293882,8.783298277613786
0,h13_h63,1764293883,8.79534769711126
0,h13_h63,1764293884,9.007379977036292
0,h13_h63,1764293885,9.1181397101129
0,h13_h63,1764293886,9.151069469650444
0,h13_h63,1764293887,9.145977125637533
0,h13_h63,1764293888,8.992937619690437
0,h13_h63,1764293889,8.936992978598095
0,h13_h63,1764293890,8.90511890495504
0,h13_h63,1764293891,8.90391385998172
0,h13_h63,1764293892,8.89612460840503
0,h13_h63,1764293893,8.910754958437666
0,h13_h63,1764293894,8.940695704790704
0,h13_h63,1764293895,9.080669762836589
0,h13_h63,1764293896,9.11939403625214
0,h13_h63,1764293897,9.123719699035403
0,h13_h63,1764293898,8.999858786344289
0,h13_h63,1764293899,8.946834781395872
0,h13_h63,1764293900,8.915919068935583
0,h13_h63,1764293901,9.334721107641
0,h13_h63,1764293902,9.736379313463155
0,h13_h63,1764293903,10.417036652804986
0,h13_h63,1764293904,10.120962649315196
0,h13_h63,1764293905,9.833282341635964
0,h13_h63,1764293906,9.26637333190954
0,h13_h63,1764293907,9.170904276444553
0,h13_h63,1764293908,9.213188619895655
0,h13_h63,1764293909,9.86349959891865
0,h13_h63,1764293910,10.532730545072395
0,h13_h63,1764293911,13.47707981574055
0,h13_h63,1764293912,12.058950351986375
0,h13_h63,1764293913,10.401827692838085
0,h13_h63,1764293914,10.3
0,h13_h63,1764293915,10.168381168475277
0,h13_h63,1764293916,13.693801483774823
0,h13_h63,1764293917,12.070797721547704
0,h13_h63,1764293918,9.492859254611623
0,h13_h63,1764293919,10.021220611835076
0,h13_h63,1764293920,10.565112773328394
0,h13_h63,1764293921,10.405085754287716
0,h13_h63,1764293922,10.3
0,h13_h63,1764293923,9.96336063105575
0,h13_h63,1764293924,10.115711612108296
0,h13_h63,1764293925,10.49311096813905
0,h13_h63,1764293926,10.66419819814674
0,h13_h63,1764293927,10.443789071150151
0,h13_h63,1764293928,9.647335141262545
0,h13_h63,1764293929,9.931102782350534
0,h13_h63,1764293930,10.236329794643272
0,h13_h63,1764293931,10.2
0,h13_h63,1764293932,10.136576936110767
0,h13_h63,1764293933,10.542838431356124
0,h13_h63,1764293934,9.725864894624062
0,h13_h63,1764293935,9.64860635713694
0,h13_h63,1764293936,10.366179383061432
0,h13_h63,1764293937,10.47453558958239
0,h13_h63,1764293938,10.52515996983426
0,h13_h63,1764293939,10.412689007983532
0,h13_h63,1764293940,10.3622972746475
0,h13_h63,1764293941,10.524337695750347
0,h13_h63,1764293942,10.351818045873332
0,h13_h63,1764293943,10.2
0,h13_h63,1764293944,13.580616736018737
0,h13_h63,1764293945,12.320812052033778
0,h13_h63,1764293946,10.13848713751821
0,h13_h63,1764293947,10.34554149082446
0,h13_h63,1764293948,10.316226487880495
0,h13_h63,1764293949,10.26112845133482
0,h13_h63,1764293950,10.238992893647625
0,h13_h63,1764293951,10.13910840478518
0,h13_h63,1764293952,10.1
0,h13_h63,1764293953,10.221281468889428
0,h13_h63,1764293954,10.60235286446745
0,h13_h63,1764293955,10.558767748704462
0,h13_h63,1764293956,10.27964553174881
0,h13_h63,1764293957,10.139940144473435
0,h13_h63,1764293958,10.27977816741718
0,h13_h63,1764293959,10.220618338704677
0,h13_h63,1764293960,10.15966732194595
0,h13_h63,1764293961,10.259532466295646
0,h13_h63,1764293962,10.181182376379144
0,h13_h63,1764293963,10.218559158703725
0,h13_h63,1764293964,10.24085493240859
0,h13_h63,1764293965,10.259008572200642
0,h13_h63,1764293966,10.417711580016768
0,h13_h63,1764293967,10.617370154790155
0,h13_h63,1764293968,10.7
0,h13_h63,1764293969,10.641664651377123
0,h13_h63,1764293970,10.6
0,h13_h63,1764293971,10.309711055010116
0,h13_h63,1764293972,10.273775480420593
0,h13_h63,1764293973,10.573339148602669
0,h13_h63,1764293974,9.56846380451608
0,h13_h63,1764293975,9.522810957754183
0,h13_h63,1764293976,9.370101720345644
0,h13_h63,1764293977,9.495039822550298
0,h13_h63,1764293978,9.446660083885169
0,h13_h63,1764293979,10.100618756292292
0,h13_h63,1764293980,10.34295898778027
0,h13_h63,1764293981,9.369609032448915
0,h13_h63,1764293982,9.599959359698984
0,h13_h63,1764293983,9.914103081584814
0,h13_h63,1764293984,9.955562586402134
0,h13_h63,1764293985,10.038266217451788
0,h13_h63,1764293986,9.816294954284828
0,h13_h63,1764293987,9.858828390780667
0,h13_h63,1764293988,10.0
0,h13_h63,1764293989,10.05564917810295
0,h13_h63,1764293990,9.527162832842768
0,h13_h63,1764293991,9.863171185970714
0,h13_h63,1764293992,9.74182536383131
0,h13_h63,1764293993,9.317842153123944
0,h13_h63,1764293994,10.091863346859384
0,h13_h63,1764293995,10.764413896390272
0,h13_h63,1764293996,10.845384700142528
0,h13_h63,1764293997,10.015082957352153
0,h13_h63,1764293998,9.979553902267227
0,h13_h63,1764293999,9.658904170867627
0,h13_h63,1764294000,8.890387431332998
0,h13_h63,1764294001,9.104500956182122
0,h13_h63,1764294002,9.904986731691446
0,h13_h63,1764294003,9.7567032100564
0,h13_h63,1764294004,9.89494707489891
0,h13_h63,1764294005,9.80147436427624
0,h13_h63,1764294006,9.184675656806276
0,h13_h63,1764294007,9.164064052441352
0,h13_h63,1764294008,9.118199363444877
0,h13_h63,1764294009,9.62362025538706
0,h13_h63,1764294010,9.694109690804204
0,h13_h63,1764294011,9.229905747219588
0,h13_h63,1764294012,8.997927641341843
0,h13_h63,1764294013,9.404692272802478
0,h13_h63,1764294014,9.435628312222992
0,h13_h63,1764294015,9.63429528584087
0,h13_h63,1764294016,10.251879692266373
0,h13_h63,1764294017,9.97898062734034
0,h13_h63,1764294018,9.793614190286368
0,h13_h63,1764294019,15.245969464742885
0,h13_h63,1764294020,14.592469931658371
0,h13_h63,1764294021,8.939248714844917
0,h13_h63,1764294022,9.06836979444922
0,h13_h63,1764294023,9.026471209256943
0,h13_h63,1764294024,8.80952206325984
0,h13_h63,1764294025,8.952044225393058
0,h13_h63,1764294026,9.407325246215812
0,h13_h63,1764294027,9.946242366260938
0,h13_h63,1764294028,9.512635145221113
0,h13_h63,1764294029,9.515273822227186
0,h13_h63,1764294030,9.631651143547195
0,h13_h63,1764294031,8.955407365782975
0,h13_h63,1764294032,8.85496680655421
0,h13_h63,1764294033,9.260461623804526
0,h13_h63,1764294034,9.305512141372894
0,h13_h63,1764294035,8.949642856717965
0,h13_h63,1764294036,9.151070755531215
0,h13_h63,1764294037,9.042130976479667
0,h13_h63,1764294038,8.812785615567368
0,h13_h63,1764294039,8.924250619605813
0,h13_h63,1764294040,8.858207173476586
0,h13_h63,1764294041,9.043818383213578
0,h13_h63,1764294042,9.249346297680308
0,h13_h63,1764294043,9.010853346634642
0,h13_h63,1764294044,8.922457380168492
0,h13_h63,1764294045,9.089314260008267
0,h13_h63,1764294046,9.23844340491959
0,h13_h63,1764294047,9.35981211292842
0,h13_h63,1764294048,22.090396103192013
0,h13_h63,1764294049,24.300248723633107
0,h13_h63,1764294050,8.98314257129041
0,h13_h63,1764294051,8.93368158307913
0,h13_h63,1764294052,9.054012421818516
0,h13_h63,1764294053,8.990713277625106
0,h13_h63,1764294054,8.918599149813033
0,h13_h63,1764294055,8.935369899579921
0,h13_h63,1764294056,9.059055046334224
0,h13_h63,1764294057,9.090595848227078
0,h13_h63,1764294058,9.270246301166804
0,h13_h63,1764294059,9.34020635172803
0,h13_h63,1764294060,8.915395344911568
0,h13_h63,1764294061,8.91357553046201
0,h13_h63,1764294062,8.926637464575283
0,h13_h63,1764294063,8.971904452379404
0,h13_h63,1764294064,9.210063193106135
0,h13_h63,1764294065,9.189687237689448
0,h13_h63,1764294066,8.962735785236179
0,h13_h63,1764294067,8.897885481510958
0,h13_h63,1764294068,8.924456155616182
0,h13_h63,1764294069,8.872263579022922
0,h13_h63,1764294070,8.888440777002566
0,h13_h63,1764294071,9.008812098653816
0,h13_h63,1764294072,9.033186521266115
0,h13_h63,1764294073,8.997373883133681
0,h13_h63,1764294074,8.969343003674856
0,h13_h63,1764294075,9.163678547526176
0,h13_h63,1764294076,9.284888846184892
0,h13_h63,1764294077,9.06577585646307
0,h13_h63,1764294078,8.993615030447053
0,h13_h63,1764294079,9.009491340671405
0,h13_h63,1764294080,8.888612989370204
0,h13_h63,1764294081,8.9442705451697
0,h13_h63,1764294082,9.047743948566382
0,h13_h63,1764294083,9.091094306603008
0,h13_h63,1764294084,9.008018065819025
0,h13_h63,1764294085,9.038933819072486
0,h13_h63,1764294086,9.844718097215331
0,h13_h63,1764294087,10.314482326536952
0,h13_h63,1764294088,9.547928528797517
0,h13_h63,1764294089,9.972072270361974
0,h13_h63,1764294090,9.735818998039855
0,h13_h63,1764294091,9.104856419872274
0,h13_h63,1764294092,9.040832471059026
0,h13_h63,1764294093,9.763224374110274
0,h13_h63,1764294094,10.836473614485064
0,h13_h63,1764294095,10.559164790524958
0,h13_h63,1764294096,10.662720225846304
0,h13_h63,1764294097,10.980952667568635
0,h13_h63,1764294098,10.85804547742142
0,h13_h63,1764294099,9.851218500989871
0,h13_h63,1764294100,8.898044430728026
0,h13_h63,1764294101,9.864385006324282
0,h13_h63,1764294102,10.394599192165446
0,h13_h63,1764294103,8.980240213381036
0,h13_h63,1764294104,9.312364230079686
0,h13_h63,1764294105,9.902124768590124
0,h13_h63,1764294106,10.28533215521916
0,h13_h63,1764294107,10.538030012206375
0,h13_h63,1764294108,9.585309223908808
0,h13_h63,1764294109,9.10417034263335
0,h13_h63,1764294110,9.23420552725186
0,h13_h63,1764294111,9.45808244520305
0,h13_h63,1764294112,9.699223421416171
0,h13_h63,1764294113,9.407363777906689
0,h13_h63,1764294114,9.728775769828792
0,h13_h63,1764294115,9.478470014653956
0,h13_h63,1764294116,8.958316795042919
0,h13_h63,1764294117,9.685753930438535
0,h13_h63,1764294118,10.090889697920932
0,h13_h63,1764294119,9.537528002709648
0,h13_h63,1764294120,10.3
0,h13_h63,1764294121,9.827335284430038
0,h13_h63,1764294122,18.969059456111445
0,h13_h63,1764294123,26.747781181565685
0,h13_h63,1764294124,9.06654829641398
0,h13_h63,1764294125,9.236418713701738
0,h13_h63,1764294126,8.941973468939072
0,h13_h63,1764294127,8.958124327858544
0,h13_h63,1764294128,9.0145130426749
0,h13_h63,1764294129,9.292261149332257
0,h13_h63,1764294130,9.450327822913582
0,h13_h63,1764294131,9.229023979455713
0,h13_h63,1764294132,8.942087641285237
0,h13_h63,1764294133,9.038228067575542
0,h13_h63,1764294134,9.31250449910375
0,h13_h63,1764294135,9.202927333681748
0,h13_h63,1764294136,8.86
0,h13_h63,1764294137,8.870494675531145
0,h13_h63,1764294138,9.08129322046882
0,h13_h63,1764294139,9.235821939001926
0,h13_h63,1764294140,9.383618764191258
0,h13_h63,1764294141,9.876240251039754
0,h13_h63,1764294142,8.989787745454407
0,h13_h63,1764294143,9.155321189997098
0,h13_h63,1764294144,9.108042424274178
0,h13_h63,1764294145,9.229565550038254
0,h13_h63,1764294146,9.718381911234882
0,h13_h63,1764294147,10.766594997672383
0,h13_h63,1764294148,10.533772149668238
0,h13_h63,1764294149,10.2
0,h13_h63,1764294150,10.332008169315152
0,h13_h63,1764294151,10.142473922698734
0,h13_h63,1764294152,9.111407134639707
0,h13_h63,1764294153,8.880508192734407
0,h13_h63,1764294154,8.839586408294203
0,h13_h63,1764294155,8.860527170634368
0,h13_h63,1764294156,8.852265873765594
0,h13_h63,1764294157,8.907172317855613
0,h13_h63,1764294158,8.876812337380178
0,h13_h63,1764294159,8.860493680968323
0,h13_h63,1764294160,8.84
0,h13_h63,1764294161,8.852525865658963
0,h13_h63,1764294162,9.187831470346378
0,h13_h63,1764294163,9.592219168189448
0,h13_h63,1764294164,8.930001872247457
0,h13_h63,1764294165,9.088031494209472
0,h13_h63,1764294166,9.583143755698876
0,h13_h63,1764294167,9.318056580888037
0,h13_h63,1764294168,9.1052115858527
0,h13_h63,1764294169,9.09889456866422
0,h13_h63,1764294170,8.857946140661353
0,h13_h63,1764294171,8.992097883831997
0,h13_h63,1764294172,9.242464100831484
0,h13_h63,1764294173,9.24653610249908
0,h13_h63,1764294174,9.011435543104144
0,h13_h63,1764294175,8.97786709642889
0,h13_h63,1764294176,9.121233134577956
0,h13_h63,1764294177,8.85596708602322
0,h13_h63,1764294178,8.937193717900367
0,h13_h63,1764294179,8.962908561775658
0,h13_h63,1764294180,9.056176524002376
0,h13_h63,1764294181,9.402820825789526
0,h13_h63,1764294182,9.278044712125114
0,h13_h63,1764294183,8.942797452539958
0,h13_h63,1764294184,8.963918733488642
0,h13_h63,1764294185,9.013830942328177
0,h13_h63,1764294186,9.000392971888315
0,h13_h63,1764294187,8.90841288249027
0,h13_h63,1764294188,9.007273854467083
0,h13_h63,1764294189,8.970123403739391
0,h13_h63,1764294190,8.903520006624497
0,h13_h63,1764294191,8.92926213209643
0,h13_h63,1764294192,8.902665318873108
0,h13_h63,1764294193,8.899415559877056
0,h13_h63,1764294194,8.943541554555416
0,h13_h63,1764294195,9.13696238642948
0,h13_h63,1764294196,9.15191388123729
0,h13_h63,1764294197,9.17081688499452
0,h13_h63,1764294198,8.869449676593845
0,h13_h63,1764294199,9.04189768722147
0,h13_h63,1764294200,9.73107455414618
0,h13_h63,1764294201,11.299050883615196
0,h13_h63,1764294202,9.23518373315835
0,h13_h63,1764294203,9.29500015002622
0,h13_h63,1764294204,9.14258165700047
0,h13_h63,1764294205,9.438784500377412
0,h13_h63,1764294206,10.217837005111868
0,h13_h63,1764294207,9.23982095042908
0,h13_h63,1764294208,8.997431823241849
0,h13_h63,1764294209,9.244442656671652
0,h13_h63,1764294210,9.317411196701308
0,h13_h63,1764294211,9.847053635819028
0,h13_h63,1764294212,8.985113914051455
0,h13_h63,1764294213,8.805248668406664
0,h13_h63,1764294214,9.0139165333445
0,h13_h63,1764294215,9.52476725222652
0,h13_h63,1764294216,15.092618182466593
0,h13_h63,1764294217,30.766501729352587
0,h13_h63,1764294218,9.076234636440413
0,h13_h63,1764294219,9.064248384891474
0,h13_h63,1764294220,9.186815947210496
0,h13_h63,1764294221,9.214529603759368
0,h13_h63,1764294222,9.110387511703758
0,h13_h63,1764294223,8.980557663225143
0,h13_h63,1764294224,9.894565739703006
0,h13_h63,1764294225,9.592150131086097
0,h13_h63,1764294226,9.227520903936494
0,h13_h63,1764294227,9.180762630359377
0,h13_h63,1764294228,8.824822113602304
0,h13_h63,1764294229,9.176182695159794
0,h13_h63,1764294230,10.08505437486639
0,h13_h63,1764294231,10.074166876808825
0,h13_h63,1764294232,8.917137077378293
0,h13_h63,1764294233,9.08387259724057
0,h13_h63,1764294234,8.905830023860567
0,h13_h63,1764294235,8.929242314229215
0,h13_h63,1764294236,9.0636302532377
0,h13_h63,1764294237,8.975561114080952
0,h13_h63,1764294238,8.938740873520453
0,h13_h63,1764294239,9.19406320158004
0,h13_h63,1764294240,9.23019776340874
0,h13_h63,1764294241,9.003904917796971
0,h13_h63,1764294242,9.020481349241418
0,h13_h63,1764294243,8.883578946366535
0,h13_h63,1764294244,8.981948670518028
0,h13_h63,1764294245,8.964708859336303
0,h13_h63,1764294246,8.892881759685856
0,h13_h63,1764294247,9.003173817262489
0,h13_h63,1764294248,8.947167116801882
0,h13_h63,1764294249,9.193769167431403
0,h13_h63,1764294250,9.144431215358155
0,h13_h63,1764294251,8.871199087399487
0,h13_h63,1764294252,8.960623895289503
0,h13_h63,1764294253,9.136347353044975
0,h13_h63,1764294254,9.237867259857364
0,h13_h63,1764294255,9.606471017456728
0,h13_h63,1764294256,8.867147874729568
0,h13_h63,1764294257,8.917689956508594
0,h13_h63,1764294258,8.97191726810615
0,h13_h63,1764294259,8.843494172500273
0,h13_h63,1764294260,8.892829703364162
0,h13_h63,1764294261,9.068810057965676
0,h13_h63,1764294262,9.981320166475372
0,h13_h63,1764294263,13.205536306145474
0,h13_h63,1764294264,9.148150827347232
0,h13_h63,1764294265,9.232704150638993
0,h13_h63,1764294266,10.411107981849751
0,h13_h63,1764294267,8.926741245379233
0,h13_h63,1764294268,8.908390096253376
0,h13_h63,1764294269,8.901590515274142
0,h13_h63,1764294270,8.911571092002339
0,h13_h63,1764294271,8.975834747778434
0,h13_h63,1764294272,9.224938216614976
0,h13_h63,1764294273,8.909368830081464
0,h13_h63,1764294274,8.863506917278205
0,h13_h63,1764294275,8.938518211088951
0,h13_h63,1764294276,8.93
0,h13_h63,1764294277,9.113420602754598
0,h13_h63,1764294278,10.1476073215088
0,h13_h63,1764294279,9.71739193696171
0,h13_h63,1764294280,9.024410270041615
0,h13_h63,1764294281,8.99832419492239
0,h13_h63,1764294282,9.044492720752691
0,h13_h63,1764294283,9.012738696089068
0,h13_h63,1764294284,9.053152435432304
0,h13_h63,1764294285,9.155222052468693
0,h13_h63,1764294286,8.876737377789706
0,h13_h63,1764294287,8.914688377014135
0,h13_h63,1764294288,8.995119677929559
0,h13_h63,1764294289,9.76128203889468
0,h13_h63,1764294290,9.671344292796878
0,h13_h63,1764294291,9.102801905698296
0,h13_h63,1764294292,9.767734489576826
0,h13_h63,1764294293,9.030877182390464
0,h13_h63,1764294294,9.95924250006729
0,h13_h63,1764294295,9.87289154183676
0,h13_h63,1764294296,9.8281623652992
0,h13_h63,1764294297,9.877385491859537
0,h13_h63,1764294298,9.682860144808956
0,h13_h63,1764294299,8.932317653630593
0,h13_h63,1764294300,9.003424996206256
0,h13_h63,1764294301,8.818542301263939
0,h13_h63,1764294302,9.1458431988952
0,h13_h63,1764294303,9.94211564064933
0,h13_h63,1764294304,9.953715028710638
0,h13_h63,1764294305,9.904146619642868
0,h13_h63,1764294306,10.007098369379896
0,h13_h63,1764294307,10.487862262427136
0,h13_h63,1764294308,9.53208635267137
0,h13_h63,1764294309,10.618134674280949
0,h13_h63,1764294310,15.003035220622554
0,h13_h63,1764294311,9.990618296967291
0,h13_h63,1764294312,10.011221955212951
0,h13_h63,1764294313,10.923775333173923
0,h13_h63,1764294314,9.138187155253672
0,h13_h63,1764294315,9.252250677052496
0,h13_h63,1764294316,10.61734384426371
0,h13_h63,1764294317,10.79150973775988
0,h13_h63,1764294318,10.69168139604518
0,h13_h63,1764294319,10.567369473223822
0,h13_h63,1764294320,10.208069116235682
0,h13_h63,1764294321,10.27620096181257
0,h13_h63,1764294322,10.007826713335604
0,h13_h63,1764294323,10.090679564756169
0,h13_h63,1764294324,9.895607840425573
0,h13_h63,1764294325,8.878466563836572
0,h13_h63,1764294326,8.870483092350662
0,h13_h63,1764294327,9.001458301577623
0,h13_h63,1764294328,9.11903633439459
0,h13_h63,1764294329,10.368746979589709
0,h13_h63,1764294330,9.952735003446389
0,h13_h63,1764294331,9.988008380940768
0,h13_h63,1764294332,9.888666497213077
0,h13_h63,1764294333,8.892252815173748
0,h13_h63,1764294334,9.252904394897303
0,h13_h63,1764294335,9.87937874604158
0,h13_h63,1764294336,9.815174996099763
0,h13_h63,1764294337,9.068724424140886
0,h13_h63,1764294338,10.794459958335027
0,h13_h63,1764294339,10.694633502525988
0,h13_h63,1764294340,10.584396568206456
0,h13_h63,1764294341,10.32026537101742
0,h13_h63,1764294342,10.680383155553267
0,h13_h63,1764294343,10.290491967644332
0,h13_h63,1764294344,10.1
0,h13_h63,1764294345,10.118111570082672
0,h13_h63,1764294346,10.4912471556744
0,h13_h63,1764294347,10.281334576458766
0,h13_h63,1764294348,9.858755119801756
0,h13_h63,1764294349,9.852591412565449
0,h13_h63,1764294350,10.381640630843114
0,h13_h63,1764294351,9.924219948222516
0,h13_h63,1764294352,10.25759473772292
0,h13_h63,1764294353,9.07089969147082
0,h13_h63,1764294354,9.41000611061861
0,h13_h63,1764294355,10.3
0,h13_h63,1764294356,10.3
0,h13_h63,1764294357,10.3
0,h13_h63,1764294358,10.3
0,h13_h63,1764294359,10.3
0,h13_h63,1764294360,10.269970719122895
0,h13_h63,1764294361,9.26890424058626
0,h13_h63,1764294362,16.29565071242368
0,h13_h63,1764294363,10.055501656707111
0,h13_h63,1764294364,12.950122989376268
0,h13_h63,1764294365,10.2
0,h13_h63,1764294366,10.2
0,h13_h63,1764294367,10.19523817871949
0,h13_h63,1764294368,9.93616857204089
0,h13_h63,1764294369,10.286067580615123
0,h13_h63,1764294370,9.33855514789951
0,h13_h63,1764294371,9.927258729275056
0,h13_h63,1764294372,10.499001281489788
0,h13_h63,1764294373,10.390011492017551
0,h13_h63,1764294374,9.338736992945115
0,h13_h63,1764294375,9.211606902351098
0,h13_h63,1764294376,10.700492365362226
0,h13_h63,1764294377,10.799694665862598
0,h13_h63,1764294378,10.700123274367094
0,h13_h63,1764294379,10.799939909695578
0,h13_h63,1764294380,9.111275875780043
0,h13_h63,1764294381,8.920196409273421
0,h13_h63,1764294382,9.497976102110076
0,h13_h63,1764294383,10.29527133412804
0,h13_h63,1764294384,9.02657169260856
0,h13_h63,1764294385,10.191273803336207
0,h13_h63,1764294386,9.981851207978002
0,h13_h63,1764294387,10.296878435312845
0,h13_h63,1764294388,10.497738497227337
0,h13_h63,1764294389,9.214651867051431
0,h13_h63,1764294390,10.38357366201548
0,h13_h63,1764294391,9.136945257055402
0,h13_h63,1764294392,9.090406287405026
0,h13_h63,1764294393,9.985790059089494
0,h13_h63,1764294394,8.907295172005659
0,h13_h63,1764294395,9.174992458654696
0,h13_h63,1764294396,9.10147383436748
0,h13_h63,1764294397,9.10980435322062
0,h13_h63,1764294398,8.874912699439243
0,h13_h63,1764294399,8.87
0,h13_h63,1764294400,9.094369277281992
0,h13_h63,1764294401,10.657073732307849
0,h13_h63,1764294402,9.143248335657187
0,h13_h63,1764294403,9.10971844499736
0,h13_h63,1764294404,8.876949477585166
0,h13_h63,1764294405,8.840923921980366
0,h13_h63,1764294406,8.830326552690567
0,h13_h63,1764294407,8.897578227116163
0,h13_h63,1764294408,8.9
0,h13_h63,1764294409,9.101885535078685
0,h13_h63,1764294410,10.538567074852708
0,h13_h63,1764294411,8.93131577848985
0,h13_h63,1764294412,8.831282549750053
0,h13_h63,1764294413,11.183915937769203
0,h13_h63,1764294414,9.202019519163011
0,h13_h63,1764294415,16.00877910638598
0,h13_h63,1764294416,9.462997331945544
0,h13_h63,1764294417,9.129014438721578
0,h13_h63,1764294418,9.699393402959087
0,h13_h63,1764294419,9.654213133074284
0,h13_h63,1764294420,9.66892565735226
0,h13_h63,1764294421,9.76445352384121
0,h13_h63,1764294422,9.043540604524766
0,h13_h63,1764294423,8.87740513702205
0,h13_h63,1764294424,8.87941230433148
0,h13_h63,1764294425,8.87060659257292
0,h13_h63,1764294426,9.094933066493848
0,h13_h63,1764294427,8.894666815304028
0,h13_h63,1764294428,9.16044442455215
0,h13_h63,1764294429,8.881154424906402
0,h13_h63,1764294430,9.130217364877293
0,h13_h63,1764294431,8.917241623737286
0,h13_h63,1764294432,10.569609034333402
0,h13_h63,1764294433,9.949585384125246
0,h13_h63,1764294434,9.242330597318627
0,h13_h63,1764294435,8.87572526646649
0,h13_h63,1764294436,8.859231316734451
0,h13_h63,1764294437,8.832359940981188
0,h13_h63,1764294438,9.013856466606772
0,h13_h63,1764294439,8.965675917843525
0,h13_h63,1764294440,8.886628971911689
0,h13_h63,1764294441,8.889152327317431
0,h13_h63,1764294442,8.944794444536976
0,h13_h63,1764294443,8.96822427004629
0,h13_h63,1764294444,8.9244921770327
0,h13_h63,1764294445,8.892750084714788
0,h13_h63,1764294446,8.9897704272308
0,h13_h63,1764294447,8.990940571657216
0,h13_h63,1764294448,8.881397002075222
0,h13_h63,1764294449,8.969339644369533
0,h13_h63,1764294450,8.970980391176148
0,h13_h63,1764294451,8.951980980989564
0,h13_h63,1764294452,8.95
0,h13_h63,1764294453,14.26185527848573
0,h13_h63,1764294454,14.276420706209576
0,h13_h63,1764294455,9.521942230937384
0,h13_h63,1764294456,9.26491247367925
0,h13_h63,1764294457,8.933997990113493
0,h13_h63,1764294458,8.943467258433534
0,h13_h63,1764294459,9.56309636685803
0,h13_h63,1764294460,9.258541817670956
0,h13_h63,1764294461,9.21
0,h13_h63,1764294462,9.130381238899613
0,h13_h63,1764294463,9.19067190332844
0,h13_h63,1764294464,8.917445856749826
0,h13_h63,1764294465,8.88881218791084
0,h13_h63,1764294466,9.15370084260141
0,h13_h63,1764294467,9.19
0,h13_h63,1764294468,9.111119674983
0,h13_h63,1764294469,9.18751829007965
0,h13_h63,1764294470,12.595071189241986
0,h13_h63,1764294471,9.689460080798051
0,h13_h63,1764294472,8.928465382511051
0,h13_h63,1764294473,9.168295292357932
0,h13_h63,1764294474,9.175267448201303
0,h13_h63,1764294475,9.161329041626493
0,h13_h63,1764294476,9.16
0,h13_h63,1764294477,16.566725735922184
0,h13_h63,1764294478,10.284877700484367
0,h13_h63,1764294479,12.530676000993395
0,h13_h63,1764294480,10.694606741787698
0,h13_h63,1764294481,10.214174423300763
0,h13_h63,1764294482,10.114222579933235
0,h13_h63,1764294483,9.079258769770355
0,h13_h63,1764294484,9.92750402775114
0,h13_h63,1764294485,10.006061444780752
0,h13_h63,1764294486,9.998529517184648
0,h13_h63,1764294487,10.0
0,h13_h63,1764294488,9.080124261811024
0,h13_h63,1764294489,9.14945145686958
0,h13_h63,1764294490,9.096663423890536
0,h13_h63,1764294491,8.918966723078993
0,h13_h63,1764294492,8.830791250827277
0,h13_h63,1764294493,8.879073179019427
0,h13_h63,1764294494,8.89
0,h13_h63,1764294495,9.183897050987824
0,h13_h63,1764294496,8.96311909143819
0,h13_h63,1764294497,8.985352811183061
0,h13_h63,1764294498,10.252156431149253
0,h13_h63,1764294499,9.314713204287964
0,h13_h63,1764294500,9.113351312413304
0,h13_h63,1764294501,9.169953396599912
0,h13_h63,1764294502,8.930521793461212
0,h13_h63,1764294503,11.876228375451692
0,h13_h63,1764294504,9.491966450750926
0,h13_h63,1764294505,9.085259633732218
0,h13_h63,1764294506,9.055571939299575
0,h13_h63,1764294507,9.081333721724071
0,h13_h63,1764294508,8.982643909168491
0,h13_h63,1764294509,9.248289106952493
0,h13_h63,1764294510,9.112642055643432
0,h13_h63,1764294511,9.365518861501398
0,h13_h63,1764294512,8.995478480963211
0,h13_h63,1764294513,8.965443766229162
0,h13_h63,1764294514,8.963662598684571
0,h13_h63,1764294515,9.07409387002714
0,h13_h63,1764294516,8.937123740238938
0,h13_h63,1764294517,9.095019755548874
0,h13_h63,1764294518,12.82256218437232
0,h13_h63,1764294519,10.003167443722443
0,h13_h63,1764294520,8.99246322104118
0,h13_h63,1764294521,11.65001807627166
0,h13_h63,1764294522,9.60651188922824
0,h13_h63,1764294523,9.798189359917584
0,h13_h63,1764294524,10.0804831812045
0,h13_h63,1764294525,10.1
0,h13_h63,1764294526,10.1
0,h13_h63,1764294527,10.260246338824462
0,h13_h63,1764294528,9.23468338809123
0,h13_h63,1764294529,9.14583185184075
0,h13_h63,1764294530,9.994998014796368
0,h13_h63,1764294531,10.2
0,h13_h63,1764294532,10.358842034313463
0,h13_h63,1764294533,11.192013444911256
0,h13_h63,1764294534,9.83986507162926
0,h13_h63,1764294535,9.880538977376954
0,h13_h63,1764294536,10.23667186979915
0,h13_h63,1764294537,9.503735555584155
0,h13_h63,1764294538,10.162926262617374
0,h13_h63,1764294539,10.321514207841666
0,h13_h63,1764294540,10.456671352276528
0,h13_h63,1764294541,10.5
0,h13_h63,1764294542,10.734026696051284
0,h13_h63,1764294543,9.482492076663805
0,h13_h63,1764294544,10.656469705072167
0,h13_h63,1764294545,10.245982287390756
0,h13_h63,1764294546,17.22237666107695
0,h13_h63,1764294547,11.510584508734429
0,h13_h63,1764294548,10.360358489480374
0,h13_h63,1764294549,10.93141848219072
0,h13_h63,1764294550,9.586610504698156
0,h13_h63,1764294551,9.332051590339043
0,h13_h63,1764294552,9.133188045470185
0,h13_h63,1764294553,10.32270243613346
0,h13_h63,1764294554,10.853763163736732
0,h13_h63,1764294555,10.823202290593706
0,h13_h63,1764294556,9.924441945025178
0,h13_h63,1764294557,12.901173788246314
0,h13_h63,1764294558,10.503862172130743
0,h13_h63,1764294559,9.20119813390594
0,h13_h63,1764294560,10.8669898883812
0,h13_h63,1764294561,9.766288982031323
0,h13_h63,1764294562,9.21628841179822
0,h13_h63,1764294563,9.09258895352746
0,h13_h63,1764294564,10.316050762399932
0,h13_h63,1764294565,9.51199704367314
0,h13_h63,1764294566,9.2266555949244
0,h13_h63,1764294567,9.265331301349498
0,h13_h63,1764294568,9.14736574039862
0,h13_h63,1764294569,9.1789618767238
0,h13_h63,1764294570,9.069660896568143
0,h13_h63,1764294571,9.022331346807944
0,h13_h63,1764294572,9.33428320139254
0,h13_h63,1764294573,9.253744427222662
0,h13_h63,1764294574,9.253651292727248
0,h13_h63,1764294575,9.170335458950378
0,h13_h63,1764294576,8.932931291844211
0,h13_h63,1764294577,9.168995610001504
0,h13_h63,1764294578,9.037696672089169
0,h13_h63,1764294579,11.73997262118673
0,h13_h63,1764294580,9.840943111431232
0,h13_h63,1764294581,9.21942154370211
0,h13_h63,1764294582,9.389361929589551
0,h13_h63,1764294583,9.221337129265509
0,h13_h63,1764294584,69.09857630956729
0,h13_h63,1764294585,31.10812417680598
0,h13_h63,1764294586,9.193988748832622
0,h13_h63,1764294587,9.052038555244057
0,h13_h63,1764294588,9.06107084909731
0,h13_h63,1764294589,9.293661744612628
0,h13_h63,1764294590,9.054795600190932
0,h13_h63,1764294591,8.998111640861387
0,h13_h63,1764294592,9.01
0,h13_h63,1764294593,9.154405925186497
0,h13_h63,1764294594,9.010250131895956
0,h13_h63,1764294595,8.995433662501288
0,h13_h63,1764294596,8.9495184880651
0,h13_h63,1764294597,9.171302919942434
0,h13_h63,1764294598,9.084401258672903
0,h13_h63,1764294599,9.127704670135692
0,h13_h63,1764294600,9.00228539539167
0,h13_h63,1764294601,8.994964342214805
0,h13_h63,1764294602,9.04740377523314
0,h13_h63,1764294603,15.312625626778711
0,h13_h63,1764294604,11.232075244894858
0,h13_h63,1764294605,8.973205514893017
0,h13_h63,1764294606,9.058837782719957
0,h13_h63,1764294607,9.12223984772178
0,h13_h63,1764294608,9.921222706218426
0,h13_h63,1764294609,10.27378844561859
0,h13_h63,1764294610,10.447303862278355
0,h13_h63,1764294611,9.49899025819467
0,h13_h63,1764294612,9.12529737932033
0,h13_h63,1764294613,9.376801324951057
0,h13_h63,1764294614,9.250163560887191
0,h13_h63,1764294615,9.001665780605551
0,h13_h63,1764294616,9.523682866189231
0,h13_h63,1764294617,9.492502078177576
0,h13_h63,1764294618,9.312803115390157
0,h13_h63,1764294619,9.23647708198546
0,h13_h63,1764294620,9.060653677214184
0,h13_h63,1764294621,8.956600726570114
0,h13_h63,1764294622,10.063991858644322
0,h13_h63,1764294623,9.363091408412286
0,h13_h63,1764294624,8.92
0,h13_h63,1764294625,8.934324458220246
0,h13_h63,1764294626,8.861423766066475
0,h13_h63,1764294627,10.301778683076028
0,h13_h63,1764294628,9.465917908953047
0,h13_h63,1764294629,8.90834404622869
0,h13_h63,1764294630,9.259020782635664
0,h13_h63,1764294631,9.96320346824962
0,h13_h63,1764294632,9.320824255628176
0,h13_h63,1764294633,9.490137267737838
0,h13_h63,1764294634,9.845895304505106
0,h13_h63,1764294635,9.159867116741037
0,h13_h63,1764294636,8.874862083017657
0,h13_h63,1764294637,32.22457130891411
0,h13_h63,1764294638,20.046581766016683
0,h13_h63,1764294639,8.996133421490878
0,h13_h63,1764294640,9.881199336220735
0,h13_h63,1764294641,10.059119036687903
0,h13_h63,1764294642,10.0530782447179
0,h13_h63,1764294643,10.1
0,h13_h63,1764294644,10.305406898088425
0,h13_h63,1764294645,10.331673398641223
0,h13_h63,1764294646,10.231805717866882
0,h13_h63,1764294647,9.94125098884702
0,h13_h63,1764294648,10.145906154813236
0,h13_h63,1764294649,10.232217670332854
0,h13_h63,1764294650,9.664912574526662
0,h13_h63,1764294651,10.146262342248242
0,h13_h63,1764294652,9.467504256317223
0,h13_h63,1764294653,9.79745034164662
0,h13_h63,1764294654,10.132912656964796
0,h13_h63,1764294655,9.952632945161268
0,h13_h63,1764294656,13.615542997183598
0,h13_h63,1764294657,11.42150409611161
0,h13_h63,1764294658,9.37
0,h13_h63,1764294659,9.768615054645908
0,h13_h63,1764294660,10.056192060715675
0,h13_h63,1764294661,10.4969905533706
0,h13_h63,1764294662,10.237698962160216
0,h13_h63,1764294663,14.911293286884383
0,h13_h63,1764294664,12.14353232769328
0,h13_h63,1764294665,9.90523841786835
0,h13_h63,1764294666,10.2
0,h13_h63,1764294667,9.413764376037076
0,h13_h63,1764294668,10.046255032164447
0,h13_h63,1764294669,10.469538728480307
0,h13_h63,1764294670,10.465076576276353
0,h13_h63,1764294671,10.82464662933346
0,h13_h63,1764294672,10.610901965101872
0,h13_h63,1764294673,10.4
0,h13_h63,1764294674,9.610957194729606
0,h13_h63,1764294675,9.902970224269886
0,h13_h63,1764294676,10.3
0,h13_h63,1764294677,10.235733557990024
0,h13_h63,1764294678,10.2
0,h13_h63,1764294679,10.264008251387317
0,h13_h63,1764294680,10.076360421924145
0,h13_h63,1764294681,10.045588847214836
0,h13_h63,1764294682,10.544683814434412
0,h13_h63,1764294683,10.736633008753628
0,h13_h63,1764294684,10.7
0,h13_h63,1764294685,10.63696166033579
0,h13_h63,1764294686,9.71854709360322
0,h13_h63,1764294687,9.671181146839077
0,h13_h63,1764294688,10.419763471061634
0,h13_h63,1764294689,10.7
0,h13_h63,1764294690,11.011244970843798
0,h13_h63,1764294691,10.640575188559644
0,h13_h63,1764294692,10.610193931816283
0,h13_h63,1764294693,9.771542418486863
0,h13_h63,1764294694,9.158561926429636
0,h13_h63,1764294695,10.11329309695531
0,h13_h63,1764294696,10.761432774570148
0,h13_h63,1764294697,11.411883747734317
0,h13_h63,1764294698,10.045240245052986
0,h13_h63,1764294699,12.674291680786755
0,h13_h63,1764294700,12.070213170279658
0,h13_h63,1764294701,9.662817592316769
0,h13_h63,1764294702,9.997628074384552
0,h13_h63,1764294703,10.4
0,h13_h63,1764294704,10.4
0,h13_h63,1764294705,10.4
0,h13_h63,1764294706,10.4
0,h13_h63,1764294707,12.24788456055056
0,h13_h63,1764294708,11.535159535556993
0,h13_h63,1764294709,10.25952839564138
0,h13_h63,1764294710,9.752967176406258
0,h13_h63,1764294711,11.04951772971515
0,h13_h63,1764294712,10.852674167364968
0,h13_h63,1764294713,10.14431275402453
0,h13_h63,1764294714,10.05252807189608
0,h13_h63,1764294715,9.891758661673869
0,h13_h63,1764294716,9.501213824383544
0,h13_h63,1764294717,9.67608941623337
0,h13_h63,1764294718,10.0
0,h13_h63,1764294719,9.982531458057473
0,h13_h63,1764294720,9.975812936494574
0,h13_h63,1764294721,9.92196682277619
0,h13_h63,1764294722,9.532486692866234
0,h13_h63,1764294723,9.152839343284676
0,h13_h63,1764294724,10.119562181291569
0,h13_h63,1764294725,9.73308131690215
0,h13_h63,1764294726,9.087993869814186
0,h13_h63,1764294727,9.209961680240037
0,h13_h63,1764294728,9.037210975034943
0,h13_h63,1764294729,9.5219632202093
0,h13_h63,1764294730,10.04374138939886
0,h13_h63,1764294731,9.969739844600063
0,h13_h63,1764294732,10.16926738699228
0,h13_h63,1764294733,9.836650488097716
0,h13_h63,1764294734,9.152458847170587
0,h13_h63,1764294735,9.459350707728053
0,h13_h63,1764294736,9.866773983610608
0,h13_h63,1764294737,14.915952434292477
0,h13_h63,1764294738,35.90020639005967
0,h13_h63,1764294739,29.221556872111417
0,h13_h63,1764294740,10.15671496512184
0,h13_h63,1764294741,10.312982680295963
0,h13_h63,1764294742,10.434960843268772
0,h13_h63,1764294743,9.579516346378211
0,h13_h63,1764294744,8.995498121879079
0,h13_h63,1764294745,9.01646493775222
0,h13_h63,1764294746,9.6701685339799
0,h13_h63,1764294747,9.599308868142854
0,h13_h63,1764294748,9.22541294698394
0,h13_h63,1764294749,9.090343691100507
0,h13_h63,1764294750,8.955243870746648
0,h13_h63,1764294751,9.70867622831301
0,h13_h63,1764294752,10.353976091432784
0,h13_h63,1764294753,9.861147113698776
0,h13_h63,1764294754,9.356966222926353
0,h13_h63,1764294755,9.28243751574518
0,h13_h63,1764294756,9.811507064143893
0,h13_h63,1764294757,9.84124087577325
0,h13_h63,1764294758,11.170156935945151
0,h13_h63,1764294759,10.697685832038765
0,h13_h63,1764294760,12.435356316187594
0,h13_h63,1764294761,12.0801715341406
0,h13_h63,1764294762,9.0002094108472
0,h13_h63,1764294763,12.388996478252423
0,h13_h63,1764294764,12.272750278118092
0,h13_h63,1764294765,9.278998439780084
0,h13_h63,1764294766,9.557018404519669
0,h13_h63,1764294767,9.404254952280322
0,h13_h63,1764294768,9.744687693122415
0,h13_h63,1764294769,10.603306317582517
0,h13_h63,1764294770,9.905994663320556
0,h13_h63,1764294771,9.031191822572996
0,h13_h63,1764294772,11.868884845594168
0,h13_h63,1764294773,11.92003733258668
0,h13_h63,1764294774,9.163441659296176
0,h13_h63,1764294775,9.079814887143268
0,h13_h63,1764294776,9.07
0,h13_h63,1764294777,9.1967679359968
0,h13_h63,1764294778,9.233984111970152
0,h13_h63,1764294779,9.084368693664835
0,h13_h63,1764294780,9.09052163184652
0,h13_h63,1764294781,9.93300589798456
0,h13_h63,1764294782,9.903864985030571
0,h13_h63,1764294783,9.224988856273423
0,h13_h63,1764294784,9.369931711547098
0,h13_h63,1764294785,9.190855550868722
0,h13_h63,1764294786,8.994908174777663
0,h13_h63,1764294787,9.133941729777144
0,h13_h63,1764294788,9.062128797412646
0,h13_h63,1764294789,8.924121729674939
0,h13_h63,1764294790,9.014585729048994
0,h13_h63,1764294791,8.990927921880873
0,h13_h63,1764294792,8.969355356656774
0,h13_h63,1764294793,8.951192223749997
0,h13_h63,1764294794,9.007110114867984
0,h13_h63,1764294795,9.178219565152164
0,h13_h63,1764294796,9.114153459586849
0,h13_h63,1764294797,8.970336021342042
0,h13_h63,1764294798,8.979295767368537
0,h13_h63,1764294799,9.043318610846962
0,h13_h63,1764294800,9.18601581701858
0,h13_h63,1764294801,9.208604546549962
0,h13_h63,1764294802,9.15343065173732
0,h13_h63,1764294803,14.004174475183518
0,h13_h63,1764294804,14.681591034638828
0,h13_h63,1764294805,9.331062733976502
0,h13_h63,1764294806,9.23445361217545
0,h13_h63,1764294807,9.145288440899984
0,h13_h63,1764294808,9.130596439973308
0,h13_h63,1764294809,9.672791080909947
0,h13_h63,1764294810,9.739400767420484
0,h13_h63,1764294811,9.053300236888989
0,h13_h63,1764294812,9.125894582371869
0,h13_h63,1764294813,9.144393731775647
0,h13_h63,1764294814,9.463790941728147
0,h13_h63,1764294815,11.795799099196795
0,h13_h63,1764294816,12.09493053834991
0,h13_h63,1764294817,17.278868092783533
0,h13_h63,1764294818,18.986060246493945
0,h13_h63,1764294819,10.3
0,h13_h63,1764294820,10.3
0,h13_h63,1764294821,10.254467559042707
0,h13_h63,1764294822,10.08188032062031
0,h13_h63,1764294823,9.540963770487195
0,h13_h63,1764294824,9.52995724385089
0,h13_h63,1764294825,9.717010231137325
0,h13_h63,1764294826,9.766694888086215
0,h13_h63,1764294827,10.4
0,h13_h63,1764294828,9.725033183764978
0,h13_h63,1764294829,9.518183074294704
0,h13_h63,1764294830,10.344296989025793
0,h13_h63,1764294831,13.42789179442218
0,h13_h63,1764294832,14.19644080888004
0,h13_h63,1764294833,9.75093732256888
0,h13_h63,1764294834,9.175604177838652
0,h13_h63,1764294835,9.577307762035616
0,h13_h63,1764294836,9.72447325755947
0,h13_h63,1764294837,12.255815893105268
0,h13_h63,1764294838,13.656453425915837
0,h13_h63,1764294839,9.86170502745054
0,h13_h63,1764294840,9.943839261601369
0,h13_h63,1764294841,10.843052148918046
0,h13_h63,1764294842,10.47530634022135
0,h13_h63,1764294843,10.119407743249498
0,h13_h63,1764294844,9.760422585265411
0,h13_h63,1764294845,8.93408987409176
0,h13_h63,1764294846,9.454919561242274
0,h13_h63,1764294847,10.1422291841943
0,h13_h63,1764294848,10.368351132890588
0,h13_h63,1764294849,9.932403358944386
0,h13_h63,1764294850,8.968050583001345
0,h13_h63,1764294851,9.407485598415112
0,h13_h63,1764294852,9.770891150838356
0,h13_h63,1764294853,9.251778224828003
0,h13_h63,1764294854,9.24467990253226
0,h13_h63,1764294855,9.300324468772835
0,h13_h63,1764294856,9.287767135915953
0,h13_h63,1764294857,9.180758144911216
0,h13_h63,1764294858,9.520013535995483
0,h13_h63,1764294859,10.44067478946306
0,h13_h63,1764294860,9.923760104321126
0,h13_h63,1764294861,9.06378770846472
0,h13_h63,1764294862,9.104667102749392
0,h13_h63,1764294863,9.763309732808771
0,h13_h63,1764294864,11.757026690768168
0,h13_h63,1764294865,11.74745894136804
0,h13_h63,1764294866,9.12989648171772
0,h13_h63,1764294867,9.2258352947059
0,h13_h63,1764294868,12.86984605291094
0,h13_h63,1764294869,14.74862758065803
0,h13_h63,1764294870,9.016503786229311
0,h13_h63,1764294871,9.639203898619904
0,h13_h63,1764294872,51.824497971424094
0,h13_h63,1764294873,91.109970044288
0,h13_h63,1764294874,9.37792594929616
0,h13_h63,1764294875,9.716200709379264
0,h13_h63,1764294876,9.242831737004057
0,h13_h63,1764294877,9.16903021113196
0,h13_h63,1764294878,9.08908975056174
0,h13_h63,1764294879,9.04
0,h13_h63,1764294880,9.182143156257832
0,h13_h63,1764294881,9.3908512374406
0,h13_h63,1764294882,9.18421152145827
0,h13_h63,1764294883,8.98376170893469
0,h13_h63,1764294884,9.16549108454194
0,h13_h63,1764294885,9.391189018882397
0,h13_h63,1764294886,9.353801893783215
0,h13_h63,1764294887,8.883752528541798
0,h13_h63,1764294888,9.013146421684194
0,h13_h63,1764294889,9.768642169861495
0,h13_h63,1764294890,10.120824883403
0,h13_h63,1764294891,9.5604375262066
0,h13_h63,1764294892,9.900776497856777
0,h13_h63,1764294893,9.644599333780778
0,h13_h63,1764294894,10.4
0,h13_h63,1764294895,10.251573223001618
0,h13_h63,1764294896,9.656983613238644
0,h13_h63,1764294897,9.5148247905157
0,h13_h63,1764294898,10.335959613898549
0,h13_h63,1764294899,12.253116860010724
0,h13_h63,1764294900,13.184935854172018
0,h13_h63,1764294901,8.83710863615708
0,h13_h63,1764294902,9.422434154199378
0,h13_h63,1764294903,10.370408534921888
0,h13_h63,1764294904,10.570100238211255
0,h13_h63,1764294905,10.16892025914467
0,h13_h63,1764294906,9.064857828332574
0,h13_h63,1764294907,9.31899787985059
0,h13_h63,1764294908,10.130937934270175
0,h13_h63,1764294909,9.703588909947817
0,h13_h63,1764294910,12.064473961550956
0,h13_h63,1764294911,14.700887494039662
0,h13_h63,1764294912,9.007971013113908
0,h13_h63,1764294913,9.295558604050653
0,h13_h63,1764294914,10.67848761364501
0,h13_h63,1764294915,12.07016312889933
0,h13_h63,1764294916,9.120791268274528
0,h13_h63,1764294917,9.567731812729315
0,h13_h63,1764294918,10.199829539110418
0,h13_h63,1764294919,10.532476755672844
0,h13_h63,1764294920,10.56907148891296
0,h13_h63,1764294921,9.826382511210014
0,h13_h63,1764294922,9.177846266045313
0,h13_h63,1764294923,11.435497995593355
0,h13_h63,1764294924,14.443165282340091
0,h13_h63,1764294925,10.2944495625397
0,h13_h63,1764294926,10.228754999385057
0,h13_h63,1764294927,9.741790231057376
0,h13_h63,1764294928,10.317381379504791
0,h13_h63,1764294929,9.187848235746632
0,h13_h63,1764294930,9.017783064822837
0,h13_h63,1764294931,12.474005392090564
0,h13_h63,1764294932,16.768586865584545
0,h13_h63,1764294933,9.979407273506716
0,h13_h63,1764294934,10.031248624689573
0,h13_h63,1764294935,10.131133438445165
0,h13_h63,1764294936,10.2
0,h13_h63,1764294937,9.828942557564025
0,h13_h63,1764294938,9.009265483709711
0,h13_h63,1764294939,9.389652805249751
0,h13_h63,1764294940,9.878936591375222
0,h13_h63,1764294941,9.189681796795682
0,h13_h63,1764294942,9.32861988787736
0,h13_h63,1764294943,9.669632191323313
0,h13_h63,1764294944,9.932530880251967
0,h13_h63,1764294945,9.174913264104068
0,h13_h63,1764294946,8.86
0,h13_h63,1764294947,8.86596343057445
0,h13_h63,1764294948,8.88
0,h13_h63,1764294949,11.019944680899318
0,h13_h63,1764294950,14.10069985526026
0,h13_h63,1764294951,8.9145660166887
0,h13_h63,1764294952,9.01942610416736
0,h13_h63,1764294953,9.08076671737555
0,h13_h63,1764294954,8.835767324276533
0,h13_h63,1764294955,9.212448246790585
0,h13_h63,1764294956,9.983105806949816
0,h13_h63,1764294957,9.945606594543507
0,h13_h63,1764294958,9.681374000346796
0,h13_h63,1764294959,9.068128076169726
0,h13_h63,1764294960,9.23989704786712
0,h13_h63,1764294961,8.963699228563012
0,h13_h63,1764294962,9.02722063944814
0,h13_h63,1764294963,9.070177620929902
0,h13_h63,1764294964,9.108790854224532
0,h13_h63,1764294965,9.282232177099198
0,h13_h63,1764294966,9.000321789737779
0,h13_h63,1764294967,9.48907606198452
0,h13_h63,1764294968,9.795715792713978
0,h13_h63,1764294969,9.427855266399956
0,h13_h63,1764294970,9.46822394957503
0,h13_h63,1764294971,9.416438340505488
0,h13_h63,1764294972,9.094221392014012
0,h13_h63,1764294973,11.58219838676818
0,h13_h63,1764294974,16.57640563339889
0,h13_h63,1764294975,9.01393892850134
0,h13_h63,1764294976,11.272591016904752
0,h13_h63,1764294977,15.275873673171684
0,h13_h63,1764294978,9.653569958072888
0,h13_h63,1764294979,11.352068003081175
0,h13_h63,1764294980,10.536350945124669
0,h13_h63,1764294981,9.33911660997025
0,h13_h63,1764294982,9.053396460781943
0,h13_h63,1764294983,8.956995473325934
0,h13_h63,1764294984,9.0196395446318
0,h13_h63,1764294985,11.248830034352942
0,h13_h63,1764294986,16.145589851185328
0,h13_h63,1764294987,9.019001449418257
0,h13_h63,1764294988,9.068178743485024
0,h13_h63,1764294989,9.006461734583288
0,h13_h63,1764294990,8.995554458111743
0,h13_h63,1764294991,9.200714812843586
0,h13_h63,1764294992,9.186167089110429
0,h13_h63,1764294993,10.578905161433894
0,h13_h63,1764294994,13.771148741917631
0,h13_h63,1764294995,9.149518009530484
0,h13_h63,1764294996,9.129828478040528
0,h13_h63,1764294997,9.322515590436437
0,h13_h63,1764294998,9.44028265679776
0,h13_h63,1764294999,10.072081578696745
0,h13_h63,1764295000,11.53780199374302
0,h13_h63,1764295001,10.270626849823667
0,h13_h63,1764295002,9.528308537701813
0,h13_h63,1764295003,10.670614294580872
0,h13_h63,1764295004,9.131617731872154
0,h13_h63,1764295005,9.40111649466828
0,h13_h63,1764295006,10.163819967713298
0,h13_h63,1764295007,10.135594342069258
0,h13_h63,1764295008,9.11831312559144
0,h13_h63,1764295009,9.07159300675892
0,h13_h63,1764295010,9.273045910667031
0,h13_h63,1764295011,9.203026116288344
0,h13_h63,1764295012,9.796942047965343
0,h13_h63,1764295013,9.4
0,h13_h63,1764295014,9.521886972553062
0,h13_h63,1764295015,9.7940941088621
0,h13_h63,1764295016,10.7446260894716
0,h13_h63,1764295017,16.181102511807463
0,h13_h63,1764295018,9.67579801270325
0,h13_h63,1764295019,11.40423280072226
0,h13_h63,1764295020,14.02207693492198
0,h13_h63,1764295021,9.402066749329654
0,h13_h63,1764295022,8.992199036191108
0,h13_h63,1764295023,8.977507011644994
0,h13_h63,1764295024,9.30976885646216
0,h13_h63,1764295025,10.419032739547651
0,h13_h63,1764295026,10.48111964957387
0,h13_h63,1764295027,10.180577415659473
0,h13_h63,1764295028,9.183211097452954
0,h13_h63,1764295029,8.98
0,h13_h63,1764295030,9.000365690065887
0,h13_h63,1764295031,9.257270082919277
0,h13_h63,1764295032,10.072734337112324
0,h13_h63,1764295033,10.345866462697185
0,h13_h63,1764295034,12.50513565340542
0,h13_h63,1764295035,21.27917988301447
0,h13_h63,1764295036,10.666366899211203
0,h13_h63,1764295037,16.049589821160815
0,h13_h63,1764295038,10.040410432743707
0,h13_h63,1764295039,14.075505874421058
0,h13_h63,1764295040,9.219462814056602
0,h13_h63,1764295041,9.78430326243685
0,h13_h63,1764295042,9.124132124475429
0,h13_h63,1764295043,10.432783409402942
0,h13_h63,1764295044,9.917865028633086
0,h13_h63,1764295045,9.156830420064235
0,h13_h63,1764295046,9.88337455021901
0,h13_h63,1764295047,9.907282722434628
0,h13_h63,1764295048,10.010777604568837
0,h13_h63,1764295049,9.250927548075571
0,h13_h63,1764295050,10.384099696543643
0,h13_h63,1764295051,10.37878942130446
0,h13_h63,1764295052,10.55826236788868
0,h13_h63,1764295053,9.248444918115167
0,h13_h63,1764295054,9.275501283143916
0,h13_h63,1764295055,12.530380099897602
0,h13_h63,1764295056,27.29458724018097
0,h13_h63,1764295057,10.3388021793324
0,h13_h63,1764295058,10.05074360400988
0,h13_h63,1764295059,10.325133833153693
0,h13_h63,1764295060,9.766028133102576
0,h13_h63,1764295061,9.01973102474138
0,h13_h63,1764295062,10.098168115054731
0,h13_h63,1764295063,16.30340154006641
0,h13_h63,1764295064,9.810743305372949
0,h13_h63,1764295065,9.021396455657849
0,h13_h63,1764295066,9.045258102203547
0,h13_h63,1764295067,9.28563866245502
0,h13_h63,1764295068,10.335179727643794
0,h13_h63,1764295069,10.933175744161142
0,h13_h63,1764295070,9.307531510268271
0,h13_h63,1764295071,10.013247536443394
0,h13_h63,1764295072,10.126268329360403
0,h13_h63,1764295073,10.128212892510913
0,h13_h63,1764295074,9.16433570222252
0,h13_h63,1764295075,10.212317024495922
0,h13_h63,1764295076,8.96568190776742
0,h13_h63,1764295077,9.757804388070488
0,h13_h63,1764295078,13.0371406480743
0,h13_h63,1764295079,8.96661628453504
0,h13_h63,1764295080,9.444374883619387
0,h13_h63,1764295081,10.464618982597832
0,h13_h63,1764295082,10.070286249710652
0,h13_h63,1764295083,10.576446325761486
0,h13_h63,1764295084,20.763872188019494
0,h13_h63,1764295085,10.179539976379148
0,h13_h63,1764295086,10.8
0,h13_h63,1764295087,10.766997069614524
0,h13_h63,1764295088,10.4563040933444
0,h13_h63,1764295089,10.003619263417736
0,h13_h63,1764295090,9.17976387360478
0,h13_h63,1764295091,9.054964833445789
0,h13_h63,1764295092,10.740046836356544
0,h13_h63,1764295093,15.746491001428824
0,h13_h63,1764295094,10.457603850581974
0,h13_h63,1764295095,9.821286698045563
0,h13_h63,1764295096,14.890184989427908
0,h13_h63,1764295097,9.013828059523188
0,h13_h63,1764295098,10.093862418216968
0,h13_h63,1764295099,18.123975149556394
0,h13_h63,1764295100,9.03970063159258
0,h13_h63,1764295101,9.478914542256655
0,h13_h63,1764295102,9.339672907282685
0,h13_h63,1764295103,10.747656864411285
0,h13_h63,1764295104,9.18844001253798
0,h13_h63,1764295105,9.061320490664151
0,h13_h63,1764295106,9.920148838112173
0,h13_h63,1764295107,9.088918734918378
0,h13_h63,1764295108,9.418263877398877
0,h13_h63,1764295109,10.650270781890846
0,h13_h63,1764295110,9.063716695407878
0,h13_h63,1764295111,9.96474912460948
0,h13_h63,1764295112,9.544110953336132
0,h13_h63,1764295113,9.33255799951366
0,h13_h63,1764295114,9.01
0,h13_h63,1764295115,9.003135539445239
0,h13_h63,1764295116,8.921504982931776
0,h13_h63,1764295117,8.955386340615375
0,h13_h63,1764295118,9.134352030090875
0,h13_h63,1764295119,9.456370797923675
0,h13_h63,1764295120,16.046963436589227
0,h13_h63,1764295121,9.057314234330804
0,h13_h63,1764295122,9.260669311093464
0,h13_h63,1764295123,14.630238108524605
0,h13_h63,1764295124,13.233074920780528
0,h13_h63,1764295125,8.942449259476128
0,h13_h63,1764295126,8.977628640945031
0,h13_h63,1764295127,9.113558087961223
0,h13_h63,1764295128,11.73825738877898
0,h13_h63,1764295129,9.421603263118069
0,h13_h63,1764295130,17.888602729803047
0,h13_h63,1764295131,8.965348056776607
0,h13_h63,1764295132,9.093826973204044
0,h13_h63,1764295133,12.909722451808422
0,h13_h63,1764295134,9.433773339325056
0,h13_h63,1764295135,20.386397166315188
0,h13_h63,1764295136,8.76955840105631
0,h13_h63,1764295137,8.762542425882323
0,h13_h63,1764295138,8.824054004521322
0,h13_h63,1764295139,8.93164649750163
0,h13_h63,1764295140,9.206831110956545
0,h13_h63,1764295141,8.872117012629163
0,h13_h63,1764295142,9.191637659418785
0,h13_h63,1764295143,8.95227206176215
0,h13_h63,1764295144,9.017532089590278
0,h13_h63,1764295145,8.939701562147901
0,h13_h63,1764295146,8.931954529670913
0,h13_h63,1764295147,9.005636508934735
0,h13_h63,1764295148,9.42300927248778
0,h13_h63,1764295149,17.461702708042885
0,h13_h63,1764295150,9.17200315502938
0,h13_h63,1764295151,15.597463698836924
0,h13_h63,1764295152,8.970804722261786
0,h13_h63,1764295153,9.008855193705688
0,h13_h63,1764295154,8.950361446471145
0,h13_h63,1764295155,8.969678564147122
0,h13_h63,1764295156,9.083493219706233
0,h13_h63,1764295157,17.871067774055007
0,h13_h63,1764295158,10.89907830087515
0,h13_h63,1764295159,10.8
0,h13_h63,1764295160,10.795282893257571
0,h13_h63,1764295161,9.94647307612809
0,h13_h63,1764295162,9.185450019850336
0,h13_h63,1764295163,10.8
0,h13_h63,1764295164,10.8
0,h13_h63,1764295165,18.22452923333332
0,h13_h63,1764295166,9.33867723787994
0,h13_h63,1764295167,10.69345960833492
0,h13_h63,1764295168,10.79933912291895
0,h13_h63,1764295169,10.8
0,h13_h63,1764295170,9.112230872134914
0,h13_h63,1764295171,9.050413008794612
0,h13_h63,1764295172,9.069816763984896
0,h13_h63,1764295173,9.198648765136356
0,h13_h63,1764295174,10.483171767154456
0,h13_h63,1764295175,9.888602805874344
0,h13_h63,1764295176,10.19485654622838
0,h13_h63,1764295177,13.627328059151829
0,h13_h63,1764295178,10.855063637508064
0,h13_h63,1764295179,20.112152305157224
0,h13_h63,1764295180,10.323005943782674
0,h13_h63,1764295181,9.9435292197449
0,h13_h63,1764295182,10.583702829908278
0,h13_h63,1764295183,9.283834230024771
0,h13_h63,1764295184,9.152529328309257
0,h13_h63,1764295185,10.656622154560608
0,h13_h63,1764295186,21.92140685280155
0,h13_h63,1764295187,20.00036200752187
0,h13_h63,1764295188,11.199216829803111
0,h13_h63,1764295189,10.61038670127496
0,h13_h63,1764295190,12.427514106993405
0,h13_h63,1764295191,10.67216607798291
0,h13_h63,1764295192,10.6
0,h13_h63,1764295193,10.887817501666255
0,h13_h63,1764295194,10.708468949628232
0,h13_h63,1764295195,10.604400596866997
0,h13_h63,1764295196,10.6
0,h13_h63,1764295197,10.6
0,h13_h63,1764295198,10.885412961988663
0,h13_h63,1764295199,14.588492284820116
0,h13_h63,1764295200,9.342515287013866
0,h13_h63,1764295201,10.422971984801478
0,h13_h63,1764295202,10.310887061535889
0,h13_h63,1764295203,10.111118012008196
0,h13_h63,1764295204,9.816943348278668
0,h13_h63,1764295205,9.234394733306464
0,h13_h63,1764295206,9.2
0,h13_h63,1764295207,9.181196213755058
0,h13_h63,1764295208,8.9546020867065
0,h13_h63,1764295209,16.248855844154004
0,h13_h63,1764295210,9.763339236671094
0,h13_h63,1764295211,9.2046429556212
0,h13_h63,1764295212,9.162702097473137
0,h13_h63,1764295213,9.225181270115892
0,h13_h63,1764295214,8.922771145775423
0,h13_h63,1764295215,9.21581212341785
0,h13_h63,1764295216,15.380991890049332
0,h13_h63,1764295217,9.442164511555903
0,h13_h63,1764295218,19.691358366100992
0,h13_h63,1764295219,10.133113068977265
0,h13_h63,1764295220,8.926541450360679
0,h13_h63,1764295221,16.74572599258098
0,h13_h63,1764295222,9.615786023820752
0,h13_h63,1764295223,8.919165918328595
0,h13_h63,1764295224,8.892560069503439
0,h13_h63,1764295225,8.899127127861709
0,h13_h63,1764295226,8.9
0,h13_h63,1764295227,8.9
0,h13_h63,1764295228,8.918136614275248
0,h13_h63,1764295229,8.938096638321545
0,h13_h63,1764295230,9.670925336523952
0,h13_h63,1764295231,9.12823037478126
0,h13_h63,1764295232,9.077999379394813
0,h13_h63,1764295233,18.789810145384717
0,h13_h63,1764295234,11.032429694344994
0,h13_h63,1764295235,10.178086326035915
0,h13_h63,1764295236,9.170262753126776
0,h13_h63,1764295237,19.087883843311182
0,h13_h63,1764295238,11.125506457133593
0,h13_h63,1764295239,9.83850599150377
0,h13_h63,1764295240,9.86450514223002
0,h13_h63,1764295241,14.84296523668359
0,h13_h63,1764295242,10.45804526795278
0,h13_h63,1764295243,9.978099937735797
0,h13_h63,1764295244,20.565127550101785
0,h13_h63,1764295245,11.428974176445248
0,h13_h63,1764295246,9.910619609723296
0,h13_h63,1764295247,9.151177607290226
0,h13_h63,1764295248,13.64534102047068
0,h13_h63,1764295249,10.527036735892878
0,h13_h63,1764295250,10.0
0,h13_h63,1764295251,10.262670317697804
0,h13_h63,1764295252,10.3
0,h13_h63,1764295253,10.387355382082498
0,h13_h63,1764295254,10.225512661697335
0,h13_h63,1764295255,10.548342547025534
0,h13_h63,1764295256,10.33915761834251
0,h13_h63,1764295257,10.213178470303523
0,h13_h63,1764295258,9.261756191188836
0,h13_h63,1764295259,9.31958997337514
0,h13_h63,1764295260,19.24313127865704
0,h13_h63,1764295261,10.609660757155025
0,h13_h63,1764295262,14.57551169126697
0,h13_h63,1764295263,10.122182270689745
0,h13_h63,1764295264,10.584563995900504
0,h13_h63,1764295265,10.88580402276108
0,h13_h63,1764295266,10.72875130570378
0,h13_h63,1764295267,10.785439628301727
0,h13_h63,1764295268,10.714667290422192
0,h13_h63,1764295269,10.785180064006362
0,h13_h63,1764295270,10.714979554799754
0,h13_h63,1764295271,10.275220050577794
0,h13_h63,1764295272,10.284836140322303
0,h13_h63,1764295273,9.146457532066757
0,h13_h63,1764295274,17.127992772765154
0,h13_h63,1764295275,10.514251225899889
0,h13_h63,1764295276,18.6808839895552
0,h13_h63,1764295277,12.031991165984229
0,h13_h63,1764295278,10.147863439800362
0,h13_h63,1764295279,9.764142292987318
0,h13_h63,1764295280,10.118960591404962
0,h13_h63,1764295281,17.826355377552016
0,h13_h63,1764295282,11.730514423459296
0,h13_h63,1764295283,9.16466796702237
0,h13_h63,1764295284,9.21002933171059
0,h13_h63,1764295285,9.958314261835616
0,h13_h63,1764295286,9.176782127973766
0,h13_h63,1764295287,9.247549674456348
0,h13_h63,1764295288,14.984367982549902
0,h13_h63,1764295289,10.285127067333947
0,h13_h63,1764295290,9.314672852339054
0,h13_h63,1764295291,9.07238178295821
0,h13_h63,1764295292,9.991571768140432
0,h13_h63,1764295293,17.868422569913484
0,h13_h63,1764295294,11.002350963704735
0,h13_h63,1764295295,9.162870844160295
0,h13_h63,1764295296,8.989437395453061
0,h13_h63,1764295297,8.818901664306589
0,h13_h63,1764295298,8.896275997161675
0,h13_h63,1764295299,9.750999472295517
0,h13_h63,1764295300,9.923749377476856
0,h13_h63,1764295301,10.065941197345936
0,h13_h63,1764295302,9.19187727820683
0,h13_h63,1764295303,12.384152870314766
0,h13_h63,1764295304,9.80616536186044
0,h13_h63,1764295305,8.927292883281007
0,h13_h63,1764295306,9.087303163571326
0,h13_h63,1764295307,8.944907806385073
0,h13_h63,1764295308,21.546667225685376
0,h13_h63,1764295309,12.279831280675031
0,h13_h63,1764295310,9.743165896634896
0,h13_h63,1764295311,9.1840222328182
0,h13_h63,1764295312,8.952192012713574
0,h13_h63,1764295313,8.87637126422444
0,h13_h63,1764295314,9.731894079598844
0,h13_h63,1764295315,9.104550801741208
0,h13_h63,1764295316,15.253350894497174
0,h13_h63,1764295317,10.579853701377225
0,h13_h63,1764295318,14.906268813157192
0,h13_h63,1764295319,10.55465219754598
0,h13_h63,1764295320,8.842963549174026
0,h13_h63,1764295321,9.533813134834386
0,h13_h63,1764295322,9.042207700556892
0,h13_h63,1764295323,9.1775034508481
0,h13_h63,1764295324,9.07526103115014
0,h13_h63,1764295325,9.035560717347812
0,h13_h63,1764295326,18.222739508151236
0,h13_h63,1764295327,12.494530527392682
0,h13_h63,1764295328,10.542074968903384
0,h13_h63,1764295329,9.995579742386523
0,h13_h63,1764295330,9.225521120038524
0,h13_h63,1764295331,8.975052775567299
0,h13_h63,1764295332,9.011634491799846
0,h13_h63,1764295333,8.891256235794108
0,h13_h63,1764295334,9.088949654759832
0,h13_h63,1764295335,8.998110624233167
0,h13_h63,1764295336,8.888318855784442
0,h13_h63,1764295337,9.108941612128469
0,h13_h63,1764295338,9.156878074216566
0,h13_h63,1764295339,9.134585006359906
0,h13_h63,1764295340,16.133491582443856
0,h13_h63,1764295341,11.274971200160929
0,h13_h63,1764295342,10.268281784462555
0,h13_h63,1764295343,9.43660730385799
0,h13_h63,1764295344,9.18247441825653
0,h13_h63,1764295345,9.410313925728335
0,h13_h63,1764295346,10.031692674766788
0,h13_h63,1764295347,16.6107631032848
0,h13_h63,1764295348,11.236318184159636
0,h13_h63,1764295349,8.919781979589468
0,h13_h63,1764295350,8.89770197598576
0,h13_h63,1764295351,8.9
0,h13_h63,1764295352,8.94609693008677
0,h13_h63,1764295353,8.96
0,h13_h63,1764295354,8.913980254641318
0,h13_h63,1764295355,9.007280169181618
0,h13_h63,1764295356,9.162543357561304
0,h13_h63,1764295357,8.993214053757113
0,h13_h63,1764295358,13.319603664717128
0,h13_h63,1764295359,10.351206411961329
0,h13_h63,1764295360,12.498723285900136
0,h13_h63,1764295361,10.023507904577713
0,h13_h63,1764295362,17.802297075760062
0,h13_h63,1764295363,12.657963564422046
0,h13_h63,1764295364,9.917511840297768
0,h13_h63,1764295365,10.042049514285694
0,h13_h63,1764295366,9.27376028136838
0,h13_h63,1764295367,9.713549559851865
0,h13_h63,1764295368,9.259613669637783
0,h13_h63,1764295369,9.915036979799094
0,h13_h63,1764295370,9.17467981578266
0,h13_h63,1764295371,12.10755522903079
0,h13_h63,1764295372,9.913649394586256
0,h13_h63,1764295373,9.12725307785172
0,h13_h63,1764295374,8.915770861938034
0,h13_h63,1764295375,9.60049178394939
0,h13_h63,1764295376,10.18959754272719
0,h13_h63,1764295377,10.522411680562463
0,h13_h63,1764295378,10.96968833033872
0,h13_h63,1764295379,9.784081260590746
0,h13_h63,1764295380,9.799883319602074
0,h13_h63,1764295381,10.43407272267687
0,h13_h63,1764295382,10.673489965951015
0,h13_h63,1764295383,10.553270379213233
0,h13_h63,1764295384,10.280278666845089
0,h13_h63,1764295385,9.431502991170106
0,h13_h63,1764295386,9.171928753563607
0,h13_h63,1764295387,9.055924583556216
0,h13_h63,1764295388,16.861111024723993
0,h13_h63,1764295389,12.883069495443385
0,h13_h63,1764295390,10.417330196056028
0,h13_h63,1764295391,20.972783855188823
0,h13_h63,1764295392,13.52900771962986
0,h13_h63,1764295393,9.623132578466128
0,h13_h63,1764295394,9.930296374269115
0,h13_h63,1764295395,9.274502246073428
0,h13_h63,1764295396,14.843485904995791
0,h13_h63,1764295397,11.275420881678556
0,h13_h63,1764295398,8.945771471996215
0,h13_h63,1764295399,9.038476663930624
0,h13_h63,1764295400,9.098480416625389
0,h13_h63,1764295401,9.166862018148608
0,h13_h63,1764295402,8.96287542087542
0,h13_h63,1764295403,15.90222772744932
0,h13_h63,1764295404,12.102320153504376
0,h13_h63,1764295405,9.222956540228964
0,h13_h63,1764295406,8.966795299747236
0,h13_h63,1764295407,8.902103051933821
0,h13_h63,1764295408,8.933994923183889
0,h13_h63,1764295409,8.967909759193672
0,h13_h63,1764295410,9.056599815192332
0,h13_h63,1764295411,13.796293307665849
0,h13_h63,1764295412,11.08814294046268
0,h13_h63,1764295413,9.143854479729804
0,h13_h63,1764295414,9.001904599203861
0,h13_h63,1764295415,9.609623464580368
0,h13_h63,1764295416,9.8613238521174
0,h13_h63,1764295417,10.288583552185202
0,h13_h63,1764295418,10.431734140678865
0,h13_h63,1764295419,10.127209887371578
0,h13_h63,1764295420,10.34040134761695
0,h13_h63,1764295421,9.534071215991869
0,h13_h63,1764295422,9.772335781948575
0,h13_h63,1764295423,21.814489306272073
0,h13_h63,1764295424,14.973035571149092
0,h13_h63,1764295425,10.058258795560189
0,h13_h63,1764295426,10.632798922021252
0,h13_h63,1764295427,10.184117494208245
0,h13_h63,1764295428,10.060396432791046
0,h13_h63,1764295429,13.096814101261725
0,h13_h63,1764295430,11.536424833930436
0,h13_h63,1764295431,10.199822210348945
0,h13_h63,1764295432,10.3
0,h13_h63,1764295433,10.233598652828412
0,h13_h63,1764295434,10.266279962582708
0,h13_h63,1764295435,10.088152549639307
0,h13_h63,1764295436,9.9932232018672
0,h13_h63,1764295437,9.900967616683678
0,h13_h63,1764295438,9.2302613326359
0,h13_h63,1764295439,9.586713668869796
0,h13_h63,1764295440,9.979278151609003
0,h13_h63,1764295441,9.895463200885183
0,h13_h63,1764295442,9.911692034900446
0,h13_h63,1764295443,9.982484452484046
0,h13_h63,1764295444,17.37069622600413
0,h13_h63,1764295445,14.172603219649314
0,h13_h63,1764295446,9.964416284497087
0,h13_h63,1764295447,14.564084131311922
0,h13_h63,1764295448,12.59290354084263
0,h13_h63,1764295449,16.481513618774372
0,h13_h63,1764295450,13.621559220837089
0,h13_h63,1764295451,15.722432094611404
0,h13_h63,1764295452,12.62573020117919
0,h13_h63,1764295453,9.5467638739
0,h13_h63,1764295454,9.840202524777158
0,h13_h63,1764295455,9.913860425276772
0,h13_h63,1764295456,14.62899847215188
0,h13_h63,1764295457,12.67698973335508
0,h13_h63,1764295458,9.316616397517365
0,h13_h63,1764295459,9.62345422580368
0,h13_h63,1764295460,9.9937391628423
0,h13_h63,1764295461,9.939977934325082
0,h13_h63,1764295462,9.285670582137469
0,h13_h63,1764295463,8.959862719041292
0,h13_h63,1764295464,8.940217833102285
0,h13_h63,1764295465,8.959651930644046
0,h13_h63,1764295466,8.921872067115896
0,h13_h63,1764295467,13.369698542866631
0,h13_h63,1764295468,12.166116494684488
0,h13_h63,1764295469,9.220259757935876
0,h13_h63,1764295470,8.951571343336196
0,h13_h63,1764295471,8.93387298080735
0,h13_h63,1764295472,8.966678490322472
0,h13_h63,1764295473,8.99
0,h13_h63,1764295474,8.971707552184515
0,h13_h63,1764295475,16.089185486309233
0,h13_h63,1764295476,14.5970522614421
0,h13_h63,1764295477,9.603802911254371
0,h13_h63,1764295478,9.563938683987896
0,h13_h63,1764295479,17.054051970271118
0,h13_h63,1764295480,17.390500380422154
0,h13_h63,1764295481,11.274619394150276
0,h13_h63,1764295482,9.64701502654018
0,h13_h63,1764295483,9.884188830179626
0,h13_h63,1764295484,10.240520886493467
0,h13_h63,1764295485,10.44073105868516
0,h13_h63,1764295486,10.056863788486565
0,h13_h63,1764295487,9.317598189320108
0,h13_h63,1764295488,9.565025883052057
0,h13_h63,1764295489,9.350906980304114
0,h13_h63,1764295490,8.9569804203401
0,h13_h63,1764295491,8.937242993002709
0,h13_h63,1764295492,27.46862795698132
0,h13_h63,1764295493,23.16531170047248
0,h13_h63,1764295494,8.99027402859576
0,h13_h63,1764295495,8.913226458279944
0,h13_h63,1764295496,8.901063032037168
0,h13_h63,1764295497,8.903072639536884
0,h13_h63,1764295498,8.943015043182793
0,h13_h63,1764295499,8.89686302409997
0,h13_h63,1764295500,8.912933630032617
0,h13_h63,1764295501,9.113893450743978
0,h13_h63,1764295502,15.619115906076017
0,h13_h63,1764295503,14.105689483903504
0,h13_h63,1764295504,9.016023869629494
0,h13_h63,1764295505,14.869203985411684
0,h13_h63,1764295506,14.245180175815412
0,h13_h63,1764295507,9.91441114042934
0,h13_h63,1764295508,10.01118389841254
0,h13_h63,1764295509,10.2
0,h13_h63,1764295510,9.428671001051042
0,h13_h63,1764295511,16.56831722840878
0,h13_h63,1764295512,15.236711878010212
0,h13_h63,1764295513,12.511316518304806
0,h13_h63,1764295514,11.766931413704413
0,h13_h63,1764295515,13.9507432121312
0,h13_h63,1764295516,13.084426720955456
0,h13_h63,1764295517,8.860999835803812
0,h13_h63,1764295518,8.859037952922822
0,h13_h63,1764295519,8.87184793547096
0,h13_h63,1764295520,8.884557172728348
0,h13_h63,1764295521,9.02648132685069
0,h13_h63,1764295522,9.225747833627548
0,h13_h63,1764295523,9.34936369138088
0,h13_h63,1764295524,9.205988193016644
0,h13_h63,1764295525,9.131571922264753
0,h13_h63,1764295526,9.12393291561091
0,h13_h63,1764295527,8.980201614315083
0,h13_h63,1764295528,8.968206140805039
0,h13_h63,1764295529,8.972593592281527
0,h13_h63,1764295530,8.987954768890788
0,h13_h63,1764295531,8.992805289387379
0,h13_h63,1764295532,9.02892807020301
0,h13_h63,1764295533,10.46710664705656
0,h13_h63,1764295534,10.500320889677534
0,h13_h63,1764295535,9.425256846433022
0,h13_h63,1764295536,9.409030367298389
0,h13_h63,1764295537,9.369078752536838
0,h13_h63,1764295538,9.428259927194542
0,h13_h63,1764295539,12.7568742268451
0,h13_h63,1764295540,12.451387265695676
0,h13_h63,1764295541,9.139047385178806
0,h13_h63,1764295542,8.985173505652126
0,h13_h63,1764295543,9.072649281161896
0,h13_h63,1764295544,9.54653813810584
0,h13_h63,1764295545,15.49229923979934
0,h13_h63,1764295546,22.79353513682661
0,h13_h63,1764295547,17.372617257776913
0,h13_h63,1764295548,9.703693048569829
0,h13_h63,1764295549,9.664661490341857
0,h13_h63,1764295550,9.747224638825962
0,h13_h63,1764295551,9.903260977375096
0,h13_h63,1764295552,10.083946832082834
0,h13_h63,1764295553,9.52907066685557
0,h13_h63,1764295554,9.230004904835477
0,h13_h63,1764295555,9.125248130108735
0,h13_h63,1764295556,8.94510987106737
0,h13_h63,1764295557,9.396552703180053
0,h13_h63,1764295558,10.09264954935094
0,h13_h63,1764295559,10.112634928937632
0,h13_h63,1764295560,10.05762391449105
0,h13_h63,1764295561,12.927605949311037
0,h13_h63,1764295562,18.631139130776297
0,h13_h63,1764295563,15.613623460645837
0,h13_h63,1764295564,9.948044755753443
0,h13_h63,1764295565,10.150195587420058
0,h13_h63,1764295566,9.649209615427171
0,h13_h63,1764295567,9.917127196922554
0,h13_h63,1764295568,10.07063022451884
0,h13_h63,1764295569,20.751481648997988
0,h13_h63,1764295570,21.827823830812697
0,h13_h63,1764295571,15.287652819633584
0,h13_h63,1764295572,16.406384494021847
0,h13_h63,1764295573,9.475103780986036
0,h13_h63,1764295574,9.1930562367154
0,h13_h63,1764295575,9.686781234951626
0,h13_h63,1764295576,10.233636142254651
0,h13_h63,1764295577,10.206415491728167
0,h13_h63,1764295578,9.42817792415546
0,h13_h63,1764295579,9.022017463468243
0,h13_h63,1764295580,9.398689420932495
0,h13_h63,1764295581,10.021916332744564
0,h13_h63,1764295582,10.180045490350814
0,h13_h63,1764295583,14.525368153911677
0,h13_h63,1764295584,15.92070439344499
0,h13_h63,1764295585,10.709380309219412
0,h13_h63,1764295586,10.464465301908495
0,h13_h63,1764295587,9.753975029405638
0,h13_h63,1764295588,9.031389219705211
0,h13_h63,1764295589,9.045392628681675
0,h13_h63,1764295590,9.798168901826164
0,h13_h63,1764295591,10.422009126396278
0,h13_h63,1764295592,9.626844236410284
0,h13_h63,1764295593,9.5697747505115
0,h13_h63,1764295594,10.170952454679668
0,h13_h63,1764295595,10.10820045218964
0,h13_h63,1764295596,9.910227421096677
0,h13_h63,1764295597,9.89901258872811
0,h13_h63,1764295598,12.943196982134936
0,h13_h63,1764295599,13.497715582454452
0,h13_h63,1764295600,9.679256135464865
0,h13_h63,1764295601,8.881514093296031
0,h13_h63,1764295602,9.547216892036053
0,h13_h63,1764295603,9.795584228016637
0,h13_h63,1764295604,8.975748217101676
0,h13_h63,1764295605,9.325976606784376
0,h13_h63,1764295606,9.974473302860014
0,h13_h63,1764295607,10.409819488570784
0,h13_h63,1764295608,10.490981887103342
0,h13_h63,1764295609,9.803702105001223
0,h13_h63,1764295610,9.22501178833901
0,h13_h63,1764295611,9.194152318618816
0,h13_h63,1764295612,9.096475490506652
0,h13_h63,1764295613,9.67098115454706
0,h13_h63,1764295614,9.982859859096164
0,h13_h63,1764295615,9.419779526353851
0,h13_h63,1764295616,9.672937103743186
0,h13_h63,1764295617,9.115011149513006
0,h13_h63,1764295618,15.427726287969447
0,h13_h63,1764295619,19.01153465737533
0,h13_h63,1764295620,10.031796450586407
0,h13_h63,1764295621,9.92600187168333
0,h13_h63,1764295622,10.150606515897362
0,h13_h63,1764295623,21.19578614041906
0,h13_h63,1764295624,51.19864052687683
0,h13_h63,1764295625,51.6305884447841
0,h13_h63,1764295626,9.251114328909855
0,h13_h63,1764295627,9.861809960941589
0,h13_h63,1764295628,9.974483183560118
0,h13_h63,1764295629,9.938391904571008
0,h13_h63,1764295630,16.84225373373934
0,h13_h63,1764295631,26.842236387501625
0,h13_h63,1764295632,18.69980940691855
0,h13_h63,1764295633,8.964716463157574
0,h13_h63,1764295634,9.381096675925097
0,h13_h63,1764295635,10.050874657149906
0,h13_h63,1764295636,9.63430116934041
0,h13_h63,1764295637,9.463816346806263
0,h13_h63,1764295638,15.416934675773623
0,h13_h63,1764295639,18.85326752181742
0,h13_h63,1764295640,13.247184591545125
0,h13_h63,1764295641,16.29715279749695
0,h13_h63,1764295642,13.153282907579811
0,h13_h63,1764295643,16.44819695594372
0,h13_h63,1764295644,12.270184440036596
0,h13_h63,1764295645,14.556096062578485
0,h13_h63,1764295646,9.917295901992128
0,h13_h63,1764295647,10.0
0,h13_h63,1764295648,9.992780254607924
0,h13_h63,1764295649,10.023189510742816
0,h13_h63,1764295650,9.679750219880225
0,h13_h63,1764295651,9.45613897029895
0,h13_h63,1764295652,10.257896372620165
0,h13_h63,1764295653,9.652426706555294
0,h13_h63,1764295654,9.508535217820045
0,h13_h63,1764295655,9.874821942474346
0,h13_h63,1764295656,8.920553908597265
0,h13_h63,1764295657,8.95049365249885
0,h13_h63,1764295658,8.956074733030817
0,h13_h63,1764295659,8.912657832647005
0,h13_h63,1764295660,8.904143787138956
0,h13_h63,1764295661,9.052849001358036
0,h13_h63,1764295662,9.505471601775314
0,h13_h63,1764295663,9.630182089212031
0,h13_h63,1764295664,9.018337335732156
0,h13_h63,1764295665,9.1188686139211
0,h13_h63,1764295666,8.88657908833277
0,h13_h63,1764295667,8.970064060109165
0,h13_h63,1764295668,9.057284337954432
0,h13_h63,1764295669,8.799919184125924
0,h13_h63,1764295670,14.278367556718075
0,h13_h63,1764295671,24.829053275608207
0,h13_h63,1764295672,18.44930359615963
0,h13_h63,1764295673,8.85820345534931
0,h13_h63,1764295674,9.060397456821155
0,h13_h63,1764295675,9.088991049711383
0,h13_h63,1764295676,14.563433418150575
0,h13_h63,1764295677,21.690704664979116
0,h13_h63,1764295678,9.050917610807018
0,h13_h63,1764295679,8.961907946183425
0,h13_h63,1764295680,9.03034763001732
0,h13_h63,1764295681,8.805607776419722
0,h13_h63,1764295682,12.082490028971732
0,h13_h63,1764295683,16.53880092801357
0,h13_h63,1764295684,9.868582151959886
0,h13_h63,1764295685,9.491187737966648
0,h13_h63,1764295686,9.043084801488217
0,h13_h63,1764295687,9.727974006543825
0,h13_h63,1764295688,9.73885636425684
0,h13_h63,1764295689,9.832970496341224
0,h13_h63,1764295690,9.51493350314599
0,h13_h63,1764295691,8.8194802099461
0,h13_h63,1764295692,8.957315567195208
0,h13_h63,1764295693,8.844588742701967
0,h13_h63,1764295694,19.627297991296757
0,h13_h63,1764295695,43.87453762668518
0,h13_h63,1764295696,27.101037130066643
0,h13_h63,1764295697,8.857189317243575
0,h13_h63,1764295698,8.7925385451548
0,h13_h63,1764295699,8.897183235201803
0,h13_h63,1764295700,9.45156150814586
0,h13_h63,1764295701,13.257630394975854
0,h13_h63,1764295702,20.981869616227
0,h13_h63,1764295703,20.823200682086068
0,h13_h63,1764295704,8.86
0,h13_h63,1764295705,8.854557998486946
0,h13_h63,1764295706,8.810269629911003
0,h13_h63,1764295707,8.78906388507183
0,h13_h63,1764295708,8.952664908568337
0,h13_h63,1764295709,8.938837324966935
0,h13_h63,1764295710,8.8826264412181
0,h13_h63,1764295711,8.892607288370408
0,h13_h63,1764295712,8.905176110573725
0,h13_h63,1764295713,8.961091715492758
0,h13_h63,1764295714,9.04684959188865
0,h13_h63,1764295715,8.947462209856381
0,h13_h63,1764295716,8.932440857531857
0,h13_h63,1764295717,8.922524993402908
0,h13_h63,1764295718,8.95502944054984
0,h13_h63,1764295719,8.944931313817758
0,h13_h63,1764295720,8.950215905470179
0,h13_h63,1764295721,8.91514657159603
0,h13_h63,1764295722,8.909629801658895
0,h13_h63,1764295723,8.949550924085177
0,h13_h63,1764295724,8.982370121216784
0,h13_h63,1764295725,8.982919646414977
0,h13_h63,1764295726,9.0163342037597
0,h13_h63,1764295727,9.176724678084144
0,h13_h63,1764295728,9.106948821804124
0,h13_h63,1764295729,9.106950348529148
0,h13_h63,1764295730,9.043765098919357
0,h13_h63,1764295731,9.092283060980698
0,h13_h63,1764295732,9.090911924154415
0,h13_h63,1764295733,12.388535007783576
0,h13_h63,1764295734,24.62846291023848
0,h13_h63,1764295735,27.0
0,h13_h63,1764295736,23.424425360468305
0,h13_h63,1764295737,9.658381916580645
0,h13_h63,1764295738,9.163833351560308
0,h13_h63,1764295739,9.828648929582975
0,h13_h63,1764295740,9.844994661905616
0,h13_h63,1764295741,9.79850205768564
0,h13_h63,1764295742,9.827892898747146
0,h13_h63,1764295743,9.836708862205343
0,h13_h63,1764295744,10.00342746764517
0,h13_h63,1764295745,10.293508711459566
0,h13_h63,1764295746,9.88611041296292
0,h13_h63,1764295747,12.98774454004436
0,h13_h63,1764295748,22.308476348695972
0,h13_h63,1764295749,8.935954788032019
0,h13_h63,1764295750,10.762701942095235
0,h13_h63,1764295751,18.355770175217565
0,h13_h63,1764295752,21.346353346986664
0,h13_h63,1764295753,27.677435355760643
0,h13_h63,1764295754,24.144408897478936
0,h13_h63,1764295755,10.286191848830784
0,h13_h63,1764295756,16.21605180660071
0,h13_h63,1764295757,39.470715029441955
0,h13_h63,1764295758,9.854426186866824
0,h13_h63,1764295759,9.879653954871149
0,h13_h63,1764295760,10.1
0,h13_h63,1764295761,10.031235405966957
0,h13_h63,1764295762,9.61010250347874
0,h13_h63,1764295763,9.256682067302108
0,h13_h63,1764295764,9.744003558930796
0,h13_h63,1764295765,9.057681112357844
0,h13_h63,1764295766,9.89
0,h13_h63,1764295767,9.90371060800629
0,h13_h63,1764295768,9.975088739885296
0,h13_h63,1764295769,10.016826598143885
0,h13_h63,1764295770,10.11671096950712
0,h13_h63,1764295771,9.993885524925792
0,h13_h63,1764295772,9.11813388433642
0,h13_h63,1764295773,9.957454057546352
0,h13_h63,1764295774,10.216152196424698
0,h13_h63,1764295775,10.25192039749806
0,h13_h63,1764295776,12.337736633250232
0,h13_h63,1764295777,22.709043338071844
0,h13_h63,1764295778,9.91906288976987
0,h13_h63,1764295779,10.3691727986732
0,h13_h63,1764295780,10.18464921472452
0,h13_h63,1764295781,10.11523725813035
0,h13_h63,1764295782,10.18488040490321
0,h13_h63,1764295783,10.11501349400645
0,h13_h63,1764295784,13.073463374256455
0,h13_h63,1764295785,29.65822686224058
0,h13_h63,1764295786,26.09757854504371
0,h13_h63,1764295787,9.032059176164063
0,h13_h63,1764295788,9.857600322766585
0,h13_h63,1764295789,9.989475025329703
0,h13_h63,1764295790,8.74715140866185
0,h13_h63,1764295791,9.04098059670551
0,h13_h63,1764295792,9.822041344991506
0,h13_h63,1764295793,9.742731488333558
0,h13_h63,1764295794,9.831553018299031
0,h13_h63,1764295795,9.163686460191418
0,h13_h63,1764295796,9.779243222404142
0,h13_h63,1764295797,11.2260177702497
0,h13_h63,1764295798,19.315711342468603
0,h13_h63,1764295799,9.825350484689835
0,h13_h63,1764295800,10.012482394659694
0,h13_h63,1764295801,10.060402677081244
0,h13_h63,1764295802,9.778771863644542
0,h13_h63,1764295803,9.834120849766174
0,h13_h63,1764295804,10.276234806869969
0,h13_h63,1764295805,11.20794742012099
0,h13_h63,1764295806,18.4281640735543
0,h13_h63,1764295807,8.94754184315426
0,h13_h63,1764295808,10.3
0,h13_h63,1764295809,10.3
0,h13_h63,1764295810,10.19169857487226
0,h13_h63,1764295811,11.345053763063849
0,h13_h63,1764295812,26.23076524965649
0,h13_h63,1764295813,8.874976636192134
0,h13_h63,1764295814,10.80078778568241
0,h13_h63,1764295815,24.799446924405633
0,h13_h63,1764295816,24.304695174240607
0,h13_h63,1764295817,9.587757849626522
0,h13_h63,1764295818,13.877897442734834
0,h13_h63,1764295819,9.020034291244814
0,h13_h63,1764295820,9.104046654658498
0,h13_h63,1764295821,9.027420017018567
0,h13_h63,1764295822,8.832640796441815
0,h13_h63,1764295823,9.009980174352505
0,h13_h63,1764295824,9.524336956832409
0,h13_h63,1764295825,8.995597798079846
0,h13_h63,1764295826,9.152717199711002
0,h13_h63,1764295827,9.288902114810236
0,h13_h63,1764295828,11.701455443830865
0,h13_h63,1764295829,24.536141380175938
0,h13_h63,1764295830,10.557836322017318
0,h13_h63,1764295831,9.083449401828894
0,h13_h63,1764295832,9.964136857616152
0,h13_h63,1764295833,9.611714197351706
0,h13_h63,1764295834,10.166931634474784
0,h13_h63,1764295835,9.843790256615115
0,h13_h63,1764295836,10.60751998385297
0,h13_h63,1764295837,10.577768306647204
0,h13_h63,1764295838,9.031912779229824
0,h13_h63,1764295839,8.926374880094311
0,h13_h63,1764295840,8.958990437661779
0,h13_h63,1764295841,9.960759679436585
0,h13_h63,1764295842,9.485750500844471
0,h13_h63,1764295843,10.393523933336429
0,h13_h63,1764295844,10.223792364275075
0,h13_h63,1764295845,9.100633221498567
0,h13_h63,1764295846,9.157229530479876
0,h13_h63,1764295847,10.480153216344238
0,h13_h63,1764295848,19.552904315882067
0,h13_h63,1764295849,8.889795404718223
0,h13_h63,1764295850,9.197102884630045
0,h13_h63,1764295851,10.0820379651487
0,h13_h63,1764295852,28.74438891442768
0,h13_h63,1764295853,11.20782011970502
0,h13_h63,1764295854,27.723269991450945
0,h13_h63,1764295855,10.604834723755742
0,h13_h63,1764295856,10.676669512240132
0,h13_h63,1764295857,10.152254637357167
0,h13_h63,1764295858,9.149547286186658
0,h13_h63,1764295859,9.15852010494879
0,h13_h63,1764295860,9.616906548943534
0,h13_h63,1764295861,11.296082676975216
0,h13_h63,1764295862,20.66611530555942
0,h13_h63,1764295863,9.049590546968094
0,h13_h63,1764295864,8.79490055740962
0,h13_h63,1764295865,8.926434221138404
0,h13_h63,1764295866,9.1
0,h13_h63,1764295867,9.155211353063311
0,h13_h63,1764295868,11.27139010540728
0,h13_h63,1764295869,26.683791554053236
0,h13_h63,1764295870,10.267576364967018
0,h13_h63,1764295871,9.112344423248802
0,h13_h63,1764295872,8.842115984820145
0,h13_h63,1764295873,8.91730248947883
0,h13_h63,1764295874,8.812722535912732
0,h13_h63,1764295875,8.932281392613804
0,h13_h63,1764295876,9.0388778796242
0,h13_h63,1764295877,8.980732741887467
0,h13_h63,1764295878,9.02172580041737
0,h13_h63,1764295879,9.37648967703761
0,h13_h63,1764295880,25.285919998799702
0,h13_h63,1764295881,8.852081118441872
0,h13_h63,1764295882,9.002032037219866
0,h13_h63,1764295883,9.91859254602814
0,h13_h63,1764295884,8.879402724856336
0,h13_h63,1764295885,8.964333868498883
0,h13_h63,1764295886,26.691423823999415
0,h13_h63,1764295887,8.910215569138694
0,h13_h63,1764295888,8.95960242269912
0,h13_h63,1764295889,8.790283347585072
0,h13_h63,1764295890,9.329016760759863
0,h13_h63,1764295891,9.08073072326659
0,h13_h63,1764295892,8.930578921994343
0,h13_h63,1764295893,24.55807950182597
0,h13_h63,1764295894,8.974399919031514
0,h13_h63,1764295895,8.859904987433906
0,h13_h63,1764295896,9.196015177304458
0,h13_h63,1764295897,9.091412592978402
0,h13_h63,1764295898,9.159017935387263
0,h13_h63,1764295899,8.943296000655504
0,h13_h63,1764295900,9.136576170895502
0,h13_h63,1764295901,9.130182880304064
0,h13_h63,1764295902,8.874988854380902
0,h13_h63,1764295903,8.987461043831162
0,h13_h63,1764295904,8.901989326800978
0,h13_h63,1764295905,29.06848034640388
0,h13_h63,1764295906,9.479324691907102
0,h13_h63,1764295907,9.08592930190773
0,h13_h63,1764295908,9.109434100839904
0,h13_h63,1764295909,9.100294083535108
0,h13_h63,1764295910,8.886671184560903
0,h13_h63,1764295911,8.938065825035443
0,h13_h63,1764295912,41.747185314110595
0,h13_h63,1764295913,10.25579936512544
0,h13_h63,1764295914,9.18175412607715
0,h13_h63,1764295915,9.084248478538065
0,h13_h63,1764295916,9.089602737739224
0,h13_h63,1764295917,9.032446693176382
0,h13_h63,1764295918,8.915004906883548
0,h13_h63,1764295919,8.938691352278592
0,h13_h63,1764295920,8.987718734994887
0,h13_h63,1764295921,9.142507004298668
0,h13_h63,1764295922,20.85654307670741
0,h13_h63,1764295923,9.804260095122656
0,h13_h63,1764295924,8.942655500699926
0,h13_h63,1764295925,23.455917890372888
0,h13_h63,1764295926,9.795046730034151
0,h13_h63,1764295927,8.958879133257682
0,h13_h63,1764295928,8.875215635126134
0,h13_h63,1764295929,9.330437652354076
0,h13_h63,1764295930,9.03150302660771
0,h13_h63,1764295931,9.01
0,h13_h63,1764295932,20.65394641804575
0,h13_h63,1764295933,10.624434320783664
0,h13_h63,1764295934,9.345649358395432
0,h13_h63,1764295935,25.50097829212544
0,h13_h63,1764295936,11.98535897311248
0,h13_h63,1764295937,10.614728175295069
0,h13_h63,1764295938,10.137401402753545
0,h13_h63,1764295939,9.498956725502405
0,h13_h63,1764295940,10.141953846073328
0,h13_h63,1764295941,9.840546977435585
0,h13_h63,1764295942,9.87439093482397
0,h13_h63,1764295943,9.88
0,h13_h63,1764295944,9.806707723912158
0,h13_h63,1764295945,9.415822804158054
0,h13_h63,1764295946,24.488113468561245
0,h13_h63,1764295947,10.847054687766809
0,h13_h63,1764295948,9.139584263305146
0,h13_h63,1764295949,10.283158015415696
0,h13_h63,1764295950,9.43733088103334
0,h13_h63,1764295951,8.949860490509167
0,h13_h63,1764295952,9.19060613103417
0,h13_h63,1764295953,26.577284459232693
0,h13_h63,1764295954,11.083930534132108
0,h13_h63,1764295955,9.101980400141938
0,h13_h63,1764295956,9.10899858395328
0,h13_h63,1764295957,9.145947738816009
0,h13_h63,1764295958,8.87168115045793
0,h13_h63,1764295959,9.645715612421691
0,h13_h63,1764295960,9.176815728977212
0,h13_h63,1764295961,8.824206672060116
0,h13_h63,1764295962,9.084064877519
0,h13_h63,1764295963,9.10220229980976
0,h13_h63,1764295964,9.1
0,h13_h63,1764295965,9.162129644292492
0,h13_h63,1764295966,9.072487904987048
0,h13_h63,1764295967,27.560158221427912
0,h13_h63,1764295968,11.34519445419138
0,h13_h63,1764295969,27.796951971217663
0,h13_h63,1764295970,28.30235504971981
0,h13_h63,1764295971,23.40591001619412
0,h13_h63,1764295972,10.763192259971229
0,h13_h63,1764295973,9.086269579015882
0,h13_h63,1764295974,8.87131041665277
0,h13_h63,1764295975,10.025707059688589
0,h13_h63,1764295976,8.95358818241002
0,h13_h63,1764295977,9.030949383125805
0,h13_h63,1764295978,9.061313737954036
0,h13_h63,1764295979,19.211691126677913
0,h13_h63,1764295980,10.432341073795175
0,h13_h63,1764295981,9.040543161159452
0,h13_h63,1764295982,30.63118391078453
0,h13_h63,1764295983,12.829948689155678
0,h13_h63,1764295984,9.198596138982165
0,h13_h63,1764295985,9.19141639600339
0,h13_h63,1764295986,9.087134177605876
0,h13_h63,1764295987,9.198392217772458
0,h13_h63,1764295988,9.202906469639831
0,h13_h63,1764295989,9.208534021801766
0,h13_h63,1764295990,9.269642800341323
0,h13_h63,1764295991,9.160889130507774
0,h13_h63,1764295992,9.1230079054386
0,h13_h63,1764295993,9.1030312476558
0,h13_h63,1764295994,24.081236946708884
0,h13_h63,1764295995,11.774803855937876
0,h13_h63,1764295996,9.183254047131172
0,h13_h63,1764295997,9.836328719248954
0,h13_h63,1764295998,9.86589589503274
0,h13_h63,1764295999,9.86678550887622
0,h13_h63,1764296000,9.87837338894535
0,h13_h63,1764296001,9.888353848361309
0,h13_h63,1764296002,9.873330998168672
0,h13_h63,1764296003,9.878315213563273
0,h13_h63,1764296004,25.695191739923743
0,h13_h63,1764296005,12.409436712323703
0,h13_h63,1764296006,9.629423270596355
0,h13_h63,1764296007,27.565240179512877
0,h13_h63,1764296008,13.81213342637578
0,h13_h63,1764296009,9.068784714621664
0,h13_h63,1764296010,9.703378266775514
0,h13_h63,1764296011,9.88817655245868
0,h13_h63,1764296012,9.930783877585691
0,h13_h63,1764296013,9.907431953316424
0,h13_h63,1764296014,25.04793445924534
0,h13_h63,1764296015,13.628687255428416
0,h13_h63,1764296016,10.0751805485865
0,h13_h63,1764296017,10.1
0,h13_h63,1764296018,10.180665597500676
0,h13_h63,1764296019,10.602514731566322
0,h13_h63,1764296020,10.619667892586216
0,h13_h63,1764296021,10.118741311801566
0,h13_h63,1764296022,9.117871345085014
0,h13_h63,1764296023,9.01204161066448
0,h13_h63,1764296024,9.032009372127032
0,h13_h63,1764296025,9.03
0,h13_h63,1764296026,9.093752360049765
0,h13_h63,1764296027,25.3171066373427
0,h13_h63,1764296028,13.514288894651294
0,h13_h63,1764296029,26.20130408663649
0,h13_h63,1764296030,14.632138704366463
0,h13_h63,1764296031,10.01793484285328
0,h13_h63,1764296032,10.151604108991416
0,h13_h63,1764296033,10.515136690483082
0,h13_h63,1764296034,21.379528430908728
0,h13_h63,1764296035,13.13872265677139
0,h13_h63,1764296036,26.990578999622876
0,h13_h63,1764296037,14.71358547757612
0,h13_h63,1764296038,9.117625287328943
0,h13_h63,1764296039,9.28806370568119
0,h13_h63,1764296040,9.94493916107528
0,h13_h63,1764296041,9.31093927573919
0,h13_h63,1764296042,20.023199082268512
0,h13_h63,1764296043,13.208367963622972
0,h13_h63,1764296044,9.840553408020693
0,h13_h63,1764296045,9.85763704192649
0,h13_h63,1764296046,29.489235330340748
0,h13_h63,1764296047,16.354073690281837
0,h13_h63,1764296048,9.826178372552755
0,h13_h63,1764296049,9.498346038335026
0,h13_h63,1764296050,9.328382762227394
0,h13_h63,1764296051,9.127317860294609
0,h13_h63,1764296052,9.668332185199263
0,h13_h63,1764296053,9.24416280757328
0,h13_h63,1764296054,8.915234058350606
0,h13_h63,1764296055,8.993678559707886
0,h13_h63,1764296056,9.03
0,h13_h63,1764296057,9.022274179336756
0,h13_h63,1764296058,8.896380285347297
0,h13_h63,1764296059,8.898594035634707
0,h13_h63,1764296060,23.20754829156339
0,h13_h63,1764296061,13.381571947368574
0,h13_h63,1764296062,9.729334093125782
0,h13_h63,1764296063,9.49551286580579
0,h13_h63,1764296064,8.87449141137609
0,h13_h63,1764296065,8.822409258661056
0,h13_h63,1764296066,9.011646865655702
0,h13_h63,1764296067,9.936371555864584
0,h13_h63,1764296068,24.598620297692
0,h13_h63,1764296069,14.166335013151796
0,h13_h63,1764296070,9.320946712033006
0,h13_h63,1764296071,9.131851353787454
0,h13_h63,1764296072,9.082336513320916
0,h13_h63,1764296073,9.783324919660089
0,h13_h63,1764296074,10.381388299542415
0,h13_h63,1764296075,22.56849254666553
0,h13_h63,1764296076,13.509020938236445
0,h13_h63,1764296077,9.043938677953264
0,h13_h63,1764296078,9.088907449753394
0,h13_h63,1764296079,24.530160659790887
0,h13_h63,1764296080,14.262744483098432
0,h13_h63,1764296081,9.2233583740652
0,h13_h63,1764296082,9.79129890861952
0,h13_h63,1764296083,9.989995236611
0,h13_h63,1764296084,24.318730342142217
0,h13_h63,1764296085,15.330718676204397
0,h13_h63,1764296086,10.176243127883607
0,h13_h63,1764296087,10.1
0,h13_h63,1764296088,9.497148979091808
0,h13_h63,1764296089,9.817260468773606
0,h13_h63,1764296090,10.148357151011218
0,h13_h63,1764296091,18.694511796955368
0,h13_h63,1764296092,12.307386671514102
0,h13_h63,1764296093,9.62821602144554
0,h13_h63,1764296094,9.968251909377722
0,h13_h63,1764296095,9.801726212783132
0,h13_h63,1764296096,9.744656451634398
0,h13_h63,1764296097,10.224846789184582
0,h13_h63,1764296098,10.25421667526236
0,h13_h63,1764296099,9.44974377493613
0,h13_h63,1764296100,9.148175450829218
0,h13_h63,1764296101,9.90959976004599
0,h13_h63,1764296102,24.689897385917448
0,h13_h63,1764296103,15.067961644580803
0,h13_h63,1764296104,9.182471313495457
0,h13_h63,1764296105,9.937845465321267
0,h13_h63,1764296106,19.434989995053947
0,h13_h63,1764296107,13.83697187898634
0,h13_h63,1764296108,9.913451569440925
0,h13_h63,1764296109,9.954519843572564
0,h13_h63,1764296110,9.32063933209966
0,h13_h63,1764296111,8.999954126669031
0,h13_h63,1764296112,9.70769069889618
0,h13_h63,1764296113,9.194431097804207
0,h13_h63,1764296114,8.976714846022347
0,h13_h63,1764296115,8.82823023404567
0,h13_h63,1764296116,8.792522867955924
0,h13_h63,1764296117,8.767553417777957
0,h13_h63,1764296118,9.701647860112224
0,h13_h63,1764296119,26.580596650469012
0,h13_h63,1764296120,17.30694455378616
0,h13_h63,1764296121,10.1890676178694
0,h13_h63,1764296122,10.02746016471476
0,h13_h63,1764296123,9.191180748593808
0,h13_h63,1764296124,21.47315867342838
0,h13_h63,1764296125,14.594892489354452
0,h13_h63,1764296126,9.925577262298727
0,h13_h63,1764296127,10.096317062243404
0,h13_h63,1764296128,9.366776017301325
0,h13_h63,1764296129,8.962177205227839
0,h13_h63,1764296130,9.023737871458335
0,h13_h63,1764296131,8.977079624348914
0,h13_h63,1764296132,9.62746589652206
0,h13_h63,1764296133,20.858102720942227
0,h13_h63,1764296134,14.613997544808932
0,h13_h63,1764296135,9.974198374134565
0,h13_h63,1764296136,9.388119905541656
0,h13_h63,1764296137,10.323683035602976
0,h13_h63,1764296138,25.582276098230505
0,h13_h63,1764296139,17.03876510406118
0,h13_h63,1764296140,8.854648602878916
0,h13_h63,1764296141,8.884388185232325
0,h13_h63,1764296142,8.94
0,h13_h63,1764296143,9.84950144424021
0,h13_h63,1764296144,9.43851875937647
0,h13_h63,1764296145,8.969964213668977
0,h13_h63,1764296146,9.30259601446992
0,h13_h63,1764296147,9.20788505651865
0,h13_h63,1764296148,9.056740092136907
0,h13_h63,1764296149,9.04337873878062
0,h13_h63,1764296150,9.073079942889423
0,h13_h63,1764296151,21.352932165146132
0,h13_h63,1764296152,15.563137613663182
0,h13_h63,1764296153,9.058706542041843
0,h13_h63,1764296154,9.037704999201406
0,h13_h63,1764296155,19.211347904184738
0,h13_h63,1764296156,14.467173157624622
0,h13_h63,1764296157,8.991510665968116
0,h13_h63,1764296158,9.098696025852911
0,h13_h63,1764296159,9.019304739097628
0,h13_h63,1764296160,8.914531603141207
0,h13_h63,1764296161,8.89
0,h13_h63,1764296162,22.611145735651927
0,h13_h63,1764296163,16.71832684357168
0,h13_h63,1764296164,18.09912332758927
0,h13_h63,1764296165,14.243160843847036
0,h13_h63,1764296166,8.961966231705944
0,h13_h63,1764296167,20.159239264182855
0,h13_h63,1764296168,15.404862021453628
0,h13_h63,1764296169,8.72453902582872
0,h13_h63,1764296170,8.71
0,h13_h63,1764296171,9.089601040391896
0,h13_h63,1764296172,9.013271601467576
0,h13_h63,1764296173,8.783304390417351
0,h13_h63,1764296174,8.75
0,h13_h63,1764296175,8.75
0,h13_h63,1764296176,8.824944729635442
0,h13_h63,1764296177,8.888678974680161
0,h13_h63,1764296178,8.875170637727154
0,h13_h63,1764296179,8.86
0,h13_h63,1764296180,8.915603462121888
0,h13_h63,1764296181,31.46709378754731
0,h13_h63,1764296182,24.193306008273197
0,h13_h63,1764296183,8.90874698774518
0,h13_h63,1764296184,9.022826575185068
0,h13_h63,1764296185,8.955239382361706
0,h13_h63,1764296186,8.892608177123822
0,h13_h63,1764296187,8.895729543616275
0,h13_h63,1764296188,8.898145023698037
0,h13_h63,1764296189,8.885883231035717
0,h13_h63,1764296190,21.07661048636747
0,h13_h63,1764296191,17.47424795804207
0,h13_h63,1764296192,8.930425951172241
0,h13_h63,1764296193,8.806125207881752
0,h13_h63,1764296194,8.748339384689649
0,h13_h63,1764296195,23.35958169113723
0,h13_h63,1764296196,19.465176522567013
0,h13_h63,1764296197,9.02408057032741
0,h13_h63,1764296198,8.925389013431278
0,h13_h63,1764296199,8.960342386088172
0,h13_h63,1764296200,8.971089368549519
0,h13_h63,1764296201,8.971134135687134
0,h13_h63,1764296202,19.423865697052392
0,h13_h63,1764296203,16.609627846598052
0,h13_h63,1764296204,8.88161900129038
0,h13_h63,1764296205,20.843557249684487
0,h13_h63,1764296206,27.48580654350924
0,h13_h63,1764296207,16.149544333154147
0,h13_h63,1764296208,9.026926571450415
0,h13_h63,1764296209,10.268217542819013
0,h13_h63,1764296210,10.167764257742425
0,h13_h63,1764296211,9.58325145427255
0,h13_h63,1764296212,9.851268810577825
0,h13_h63,1764296213,9.927250170609158
0,h13_h63,1764296214,9.422149354204675
0,h13_h63,1764296215,9.700311848605708
0,h13_h63,1764296216,10.369081247481184
0,h13_h63,1764296217,10.218845941059817
0,h13_h63,1764296218,10.224498396282836
0,h13_h63,1764296219,10.4
0,h13_h63,1764296220,23.169888959685338
0,h13_h63,1764296221,20.79550240734389
0,h13_h63,1764296222,10.166683976314117
0,h13_h63,1764296223,10.244565898649991
0,h13_h63,1764296224,10.000810743212243
0,h13_h63,1764296225,9.98344036503001
0,h13_h63,1764296226,10.1
0,h13_h63,1764296227,10.045085660912436
0,h13_h63,1764296228,10.164360562744498
0,h13_h63,1764296229,10.409272932030682
0,h13_h63,1764296230,10.39101801853497
0,h13_h63,1764296231,10.3
0,h13_h63,1764296232,17.151688893183188
0,h13_h63,1764296233,16.36136345986974
0,h13_h63,1764296234,10.5
0,h13_h63,1764296235,21.97648940375371
0,h13_h63,1764296236,20.610832960389736
0,h13_h63,1764296237,10.153570529703478
0,h13_h63,1764296238,20.787335477574786
0,h13_h63,1764296239,34.373777829960574
0,h13_h63,1764296240,23.940416307775024
0,h13_h63,1764296241,10.59390426757703
0,h13_h63,1764296242,9.599029378569066
0,h13_h63,1764296243,9.69795950901443
0,h13_h63,1764296244,10.289539117172122
0,h13_h63,1764296245,10.1
0,h13_h63,1764296246,23.62874831286657
0,h13_h63,1764296247,23.460831881205344
0,h13_h63,1764296248,10.435604373673176
0,h13_h63,1764296249,10.25591196474587
0,h13_h63,1764296250,9.849665606788053
0,h13_h63,1764296251,9.272618656601091
0,h13_h63,1764296252,9.979272581845123
0,h13_h63,1764296253,10.54572806045376
0,h13_h63,1764296254,23.15209575124568
0,h13_h63,1764296255,23.088662837486496
0,h13_h63,1764296256,10.062244891393634
0,h13_h63,1764296257,9.924910362717972
0,h13_h63,1764296258,10.061910659728468
0,h13_h63,1764296259,19.908860064771353
0,h13_h63,1764296260,20.276756283777488
0,h13_h63,1764296261,10.399632033894711
0,h13_h63,1764296262,10.450176522254514
0,h13_h63,1764296263,10.240145147688178
0,h13_h63,1764296264,20.43718221059467
0,h13_h63,1764296265,21.25058500409036
0,h13_h63,1764296266,10.449515799117766
0,h13_h63,1764296267,10.203471691189174
0,h13_h63,1764296268,10.343255679281588
0,h13_h63,1764296269,10.750983599144138
0,h13_h63,1764296270,19.005970600400904
0,h13_h63,1764296271,19.633833702121382
0,h13_h63,1764296272,10.25205111135617
0,h13_h63,1764296273,10.140447892089629
0,h13_h63,1764296274,10.3
0,h13_h63,1764296275,10.251700064244124
0,h13_h63,1764296276,10.045705032963776
0,h13_h63,1764296277,21.21010032184316
0,h13_h63,1764296278,22.895997099534895
0,h13_h63,1764296279,17.126566058563995
0,h13_h63,1764296280,18.00612914738006
0,h13_h63,1764296281,10.2
0,h13_h63,1764296282,10.247421653500368
0,h13_h63,1764296283,10.20539579695315
0,h13_h63,1764296284,10.015051826911122
0,h13_h63,1764296285,9.896462503309316
0,h13_h63,1764296286,9.977872775462036
0,h13_h63,1764296287,10.1
0,h13_h63,1764296288,10.193245974535856
0,h13_h63,1764296289,10.25349635737817
0,h13_h63,1764296290,10.2
0,h13_h63,1764296291,10.153739163071425
0,h13_h63,1764296292,9.95676389081633
0,h13_h63,1764296293,9.79
0,h13_h63,1764296294,19.59639404762903
0,h13_h63,1764296295,22.068564815558013
0,h13_h63,1764296296,10.154416983514391
0,h13_h63,1764296297,10.281800461966997
0,h13_h63,1764296298,10.364067853356662
0,h13_h63,1764296299,10.245182701550046
0,h13_h63,1764296300,10.254948898755195
0,h13_h63,1764296301,21.721716198317324
0,h13_h63,1764296302,36.03482976245913
0,h13_h63,1764296303,24.44619776418232
0,h13_h63,1764296304,10.1445898812435
0,h13_h63,1764296305,20.366853481333116
0,h13_h63,1764296306,23.49562629149135
0,h13_h63,1764296307,9.976163439458023
0,h13_h63,1764296308,20.194745979189015
0,h13_h63,1764296309,23.44431629769562
0,h13_h63,1764296310,9.760163714204168
0,h13_h63,1764296311,9.680353675483836
0,h13_h63,1764296312,8.932268468946928
0,h13_h63,1764296313,18.218315766209763
0,h13_h63,1764296314,21.685693464672266
0,h13_h63,1764296315,9.080493965313954
0,h13_h63,1764296316,9.397893934576068
0,h13_h63,1764296317,18.100574565173396
0,h13_h63,1764296318,21.185074901278913
0,h13_h63,1764296319,9.925164208542803
0,h13_h63,1764296320,9.61499466845108
0,h13_h63,1764296321,8.988479481190385
0,h13_h63,1764296322,16.539439694297993
0,h13_h63,1764296323,19.835644722853736
0,h13_h63,1764296324,9.143471529589378
0,h13_h63,1764296325,9.75629106847678
0,h13_h63,1764296326,9.635704438459497
0,h13_h63,1764296327,8.902130924071662
0,h13_h63,1764296328,9.0560053141507
0,h13_h63,1764296329,9.018317090062189
0,h13_h63,1764296330,8.957141915460136
0,h13_h63,1764296331,9.01746358291561
0,h13_h63,1764296332,8.87667837261304
0,h13_h63,1764296333,8.942184479557
0,h13_h63,1764296334,14.909804578788158
0,h13_h63,1764296335,18.001210243802735
0,h13_h63,1764296336,8.940079402599043
0,h13_h63,1764296337,9.135861849265217
0,h13_h63,1764296338,9.320088017261536
0,h13_h63,1764296339,9.166916651959127
0,h13_h63,1764296340,8.99584082135821
0,h13_h63,1764296341,9.643404738650922
0,h13_h63,1764296342,9.911656893890566
0,h13_h63,1764296343,8.955994857338487
0,h13_h63,1764296344,9.053505932454248
0,h13_h63,1764296345,8.93829479457244
0,h13_h63,1764296346,8.892821773048007
0,h13_h63,1764296347,8.869318890296567
0,h13_h63,1764296348,19.08040194648961
0,h13_h63,1764296349,26.33589133182507
0,h13_h63,1764296350,9.30374339496839
0,h13_h63,1764296351,9.153393362147863
0,h13_h63,1764296352,9.064497442449758
0,h13_h63,1764296353,8.967291699912778
0,h13_h63,1764296354,17.578007266063423
0,h13_h63,1764296355,23.9683111907393
0,h13_h63,1764296356,9.03995497492004
0,h13_h63,1764296357,17.633973957922287
0,h13_h63,1764296358,24.75591778393902
0,h13_h63,1764296359,10.119444909496789
0,h13_h63,1764296360,8.934158376212396
0,h13_h63,1764296361,8.897352030323976
0,h13_h63,1764296362,8.990561782115421
0,h13_h63,1764296363,9.013356451847285
0,h13_h63,1764296364,8.904525331640945
0,h13_h63,1764296365,9.055502491133549
0,h13_h63,1764296366,8.993857751634154
0,h13_h63,1764296367,18.04522238328606
0,h13_h63,1764296368,26.088638013072917
0,h13_h63,1764296369,9.08494489054554
0,h13_h63,1764296370,9.12289576418695
0,h13_h63,1764296371,9.078131075083096
0,h13_h63,1764296372,9.002338560439366
0,h13_h63,1764296373,8.917113202180545
0,h13_h63,1764296374,8.883293100175823
0,h13_h63,1764296375,8.989483824038002
0,h13_h63,1764296376,9.03633633042094
0,h13_h63,1764296377,9.520889726818265
0,h13_h63,1764296378,17.4667602665557
0,h13_h63,1764296379,24.650012184462547
0,h13_h63,1764296380,10.231531740133022
0,h13_h63,1764296381,9.761675613733674
0,h13_h63,1764296382,9.481712175549902
0,h13_h63,1764296383,17.05062961924171
0,h13_h63,1764296384,23.954275703223708
0,h13_h63,1764296385,9.790997775741015
0,h13_h63,1764296386,9.969899706952605
0,h13_h63,1764296387,9.950039766402748
0,h13_h63,1764296388,10.059896519166314
0,h13_h63,1764296389,10.120392411672125
0,h13_h63,1764296390,9.9500885256028
0,h13_h63,1764296391,10.051467891741355
0,h13_h63,1764296392,10.365258088195205
0,h13_h63,1764296393,10.064080310815989
0,h13_h63,1764296394,15.446855765144331
0,h13_h63,1764296395,23.204250060964736
0,h13_h63,1764296396,10.467889724575691
0,h13_h63,1764296397,10.304023370592455
0,h13_h63,1764296398,18.43125152642569
0,h13_h63,1764296399,29.461341888385537
0,h13_h63,1764296400,11.431702429451658
0,h13_h63,1764296401,21.43971839007866
0,h13_h63,1764296402,36.518610522985114
0,h13_h63,1764296403,15.17947356144264
0,h13_h63,1764296404,21.178621483239937
0,h13_h63,1764296405,10.230995039766873
0,h13_h63,1764296406,10.3
0,h13_h63,1764296407,10.204719784864132
0,h13_h63,1764296408,10.176786523600532
0,h13_h63,1764296409,10.63046895248168
0,h13_h63,1764296410,18.635622453880114
0,h13_h63,1764296411,29.870563773441205
0,h13_h63,1764296412,10.02575271704556
0,h13_h63,1764296413,9.5600944212609
0,h13_h63,1764296414,9.711785433061037
0,h13_h63,1764296415,9.994551368438367
0,h13_h63,1764296416,16.17389097729071
0,h13_h63,1764296417,27.22146815274202
0,h13_h63,1764296418,17.314404312751073
0,h13_h63,1764296419,28.87633110592073
0,h13_h63,1764296420,10.55926441934986
0,h13_h63,1764296421,11.171390197832215
0,h13_h63,1764296422,11.128487091442924
0,h13_h63,1764296423,11.029760147372894
0,h13_h63,1764296424,10.180891034494596
0,h13_h63,1764296425,9.094530301072798
0,h13_h63,1764296426,9.044126694935942
0,h13_h63,1764296427,9.299348677293754
0,h13_h63,1764296428,9.982862208422846
0,h13_h63,1764296429,17.48376381453014
0,h13_h63,1764296430,29.809239515589088
0,h13_h63,1764296431,9.17222999279071
0,h13_h63,1764296432,9.28826741789238
0,h13_h63,1764296433,9.795745959113804
0,h13_h63,1764296434,9.17091112105002
0,h13_h63,1764296435,9.04177098166207
0,h13_h63,1764296436,9.167515034494718
0,h13_h63,1764296437,9.085094326296456
0,h13_h63,1764296438,9.427992857231304
0,h13_h63,1764296439,9.190075220300267
0,h13_h63,1764296440,9.294684017657971
0,h13_h63,1764296441,9.274711084189668
0,h13_h63,1764296442,9.241580472948678
0,h13_h63,1764296443,9.169048197387555
0,h13_h63,1764296444,9.149102856538764
0,h13_h63,1764296445,14.604415108569142
0,h13_h63,1764296446,25.27816573474165
0,h13_h63,1764296447,9.716505788566735
0,h13_h63,1764296448,14.620491947888826
0,h13_h63,1764296449,23.41554105115517
0,h13_h63,1764296450,9.116975992884734
0,h13_h63,1764296451,9.047862177861962
0,h13_h63,1764296452,9.623520366039974
0,h13_h63,1764296453,15.766214549364197
0,h13_h63,1764296454,27.753564805388145
0,h13_h63,1764296455,9.94021445595524
0,h13_h63,1764296456,9.883200446359726
0,h13_h63,1764296457,10.041562054672912
0,h13_h63,1764296458,10.608681938741029
0,h13_h63,1764296459,13.656461497043791
0,h13_h63,1764296460,22.526855312977357
0,h13_h63,1764296461,25.278516670098465
0,h13_h63,1764296462,61.40090004441501
0,h13_h63,1764296463,16.523736914766214
0,h13_h63,1764296464,30.18242766158528
0,h13_h63,1764296465,9.0731123108824
0,h13_h63,1764296466,9.007366250381866
0,h13_h63,1764296467,9.58745729703142
0,h13_h63,1764296468,10.4659453257993
0,h13_h63,1764296469,8.95741353120542
0,h13_h63,1764296470,9.198638042124667
0,h13_h63,1764296471,10.322142358048454
0,h13_h63,1764296472,10.443983461946768
0,h13_h63,1764296473,10.490815840546752
0,h13_h63,1764296474,10.143425057813396
0,h13_h63,1764296475,10.25684383590873
0,h13_h63,1764296476,10.14291643887544
0,h13_h63,1764296477,10.0373531665226
0,h13_h63,1764296478,14.357209434710295
0,h13_h63,1764296479,29.80575431701894
0,h13_h63,1764296480,9.953709137576707
0,h13_h63,1764296481,10.048783892627023
0,h13_h63,1764296482,10.479384561734982
0,h13_h63,1764296483,10.291227299665378
0,h13_h63,1764296484,9.998503135841768
0,h13_h63,1764296485,10.393090102208946
0,h13_h63,1764296486,9.955951250569871
0,h13_h63,1764296487,9.886030887845283
0,h13_h63,1764296488,9.677652892715509
0,h13_h63,1764296489,9.117044020006128
0,h13_h63,1764296490,9.435932675002142
0,h13_h63,1764296491,9.826806717530369
0,h13_h63,1764296492,9.9473501770237
0,h13_h63,1764296493,9.865529811243006
0,h13_h63,1764296494,10.1
0,h13_h63,1764296495,19.717736143122604
0,h13_h63,1764296496,56.328297812197114
0,h13_h63,1764296497,10.237072355766484
0,h13_h63,1764296498,10.4
0,h13_h63,1764296499,14.327059650254268
0,h13_h63,1764296500,28.78666973117464
0,h13_h63,1764296501,13.39882846836378
0,h13_h63,1764296502,25.305801464954666
0,h13_h63,1764296503,9.97157473723729
0,h13_h63,1764296504,13.922409739331943
0,h13_h63,1764296505,29.825621460543772
0,h13_h63,1764296506,9.82717529264928
0,h13_h63,1764296507,15.025341036098384
0,h13_h63,1764296508,35.4436587563833
0,h13_h63,1764296509,10.209089720954488
0,h13_h63,1764296510,9.751629109080747
0,h13_h63,1764296511,14.174594030485409
0,h13_h63,1764296512,33.526876256643746
0,h13_h63,1764296513,9.768624999583484
0,h13_h63,1764296514,9.88505354262382
0,h13_h63,1764296515,10.632312125209411
0,h13_h63,1764296516,9.749472066910142
0,h13_h63,1764296517,9.828083022098411
0,h13_h63,1764296518,9.983082372368804
0,h13_h63,1764296519,10.015298723911725
0,h13_h63,1764296520,10.07722988800038
0,h13_h63,1764296521,9.936430172275188
0,h13_h63,1764296522,9.858503067893428
0,h13_h63,1764296523,9.851477649263684
0,h13_h63,1764296524,9.871664827790012
0,h13_h63,1764296525,9.945751821531656
0,h13_h63,1764296526,10.011209391383613
0,h13_h63,1764296527,10.057827957086642
0,h13_h63,1764296528,9.17174612080719
0,h13_h63,1764296529,9.065571599796437
0,h13_h63,1764296530,9.213243657448531
0,h13_h63,1764296531,12.174814475739009
0,h13_h63,1764296532,24.696088798641217
0,h13_h63,1764296533,9.984679779207026
0,h13_h63,1764296534,9.956595136143305
0,h13_h63,1764296535,9.981785774396927
0,h13_h63,1764296536,9.870382611857265
0,h13_h63,1764296537,12.796817891840606
0,h13_h63,1764296538,33.139183042016136
0,h13_h63,1764296539,33.471351859309976
0,h13_h63,1764296540,10.024606155074856
0,h13_h63,1764296541,10.04880053407086
0,h13_h63,1764296542,9.082807120465445
0,h13_h63,1764296543,9.997296836771712
0,h13_h63,1764296544,10.211653801097183
0,h13_h63,1764296545,10.2654250999225
0,h13_h63,1764296546,9.990863727906
0,h13_h63,1764296547,12.158259863516513
0,h13_h63,1764296548,28.23055519100822
0,h13_h63,1764296549,12.94718309042902
0,h13_h63,1764296550,35.115254384625956
0,h13_h63,1764296551,9.07960692078219
0,h13_h63,1764296552,8.852587193180101
0,h13_h63,1764296553,9.183406963605655
0,h13_h63,1764296554,13.237973795711808
0,h13_h63,1764296555,36.54297298998653
0,h13_h63,1764296556,13.045125695157136
0,h13_h63,1764296557,36.251604221531046
0,h13_h63,1764296558,9.063960725892212
0,h13_h63,1764296559,9.097060900315231
0,h13_h63,1764296560,9.066123970561865
0,h13_h63,1764296561,9.024249484762471
0,h13_h63,1764296562,9.076930086330895
0,h13_h63,1764296563,10.118329421887791
0,h13_h63,1764296564,10.182423770702773
0,h13_h63,1764296565,9.117876706691854
0,h13_h63,1764296566,10.3
0,h13_h63,1764296567,12.248288815138034
0,h13_h63,1764296568,31.728553816055076
0,h13_h63,1764296569,10.212958884043124
0,h13_h63,1764296570,11.163203226749408
0,h13_h63,1764296571,30.944215017401415
0,h13_h63,1764296572,10.124159832318815
0,h13_h63,1764296573,10.36835108764616
0,h13_h63,1764296574,9.941390574039623
0,h13_h63,1764296575,9.242184124064517
0,h13_h63,1764296576,9.139992554829536
0,h13_h63,1764296577,9.030629294759322
0,h13_h63,1764296578,9.17046093889696
0,h13_h63,1764296579,9.275044145641075
0,h13_h63,1764296580,9.071293944799583
0,h13_h63,1764296581,10.479234482484356
0,h13_h63,1764296582,11.95620537863278
0,h13_h63,1764296583,35.61056861444291
0,h13_h63,1764296584,10.419580523435354
0,h13_h63,1764296585,10.706351305554737
0,h13_h63,1764296586,12.557612804176935
0,h13_h63,1764296587,39.15697178499423
0,h13_h63,1764296588,10.764359376819558
0,h13_h63,1764296589,10.14809202993992
0,h13_h63,1764296590,9.312338441846684
0,h13_h63,1764296591,9.39847823552782
0,h13_h63,1764296592,10.205491350743992
0,h13_h63,1764296593,10.3
0,h13_h63,1764296594,10.3
0,h13_h63,1764296595,10.23427522097118
0,h13_h63,1764296596,10.04261043085932
0,h13_h63,1764296597,29.573958550630888
0,h13_h63,1764296598,24.856707498049683
0,h13_h63,1764296599,9.042697333418358
0,h13_h63,1764296600,11.771713910607549
0,h13_h63,1764296601,43.3099208962787
0,h13_h63,1764296602,8.907535836083309
0,h13_h63,1764296603,9.336025201569743
0,h13_h63,1764296604,10.4
0,h13_h63,1764296605,10.4188082795027
0,h13_h63,1764296606,10.892859750661284
0,h13_h63,1764296607,10.683001782587274
0,h13_h63,1764296608,10.982468968625906
0,h13_h63,1764296609,33.79422013567692
0,h13_h63,1764296610,10.69382256257244
0,h13_h63,1764296611,11.075461961760343
0,h13_h63,1764296612,30.338408323750432
0,h13_h63,1764296613,10.265463617808717
0,h13_h63,1764296614,9.012614171083912
0,h13_h63,1764296615,10.163466012702152
0,h13_h63,1764296616,37.484593862980994
0,h13_h63,1764296617,10.502129766940326
0,h13_h63,1764296618,11.038874211026084
0,h13_h63,1764296619,33.29541668994023
0,h13_h63,1764296620,9.949821464348313
0,h13_h63,1764296621,9.940317418093002
0,h13_h63,1764296622,9.95250813542068
0,h13_h63,1764296623,9.422001564758236
0,h13_h63,1764296624,9.564740845926371
0,h13_h63,1764296625,9.120315066137955
0,h13_h63,1764296626,9.161594903106172
0,h13_h63,1764296627,10.390674110179663
0,h13_h63,1764296628,9.031027932825197
0,h13_h63,1764296629,9.184482452017066
0,h13_h63,1764296630,9.970576357196013
0,h13_h63,1764296631,10.099580548178094
0,h13_h63,1764296632,10.01897677830748
0,h13_h63,1764296633,32.22212173746982
0,h13_h63,1764296634,10.014007282000232
0,h13_h63,1764296635,9.93010965982564
0,h13_h63,1764296636,10.099369957688056
0,h13_h63,1764296637,8.934310460834041
0,h13_h63,1764296638,8.910103149232143
0,h13_h63,1764296639,9.019204905044468
0,h13_h63,1764296640,8.99024754862907
0,h13_h63,1764296641,8.930541800087337
0,h13_h63,1764296642,9.028892279887708
0,h13_h63,1764296643,9.987273350004402
0,h13_h63,1764296644,36.38749081408638
0,h13_h63,1764296645,10.645053253305528
0,h13_h63,1764296646,9.019082086904776
0,h13_h63,1764296647,10.57033577786454
0,h13_h63,1764296648,10.00197450911044
0,h13_h63,1764296649,26.84250381468551
0,h13_h63,1764296650,10.992708444818524
0,h13_h63,1764296651,10.892552657633832
0,h13_h63,1764296652,10.315683493767372
0,h13_h63,1764296653,10.397238093855051
0,h13_h63,1764296654,9.2518053835375
0,h13_h63,1764296655,9.181124246968944
0,h13_h63,1764296656,9.936545881678857
0,h13_h63,1764296657,9.504849799578828
0,h13_h63,1764296658,37.66182510916203
0,h13_h63,1764296659,11.761727469065672
0,h13_h63,1764296660,10.6037473264495
0,h13_h63,1764296661,10.696085155647886
0,h13_h63,1764296662,10.7
0,h13_h63,1764296663,10.029370891692272
0,h13_h63,1764296664,10.478701706422513
0,h13_h63,1764296665,28.046526080248103
0,h13_h63,1764296666,9.720488850613435
0,h13_h63,1764296667,32.80597271881968
0,h13_h63,1764296668,10.206663878499764
0,h13_h63,1764296669,8.93148029025551
0,h13_h63,1764296670,8.882517021272543
0,h13_h63,1764296671,9.81740211808258
0,h13_h63,1764296672,9.888898110459756
0,h13_h63,1764296673,36.56582733902786
0,h13_h63,1764296674,11.26248523259974
0,h13_h63,1764296675,9.312382854401228
0,h13_h63,1764296676,10.3324941131311
0,h13_h63,1764296677,36.98905799770149
0,h13_h63,1764296678,10.922480781310394
0,h13_h63,1764296679,31.17618326228271
0,h13_h63,1764296680,10.700409610347968
0,h13_h63,1764296681,8.910105499121775
0,h13_h63,1764296682,8.9
0,h13_h63,1764296683,8.93716680047457
0,h13_h63,1764296684,8.967819073315816
0,h13_h63,1764296685,8.923657176891915
0,h13_h63,1764296686,8.91074846385444
0,h13_h63,1764296687,8.87306846003008
0,h13_h63,1764296688,8.934495982988679
0,h13_h63,1764296689,10.096984913636378
0,h13_h63,1764296690,9.998054769275516
0,h13_h63,1764296691,9.144014973714754
0,h13_h63,1764296692,9.0883547591024
0,h13_h63,1764296693,8.879130963905473
0,h13_h63,1764296694,9.83815582314766
0,h13_h63,1764296695,9.957382909811493
0,h13_h63,1764296696,9.394382522360637
0,h13_h63,1764296697,32.996572200894335
0,h13_h63,1764296698,11.77991657841316
0,h13_h63,1764296699,9.25548155189036
0,h13_h63,1764296700,9.259073333120623
0,h13_h63,1764296701,9.658746620456547
0,h13_h63,1764296702,8.993888535442231
0,h13_h63,1764296703,8.838683840217723
0,h13_h63,1764296704,9.037331819691524
0,h13_h63,1764296705,30.10777330954133
0,h13_h63,1764296706,11.395563394975728
0,h13_h63,1764296707,9.331589739211134
0,h13_h63,1764296708,9.299401736772657
0,h13_h63,1764296709,25.627383999493215
0,h13_h63,1764296710,11.395085035382516
0,h13_h63,1764296711,10.018665061050372
0,h13_h63,1764296712,10.277729946463586
0,h13_h63,1764296713,9.589602786201098
0,h13_h63,1764296714,9.251699557327948
0,h13_h63,1764296715,26.482545300692365
0,h13_h63,1764296716,11.248102502400307
0,h13_h63,1764296717,8.843502842623282
0,h13_h63,1764296718,8.945754117364887
0,h13_h63,1764296719,9.294066539058296
0,h13_h63,1764296720,9.34
0,h13_h63,1764296721,35.1590623840262
0,h13_h63,1764296722,13.286974328993557
0,h13_h63,1764296723,9.3338087080864
0,h13_h63,1764296724,59.889995265009205
0,h13_h63,1764296725,17.658652860236934
0,h13_h63,1764296726,34.202347293087755
0,h13_h63,1764296727,13.382683207763204
0,h13_h63,1764296728,9.328011035728029
0,h13_h63,1764296729,9.35460297612557
0,h13_h63,1764296730,9.230431572585887
0,h13_h63,1764296731,9.19274533004938
0,h13_h63,1764296732,9.198615125284434
0,h13_h63,1764296733,9.208602559205865
0,h13_h63,1764296734,9.218589796310528
0,h13_h63,1764296735,9.185690209143608
0,h13_h63,1764296736,35.03251552502388
0,h13_h63,1764296737,13.855178095407537
0,h13_h63,1764296738,9.21
0,h13_h63,1764296739,9.192928286463625
0,h13_h63,1764296740,9.18147636066972
0,h13_h63,1764296741,9.18
0,h13_h63,1764296742,8.967475788649319
0,h13_h63,1764296743,9.150490825187209
0,h13_h63,1764296744,9.198466391352044
0,h13_h63,1764296745,9.174637864343074
0,h13_h63,1764296746,9.127787935422903
0,h13_h63,1764296747,9.179010803589923
0,h13_h63,1764296748,9.274165442090316
0,h13_h63,1764296749,9.306805847221389
0,h13_h63,1764296750,10.223466434342829
0,h13_h63,1764296751,9.939710932237222
0,h13_h63,1764296752,9.833296482479028
0,h13_h63,1764296753,9.838333012468514
0,h13_h63,1764296754,9.815056780998118
0,h13_h63,1764296755,10.050489331009654
0,h13_h63,1764296756,10.1
0,h13_h63,1764296757,9.429814084681594
0,h13_h63,1764296758,9.21563606123309
0,h13_h63,1764296759,28.45765316623437
0,h13_h63,1764296760,33.89917814665695
0,h13_h63,1764296761,13.463603288673482
0,h13_h63,1764296762,9.021398458016568
0,h13_h63,1764296763,9.16477526911344
0,h13_h63,1764296764,9.198188104676106
0,h13_h63,1764296765,8.921917583918772
0,h13_h63,1764296766,8.86
0,h13_h63,1764296767,8.86
0,h13_h63,1764296768,8.8437523802906
0,h13_h63,1764296769,31.804244120591097
0,h13_h63,1764296770,28.83748370105584
0,h13_h63,1764296771,35.47188723895236
0,h13_h63,1764296772,14.669521063008109
0,h13_h63,1764296773,8.9
0,h13_h63,1764296774,9.173191535214634
0,h13_h63,1764296775,25.859820640309152
0,h13_h63,1764296776,13.2319258982779
0,h13_h63,1764296777,8.897951086840132
0,h13_h63,1764296778,9.204859625841756
0,h13_h63,1764296779,31.93665404569642
0,h13_h63,1764296780,15.48515510518464
0,h13_h63,1764296781,9.01810390261818
0,h13_h63,1764296782,8.91829378022934
0,h13_h63,1764296783,8.949542256068023
0,h13_h63,1764296784,9.212591009523807
0,h13_h63,1764296785,55.441659584331646
0,h13_h63,1764296786,23.348705072808485
0,h13_h63,1764296787,9.001764067543562
0,h13_h63,1764296788,9.693342155277309
0,h13_h63,1764296789,9.884347534323767
0,h13_h63,1764296790,9.95025762351162
0,h13_h63,1764296791,10.071315561593153
0,h13_h63,1764296792,10.1
0,h13_h63,1764296793,33.39596293345168
0,h13_h63,1764296794,17.045008707506767
0,h13_h63,1764296795,9.835643995483393
0,h13_h63,1764296796,10.114639694172242
0,h13_h63,1764296797,10.122503399901072
0,h13_h63,1764296798,10.254934248237186
0,h13_h63,1764296799,9.260993047374845
0,h13_h63,1764296800,8.905756796401423
0,h13_h63,1764296801,8.812592887639106
0,h13_h63,1764296802,8.797732514705476
0,h13_h63,1764296803,8.931289869653263
0,h13_h63,1764296804,8.946860400251527
0,h13_h63,1764296805,8.816722792394522
0,h13_h63,1764296806,8.78
0,h13_h63,1764296807,9.05669990571962
0,h13_h63,1764296808,8.94038998075825
0,h13_h63,1764296809,8.895321166300889
0,h13_h63,1764296810,9.13680089747286
0,h13_h63,1764296811,9.81214001092236
0,h13_h63,1764296812,10.456366724714623
0,h13_h63,1764296813,10.52409863315259
0,h13_h63,1764296814,10.5757334140033
0,h13_h63,1764296815,10.675558313157069
0,h13_h63,1764296816,27.648588181044506
0,h13_h63,1764296817,15.994118082832326
0,h13_h63,1764296818,9.997515138697764
0,h13_h63,1764296819,10.0
0,h13_h63,1764296820,10.898864192851764
0,h13_h63,1764296821,10.376639724567507
0,h13_h63,1764296822,28.191521786768547
0,h13_h63,1764296823,16.358403523623284
0,h13_h63,1764296824,10.033540805470546
0,h13_h63,1764296825,10.1
0,h13_h63,1764296826,10.248369727148209
0,h13_h63,1764296827,10.151859944928798
0,h13_h63,1764296828,9.915071975596922
0,h13_h63,1764296829,9.96068893279833
0,h13_h63,1764296830,9.786257107627955
0,h13_h63,1764296831,43.93261131259025
0,h13_h63,1764296832,23.649092426309124
0,h13_h63,1764296833,10.1
0,h13_h63,1764296834,25.48957065798437
0,h13_h63,1764296835,16.04056246322484
0,h13_h63,1764296836,30.627450072314687
0,h13_h63,1764296837,17.58654749081154
0,h13_h63,1764296838,10.00145033385408
0,h13_h63,1764296839,31.900283354310123
0,h13_h63,1764296840,19.053299308356813
0,h13_h63,1764296841,30.65202475342723
0,h13_h63,1764296842,18.638402452597155
0,h13_h63,1764296843,10.3
0,h13_h63,1764296844,10.37180154072171
0,h13_h63,1764296845,11.473192844401678
0,h13_h63,1764296846,10.08377220113972
0,h13_h63,1764296847,10.030712539034411
0,h13_h63,1764296848,9.623094903035538
0,h13_h63,1764296849,10.025209224229098
0,h13_h63,1764296850,10.3
0,h13_h63,1764296851,9.520727160400549
0,h13_h63,1764296852,9.9773318123371
0,h13_h63,1764296853,10.65233407725665
0,h13_h63,1764296854,9.610217897242858
0,h13_h63,1764296855,9.945747508566422
0,h13_h63,1764296856,30.90750504525709
0,h13_h63,1764296857,19.393919140951805
0,h13_h63,1764296858,9.85604511375526
0,h13_h63,1764296859,9.884789022387432
0,h13_h63,1764296860,9.934716041886189
0,h13_h63,1764296861,9.3677130346124
0,h13_h63,1764296862,8.943824803170711
0,h13_h63,1764296863,9.580880288503826
0,h13_h63,1764296864,26.024387443293406
0,h13_h63,1764296865,17.07130074086147
0,h13_h63,1764296866,9.78786058193279
0,h13_h63,1764296867,10.236612966125948
0,h13_h63,1764296868,10.231806709168914
0,h13_h63,1764296869,9.375298643957889
0,h13_h63,1764296870,9.676924916585616
0,h13_h63,1764296871,9.266186828474527
0,h13_h63,1764296872,8.865746371071085
0,h13_h63,1764296873,9.75842634824452
0,h13_h63,1764296874,10.469242293043116
0,h13_h63,1764296875,9.335267428688624
0,h13_h63,1764296876,9.102594478856515
0,h13_h63,1764296877,9.162767516989874
0,h13_h63,1764296878,9.33387940248765
0,h13_h63,1764296879,9.223247671947275
0,h13_h63,1764296880,8.943519510155857
0,h13_h63,1764296881,28.42228865605101
0,h13_h63,1764296882,19.57312261104877
0,h13_h63,1764296883,9.067040711877953
0,h13_h63,1764296884,9.026781922253802
0,h13_h63,1764296885,20.674758661964844
0,h13_h63,1764296886,32.27557471651287
0,h13_h63,1764296887,18.87855364447041
0,h13_h63,1764296888,24.14313089249976
0,h13_h63,1764296889,18.0183199240223
0,h13_h63,1764296890,9.999630379118436
0,h13_h63,1764296891,29.035926033539067
0,h13_h63,1764296892,20.251846587780975
0,h13_h63,1764296893,9.717341642062353
0,h13_h63,1764296894,9.270211912785443
0,h13_h63,1764296895,9.582654473762082
0,h13_h63,1764296896,9.987109114184832
0,h13_h63,1764296897,9.9478229063627
0,h13_h63,1764296898,9.183938406507137
0,h13_h63,1764296899,8.750740022519258
0,h13_h63,1764296900,8.912814942593004
0,h13_h63,1764296901,9.833252682727611
0,h13_h63,1764296902,9.388258637700828
0,h13_h63,1764296903,27.844365183738667
0,h13_h63,1764296904,58.21555083994995
0,h13_h63,1764296905,50.57862586981198
0,h13_h63,1764296906,19.24517992458783
0,h13_h63,1764296907,8.94520425389657
0,h13_h63,1764296908,8.909698250174001
0,h13_h63,1764296909,8.861174626641812
0,h13_h63,1764296910,8.824965010232868
0,h13_h63,1764296911,8.866158567402497
0,h13_h63,1764296912,9.527589015260912
0,h13_h63,1764296913,9.253130011726933
0,h13_h63,1764296914,8.887089171915411
0,h13_h63,1764296915,9.525571654699275
0,h13_h63,1764296916,9.873205369552972
0,h13_h63,1764296917,10.12499017005975
0,h13_h63,1764296918,10.080554902159731
0,h13_h63,1764296919,9.89136046114294
0,h13_h63,1764296920,9.86
0,h13_h63,1764296921,9.94466021131452
0,h13_h63,1764296922,9.625758643090652
0,h13_h63,1764296923,9.18702568050442
0,h13_h63,1764296924,8.963641011617614
0,h13_h63,1764296925,9.092159056742366
0,h13_h63,1764296926,9.190058646857528
0,h13_h63,1764296927,9.164024114890417
0,h13_h63,1764296928,24.974297427571113
0,h13_h63,1764296929,21.18453741933765
0,h13_h63,1764296930,9.754473779721302
0,h13_h63,1764296931,9.705374445146376
0,h13_h63,1764296932,9.8769309194213
0,h13_h63,1764296933,10.34502033256777
0,h13_h63,1764296934,27.79573916856821
0,h13_h63,1764296935,23.175569088583163
0,h13_h63,1764296936,10.199516772618162
0,h13_h63,1764296937,9.719603351547851
0,h13_h63,1764296938,9.038313238691568
0,h13_h63,1764296939,9.652111434044285
0,h13_h63,1764296940,10.257631157866069
0,h13_h63,1764296941,10.18499659467054
0,h13_h63,1764296942,9.381776721352832
0,h13_h63,1764296943,8.85
0,h13_h63,1764296944,22.111528087411727
0,h13_h63,1764296945,19.934561174844003
0,h13_h63,1764296946,20.561802317394985
0,h13_h63,1764296947,33.77339470271197
0,h13_h63,1764296948,21.92303603038764
0,h13_h63,1764296949,9.254853182758383
0,h13_h63,1764296950,9.057687271534698
0,h13_h63,1764296951,9.32224190681436
0,h13_h63,1764296952,10.048661437607503
0,h13_h63,1764296953,10.099298983245596
0,h13_h63,1764296954,10.306690782710922
0,h13_h63,1764296955,10.48927361953141
0,h13_h63,1764296956,24.716769683042777
0,h13_h63,1764296957,22.598263546816113
0,h13_h63,1764296958,10.079715933506298
0,h13_h63,1764296959,10.284196645451551
0,h13_h63,1764296960,26.989780032364074
0,h13_h63,1764296961,24.759028697267674
0,h13_h63,1764296962,26.13970608459573
0,h13_h63,1764296963,23.81917629261135
0,h13_h63,1764296964,9.181331234216744
0,h13_h63,1764296965,26.92833619840057
0,h13_h63,1764296966,25.974486925823904
0,h13_h63,1764296967,10.266464463862228
0,h13_h63,1764296968,9.528580736268388
0,h13_h63,1764296969,9.123898467590347
0,h13_h63,1764296970,10.01362895485448
0,h13_h63,1764296971,10.533667136271744
0,h13_h63,1764296972,10.055476111071938
0,h13_h63,1764296973,10.030931573101164
0,h13_h63,1764296974,9.702269160153564
0,h13_h63,1764296975,9.291718595276366
0,h13_h63,1764296976,9.082611787153306
0,h13_h63,1764296977,9.621207159561106
0,h13_h63,1764296978,9.9912564858676
0,h13_h63,1764296979,9.8352460203724
0,h13_h63,1764296980,10.080060497851166
0,h13_h63,1764296981,10.0079054523696
0,h13_h63,1764296982,10.02149950699074
0,h13_h63,1764296983,10.251574867638077
0,h13_h63,1764296984,10.3
0,h13_h63,1764296985,10.1460557451823
0,h13_h63,1764296986,10.153577610611926
0,h13_h63,1764296987,10.248935410734786
0,h13_h63,1764296988,10.403678400471088
0,h13_h63,1764296989,10.701479547473973
0,h13_h63,1764296990,10.496386005400865
0,h13_h63,1764296991,9.608489004072812
0,h13_h63,1764296992,25.289284068609483
0,h13_h63,1764296993,26.646711819039524
0,h13_h63,1764296994,10.004628508232711
0,h13_h63,1764296995,24.022707419814196
0,h13_h63,1764296996,25.06331043030744
0,h13_h63,1764296997,10.066353377145353
0,h13_h63,1764296998,9.864698152662122
0,h13_h63,1764296999,9.44497354315738
0,h13_h63,1764297000,8.900948477400291
0,h13_h63,1764297001,8.82
0,h13_h63,1764297002,8.815091154679886
0,h13_h63,1764297003,9.264357707340732
0,h13_h63,1764297004,9.783757290399745
0,h13_h63,1764297005,9.88326720985806
0,h13_h63,1764297006,9.886947210862662
0,h13_h63,1764297007,10.05568290950642
0,h13_h63,1764297008,9.97423107072616
0,h13_h63,1764297009,20.32790902251665
0,h13_h63,1764297010,22.08561428189862
0,h13_h63,1764297011,14.574750579614006
0,h13_h63,1764297012,15.096419517738024
0,h13_h63,1764297013,9.493496742856625
0,h13_h63,1764297014,8.840214899447508
0,h13_h63,1764297015,9.064617093328811
0,h13_h63,1764297016,24.73331568121073
0,h13_h63,1764297017,43.02659039295193
0,h13_h63,1764297018,28.27880011679251
0,h13_h63,1764297019,10.123912645169774
0,h13_h63,1764297020,9.850690784236308
0,h13_h63,1764297021,9.825225189166703
0,h13_h63,1764297022,9.555202018253633
0,h13_h63,1764297023,24.019517465129365
0,h13_h63,1764297024,28.306199000672812
0,h13_h63,1764297025,9.652644428022986
0,h13_h63,1764297026,9.167861549104131
0,h13_h63,1764297027,22.71876843789654
0,h13_h63,1764297028,26.95707992593148
0,h13_h63,1764297029,9.547702233493863
0,h13_h63,1764297030,10.0
0,h13_h63,1764297031,9.98216738185158
0,h13_h63,1764297032,10.111200428231976
0,h13_h63,1764297033,10.166854111724437
0,h13_h63,1764297034,10.044313157139472
0,h13_h63,1764297035,10.015961813584298
0,h13_h63,1764297036,10.126037843097103
0,h13_h63,1764297037,10.312134914684536
0,h13_h63,1764297038,9.7478238972362
0,h13_h63,1764297039,9.04283357665868
0,h13_h63,1764297040,9.308008874183113
0,h13_h63,1764297041,9.373030160159962
0,h13_h63,1764297042,8.74867188924255
0,h13_h63,1764297043,8.7729586133522
0,h13_h63,1764297044,9.224207061696648
0,h13_h63,1764297045,9.43629849449396
0,h13_h63,1764297046,22.475799474536544
0,h13_h63,1764297047,28.37035618766464
0,h13_h63,1764297048,9.523730761792851
0,h13_h63,1764297049,10.45803060450213
0,h13_h63,1764297050,10.14467736782786
0,h13_h63,1764297051,21.753160804937817
0,h13_h63,1764297052,27.53496894041142
0,h13_h63,1764297053,9.756571244298636
0,h13_h63,1764297054,9.8459849657265
0,h13_h63,1764297055,9.8743228068973
0,h13_h63,1764297056,10.033211585398048
0,h13_h63,1764297057,10.318704899087546
0,h13_h63,1764297058,23.299594775405005
0,h13_h63,1764297059,30.794300402913507
0,h13_h63,1764297060,10.159741163767595
0,h13_h63,1764297061,10.1
0,h13_h63,1764297062,10.1
0,h13_h63,1764297063,19.49547391875333
0,h13_h63,1764297064,37.79450432109877
0,h13_h63,1764297065,31.272726963843855
0,h13_h63,1764297066,10.3394997947793
0,h13_h63,1764297067,10.21085482122374
0,h13_h63,1764297068,9.990755332246128
0,h13_h63,1764297069,10.178246449289096
0,h13_h63,1764297070,10.22200971522549
0,h13_h63,1764297071,10.06111383701338
0,h13_h63,1764297072,9.611762439657378
0,h13_h63,1764297073,9.426103303988024
0,h13_h63,1764297074,17.927071337332713
0,h13_h63,1764297075,23.401923097000005
0,h13_h63,1764297076,21.494931661170455
0,h13_h63,1764297077,40.52320776766126
0,h13_h63,1764297078,30.891844713415225
0,h13_h63,1764297079,10.378226473626093
0,h13_h63,1764297080,10.66080041934628
0,h13_h63,1764297081,10.1
0,h13_h63,1764297082,10.1
0,h13_h63,1764297083,10.1
0,h13_h63,1764297084,10.323899692304176
0,h13_h63,1764297085,10.514200614367123
0,h13_h63,1764297086,10.162959780230564
0,h13_h63,1764297087,22.279182283523593
0,h13_h63,1764297088,32.40675079907962
0,h13_h63,1764297089,10.1
0,h13_h63,1764297090,10.1
0,h13_h63,1764297091,10.13645708317617
0,h13_h63,1764297092,10.163664777239624
0,h13_h63,1764297093,21.73742658733954
0,h13_h63,1764297094,32.221340283604746
0,h13_h63,1764297095,10.635890731514127
0,h13_h63,1764297096,10.48556552541576
0,h13_h63,1764297097,10.064371112306151
0,h13_h63,1764297098,9.996447826764175
0,h13_h63,1764297099,20.178937241229935
0,h13_h63,1764297100,29.795667079129625
0,h13_h63,1764297101,10.2
0,h13_h63,1764297102,10.2
0,h13_h63,1764297103,10.23489365400229
0,h13_h63,1764297104,10.230473216588337
0,h13_h63,1764297105,10.134638651324329
0,h13_h63,1764297106,10.165488420827032
0,h13_h63,1764297107,10.271876580605555
0,h13_h63,1764297108,10.63420549385923
0,h13_h63,1764297109,21.2518399716248
0,h13_h63,1764297110,32.46869170325009
0,h13_h63,1764297111,10.33255290188862
0,h13_h63,1764297112,10.2335953900244
0,h13_h63,1764297113,10.266538909015058
0,h13_h63,1764297114,10.2
0,h13_h63,1764297115,10.233201044722106
0,h13_h63,1764297116,17.195371194940638
0,h13_h63,1764297117,24.835915510087524
0,h13_h63,1764297118,19.61758548081717
0,h13_h63,1764297119,31.071750567467543
0,h13_h63,1764297120,10.250262257199278
0,h13_h63,1764297121,9.625620040744003
0,h13_h63,1764297122,10.538988537440234
0,h13_h63,1764297123,10.232071379947715
0,h13_h63,1764297124,10.363860374937664
0,h13_h63,1764297125,10.30593395411498
0,h13_h63,1764297126,9.883652843200128
0,h13_h63,1764297127,9.9740618739802
0,h13_h63,1764297128,10.26267141094059
0,h13_h63,1764297129,17.799506577150634
0,h13_h63,1764297130,27.217723335716077
0,h13_h63,1764297131,9.492791196556084
0,h13_h63,1764297132,10.1
0,h13_h63,1764297133,9.866548260914016
0,h13_h63,1764297134,9.523776988919256
0,h13_h63,1764297135,26.802583290587933
0,h13_h63,1764297136,53.09548671714498
0,h13_h63,1764297137,8.922578733933276
0,h13_h63,1764297138,9.423286677604464
0,h13_h63,1764297139,19.676688244535647
0,h13_h63,1764297140,33.91807949714934
0,h13_h63,1764297141,9.561805719005736
0,h13_h63,1764297142,9.319213510807074
0,h13_h63,1764297143,10.2
0,h13_h63,1764297144,10.229206564246642
0,h13_h63,1764297145,10.006092192220892
0,h13_h63,1764297146,9.582975765970266
0,h13_h63,1764297147,9.873065609519095
0,h13_h63,1764297148,8.926574225452331
0,h13_h63,1764297149,9.378866894777834
0,h13_h63,1764297150,9.8926300845524
0,h13_h63,1764297151,9.669116001161044
0,h13_h63,1764297152,9.160175499770036
0,h13_h63,1764297153,18.67283818559836
0,h13_h63,1764297154,33.823230909899316
0,h13_h63,1764297155,9.93218913469779
0,h13_h63,1764297156,9.967952051471318
0,h13_h63,1764297157,9.93468890871028
0,h13_h63,1764297158,9.975471829340416
0,h13_h63,1764297159,9.920852378108126
0,h13_h63,1764297160,18.745039422766183
0,h13_h63,1764297161,35.54944960217918
0,h13_h63,1764297162,9.717705963666925
0,h13_h63,1764297163,17.81525145731769
0,h13_h63,1764297164,35.447520725986465
0,h13_h63,1764297165,10.052446596899795
0,h13_h63,1764297166,10.121590106831883
0,h13_h63,1764297167,9.926011069714743
0,h13_h63,1764297168,9.71803787037121
0,h13_h63,1764297169,8.917754183446297
0,h13_h63,1764297170,9.032311811357754
0,h13_h63,1764297171,9.261842055128438
0,h13_h63,1764297172,9.081613358576428
0,h13_h63,1764297173,8.935473115717992
0,h13_h63,1764297174,9.064923089161883
0,h13_h63,1764297175,8.950027388732975
0,h13_h63,1764297176,8.971936364328434
0,h13_h63,1764297177,15.294590675239888
0,h13_h63,1764297178,29.303894339453187
0,h13_h63,1764297179,9.909651006823198
0,h13_h63,1764297180,15.471271369311967
0,h13_h63,1764297181,28.16121214362393
0,h13_h63,1764297182,8.906032419027357
0,h13_h63,1764297183,17.199370270117925
0,h13_h63,1764297184,43.382793822027864
0,h13_h63,1764297185,33.6574570721689
0,h13_h63,1764297186,9.075271378142716
0,h13_h63,1764297187,8.955386654941838
0,h13_h63,1764297188,8.90787288773916
0,h13_h63,1764297189,8.813658274826192
0,h13_h63,1764297190,8.873542757857285
0,h13_h63,1764297191,8.926711958558455
0,h13_h63,1764297192,8.934478076917586
0,h13_h63,1764297193,8.88659416406743
0,h13_h63,1764297194,8.896928122741544
0,h13_h63,1764297195,8.852159679301186
0,h13_h63,1764297196,16.31309300839825
0,h13_h63,1764297197,38.28490450658237
0,h13_h63,1764297198,8.869445426469266
0,h13_h63,1764297199,8.83418416491821
0,h13_h63,1764297200,8.85414611424042
0,h13_h63,1764297201,8.857675894644554
0,h13_h63,1764297202,8.807964268757772
0,h13_h63,1764297203,15.472486185098962
0,h13_h63,1764297204,37.12672916149958
0,h13_h63,1764297205,8.865621619821184
0,h13_h63,1764297206,9.052614216988518
0,h13_h63,1764297207,15.332837833732697
0,h13_h63,1764297208,37.31491144988727
0,h13_h63,1764297209,9.083164281399872
0,h13_h63,1764297210,8.958559103969451
0,h13_h63,1764297211,8.896731428837963
0,h13_h63,1764297212,14.952163190656083
0,h13_h63,1764297213,37.20895469157694
0,h13_h63,1764297214,8.90631640115248
0,h13_h63,1764297215,8.92644222355556
0,h13_h63,1764297216,9.08098746012448
0,h13_h63,1764297217,9.065075311023788
0,h13_h63,1764297218,9.183557299114078
0,h13_h63,1764297219,15.337172677632806
0,h13_h63,1764297220,39.951140563866446
0,h13_h63,1764297221,9.037134874366984
0,h13_h63,1764297222,9.526650471112012
0,h13_h63,1764297223,8.973171667244658
0,h13_h63,1764297224,8.941695476791727
0,h13_h63,1764297225,8.943291360848875
0,h13_h63,1764297226,8.914997600376706
0,h13_h63,1764297227,8.93506243677977
0,h13_h63,1764297228,8.908373777802103
0,h13_h63,1764297229,8.90642680980636
0,h13_h63,1764297230,8.936826497724637
0,h13_h63,1764297231,8.91686594390851
0,h13_h63,1764297232,14.206351102499712
0,h13_h63,1764297233,43.345179674032735
0,h13_h63,1764297234,32.12832164382303
0,h13_h63,1764297235,9.221496673669591
0,h13_h63,1764297236,12.859118047485104
0,h13_h63,1764297237,31.12876204993288
0,h13_h63,1764297238,8.9583166420257
0,h13_h63,1764297239,8.917534523362882
0,h13_h63,1764297240,9.092872209297171
0,h13_h63,1764297241,9.130086988439732
0,h13_h63,1764297242,8.918286345409712
0,h13_h63,1764297243,9.080240419641209
0,h13_h63,1764297244,9.013082294131292
0,h13_h63,1764297245,8.982359415159443
0,h13_h63,1764297246,9.057275298299146
0,h13_h63,1764297247,13.67105687677619
0,h13_h63,1764297248,40.8641624578813
0,h13_h63,1764297249,9.160645837857608
0,h13_h63,1764297250,9.24054468708422
0,h13_h63,1764297251,9.412997787289523
0,h13_h63,1764297252,14.299187572106256
0,h13_h63,1764297253,40.63044603650352
0,h13_h63,1764297254,10.051065945258252
0,h13_h63,1764297255,9.71
0,h13_h63,1764297256,11.093984931654491
0,h13_h63,1764297257,19.84464072239235
0,h13_h63,1764297258,9.8
0,h13_h63,1764297259,9.79763726666862
0,h13_h63,1764297260,9.7893073369421
0,h13_h63,1764297261,13.252501110217397
0,h13_h63,1764297262,37.8241469405113
0,h13_h63,1764297263,10.0
0,h13_h63,1764297264,10.0
0,h13_h63,1764297265,10.0
0,h13_h63,1764297266,13.58420633869714
0,h13_h63,1764297267,41.72250964102974
0,h13_h63,1764297268,10.013244245907416
0,h13_h63,1764297269,9.366350741705626
0,h13_h63,1764297270,10.055560344488688
0,h13_h63,1764297271,9.703832815992378
0,h13_h63,1764297272,9.916448555201546
0,h13_h63,1764297273,9.263255549211332
0,h13_h63,1764297274,10.1
0,h13_h63,1764297275,10.109708296034766
0,h13_h63,1764297276,10.2
0,h13_h63,1764297277,13.490994135485188
0,h13_h63,1764297278,44.050226928148234
0,h13_h63,1764297279,10.2
0,h13_h63,1764297280,10.19088706103086
0,h13_h63,1764297281,10.109003806326925
0,h13_h63,1764297282,10.456903572452148
0,h13_h63,1764297283,12.763829666672404
0,h13_h63,1764297284,12.197206018788831
0,h13_h63,1764297285,43.31352387229343
0,h13_h63,1764297286,11.31355956716905
0,h13_h63,1764297287,33.74820478945445
0,h13_h63,1764297288,9.292703231402982
0,h13_h63,1764297289,10.1
0,h13_h63,1764297290,10.1
0,h13_h63,1764297291,10.092156126745802
0,h13_h63,1764297292,10.015477811961253
0,h13_h63,1764297293,12.194614681060663
0,h13_h63,1764297294,35.78115435658332
0,h13_h63,1764297295,10.377914948460974
0,h13_h63,1764297296,10.10724541434972
0,h13_h63,1764297297,10.169356568115331
0,h13_h63,1764297298,9.732293844380845
0,h13_h63,1764297299,9.334861408131616
0,h13_h63,1764297300,10.50387614185755
0,h13_h63,1764297301,9.225525342322827
0,h13_h63,1764297302,10.00649276359095
0,h13_h63,1764297303,10.106379224455624
0,h13_h63,1764297304,10.193743325899938
0,h13_h63,1764297305,10.09385611830184
0,h13_h63,1764297306,9.993958063319733
0,h13_h63,1764297307,9.911888845086816
0,h13_h63,1764297308,10.094262217188913
0,h13_h63,1764297309,10.00563302157982
0,h13_h63,1764297310,10.046908634255251
0,h13_h63,1764297311,9.17138710580319
0,h13_h63,1764297312,9.730797828755785
0,h13_h63,1764297313,10.076399878008973
0,h13_h63,1764297314,9.678430661804107
0,h13_h63,1764297315,10.40964217584281
0,h13_h63,1764297316,10.595338141607792
0,h13_h63,1764297317,10.5
0,h13_h63,1764297318,10.5
0,h13_h63,1764297319,10.5
0,h13_h63,1764297320,10.5
0,h13_h63,1764297321,10.442979216757244
0,h13_h63,1764297322,9.038441024800688
0,h13_h63,1764297323,9.05685540427228
0,h13_h63,1764297324,10.475569348890836
0,h13_h63,1764297325,9.820015718190708
0,h13_h63,1764297326,10.116194072269977
0,h13_h63,1764297327,10.555329890974765
0,h13_h63,1764297328,9.150918293650804
0,h13_h63,1764297329,9.179706361267652
0,h13_h63,1764297330,9.169155759924424
0,h13_h63,1764297331,9.165878124041738
0,h13_h63,1764297332,10.0769348187208
0,h13_h63,1764297333,9.207499539925218
0,h13_h63,1764297334,10.677534608609305
0,h13_h63,1764297335,9.65587959055157
0,h13_h63,1764297336,9.00160354442245
0,h13_h63,1764297337,9.093243779096372
0,h13_h63,1764297338,9.764106493566503
0,h13_h63,1764297339,8.916400669430605
0,h13_h63,1764297340,9.84636949071476
0,h13_h63,1764297341,8.91203635368615
0,h13_h63,1764297342,9.800457615883156
0,h13_h63,1764297343,8.890094205829863
0,h13_h63,1764297344,8.900224101886385
0,h13_h63,1764297345,8.930713098347702
0,h13_h63,1764297346,9.060101312588976
0,h13_h63,1764297347,9.090066462343009
0,h13_h63,1764297348,9.120918495798252
0,h13_h63,1764297349,9.99906998898203
0,h13_h63,1764297350,8.89112558430086
0,h13_h63,1764297351,8.89
0,h13_h63,1764297352,8.919851997600514
0,h13_h63,1764297353,8.860410756864033
0,h13_h63,1764297354,8.91947153513938
0,h13_h63,1764297355,8.850750431902226
0,h13_h63,1764297356,8.879620658810664
0,h13_h63,1764297357,8.889854163746746
0,h13_h63,1764297358,8.811312718543483
0,h13_h63,1764297359,8.829634776893112
0,h13_h63,1764297360,8.839798852619397
0,h13_h63,1764297361,9.103996111576624
0,h13_h63,1764297362,9.139297378110902
0,h13_h63,1764297363,8.837526905234592
0,h13_h63,1764297364,9.01500316090443
0,h13_h63,1764297365,8.87408179405132
0,h13_h63,1764297366,8.831160168322171
0,h13_h63,1764297367,8.839691644528404
0,h13_h63,1764297368,8.801305485414828
0,h13_h63,1764297369,8.790344177697895
0,h13_h63,1764297370,8.867097814679697
0,h13_h63,1764297371,8.841143360235545
0,h13_h63,1764297372,8.897598202731881
0,h13_h63,1764297373,8.852086571330508
0,h13_h63,1764297374,9.795898340938496
0,h13_h63,1764297375,8.914145860221277
0,h13_h63,1764297376,8.908104189391647
0,h13_h63,1764297377,8.948041130703961
0,h13_h63,1764297378,8.95
0,h13_h63,1764297379,8.921585953022865
0,h13_h63,1764297380,8.95780630282714
0,h13_h63,1764297381,9.007156335745346
0,h13_h63,1764297382,8.991141631791432
0,h13_h63,1764297383,10.034418045774649
0,h13_h63,1764297384,10.006020233208002
0,h13_h63,1764297385,9.91550345608207
0,h13_h63,1764297386,9.99431851849032
0,h13_h63,1764297387,10.09356958493431
0,h13_h63,1764297388,10.006535370190376
0,h13_h63,1764297389,9.616923418322388
0,h13_h63,1764297390,9.972280504149335
0,h13_h63,1764297391,10.0931233065477
0,h13_h63,1764297392,10.1
0,h13_h63,1764297393,9.997709282070854
0,h13_h63,1764297394,9.06897302615808
0,h13_h63,1764297395,9.027881557487152
0,h13_h63,1764297396,9.039283130732423
0,h13_h63,1764297397,9.206873725310158
0,h13_h63,1764297398,10.127243109416453
0,h13_h63,1764297399,10.2
0,h13_h63,1764297400,10.292338802736378
0,h13_h63,1764297401,10.484370449665038
0,h13_h63,1764297402,10.131747013013362
0,h13_h63,1764297403,10.1
0,h13_h63,1764297404,10.191821919152185
0,h13_h63,1764297405,10.108296868774978
0,h13_h63,1764297406,10.191573332812672
0,h13_h63,1764297407,10.291435746072304
0,h13_h63,1764297408,10.11724558894703
0,h13_h63,1764297409,10.556083146792146
0,h13_h63,1764297410,10.326760560697462
0,h14_h64,1764293640,
0,h14_h64,1764293641,26.235441065065302
0,h14_h64,1764293642,24.61099243074411
0,h14_h64,1764293643,24.792314035641777
0,h14_h64,1764293644,24.99191559539335
0,h14_h64,1764293645,25.095840998737575
0,h14_h64,1764293646,25.387081129556037
0,h14_h64,1764293647,25.304442953975705
0,h14_h64,1764293648,25.681530917344706
0,h14_h64,1764293649,25.7
0,h14_h64,1764293650,25.31973610840612
0,h14_h64,1764293651,25.584724285893156
0,h14_h64,1764293652,25.41046027166735
0,h14_h64,1764293653,25.58922490171304
0,h14_h64,1764293654,25.316557085034127
0,h14_h64,1764293655,25.77152355738841
0,h14_h64,1764293656,25.51753854416459
0,h14_h64,1764293657,25.5
0,h14_h64,1764293658,25.59384740113289
0,h14_h64,1764293659,25.69368197135004
0,h14_h64,1764293660,26.260754958629423
0,h14_h64,1764293661,25.646300421879
0,h14_h64,1764293662,25.320234029741577
0,h14_h64,1764293663,25.113714573404295
0,h14_h64,1764293664,24.54147706259365
0,h14_h64,1764293665,24.59293489787587
0,h14_h64,1764293666,25.063645642501964
0,h14_h64,1764293667,25.007381601799445
0,h14_h64,1764293668,25.0
0,h14_h64,1764293669,25.092407114241368
0,h14_h64,1764293670,25.192291387000235
0,h14_h64,1764293671,25.01562160596626
0,h14_h64,1764293672,25.092077880169516
0,h14_h64,1764293673,25.55958206407307
0,h14_h64,1764293674,25.14100275420424
0,h14_h64,1764293675,24.824855327189724
0,h14_h64,1764293676,25.074530733896506
0,h14_h64,1764293677,42.84529994534983
0,h14_h64,1764293678,72.57252367690336
0,h14_h64,1764293679,98.73639530248546
0,h14_h64,1764293680,126.42087928719504
0,h14_h64,1764293681,136.77636318187498
0,h14_h64,1764293682,138.7934753598697
0,h14_h64,1764293683,138.2076154549878
0,h14_h64,1764293684,138.0
0,h14_h64,1764293685,138.0
0,h14_h64,1764293686,138.0
0,h14_h64,1764293687,138.0
0,h14_h64,1764293688,138.78617692075153
0,h14_h64,1764293689,63.42618380957002
0,h14_h64,1764293690,75.64480667688008
0,h14_h64,1764293691,30.97762535416959
0,h14_h64,1764293692,70.23073025790526
0,h14_h64,1764293693,30.666246000348735
0,h14_h64,1764293694,24.95646481162819
0,h14_h64,1764293695,42.62361840288179
0,h14_h64,1764293696,27.743497701641935
0,h14_h64,1764293697,61.00608048391001
0,h14_h64,1764293698,103.38696476848044
0,h14_h64,1764293699,115.97131045533956
0,h14_h64,1764293700,111.41840409619148
0,h14_h64,1764293701,136.21476324960292
0,h14_h64,1764293702,79.07274489945738
0,h14_h64,1764293703,183.47169270109535
0,h14_h64,1764293704,237.66631496857653
0,h14_h64,1764293705,235.987642997807
0,h14_h64,1764293706,225.53583202828784
0,h14_h64,1764293707,216.50135896003164
0,h14_h64,1764293708,211.92418417219793
0,h14_h64,1764293709,201.87811026169376
0,h14_h64,1764293710,196.5881312648692
0,h14_h64,1764293711,206.44588122076115
0,h14_h64,1764293712,211.0
0,h14_h64,1764293713,213.7542657752773
0,h14_h64,1764293714,198.82897886208752
0,h14_h64,1764293715,154.63424398932148
0,h14_h64,1764293716,127.27585470906176
0,h14_h64,1764293717,94.95927686452625
0,h14_h64,1764293718,81.98336443804527
0,h14_h64,1764293719,82.80261955198733
0,h14_h64,1764293720,77.56213149197819
0,h14_h64,1764293721,81.1083824369521
0,h14_h64,1764293722,91.75717800492068
0,h14_h64,1764293723,106.61135464530268
0,h14_h64,1764293724,123.07624574032572
0,h14_h64,1764293725,120.04716100051355
0,h14_h64,1764293726,79.91090479364462
0,h14_h64,1764293727,31.117736529730884
0,h14_h64,1764293728,24.85937158661102
0,h14_h64,1764293729,24.9
0,h14_h64,1764293730,25.07232560232059
0,h14_h64,1764293731,25.1
0,h14_h64,1764293732,25.44354521686781
0,h14_h64,1764293733,24.98527912832678
0,h14_h64,1764293734,24.9
0,h14_h64,1764293735,24.729046320370955
0,h14_h64,1764293736,25.977701336588066
0,h14_h64,1764293737,25.77463682431024
0,h14_h64,1764293738,25.44516503908482
0,h14_h64,1764293739,25.23036805871719
0,h14_h64,1764293740,25.2
0,h14_h64,1764293741,24.861208043073532
0,h14_h64,1764293742,25.307347456856473
0,h14_h64,1764293743,25.653249296752143
0,h14_h64,1764293744,25.193892477095
0,h14_h64,1764293745,25.015737525611424
0,h14_h64,1764293746,25.08415750845959
0,h14_h64,1764293747,24.931881201089475
0,h14_h64,1764293748,24.564168600640976
0,h14_h64,1764293749,91.31607841829482
0,h14_h64,1764293750,131.4855455322628
0,h14_h64,1764293751,124.97794640059716
0,h14_h64,1764293752,41.56404966573169
0,h14_h64,1764293753,24.66738944884011
0,h14_h64,1764293754,24.532885330432897
0,h14_h64,1764293755,85.2691643246635
0,h14_h64,1764293756,137.6208754527247
0,h14_h64,1764293757,129.88370551105274
0,h14_h64,1764293758,200.26513900249307
0,h14_h64,1764293759,222.59148612418855
0,h14_h64,1764293760,115.52630054444391
0,h14_h64,1764293761,101.59240433922396
0,h14_h64,1764293762,150.335264032439
0,h14_h64,1764293763,143.8007226367733
0,h14_h64,1764293764,146.04657820813628
0,h14_h64,1764293765,140.2834159563733
0,h14_h64,1764293766,156.25784370828276
0,h14_h64,1764293767,147.33242881067116
0,h14_h64,1764293768,142.13435854803475
0,h14_h64,1764293769,135.0997298456674
0,h14_h64,1764293770,108.9250261323013
0,h14_h64,1764293771,102.50216645691997
0,h14_h64,1764293772,170.5732275895947
0,h14_h64,1764293773,232.9810169462289
0,h14_h64,1764293774,242.8589222492354
0,h14_h64,1764293775,211.36756793004147
0,h14_h64,1764293776,168.30637254475434
0,h14_h64,1764293777,51.87863586076732
0,h14_h64,1764293778,52.56922226212379
0,h14_h64,1764293779,53.890118244742105
0,h14_h64,1764293780,55.19602973369418
0,h14_h64,1764293781,31.09500832363655
0,h14_h64,1764293782,25.41793897439171
0,h14_h64,1764293783,25.31804050013183
0,h14_h64,1764293784,25.05435548362642
0,h14_h64,1764293785,25.572119239156667
0,h14_h64,1764293786,25.210046236733124
0,h14_h64,1764293787,25.670571484878177
0,h14_h64,1764293788,24.90365488002056
0,h14_h64,1764293789,24.618591373036978
0,h14_h64,1764293790,24.762491292395357
0,h14_h64,1764293791,24.71892791044833
0,h14_h64,1764293792,24.780889820918745
0,h14_h64,1764293793,24.719253628640544
0,h14_h64,1764293794,24.94183508453632
0,h14_h64,1764293795,25.96581483220639
0,h14_h64,1764293796,25.878359076509952
0,h14_h64,1764293797,111.96804897658612
0,h14_h64,1764293798,143.25942232088894
0,h14_h64,1764293799,139.24322617481556
0,h14_h64,1764293800,138.68954367571862
0,h14_h64,1764293801,141.7465568455441
0,h14_h64,1764293802,61.340150409817895
0,h14_h64,1764293803,46.989093445964954
0,h14_h64,1764293804,30.630385710074705
0,h14_h64,1764293805,25.859979132185604
0,h14_h64,1764293806,26.29895455462466
0,h14_h64,1764293807,25.602552716290205
0,h14_h64,1764293808,25.479636976284933
0,h14_h64,1764293809,32.58987999281849
0,h14_h64,1764293810,26.893823138844706
0,h14_h64,1764293811,25.13791197226192
0,h14_h64,1764293812,25.2
0,h14_h64,1764293813,25.27906413743024
0,h14_h64,1764293814,25.773352358071204
0,h14_h64,1764293815,48.69486325036983
0,h14_h64,1764293816,31.55776090902453
0,h14_h64,1764293817,84.60357477404492
0,h14_h64,1764293818,141.16267091204975
0,h14_h64,1764293819,203.51599601161217
0,h14_h64,1764293820,208.30597018452403
0,h14_h64,1764293821,113.24000214832868
0,h14_h64,1764293822,37.59849701496561
0,h14_h64,1764293823,25.086472996867546
0,h14_h64,1764293824,29.43655714259664
0,h14_h64,1764293825,39.289521373085805
0,h14_h64,1764293826,48.03285689675911
0,h14_h64,1764293827,30.96007678725414
0,h14_h64,1764293828,25.788996005093036
0,h14_h64,1764293829,25.35587076214629
0,h14_h64,1764293830,34.93601492654187
0,h14_h64,1764293831,30.032600006552435
0,h14_h64,1764293832,26.22736557948099
0,h14_h64,1764293833,25.567307313967255
0,h14_h64,1764293834,24.956648685660845
0,h14_h64,1764293835,24.877483847433822
0,h14_h64,1764293836,24.745094084515102
0,h14_h64,1764293837,24.62253783304272
0,h14_h64,1764293838,24.754885890068905
0,h14_h64,1764293839,24.8
0,h14_h64,1764293840,24.645111849333883
0,h14_h64,1764293841,24.6
0,h14_h64,1764293842,24.6
0,h14_h64,1764293843,24.832234065651463
0,h14_h64,1764293844,24.66772659716949
0,h14_h64,1764293845,25.373520737224016
0,h14_h64,1764293846,24.903462126282708
0,h14_h64,1764293847,25.164162123641297
0,h14_h64,1764293848,24.913067318309885
0,h14_h64,1764293849,24.8
0,h14_h64,1764293850,25.34134649242136
0,h14_h64,1764293851,24.95838100184884
0,h14_h64,1764293852,24.722605178263596
0,h14_h64,1764293853,25.318626187534868
0,h14_h64,1764293854,24.958439436799843
0,h14_h64,1764293855,24.64521563342318
0,h14_h64,1764293856,24.6
0,h14_h64,1764293857,24.677386220257244
0,h14_h64,1764293858,25.3185377241629
0,h14_h64,1764293859,25.65456077268063
0,h14_h64,1764293860,25.08128063113592
0,h14_h64,1764293861,24.66786344724892
0,h14_h64,1764293862,25.064001904184632
0,h14_h64,1764293863,24.813245633514043
0,h14_h64,1764293864,24.7
0,h14_h64,1764293865,50.35486244081037
0,h14_h64,1764293866,32.66131959139631
0,h14_h64,1764293867,24.52262418517265
0,h14_h64,1764293868,52.39394918034934
0,h14_h64,1764293869,33.29237525195309
0,h14_h64,1764293870,24.5773578671775
0,h14_h64,1764293871,24.6
0,h14_h64,1764293872,24.52264119273796
0,h14_h64,1764293873,24.654604861748247
0,h14_h64,1764293874,24.7
0,h14_h64,1764293875,24.7
0,h14_h64,1764293876,24.7
0,h14_h64,1764293877,24.7
0,h14_h64,1764293878,24.7
0,h14_h64,1764293879,25.1623879980357
0,h14_h64,1764293880,24.837402018883378
0,h14_h64,1764293881,24.545760008240354
0,h14_h64,1764293882,24.577115913773316
0,h14_h64,1764293883,24.831249149487405
0,h14_h64,1764293884,24.822925898966854
0,h14_h64,1764293885,24.8
0,h14_h64,1764293886,24.8
0,h14_h64,1764293887,24.8
0,h14_h64,1764293888,24.8
0,h14_h64,1764293889,24.8
0,h14_h64,1764293890,24.8
0,h14_h64,1764293891,24.64588889426698
0,h14_h64,1764293892,24.75407704421892
0,h14_h64,1764293893,24.8
0,h14_h64,1764293894,25.646336753395452
0,h14_h64,1764293895,25.28422235970989
0,h14_h64,1764293896,25.330886105273297
0,h14_h64,1764293897,25.4
0,h14_h64,1764293898,25.4
0,h14_h64,1764293899,24.938273341737617
0,h14_h64,1764293900,25.337880400536008
0,h14_h64,1764293901,25.038922158259787
0,h14_h64,1764293902,25.20729131392259
0,h14_h64,1764293903,34.032612377678184
0,h14_h64,1764293904,28.075826784850847
0,h14_h64,1764293905,25.4
0,h14_h64,1764293906,25.246405067299474
0,h14_h64,1764293907,39.51927286611829
0,h14_h64,1764293908,29.92819713815565
0,h14_h64,1764293909,25.65349072583394
0,h14_h64,1764293910,25.62325553559886
0,h14_h64,1764293911,25.523254994466356
0,h14_h64,1764293912,25.5
0,h14_h64,1764293913,25.5
0,h14_h64,1764293914,25.5
0,h14_h64,1764293915,25.5
0,h14_h64,1764293916,28.023515850883648
0,h14_h64,1764293917,26.19397056811255
0,h14_h64,1764293918,24.785767012500305
0,h14_h64,1764293919,25.36719375082769
0,h14_h64,1764293920,25.6
0,h14_h64,1764293921,55.50072316247056
0,h14_h64,1764293922,35.97206248243216
0,h14_h64,1764293923,54.00240683500898
0,h14_h64,1764293924,34.955982023602814
0,h14_h64,1764293925,25.6
0,h14_h64,1764293926,38.73574520710137
0,h14_h64,1764293927,58.44302238164791
0,h14_h64,1764293928,63.519661451094976
0,h14_h64,1764293929,36.20938950629097
0,h14_h64,1764293930,25.851030622428457
0,h14_h64,1764293931,25.323725430378023
0,h14_h64,1764293932,25.3
0,h14_h64,1764293933,25.37622048576358
0,h14_h64,1764293934,52.153669057734206
0,h14_h64,1764293935,34.50520590564767
0,h14_h64,1764293936,25.423923282981033
0,h14_h64,1764293937,36.64260284146721
0,h14_h64,1764293938,29.120294731043643
0,h14_h64,1764293939,25.57605153793308
0,h14_h64,1764293940,25.523950341592887
0,h14_h64,1764293941,25.347869238851377
0,h14_h64,1764293942,25.223930903387146
0,h14_h64,1764293943,25.27606080371055
0,h14_h64,1764293944,25.37604841080096
0,h14_h64,1764293945,25.4
0,h14_h64,1764293946,52.31762619491656
0,h14_h64,1764293947,34.45375103895069
0,h14_h64,1764293948,25.452045779426097
0,h14_h64,1764293949,25.423982120424395
0,h14_h64,1764293950,25.476002796567364
0,h14_h64,1764293951,25.119821846521702
0,h14_h64,1764293952,25.22807521127788
0,h14_h64,1764293953,29.08151593385271
0,h14_h64,1764293954,26.58171091827111
0,h14_h64,1764293955,52.799399819274726
0,h14_h64,1764293956,62.510886323246176
0,h14_h64,1764293957,49.673976878904426
0,h14_h64,1764293958,30.225858170651364
0,h14_h64,1764293959,25.4
0,h14_h64,1764293960,25.32401199012634
0,h14_h64,1764293961,25.3
0,h14_h64,1764293962,25.3
0,h14_h64,1764293963,28.92831690067852
0,h14_h64,1764293964,26.53686559828466
0,h14_h64,1764293965,25.324108089763712
0,h14_h64,1764293966,25.3
0,h14_h64,1764293967,25.3
0,h14_h64,1764293968,25.3
0,h14_h64,1764293969,25.451586977523807
0,h14_h64,1764293970,25.5
0,h14_h64,1764293971,53.77217351011607
0,h14_h64,1764293972,35.17059213071818
0,h14_h64,1764293973,51.586052008368526
0,h14_h64,1764293974,33.86261792295263
0,h14_h64,1764293975,25.129065868103787
0,h14_h64,1764293976,24.770968692110262
0,h14_h64,1764293977,24.97750418674303
0,h14_h64,1764293978,51.95357015103795
0,h14_h64,1764293979,35.20131757890548
0,h14_h64,1764293980,25.39665809848376
0,h14_h64,1764293981,25.12457290303879
0,h14_h64,1764293982,51.30496379763676
0,h14_h64,1764293983,60.740828416903106
0,h14_h64,1764293984,34.32701128374349
0,h14_h64,1764293985,25.37528349145748
0,h14_h64,1764293986,25.17421729718571
0,h14_h64,1764293987,25.25046607973908
0,h14_h64,1764293988,51.08102812332048
0,h14_h64,1764293989,63.29681565710042
0,h14_h64,1764293990,68.05697014513788
0,h14_h64,1764293991,63.178404579914066
0,h14_h64,1764293992,59.09423130788398
0,h14_h64,1764293993,33.48064793634566
0,h14_h64,1764293994,25.25034395439864
0,h14_h64,1764293995,25.4
0,h14_h64,1764293996,52.31479684768887
0,h14_h64,1764293997,34.5032633199654
0,h14_h64,1764293998,24.77511204101805
0,h14_h64,1764293999,24.649753280276613
0,h14_h64,1764294000,51.3353368689348
0,h14_h64,1764294001,34.20471346573295
0,h14_h64,1764294002,67.26050931436359
0,h14_h64,1764294003,115.23030704870943
0,h14_h64,1764294004,140.4860394099333
0,h14_h64,1764294005,129.95051521918217
0,h14_h64,1764294006,52.06946757761274
0,h14_h64,1764294007,25.0
0,h14_h64,1764294008,24.70266213602045
0,h14_h64,1764294009,25.19315856304566
0,h14_h64,1764294010,25.029946063728833
0,h14_h64,1764294011,24.826148684458843
0,h14_h64,1764294012,24.726325408506376
0,h14_h64,1764294013,24.773544069601268
0,h14_h64,1764294014,87.38799150775654
0,h14_h64,1764294015,146.71712044006975
0,h14_h64,1764294016,97.20884089630634
0,h14_h64,1764294017,35.56464413519281
0,h14_h64,1764294018,25.2
0,h14_h64,1764294019,115.11827387192952
0,h14_h64,1764294020,69.50032158430987
0,h14_h64,1764294021,49.32055217242228
0,h14_h64,1764294022,34.950887240736535
0,h14_h64,1764294023,24.855357119450368
0,h14_h64,1764294024,24.655610536859587
0,h14_h64,1764294025,49.9668925253069
0,h14_h64,1764294026,35.52319408769432
0,h14_h64,1764294027,95.00881400884757
0,h14_h64,1764294028,138.43377337850612
0,h14_h64,1764294029,141.40024868652742
0,h14_h64,1764294030,140.39990796979654
0,h14_h64,1764294031,141.19600989451158
0,h14_h64,1764294032,140.8063321597392
0,h14_h64,1764294033,141.19071272978488
0,h14_h64,1764294034,141.4061558631319
0,h14_h64,1764294035,141.59210871146163
0,h14_h64,1764294036,136.64336541873394
0,h14_h64,1764294037,83.93409787118989
0,h14_h64,1764294038,102.78215024678224
0,h14_h64,1764294039,136.50929062030656
0,h14_h64,1764294040,127.82050954976764
0,h14_h64,1764294041,132.64267812571532
0,h14_h64,1764294042,143.74213213074964
0,h14_h64,1764294043,172.0095948381846
0,h14_h64,1764294044,223.43062261001924
0,h14_h64,1764294045,254.40051845142796
0,h14_h64,1764294046,253.1972924298034
0,h14_h64,1764294047,247.64200962042148
0,h14_h64,1764294048,259.2246823657915
0,h14_h64,1764294049,196.3293458835279
0,h14_h64,1764294050,115.19096511073276
0,h14_h64,1764294051,141.00757662270996
0,h14_h64,1764294052,164.5464295005841
0,h14_h64,1764294053,165.5379833459869
0,h14_h64,1764294054,155.67180917735766
0,h14_h64,1764294055,144.78884385807217
0,h14_h64,1764294056,144.10355326476156
0,h14_h64,1764294057,137.20354676816655
0,h14_h64,1764294058,116.01007759897904
0,h14_h64,1764294059,111.95608838965806
0,h14_h64,1764294060,120.98767573866938
0,h14_h64,1764294061,134.5371917136516
0,h14_h64,1764294062,99.8248710783192
0,h14_h64,1764294063,141.57342278479416
0,h14_h64,1764294064,215.13998629675953
0,h14_h64,1764294065,234.48918536515347
0,h14_h64,1764294066,216.2737982276612
0,h14_h64,1764294067,174.85181601293013
0,h14_h64,1764294068,144.98312616893256
0,h14_h64,1764294069,119.84659006230962
0,h14_h64,1764294070,126.4054546692916
0,h14_h64,1764294071,121.816806624266
0,h14_h64,1764294072,113.6162076105158
0,h14_h64,1764294073,108.96755595131629
0,h14_h64,1764294074,89.06850638834385
0,h14_h64,1764294075,82.44353532483174
0,h14_h64,1764294076,76.90424594091724
0,h14_h64,1764294077,42.90639776941191
0,h14_h64,1764294078,25.5
0,h14_h64,1764294079,25.5
0,h14_h64,1764294080,88.92927715859939
0,h14_h64,1764294081,138.61257710772963
0,h14_h64,1764294082,129.34000133897325
0,h14_h64,1764294083,113.55508665674884
0,h14_h64,1764294084,110.09421706081925
0,h14_h64,1764294085,112.63064472484903
0,h14_h64,1764294086,118.82697446345486
0,h14_h64,1764294087,66.57393899991446
0,h14_h64,1764294088,32.294192525596834
0,h14_h64,1764294089,29.698348250021688
0,h14_h64,1764294090,25.725681631832195
0,h14_h64,1764294091,24.939069701613732
0,h14_h64,1764294092,24.972959537454003
0,h14_h64,1764294093,25.44787236599927
0,h14_h64,1764294094,25.661849168193992
0,h14_h64,1764294095,25.885063712839333
0,h14_h64,1764294096,25.568908264784845
0,h14_h64,1764294097,25.85300158107563
0,h14_h64,1764294098,46.69686550606691
0,h14_h64,1764294099,39.94622534365269
0,h14_h64,1764294100,59.54204186216765
0,h14_h64,1764294101,62.99506450679208
0,h14_h64,1764294102,64.05815754906729
0,h14_h64,1764294103,93.15652270502558
0,h14_h64,1764294104,141.74583969916432
0,h14_h64,1764294105,165.43862169689143
0,h14_h64,1764294106,150.52092502857855
0,h14_h64,1764294107,150.47766051428084
0,h14_h64,1764294108,151.0
0,h14_h64,1764294109,175.78146222222924
0,h14_h64,1764294110,225.9420660691217
0,h14_h64,1764294111,256.0
0,h14_h64,1764294112,255.26555865281807
0,h14_h64,1764294113,155.24956125745263
0,h14_h64,1764294114,94.6736142911374
0,h14_h64,1764294115,136.2009613534746
0,h14_h64,1764294116,150.6794114977991
0,h14_h64,1764294117,192.9711875826407
0,h14_h64,1764294118,207.5247130975504
0,h14_h64,1764294119,166.03496011717053
0,h14_h64,1764294120,140.06214734541652
0,h14_h64,1764294121,145.0923988544074
0,h14_h64,1764294122,144.45261823613015
0,h14_h64,1764294123,120.51037229353734
0,h14_h64,1764294124,86.4847523535005
0,h14_h64,1764294125,84.53265870297913
0,h14_h64,1764294126,104.69718008155075
0,h14_h64,1764294127,168.71971260407736
0,h14_h64,1764294128,241.9954114339025
0,h14_h64,1764294129,256.3363546533848
0,h14_h64,1764294130,254.8363908033912
0,h14_h64,1764294131,254.3439287195775
0,h14_h64,1764294132,254.0
0,h14_h64,1764294133,254.3003810799949
0,h14_h64,1764294134,254.70080769416788
0,h14_h64,1764294135,254.0
0,h14_h64,1764294136,254.0
0,h14_h64,1764294137,254.0
0,h14_h64,1764294138,166.6125142354369
0,h14_h64,1764294139,24.75216133040537
0,h14_h64,1764294140,25.423048271996453
0,h14_h64,1764294141,25.74150894841725
0,h14_h64,1764294142,63.02590804093732
0,h14_h64,1764294143,121.14697243932538
0,h14_h64,1764294144,154.5819514435009
0,h14_h64,1764294145,149.8689286000376
0,h14_h64,1764294146,119.66192790505607
0,h14_h64,1764294147,81.66529193822691
0,h14_h64,1764294148,29.936767788489636
0,h14_h64,1764294149,36.8411263508528
0,h14_h64,1764294150,36.58959228763528
0,h14_h64,1764294151,27.152207448641736
0,h14_h64,1764294152,36.9244551647437
0,h14_h64,1764294153,54.91099213304595
0,h14_h64,1764294154,73.15360276575012
0,h14_h64,1764294155,91.7980010588097
0,h14_h64,1764294156,142.81387552878843
0,h14_h64,1764294157,188.02691375360715
0,h14_h64,1764294158,148.0
0,h14_h64,1764294159,161.5739002848447
0,h14_h64,1764294160,172.8961348051754
0,h14_h64,1764294161,148.0
0,h14_h64,1764294162,147.63184652511447
0,h14_h64,1764294163,97.08385675953576
0,h14_h64,1764294164,80.54665312143099
0,h14_h64,1764294165,171.4693980979549
0,h14_h64,1764294166,213.5954691032852
0,h14_h64,1764294167,173.1203855435827
0,h14_h64,1764294168,106.94473233185136
0,h14_h64,1764294169,135.46015990334095
0,h14_h64,1764294170,119.69954561476722
0,h14_h64,1764294171,102.79747009823603
0,h14_h64,1764294172,137.37758688233123
0,h14_h64,1764294173,139.20298861652384
0,h14_h64,1764294174,129.74223135229727
0,h14_h64,1764294175,138.2302406973697
0,h14_h64,1764294176,122.0179996880394
0,h14_h64,1764294177,117.84673416424792
0,h14_h64,1764294178,200.05500413049884
0,h14_h64,1764294179,231.39207274210315
0,h14_h64,1764294180,250.5413415317962
0,h14_h64,1764294181,245.50572001674175
0,h14_h64,1764294182,245.23147036288952
0,h14_h64,1764294183,250.2015426434692
0,h14_h64,1764294184,254.23547281708323
0,h14_h64,1764294185,254.7656400262263
0,h14_h64,1764294186,253.76615897588567
0,h14_h64,1764294187,259.12034256762445
0,h14_h64,1764294188,273.4409799044927
0,h14_h64,1764294189,180.92806255555348
0,h14_h64,1764294190,24.854188046717304
0,h14_h64,1764294191,24.754366588867686
0,h14_h64,1764294192,24.654533332381217
0,h14_h64,1764294193,40.765580671871334
0,h14_h64,1764294194,45.66206157004861
0,h14_h64,1764294195,24.554934080693364
0,h14_h64,1764294196,24.634706075130357
0,h14_h64,1764294197,24.665676555625843
0,h14_h64,1764294198,24.5
0,h14_h64,1764294199,41.29397398498628
0,h14_h64,1764294200,47.23125650457375
0,h14_h64,1764294201,64.99923688939356
0,h14_h64,1764294202,129.71230618391465
0,h14_h64,1764294203,137.03192717362066
0,h14_h64,1764294204,133.9904039278008
0,h14_h64,1764294205,137.3040147772573
0,h14_h64,1764294206,140.32111734502638
0,h14_h64,1764294207,116.79911221113234
0,h14_h64,1764294208,52.02665914420528
0,h14_h64,1764294209,25.086665961141787
0,h14_h64,1764294210,25.02677046285188
0,h14_h64,1764294211,27.16376035921409
0,h14_h64,1764294212,27.906630658655452
0,h14_h64,1764294213,25.470996262199172
0,h14_h64,1764294214,25.817398663922397
0,h14_h64,1764294215,30.78442690681969
0,h14_h64,1764294216,33.15828283627757
0,h14_h64,1764294217,24.973075475953973
0,h14_h64,1764294218,40.22438677054848
0,h14_h64,1764294219,61.239881518093625
0,h14_h64,1764294220,45.30415145608565
0,h14_h64,1764294221,53.9536040787156
0,h14_h64,1764294222,115.80150905788716
0,h14_h64,1764294223,163.35706425446548
0,h14_h64,1764294224,179.00933417631836
0,h14_h64,1764294225,124.73460573698436
0,h14_h64,1764294226,136.2072002137921
0,h14_h64,1764294227,117.04438999103536
0,h14_h64,1764294228,118.16323091117616
0,h14_h64,1764294229,125.9199697573586
0,h14_h64,1764294230,130.10891170852852
0,h14_h64,1764294231,123.78424379664052
0,h14_h64,1764294232,86.42517946284175
0,h14_h64,1764294233,54.10627984398176
0,h14_h64,1764294234,33.159033810362715
0,h14_h64,1764294235,24.86003746866893
0,h14_h64,1764294236,24.760167981741365
0,h14_h64,1764294237,25.175388246101136
0,h14_h64,1764294238,65.5980023380516
0,h14_h64,1764294239,135.74130231699172
0,h14_h64,1764294240,121.11441487437573
0,h14_h64,1764294241,74.38660389607384
0,h14_h64,1764294242,25.038834804178155
0,h14_h64,1764294243,24.945004538934143
0,h14_h64,1764294244,24.738656286963412
0,h14_h64,1764294245,24.91539460768103
0,h14_h64,1764294246,25.214834984056218
0,h14_h64,1764294247,25.43813214713805
0,h14_h64,1764294248,25.575948483152875
0,h14_h64,1764294249,25.62437876798228
0,h14_h64,1764294250,25.273883189999555
0,h14_h64,1764294251,25.08781333774379
0,h14_h64,1764294252,25.43738724456105
0,h14_h64,1764294253,25.388269335500635
0,h14_h64,1764294254,25.162864478469793
0,h14_h64,1764294255,25.248098675253747
0,h14_h64,1764294256,55.4796597947772
0,h14_h64,1764294257,148.90564678349506
0,h14_h64,1764294258,246.50380089306944
0,h14_h64,1764294259,169.28527343084525
0,h14_h64,1764294260,108.56398735156996
0,h14_h64,1764294261,73.71413935225813
0,h14_h64,1764294262,35.624042429734715
0,h14_h64,1764294263,41.56033967547423
0,h14_h64,1764294264,25.83342892946831
0,h14_h64,1764294265,26.517278847537003
0,h14_h64,1764294266,26.105666712540053
0,h14_h64,1764294267,26.089342070999333
0,h14_h64,1764294268,25.73499722764926
0,h14_h64,1764294269,25.939191173986707
0,h14_h64,1764294270,25.88811026899902
0,h14_h64,1764294271,25.403798059814648
0,h14_h64,1764294272,25.462205357380977
0,h14_h64,1764294273,25.268646312667222
0,h14_h64,1764294274,43.94808646171211
0,h14_h64,1764294275,74.5767171131215
0,h14_h64,1764294276,82.35015337865818
0,h14_h64,1764294277,144.55318303719142
0,h14_h64,1764294278,116.27149895926436
0,h14_h64,1764294279,106.65580044112322
0,h14_h64,1764294280,74.4957108982205
0,h14_h64,1764294281,35.826376284703585
0,h14_h64,1764294282,67.05147241011248
0,h14_h64,1764294283,104.87501177700037
0,h14_h64,1764294284,139.55763665388568
0,h14_h64,1764294285,119.26649525669788
0,h14_h64,1764294286,84.88971845884588
0,h14_h64,1764294287,49.42750032600381
0,h14_h64,1764294288,25.42685411904568
0,h14_h64,1764294289,25.9
0,h14_h64,1764294290,25.867979924281727
0,h14_h64,1764294291,25.8
0,h14_h64,1764294292,25.609367589930475
0,h14_h64,1764294293,25.041679639087945
0,h14_h64,1764294294,24.857838283474816
0,h14_h64,1764294295,25.325659586126264
0,h14_h64,1764294296,25.44367275972083
0,h14_h64,1764294297,25.068845665126062
0,h14_h64,1764294298,25.0
0,h14_h64,1764294299,24.90712459111619
0,h14_h64,1764294300,24.730856179224975
0,h14_h64,1764294301,24.95328603528658
0,h14_h64,1764294302,25.26954632561081
0,h14_h64,1764294303,25.2
0,h14_h64,1764294304,25.351047570947763
0,h14_h64,1764294305,25.669961249628088
0,h14_h64,1764294306,25.54020175155647
0,h14_h64,1764294307,25.45961519685703
0,h14_h64,1764294308,25.451556950211742
0,h14_h64,1764294309,25.070425096986437
0,h14_h64,1764294310,25.0589253296047
0,h14_h64,1764294311,25.434521062157973
0,h14_h64,1764294312,25.795854445351463
0,h14_h64,1764294313,25.416399498209472
0,h14_h64,1764294314,25.844709144833345
0,h14_h64,1764294315,49.65628755296288
0,h14_h64,1764294316,120.9424972993582
0,h14_h64,1764294317,145.33445322722304
0,h14_h64,1764294318,134.6289136589381
0,h14_h64,1764294319,83.17758772794068
0,h14_h64,1764294320,25.47168795372251
0,h14_h64,1764294321,25.456391578750942
0,h14_h64,1764294322,25.51588893592644
0,h14_h64,1764294323,25.439448598936
0,h14_h64,1764294324,25.744572729137975
0,h14_h64,1764294325,55.86910438375797
0,h14_h64,1764294326,147.93736485807895
0,h14_h64,1764294327,141.21597252450266
0,h14_h64,1764294328,139.50491638102292
0,h14_h64,1764294329,151.86396927030174
0,h14_h64,1764294330,144.25695386207593
0,h14_h64,1764294331,133.8421876653334
0,h14_h64,1764294332,96.93264932726696
0,h14_h64,1764294333,81.89080503831705
0,h14_h64,1764294334,91.44761632263167
0,h14_h64,1764294335,102.66530767971165
0,h14_h64,1764294336,113.11532157442808
0,h14_h64,1764294337,118.19603587275226
0,h14_h64,1764294338,59.21826168654484
0,h14_h64,1764294339,25.251238712813795
0,h14_h64,1764294340,25.4
0,h14_h64,1764294341,25.501578264363744
0,h14_h64,1764294342,25.724343484575552
0,h14_h64,1764294343,25.65038450506592
0,h14_h64,1764294344,25.950422784112735
0,h14_h64,1764294345,25.42538056771025
0,h14_h64,1764294346,25.27435938462066
0,h14_h64,1764294347,25.450669378309694
0,h14_h64,1764294348,25.177045529823022
0,h14_h64,1764294349,24.9715418595303
0,h14_h64,1764294350,25.451297204337347
0,h14_h64,1764294351,28.3430951668108
0,h14_h64,1764294352,35.07569826662645
0,h14_h64,1764294353,25.303362375722383
0,h14_h64,1764294354,24.951813546054385
0,h14_h64,1764294355,24.943906958658683
0,h14_h64,1764294356,25.4
0,h14_h64,1764294357,25.4
0,h14_h64,1764294358,25.42360686526585
0,h14_h64,1764294359,25.5
0,h14_h64,1764294360,25.47661027792936
0,h14_h64,1764294361,25.376705016161573
0,h14_h64,1764294362,25.3
0,h14_h64,1764294363,25.346205720944702
0,h14_h64,1764294364,25.5
0,h14_h64,1764294365,25.317075373678215
0,h14_h64,1764294366,24.836657265957697
0,h14_h64,1764294367,25.322625774337943
0,h14_h64,1764294368,33.468296700142155
0,h14_h64,1764294369,55.2863822098439
0,h14_h64,1764294370,25.011273278282907
0,h14_h64,1764294371,25.311836408084332
0,h14_h64,1764294372,25.087718907168167
0,h14_h64,1764294373,25.2690537148977
0,h14_h64,1764294374,24.8
0,h14_h64,1764294375,24.778465860949535
0,h14_h64,1764294376,24.7
0,h14_h64,1764294377,24.7
0,h14_h64,1764294378,24.890306178536093
0,h14_h64,1764294379,25.411134816812275
0,h14_h64,1764294380,24.7
0,h14_h64,1764294381,24.7
0,h14_h64,1764294382,24.679307976938915
0,h14_h64,1764294383,24.744053400166848
0,h14_h64,1764294384,27.93969166978243
0,h14_h64,1764294385,35.78565422228722
0,h14_h64,1764294386,24.779833562566
0,h14_h64,1764294387,24.680007964082133
0,h14_h64,1764294388,24.619823089519137
0,h14_h64,1764294389,24.73929454548743
0,h14_h64,1764294390,24.861073953300167
0,h14_h64,1764294391,24.7
0,h14_h64,1764294392,32.056004904064295
0,h14_h64,1764294393,58.9212734252752
0,h14_h64,1764294394,26.99869569049088
0,h14_h64,1764294395,34.50295894199456
0,h14_h64,1764294396,72.0170576601646
0,h14_h64,1764294397,24.6
0,h14_h64,1764294398,24.6
0,h14_h64,1764294399,25.818175081883957
0,h14_h64,1764294400,30.23967714053967
0,h14_h64,1764294401,24.7
0,h14_h64,1764294402,24.682445301716207
0,h14_h64,1764294403,24.6
0,h14_h64,1764294404,24.6
0,h14_h64,1764294405,24.6
0,h14_h64,1764294406,24.6
0,h14_h64,1764294407,24.583245167083415
0,h14_h64,1764294408,24.51660012202034
0,h14_h64,1764294409,24.6
0,h14_h64,1764294410,24.6
0,h14_h64,1764294411,24.77750078037119
0,h14_h64,1764294412,25.52448492126335
0,h14_h64,1764294413,24.615915358697276
0,h14_h64,1764294414,24.68420021132444
0,h14_h64,1764294415,24.75688183609853
0,h14_h64,1764294416,25.460330860692256
0,h14_h64,1764294417,24.777497996898823
0,h14_h64,1764294418,25.169294658199423
0,h14_h64,1764294419,25.045793489961508
0,h14_h64,1764294420,25.269720343709302
0,h14_h64,1764294421,25.1
0,h14_h64,1764294422,25.055126144354684
0,h14_h64,1764294423,30.41318021573994
0,h14_h64,1764294424,59.612783218550575
0,h14_h64,1764294425,25.2
0,h14_h64,1764294426,25.21453673360515
0,h14_h64,1764294427,25.3
0,h14_h64,1764294428,25.228343214387337
0,h14_h64,1764294429,24.814275188353463
0,h14_h64,1764294430,24.98491546603765
0,h14_h64,1764294431,26.78897816663101
0,h14_h64,1764294432,33.58871995474521
0,h14_h64,1764294433,25.513649109870155
0,h14_h64,1764294434,25.68085374121341
0,h14_h64,1764294435,26.09381531992494
0,h14_h64,1764294436,25.4
0,h14_h64,1764294437,25.37384353708289
0,h14_h64,1764294438,26.330006248405144
0,h14_h64,1764294439,33.36233175806619
0,h14_h64,1764294440,28.262079439347197
0,h14_h64,1764294441,25.2
0,h14_h64,1764294442,25.2
0,h14_h64,1764294443,25.2
0,h14_h64,1764294444,25.2
0,h14_h64,1764294445,29.9864017680648
0,h14_h64,1764294446,62.80704237557268
0,h14_h64,1764294447,25.2
0,h14_h64,1764294448,25.1882093501211
0,h14_h64,1764294449,25.11167519084451
0,h14_h64,1764294450,25.2
0,h14_h64,1764294451,25.2
0,h14_h64,1764294452,25.2
0,h14_h64,1764294453,25.13289582128579
0,h14_h64,1764294454,24.66661961558937
0,h14_h64,1764294455,27.69948626921866
0,h14_h64,1764294456,46.62255971164774
0,h14_h64,1764294457,24.61064492081657
0,h14_h64,1764294458,24.783740521844347
0,h14_h64,1764294459,25.42837356979146
0,h14_h64,1764294460,24.810138668695817
0,h14_h64,1764294461,24.890050920261764
0,h14_h64,1764294462,24.8
0,h14_h64,1764294463,24.8
0,h14_h64,1764294464,24.781020934588422
0,h14_h64,1764294465,24.609323685777568
0,h14_h64,1764294466,24.70914744577383
0,h14_h64,1764294467,24.8
0,h14_h64,1764294468,24.7912207437858
0,h14_h64,1764294469,24.708604955608752
0,h14_h64,1764294470,24.8
0,h14_h64,1764294471,24.8
0,h14_h64,1764294472,24.8
0,h14_h64,1764294473,24.8
0,h14_h64,1764294474,24.8
0,h14_h64,1764294475,24.792438258162633
0,h14_h64,1764294476,24.7
0,h14_h64,1764294477,24.714427349386035
0,h14_h64,1764294478,24.88595850417797
0,h14_h64,1764294479,24.754696737599858
0,h14_h64,1764294480,25.48674981780035
0,h14_h64,1764294481,25.30648973712777
0,h14_h64,1764294482,25.4
0,h14_h64,1764294483,25.38744532495135
0,h14_h64,1764294484,25.2
0,h14_h64,1764294485,25.212153912023464
0,h14_h64,1764294486,25.388086145613403
0,h14_h64,1764294487,25.194128859784215
0,h14_h64,1764294488,27.585505936554128
0,h14_h64,1764294489,69.53830748258042
0,h14_h64,1764294490,24.6
0,h14_h64,1764294491,24.6
0,h14_h64,1764294492,24.6
0,h14_h64,1764294493,24.6
0,h14_h64,1764294494,24.630670876355612
0,h14_h64,1764294495,25.180414049191658
0,h14_h64,1764294496,24.8
0,h14_h64,1764294497,24.79061202172525
0,h14_h64,1764294498,24.60453389352462
0,h14_h64,1764294499,24.695635411033503
0,h14_h64,1764294500,24.608394267155617
0,h14_h64,1764294501,24.808033780326447
0,h14_h64,1764294502,24.992218789149625
0,h14_h64,1764294503,24.79221086234909
0,h14_h64,1764294504,24.607453264783672
0,h14_h64,1764294505,24.792908045517382
0,h14_h64,1764294506,24.6
0,h14_h64,1764294507,24.60642937788795
0,h14_h64,1764294508,24.79380355485586
0,h14_h64,1764294509,24.6
0,h14_h64,1764294510,25.693140226533615
0,h14_h64,1764294511,65.13401648964867
0,h14_h64,1764294512,24.60250376005528
0,h14_h64,1764294513,24.7
0,h14_h64,1764294514,24.69784152301812
0,h14_h64,1764294515,24.6
0,h14_h64,1764294516,24.60365114380835
0,h14_h64,1764294517,24.798361913610865
0,h14_h64,1764294518,24.7
0,h14_h64,1764294519,24.7
0,h14_h64,1764294520,24.7
0,h14_h64,1764294521,24.7
0,h14_h64,1764294522,24.704640204785154
0,h14_h64,1764294523,25.29946149820551
0,h14_h64,1764294524,25.20044729814724
0,h14_h64,1764294525,25.3
0,h14_h64,1764294526,25.299772814266255
0,h14_h64,1764294527,25.19934294582347
0,h14_h64,1764294528,24.7
0,h14_h64,1764294529,24.7
0,h14_h64,1764294530,25.498284690049584
0,h14_h64,1764294531,25.300613267647524
0,h14_h64,1764294532,25.3
0,h14_h64,1764294533,25.498876701932502
0,h14_h64,1764294534,25.003340507668568
0,h14_h64,1764294535,25.29759686849314
0,h14_h64,1764294536,25.399049230835885
0,h14_h64,1764294537,62.7080709033919
0,h14_h64,1764294538,25.915807745292064
0,h14_h64,1764294539,25.59713423278212
0,h14_h64,1764294540,25.304708686257825
0,h14_h64,1764294541,24.906656213087235
0,h14_h64,1764294542,25.292420830893256
0,h14_h64,1764294543,24.809892567281537
0,h14_h64,1764294544,25.680401506434325
0,h14_h64,1764294545,24.72257953007495
0,h14_h64,1764294546,24.602420327677184
0,h14_h64,1764294547,24.79479140563367
0,h14_h64,1764294548,24.702771285078427
0,h14_h64,1764294549,25.281987930299156
0,h14_h64,1764294550,24.815438074986673
0,h14_h64,1764294551,24.8
0,h14_h64,1764294552,24.896623100167854
0,h14_h64,1764294553,24.61061642816661
0,h14_h64,1764294554,25.46620755282553
0,h14_h64,1764294555,24.63383234703658
0,h14_h64,1764294556,24.984165305741772
0,h14_h64,1764294557,85.4965961056458
0,h14_h64,1764294558,141.71974146524778
0,h14_h64,1764294559,133.17575365848086
0,h14_h64,1764294560,149.92033381059065
0,h14_h64,1764294561,155.6466325520837
0,h14_h64,1764294562,32.85214650071022
0,h14_h64,1764294563,138.30820783140436
0,h14_h64,1764294564,171.26676510409007
0,h14_h64,1764294565,137.14282868000015
0,h14_h64,1764294566,81.73346589865918
0,h14_h64,1764294567,72.1169358096352
0,h14_h64,1764294568,77.60209599222738
0,h14_h64,1764294569,90.27321023610264
0,h14_h64,1764294570,104.10757559525403
0,h14_h64,1764294571,122.0809901508662
0,h14_h64,1764294572,143.94127980421402
0,h14_h64,1764294573,139.7327192266008
0,h14_h64,1764294574,95.68313116199867
0,h14_h64,1764294575,55.036173702712105
0,h14_h64,1764294576,61.5153520722619
0,h14_h64,1764294577,69.11741790559513
0,h14_h64,1764294578,28.01653966639894
0,h14_h64,1764294579,25.467173269356117
0,h14_h64,1764294580,39.293709235358406
0,h14_h64,1764294581,40.5
0,h14_h64,1764294582,26.558431968752497
0,h14_h64,1764294583,24.75618831985556
0,h14_h64,1764294584,107.7785798919933
0,h14_h64,1764294585,33.05346111693868
0,h14_h64,1764294586,25.007430341147185
0,h14_h64,1764294587,27.30590114681629
0,h14_h64,1764294588,25.100106873814433
0,h14_h64,1764294589,24.9
0,h14_h64,1764294590,24.716068077765623
0,h14_h64,1764294591,25.15875624630515
0,h14_h64,1764294592,24.833379189889737
0,h14_h64,1764294593,24.708468344905754
0,h14_h64,1764294594,24.7
0,h14_h64,1764294595,24.7913094489689
0,h14_h64,1764294596,94.07192759182018
0,h14_h64,1764294597,124.02320513628418
0,h14_h64,1764294598,144.54271215308398
0,h14_h64,1764294599,41.15948263643382
0,h14_h64,1764294600,87.6857888715063
0,h14_h64,1764294601,131.67679903066806
0,h14_h64,1764294602,138.42133802353305
0,h14_h64,1764294603,138.78758136431588
0,h14_h64,1764294604,139.0
0,h14_h64,1764294605,131.067120403867
0,h14_h64,1764294606,212.75694834093807
0,h14_h64,1764294607,252.3577870528806
0,h14_h64,1764294608,255.0
0,h14_h64,1764294609,255.0
0,h14_h64,1764294610,252.99126267848197
0,h14_h64,1764294611,252.66931073609248
0,h14_h64,1764294612,75.9382753886766
0,h14_h64,1764294613,69.56959872001418
0,h14_h64,1764294614,78.72684285899841
0,h14_h64,1764294615,142.04723583207334
0,h14_h64,1764294616,110.48194453579256
0,h14_h64,1764294617,128.12312709286442
0,h14_h64,1764294618,131.28956684063058
0,h14_h64,1764294619,92.852835499842
0,h14_h64,1764294620,80.63887673145732
0,h14_h64,1764294621,107.2887921429114
0,h14_h64,1764294622,138.67171317241366
0,h14_h64,1764294623,135.9471241142751
0,h14_h64,1764294624,125.95490696473344
0,h14_h64,1764294625,65.2451579502823
0,h14_h64,1764294626,28.68005854903752
0,h14_h64,1764294627,25.187945009927677
0,h14_h64,1764294628,25.463535311143545
0,h14_h64,1764294629,25.324562941600306
0,h14_h64,1764294630,25.3
0,h14_h64,1764294631,25.649655930387365
0,h14_h64,1764294632,25.263591001957337
0,h14_h64,1764294633,25.63558677704441
0,h14_h64,1764294634,78.77070432092391
0,h14_h64,1764294635,116.58474635014376
0,h14_h64,1764294636,139.0751178916226
0,h14_h64,1764294637,149.9390467228067
0,h14_h64,1764294638,146.77959096710006
0,h14_h64,1764294639,66.0400044880088
0,h14_h64,1764294640,111.4302641065186
0,h14_h64,1764294641,134.29089978279563
0,h14_h64,1764294642,122.16843919032684
0,h14_h64,1764294643,114.90162289329416
0,h14_h64,1764294644,113.22497747855664
0,h14_h64,1764294645,114.54462195098482
0,h14_h64,1764294646,117.30234192887248
0,h14_h64,1764294647,40.14467926112752
0,h14_h64,1764294648,25.628512239907035
0,h14_h64,1764294649,26.027740327636064
0,h14_h64,1764294650,25.24496404575483
0,h14_h64,1764294651,24.84347754141287
0,h14_h64,1764294652,24.8
0,h14_h64,1764294653,25.906242514667507
0,h14_h64,1764294654,98.32017109218852
0,h14_h64,1764294655,136.01631654179695
0,h14_h64,1764294656,123.96784380719951
0,h14_h64,1764294657,111.89132954982394
0,h14_h64,1764294658,109.23335556840532
0,h14_h64,1764294659,112.05569641715996
0,h14_h64,1764294660,117.5459378668939
0,h14_h64,1764294661,123.50687646154272
0,h14_h64,1764294662,41.95462960141778
0,h14_h64,1764294663,24.705484621197662
0,h14_h64,1764294664,25.447047160021043
0,h14_h64,1764294665,25.26174555650094
0,h14_h64,1764294666,80.22537005407216
0,h14_h64,1764294667,131.08480273514107
0,h14_h64,1764294668,133.72139401455115
0,h14_h64,1764294669,43.720498424039775
0,h14_h64,1764294670,25.720419142325728
0,h14_h64,1764294671,26.470673114421658
0,h14_h64,1764294672,25.594955785132928
0,h14_h64,1764294673,25.90143131534976
0,h14_h64,1764294674,25.74957705616031
0,h14_h64,1764294675,35.41646382656018
0,h14_h64,1764294676,27.45937961299849
0,h14_h64,1764294677,58.19587957659916
0,h14_h64,1764294678,32.71647972672725
0,h14_h64,1764294679,25.482775405733783
0,h14_h64,1764294680,25.5
0,h14_h64,1764294681,25.417483892793364
0,h14_h64,1764294682,25.64703569005234
0,h14_h64,1764294683,25.617762792608783
0,h14_h64,1764294684,25.682079917781607
0,h14_h64,1764294685,25.618081712313263
0,h14_h64,1764294686,25.436467006680935
0,h14_h64,1764294687,25.2366547729028
0,h14_h64,1764294688,25.52610868934418
0,h14_h64,1764294689,25.6
0,h14_h64,1764294690,25.6
0,h14_h64,1764294691,25.681112492291845
0,h14_h64,1764294692,25.619056643383608
0,h14_h64,1764294693,24.87235915685894
0,h14_h64,1764294694,25.425554600478648
0,h14_h64,1764294695,59.05773462493752
0,h14_h64,1764294696,34.41027317430154
0,h14_h64,1764294697,25.1787467729026
0,h14_h64,1764294698,86.52235874538715
0,h14_h64,1764294699,141.57922646712734
0,h14_h64,1764294700,150.2447774575482
0,h14_h64,1764294701,81.21463103051146
0,h14_h64,1764294702,32.53082848158273
0,h14_h64,1764294703,25.7
0,h14_h64,1764294704,24.90250425781958
0,h14_h64,1764294705,25.49512361551456
0,h14_h64,1764294706,25.937886996793527
0,h14_h64,1764294707,26.0
0,h14_h64,1764294708,25.683603877151427
0,h14_h64,1764294709,25.67894826532825
0,h14_h64,1764294710,24.99037648052634
0,h14_h64,1764294711,24.8
0,h14_h64,1764294712,25.192609098254614
0,h14_h64,1764294713,25.92640792857828
0,h14_h64,1764294714,25.86544245773353
0,h14_h64,1764294715,79.68776432023743
0,h14_h64,1764294716,134.22586657792823
0,h14_h64,1764294717,130.76598852319654
0,h14_h64,1764294718,117.56002587284904
0,h14_h64,1764294719,47.02227577946887
0,h14_h64,1764294720,25.0
0,h14_h64,1764294721,25.077791937439436
0,h14_h64,1764294722,24.86687683813676
0,h14_h64,1764294723,24.644876171760732
0,h14_h64,1764294724,25.219090614195856
0,h14_h64,1764294725,24.93612182016245
0,h14_h64,1764294726,24.568438099019858
0,h14_h64,1764294727,24.885001892868186
0,h14_h64,1764294728,85.89052072559602
0,h14_h64,1764294729,139.1306206650425
0,h14_h64,1764294730,130.14121632779796
0,h14_h64,1764294731,58.02947971736247
0,h14_h64,1764294732,27.74520023303736
0,h14_h64,1764294733,25.483158565256844
0,h14_h64,1764294734,25.139971860781
0,h14_h64,1764294735,24.693137202521793
0,h14_h64,1764294736,24.676721066816704
0,h14_h64,1764294737,24.7
0,h14_h64,1764294738,44.201706399689606
0,h14_h64,1764294739,31.67492956300839
0,h14_h64,1764294740,25.82923211560046
0,h14_h64,1764294741,25.823674988934716
0,h14_h64,1764294742,88.89261063783333
0,h14_h64,1764294743,133.02500299039937
0,h14_h64,1764294744,131.4990571353443
0,h14_h64,1764294745,110.43776177689864
0,h14_h64,1764294746,198.80910929423015
0,h14_h64,1764294747,107.56171564027328
0,h14_h64,1764294748,77.77429300031037
0,h14_h64,1764294749,153.68284644489472
0,h14_h64,1764294750,203.89810602258717
0,h14_h64,1764294751,231.5267665531295
0,h14_h64,1764294752,249.36132184753276
0,h14_h64,1764294753,254.0
0,h14_h64,1764294754,254.0
0,h14_h64,1764294755,254.0
0,h14_h64,1764294756,253.46796267670504
0,h14_h64,1764294757,253.0
0,h14_h64,1764294758,271.0194714721498
0,h14_h64,1764294759,267.267547019284
0,h14_h64,1764294760,101.74094786965684
0,h14_h64,1764294761,88.37946121681004
0,h14_h64,1764294762,143.436671454462
0,h14_h64,1764294763,175.62004655055887
0,h14_h64,1764294764,148.11321103811412
0,h14_h64,1764294765,107.80418171997016
0,h14_h64,1764294766,43.96061811714139
0,h14_h64,1764294767,24.775781180026335
0,h14_h64,1764294768,25.78273109987382
0,h14_h64,1764294769,45.59897783327594
0,h14_h64,1764294770,32.61984713332759
0,h14_h64,1764294771,29.876096916157604
0,h14_h64,1764294772,26.98485895294788
0,h14_h64,1764294773,52.7664312909118
0,h14_h64,1764294774,136.82407717577405
0,h14_h64,1764294775,216.78331221692807
0,h14_h64,1764294776,247.53098793749513
0,h14_h64,1764294777,236.0707294243205
0,h14_h64,1764294778,213.0040276075699
0,h14_h64,1764294779,190.06496121811156
0,h14_h64,1764294780,167.57436603784066
0,h14_h64,1764294781,144.45561202963756
0,h14_h64,1764294782,124.9244894563402
0,h14_h64,1764294783,102.9016387371992
0,h14_h64,1764294784,79.8446177890082
0,h14_h64,1764294785,37.672519899080335
0,h14_h64,1764294786,25.250175055591175
0,h14_h64,1764294787,25.600095893677853
0,h14_h64,1764294788,24.8746745627328
0,h14_h64,1764294789,25.274299787252733
0,h14_h64,1764294790,75.0555368279567
0,h14_h64,1764294791,130.85966707724666
0,h14_h64,1764294792,136.63286998804327
0,h14_h64,1764294793,123.80979400192098
0,h14_h64,1764294794,122.94861243079626
0,h14_h64,1764294795,58.20754417982408
0,h14_h64,1764294796,27.657778244130245
0,h14_h64,1764294797,25.752573524326216
0,h14_h64,1764294798,25.823517855615925
0,h14_h64,1764294799,101.49441725195828
0,h14_h64,1764294800,140.25811718085964
0,h14_h64,1764294801,146.60094599375637
0,h14_h64,1764294802,211.73503614282257
0,h14_h64,1764294803,257.9509647300745
0,h14_h64,1764294804,259.5438027365294
0,h14_h64,1764294805,255.8777000369062
0,h14_h64,1764294806,258.5795310097894
0,h14_h64,1764294807,258.44901298427106
0,h14_h64,1764294808,250.03912802197763
0,h14_h64,1764294809,235.23354031731307
0,h14_h64,1764294810,90.00313717216596
0,h14_h64,1764294811,26.057612454400893
0,h14_h64,1764294812,73.12904266564071
0,h14_h64,1764294813,122.74866594899748
0,h14_h64,1764294814,163.7381242704638
0,h14_h64,1764294815,209.22019603858976
0,h14_h64,1764294816,144.57933666689885
0,h14_h64,1764294817,89.40926882800403
0,h14_h64,1764294818,48.657445917994515
0,h14_h64,1764294819,27.438140180735537
0,h14_h64,1764294820,25.91249510473252
0,h14_h64,1764294821,25.513019771220435
0,h14_h64,1764294822,25.256776213384057
0,h14_h64,1764294823,61.8308780972898
0,h14_h64,1764294824,68.47070722765106
0,h14_h64,1764294825,36.40525403914039
0,h14_h64,1764294826,57.29965796782743
0,h14_h64,1764294827,102.63371877207084
0,h14_h64,1764294828,58.187352331555736
0,h14_h64,1764294829,25.46883896414893
0,h14_h64,1764294830,25.774668835281204
0,h14_h64,1764294831,25.55742829239769
0,h14_h64,1764294832,25.810129563239972
0,h14_h64,1764294833,25.52206757334865
0,h14_h64,1764294834,25.23180192765517
0,h14_h64,1764294835,24.79115977884552
0,h14_h64,1764294836,25.14398147299847
0,h14_h64,1764294837,25.671350021759647
0,h14_h64,1764294838,77.20466534424729
0,h14_h64,1764294839,128.62566941228346
0,h14_h64,1764294840,135.51378360527505
0,h14_h64,1764294841,131.841606346885
0,h14_h64,1764294842,136.80983493891674
0,h14_h64,1764294843,140.67179934248034
0,h14_h64,1764294844,142.0
0,h14_h64,1764294845,109.37380667852857
0,h14_h64,1764294846,46.81629933624884
0,h14_h64,1764294847,25.9003879818661
0,h14_h64,1764294848,30.236435150849164
0,h14_h64,1764294849,43.81897515009031
0,h14_h64,1764294850,63.26019771119134
0,h14_h64,1764294851,85.57839346460649
0,h14_h64,1764294852,106.0967131493666
0,h14_h64,1764294853,124.12483061301025
0,h14_h64,1764294854,135.84937975610669
0,h14_h64,1764294855,138.45380451612104
0,h14_h64,1764294856,140.17278293194428
0,h14_h64,1764294857,142.0
0,h14_h64,1764294858,175.85847558980316
0,h14_h64,1764294859,162.00779127151023
0,h14_h64,1764294860,62.37432333816338
0,h14_h64,1764294861,57.2336688254699
0,h14_h64,1764294862,91.02182919201378
0,h14_h64,1764294863,118.21599434165272
0,h14_h64,1764294864,138.1713618677043
0,h14_h64,1764294865,107.92118840851944
0,h14_h64,1764294866,90.39548634721892
0,h14_h64,1764294867,100.83335313374111
0,h14_h64,1764294868,130.61250567322537
0,h14_h64,1764294869,137.0087178304029
0,h14_h64,1764294870,108.8209402036746
0,h14_h64,1764294871,102.09109344298165
0,h14_h64,1764294872,84.98640714821602
0,h14_h64,1764294873,53.34098221366124
0,h14_h64,1764294874,40.2956371140591
0,h14_h64,1764294875,38.43216194715802
0,h14_h64,1764294876,56.936850971280926
0,h14_h64,1764294877,50.90296974872552
0,h14_h64,1764294878,36.135309805931016
0,h14_h64,1764294879,34.231968689433934
0,h14_h64,1764294880,32.73528998587807
0,h14_h64,1764294881,31.21154231825492
0,h14_h64,1764294882,29.22813336904124
0,h14_h64,1764294883,27.30816129168495
0,h14_h64,1764294884,25.446554268198017
0,h14_h64,1764294885,25.18458694954156
0,h14_h64,1764294886,25.560409064821187
0,h14_h64,1764294887,24.936126063676873
0,h14_h64,1764294888,24.5
0,h14_h64,1764294889,25.221236339085436
0,h14_h64,1764294890,25.160244872286643
0,h14_h64,1764294891,24.62030206882553
0,h14_h64,1764294892,24.5
0,h14_h64,1764294893,25.096445229486932
0,h14_h64,1764294894,25.3809817786472
0,h14_h64,1764294895,25.3
0,h14_h64,1764294896,24.88451179197555
0,h14_h64,1764294897,25.19186429780372
0,h14_h64,1764294898,24.950501019529646
0,h14_h64,1764294899,24.5
0,h14_h64,1764294900,24.558850325896184
0,h14_h64,1764294901,24.6
0,h14_h64,1764294902,25.010229168853257
0,h14_h64,1764294903,25.3
0,h14_h64,1764294904,25.24163321996788
0,h14_h64,1764294905,24.791825154372223
0,h14_h64,1764294906,24.5
0,h14_h64,1764294907,24.558134193496763
0,h14_h64,1764294908,24.6
0,h14_h64,1764294909,24.54215820871148
0,h14_h64,1764294910,24.5
0,h14_h64,1764294911,24.55759525841699
0,h14_h64,1764294912,24.657434622225384
0,h14_h64,1764294913,24.64269284455243
0,h14_h64,1764294914,25.000037948596425
0,h14_h64,1764294915,46.268612971435374
0,h14_h64,1764294916,42.02688220590753
0,h14_h64,1764294917,24.6
0,h14_h64,1764294918,24.713439975731273
0,h14_h64,1764294919,24.743384696156102
0,h14_h64,1764294920,24.7
0,h14_h64,1764294921,24.756381762231477
0,h14_h64,1764294922,24.8
0,h14_h64,1764294923,50.10938901629626
0,h14_h64,1764294924,46.85453176937531
0,h14_h64,1764294925,25.24410169962272
0,h14_h64,1764294926,33.06630358499227
0,h14_h64,1764294927,31.684530536768932
0,h14_h64,1764294928,25.02206988591533
0,h14_h64,1764294929,25.021739511105103
0,h14_h64,1764294930,25.089407672295028
0,h14_h64,1764294931,24.83445122517403
0,h14_h64,1764294932,25.085143942222725
0,h14_h64,1764294933,25.509740616767697
0,h14_h64,1764294934,25.709499751739315
0,h14_h64,1764294935,25.8
0,h14_h64,1764294936,25.74545988720696
0,h14_h64,1764294937,25.427676374719745
0,h14_h64,1764294938,25.14561272922458
0,h14_h64,1764294939,24.82842206426335
0,h14_h64,1764294940,24.979391702691235
0,h14_h64,1764294941,83.96171757346164
0,h14_h64,1764294942,142.7753091311493
0,h14_h64,1764294943,134.42106372117567
0,h14_h64,1764294944,130.56782073140033
0,h14_h64,1764294945,131.2919756681597
0,h14_h64,1764294946,134.7049108680262
0,h14_h64,1764294947,137.84349749476038
0,h14_h64,1764294948,137.73778490744192
0,h14_h64,1764294949,138.51301623563592
0,h14_h64,1764294950,139.49782046408026
0,h14_h64,1764294951,137.25403489479476
0,h14_h64,1764294952,85.52590046597822
0,h14_h64,1764294953,82.27909954016752
0,h14_h64,1764294954,142.5069433063731
0,h14_h64,1764294955,129.69428967760845
0,h14_h64,1764294956,120.57169969706923
0,h14_h64,1764294957,120.0
0,h14_h64,1764294958,113.06003857978412
0,h14_h64,1764294959,66.96594956497219
0,h14_h64,1764294960,26.081651079835485
0,h14_h64,1764294961,25.6
0,h14_h64,1764294962,65.33134589781673
0,h14_h64,1764294963,124.0003737104576
0,h14_h64,1764294964,91.91595320968564
0,h14_h64,1764294965,39.11272859335224
0,h14_h64,1764294966,38.910545244640986
0,h14_h64,1764294967,76.37561186462358
0,h14_h64,1764294968,138.77284039166338
0,h14_h64,1764294969,139.4563162743659
0,h14_h64,1764294970,131.5991215509104
0,h14_h64,1764294971,123.93157992954832
0,h14_h64,1764294972,110.87883175435653
0,h14_h64,1764294973,94.48693674488152
0,h14_h64,1764294974,80.32571267356379
0,h14_h64,1764294975,68.17129725866673
0,h14_h64,1764294976,56.90341473248252
0,h14_h64,1764294977,55.21516730686378
0,h14_h64,1764294978,62.20717986257178
0,h14_h64,1764294979,57.85655482887235
0,h14_h64,1764294980,40.75450680532191
0,h14_h64,1764294981,28.35243342307218
0,h14_h64,1764294982,25.798240054458297
0,h14_h64,1764294983,65.14404544444798
0,h14_h64,1764294984,120.09920908986514
0,h14_h64,1764294985,129.8493954612095
0,h14_h64,1764294986,128.76788584296273
0,h14_h64,1764294987,139.30705151138972
0,h14_h64,1764294988,147.75740854251836
0,h14_h64,1764294989,90.63720598869013
0,h14_h64,1764294990,95.71415772409044
0,h14_h64,1764294991,191.94487848438573
0,h14_h64,1764294992,196.1683226406037
0,h14_h64,1764294993,203.41174895322328
0,h14_h64,1764294994,210.4676873883176
0,h14_h64,1764294995,214.86413708108807
0,h14_h64,1764294996,217.2847514610808
0,h14_h64,1764294997,210.74767132414055
0,h14_h64,1764294998,190.83649657009107
0,h14_h64,1764294999,183.47970996215383
0,h14_h64,1764295000,176.71519286482433
0,h14_h64,1764295001,173.0289351829756
0,h14_h64,1764295002,127.44696975633268
0,h14_h64,1764295003,92.81241110096204
0,h14_h64,1764295004,122.11565137514552
0,h14_h64,1764295005,62.18481037618089
0,h14_h64,1764295006,47.86528343820355
0,h14_h64,1764295007,34.72061965408211
0,h14_h64,1764295008,25.546230007688663
0,h14_h64,1764295009,25.32340862672429
0,h14_h64,1764295010,25.0920626529296
0,h14_h64,1764295011,103.6694292478662
0,h14_h64,1764295012,233.9986820022277
0,h14_h64,1764295013,218.46322248141493
0,h14_h64,1764295014,102.76140355271218
0,h14_h64,1764295015,70.6252743865754
0,h14_h64,1764295016,135.31136639259873
0,h14_h64,1764295017,124.81102974954814
0,h14_h64,1764295018,74.92529393961948
0,h14_h64,1764295019,25.339962260174996
0,h14_h64,1764295020,24.855051020493224
0,h14_h64,1764295021,24.755149298046575
0,h14_h64,1764295022,24.968350588858637
0,h14_h64,1764295023,25.210804654875822
0,h14_h64,1764295024,25.54460287327457
0,h14_h64,1764295025,25.92276523439873
0,h14_h64,1764295026,25.744180078005087
0,h14_h64,1764295027,25.887968312945592
0,h14_h64,1764295028,25.605229613698608
0,h14_h64,1764295029,25.1
0,h14_h64,1764295030,25.0563010556503
0,h14_h64,1764295031,25.08721703096767
0,h14_h64,1764295032,25.330501288140983
0,h14_h64,1764295033,25.413231917370585
0,h14_h64,1764295034,25.34328887663176
0,h14_h64,1764295035,25.3568130139476
0,h14_h64,1764295036,25.38615410769567
0,h14_h64,1764295037,25.19922881057533
0,h14_h64,1764295038,24.971313690142292
0,h14_h64,1764295039,25.242645505543067
0,h14_h64,1764295040,25.3
0,h14_h64,1764295041,24.96038274081475
0,h14_h64,1764295042,24.5423907946333
0,h14_h64,1764295043,61.77699534381581
0,h14_h64,1764295044,127.06743596984
0,h14_h64,1764295045,125.54033413614144
0,h14_h64,1764295046,112.14333513727496
0,h14_h64,1764295047,161.37890828958055
0,h14_h64,1764295048,181.29426715997948
0,h14_h64,1764295049,137.04198103033096
0,h14_h64,1764295050,144.0
0,h14_h64,1764295051,144.2953834569872
0,h14_h64,1764295052,120.21428677720348
0,h14_h64,1764295053,61.42163472792096
0,h14_h64,1764295054,55.731201016793705
0,h14_h64,1764295055,68.15053050140354
0,h14_h64,1764295056,88.05476816692241
0,h14_h64,1764295057,76.7842740272453
0,h14_h64,1764295058,25.659471741402108
0,h14_h64,1764295059,53.9537887798093
0,h14_h64,1764295060,116.32398709765002
0,h14_h64,1764295061,141.99541551658496
0,h14_h64,1764295062,121.08311906011346
0,h14_h64,1764295063,115.90081402991758
0,h14_h64,1764295064,79.8666076683745
0,h14_h64,1764295065,74.03154300232168
0,h14_h64,1764295066,172.7514370581739
0,h14_h64,1764295067,199.4458006707524
0,h14_h64,1764295068,227.59618532295937
0,h14_h64,1764295069,252.83835636304053
0,h14_h64,1764295070,260.7393832791988
0,h14_h64,1764295071,254.0
0,h14_h64,1764295072,254.16177101481432
0,h14_h64,1764295073,254.8394460678101
0,h14_h64,1764295074,254.1602419529467
0,h14_h64,1764295075,255.0
0,h14_h64,1764295076,255.0
0,h14_h64,1764295077,227.3103497816018
0,h14_h64,1764295078,108.32231724296425
0,h14_h64,1764295079,124.54117444469956
0,h14_h64,1764295080,138.98307205616683
0,h14_h64,1764295081,122.84999018584612
0,h14_h64,1764295082,127.48669629685097
0,h14_h64,1764295083,119.28713128980444
0,h14_h64,1764295084,113.5475496951399
0,h14_h64,1764295085,114.90401205548616
0,h14_h64,1764295086,129.99638850070346
0,h14_h64,1764295087,137.73604883486112
0,h14_h64,1764295088,132.1645732846957
0,h14_h64,1764295089,115.30668814892309
0,h14_h64,1764295090,87.49232815519616
0,h14_h64,1764295091,38.801604487191184
0,h14_h64,1764295092,25.23709698161305
0,h14_h64,1764295093,25.48488817413633
0,h14_h64,1764295094,52.18619381236736
0,h14_h64,1764295095,116.51021374468093
0,h14_h64,1764295096,143.56977948271688
0,h14_h64,1764295097,118.54480957641184
0,h14_h64,1764295098,128.11367210189212
0,h14_h64,1764295099,147.13186149373712
0,h14_h64,1764295100,134.74693357814792
0,h14_h64,1764295101,161.3102933921879
0,h14_h64,1764295102,228.40764373056075
0,h14_h64,1764295103,72.57924791922908
0,h14_h64,1764295104,45.91762658731392
0,h14_h64,1764295105,57.05479146209984
0,h14_h64,1764295106,51.18246663700131
0,h14_h64,1764295107,25.351571376571997
0,h14_h64,1764295108,25.394471242160893
0,h14_h64,1764295109,25.80835870045303
0,h14_h64,1764295110,24.93509909705643
0,h14_h64,1764295111,25.0
0,h14_h64,1764295112,25.034889058567323
0,h14_h64,1764295113,25.0304234958164
0,h14_h64,1764295114,24.830600670754844
0,h14_h64,1764295115,24.665386908654153
0,h14_h64,1764295116,24.565476400308693
0,h14_h64,1764295117,24.98118566409022
0,h14_h64,1764295118,25.421043097648077
0,h14_h64,1764295119,24.5
0,h14_h64,1764295120,24.5
0,h14_h64,1764295121,24.5
0,h14_h64,1764295122,24.5338772906394
0,h14_h64,1764295123,24.6
0,h14_h64,1764295124,24.6
0,h14_h64,1764295125,24.6
0,h14_h64,1764295126,24.6
0,h14_h64,1764295127,24.6
0,h14_h64,1764295128,24.63317510885127
0,h14_h64,1764295129,24.63391152533948
0,h14_h64,1764295130,24.532889131484257
0,h14_h64,1764295131,24.763653092790133
0,h14_h64,1764295132,24.93697217753947
0,h14_h64,1764295133,24.6
0,h14_h64,1764295134,24.56757480387703
0,h14_h64,1764295135,24.532281520813935
0,h14_h64,1764295136,24.56786205707282
0,h14_h64,1764295137,24.5
0,h14_h64,1764295138,24.65960094081667
0,h14_h64,1764295139,25.0
0,h14_h64,1764295140,25.031672090966293
0,h14_h64,1764295141,25.16310824579153
0,h14_h64,1764295142,25.268564566392904
0,h14_h64,1764295143,25.2
0,h14_h64,1764295144,36.433443817852755
0,h14_h64,1764295145,51.8257145677854
0,h14_h64,1764295146,25.0
0,h14_h64,1764295147,25.0
0,h14_h64,1764295148,25.030824130772693
0,h14_h64,1764295149,25.16140964191067
0,h14_h64,1764295150,25.238842624488203
0,h14_h64,1764295151,25.1
0,h14_h64,1764295152,25.1
0,h14_h64,1764295153,25.1
0,h14_h64,1764295154,25.1
0,h14_h64,1764295155,25.1
0,h14_h64,1764295156,25.189781891473785
0,h14_h64,1764295157,25.4
0,h14_h64,1764295158,25.4
0,h14_h64,1764295159,25.42958655063042
0,h14_h64,1764295160,25.441034353880777
0,h14_h64,1764295161,25.329386140386976
0,h14_h64,1764295162,36.95695825434021
0,h14_h64,1764295163,55.758379685340344
0,h14_h64,1764295164,25.458114264216356
0,h14_h64,1764295165,25.6
0,h14_h64,1764295166,25.6
0,h14_h64,1764295167,25.57126731026624
0,h14_h64,1764295168,25.47136099176097
0,h14_h64,1764295169,25.2000929962525
0,h14_h64,1764295170,27.6337726648159
0,h14_h64,1764295171,32.475897335404355
0,h14_h64,1764295172,25.37420718533872
0,h14_h64,1764295173,24.940807694441013
0,h14_h64,1764295174,25.3
0,h14_h64,1764295175,25.3
0,h14_h64,1764295176,25.327806531449784
0,h14_h64,1764295177,25.4
0,h14_h64,1764295178,25.372405814251792
0,h14_h64,1764295179,25.32749565925193
0,h14_h64,1764295180,25.34522349892029
0,h14_h64,1764295181,25.281867090920738
0,h14_h64,1764295182,25.472836779734408
0,h14_h64,1764295183,25.21042118884174
0,h14_h64,1764295184,24.889084278862732
0,h14_h64,1764295185,25.453691711787823
0,h14_h64,1764295186,25.57326692649122
0,h14_h64,1764295187,25.47335760694892
0,h14_h64,1764295188,25.42652851635536
0,h14_h64,1764295189,25.526386856081697
0,h14_h64,1764295190,25.70504797534635
0,h14_h64,1764295191,25.869311886008244
0,h14_h64,1764295192,25.473927763839143
0,h14_h64,1764295193,25.4
0,h14_h64,1764295194,25.4
0,h14_h64,1764295195,25.42576519288071
0,h14_h64,1764295196,25.44868386794635
0,h14_h64,1764295197,25.3
0,h14_h64,1764295198,25.3
0,h14_h64,1764295199,28.307271598450175
0,h14_h64,1764295200,34.52658105201401
0,h14_h64,1764295201,25.749664676894813
0,h14_h64,1764295202,25.3
0,h14_h64,1764295203,25.993111424814945
0,h14_h64,1764295204,27.290909125668552
0,h14_h64,1764295205,24.775331761157215
0,h14_h64,1764295206,24.7
0,h14_h64,1764295207,24.7
0,h14_h64,1764295208,33.5469473159487
0,h14_h64,1764295209,54.50818129507651
0,h14_h64,1764295210,24.8
0,h14_h64,1764295211,24.77607701713995
0,h14_h64,1764295212,24.7
0,h14_h64,1764295213,24.7
0,h14_h64,1764295214,24.7
0,h14_h64,1764295215,24.7
0,h14_h64,1764295216,24.676590841744297
0,h14_h64,1764295217,24.6
0,h14_h64,1764295218,24.64638206728813
0,h14_h64,1764295219,24.730954865665332
0,h14_h64,1764295220,24.5
0,h14_h64,1764295221,24.5
0,h14_h64,1764295222,24.5
0,h14_h64,1764295223,24.5
0,h14_h64,1764295224,24.5
0,h14_h64,1764295225,24.5
0,h14_h64,1764295226,24.5
0,h14_h64,1764295227,24.5
0,h14_h64,1764295228,24.63214758045857
0,h14_h64,1764295229,25.01245946526796
0,h14_h64,1764295230,24.787207903293307
0,h14_h64,1764295231,27.096081663378673
0,h14_h64,1764295232,35.28334534952167
0,h14_h64,1764295233,35.92860850194394
0,h14_h64,1764295234,25.01453490990428
0,h14_h64,1764295235,24.721294718301223
0,h14_h64,1764295236,34.42193102802234
0,h14_h64,1764295237,64.2973468046431
0,h14_h64,1764295238,25.1
0,h14_h64,1764295239,25.120841466286652
0,h14_h64,1764295240,25.15854681491624
0,h14_h64,1764295241,25.02063929768236
0,h14_h64,1764295242,25.1
0,h14_h64,1764295243,25.120423931930073
0,h14_h64,1764295244,25.17968445455522
0,h14_h64,1764295245,25.180837490214905
0,h14_h64,1764295246,25.419665427890173
0,h14_h64,1764295247,25.07998457471616
0,h14_h64,1764295248,24.980070399762077
0,h14_h64,1764295249,24.99921073116413
0,h14_h64,1764295250,25.341109964099022
0,h14_h64,1764295251,25.158638738842782
0,h14_h64,1764295252,25.419421887238553
0,h14_h64,1764295253,25.51930758487003
0,h14_h64,1764295254,42.48357107617812
0,h14_h64,1764295255,124.0451357037224
0,h14_h64,1764295256,143.49369502173397
0,h14_h64,1764295257,131.27742831383677
0,h14_h64,1764295258,82.75446944622541
0,h14_h64,1764295259,176.2546194030892
0,h14_h64,1764295260,179.99079622550266
0,h14_h64,1764295261,79.1768141035891
0,h14_h64,1764295262,32.19129494143083
0,h14_h64,1764295263,59.79520881744312
0,h14_h64,1764295264,34.750706365778946
0,h14_h64,1764295265,25.210517732610576
0,h14_h64,1764295266,24.8
0,h14_h64,1764295267,24.83542717429735
0,h14_h64,1764295268,24.947375572179546
0,h14_h64,1764295269,24.682503484778373
0,h14_h64,1764295270,24.70394504049096
0,h14_h64,1764295271,25.23424312571633
0,h14_h64,1764295272,25.33198253548863
0,h14_h64,1764295273,24.98309177639164
0,h14_h64,1764295274,41.85020489671244
0,h14_h64,1764295275,137.27178364754846
0,h14_h64,1764295276,142.0
0,h14_h64,1764295277,141.81246631543056
0,h14_h64,1764295278,137.95037155128563
0,h14_h64,1764295279,137.147769390248
0,h14_h64,1764295280,140.0
0,h14_h64,1764295281,139.95572921947377
0,h14_h64,1764295282,133.25924707781027
0,h14_h64,1764295283,32.51122884497305
0,h14_h64,1764295284,83.42059339591822
0,h14_h64,1764295285,180.95667702584203
0,h14_h64,1764295286,213.83565516974485
0,h14_h64,1764295287,193.32783794839827
0,h14_h64,1764295288,129.4680628685718
0,h14_h64,1764295289,119.05756155950834
0,h14_h64,1764295290,120.389834848079
0,h14_h64,1764295291,127.65800487569425
0,h14_h64,1764295292,140.96687955401663
0,h14_h64,1764295293,139.96689013557983
0,h14_h64,1764295294,139.06452433602016
0,h14_h64,1764295295,137.3896492002572
0,h14_h64,1764295296,46.87569732741124
0,h14_h64,1764295297,150.57471568638925
0,h14_h64,1764295298,127.92003697425444
0,h14_h64,1764295299,126.23978136853992
0,h14_h64,1764295300,132.13291212658407
0,h14_h64,1764295301,134.80797205862606
0,h14_h64,1764295302,91.41369322148718
0,h14_h64,1764295303,40.038607933014326
0,h14_h64,1764295304,60.544765055127094
0,h14_h64,1764295305,70.00630773757725
0,h14_h64,1764295306,25.446634922503275
0,h14_h64,1764295307,25.046884838446367
0,h14_h64,1764295308,30.579870230798655
0,h14_h64,1764295309,69.98838780711404
0,h14_h64,1764295310,57.84451598305303
0,h14_h64,1764295311,76.51491527421105
0,h14_h64,1764295312,94.68277349266424
0,h14_h64,1764295313,111.72054621709304
0,h14_h64,1764295314,130.0734162066567
0,h14_h64,1764295315,134.04061353263413
0,h14_h64,1764295316,138.0019622477598
0,h14_h64,1764295317,138.9986035202126
0,h14_h64,1764295318,213.7919377613074
0,h14_h64,1764295319,250.09771854140192
0,h14_h64,1764295320,254.0
0,h14_h64,1764295321,27.220014386612544
0,h14_h64,1764295322,46.581562273022435
0,h14_h64,1764295323,33.01573042277867
0,h14_h64,1764295324,101.10873089714946
0,h14_h64,1764295325,163.58859218010346
0,h14_h64,1764295326,132.2135311034498
0,h14_h64,1764295327,121.00334601873676
0,h14_h64,1764295328,122.00037767217296
0,h14_h64,1764295329,125.98045783736184
0,h14_h64,1764295330,131.93188095903037
0,h14_h64,1764295331,259.32070147775073
0,h14_h64,1764295332,261.1459737285747
0,h14_h64,1764295333,258.0
0,h14_h64,1764295334,45.58018977886341
0,h14_h64,1764295335,63.232119964563026
0,h14_h64,1764295336,24.84407883430457
0,h14_h64,1764295337,25.3
0,h14_h64,1764295338,25.308556515849936
0,h14_h64,1764295339,25.408437488465683
0,h14_h64,1764295340,25.47504073452951
0,h14_h64,1764295341,25.249434972114503
0,h14_h64,1764295342,25.808054880235325
0,h14_h64,1764295343,25.84489758805992
0,h14_h64,1764295344,29.52161671698541
0,h14_h64,1764295345,83.11299948115366
0,h14_h64,1764295346,57.057148909676954
0,h14_h64,1764295347,25.57041741988379
0,h14_h64,1764295348,25.214651014577356
0,h14_h64,1764295349,25.40717942406444
0,h14_h64,1764295350,25.471874242193973
0,h14_h64,1764295351,25.134695402955515
0,h14_h64,1764295352,25.53208756148971
0,h14_h64,1764295353,24.620330324791613
0,h14_h64,1764295354,24.972460790379618
0,h14_h64,1764295355,33.00039697981821
0,h14_h64,1764295356,144.0632331231148
0,h14_h64,1764295357,127.96129174475328
0,h14_h64,1764295358,105.41678430146835
0,h14_h64,1764295359,30.377012628938505
0,h14_h64,1764295360,116.91165514634304
0,h14_h64,1764295361,142.54823421466773
0,h14_h64,1764295362,124.87658055706387
0,h14_h64,1764295363,126.86029797398214
0,h14_h64,1764295364,123.17888249926112
0,h14_h64,1764295365,25.169279255791963
0,h14_h64,1764295366,24.610133578798543
0,h14_h64,1764295367,24.809761218327353
0,h14_h64,1764295368,25.004681160776784
0,h14_h64,1764295369,25.11371667573741
0,h14_h64,1764295370,25.95545945630782
0,h14_h64,1764295371,37.828687616210814
0,h14_h64,1764295372,29.06655777246967
0,h14_h64,1764295373,25.69597327281536
0,h14_h64,1764295374,25.60392835920428
0,h14_h64,1764295375,25.696176430164467
0,h14_h64,1764295376,29.065364794804612
0,h14_h64,1764295377,121.84873581424348
0,h14_h64,1764295378,139.0570347215131
0,h14_h64,1764295379,129.76568593141891
0,h14_h64,1764295380,126.20324578355589
0,h14_h64,1764295381,150.58484642974022
0,h14_h64,1764295382,176.95404260076282
0,h14_h64,1764295383,144.82374995930877
0,h14_h64,1764295384,83.45887657159095
0,h14_h64,1764295385,137.66143943829417
0,h14_h64,1764295386,145.0
0,h14_h64,1764295387,114.08657296473643
0,h14_h64,1764295388,102.7292659964359
0,h14_h64,1764295389,139.88309079562782
0,h14_h64,1764295390,145.87314139184596
0,h14_h64,1764295391,139.8545544459711
0,h14_h64,1764295392,138.12092591338066
0,h14_h64,1764295393,144.10386737326513
0,h14_h64,1764295394,138.875211469953
0,h14_h64,1764295395,133.60067306895195
0,h14_h64,1764295396,26.588693793806343
0,h14_h64,1764295397,38.22745736529921
0,h14_h64,1764295398,30.377888164764336
0,h14_h64,1764295399,24.990261444151507
0,h14_h64,1764295400,25.488614901800297
0,h14_h64,1764295401,53.30572426253873
0,h14_h64,1764295402,26.130136765829764
0,h14_h64,1764295403,25.206536343032525
0,h14_h64,1764295404,25.00457715627686
0,h14_h64,1764295405,25.097599200574994
0,h14_h64,1764295406,24.70985081668394
0,h14_h64,1764295407,129.3272255135629
0,h14_h64,1764295408,140.71324148817217
0,h14_h64,1764295409,30.376584936544504
0,h14_h64,1764295410,71.26654059440493
0,h14_h64,1764295411,85.72091332732643
0,h14_h64,1764295412,27.81738085293817
0,h14_h64,1764295413,25.98978964073088
0,h14_h64,1764295414,24.74400031192855
0,h14_h64,1764295415,25.85675585668542
0,h14_h64,1764295416,25.611326212426196
0,h14_h64,1764295417,25.4077326053659
0,h14_h64,1764295418,26.45512873308092
0,h14_h64,1764295419,26.212455823632386
0,h14_h64,1764295420,26.104243378333702
0,h14_h64,1764295421,25.142555484168582
0,h14_h64,1764295422,60.73336244477405
0,h14_h64,1764295423,130.23533666825156
0,h14_h64,1764295424,141.16241191368985
0,h14_h64,1764295425,142.67026885168585
0,h14_h64,1764295426,142.16519622197697
0,h14_h64,1764295427,142.83358948904552
0,h14_h64,1764295428,135.44659018547387
0,h14_h64,1764295429,129.78008414200275
0,h14_h64,1764295430,129.84275208297402
0,h14_h64,1764295431,134.18595831856376
0,h14_h64,1764295432,141.62983591473267
0,h14_h64,1764295433,138.84738966782814
0,h14_h64,1764295434,32.74500353837479
0,h14_h64,1764295435,25.5
0,h14_h64,1764295436,40.0258538753005
0,h14_h64,1764295437,62.212039706104456
0,h14_h64,1764295438,27.474814588627535
0,h14_h64,1764295439,48.61038493054069
0,h14_h64,1764295440,26.47903921808186
0,h14_h64,1764295441,24.7
0,h14_h64,1764295442,26.00083926196287
0,h14_h64,1764295443,24.98523769207642
0,h14_h64,1764295444,24.52897377408375
0,h14_h64,1764295445,24.5
0,h14_h64,1764295446,24.5
0,h14_h64,1764295447,24.5
0,h14_h64,1764295448,24.96050099089858
0,h14_h64,1764295449,25.0
0,h14_h64,1764295450,24.908193488269383
0,h14_h64,1764295451,24.9
0,h14_h64,1764295452,24.62538547479644
0,h14_h64,1764295453,24.96541463485439
0,h14_h64,1764295454,25.0
0,h14_h64,1764295455,24.54456105701476
0,h14_h64,1764295456,24.95452328183915
0,h14_h64,1764295457,25.0906945096065
0,h14_h64,1764295458,24.737547675094586
0,h14_h64,1764295459,24.519059306650796
0,h14_h64,1764295460,24.5
0,h14_h64,1764295461,24.59015393469867
0,h14_h64,1764295462,24.6
0,h14_h64,1764295463,24.6
0,h14_h64,1764295464,24.6
0,h14_h64,1764295465,24.6
0,h14_h64,1764295466,24.51061196653626
0,h14_h64,1764295467,24.5
0,h14_h64,1764295468,24.589068564652095
0,h14_h64,1764295469,24.511090562980947
0,h14_h64,1764295470,24.5
0,h14_h64,1764295471,24.588597666161004
0,h14_h64,1764295472,24.6
0,h14_h64,1764295473,24.6
0,h14_h64,1764295474,24.6
0,h14_h64,1764295475,24.6
0,h14_h64,1764295476,24.77552221529991
0,h14_h64,1764295477,24.8
0,h14_h64,1764295478,25.062135514165448
0,h14_h64,1764295479,24.92545443544862
0,h14_h64,1764295480,25.07416048460393
0,h14_h64,1764295481,25.1
0,h14_h64,1764295482,24.83937784126169
0,h14_h64,1764295483,25.060116227211132
0,h14_h64,1764295484,89.19337442065813
0,h14_h64,1764295485,142.36227692334188
0,h14_h64,1764295486,132.30296646560296
0,h14_h64,1764295487,107.8143176951979
0,h14_h64,1764295488,36.66182604264094
0,h14_h64,1764295489,24.668374498850856
0,h14_h64,1764295490,24.77234346464196
0,h14_h64,1764295491,24.885977977525418
0,h14_h64,1764295492,24.9
0,h14_h64,1764295493,51.68170478534701
0,h14_h64,1764295494,30.441224235560032
0,h14_h64,1764295495,25.188091779178976
0,h14_h64,1764295496,79.28175521407522
0,h14_h64,1764295497,131.75994261675834
0,h14_h64,1764295498,133.09263389719774
0,h14_h64,1764295499,120.6799078313918
0,h14_h64,1764295500,40.38189464114694
0,h14_h64,1764295501,25.62516227226887
0,h14_h64,1764295502,25.53023710333992
0,h14_h64,1764295503,119.3147212103531
0,h14_h64,1764295504,138.2573809994955
0,h14_h64,1764295505,129.54234246341926
0,h14_h64,1764295506,129.48541160988205
0,h14_h64,1764295507,126.27120132515996
0,h14_h64,1764295508,126.48999709681722
0,h14_h64,1764295509,190.3087534079627
0,h14_h64,1764295510,177.72285660178682
0,h14_h64,1764295511,116.77605216444246
0,h14_h64,1764295512,88.68452298014616
0,h14_h64,1764295513,67.69760180439792
0,h14_h64,1764295514,123.46574064544536
0,h14_h64,1764295515,139.62948287061067
0,h14_h64,1764295516,137.26994800567627
0,h14_h64,1764295517,139.18604168580347
0,h14_h64,1764295518,133.39211481700332
0,h14_h64,1764295519,114.44809221425233
0,h14_h64,1764295520,91.00814211955168
0,h14_h64,1764295521,71.35387019290788
0,h14_h64,1764295522,54.82394991943944
0,h14_h64,1764295523,45.26900359876796
0,h14_h64,1764295524,34.72396438669313
0,h14_h64,1764295525,26.982702892366184
0,h14_h64,1764295526,50.926261897272006
0,h14_h64,1764295527,93.5609378924697
0,h14_h64,1764295528,127.52256814577488
0,h14_h64,1764295529,147.3018963957569
0,h14_h64,1764295530,161.00244691967896
0,h14_h64,1764295531,213.0453327458555
0,h14_h64,1764295532,241.83415797848335
0,h14_h64,1764295533,250.22938083143663
0,h14_h64,1764295534,248.35307058889904
0,h14_h64,1764295535,245.21447676732217
0,h14_h64,1764295536,242.95237558811476
0,h14_h64,1764295537,242.21927287635097
0,h14_h64,1764295538,83.42115366607925
0,h14_h64,1764295539,130.22886043335592
0,h14_h64,1764295540,180.39935149965996
0,h14_h64,1764295541,206.9218740470078
0,h14_h64,1764295542,236.97968898329287
0,h14_h64,1764295543,252.58207670436357
0,h14_h64,1764295544,255.0
0,h14_h64,1764295545,255.0
0,h14_h64,1764295546,255.0
0,h14_h64,1764295547,255.0
0,h14_h64,1764295548,254.42716095806736
0,h14_h64,1764295549,254.57289217336887
0,h14_h64,1764295550,254.42699532823536
0,h14_h64,1764295551,108.77147909771702
0,h14_h64,1764295552,76.74019528006
0,h14_h64,1764295553,109.37582590220322
0,h14_h64,1764295554,140.24965885488436
0,h14_h64,1764295555,163.89830659740605
0,h14_h64,1764295556,180.0348261792275
0,h14_h64,1764295557,187.547401300761
0,h14_h64,1764295558,189.0
0,h14_h64,1764295559,189.0
0,h14_h64,1764295560,189.0
0,h14_h64,1764295561,188.3641843570378
0,h14_h64,1764295562,192.41995544352292
0,h14_h64,1764295563,186.079697127955
0,h14_h64,1764295564,62.621854947222815
0,h14_h64,1764295565,123.50042918885168
0,h14_h64,1764295566,186.9133773749848
0,h14_h64,1764295567,220.01032627965716
0,h14_h64,1764295568,246.62857708355847
0,h14_h64,1764295569,259.9266579142699
0,h14_h64,1764295570,258.50351465818073
0,h14_h64,1764295571,260.0394304904535
0,h14_h64,1764295572,258.9515440893338
0,h14_h64,1764295573,254.4347675933929
0,h14_h64,1764295574,254.56519433470973
0,h14_h64,1764295575,255.0
0,h14_h64,1764295576,255.0
0,h14_h64,1764295577,86.53903032323691
0,h14_h64,1764295578,84.49314535756298
0,h14_h64,1764295579,136.6390467550008
0,h14_h64,1764295580,139.48189031720898
0,h14_h64,1764295581,117.20640269504884
0,h14_h64,1764295582,93.87414408293014
0,h14_h64,1764295583,117.97134006322185
0,h14_h64,1764295584,139.80572333255813
0,h14_h64,1764295585,141.97560171809866
0,h14_h64,1764295586,129.3197709352451
0,h14_h64,1764295587,126.76016657382992
0,h14_h64,1764295588,128.0
0,h14_h64,1764295589,123.14931449788064
0,h14_h64,1764295590,63.828617357536345
0,h14_h64,1764295591,115.08143702921046
0,h14_h64,1764295592,145.0
0,h14_h64,1764295593,144.6664754795058
0,h14_h64,1764295594,144.1693291227117
0,h14_h64,1764295595,144.0
0,h14_h64,1764295596,144.65880570340727
0,h14_h64,1764295597,144.34045310162773
0,h14_h64,1764295598,141.35067552726443
0,h14_h64,1764295599,139.33649559145837
0,h14_h64,1764295600,139.0
0,h14_h64,1764295601,139.0
0,h14_h64,1764295602,104.62641547861509
0,h14_h64,1764295603,131.43548169346622
0,h14_h64,1764295604,138.75474911026402
0,h14_h64,1764295605,132.66816646017222
0,h14_h64,1764295606,137.6402093761035
0,h14_h64,1764295607,137.34717356176063
0,h14_h64,1764295608,126.56820561750042
0,h14_h64,1764295609,111.67357072368064
0,h14_h64,1764295610,105.61185433026594
0,h14_h64,1764295611,109.82337351198784
0,h14_h64,1764295612,84.49026445295888
0,h14_h64,1764295613,36.84746451969848
0,h14_h64,1764295614,45.35554449450807
0,h14_h64,1764295615,31.208309167438195
0,h14_h64,1764295616,24.591182140571227
0,h14_h64,1764295617,101.30292214936408
0,h14_h64,1764295618,133.67412907439933
0,h14_h64,1764295619,125.61496430587631
0,h14_h64,1764295620,124.0165621821904
0,h14_h64,1764295621,50.29611233127625
0,h14_h64,1764295622,24.877102873700508
0,h14_h64,1764295623,71.07249808303908
0,h14_h64,1764295624,160.62353826233948
0,h14_h64,1764295625,183.636379995457
0,h14_h64,1764295626,149.37525243017313
0,h14_h64,1764295627,74.06104362154366
0,h14_h64,1764295628,32.07992052527521
0,h14_h64,1764295629,33.08395779322254
0,h14_h64,1764295630,93.35774285914374
0,h14_h64,1764295631,168.80999393340772
0,h14_h64,1764295632,165.60723980488748
0,h14_h64,1764295633,146.0
0,h14_h64,1764295634,209.83826226050613
0,h14_h64,1764295635,255.0
0,h14_h64,1764295636,254.45878273753587
0,h14_h64,1764295637,254.0
0,h14_h64,1764295638,257.228863446346
0,h14_h64,1764295639,256.7686074125278
0,h14_h64,1764295640,92.67921586875232
0,h14_h64,1764295641,114.08571439703564
0,h14_h64,1764295642,192.1876417335589
0,h14_h64,1764295643,236.68506329638072
0,h14_h64,1764295644,253.54236413480928
0,h14_h64,1764295645,254.0
0,h14_h64,1764295646,254.0
0,h14_h64,1764295647,254.0
0,h14_h64,1764295648,254.0
0,h14_h64,1764295649,254.0
0,h14_h64,1764295650,254.0
0,h14_h64,1764295651,254.0
0,h14_h64,1764295652,254.0
0,h14_h64,1764295653,119.6652485620378
0,h14_h64,1764295654,146.06645065275842
0,h14_h64,1764295655,227.92999127749837
0,h14_h64,1764295656,253.5424340093623
0,h14_h64,1764295657,253.457489356089
0,h14_h64,1764295658,252.45723421853836
0,h14_h64,1764295659,251.4566886346953
0,h14_h64,1764295660,251.0
0,h14_h64,1764295661,249.3637730075068
0,h14_h64,1764295662,247.4522608972897
0,h14_h64,1764295663,244.2445491343243
0,h14_h64,1764295664,239.22272082650264
0,h14_h64,1764295665,246.31485945978133
0,h14_h64,1764295666,103.89528211938207
0,h14_h64,1764295667,27.479117591099516
0,h14_h64,1764295668,24.62313976079184
0,h14_h64,1764295669,24.6
0,h14_h64,1764295670,24.6
0,h14_h64,1764295671,24.6
0,h14_h64,1764295672,24.6
0,h14_h64,1764295673,24.676716608992
0,h14_h64,1764295674,24.623285970001795
0,h14_h64,1764295675,24.6
0,h14_h64,1764295676,50.11075343416124
0,h14_h64,1764295677,32.974975076055685
0,h14_h64,1764295678,24.7
0,h14_h64,1764295679,53.98449403095347
0,h14_h64,1764295680,34.33624663466934
0,h14_h64,1764295681,25.389540433711293
0,h14_h64,1764295682,24.91003926743738
0,h14_h64,1764295683,51.19976173330562
0,h14_h64,1764295684,60.20768567679727
0,h14_h64,1764295685,33.2054756245625
0,h14_h64,1764295686,24.6
0,h14_h64,1764295687,24.6
0,h14_h64,1764295688,24.6
0,h14_h64,1764295689,24.6
0,h14_h64,1764295690,24.447304018823285
0,h14_h64,1764295691,24.55258777790698
0,h14_h64,1764295692,52.57946982747244
0,h14_h64,1764295693,34.50884849378966
0,h14_h64,1764295694,25.123923528350296
0,h14_h64,1764295695,49.82793114297023
0,h14_h64,1764295696,33.439827899254134
0,h14_h64,1764295697,50.79441706250208
0,h14_h64,1764295698,33.81582095422174
0,h14_h64,1764295699,25.1
0,h14_h64,1764295700,25.25186737400657
0,h14_h64,1764295701,26.73943107147088
0,h14_h64,1764295702,53.07688488021161
0,h14_h64,1764295703,33.95237646977178
0,h14_h64,1764295704,24.855200723277346
0,h14_h64,1764295705,24.620412356322525
0,h14_h64,1764295706,24.5
0,h14_h64,1764295707,24.5
0,h14_h64,1764295708,49.739725404168695
0,h14_h64,1764295709,33.64354333961917
0,h14_h64,1764295710,25.12421770394247
0,h14_h64,1764295711,24.64507575305796
0,h14_h64,1764295712,24.95447846180299
0,h14_h64,1764295713,25.024287286021313
0,h14_h64,1764295714,48.68755930551578
0,h14_h64,1764295715,33.11837772031534
0,h14_h64,1764295716,49.31474540679992
0,h14_h64,1764295717,33.361296309719464
0,h14_h64,1764295718,25.07563232857773
0,h14_h64,1764295719,25.1
0,h14_h64,1764295720,25.024391384718665
0,h14_h64,1764295721,25.151177392911947
0,h14_h64,1764295722,25.124424568678315
0,h14_h64,1764295723,25.024425188766497
0,h14_h64,1764295724,24.54668183831139
0,h14_h64,1764295725,24.475538241738487
0,h14_h64,1764295726,25.103474616102208
0,h14_h64,1764295727,25.07380472780425
0,h14_h64,1764295728,25.301734491489743
0,h14_h64,1764295729,24.720347213869655
0,h14_h64,1764295730,24.952730448781686
0,h14_h64,1764295731,25.1
0,h14_h64,1764295732,25.1
0,h14_h64,1764295733,25.02453008858714
0,h14_h64,1764295734,52.34810458861981
0,h14_h64,1764295735,58.491613212749186
0,h14_h64,1764295736,33.12518292139829
0,h14_h64,1764295737,25.0
0,h14_h64,1764295738,24.62322256792761
0,h14_h64,1764295739,24.876657623926217
0,h14_h64,1764295740,25.0
0,h14_h64,1764295741,52.4295656544518
0,h14_h64,1764295742,34.779567539659
0,h14_h64,1764295743,25.02471456511768
0,h14_h64,1764295744,25.0
0,h14_h64,1764295745,47.98734870131176
0,h14_h64,1764295746,33.130852827381176
0,h14_h64,1764295747,24.64850260579723
0,h14_h64,1764295748,24.875904521494046
0,h14_h64,1764295749,65.05659687111779
0,h14_h64,1764295750,39.83517592813355
0,h14_h64,1764295751,72.45649623046539
0,h14_h64,1764295752,43.16004970665365
0,h14_h64,1764295753,24.625838425604233
0,h14_h64,1764295754,30.870060323191822
0,h14_h64,1764295755,26.85478965187062
0,h14_h64,1764295756,24.92314236823246
0,h14_h64,1764295757,24.62854004749851
0,h14_h64,1764295758,24.94495169288534
0,h14_h64,1764295759,25.025957615359
0,h14_h64,1764295760,25.0
0,h14_h64,1764295761,48.38073022246875
0,h14_h64,1764295762,33.95331028896554
0,h14_h64,1764295763,25.173611844022837
0,h14_h64,1764295764,24.611547387485988
0,h14_h64,1764295765,73.30528584798074
0,h14_h64,1764295766,128.01863018892112
0,h14_h64,1764295767,198.9312146673654
0,h14_h64,1764295768,237.92619982639752
0,h14_h64,1764295769,243.67150612337903
0,h14_h64,1764295770,252.50538906195737
0,h14_h64,1764295771,229.38093784587343
0,h14_h64,1764295772,151.82683057314756
0,h14_h64,1764295773,84.7489977348546
0,h14_h64,1764295774,48.65399840595438
0,h14_h64,1764295775,111.71282610342438
0,h14_h64,1764295776,100.21860814339163
0,h14_h64,1764295777,75.25144285145493
0,h14_h64,1764295778,40.09906448550979
0,h14_h64,1764295779,24.715425672424356
0,h14_h64,1764295780,25.014806881094405
0,h14_h64,1764295781,24.95704218222548
0,h14_h64,1764295782,24.9
0,h14_h64,1764295783,24.68648821748756
0,h14_h64,1764295784,24.671012818666625
0,h14_h64,1764295785,67.62984129908853
0,h14_h64,1764295786,121.4271041888259
0,h14_h64,1764295787,64.20674643557741
0,h14_h64,1764295788,24.947541415261615
0,h14_h64,1764295789,24.729634992675383
0,h14_h64,1764295790,24.55957695501308
0,h14_h64,1764295791,24.85029465151849
0,h14_h64,1764295792,24.930051112941545
0,h14_h64,1764295793,24.969846282600617
0,h14_h64,1764295794,24.651142285285392
0,h14_h64,1764295795,24.5
0,h14_h64,1764295796,24.569565306424707
0,h14_h64,1764295797,24.946902155448484
0,h14_h64,1764295798,47.09206351475949
0,h14_h64,1764295799,35.571284818232684
0,h14_h64,1764295800,25.030989409721105
0,h14_h64,1764295801,25.13792192444718
0,h14_h64,1764295802,33.36801698329913
0,h14_h64,1764295803,82.48300169634078
0,h14_h64,1764295804,128.8108424843031
0,h14_h64,1764295805,139.57785077025892
0,h14_h64,1764295806,137.0
0,h14_h64,1764295807,162.6330683937298
0,h14_h64,1764295808,217.77487795597744
0,h14_h64,1764295809,219.93109905793867
0,h14_h64,1764295810,179.74609026222475
0,h14_h64,1764295811,168.02542672617653
0,h14_h64,1764295812,79.3049854253565
0,h14_h64,1764295813,59.13215023390413
0,h14_h64,1764295814,71.89150705087494
0,h14_h64,1764295815,40.19338662254692
0,h14_h64,1764295816,75.31705917195842
0,h14_h64,1764295817,128.1270915082787
0,h14_h64,1764295818,133.78787201216377
0,h14_h64,1764295819,181.82099091693792
0,h14_h64,1764295820,218.94470006488447
0,h14_h64,1764295821,157.8351512247449
0,h14_h64,1764295822,79.99809495922997
0,h14_h64,1764295823,60.0192570598403
0,h14_h64,1764295824,69.25544276575583
0,h14_h64,1764295825,122.36249496217172
0,h14_h64,1764295826,151.96888433431218
0,h14_h64,1764295827,119.0583649056221
0,h14_h64,1764295828,60.68651050848388
0,h14_h64,1764295829,53.020489197177895
0,h14_h64,1764295830,39.21038369134494
0,h14_h64,1764295831,70.76662226520202
0,h14_h64,1764295832,126.8834332805486
0,h14_h64,1764295833,140.45529955500243
0,h14_h64,1764295834,132.45950896856712
0,h14_h64,1764295835,119.87700735172696
0,h14_h64,1764295836,114.44011746562596
0,h14_h64,1764295837,61.29995650977269
0,h14_h64,1764295838,77.32810738720983
0,h14_h64,1764295839,121.87209265965038
0,h14_h64,1764295840,136.11751911953797
0,h14_h64,1764295841,142.74346489783665
0,h14_h64,1764295842,142.2471347412673
0,h14_h64,1764295843,142.5012332925925
0,h14_h64,1764295844,143.0
0,h14_h64,1764295845,143.0
0,h14_h64,1764295846,143.0
0,h14_h64,1764295847,142.50380398200832
0,h14_h64,1764295848,146.90205591535005
0,h14_h64,1764295849,147.60563450306302
0,h14_h64,1764295850,94.32377051816748
0,h14_h64,1764295851,76.58946247231266
0,h14_h64,1764295852,142.6706438044198
0,h14_h64,1764295853,218.7138650485728
0,h14_h64,1764295854,256.25513195641616
0,h14_h64,1764295855,255.0
0,h14_h64,1764295856,254.62923710600785
0,h14_h64,1764295857,254.3694250882692
0,h14_h64,1764295858,258.28207517606114
0,h14_h64,1764295859,256.7023851140933
0,h14_h64,1764295860,244.0
0,h14_h64,1764295861,245.11971245628317
0,h14_h64,1764295862,141.7062641260414
0,h14_h64,1764295863,37.44877271025465
0,h14_h64,1764295864,48.75733614465257
0,h14_h64,1764295865,50.406450101853366
0,h14_h64,1764295866,88.7095982562616
0,h14_h64,1764295867,164.5565253337695
0,h14_h64,1764295868,225.36166938092444
0,h14_h64,1764295869,236.43365240943385
0,h14_h64,1764295870,214.4739967579224
0,h14_h64,1764295871,187.49827639843045
0,h14_h64,1764295872,170.07230140717644
0,h14_h64,1764295873,155.64418047447103
0,h14_h64,1764295874,144.43406147796435
0,h14_h64,1764295875,97.95464521572735
0,h14_h64,1764295876,106.300191662985
0,h14_h64,1764295877,178.7497999811747
0,h14_h64,1764295878,219.159463011641
0,h14_h64,1764295879,229.07031581837865
0,h14_h64,1764295880,186.1394699197637
0,h14_h64,1764295881,122.73330220634811
0,h14_h64,1764295882,107.78709720236832
0,h14_h64,1764295883,111.133912288694
0,h14_h64,1764295884,70.73463682389941
0,h14_h64,1764295885,30.174227078763096
0,h14_h64,1764295886,25.711719159030636
0,h14_h64,1764295887,25.409981102350955
0,h14_h64,1764295888,25.211187626014667
0,h14_h64,1764295889,25.133557151367288
0,h14_h64,1764295890,24.944668847799697
0,h14_h64,1764295891,25.2306124166979
0,h14_h64,1764295892,25.445092005478735
0,h14_h64,1764295893,45.55271341225684
0,h14_h64,1764295894,91.19178250461314
0,h14_h64,1764295895,130.24017457176586
0,h14_h64,1764295896,143.69895231580614
0,h14_h64,1764295897,188.77203975087443
0,h14_h64,1764295898,257.7716701703941
0,h14_h64,1764295899,253.77759561807312
0,h14_h64,1764295900,162.46377710063555
0,h14_h64,1764295901,60.259590833459384
0,h14_h64,1764295902,103.08263616519444
0,h14_h64,1764295903,115.4865586026785
0,h14_h64,1764295904,112.12769489961156
0,h14_h64,1764295905,92.25249099818808
0,h14_h64,1764295906,81.25125939237485
0,h14_h64,1764295907,87.53705689411021
0,h14_h64,1764295908,60.8929767420207
0,h14_h64,1764295909,25.348224827275537
0,h14_h64,1764295910,70.83047256169705
0,h14_h64,1764295911,129.80159897275337
0,h14_h64,1764295912,139.40032423359165
0,h14_h64,1764295913,92.31409707350002
0,h14_h64,1764295914,44.58324486389678
0,h14_h64,1764295915,38.7764847589894
0,h14_h64,1764295916,25.360118209086927
0,h14_h64,1764295917,25.646235216652435
0,h14_h64,1764295918,25.298624274242787
0,h14_h64,1764295919,25.25058857038208
0,h14_h64,1764295920,25.3
0,h14_h64,1764295921,25.3
0,h14_h64,1764295922,41.782882010134905
0,h14_h64,1764295923,42.38591928410423
0,h14_h64,1764295924,48.556066999876194
0,h14_h64,1764295925,69.11708637259494
0,h14_h64,1764295926,63.16555911422423
0,h14_h64,1764295927,68.56175462855903
0,h14_h64,1764295928,69.86578771314743
0,h14_h64,1764295929,60.88496083160439
0,h14_h64,1764295930,48.32366222870956
0,h14_h64,1764295931,34.010414466946976
0,h14_h64,1764295932,90.68484802225144
0,h14_h64,1764295933,174.98196614412277
0,h14_h64,1764295934,178.36159597136358
0,h14_h64,1764295935,199.9486193235817
0,h14_h64,1764295936,221.68419890987255
0,h14_h64,1764295937,197.25434476738303
0,h14_h64,1764295938,119.66327017179756
0,h14_h64,1764295939,86.344136318663
0,h14_h64,1764295940,127.70282552643638
0,h14_h64,1764295941,141.6370363486901
0,h14_h64,1764295942,141.0
0,h14_h64,1764295943,141.0
0,h14_h64,1764295944,141.3599564766558
0,h14_h64,1764295945,142.0
0,h14_h64,1764295946,141.64295956484696
0,h14_h64,1764295947,141.0
0,h14_h64,1764295948,141.0
0,h14_h64,1764295949,139.22756938674254
0,h14_h64,1764295950,91.34987836167986
0,h14_h64,1764295951,35.230043698130004
0,h14_h64,1764295952,46.747022147642674
0,h14_h64,1764295953,35.97524441116697
0,h14_h64,1764295954,24.7
0,h14_h64,1764295955,24.7
0,h14_h64,1764295956,24.65410419926603
0,h14_h64,1764295957,24.554262285520437
0,h14_h64,1764295958,24.77335127149189
0,h14_h64,1764295959,24.918364662518456
0,h14_h64,1764295960,24.60939686883721
0,h14_h64,1764295961,24.5
0,h14_h64,1764295962,24.5
0,h14_h64,1764295963,24.544918622501385
0,h14_h64,1764295964,40.2032671885642
0,h14_h64,1764295965,59.7539122085048
0,h14_h64,1764295966,43.974284474384206
0,h14_h64,1764295967,24.5
0,h14_h64,1764295968,24.544260295196857
0,h14_h64,1764295969,29.13900907707207
0,h14_h64,1764295970,46.08061212320055
0,h14_h64,1764295971,46.32658822930423
0,h14_h64,1764295972,24.881406243149844
0,h14_h64,1764295973,24.6
0,h14_h64,1764295974,24.6
0,h14_h64,1764295975,24.773066217560903
0,h14_h64,1764295976,24.827432029411657
0,h14_h64,1764295977,24.6
0,h14_h64,1764295978,24.6
0,h14_h64,1764295979,38.73243444234303
0,h14_h64,1764295980,57.62202884712931
0,h14_h64,1764295981,43.15428057105069
0,h14_h64,1764295982,24.6
0,h14_h64,1764295983,24.6
0,h14_h64,1764295984,24.6
0,h14_h64,1764295985,24.6
0,h14_h64,1764295986,38.42189294835477
0,h14_h64,1764295987,45.46764328423113
0,h14_h64,1764295988,24.6
0,h14_h64,1764295989,24.6
0,h14_h64,1764295990,24.64096720963825
0,h14_h64,1764295991,24.659191047360963
0,h14_h64,1764295992,24.6
0,h14_h64,1764295993,24.6
0,h14_h64,1764295994,29.97744112730889
0,h14_h64,1764295995,32.771570039206864
0,h14_h64,1764295996,37.72819870605109
0,h14_h64,1764295997,45.588294065880014
0,h14_h64,1764295998,24.6
0,h14_h64,1764295999,24.639690097171307
0,h14_h64,1764296000,24.660479158217036
0,h14_h64,1764296001,24.757352585331684
0,h14_h64,1764296002,24.88244475972311
0,h14_h64,1764296003,24.660925203901833
0,h14_h64,1764296004,24.63890324163732
0,h14_h64,1764296005,40.02573058039751
0,h14_h64,1764296006,64.10009027220156
0,h14_h64,1764296007,47.83018654234624
0,h14_h64,1764296008,25.038177938088943
0,h14_h64,1764296009,24.909587135667476
0,h14_h64,1764296010,24.827738934892157
0,h14_h64,1764296011,25.2
0,h14_h64,1764296012,25.16235054395392
0,h14_h64,1764296013,25.1
0,h14_h64,1764296014,25.174829503394932
0,h14_h64,1764296015,25.3
0,h14_h64,1764296016,25.26284950576626
0,h14_h64,1764296017,25.23702233816597
0,h14_h64,1764296018,25.26311008875014
0,h14_h64,1764296019,25.273518607486988
0,h14_h64,1764296020,25.4
0,h14_h64,1764296021,37.18910575744073
0,h14_h64,1764296022,47.327688726413434
0,h14_h64,1764296023,25.23621898266277
0,h14_h64,1764296024,25.3
0,h14_h64,1764296025,38.29656763254425
0,h14_h64,1764296026,50.553280655476385
0,h14_h64,1764296027,25.536900969362275
0,h14_h64,1764296028,60.082392706676146
0,h14_h64,1764296029,136.2182810352197
0,h14_h64,1764296030,140.0
0,h14_h64,1764296031,138.57667148377007
0,h14_h64,1764296032,134.24047235156016
0,h14_h64,1764296033,136.1870407451582
0,h14_h64,1764296034,140.0
0,h14_h64,1764296035,138.8402901938305
0,h14_h64,1764296036,135.46846216742117
0,h14_h64,1764296037,137.69015617935693
0,h14_h64,1764296038,110.77363914922358
0,h14_h64,1764296039,52.75349390525558
0,h14_h64,1764296040,118.867291416084
0,h14_h64,1764296041,140.2233335876812
0,h14_h64,1764296042,143.61815722067132
0,h14_h64,1764296043,126.78808286653228
0,h14_h64,1764296044,35.81576967651424
0,h14_h64,1764296045,25.23349521021345
0,h14_h64,1764296046,25.534009191898747
0,h14_h64,1764296047,25.2
0,h14_h64,1764296048,25.397600157067128
0,h14_h64,1764296049,25.73448555348914
0,h14_h64,1764296050,25.37167168581071
0,h14_h64,1764296051,25.12728444176004
0,h14_h64,1764296052,25.34186686538832
0,h14_h64,1764296053,24.767841374463337
0,h14_h64,1764296054,24.92372006232971
0,h14_h64,1764296055,25.336499768077346
0,h14_h64,1764296056,25.35802841162901
0,h14_h64,1764296057,46.262070897809195
0,h14_h64,1764296058,107.53862947191334
0,h14_h64,1764296059,140.7343929811979
0,h14_h64,1764296060,105.1294470173039
0,h14_h64,1764296061,59.31788123202678
0,h14_h64,1764296062,43.133371629215944
0,h14_h64,1764296063,76.27251138829023
0,h14_h64,1764296064,42.30094606853996
0,h14_h64,1764296065,31.607263377416288
0,h14_h64,1764296066,39.945845186617106
0,h14_h64,1764296067,48.74746524135397
0,h14_h64,1764296068,60.23543883668589
0,h14_h64,1764296069,75.77617606806838
0,h14_h64,1764296070,82.01381038833537
0,h14_h64,1764296071,110.5543503045327
0,h14_h64,1764296072,139.0
0,h14_h64,1764296073,139.0
0,h14_h64,1764296074,139.0
0,h14_h64,1764296075,139.70464537477304
0,h14_h64,1764296076,124.25440222100312
0,h14_h64,1764296077,51.55101521472547
0,h14_h64,1764296078,88.98297940986164
0,h14_h64,1764296079,146.01529699000744
0,h14_h64,1764296080,140.83147526657095
0,h14_h64,1764296081,139.832261694625
0,h14_h64,1764296082,139.1663017205554
0,h14_h64,1764296083,140.0
0,h14_h64,1764296084,140.0
0,h14_h64,1764296085,140.0
0,h14_h64,1764296086,140.0
0,h14_h64,1764296087,140.0
0,h14_h64,1764296088,139.2033646431069
0,h14_h64,1764296089,115.00210684560489
0,h14_h64,1764296090,54.0300705928297
0,h14_h64,1764296091,142.38875959457448
0,h14_h64,1764296092,139.15482603906756
0,h14_h64,1764296093,139.84681902761992
0,h14_h64,1764296094,139.0
0,h14_h64,1764296095,139.1509929090505
0,h14_h64,1764296096,139.85056798778112
0,h14_h64,1764296097,139.0
0,h14_h64,1764296098,139.14685705770128
0,h14_h64,1764296099,139.85585698313582
0,h14_h64,1764296100,139.0
0,h14_h64,1764296101,141.1147889038081
0,h14_h64,1764296102,145.40323574906554
0,h14_h64,1764296103,98.52251732425007
0,h14_h64,1764296104,150.44766370491283
0,h14_h64,1764296105,250.02644555098425
0,h14_h64,1764296106,250.92929281828148
0,h14_h64,1764296107,247.8197198786035
0,h14_h64,1764296108,241.15675070936663
0,h14_h64,1764296109,246.20655422992823
0,h14_h64,1764296110,253.5523803132802
0,h14_h64,1764296111,225.5927213642408
0,h14_h64,1764296112,192.90370602041264
0,h14_h64,1764296113,164.35241466157223
0,h14_h64,1764296114,127.28441972772649
0,h14_h64,1764296115,52.28597501928834
0,h14_h64,1764296116,101.27084618627065
0,h14_h64,1764296117,134.39356535167633
0,h14_h64,1764296118,143.88453472732593
0,h14_h64,1764296119,142.42318133535497
0,h14_h64,1764296120,138.81821373390986
0,h14_h64,1764296121,144.89014013471734
0,h14_h64,1764296122,144.0
0,h14_h64,1764296123,146.00870642900162
0,h14_h64,1764296124,167.80382827057605
0,h14_h64,1764296125,221.62374264966343
0,h14_h64,1764296126,242.9412574381128
0,h14_h64,1764296127,231.05832121530892
0,h14_h64,1764296128,177.326339991942
0,h14_h64,1764296129,262.36929682580933
0,h14_h64,1764296130,256.1004505315408
0,h14_h64,1764296131,255.01243754108395
0,h14_h64,1764296132,229.9161557589119
0,h14_h64,1764296133,222.94821155824545
0,h14_h64,1764296134,219.94332431568063
0,h14_h64,1764296135,217.1274315940469
0,h14_h64,1764296136,223.02887208103675
0,h14_h64,1764296137,224.94738456950697
0,h14_h64,1764296138,220.08516031497496
0,h14_h64,1764296139,224.14147631084623
0,h14_h64,1764296140,47.92913734505663
0,h14_h64,1764296141,146.04306754483216
0,h14_h64,1764296142,211.86169081595432
0,h14_h64,1764296143,256.74623461914496
0,h14_h64,1764296144,239.2020671827101
0,h14_h64,1764296145,240.97291288023823
0,h14_h64,1764296146,240.01296525057103
0,h14_h64,1764296147,241.9672282114792
0,h14_h64,1764296148,245.91426143090388
0,h14_h64,1764296149,247.95054926513535
0,h14_h64,1764296150,160.79359254976143
0,h14_h64,1764296151,96.34919251835994
0,h14_h64,1764296152,81.26583794906772
0,h14_h64,1764296153,51.47887579956931
0,h14_h64,1764296154,141.0
0,h14_h64,1764296155,141.0
0,h14_h64,1764296156,141.0
0,h14_h64,1764296157,141.0
0,h14_h64,1764296158,140.9268931184074
0,h14_h64,1764296159,140.07261586889538
0,h14_h64,1764296160,141.0
0,h14_h64,1764296161,140.9305454696301
0,h14_h64,1764296162,140.06930460191242
0,h14_h64,1764296163,141.0677502044179
0,h14_h64,1764296164,141.93460669720065
0,h14_h64,1764296165,135.19228218902785
0,h14_h64,1764296166,62.3472188620318
0,h14_h64,1764296167,88.42808472592084
0,h14_h64,1764296168,98.74128246220744
0,h14_h64,1764296169,73.9059447204298
0,h14_h64,1764296170,36.28648860827757
0,h14_h64,1764296171,26.396663812251752
0,h14_h64,1764296172,25.934247701618386
0,h14_h64,1764296173,26.218901858804365
0,h14_h64,1764296174,26.614716498065384
0,h14_h64,1764296175,27.630033957240528
0,h14_h64,1764296176,40.278360463880375
0,h14_h64,1764296177,72.784630062459
0,h14_h64,1764296178,190.9661879850609
0,h14_h64,1764296179,25.86559463943532
0,h14_h64,1764296180,26.08611081849784
0,h14_h64,1764296181,26.37085955000308
0,h14_h64,1764296182,37.12765548320013
0,h14_h64,1764296183,67.10789300066125
0,h14_h64,1764296184,25.015826296645393
0,h14_h64,1764296185,35.39315780230758
0,h14_h64,1764296186,99.51601274540576
0,h14_h64,1764296187,147.9022587950863
0,h14_h64,1764296188,140.2983018877113
0,h14_h64,1764296189,25.015309171672666
0,h14_h64,1764296190,25.03921591847851
0,h14_h64,1764296191,38.49416429446825
0,h14_h64,1764296192,125.78887035864688
0,h14_h64,1764296193,140.5041367300696
0,h14_h64,1764296194,125.62076773276614
0,h14_h64,1764296195,117.29196720666754
0,h14_h64,1764296196,103.18847472065956
0,h14_h64,1764296197,77.47118288961812
0,h14_h64,1764296198,66.60663537758599
0,h14_h64,1764296199,25.629641704592864
0,h14_h64,1764296200,25.13020073025313
0,h14_h64,1764296201,24.7
0,h14_h64,1764296202,24.7
0,h14_h64,1764296203,24.7
0,h14_h64,1764296204,24.767484526751534
0,h14_h64,1764296205,33.54947413806963
0,h14_h64,1764296206,95.4532601321647
0,h14_h64,1764296207,149.52451270481396
0,h14_h64,1764296208,224.3481891843737
0,h14_h64,1764296209,235.5035269765984
0,h14_h64,1764296210,171.31016355125297
0,h14_h64,1764296211,99.96484170658916
0,h14_h64,1764296212,145.9738691330514
0,h14_h64,1764296213,138.7502274385916
0,h14_h64,1764296214,115.03234351085077
0,h14_h64,1764296215,114.33765929546524
0,h14_h64,1764296216,64.57850063825768
0,h14_h64,1764296217,59.99038884315338
0,h14_h64,1764296218,25.211797855424653
0,h14_h64,1764296219,25.31168266075295
0,h14_h64,1764296220,25.330559438010567
0,h14_h64,1764296221,24.857375996407537
0,h14_h64,1764296222,25.3
0,h14_h64,1764296223,25.27769721959113
0,h14_h64,1764296224,25.04462941879267
0,h14_h64,1764296225,24.61101053996703
0,h14_h64,1764296226,24.77619268171996
0,h14_h64,1764296227,25.36783254618538
0,h14_h64,1764296228,25.13192355905388
0,h14_h64,1764296229,25.368469505178364
0,h14_h64,1764296230,25.120869035933357
0,h14_h64,1764296231,25.248387112147384
0,h14_h64,1764296232,28.346741503636267
0,h14_h64,1764296233,58.20041111886057
0,h14_h64,1764296234,25.340328891706445
0,h14_h64,1764296235,24.790099041737488
0,h14_h64,1764296236,24.77835481485765
0,h14_h64,1764296237,25.422984104237415
0,h14_h64,1764296238,24.7
0,h14_h64,1764296239,24.766084759542064
0,h14_h64,1764296240,25.344353389796375
0,h14_h64,1764296241,24.8
0,h14_h64,1764296242,27.963656101506828
0,h14_h64,1764296243,58.817521546578554
0,h14_h64,1764296244,25.34695825442004
0,h14_h64,1764296245,24.8
0,h14_h64,1764296246,24.791312496799005
0,h14_h64,1764296247,24.7
0,h14_h64,1764296248,24.708493966765232
0,h14_h64,1764296249,24.8
0,h14_h64,1764296250,24.78344495555995
0,h14_h64,1764296251,24.657308734390636
0,h14_h64,1764296252,25.25186301032956
0,h14_h64,1764296253,24.707973583555948
0,h14_h64,1764296254,24.831378584353335
0,h14_h64,1764296255,28.490072202618585
0,h14_h64,1764296256,68.8791602437952
0,h14_h64,1764296257,25.292589194633734
0,h14_h64,1764296258,27.657946618507715
0,h14_h64,1764296259,58.63342158855947
0,h14_h64,1764296260,24.7
0,h14_h64,1764296261,24.7
0,h14_h64,1764296262,24.742012129100008
0,h14_h64,1764296263,27.695775206251454
0,h14_h64,1764296264,60.431623395960635
0,h14_h64,1764296265,25.425592695284628
0,h14_h64,1764296266,27.079874759823493
0,h14_h64,1764296267,27.61232833123497
0,h14_h64,1764296268,61.78956891992798
0,h14_h64,1764296269,24.7
0,h14_h64,1764296270,26.66246209100554
0,h14_h64,1764296271,58.19998654849269
0,h14_h64,1764296272,61.21601493335177
0,h14_h64,1764296273,25.5503236004866
0,h14_h64,1764296274,24.7
0,h14_h64,1764296275,24.7
0,h14_h64,1764296276,24.7
0,h14_h64,1764296277,24.7
0,h14_h64,1764296278,24.7
0,h14_h64,1764296279,26.35047170722642
0,h14_h64,1764296280,59.57141600395419
0,h14_h64,1764296281,25.104564521395435
0,h14_h64,1764296282,25.2
0,h14_h64,1764296283,25.2
0,h14_h64,1764296284,25.2
0,h14_h64,1764296285,25.2
0,h14_h64,1764296286,25.19596677901816
0,h14_h64,1764296287,25.096065164805538
0,h14_h64,1764296288,25.00383390363002
0,h14_h64,1764296289,25.1
0,h14_h64,1764296290,25.07829176957214
0,h14_h64,1764296291,24.521437833700197
0,h14_h64,1764296292,25.10340659895479
0,h14_h64,1764296293,25.2
0,h14_h64,1764296294,25.196818554636707
0,h14_h64,1764296295,25.1
0,h14_h64,1764296296,25.10296455357258
0,h14_h64,1764296297,25.2
0,h14_h64,1764296298,25.19726275229279
0,h14_h64,1764296299,25.1
0,h14_h64,1764296300,25.10506967559648
0,h14_h64,1764296301,25.283135195585057
0,h14_h64,1764296302,24.614255329682468
0,h14_h64,1764296303,25.202208817408188
0,h14_h64,1764296304,25.29790247183582
0,h14_h64,1764296305,25.19800040968866
0,h14_h64,1764296306,25.85339603910571
0,h14_h64,1764296307,65.38120986151966
0,h14_h64,1764296308,25.59672236197664
0,h14_h64,1764296309,25.398445722097712
0,h14_h64,1764296310,25.295647774677953
0,h14_h64,1764296311,25.001377149421916
0,h14_h64,1764296312,25.103792416928012
0,h14_h64,1764296313,25.4
0,h14_h64,1764296314,25.401019528479686
0,h14_h64,1764296315,26.251791014706576
0,h14_h64,1764296316,109.1946865653248
0,h14_h64,1764296317,140.97849973852504
0,h14_h64,1764296318,134.12697533109446
0,h14_h64,1764296319,172.4826794267091
0,h14_h64,1764296320,207.77589923926325
0,h14_h64,1764296321,250.62645863529403
0,h14_h64,1764296322,257.91433915465467
0,h14_h64,1764296323,233.9454326003742
0,h14_h64,1764296324,113.73736683527576
0,h14_h64,1764296325,185.51488485147928
0,h14_h64,1764296326,201.0
0,h14_h64,1764296327,211.57449706668748
0,h14_h64,1764296328,214.8086785685323
0,h14_h64,1764296329,214.19161336355924
0,h14_h64,1764296330,215.6116196192352
0,h14_h64,1764296331,220.00270635000217
0,h14_h64,1764296332,222.59401694773433
0,h14_h64,1764296333,226.95817015521249
0,h14_h64,1764296334,240.44498836363823
0,h14_h64,1764296335,253.9261277385787
0,h14_h64,1764296336,109.99248951374932
0,h14_h64,1764296337,77.05527617776606
0,h14_h64,1764296338,87.13330524442176
0,h14_h64,1764296339,95.35388559259152
0,h14_h64,1764296340,103.285262228055
0,h14_h64,1764296341,35.62637953275046
0,h14_h64,1764296342,25.9150582278773
0,h14_h64,1764296343,25.701484999702256
0,h14_h64,1764296344,25.50328046801801
0,h14_h64,1764296345,25.5982486289989
0,h14_h64,1764296346,25.89434302024637
0,h14_h64,1764296347,26.781263099033932
0,h14_h64,1764296348,25.330805142955267
0,h14_h64,1764296349,30.650354763256736
0,h14_h64,1764296350,76.59197772109506
0,h14_h64,1764296351,85.51475328907647
0,h14_h64,1764296352,123.68301817371582
0,h14_h64,1764296353,85.62233996015408
0,h14_h64,1764296354,87.68533981080652
0,h14_h64,1764296355,48.508213900925675
0,h14_h64,1764296356,26.547132613916855
0,h14_h64,1764296357,25.60953404534583
0,h14_h64,1764296358,29.738593551099672
0,h14_h64,1764296359,28.93776690172981
0,h14_h64,1764296360,25.911103009876683
0,h14_h64,1764296361,25.703664380959367
0,h14_h64,1764296362,25.218672619820524
0,h14_h64,1764296363,93.80740005849954
0,h14_h64,1764296364,143.26770294079878
0,h14_h64,1764296365,124.32165677946716
0,h14_h64,1764296366,116.53047816757504
0,h14_h64,1764296367,32.59020968945539
0,h14_h64,1764296368,140.66113435536175
0,h14_h64,1764296369,244.4393078671237
0,h14_h64,1764296370,249.1398842863556
0,h14_h64,1764296371,157.6876955368944
0,h14_h64,1764296372,63.4167494972377
0,h14_h64,1764296373,143.7093952278892
0,h14_h64,1764296374,57.51613272440174
0,h14_h64,1764296375,93.91428845003318
0,h14_h64,1764296376,29.06834438436897
0,h14_h64,1764296377,94.45299754550264
0,h14_h64,1764296378,134.20058454307986
0,h14_h64,1764296379,111.60014724203212
0,h14_h64,1764296380,77.6144795701741
0,h14_h64,1764296381,27.65945337685823
0,h14_h64,1764296382,25.648081676620222
0,h14_h64,1764296383,135.6536893432573
0,h14_h64,1764296384,141.50869454848552
0,h14_h64,1764296385,127.1108091048262
0,h14_h64,1764296386,32.22470712382368
0,h14_h64,1764296387,25.206379856193912
0,h14_h64,1764296388,83.01261425996542
0,h14_h64,1764296389,133.97835861270823
0,h14_h64,1764296390,132.2568728081121
0,h14_h64,1764296391,147.0201528357997
0,h14_h64,1764296392,34.669582038301584
0,h14_h64,1764296393,25.35759122705707
0,h14_h64,1764296394,24.6571089666255
0,h14_h64,1764296395,26.45138237484257
0,h14_h64,1764296396,25.11925539526579
0,h14_h64,1764296397,25.36964371291627
0,h14_h64,1764296398,25.307725150316084
0,h14_h64,1764296399,24.654530767971565
0,h14_h64,1764296400,25.70327169923817
0,h14_h64,1764296401,25.61632540857353
0,h14_h64,1764296402,25.69173461462522
0,h14_h64,1764296403,25.3335896059814
0,h14_h64,1764296404,57.171780948916165
0,h14_h64,1764296405,27.88406269959443
0,h14_h64,1764296406,25.05600196996517
0,h14_h64,1764296407,25.008903197591746
0,h14_h64,1764296408,25.090983864026978
0,h14_h64,1764296409,25.1
0,h14_h64,1764296410,25.735037490051525
0,h14_h64,1764296411,25.618744208273004
0,h14_h64,1764296412,30.99839094265517
0,h14_h64,1764296413,48.17304216621008
0,h14_h64,1764296414,66.52291222484266
0,h14_h64,1764296415,85.02739005112596
0,h14_h64,1764296416,104.43793183606824
0,h14_h64,1764296417,122.44691119894328
0,h14_h64,1764296418,173.66792534704854
0,h14_h64,1764296419,233.34197025495055
0,h14_h64,1764296420,254.0
0,h14_h64,1764296421,254.0
0,h14_h64,1764296422,254.65318303461655
0,h14_h64,1764296423,254.34715351609057
0,h14_h64,1764296424,59.837826615892425
0,h14_h64,1764296425,37.72807933857477
0,h14_h64,1764296426,76.92082832125232
0,h14_h64,1764296427,95.60082766900103
0,h14_h64,1764296428,106.79126638295624
0,h14_h64,1764296429,46.21307396621177
0,h14_h64,1764296430,105.68107457630676
0,h14_h64,1764296431,134.69195415921803
0,h14_h64,1764296432,138.75867849155594
0,h14_h64,1764296433,127.45606910562611
0,h14_h64,1764296434,131.65978623272204
0,h14_h64,1764296435,140.05746796095946
0,h14_h64,1764296436,139.7273133278331
0,h14_h64,1764296437,89.41398251024653
0,h14_h64,1764296438,129.29173384658029
0,h14_h64,1764296439,141.98588324957245
0,h14_h64,1764296440,140.244321909601
0,h14_h64,1764296441,217.3470892158394
0,h14_h64,1764296442,236.19219646769636
0,h14_h64,1764296443,201.30464560425685
0,h14_h64,1764296444,170.41421285142138
0,h14_h64,1764296445,129.30364274018257
0,h14_h64,1764296446,148.15584062959786
0,h14_h64,1764296447,145.25100184585298
0,h14_h64,1764296448,134.15261627032697
0,h14_h64,1764296449,41.0602001779787
0,h14_h64,1764296450,82.82823131218339
0,h14_h64,1764296451,111.65765888566648
0,h14_h64,1764296452,124.460768024176
0,h14_h64,1764296453,132.3274669211169
0,h14_h64,1764296454,141.5140865291939
0,h14_h64,1764296455,144.0
0,h14_h64,1764296456,116.88282339111676
0,h14_h64,1764296457,80.3378693230032
0,h14_h64,1764296458,32.61591849254251
0,h14_h64,1764296459,27.16082238667812
0,h14_h64,1764296460,55.27987568402808
0,h14_h64,1764296461,31.065555990785622
0,h14_h64,1764296462,25.214519338963814
0,h14_h64,1764296463,86.94161344921758
0,h14_h64,1764296464,137.19390454934182
0,h14_h64,1764296465,147.53327635262264
0,h14_h64,1764296466,142.57262855903392
0,h14_h64,1764296467,141.73886586230086
0,h14_h64,1764296468,141.26119505302898
0,h14_h64,1764296469,140.26026433265994
0,h14_h64,1764296470,188.3876836163477
0,h14_h64,1764296471,152.5417153851693
0,h14_h64,1764296472,132.4943488487691
0,h14_h64,1764296473,140.39592321080983
0,h14_h64,1764296474,140.78224474234835
0,h14_h64,1764296475,44.1399726585188
0,h14_h64,1764296476,78.1504661872908
0,h14_h64,1764296477,104.22176584303644
0,h14_h64,1764296478,207.13380011991228
0,h14_h64,1764296479,245.26860551327823
0,h14_h64,1764296480,234.50435083362257
0,h14_h64,1764296481,171.33976349266868
0,h14_h64,1764296482,61.01084667357799
0,h14_h64,1764296483,27.636844845947472
0,h14_h64,1764296484,25.26988979168056
0,h14_h64,1764296485,25.215153801795157
0,h14_h64,1764296486,25.62351602874874
0,h14_h64,1764296487,25.7
0,h14_h64,1764296488,25.44648342624161
0,h14_h64,1764296489,25.31558742110561
0,h14_h64,1764296490,43.53103915479448
0,h14_h64,1764296491,28.95436482444806
0,h14_h64,1764296492,25.23176980175022
0,h14_h64,1764296493,25.535907487017266
0,h14_h64,1764296494,25.348378613997227
0,h14_h64,1764296495,25.383759175973417
0,h14_h64,1764296496,91.39167669206437
0,h14_h64,1764296497,134.27718357087628
0,h14_h64,1764296498,139.39038050612777
0,h14_h64,1764296499,198.9299313329683
0,h14_h64,1764296500,124.69458064089024
0,h14_h64,1764296501,36.014108002122356
0,h14_h64,1764296502,25.95071419784826
0,h14_h64,1764296503,54.030800178975525
0,h14_h64,1764296504,31.400972498515788
0,h14_h64,1764296505,25.033804683005613
0,h14_h64,1764296506,27.069737333200607
0,h14_h64,1764296507,54.43094155159966
0,h14_h64,1764296508,31.65943744309742
0,h14_h64,1764296509,52.27601935106452
0,h14_h64,1764296510,31.35475973910728
0,h14_h64,1764296511,25.2
0,h14_h64,1764296512,25.117719029906237
0,h14_h64,1764296513,25.1
0,h14_h64,1764296514,25.182064419123893
0,h14_h64,1764296515,26.100578188297337
0,h14_h64,1764296516,26.136437205290537
0,h14_h64,1764296517,26.1
0,h14_h64,1764296518,25.36514836614863
0,h14_h64,1764296519,27.72043696495819
0,h14_h64,1764296520,32.095706988576936
0,h14_h64,1764296521,26.66619700559258
0,h14_h64,1764296522,25.11874696009211
0,h14_h64,1764296523,25.1
0,h14_h64,1764296524,25.1
0,h14_h64,1764296525,25.18093119326461
0,h14_h64,1764296526,34.78411366613046
0,h14_h64,1764296527,51.875041578899385
0,h14_h64,1764296528,70.1741953499041
0,h14_h64,1764296529,88.2099959932053
0,h14_h64,1764296530,106.74027701596556
0,h14_h64,1764296531,125.39463623649864
0,h14_h64,1764296532,161.10360802196396
0,h14_h64,1764296533,150.8607674375351
0,h14_h64,1764296534,139.0
0,h14_h64,1764296535,139.0
0,h14_h64,1764296536,139.0
0,h14_h64,1764296537,138.3089613305621
0,h14_h64,1764296538,49.77953336830815
0,h14_h64,1764296539,115.37932895219905
0,h14_h64,1764296540,133.27696181972243
0,h14_h64,1764296541,109.95326690115134
0,h14_h64,1764296542,104.72109804753951
0,h14_h64,1764296543,66.67508822072243
0,h14_h64,1764296544,31.154627708208324
0,h14_h64,1764296545,25.1
0,h14_h64,1764296546,25.020185156118444
0,h14_h64,1764296547,25.875834716925297
0,h14_h64,1764296548,80.53235634184674
0,h14_h64,1764296549,133.52644742717828
0,h14_h64,1764296550,59.04291826066641
0,h14_h64,1764296551,171.05074730103192
0,h14_h64,1764296552,251.5397612453804
0,h14_h64,1764296553,254.43562184726284
0,h14_h64,1764296554,254.0
0,h14_h64,1764296555,254.5653077309048
0,h14_h64,1764296556,258.3706271691846
0,h14_h64,1764296557,257.06128439601116
0,h14_h64,1764296558,253.43391643183253
0,h14_h64,1764296559,253.56570218083365
0,h14_h64,1764296560,254.56454603195175
0,h14_h64,1764296561,254.43539601149388
0,h14_h64,1764296562,254.0
0,h14_h64,1764296563,92.84110847414324
0,h14_h64,1764296564,86.84057342510746
0,h14_h64,1764296565,146.56236520517157
0,h14_h64,1764296566,197.0017386697972
0,h14_h64,1764296567,221.9532876514401
0,h14_h64,1764296568,219.42313390667775
0,h14_h64,1764296569,205.2072794765549
0,h14_h64,1764296570,149.58479681260127
0,h14_h64,1764296571,113.749596462281
0,h14_h64,1764296572,95.3793799835239
0,h14_h64,1764296573,119.96311276575356
0,h14_h64,1764296574,137.74648620214515
0,h14_h64,1764296575,114.7721070048523
0,h14_h64,1764296576,50.25824835411553
0,h14_h64,1764296577,45.26725287487111
0,h14_h64,1764296578,32.36225743086975
0,h14_h64,1764296579,26.22747683858211
0,h14_h64,1764296580,25.250216143407197
0,h14_h64,1764296581,25.96176922372398
0,h14_h64,1764296582,25.573872282637836
0,h14_h64,1764296583,47.36861568902904
0,h14_h64,1764296584,32.038423809958815
0,h14_h64,1764296585,25.83419640653989
0,h14_h64,1764296586,45.20862441037763
0,h14_h64,1764296587,31.89771330950386
0,h14_h64,1764296588,25.265384142077764
0,h14_h64,1764296589,56.37685001104485
0,h14_h64,1764296590,100.74119089907764
0,h14_h64,1764296591,135.0476087276808
0,h14_h64,1764296592,161.66958929363318
0,h14_h64,1764296593,176.01480655328746
0,h14_h64,1764296594,184.56305997036873
0,h14_h64,1764296595,192.87198994563337
0,h14_h64,1764296596,200.8060840819443
0,h14_h64,1764296597,208.7425398037165
0,h14_h64,1764296598,221.283091830969
0,h14_h64,1764296599,222.2093337018458
0,h14_h64,1764296600,199.33849692288948
0,h14_h64,1764296601,69.30602040350033
0,h14_h64,1764296602,127.65591879289104
0,h14_h64,1764296603,177.62284212040032
0,h14_h64,1764296604,171.08513948515943
0,h14_h64,1764296605,172.63898916967509
0,h14_h64,1764296606,154.04734634746018
0,h14_h64,1764296607,142.0
0,h14_h64,1764296608,140.02269958224886
0,h14_h64,1764296609,135.0199132550209
0,h14_h64,1764296610,133.0
0,h14_h64,1764296611,137.61897874980846
0,h14_h64,1764296612,153.5185145129217
0,h14_h64,1764296613,146.69533741613927
0,h14_h64,1764296614,134.36988245653117
0,h14_h64,1764296615,178.304566628901
0,h14_h64,1764296616,179.89762719573983
0,h14_h64,1764296617,179.03322369972426
0,h14_h64,1764296618,156.3853329650241
0,h14_h64,1764296619,132.6927658355284
0,h14_h64,1764296620,123.27309923962602
0,h14_h64,1764296621,114.55651770256353
0,h14_h64,1764296622,118.0897702636238
0,h14_h64,1764296623,125.01957577678373
0,h14_h64,1764296624,137.51204782408973
0,h14_h64,1764296625,143.0
0,h14_h64,1764296626,77.17648024635828
0,h14_h64,1764296627,99.6082909196918
0,h14_h64,1764296628,138.0376451831391
0,h14_h64,1764296629,143.7541182844789
0,h14_h64,1764296630,144.59358208997767
0,h14_h64,1764296631,148.57635774498547
0,h14_h64,1764296632,145.47434373525886
0,h14_h64,1764296633,166.7190099099839
0,h14_h64,1764296634,152.28502737479124
0,h14_h64,1764296635,128.71972771563983
0,h14_h64,1764296636,122.99835653156228
0,h14_h64,1764296637,115.25621423704206
0,h14_h64,1764296638,134.2588540559072
0,h14_h64,1764296639,60.5215092447353
0,h14_h64,1764296640,69.62709865958414
0,h14_h64,1764296641,161.01003280805566
0,h14_h64,1764296642,233.1112764688556
0,h14_h64,1764296643,255.0
0,h14_h64,1764296644,271.4736141820871
0,h14_h64,1764296645,265.1476287946235
0,h14_h64,1764296646,248.7526519841682
0,h14_h64,1764296647,253.594076049774
0,h14_h64,1764296648,255.0
0,h14_h64,1764296649,261.27784917671414
0,h14_h64,1764296650,260.72312797586545
0,h14_h64,1764296651,255.52808765732965
0,h14_h64,1764296652,100.0099889697622
0,h14_h64,1764296653,26.944463751331952
0,h14_h64,1764296654,26.473410582745217
0,h14_h64,1764296655,25.038873026665087
0,h14_h64,1764296656,49.4591952029897
0,h14_h64,1764296657,33.75109992734027
0,h14_h64,1764296658,63.75357205406573
0,h14_h64,1764296659,139.22975309688778
0,h14_h64,1764296660,188.9422952854346
0,h14_h64,1764296661,207.99507635576012
0,h14_h64,1764296662,216.2489460133511
0,h14_h64,1764296663,220.23220656973572
0,h14_h64,1764296664,215.2461651188746
0,h14_h64,1764296665,88.11473192105281
0,h14_h64,1764296666,105.46003888427416
0,h14_h64,1764296667,149.7567403733036
0,h14_h64,1764296668,144.93680104257672
0,h14_h64,1764296669,138.6879466658471
0,h14_h64,1764296670,138.19594440753977
0,h14_h64,1764296671,138.60067104989463
0,h14_h64,1764296672,139.0
0,h14_h64,1764296673,136.6016147839983
0,h14_h64,1764296674,163.017207987118
0,h14_h64,1764296675,220.44706761703705
0,h14_h64,1764296676,254.5214092836628
0,h14_h64,1764296677,254.4776598858533
0,h14_h64,1764296678,128.3599055291881
0,h14_h64,1764296679,84.78021702877349
0,h14_h64,1764296680,103.2569867662013
0,h14_h64,1764296681,109.00930708616664
0,h14_h64,1764296682,120.63338506013449
0,h14_h64,1764296683,131.50035384054166
0,h14_h64,1764296684,144.6503168771554
0,h14_h64,1764296685,146.98394842144597
0,h14_h64,1764296686,119.39588122436592
0,h14_h64,1764296687,92.8154622376462
0,h14_h64,1764296688,80.28049151600139
0,h14_h64,1764296689,75.06594944927353
0,h14_h64,1764296690,42.13684231323079
0,h14_h64,1764296691,25.09569306212723
0,h14_h64,1764296692,24.705607165932314
0,h14_h64,1764296693,24.936686622148944
0,h14_h64,1764296694,25.0
0,h14_h64,1764296695,25.339903632126116
0,h14_h64,1764296696,24.95694367479653
0,h14_h64,1764296697,58.9820761577536
0,h14_h64,1764296698,116.57123167926036
0,h14_h64,1764296699,142.3270483370053
0,h14_h64,1764296700,141.0
0,h14_h64,1764296701,139.32380845415074
0,h14_h64,1764296702,130.6417670291562
0,h14_h64,1764296703,61.42910290053768
0,h14_h64,1764296704,73.86177253776584
0,h14_h64,1764296705,138.8744861263351
0,h14_h64,1764296706,143.4408688400194
0,h14_h64,1764296707,117.12347120910712
0,h14_h64,1764296708,104.93215255603764
0,h14_h64,1764296709,112.05458495307342
0,h14_h64,1764296710,94.19902133617845
0,h14_h64,1764296711,68.64291093200657
0,h14_h64,1764296712,76.0602077013735
0,h14_h64,1764296713,134.8224394147209
0,h14_h64,1764296714,177.0
0,h14_h64,1764296715,152.7109563929291
0,h14_h64,1764296716,104.53905042517655
0,h14_h64,1764296717,47.652463277751885
0,h14_h64,1764296718,42.22909604970786
0,h14_h64,1764296719,35.991028188549365
0,h14_h64,1764296720,24.9589803506361
0,h14_h64,1764296721,24.7
0,h14_h64,1764296722,24.7
0,h14_h64,1764296723,24.637383575329075
0,h14_h64,1764296724,24.6
0,h14_h64,1764296725,44.84926696037231
0,h14_h64,1764296726,62.055236251265114
0,h14_h64,1764296727,40.514036697247704
0,h14_h64,1764296728,24.6
0,h14_h64,1764296729,44.24334710174351
0,h14_h64,1764296730,37.67748734590232
0,h14_h64,1764296731,24.6
0,h14_h64,1764296732,24.6
0,h14_h64,1764296733,24.6
0,h14_h64,1764296734,24.6
0,h14_h64,1764296735,24.6
0,h14_h64,1764296736,24.6
0,h14_h64,1764296737,24.6
0,h14_h64,1764296738,24.6
0,h14_h64,1764296739,24.6
0,h14_h64,1764296740,24.6
0,h14_h64,1764296741,24.66006082373849
0,h14_h64,1764296742,24.939456165565637
0,h14_h64,1764296743,24.861059630670223
0,h14_h64,1764296744,25.17643762408072
0,h14_h64,1764296745,25.02474287026634
0,h14_h64,1764296746,24.7
0,h14_h64,1764296747,24.7
0,h14_h64,1764296748,43.502048485848654
0,h14_h64,1764296749,38.69162221968993
0,h14_h64,1764296750,25.28692862718221
0,h14_h64,1764296751,25.231541235626604
0,h14_h64,1764296752,24.95839555323867
0,h14_h64,1764296753,25.0
0,h14_h64,1764296754,25.116165271781885
0,h14_h64,1764296755,25.14207783071888
0,h14_h64,1764296756,25.15779960672651
0,h14_h64,1764296757,25.43059329017013
0,h14_h64,1764296758,25.08217148068757
0,h14_h64,1764296759,44.542743976015046
0,h14_h64,1764296760,61.89187376989975
0,h14_h64,1764296761,41.755313871398585
0,h14_h64,1764296762,24.6
0,h14_h64,1764296763,24.656867116429908
0,h14_h64,1764296764,45.35143957139577
0,h14_h64,1764296765,41.660256916247846
0,h14_h64,1764296766,24.5
0,h14_h64,1764296767,24.5
0,h14_h64,1764296768,24.5
0,h14_h64,1764296769,24.555936328326496
0,h14_h64,1764296770,40.84555964889941
0,h14_h64,1764296771,57.06122809224527
0,h14_h64,1764296772,40.55422180823561
0,h14_h64,1764296773,24.5
0,h14_h64,1764296774,24.610327122456766
0,h14_h64,1764296775,42.68030924272392
0,h14_h64,1764296776,57.98495619252414
0,h14_h64,1764296777,39.95977467050725
0,h14_h64,1764296778,24.609064369588257
0,h14_h64,1764296779,24.7
0,h14_h64,1764296780,24.75421808236444
0,h14_h64,1764296781,24.691906087382076
0,h14_h64,1764296782,24.6
0,h14_h64,1764296783,41.61126826790188
0,h14_h64,1764296784,40.34834532402431
0,h14_h64,1764296785,24.59316250364525
0,h14_h64,1764296786,24.6597561033656
0,h14_h64,1764296787,24.69383958250272
0,h14_h64,1764296788,25.339795271005045
0,h14_h64,1764296789,46.8321159547862
0,h14_h64,1764296790,45.9756772274127
0,h14_h64,1764296791,25.2
0,h14_h64,1764296792,25.2
0,h14_h64,1764296793,25.095409770722164
0,h14_h64,1764296794,24.94770812818746
0,h14_h64,1764296795,24.9
0,h14_h64,1764296796,24.9
0,h14_h64,1764296797,24.9
0,h14_h64,1764296798,24.951614393755897
0,h14_h64,1764296799,24.742542522409252
0,h14_h64,1764296800,24.5
0,h14_h64,1764296801,24.448752453655818
0,h14_h64,1764296802,24.4
0,h14_h64,1764296803,24.450959536394297
0,h14_h64,1764296804,24.449184766305383
0,h14_h64,1764296805,24.4
0,h14_h64,1764296806,24.50103562678972
0,h14_h64,1764296807,24.6
0,h14_h64,1764296808,41.3125231397739
0,h14_h64,1764296809,42.268924232413994
0,h14_h64,1764296810,24.79984945763831
0,h14_h64,1764296811,25.10036013708121
0,h14_h64,1764296812,25.149114451587188
0,h14_h64,1764296813,25.3
0,h14_h64,1764296814,25.349479710025435
0,h14_h64,1764296815,25.301212261638195
0,h14_h64,1764296816,42.552710604615896
0,h14_h64,1764296817,44.220520577926635
0,h14_h64,1764296818,24.601922148978986
0,h14_h64,1764296819,24.5
0,h14_h64,1764296820,40.29709892209875
0,h14_h64,1764296821,42.409018254714475
0,h14_h64,1764296822,40.27174524284477
0,h14_h64,1764296823,42.70032007828892
0,h14_h64,1764296824,24.911368006140066
0,h14_h64,1764296825,24.791937896540876
0,h14_h64,1764296826,36.66767476413308
0,h14_h64,1764296827,38.4486755674578
0,h14_h64,1764296828,24.8141162105512
0,h14_h64,1764296829,24.6901138961704
0,h14_h64,1764296830,41.702697664746154
0,h14_h64,1764296831,58.89818816807229
0,h14_h64,1764296832,56.13451211826238
0,h14_h64,1764296833,42.43150682166242
0,h14_h64,1764296834,24.73399559129223
0,h14_h64,1764296835,25.0
0,h14_h64,1764296836,54.778843508722495
0,h14_h64,1764296837,64.27031376767779
0,h14_h64,1764296838,24.6
0,h14_h64,1764296839,24.55382761326273
0,h14_h64,1764296840,24.592024920709537
0,h14_h64,1764296841,24.60829603612907
0,h14_h64,1764296842,24.774050878670646
0,h14_h64,1764296843,42.77441734610905
0,h14_h64,1764296844,47.86535868576414
0,h14_h64,1764296845,25.05243718693344
0,h14_h64,1764296846,25.10414659068055
0,h14_h64,1764296847,24.589941749458408
0,h14_h64,1764296848,24.65519426944301
0,h14_h64,1764296849,24.867735436042633
0,h14_h64,1764296850,25.15554588380933
0,h14_h64,1764296851,25.14433699434133
0,h14_h64,1764296852,24.89029361036327
0,h14_h64,1764296853,24.896984271545428
0,h14_h64,1764296854,39.38826177156016
0,h14_h64,1764296855,44.30840429740519
0,h14_h64,1764296856,24.725084130319793
0,h14_h64,1764296857,24.71801870803535
0,h14_h64,1764296858,25.0
0,h14_h64,1764296859,25.0
0,h14_h64,1764296860,25.129283875605303
0,h14_h64,1764296861,25.21416990742494
0,h14_h64,1764296862,25.05719032932568
0,h14_h64,1764296863,25.17076466694919
0,h14_h64,1764296864,40.42366852027133
0,h14_h64,1764296865,46.97974555612652
0,h14_h64,1764296866,24.784718702561925
0,h14_h64,1764296867,25.11074245618508
0,h14_h64,1764296868,25.4
0,h14_h64,1764296869,25.525391029446276
0,h14_h64,1764296870,25.19986703116332
0,h14_h64,1764296871,24.707824814051538
0,h14_h64,1764296872,25.041401176958924
0,h14_h64,1764296873,33.39385734105153
0,h14_h64,1764296874,37.49599437797203
0,h14_h64,1764296875,25.25899809077146
0,h14_h64,1764296876,25.567528753678957
0,h14_h64,1764296877,63.38369705074744
0,h14_h64,1764296878,131.50625466177414
0,h14_h64,1764296879,141.42242306443762
0,h14_h64,1764296880,137.0858774282412
0,h14_h64,1764296881,125.78780348756712
0,h14_h64,1764296882,112.55960488224314
0,h14_h64,1764296883,102.10136189804882
0,h14_h64,1764296884,93.66082036598672
0,h14_h64,1764296885,88.43321666930801
0,h14_h64,1764296886,68.90785011659884
0,h14_h64,1764296887,30.87145640345771
0,h14_h64,1764296888,25.0
0,h14_h64,1764296889,24.88239439237106
0,h14_h64,1764296890,55.4299947532975
0,h14_h64,1764296891,120.2833966248898
0,h14_h64,1764296892,142.29997846387843
0,h14_h64,1764296893,133.33593505085358
0,h14_h64,1764296894,104.0724492896943
0,h14_h64,1764296895,52.34057377068429
0,h14_h64,1764296896,48.26344600811827
0,h14_h64,1764296897,24.93799969773887
0,h14_h64,1764296898,24.848527024798823
0,h14_h64,1764296899,24.713281880074657
0,h14_h64,1764296900,24.9
0,h14_h64,1764296901,24.93737737143749
0,h14_h64,1764296902,25.0
0,h14_h64,1764296903,31.91940407216265
0,h14_h64,1764296904,77.66145876978112
0,h14_h64,1764296905,147.53330609498173
0,h14_h64,1764296906,136.41516662837296
0,h14_h64,1764296907,124.93326145779471
0,h14_h64,1764296908,121.73110587138268
0,h14_h64,1764296909,144.29139329124646
0,h14_h64,1764296910,176.05954678430763
0,h14_h64,1764296911,51.490629007266506
0,h14_h64,1764296912,94.74838225255974
0,h14_h64,1764296913,87.72539725056524
0,h14_h64,1764296914,107.68755277129716
0,h14_h64,1764296915,170.22962785401944
0,h14_h64,1764296916,220.7047003273124
0,h14_h64,1764296917,189.23126187177576
0,h14_h64,1764296918,105.45050980243656
0,h14_h64,1764296919,25.366125581537126
0,h14_h64,1764296920,25.23338428673335
0,h14_h64,1764296921,25.5
0,h14_h64,1764296922,25.56619326060527
0,h14_h64,1764296923,32.128314443498795
0,h14_h64,1764296924,56.94159363416256
0,h14_h64,1764296925,83.26096972285622
0,h14_h64,1764296926,76.43353068012259
0,h14_h64,1764296927,57.3756521193713
0,h14_h64,1764296928,41.43879882712379
0,h14_h64,1764296929,30.300399044019947
0,h14_h64,1764296930,25.807501027204964
0,h14_h64,1764296931,25.528039940884742
0,h14_h64,1764296932,25.831872416026822
0,h14_h64,1764296933,25.86823259771368
0,h14_h64,1764296934,25.6733777395942
0,h14_h64,1764296935,25.431512727310828
0,h14_h64,1764296936,25.56278148653655
0,h14_h64,1764296937,25.4184751636522
0,h14_h64,1764296938,24.8
0,h14_h64,1764296939,24.9549816903618
0,h14_h64,1764296940,44.894490060091606
0,h14_h64,1764296941,105.14449547217458
0,h14_h64,1764296942,142.98264894318228
0,h14_h64,1764296943,128.37905419267364
0,h14_h64,1764296944,122.20809919092753
0,h14_h64,1764296945,102.04296250966668
0,h14_h64,1764296946,38.55451658448851
0,h14_h64,1764296947,48.81712289568967
0,h14_h64,1764296948,24.66990563239871
0,h14_h64,1764296949,24.62999861640543
0,h14_h64,1764296950,60.09677742282466
0,h14_h64,1764296951,175.89628634326624
0,h14_h64,1764296952,272.4405997965292
0,h14_h64,1764296953,241.7682626208795
0,h14_h64,1764296954,229.7985925754557
0,h14_h64,1764296955,118.03606044217698
0,h14_h64,1764296956,43.02311802632613
0,h14_h64,1764296957,25.413193028211207
0,h14_h64,1764296958,25.43038320030081
0,h14_h64,1764296959,25.68462181345367
0,h14_h64,1764296960,25.014550661536553
0,h14_h64,1764296961,25.27149090399784
0,h14_h64,1764296962,25.057859998007828
0,h14_h64,1764296963,24.671634645502746
0,h14_h64,1764296964,55.86686096139256
0,h14_h64,1764296965,147.57398625615497
0,h14_h64,1764296966,139.83436525386867
0,h14_h64,1764296967,139.0
0,h14_h64,1764296968,155.99863928700603
0,h14_h64,1764296969,254.0
0,h14_h64,1764296970,254.0
0,h14_h64,1764296971,254.046569765408
0,h14_h64,1764296972,255.0
0,h14_h64,1764296973,243.77594582495857
0,h14_h64,1764296974,63.429762193114705
0,h14_h64,1764296975,117.89951418752928
0,h14_h64,1764296976,172.20296124248696
0,h14_h64,1764296977,203.2020897564679
0,h14_h64,1764296978,216.1032667300387
0,h14_h64,1764296979,229.89207547524143
0,h14_h64,1764296980,243.6293762948427
0,h14_h64,1764296981,256.0355033291142
0,h14_h64,1764296982,256.931567704214
0,h14_h64,1764296983,255.0
0,h14_h64,1764296984,255.0
0,h14_h64,1764296985,254.96684405230567
0,h14_h64,1764296986,244.3844484176165
0,h14_h64,1764296987,55.181126957023025
0,h14_h64,1764296988,147.4513731071475
0,h14_h64,1764296989,143.2987038544881
0,h14_h64,1764296990,139.42996182444375
0,h14_h64,1764296991,142.6969651468283
0,h14_h64,1764296992,145.10400089488076
0,h14_h64,1764296993,132.85320528545554
0,h14_h64,1764296994,128.5484222288228
0,h14_h64,1764296995,109.33680905313336
0,h14_h64,1764296996,116.11349527543967
0,h14_h64,1764296997,143.1309769621963
0,h14_h64,1764296998,144.25847384155242
0,h14_h64,1764296999,147.61318834272095
0,h14_h64,1764297000,166.05284938502882
0,h14_h64,1764297001,228.13816053206364
0,h14_h64,1764297002,255.0
0,h14_h64,1764297003,255.0
0,h14_h64,1764297004,254.9895396566919
0,h14_h64,1764297005,254.0103039171212
0,h14_h64,1764297006,254.9914239391977
0,h14_h64,1764297007,254.0
0,h14_h64,1764297008,254.0
0,h14_h64,1764297009,253.99526355366552
0,h14_h64,1764297010,252.94401853077431
0,h14_h64,1764297011,238.54129206435053
0,h14_h64,1764297012,63.73101768646151
0,h14_h64,1764297013,128.38121174421133
0,h14_h64,1764297014,97.9391839476222
0,h14_h64,1764297015,75.96059531648777
0,h14_h64,1764297016,110.67106861442636
0,h14_h64,1764297017,162.26520761583242
0,h14_h64,1764297018,203.5250090203919
0,h14_h64,1764297019,127.64667792557316
0,h14_h64,1764297020,125.94977378633232
0,h14_h64,1764297021,133.76767033405395
0,h14_h64,1764297022,140.30715806931235
0,h14_h64,1764297023,141.09302020588152
0,h14_h64,1764297024,112.76955266390308
0,h14_h64,1764297025,36.118704629600295
0,h14_h64,1764297026,39.18348925116584
0,h14_h64,1764297027,47.82267982157504
0,h14_h64,1764297028,26.206917375684483
0,h14_h64,1764297029,25.413082601952222
0,h14_h64,1764297030,26.33132980450474
0,h14_h64,1764297031,25.279361853961515
0,h14_h64,1764297032,25.2
0,h14_h64,1764297033,25.2
0,h14_h64,1764297034,25.2
0,h14_h64,1764297035,25.2
0,h14_h64,1764297036,38.20187231630689
0,h14_h64,1764297037,85.65123244947222
0,h14_h64,1764297038,32.93562706525769
0,h14_h64,1764297039,37.484089226397614
0,h14_h64,1764297040,49.023117915282995
0,h14_h64,1764297041,57.68860085271722
0,h14_h64,1764297042,66.07779274459647
0,h14_h64,1764297043,74.32911028264982
0,h14_h64,1764297044,82.70844666913912
0,h14_h64,1764297045,90.88291848156932
0,h14_h64,1764297046,99.40079613392754
0,h14_h64,1764297047,107.85585107576205
0,h14_h64,1764297048,125.76461335676998
0,h14_h64,1764297049,235.23124816724336
0,h14_h64,1764297050,244.7659995361271
0,h14_h64,1764297051,66.79230033631285
0,h14_h64,1764297052,25.018424582356396
0,h14_h64,1764297053,25.1
0,h14_h64,1764297054,25.1
0,h14_h64,1764297055,25.1
0,h14_h64,1764297056,25.11793618176982
0,h14_h64,1764297057,25.2
0,h14_h64,1764297058,25.18228389775207
0,h14_h64,1764297059,25.117604634167076
0,h14_h64,1764297060,25.2
0,h14_h64,1764297061,25.2
0,h14_h64,1764297062,25.2
0,h14_h64,1764297063,31.27276170020348
0,h14_h64,1764297064,56.71401407831538
0,h14_h64,1764297065,25.28310693200483
0,h14_h64,1764297066,35.89150058785245
0,h14_h64,1764297067,86.09434803896015
0,h14_h64,1764297068,25.116536686357
0,h14_h64,1764297069,25.380373523670976
0,h14_h64,1764297070,26.137899784656792
0,h14_h64,1764297071,26.7482333613048
0,h14_h64,1764297072,32.79532476844332
0,h14_h64,1764297073,24.596219594375935
0,h14_h64,1764297074,30.075961155157906
0,h14_h64,1764297075,53.43342096298565
0,h14_h64,1764297076,26.061987364317112
0,h14_h64,1764297077,26.200153919647125
0,h14_h64,1764297078,30.75871152981178
0,h14_h64,1764297079,58.88685252929642
0,h14_h64,1764297080,25.28494023128319
0,h14_h64,1764297081,25.2
0,h14_h64,1764297082,25.2
0,h14_h64,1764297083,25.185301622306476
0,h14_h64,1764297084,29.992131016608973
0,h14_h64,1764297085,57.54387755102041
0,h14_h64,1764297086,37.81304070712165
0,h14_h64,1764297087,26.818233096467825
0,h14_h64,1764297088,35.268832447408016
0,h14_h64,1764297089,25.0
0,h14_h64,1764297090,25.027438956646773
0,h14_h64,1764297091,25.18648374066028
0,h14_h64,1764297092,25.1
0,h14_h64,1764297093,25.13986494206906
0,h14_h64,1764297094,25.386864342207524
0,h14_h64,1764297095,25.313004775985792
0,h14_h64,1764297096,25.34852096669665
0,h14_h64,1764297097,25.0
0,h14_h64,1764297098,25.0
0,h14_h64,1764297099,25.0
0,h14_h64,1764297100,25.0
0,h14_h64,1764297101,25.0
0,h14_h64,1764297102,25.0
0,h14_h64,1764297103,25.01206648990579
0,h14_h64,1764297104,25.088041089090517
0,h14_h64,1764297105,25.035578844406515
0,h14_h64,1764297106,25.27653104251685
0,h14_h64,1764297107,25.123298520448422
0,h14_h64,1764297108,25.3
0,h14_h64,1764297109,29.150234373759712
0,h14_h64,1764297110,57.37144962924288
0,h14_h64,1764297111,25.2
0,h14_h64,1764297112,25.2
0,h14_h64,1764297113,25.2
0,h14_h64,1764297114,25.2
0,h14_h64,1764297115,25.21067631012139
0,h14_h64,1764297116,28.53068178853503
0,h14_h64,1764297117,54.50991519956549
0,h14_h64,1764297118,25.058910116773884
0,h14_h64,1764297119,24.7916360827147
0,h14_h64,1764297120,25.500674470844885
0,h14_h64,1764297121,28.043728773688933
0,h14_h64,1764297122,58.5570171462272
0,h14_h64,1764297123,28.18564129409567
0,h14_h64,1764297124,58.49628333732898
0,h14_h64,1764297125,67.86925712426223
0,h14_h64,1764297126,37.097718527710725
0,h14_h64,1764297127,25.28220322010888
0,h14_h64,1764297128,25.205228731741776
0,h14_h64,1764297129,26.257263172191617
0,h14_h64,1764297130,25.70663079021735
0,h14_h64,1764297131,24.742023725633967
0,h14_h64,1764297132,25.2
0,h14_h64,1764297133,25.24066142331225
0,h14_h64,1764297134,25.6203246615686
0,h14_h64,1764297135,27.21824154209103
0,h14_h64,1764297136,56.0778310500597
0,h14_h64,1764297137,27.06997942837779
0,h14_h64,1764297138,58.063306713341014
0,h14_h64,1764297139,27.744703425720655
0,h14_h64,1764297140,61.25499941267025
0,h14_h64,1764297141,25.05773477108372
0,h14_h64,1764297142,24.548850050550104
0,h14_h64,1764297143,27.486347868362195
0,h14_h64,1764297144,59.063673308959125
0,h14_h64,1764297145,25.25440961295935
0,h14_h64,1764297146,24.837483503231766
0,h14_h64,1764297147,28.074546898237404
0,h14_h64,1764297148,24.512320037740096
0,h14_h64,1764297149,24.717969369371083
0,h14_h64,1764297150,25.0
0,h14_h64,1764297151,25.0
0,h14_h64,1764297152,25.0
0,h14_h64,1764297153,25.0
0,h14_h64,1764297154,25.0
0,h14_h64,1764297155,25.0
0,h14_h64,1764297156,25.0
0,h14_h64,1764297157,25.0
0,h14_h64,1764297158,25.004954258346043
0,h14_h64,1764297159,25.095161651102135
0,h14_h64,1764297160,24.976205582696913
0,h14_h64,1764297161,24.52396673479483
0,h14_h64,1764297162,26.577293090818067
0,h14_h64,1764297163,59.825293976873056
0,h14_h64,1764297164,24.608943333437264
0,h14_h64,1764297165,24.812892248663957
0,h14_h64,1764297166,25.1
0,h14_h64,1764297167,25.096028735100997
0,h14_h64,1764297168,25.0
0,h14_h64,1764297169,24.98108586909973
0,h14_h64,1764297170,24.525395076818345
0,h14_h64,1764297171,25.182658929928596
0,h14_h64,1764297172,24.69321166849366
0,h14_h64,1764297173,24.51618033884916
0,h14_h64,1764297174,25.003037449164704
0,h14_h64,1764297175,25.120409412951854
0,h14_h64,1764297176,26.561043654201864
0,h14_h64,1764297177,54.33126804842081
0,h14_h64,1764297178,26.36568527647701
0,h14_h64,1764297179,25.00244309145804
0,h14_h64,1764297180,25.8918903908899
0,h14_h64,1764297181,59.85819470920797
0,h14_h64,1764297182,25.275826245803444
0,h14_h64,1764297183,56.797529936375334
0,h14_h64,1764297184,24.6
0,h14_h64,1764297185,24.65474288087328
0,h14_h64,1764297186,27.656880467767216
0,h14_h64,1764297187,25.008444430550796
0,h14_h64,1764297188,66.64045977887497
0,h14_h64,1764297189,24.4
0,h14_h64,1764297190,24.901480416805015
0,h14_h64,1764297191,75.52633162810136
0,h14_h64,1764297192,24.69935435419352
0,h14_h64,1764297193,24.599030403051973
0,h14_h64,1764297194,24.4
0,h14_h64,1764297195,24.40019950347917
0,h14_h64,1764297196,24.519363198118537
0,h14_h64,1764297197,60.51898169163609
0,h14_h64,1764297198,24.50717035166214
0,h14_h64,1764297199,24.4
0,h14_h64,1764297200,24.4
0,h14_h64,1764297201,24.598547808657308
0,h14_h64,1764297202,57.37765353844256
0,h14_h64,1764297203,24.977176108983414
0,h14_h64,1764297204,24.698768354774757
0,h14_h64,1764297205,24.40412835944339
0,h14_h64,1764297206,24.59693324173431
0,h14_h64,1764297207,24.40335280653629
0,h14_h64,1764297208,24.4
0,h14_h64,1764297209,24.498028540774524
0,h14_h64,1764297210,24.5
0,h14_h64,1764297211,24.402262564093284
0,h14_h64,1764297212,24.595159839416706
0,h14_h64,1764297213,24.50256811550592
0,h14_h64,1764297214,24.40271141375486
0,h14_h64,1764297215,24.4
0,h14_h64,1764297216,24.496991362369833
0,h14_h64,1764297217,25.177382812119017
0,h14_h64,1764297218,24.619644525455595
0,h14_h64,1764297219,24.6
0,h14_h64,1764297220,24.6
0,h14_h64,1764297221,24.503748675555254
0,h14_h64,1764297222,25.459994568440734
0,h14_h64,1764297223,24.732631212294052
0,h14_h64,1764297224,24.7
0,h14_h64,1764297225,24.60428324507707
0,h14_h64,1764297226,24.504372528155475
0,h14_h64,1764297227,57.76803819987358
0,h14_h64,1764297228,26.233299219289144
0,h14_h64,1764297229,24.5
0,h14_h64,1764297230,24.5
0,h14_h64,1764297231,24.5
0,h14_h64,1764297232,25.54314985533803
0,h14_h64,1764297233,24.556954697600546
0,h14_h64,1764297234,24.878759721925604
0,h14_h64,1764297235,55.887399552173946
0,h14_h64,1764297236,26.47911927155736
0,h14_h64,1764297237,56.66084277744382
0,h14_h64,1764297238,26.643132992686972
0,h14_h64,1764297239,39.49070430556744
0,h14_h64,1764297240,58.62526768445935
0,h14_h64,1764297241,26.720134723274217
0,h14_h64,1764297242,24.493653228258054
0,h14_h64,1764297243,24.406491798236203
0,h14_h64,1764297244,24.4
0,h14_h64,1764297245,24.4
0,h14_h64,1764297246,59.083327468844665
0,h14_h64,1764297247,27.22898944583904
0,h14_h64,1764297248,24.49282202842108
0,h14_h64,1764297249,24.5
0,h14_h64,1764297250,24.59258706938987
0,h14_h64,1764297251,24.692420010006337
0,h14_h64,1764297252,24.607741417949978
0,h14_h64,1764297253,24.69208697167142
0,h14_h64,1764297254,24.88379078360489
0,h14_h64,1764297255,24.533024704583912
0,h14_h64,1764297256,55.389220457792675
0,h14_h64,1764297257,27.591441816796813
0,h14_h64,1764297258,24.5
0,h14_h64,1764297259,24.5
0,h14_h64,1764297260,24.5
0,h14_h64,1764297261,24.591040382785604
0,h14_h64,1764297262,24.509106887072935
0,h14_h64,1764297263,25.044421049925383
0,h14_h64,1764297264,25.00936426800308
0,h14_h64,1764297265,25.090526124514405
0,h14_h64,1764297266,25.1
0,h14_h64,1764297267,25.1
0,h14_h64,1764297268,25.009774450417463
0,h14_h64,1764297269,58.08031598451169
0,h14_h64,1764297270,29.04455305440447
0,h14_h64,1764297271,24.920138810141612
0,h14_h64,1764297272,25.079640573392677
0,h14_h64,1764297273,24.65120291225745
0,h14_h64,1764297274,25.048097730150573
0,h14_h64,1764297275,25.1
0,h14_h64,1764297276,25.1
0,h14_h64,1764297277,25.1
0,h14_h64,1764297278,25.27835811797381
0,h14_h64,1764297279,25.032717122882683
0,h14_h64,1764297280,25.08898646027354
0,h14_h64,1764297281,25.011105182431173
0,h14_h64,1764297282,25.088783953029633
0,h14_h64,1764297283,25.454563560744393
0,h14_h64,1764297284,54.350860641626376
0,h14_h64,1764297285,28.63981545401746
0,h14_h64,1764297286,24.58837505561012
0,h14_h64,1764297287,55.18978685200342
0,h14_h64,1764297288,29.11431334498662
0,h14_h64,1764297289,25.227326899743368
0,h14_h64,1764297290,25.212251318874035
0,h14_h64,1764297291,25.287617364338576
0,h14_h64,1764297292,25.21251203948451
0,h14_h64,1764297293,25.2
0,h14_h64,1764297294,26.593811450179658
0,h14_h64,1764297295,25.406958162632375
0,h14_h64,1764297296,25.026065847649463
0,h14_h64,1764297297,25.17369346869485
0,h14_h64,1764297298,25.2
0,h14_h64,1764297299,33.77434010238457
0,h14_h64,1764297300,26.479224219216043
0,h14_h64,1764297301,24.66796090596751
0,h14_h64,1764297302,25.117675864743767
0,h14_h64,1764297303,25.2
0,h14_h64,1764297304,25.2
0,h14_h64,1764297305,25.2
0,h14_h64,1764297306,25.2
0,h14_h64,1764297307,25.2
0,h14_h64,1764297308,25.114472555592968
0,h14_h64,1764297309,25.1
0,h14_h64,1764297310,25.1
0,h14_h64,1764297311,24.673531717251812
0,h14_h64,1764297312,25.11055593617082
0,h14_h64,1764297313,25.2
0,h14_h64,1764297314,25.115164294964583
0,h14_h64,1764297315,25.18471664958859
0,h14_h64,1764297316,25.2
0,h14_h64,1764297317,25.2
0,h14_h64,1764297318,25.284418773859336
0,h14_h64,1764297319,25.3842776664616
0,h14_h64,1764297320,25.4
0,h14_h64,1764297321,25.4
0,h14_h64,1764297322,24.728547046675637
0,h14_h64,1764297323,24.6
0,h14_h64,1764297324,25.18494716525866
0,h14_h64,1764297325,24.88244585880979
0,h14_h64,1764297326,25.04997222590297
0,h14_h64,1764297327,25.3494896159133
0,h14_h64,1764297328,24.818149104987725
0,h14_h64,1764297329,25.0317654184967
0,h14_h64,1764297330,25.1
0,h14_h64,1764297331,25.1
0,h14_h64,1764297332,25.1
0,h14_h64,1764297333,25.264878423223276
0,h14_h64,1764297334,25.217684672147463
0,h14_h64,1764297335,25.2
0,h14_h64,1764297336,24.70730770770313
0,h14_h64,1764297337,24.6
0,h14_h64,1764297338,24.76359094267957
0,h14_h64,1764297339,25.207857692997493
0,h14_h64,1764297340,25.05566453126775
0,h14_h64,1764297341,24.592701630022564
0,h14_h64,1764297342,24.906517778474143
0,h14_h64,1764297343,25.0
0,h14_h64,1764297344,25.0
0,h14_h64,1764297345,25.0812413827298
0,h14_h64,1764297346,25.1
0,h14_h64,1764297347,25.1
0,h14_h64,1764297348,25.019070802151266
0,h14_h64,1764297349,25.0
0,h14_h64,1764297350,24.59569050193757
0,h14_h64,1764297351,24.82276975733071
0,h14_h64,1764297352,24.9
0,h14_h64,1764297353,24.9
0,h14_h64,1764297354,24.9
0,h14_h64,1764297355,24.9
0,h14_h64,1764297356,24.581006855618735
0,h14_h64,1764297357,24.5
0,h14_h64,1764297358,24.57943111226207
0,h14_h64,1764297359,24.52072586840234
0,h14_h64,1764297360,24.420869959190455
0,h14_h64,1764297361,24.636898984393408
0,h14_h64,1764297362,24.7
0,h14_h64,1764297363,24.7
0,h14_h64,1764297364,24.46417432437524
0,h14_h64,1764297365,24.4
0,h14_h64,1764297366,24.478457147188795
0,h14_h64,1764297367,24.42158111602302
0,h14_h64,1764297368,24.635063165197767
0,h14_h64,1764297369,24.543326951085565
0,h14_h64,1764297370,24.656643374979947
0,h14_h64,1764297371,24.7
0,h14_h64,1764297372,24.7
0,h14_h64,1764297373,24.54359151239521
0,h14_h64,1764297374,24.812483013266142
0,h14_h64,1764297375,24.587737060398627
0,h14_h64,1764297376,24.5
0,h14_h64,1764297377,24.5
0,h14_h64,1764297378,24.5
0,h14_h64,1764297379,24.5
0,h14_h64,1764297380,24.5
0,h14_h64,1764297381,24.5
0,h14_h64,1764297382,24.65584077842085
0,h14_h64,1764297383,25.011498139773067
0,h14_h64,1764297384,25.1
0,h14_h64,1764297385,25.02213739966596
0,h14_h64,1764297386,25.0
0,h14_h64,1764297387,25.07785520921866
0,h14_h64,1764297388,25.1
0,h14_h64,1764297389,24.866397270937316
0,h14_h64,1764297390,25.033535341979952
0,h14_h64,1764297391,25.1
0,h14_h64,1764297392,24.632730754971664
0,h14_h64,1764297393,24.57787989223274
0,h14_h64,1764297394,24.677867990922955
0,h14_h64,1764297395,24.544340870387483
0,h14_h64,1764297396,24.5
0,h14_h64,1764297397,24.42226222699483
0,h14_h64,1764297398,24.4
0,h14_h64,1764297399,24.477646639401023
0,h14_h64,1764297400,24.5
0,h14_h64,1764297401,24.88756239216243
0,h14_h64,1764297402,25.0
0,h14_h64,1764297403,24.9225012964749
0,h14_h64,1764297404,24.9
0,h14_h64,1764297405,25.20987605565996
0,h14_h64,1764297406,25.3
0,h14_h64,1764297407,25.0675477835743
0,h14_h64,1764297408,25.0
0,h14_h64,1764297409,25.154952558756868
0,h14_h64,1764297410,25.122524030219637
