datetime,interface,taxa_total_Mbps,banda_disponivel
2025-11-27 17:36:44.073245,s1-eth2,0.0,100.0
2025-11-27 17:36:44.073357,s4-eth2,0.0,100.0
2025-11-27 17:36:44.073396,s5-eth3,0.0,100.0
2025-11-27 17:36:45.073964,s1-eth2,0.012603759765625,99.98739624023438
2025-11-27 17:36:45.074078,s4-eth2,0.0133514404296875,99.98664855957031
2025-11-27 17:36:45.074117,s5-eth3,0.011962890625,99.988037109375
2025-11-27 17:36:46.074648,s1-eth2,0.00897216796875,99.99102783203125
2025-11-27 17:36:46.074755,s4-eth2,0.00897216796875,99.99102783203125
2025-11-27 17:36:46.074793,s5-eth3,0.00897216796875,99.99102783203125
2025-11-27 17:36:47.075413,s1-eth2,0.00897216796875,99.99102783203125
2025-11-27 17:36:47.075559,s4-eth2,0.00897216796875,99.99102783203125
2025-11-27 17:36:47.075607,s5-eth3,0.00897216796875,99.99102783203125
2025-11-27 17:36:48.076227,s1-eth2,0.00897216796875,99.99102783203125
2025-11-27 17:36:48.076364,s4-eth2,0.00897216796875,99.99102783203125
2025-11-27 17:36:48.076411,s5-eth3,0.00897216796875,99.99102783203125
2025-11-27 17:36:49.077074,s1-eth2,0.00897216796875,99.99102783203125
2025-11-27 17:36:49.077229,s4-eth2,0.00897216796875,99.99102783203125
2025-11-27 17:36:49.077277,s5-eth3,0.00897216796875,99.99102783203125
2025-11-27 17:36:50.077974,s1-eth2,0.0120697021484375,99.98793029785156
2025-11-27 17:36:50.078120,s4-eth2,0.0128173828125,99.9871826171875
2025-11-27 17:36:50.078171,s5-eth3,0.0128173828125,99.9871826171875
2025-11-27 17:36:51.078825,s1-eth2,0.00897216796875,99.99102783203125
2025-11-27 17:36:51.078978,s4-eth2,0.00897216796875,99.99102783203125
2025-11-27 17:36:51.079027,s5-eth3,0.00897216796875,99.99102783203125
2025-11-27 17:36:52.079654,s1-eth2,0.00897216796875,99.99102783203125
2025-11-27 17:36:52.079793,s4-eth2,0.00897216796875,99.99102783203125
2025-11-27 17:36:52.079842,s5-eth3,0.00897216796875,99.99102783203125
2025-11-27 17:36:53.080465,s1-eth2,0.00897216796875,99.99102783203125
2025-11-27 17:36:53.080606,s4-eth2,0.0082244873046875,99.99177551269531
2025-11-27 17:36:53.080653,s5-eth3,0.00897216796875,99.99102783203125
2025-11-27 17:36:54.081266,s1-eth2,0.00897216796875,99.99102783203125
2025-11-27 17:36:54.081409,s4-eth2,0.00897216796875,99.99102783203125
2025-11-27 17:36:54.081457,s5-eth3,0.00897216796875,99.99102783203125
2025-11-27 17:36:55.082114,s1-eth2,0.00897216796875,99.99102783203125
2025-11-27 17:36:55.082254,s4-eth2,0.00897216796875,99.99102783203125
2025-11-27 17:36:55.082302,s5-eth3,0.00897216796875,99.99102783203125
2025-11-27 17:36:56.082948,s1-eth2,0.00897216796875,99.99102783203125
2025-11-27 17:36:56.083089,s4-eth2,0.00897216796875,99.99102783203125
2025-11-27 17:36:56.083136,s5-eth3,0.00897216796875,99.99102783203125
2025-11-27 17:36:57.083756,s1-eth2,0.00897216796875,99.99102783203125
2025-11-27 17:36:57.083895,s4-eth2,0.00897216796875,99.99102783203125
2025-11-27 17:36:57.083942,s5-eth3,0.0082244873046875,99.99177551269531
2025-11-27 17:36:58.084574,s1-eth2,0.00897216796875,99.99102783203125
2025-11-27 17:36:58.084712,s4-eth2,0.0082244873046875,99.99177551269531
2025-11-27 17:36:58.084759,s5-eth3,0.00897216796875,99.99102783203125
2025-11-27 17:36:59.085366,s1-eth2,0.0082244873046875,99.99177551269531
2025-11-27 17:36:59.085509,s4-eth2,0.00897216796875,99.99102783203125
2025-11-27 17:36:59.085555,s5-eth3,0.0082244873046875,99.99177551269531
2025-11-27 17:37:00.086185,s1-eth2,0.00897216796875,99.99102783203125
2025-11-27 17:37:00.086322,s4-eth2,0.00897216796875,99.99102783203125
2025-11-27 17:37:00.086369,s5-eth3,0.0082244873046875,99.99177551269531
2025-11-27 17:37:01.086994,s1-eth2,0.00897216796875,99.99102783203125
2025-11-27 17:37:01.087138,s4-eth2,0.0082244873046875,99.99177551269531
2025-11-27 17:37:01.087185,s5-eth3,0.00897216796875,99.99102783203125
2025-11-27 17:37:02.087805,s1-eth2,0.0082244873046875,99.99177551269531
2025-11-27 17:37:02.087941,s4-eth2,0.00897216796875,99.99102783203125
2025-11-27 17:37:02.087987,s5-eth3,0.00897216796875,99.99102783203125
2025-11-27 17:37:03.088600,s1-eth2,0.00897216796875,99.99102783203125
2025-11-27 17:37:03.088738,s4-eth2,0.00897216796875,99.99102783203125
2025-11-27 17:37:03.088912,s5-eth3,0.00897216796875,99.99102783203125
2025-11-27 17:37:04.089564,s1-eth2,0.0082244873046875,99.99177551269531
2025-11-27 17:37:04.089705,s4-eth2,0.00897216796875,99.99102783203125
2025-11-27 17:37:04.089753,s5-eth3,0.00897216796875,99.99102783203125
2025-11-27 17:37:05.090370,s1-eth2,0.00897216796875,99.99102783203125
2025-11-27 17:37:05.090511,s4-eth2,0.00897216796875,99.99102783203125
2025-11-27 17:37:05.090558,s5-eth3,0.0082244873046875,99.99177551269531
2025-11-27 17:37:06.091184,s1-eth2,0.0082244873046875,99.99177551269531
2025-11-27 17:37:06.091325,s4-eth2,0.0082244873046875,99.99177551269531
2025-11-27 17:37:06.091373,s5-eth3,0.009613037109375,99.99038696289062
2025-11-27 17:37:07.091988,s1-eth2,0.00897216796875,99.99102783203125
2025-11-27 17:37:07.092129,s4-eth2,0.0082244873046875,99.99177551269531
2025-11-27 17:37:07.092176,s5-eth3,0.00897216796875,99.99102783203125
2025-11-27 17:37:08.092808,s1-eth2,0.00897216796875,99.99102783203125
2025-11-27 17:37:08.092944,s4-eth2,0.00897216796875,99.99102783203125
2025-11-27 17:37:08.092995,s5-eth3,0.0082244873046875,99.99177551269531
2025-11-27 17:37:09.093620,s1-eth2,0.00897216796875,99.99102783203125
2025-11-27 17:37:09.093760,s4-eth2,0.00897216796875,99.99102783203125
2025-11-27 17:37:09.093807,s5-eth3,0.0097198486328125,99.99028015136719
2025-11-27 17:37:10.094416,s1-eth2,0.00897216796875,99.99102783203125
2025-11-27 17:37:10.094553,s4-eth2,0.00897216796875,99.99102783203125
2025-11-27 17:37:10.094620,s5-eth3,0.0082244873046875,99.99177551269531
2025-11-27 17:37:11.095240,s1-eth2,0.00897216796875,99.99102783203125
2025-11-27 17:37:11.095387,s4-eth2,0.00897216796875,99.99102783203125
2025-11-27 17:37:11.095434,s5-eth3,0.00897216796875,99.99102783203125
2025-11-27 17:37:12.096042,s1-eth2,0.00897216796875,99.99102783203125
2025-11-27 17:37:12.096179,s4-eth2,0.00897216796875,99.99102783203125
2025-11-27 17:37:12.096226,s5-eth3,0.00897216796875,99.99102783203125
2025-11-27 17:37:13.096841,s1-eth2,0.00897216796875,99.99102783203125
2025-11-27 17:37:13.096982,s4-eth2,0.0082244873046875,99.99177551269531
2025-11-27 17:37:13.097030,s5-eth3,0.00897216796875,99.99102783203125
2025-11-27 17:37:14.097631,s1-eth2,0.00897216796875,99.99102783203125
2025-11-27 17:37:14.097767,s4-eth2,0.00897216796875,99.99102783203125
2025-11-27 17:37:14.097815,s5-eth3,0.0082244873046875,99.99177551269531
2025-11-27 17:37:15.098418,s1-eth2,0.0082244873046875,99.99177551269531
2025-11-27 17:37:15.098554,s4-eth2,0.00897216796875,99.99102783203125
2025-11-27 17:37:15.098601,s5-eth3,0.00897216796875,99.99102783203125
2025-11-27 17:37:16.099215,s1-eth2,0.00897216796875,99.99102783203125
2025-11-27 17:37:16.099360,s4-eth2,0.0082244873046875,99.99177551269531
2025-11-27 17:37:16.099407,s5-eth3,0.00897216796875,99.99102783203125
2025-11-27 17:37:17.100013,s1-eth2,0.00897216796875,99.99102783203125
2025-11-27 17:37:17.100152,s4-eth2,0.00897216796875,99.99102783203125
2025-11-27 17:37:17.100200,s5-eth3,0.00897216796875,99.99102783203125
2025-11-27 17:37:18.100811,s1-eth2,0.0082244873046875,99.99177551269531
2025-11-27 17:37:18.100951,s4-eth2,0.00897216796875,99.99102783203125
2025-11-27 17:37:18.100999,s5-eth3,0.00897216796875,99.99102783203125
2025-11-27 17:37:19.101606,s1-eth2,0.01025390625,99.98974609375
2025-11-27 17:37:19.101743,s4-eth2,0.01025390625,99.98974609375
2025-11-27 17:37:19.101790,s5-eth3,0.009613037109375,99.99038696289062
2025-11-27 17:37:20.102397,s1-eth2,0.00897216796875,99.99102783203125
2025-11-27 17:37:20.102533,s4-eth2,0.00897216796875,99.99102783203125
2025-11-27 17:37:20.102584,s5-eth3,0.00897216796875,99.99102783203125
2025-11-27 17:37:21.103212,s1-eth2,0.00897216796875,99.99102783203125
2025-11-27 17:37:21.103349,s4-eth2,0.00897216796875,99.99102783203125
2025-11-27 17:37:21.103396,s5-eth3,0.009613037109375,99.99038696289062
2025-11-27 17:37:22.104007,s1-eth2,0.00897216796875,99.99102783203125
2025-11-27 17:37:22.104144,s4-eth2,0.00897216796875,99.99102783203125
2025-11-27 17:37:22.104192,s5-eth3,0.00897216796875,99.99102783203125
2025-11-27 17:37:23.104796,s1-eth2,0.00897216796875,99.99102783203125
2025-11-27 17:37:23.104937,s4-eth2,0.00897216796875,99.99102783203125
2025-11-27 17:37:23.104984,s5-eth3,0.0082244873046875,99.99177551269531
2025-11-27 17:37:24.105591,s1-eth2,0.00897216796875,99.99102783203125
2025-11-27 17:37:24.105727,s4-eth2,0.00897216796875,99.99102783203125
2025-11-27 17:37:24.105774,s5-eth3,0.00897216796875,99.99102783203125
2025-11-27 17:37:25.106376,s1-eth2,0.00897216796875,99.99102783203125
2025-11-27 17:37:25.106517,s4-eth2,0.00897216796875,99.99102783203125
2025-11-27 17:37:25.106565,s5-eth3,0.00897216796875,99.99102783203125
2025-11-27 17:37:26.107169,s1-eth2,0.00897216796875,99.99102783203125
2025-11-27 17:37:26.107305,s4-eth2,0.00897216796875,99.99102783203125
2025-11-27 17:37:26.107352,s5-eth3,0.00897216796875,99.99102783203125
2025-11-27 17:37:27.107974,s1-eth2,0.01025390625,99.98974609375
2025-11-27 17:37:27.108113,s4-eth2,0.01025390625,99.98974609375
2025-11-27 17:37:27.108160,s5-eth3,0.009613037109375,99.99038696289062
2025-11-27 17:37:28.108771,s1-eth2,0.01025390625,99.98974609375
2025-11-27 17:37:28.108914,s4-eth2,0.01025390625,99.98974609375
2025-11-27 17:37:28.108961,s5-eth3,0.0088653564453125,99.99113464355469
2025-11-27 17:37:29.109573,s1-eth2,0.009613037109375,99.99038696289062
2025-11-27 17:37:29.109710,s4-eth2,0.009613037109375,99.99038696289062
2025-11-27 17:37:29.109757,s5-eth3,0.009613037109375,99.99038696289062
2025-11-27 17:37:30.110390,s1-eth2,64.40803527832031,35.59196472167969
2025-11-27 17:37:30.110542,s4-eth2,0.00897216796875,99.99102783203125
2025-11-27 17:37:30.110589,s5-eth3,0.00897216796875,99.99102783203125
2025-11-27 17:37:31.111243,s1-eth2,0.01583099365234375,99.98416900634766
2025-11-27 17:37:31.111387,s4-eth2,0.01025390625,99.98974609375
2025-11-27 17:37:31.111435,s5-eth3,0.010894775390625,99.98910522460938
2025-11-27 17:37:32.112057,s1-eth2,0.00897216796875,99.99102783203125
2025-11-27 17:37:32.112198,s4-eth2,0.00897216796875,99.99102783203125
2025-11-27 17:37:32.112246,s5-eth3,0.00897216796875,99.99102783203125
2025-11-27 17:37:33.112864,s1-eth2,0.01025390625,99.98974609375
2025-11-27 17:37:33.113003,s4-eth2,0.01025390625,99.98974609375
2025-11-27 17:37:33.113051,s5-eth3,0.00897216796875,99.99102783203125
2025-11-27 17:37:34.113686,s1-eth2,0.00897216796875,99.99102783203125
2025-11-27 17:37:34.113830,s4-eth2,69.55130767822266,30.448692321777344
2025-11-27 17:37:34.113885,s5-eth3,69.55194854736328,30.44805145263672
2025-11-27 17:37:35.114525,s1-eth2,0.00897216796875,99.99102783203125
2025-11-27 17:37:35.114666,s4-eth2,0.01456451416015625,99.98543548583984
2025-11-27 17:37:35.114715,s5-eth3,0.01520538330078125,99.98479461669922
2025-11-27 17:37:36.115351,s1-eth2,0.00897216796875,99.99102783203125
2025-11-27 17:37:36.115499,s4-eth2,0.00897216796875,99.99102783203125
2025-11-27 17:37:36.115548,s5-eth3,0.009613037109375,99.99038696289062
2025-11-27 17:37:37.116207,s1-eth2,0.00897216796875,99.99102783203125
2025-11-27 17:37:37.116363,s4-eth2,0.00897216796875,99.99102783203125
2025-11-27 17:37:37.116413,s5-eth3,0.00897216796875,99.99102783203125
2025-11-27 17:37:38.117043,s1-eth2,0.00897216796875,99.99102783203125
2025-11-27 17:37:38.117187,s4-eth2,0.00897216796875,99.99102783203125
2025-11-27 17:37:38.117244,s5-eth3,0.00897216796875,99.99102783203125
2025-11-27 17:37:39.117879,s1-eth2,0.00897216796875,99.99102783203125
2025-11-27 17:37:39.118025,s4-eth2,0.00897216796875,99.99102783203125
2025-11-27 17:37:39.118077,s5-eth3,0.00897216796875,99.99102783203125
2025-11-27 17:37:40.118727,s1-eth2,0.00897216796875,99.99102783203125
2025-11-27 17:37:40.118880,s4-eth2,0.00897216796875,99.99102783203125
2025-11-27 17:37:40.118936,s5-eth3,0.00897216796875,99.99102783203125
2025-11-27 17:37:41.119558,s1-eth2,0.009613037109375,99.99038696289062
2025-11-27 17:37:41.119702,s4-eth2,0.0088653564453125,99.99113464355469
2025-11-27 17:37:41.119751,s5-eth3,0.00897216796875,99.99102783203125
2025-11-27 17:37:42.120361,s1-eth2,0.00897216796875,99.99102783203125
2025-11-27 17:37:42.120499,s4-eth2,0.00897216796875,99.99102783203125
2025-11-27 17:37:42.120546,s5-eth3,0.00897216796875,99.99102783203125
2025-11-27 17:37:43.121188,s1-eth2,0.00897216796875,99.99102783203125
2025-11-27 17:37:43.121299,s4-eth2,0.00897216796875,99.99102783203125
2025-11-27 17:37:43.121350,s5-eth3,0.00897216796875,99.99102783203125
2025-11-27 17:37:44.121972,s1-eth2,0.0082244873046875,99.99177551269531
2025-11-27 17:37:44.122124,s4-eth2,0.00897216796875,99.99102783203125
2025-11-27 17:37:44.122172,s5-eth3,0.00897216796875,99.99102783203125
2025-11-27 17:37:45.122812,s1-eth2,65.20562744140625,34.79437255859375
2025-11-27 17:37:45.122983,s4-eth2,0.009613037109375,99.99038696289062
2025-11-27 17:37:45.123036,s5-eth3,0.009613037109375,99.99038696289062
2025-11-27 17:37:46.123725,s1-eth2,30.839736938476562,69.16026306152344
2025-11-27 17:37:46.123884,s4-eth2,0.00897216796875,99.99102783203125
2025-11-27 17:37:46.123944,s5-eth3,65.20316314697266,34.796836853027344
2025-11-27 17:37:47.124591,s1-eth2,36.864532470703125,63.135467529296875
2025-11-27 17:37:47.124743,s4-eth2,0.009613037109375,99.99038696289062
2025-11-27 17:37:47.124793,s5-eth3,0.009613037109375,99.99038696289062
2025-11-27 17:37:48.125421,s1-eth2,4.974449157714844,95.02555084228516
2025-11-27 17:37:48.125577,s4-eth2,0.00897216796875,99.99102783203125
2025-11-27 17:37:48.125628,s5-eth3,0.00897216796875,99.99102783203125
2025-11-27 17:37:49.126279,s1-eth2,0.00897216796875,99.99102783203125
2025-11-27 17:37:49.126435,s4-eth2,69.7772216796875,30.2227783203125
2025-11-27 17:37:49.126490,s5-eth3,0.010467529296875,99.98953247070312
2025-11-27 17:37:50.127114,s1-eth2,69.78280639648438,30.217193603515625
2025-11-27 17:37:50.127270,s4-eth2,0.01519775390625,99.98480224609375
2025-11-27 17:37:50.127320,s5-eth3,0.00897216796875,99.99102783203125
2025-11-27 17:37:51.127949,s1-eth2,0.0094757080078125,99.99052429199219
2025-11-27 17:37:51.128093,s4-eth2,0.00897216796875,99.99102783203125
2025-11-27 17:37:51.128145,s5-eth3,0.00897216796875,99.99102783203125
2025-11-27 17:37:52.128792,s1-eth2,66.49256134033203,33.50743865966797
2025-11-27 17:37:52.128953,s4-eth2,69.78028106689453,30.21971893310547
2025-11-27 17:37:52.129008,s5-eth3,65.0931167602539,34.906883239746094
2025-11-27 17:37:53.129718,s1-eth2,69.78943634033203,30.21056365966797
2025-11-27 17:37:53.129881,s4-eth2,69.55278778076172,30.44721221923828
2025-11-27 17:37:53.129939,s5-eth3,69.5509033203125,30.4490966796875
2025-11-27 17:37:54.130573,s1-eth2,0.00897216796875,99.99102783203125
2025-11-27 17:37:54.130718,s4-eth2,0.01561737060546875,99.98438262939453
2025-11-27 17:37:54.130767,s5-eth3,0.01561737060546875,99.98438262939453
2025-11-27 17:37:55.131390,s1-eth2,0.00897216796875,99.99102783203125
2025-11-27 17:37:55.131533,s4-eth2,0.00897216796875,99.99102783203125
2025-11-27 17:37:55.131584,s5-eth3,0.00897216796875,99.99102783203125
2025-11-27 17:37:56.132187,s1-eth2,0.00897216796875,99.99102783203125
2025-11-27 17:37:56.132327,s4-eth2,0.00897216796875,99.99102783203125
2025-11-27 17:37:56.132375,s5-eth3,0.00897216796875,99.99102783203125
2025-11-27 17:37:57.132983,s1-eth2,0.00897216796875,99.99102783203125
2025-11-27 17:37:57.133127,s4-eth2,0.00897216796875,99.99102783203125
2025-11-27 17:37:57.133175,s5-eth3,0.00897216796875,99.99102783203125
2025-11-27 17:37:58.133782,s1-eth2,0.009613037109375,99.99038696289062
2025-11-27 17:37:58.133930,s4-eth2,0.009613037109375,99.99038696289062
2025-11-27 17:37:58.133979,s5-eth3,0.01025390625,99.98974609375
2025-11-27 17:37:59.134591,s1-eth2,0.00897216796875,99.99102783203125
2025-11-27 17:37:59.134729,s4-eth2,0.00897216796875,99.99102783203125
2025-11-27 17:37:59.134777,s5-eth3,0.00897216796875,99.99102783203125
2025-11-27 17:38:00.135396,s1-eth2,0.00897216796875,99.99102783203125
2025-11-27 17:38:00.135538,s4-eth2,0.00897216796875,99.99102783203125
2025-11-27 17:38:00.135586,s5-eth3,0.009613037109375,99.99038696289062
2025-11-27 17:38:01.136186,s1-eth2,0.00897216796875,99.99102783203125
2025-11-27 17:38:01.136323,s4-eth2,0.00897216796875,99.99102783203125
2025-11-27 17:38:01.136370,s5-eth3,0.00897216796875,99.99102783203125
2025-11-27 17:38:02.136967,s1-eth2,0.00897216796875,99.99102783203125
2025-11-27 17:38:02.137103,s4-eth2,0.00897216796875,99.99102783203125
2025-11-27 17:38:02.137155,s5-eth3,0.00897216796875,99.99102783203125
2025-11-27 17:38:03.137757,s1-eth2,0.00897216796875,99.99102783203125
2025-11-27 17:38:03.137896,s4-eth2,0.00897216796875,99.99102783203125
2025-11-27 17:38:03.137943,s5-eth3,0.00897216796875,99.99102783203125
2025-11-27 17:38:04.138547,s1-eth2,0.009613037109375,99.99038696289062
2025-11-27 17:38:04.138687,s4-eth2,0.009613037109375,99.99038696289062
2025-11-27 17:38:04.138733,s5-eth3,0.009613037109375,99.99038696289062
2025-11-27 17:38:05.139336,s1-eth2,0.00897216796875,99.99102783203125
2025-11-27 17:38:05.139477,s4-eth2,0.00897216796875,99.99102783203125
2025-11-27 17:38:05.139525,s5-eth3,0.00897216796875,99.99102783203125
2025-11-27 17:38:06.140129,s1-eth2,0.009613037109375,99.99038696289062
2025-11-27 17:38:06.140266,s4-eth2,0.009613037109375,99.99038696289062
2025-11-27 17:38:06.140313,s5-eth3,0.00897216796875,99.99102783203125
2025-11-27 17:38:07.140909,s1-eth2,0.00897216796875,99.99102783203125
2025-11-27 17:38:07.141051,s4-eth2,0.00897216796875,99.99102783203125
2025-11-27 17:38:07.141098,s5-eth3,0.00897216796875,99.99102783203125
2025-11-27 17:38:08.141695,s1-eth2,0.009613037109375,99.99038696289062
2025-11-27 17:38:08.141832,s4-eth2,0.009613037109375,99.99038696289062
2025-11-27 17:38:08.141880,s5-eth3,0.009613037109375,99.99038696289062
2025-11-27 17:38:09.142476,s1-eth2,0.00897216796875,99.99102783203125
2025-11-27 17:38:09.142612,s4-eth2,0.00897216796875,99.99102783203125
2025-11-27 17:38:09.142659,s5-eth3,0.00897216796875,99.99102783203125
2025-11-27 17:38:10.143325,s1-eth2,0.009613037109375,99.99038696289062
2025-11-27 17:38:10.143470,s4-eth2,0.009613037109375,99.99038696289062
2025-11-27 17:38:10.143517,s5-eth3,0.00897216796875,99.99102783203125
2025-11-27 17:38:11.144118,s1-eth2,0.00897216796875,99.99102783203125
2025-11-27 17:38:11.144257,s4-eth2,0.00897216796875,99.99102783203125
2025-11-27 17:38:11.144305,s5-eth3,0.00897216796875,99.99102783203125
2025-11-27 17:38:12.144908,s1-eth2,0.010894775390625,99.98910522460938
2025-11-27 17:38:12.145050,s4-eth2,0.010894775390625,99.98910522460938
2025-11-27 17:38:12.145099,s5-eth3,0.010894775390625,99.98910522460938
2025-11-27 17:38:13.145699,s1-eth2,0.00897216796875,99.99102783203125
2025-11-27 17:38:13.145837,s4-eth2,0.00897216796875,99.99102783203125
2025-11-27 17:38:13.145883,s5-eth3,0.00897216796875,99.99102783203125
2025-11-27 17:38:14.146481,s1-eth2,0.009613037109375,99.99038696289062
2025-11-27 17:38:14.146620,s4-eth2,0.009613037109375,99.99038696289062
2025-11-27 17:38:14.146672,s5-eth3,0.009613037109375,99.99038696289062
2025-11-27 17:38:15.147272,s1-eth2,0.00897216796875,99.99102783203125
2025-11-27 17:38:15.147409,s4-eth2,0.00897216796875,99.99102783203125
2025-11-27 17:38:15.147457,s5-eth3,0.00897216796875,99.99102783203125
2025-11-27 17:38:16.148053,s1-eth2,0.01025390625,99.98974609375
2025-11-27 17:38:16.148192,s4-eth2,0.01025390625,99.98974609375
2025-11-27 17:38:16.148240,s5-eth3,0.00897216796875,99.99102783203125
2025-11-27 17:38:17.148833,s1-eth2,0.00897216796875,99.99102783203125
2025-11-27 17:38:17.148973,s4-eth2,0.00897216796875,99.99102783203125
2025-11-27 17:38:17.149021,s5-eth3,0.00897216796875,99.99102783203125
2025-11-27 17:38:18.149618,s1-eth2,0.00897216796875,99.99102783203125
2025-11-27 17:38:18.149756,s4-eth2,0.00897216796875,99.99102783203125
2025-11-27 17:38:18.149803,s5-eth3,0.00897216796875,99.99102783203125
2025-11-27 17:38:19.150401,s1-eth2,0.00897216796875,99.99102783203125
2025-11-27 17:38:19.150542,s4-eth2,0.00897216796875,99.99102783203125
2025-11-27 17:38:19.150589,s5-eth3,0.009613037109375,99.99038696289062
2025-11-27 17:38:20.151187,s1-eth2,0.00897216796875,99.99102783203125
2025-11-27 17:38:20.151325,s4-eth2,0.00897216796875,99.99102783203125
2025-11-27 17:38:20.151371,s5-eth3,0.00897216796875,99.99102783203125
2025-11-27 17:38:21.151971,s1-eth2,0.00897216796875,99.99102783203125
2025-11-27 17:38:21.152109,s4-eth2,0.00897216796875,99.99102783203125
2025-11-27 17:38:21.152157,s5-eth3,0.00897216796875,99.99102783203125
2025-11-27 17:38:22.152750,s1-eth2,0.009613037109375,99.99038696289062
2025-11-27 17:38:22.152893,s4-eth2,0.009613037109375,99.99038696289062
2025-11-27 17:38:22.152940,s5-eth3,0.00897216796875,99.99102783203125
2025-11-27 17:38:23.153536,s1-eth2,0.00897216796875,99.99102783203125
2025-11-27 17:38:23.153672,s4-eth2,0.00897216796875,99.99102783203125
2025-11-27 17:38:23.153718,s5-eth3,0.00897216796875,99.99102783203125
2025-11-27 17:38:24.154316,s1-eth2,0.00897216796875,99.99102783203125
2025-11-27 17:38:24.154458,s4-eth2,0.00897216796875,99.99102783203125
2025-11-27 17:38:24.154505,s5-eth3,0.01025390625,99.98974609375
2025-11-27 17:38:25.155101,s1-eth2,0.00897216796875,99.99102783203125
2025-11-27 17:38:25.155237,s4-eth2,0.00897216796875,99.99102783203125
2025-11-27 17:38:25.155285,s5-eth3,0.00897216796875,99.99102783203125
2025-11-27 17:38:26.155875,s1-eth2,0.00897216796875,99.99102783203125
2025-11-27 17:38:26.156011,s4-eth2,0.00897216796875,99.99102783203125
2025-11-27 17:38:26.156062,s5-eth3,0.00897216796875,99.99102783203125
2025-11-27 17:38:27.156659,s1-eth2,0.00897216796875,99.99102783203125
2025-11-27 17:38:27.156797,s4-eth2,0.00897216796875,99.99102783203125
2025-11-27 17:38:27.156844,s5-eth3,0.00897216796875,99.99102783203125
2025-11-27 17:38:28.157447,s1-eth2,0.009613037109375,99.99038696289062
2025-11-27 17:38:28.157583,s4-eth2,0.009613037109375,99.99038696289062
2025-11-27 17:38:28.157632,s5-eth3,0.010894775390625,99.98910522460938
2025-11-27 17:38:29.158221,s1-eth2,0.00897216796875,99.99102783203125
2025-11-27 17:38:29.158362,s4-eth2,0.00897216796875,99.99102783203125
2025-11-27 17:38:29.158409,s5-eth3,0.00897216796875,99.99102783203125
2025-11-27 17:38:30.159000,s1-eth2,0.00897216796875,99.99102783203125
2025-11-27 17:38:30.159137,s4-eth2,0.00897216796875,99.99102783203125
2025-11-27 17:38:30.159184,s5-eth3,0.00897216796875,99.99102783203125
2025-11-27 17:38:31.159797,s1-eth2,0.00897216796875,99.99102783203125
2025-11-27 17:38:31.159942,s4-eth2,0.00897216796875,99.99102783203125
2025-11-27 17:38:31.159992,s5-eth3,0.00897216796875,99.99102783203125
2025-11-27 17:38:32.160603,s1-eth2,0.00897216796875,99.99102783203125
2025-11-27 17:38:32.160747,s4-eth2,0.00897216796875,99.99102783203125
2025-11-27 17:38:32.160796,s5-eth3,0.00897216796875,99.99102783203125
2025-11-27 17:38:33.161397,s1-eth2,0.00897216796875,99.99102783203125
2025-11-27 17:38:33.161543,s4-eth2,0.00897216796875,99.99102783203125
2025-11-27 17:38:33.161590,s5-eth3,0.0082244873046875,99.99177551269531
2025-11-27 17:38:34.162192,s1-eth2,0.00897216796875,99.99102783203125
2025-11-27 17:38:34.162329,s4-eth2,0.00897216796875,99.99102783203125
2025-11-27 17:38:34.162375,s5-eth3,0.00897216796875,99.99102783203125
2025-11-27 17:38:35.162988,s1-eth2,0.00897216796875,99.99102783203125
2025-11-27 17:38:35.163134,s4-eth2,0.00897216796875,99.99102783203125
2025-11-27 17:38:35.163187,s5-eth3,0.00897216796875,99.99102783203125
2025-11-27 17:38:36.164568,s1-eth2,92.06077575683594,7.9392242431640625
2025-11-27 17:38:36.164907,s4-eth2,0.009603424072265625,99.99039657592773
2025-11-27 17:38:36.165018,s5-eth3,0.009603424072265625,99.99039657592773
2025-11-27 17:38:37.166445,s1-eth2,42.39480209350586,57.60519790649414
2025-11-27 17:38:37.166786,s4-eth2,68.42439270019531,31.575607299804688
2025-11-27 17:38:37.166949,s5-eth3,68.42514038085938,31.574859619140625
2025-11-27 17:38:38.168598,s1-eth2,0.009593887329101563,99.9904061126709
2025-11-27 17:38:38.168900,s4-eth2,0.015190277099609375,99.9848097229004
2025-11-27 17:38:38.169006,s5-eth3,0.015190277099609375,99.9848097229004
2025-11-27 17:38:39.169700,s1-eth2,0.008963241577148437,99.99103675842285
2025-11-27 17:38:39.169829,s4-eth2,0.00897216796875,99.99102783203125
2025-11-27 17:38:39.169871,s5-eth3,0.00897216796875,99.99102783203125
2025-11-27 17:38:40.171230,s1-eth2,0.008963241577148437,99.99103675842285
2025-11-27 17:38:40.171567,s4-eth2,0.008963241577148437,99.99103675842285
2025-11-27 17:38:40.171684,s5-eth3,65.02783966064453,34.97216033935547
2025-11-27 17:38:41.173036,s1-eth2,0.008963241577148437,99.99103675842285
2025-11-27 17:38:41.173371,s4-eth2,0.008963241577148437,99.99103675842285
2025-11-27 17:38:41.173476,s5-eth3,0.00946624755859375,99.99053375244141
2025-11-27 17:38:42.174113,s1-eth2,0.008963241577148437,99.99103675842285
2025-11-27 17:38:42.174395,s4-eth2,0.008963241577148437,99.99103675842285
2025-11-27 17:38:42.174498,s5-eth3,0.008963241577148437,99.99103675842285
2025-11-27 17:38:43.175929,s1-eth2,0.008963241577148437,99.99103675842285
2025-11-27 17:38:43.176250,s4-eth2,69.70751190185547,30.29248809814453
2025-11-27 17:38:43.176363,s5-eth3,0.008963241577148437,99.99103675842285
2025-11-27 17:38:44.177711,s1-eth2,65.02810668945312,34.971893310546875
2025-11-27 17:38:44.178072,s4-eth2,0.014549942016601562,99.9854500579834
2025-11-27 17:38:44.178190,s5-eth3,0.008963241577148437,99.99103675842285
2025-11-27 17:38:45.179585,s1-eth2,0.010243682861328126,99.98975631713867
2025-11-27 17:38:45.179892,s4-eth2,0.010243682861328126,99.98975631713867
2025-11-27 17:38:45.179996,s5-eth3,0.008963241577148437,99.99103675842285
2025-11-27 17:38:46.181309,s1-eth2,0.008963241577148437,99.99103675842285
2025-11-27 17:38:46.181625,s4-eth2,0.008963241577148437,99.99103675842285
2025-11-27 17:38:46.181727,s5-eth3,0.008963241577148437,99.99103675842285
2025-11-27 17:38:47.183095,s1-eth2,0.010243682861328126,99.98975631713867
2025-11-27 17:38:47.183436,s4-eth2,69.52305603027344,30.476943969726562
2025-11-27 17:38:47.183553,s5-eth3,69.52241516113281,30.477584838867188
2025-11-27 17:38:48.184939,s1-eth2,69.70752716064453,30.29247283935547
2025-11-27 17:38:48.185259,s4-eth2,0.018749542236328125,99.98125045776368
2025-11-27 17:38:48.185370,s5-eth3,0.018749542236328125,99.98125045776368
2025-11-27 17:38:49.186687,s1-eth2,0.015068283081054687,99.98493171691895
2025-11-27 17:38:49.187027,s4-eth2,0.008963241577148437,99.99103675842285
2025-11-27 17:38:49.187131,s5-eth3,0.008963241577148437,99.99103675842285
2025-11-27 17:38:50.188451,s1-eth2,0.008963241577148437,99.99103675842285
2025-11-27 17:38:50.188760,s4-eth2,69.70751190185547,30.29248809814453
2025-11-27 17:38:50.188878,s5-eth3,0.008963241577148437,99.99103675842285
2025-11-27 17:38:51.190201,s1-eth2,0.008963241577148437,99.99103675842285
2025-11-27 17:38:51.190539,s4-eth2,0.014549942016601562,99.9854500579834
2025-11-27 17:38:51.190659,s5-eth3,0.008963241577148437,99.99103675842285
2025-11-27 17:38:52.191379,s1-eth2,0.008963241577148437,99.99103675842285
2025-11-27 17:38:52.191524,s4-eth2,0.00897216796875,99.99102783203125
2025-11-27 17:38:52.191572,s5-eth3,0.00897216796875,99.99102783203125
2025-11-27 17:38:53.192223,s1-eth2,0.01025390625,99.98974609375
2025-11-27 17:38:53.192369,s4-eth2,0.01025390625,99.98974609375
2025-11-27 17:38:53.192422,s5-eth3,0.01025390625,99.98974609375
2025-11-27 17:38:54.193047,s1-eth2,0.00897216796875,99.99102783203125
2025-11-27 17:38:54.193184,s4-eth2,0.00897216796875,99.99102783203125
2025-11-27 17:38:54.193233,s5-eth3,0.00897216796875,99.99102783203125
2025-11-27 17:38:55.193856,s1-eth2,0.009613037109375,99.99038696289062
2025-11-27 17:38:55.193993,s4-eth2,0.009613037109375,99.99038696289062
2025-11-27 17:38:55.194042,s5-eth3,0.01025390625,99.98974609375
2025-11-27 17:38:56.195335,s1-eth2,0.008963241577148437,99.99103675842285
2025-11-27 17:38:56.195651,s4-eth2,0.008963241577148437,99.99103675842285
2025-11-27 17:38:56.195753,s5-eth3,0.008963241577148437,99.99103675842285
2025-11-27 17:38:57.197127,s1-eth2,91.76042938232422,8.239570617675781
2025-11-27 17:38:57.197453,s4-eth2,0.007469329833984375,99.99253067016602
2025-11-27 17:38:57.197557,s5-eth3,0.008109588623046875,99.99189041137696
2025-11-27 17:38:58.198935,s1-eth2,33.692893981933594,66.3071060180664
2025-11-27 17:38:58.199279,s4-eth2,0.010457077026367188,99.98954292297363
2025-11-27 17:38:58.199392,s5-eth3,0.008963241577148437,99.99103675842285
2025-11-27 17:38:59.200783,s1-eth2,0.010243682861328126,99.98975631713867
2025-11-27 17:38:59.201107,s4-eth2,0.010243682861328126,99.98975631713867
2025-11-27 17:38:59.201218,s5-eth3,0.011097335815429687,99.98890266418456
2025-11-27 17:39:00.202539,s1-eth2,0.008963241577148437,99.99103675842285
2025-11-27 17:39:00.202914,s4-eth2,0.008963241577148437,99.99103675842285
2025-11-27 17:39:00.203019,s5-eth3,0.008963241577148437,99.99103675842285
2025-11-27 17:39:01.203643,s1-eth2,0.008963241577148437,99.99103675842285
2025-11-27 17:39:01.203760,s4-eth2,0.00897216796875,99.99102783203125
2025-11-27 17:39:01.203798,s5-eth3,0.009613037109375,99.99038696289062
2025-11-27 17:39:02.205127,s1-eth2,0.008963241577148437,99.99103675842285
2025-11-27 17:39:02.205445,s4-eth2,0.008963241577148437,99.99103675842285
2025-11-27 17:39:02.205549,s5-eth3,0.008963241577148437,99.99103675842285
2025-11-27 17:39:03.206943,s1-eth2,0.008963241577148437,99.99103675842285
2025-11-27 17:39:03.207265,s4-eth2,0.008963241577148437,99.99103675842285
2025-11-27 17:39:03.207368,s5-eth3,0.008963241577148437,99.99103675842285
2025-11-27 17:39:04.208678,s1-eth2,0.008963241577148437,99.99103675842285
2025-11-27 17:39:04.208989,s4-eth2,0.008963241577148437,99.99103675842285
2025-11-27 17:39:04.209092,s5-eth3,0.008963241577148437,99.99103675842285
2025-11-27 17:39:05.210427,s1-eth2,0.009603424072265625,99.99039657592773
2025-11-27 17:39:05.210722,s4-eth2,0.009603424072265625,99.99039657592773
2025-11-27 17:39:05.210825,s5-eth3,0.009603424072265625,99.99039657592773
2025-11-27 17:39:06.212151,s1-eth2,0.008963241577148437,99.99103675842285
2025-11-27 17:39:06.212456,s4-eth2,0.008963241577148437,99.99103675842285
2025-11-27 17:39:06.212559,s5-eth3,0.008963241577148437,99.99103675842285
2025-11-27 17:39:07.213849,s1-eth2,0.008963241577148437,99.99103675842285
2025-11-27 17:39:07.214147,s4-eth2,0.008963241577148437,99.99103675842285
2025-11-27 17:39:07.214250,s5-eth3,0.008963241577148437,99.99103675842285
2025-11-27 17:39:08.215577,s1-eth2,0.008963241577148437,99.99103675842285
2025-11-27 17:39:08.215869,s4-eth2,0.008963241577148437,99.99103675842285
2025-11-27 17:39:08.215971,s5-eth3,0.008963241577148437,99.99103675842285
2025-11-27 17:39:09.217261,s1-eth2,0.009603424072265625,99.99039657592773
2025-11-27 17:39:09.217574,s4-eth2,0.009603424072265625,99.99039657592773
2025-11-27 17:39:09.217679,s5-eth3,0.010243682861328126,99.98975631713867
2025-11-27 17:39:10.219024,s1-eth2,0.008963241577148437,99.99103675842285
2025-11-27 17:39:10.219322,s4-eth2,0.008963241577148437,99.99103675842285
2025-11-27 17:39:10.219440,s5-eth3,65.02808380126953,34.97191619873047
2025-11-27 17:39:11.220763,s1-eth2,0.009603424072265625,99.99039657592773
2025-11-27 17:39:11.221064,s4-eth2,0.009603424072265625,99.99039657592773
2025-11-27 17:39:11.221168,s5-eth3,0.008963241577148437,99.99103675842285
2025-11-27 17:39:12.222502,s1-eth2,0.008963241577148437,99.99103675842285
2025-11-27 17:39:12.222800,s4-eth2,0.008963241577148437,99.99103675842285
2025-11-27 17:39:12.222932,s5-eth3,0.008963241577148437,99.99103675842285
2025-11-27 17:39:13.224252,s1-eth2,0.009603424072265625,99.99039657592773
2025-11-27 17:39:13.224553,s4-eth2,0.009603424072265625,99.99039657592773
2025-11-27 17:39:13.224655,s5-eth3,0.009603424072265625,99.99039657592773
2025-11-27 17:39:14.225257,s1-eth2,0.008963241577148437,99.99103675842285
2025-11-27 17:39:14.225368,s4-eth2,0.00897216796875,99.99102783203125
2025-11-27 17:39:14.225405,s5-eth3,0.00897216796875,99.99102783203125
2025-11-27 17:39:15.225926,s1-eth2,0.00897216796875,99.99102783203125
2025-11-27 17:39:15.226035,s4-eth2,0.00897216796875,99.99102783203125
2025-11-27 17:39:15.226074,s5-eth3,0.00897216796875,99.99102783203125
2025-11-27 17:39:16.226598,s1-eth2,0.00897216796875,99.99102783203125
2025-11-27 17:39:16.226714,s4-eth2,0.00897216796875,99.99102783203125
2025-11-27 17:39:16.226752,s5-eth3,0.00897216796875,99.99102783203125
2025-11-27 17:39:17.227275,s1-eth2,0.00897216796875,99.99102783203125
2025-11-27 17:39:17.227385,s4-eth2,0.00897216796875,99.99102783203125
2025-11-27 17:39:17.227423,s5-eth3,0.00897216796875,99.99102783203125
2025-11-27 17:39:18.228681,s1-eth2,0.008963241577148437,99.99103675842285
2025-11-27 17:39:18.228986,s4-eth2,0.008963241577148437,99.99103675842285
2025-11-27 17:39:18.229088,s5-eth3,0.008963241577148437,99.99103675842285
2025-11-27 17:39:19.230393,s1-eth2,0.009603424072265625,99.99039657592773
2025-11-27 17:39:19.230688,s4-eth2,0.009603424072265625,99.99039657592773
2025-11-27 17:39:19.230792,s5-eth3,0.008963241577148437,99.99103675842285
2025-11-27 17:39:20.231405,s1-eth2,0.008963241577148437,99.99103675842285
2025-11-27 17:39:20.231515,s4-eth2,0.00897216796875,99.99102783203125
2025-11-27 17:39:20.231557,s5-eth3,0.00897216796875,99.99102783203125
2025-11-27 17:39:21.232785,s1-eth2,0.008963241577148437,99.99103675842285
2025-11-27 17:39:21.233083,s4-eth2,0.008963241577148437,99.99103675842285
2025-11-27 17:39:21.233187,s5-eth3,0.008963241577148437,99.99103675842285
2025-11-27 17:39:22.234492,s1-eth2,0.008963241577148437,99.99103675842285
2025-11-27 17:39:22.234789,s4-eth2,0.008963241577148437,99.99103675842285
2025-11-27 17:39:22.234924,s5-eth3,0.009603424072265625,99.99039657592773
2025-11-27 17:39:23.235522,s1-eth2,0.009603424072265625,99.99039657592773
2025-11-27 17:39:23.235635,s4-eth2,0.009613037109375,99.99038696289062
2025-11-27 17:39:23.235673,s5-eth3,0.00897216796875,99.99102783203125
2025-11-27 17:39:24.236217,s1-eth2,0.00897216796875,99.99102783203125
2025-11-27 17:39:24.236337,s4-eth2,0.00897216796875,99.99102783203125
2025-11-27 17:39:24.236379,s5-eth3,0.00897216796875,99.99102783203125
2025-11-27 17:39:25.236904,s1-eth2,0.00897216796875,99.99102783203125
2025-11-27 17:39:25.237020,s4-eth2,0.00897216796875,99.99102783203125
2025-11-27 17:39:25.237060,s5-eth3,0.0082244873046875,99.99177551269531
2025-11-27 17:39:26.237576,s1-eth2,0.009613037109375,99.99038696289062
2025-11-27 17:39:26.237684,s4-eth2,0.009613037109375,99.99038696289062
2025-11-27 17:39:26.237722,s5-eth3,0.01025390625,99.98974609375
2025-11-27 17:39:27.238378,s1-eth2,65.09242248535156,34.90757751464844
2025-11-27 17:39:27.238528,s4-eth2,0.00897216796875,99.99102783203125
2025-11-27 17:39:27.238584,s5-eth3,65.09262084960938,34.907379150390625
2025-11-27 17:39:28.239234,s1-eth2,0.00897216796875,99.99102783203125
2025-11-27 17:39:28.239375,s4-eth2,0.00897216796875,99.99102783203125
2025-11-27 17:39:28.239424,s5-eth3,0.009613037109375,99.99038696289062
2025-11-27 17:39:29.239991,s1-eth2,0.00897216796875,99.99102783203125
2025-11-27 17:39:29.240106,s4-eth2,0.00897216796875,99.99102783203125
2025-11-27 17:39:29.240147,s5-eth3,0.0082244873046875,99.99177551269531
2025-11-27 17:39:30.240681,s1-eth2,0.009613037109375,99.99038696289062
2025-11-27 17:39:30.240797,s4-eth2,0.009613037109375,99.99038696289062
2025-11-27 17:39:30.240835,s5-eth3,0.009613037109375,99.99038696289062
2025-11-27 17:39:31.241366,s1-eth2,0.00897216796875,99.99102783203125
2025-11-27 17:39:31.241476,s4-eth2,0.00897216796875,99.99102783203125
2025-11-27 17:39:31.241513,s5-eth3,0.00897216796875,99.99102783203125
2025-11-27 17:39:32.242064,s1-eth2,64.4087905883789,35.591209411621094
2025-11-27 17:39:32.242185,s4-eth2,0.009613037109375,99.99038696289062
2025-11-27 17:39:32.242224,s5-eth3,0.009613037109375,99.99038696289062
2025-11-27 17:39:33.242749,s1-eth2,0.01456451416015625,99.98543548583984
2025-11-27 17:39:33.242871,s4-eth2,0.00897216796875,99.99102783203125
2025-11-27 17:39:33.242909,s5-eth3,0.00897216796875,99.99102783203125
2025-11-27 17:39:34.243440,s1-eth2,0.009613037109375,99.99038696289062
2025-11-27 17:39:34.243556,s4-eth2,0.009613037109375,99.99038696289062
2025-11-27 17:39:34.243594,s5-eth3,0.01025390625,99.98974609375
2025-11-27 17:39:35.244126,s1-eth2,0.00897216796875,99.99102783203125
2025-11-27 17:39:35.244236,s4-eth2,0.00897216796875,99.99102783203125
2025-11-27 17:39:35.244274,s5-eth3,0.00897216796875,99.99102783203125
2025-11-27 17:39:36.244806,s1-eth2,0.009613037109375,99.99038696289062
2025-11-27 17:39:36.244919,s4-eth2,0.009613037109375,99.99038696289062
2025-11-27 17:39:36.244957,s5-eth3,0.00897216796875,99.99102783203125
2025-11-27 17:39:37.245490,s1-eth2,0.00897216796875,99.99102783203125
2025-11-27 17:39:37.245599,s4-eth2,0.00897216796875,99.99102783203125
2025-11-27 17:39:37.245637,s5-eth3,0.00897216796875,99.99102783203125
2025-11-27 17:39:38.246161,s1-eth2,0.00897216796875,99.99102783203125
2025-11-27 17:39:38.246270,s4-eth2,0.00897216796875,99.99102783203125
2025-11-27 17:39:38.246311,s5-eth3,0.00897216796875,99.99102783203125
2025-11-27 17:39:39.246855,s1-eth2,0.00897216796875,99.99102783203125
2025-11-27 17:39:39.246968,s4-eth2,0.00897216796875,99.99102783203125
2025-11-27 17:39:39.247006,s5-eth3,0.00897216796875,99.99102783203125
2025-11-27 17:39:40.247553,s1-eth2,0.009613037109375,99.99038696289062
2025-11-27 17:39:40.247673,s4-eth2,69.59193420410156,30.408065795898438
2025-11-27 17:39:40.247716,s5-eth3,69.59193420410156,30.408065795898438
2025-11-27 17:39:41.248265,s1-eth2,0.00897216796875,99.99102783203125
2025-11-27 17:39:41.248383,s4-eth2,0.0187530517578125,99.98124694824219
2025-11-27 17:39:41.248426,s5-eth3,0.0187530517578125,99.98124694824219
2025-11-27 17:39:42.248987,s1-eth2,0.010894775390625,99.98910522460938
2025-11-27 17:39:42.249109,s4-eth2,0.010894775390625,99.98910522460938
2025-11-27 17:39:42.249154,s5-eth3,0.009613037109375,99.99038696289062
2025-11-27 17:39:43.249712,s1-eth2,0.00897216796875,99.99102783203125
2025-11-27 17:39:43.249834,s4-eth2,0.00897216796875,99.99102783203125
2025-11-27 17:39:43.249874,s5-eth3,0.009613037109375,99.99038696289062
2025-11-27 17:39:44.250414,s1-eth2,0.00897216796875,99.99102783203125
2025-11-27 17:39:44.250534,s4-eth2,0.00897216796875,99.99102783203125
2025-11-27 17:39:44.250573,s5-eth3,0.00897216796875,99.99102783203125
2025-11-27 17:39:45.251109,s1-eth2,65.09275817871094,34.90724182128906
2025-11-27 17:39:45.251225,s4-eth2,0.00897216796875,99.99102783203125
2025-11-27 17:39:45.251265,s5-eth3,0.00897216796875,99.99102783203125
2025-11-27 17:39:46.251788,s1-eth2,0.00897216796875,99.99102783203125
2025-11-27 17:39:46.251899,s4-eth2,0.00897216796875,99.99102783203125
2025-11-27 17:39:46.251942,s5-eth3,0.00897216796875,99.99102783203125
2025-11-27 17:39:47.252452,s1-eth2,0.00897216796875,99.99102783203125
2025-11-27 17:39:47.252561,s4-eth2,0.00897216796875,99.99102783203125
2025-11-27 17:39:47.252599,s5-eth3,0.00897216796875,99.99102783203125
2025-11-27 17:39:48.253132,s1-eth2,0.00897216796875,99.99102783203125
2025-11-27 17:39:48.253250,s4-eth2,0.00897216796875,99.99102783203125
2025-11-27 17:39:48.253291,s5-eth3,0.00897216796875,99.99102783203125
2025-11-27 17:39:49.253844,s1-eth2,69.7772216796875,30.2227783203125
2025-11-27 17:39:49.253967,s4-eth2,0.00897216796875,99.99102783203125
2025-11-27 17:39:49.254005,s5-eth3,0.00897216796875,99.99102783203125
2025-11-27 17:39:50.254552,s1-eth2,0.01456451416015625,99.98543548583984
2025-11-27 17:39:50.254673,s4-eth2,0.00897216796875,99.99102783203125
2025-11-27 17:39:50.254711,s5-eth3,0.009613037109375,99.99038696289062
2025-11-27 17:39:51.255253,s1-eth2,0.00897216796875,99.99102783203125
2025-11-27 17:39:51.255370,s4-eth2,0.00897216796875,99.99102783203125
2025-11-27 17:39:51.255408,s5-eth3,0.00897216796875,99.99102783203125
2025-11-27 17:39:52.255935,s1-eth2,0.009613037109375,99.99038696289062
2025-11-27 17:39:52.256044,s4-eth2,0.009613037109375,99.99038696289062
2025-11-27 17:39:52.256082,s5-eth3,0.00897216796875,99.99102783203125
2025-11-27 17:39:53.256598,s1-eth2,0.00897216796875,99.99102783203125
2025-11-27 17:39:53.256711,s4-eth2,0.00897216796875,99.99102783203125
2025-11-27 17:39:53.256749,s5-eth3,0.00897216796875,99.99102783203125
2025-11-27 17:39:54.257219,s1-eth2,0.00897216796875,99.99102783203125
2025-11-27 17:39:54.257336,s4-eth2,69.77973175048828,30.22026824951172
2025-11-27 17:39:54.257371,s5-eth3,0.009613037109375,99.99038696289062
2025-11-27 17:39:55.257920,s1-eth2,0.0082244873046875,99.99177551269531
2025-11-27 17:39:55.258048,s4-eth2,0.01505279541015625,99.98494720458984
2025-11-27 17:39:55.258090,s5-eth3,0.00897216796875,99.99102783203125
2025-11-27 17:39:56.258752,s1-eth2,0.00897216796875,99.99102783203125
2025-11-27 17:39:56.258890,s4-eth2,69.59129333496094,30.408706665039062
2025-11-27 17:39:56.258937,s5-eth3,69.59129333496094,30.408706665039062
2025-11-27 17:39:57.259463,s1-eth2,0.00897216796875,99.99102783203125
2025-11-27 17:39:57.259580,s4-eth2,0.01804351806640625,99.9819564819336
2025-11-27 17:39:57.259619,s5-eth3,0.01879119873046875,99.98120880126953
2025-11-27 17:39:58.260161,s1-eth2,0.009613037109375,99.99038696289062
2025-11-27 17:39:58.260282,s4-eth2,0.009613037109375,99.99038696289062
2025-11-27 17:39:58.260321,s5-eth3,0.0088653564453125,99.99113464355469
2025-11-27 17:39:59.260863,s1-eth2,0.00897216796875,99.99102783203125
2025-11-27 17:39:59.260982,s4-eth2,0.00897216796875,99.99102783203125
2025-11-27 17:39:59.261020,s5-eth3,0.00897216796875,99.99102783203125
2025-11-27 17:40:00.261562,s1-eth2,0.01025390625,99.98974609375
2025-11-27 17:40:00.261681,s4-eth2,0.01025390625,99.98974609375
2025-11-27 17:40:00.261720,s5-eth3,0.01025390625,99.98974609375
2025-11-27 17:40:01.262409,s1-eth2,104.39021301269531,-4.3902130126953125
2025-11-27 17:40:01.262535,s4-eth2,0.00897216796875,99.99102783203125
2025-11-27 17:40:01.262574,s5-eth3,0.00897216796875,99.99102783203125
2025-11-27 17:40:02.263135,s1-eth2,33.24147033691406,66.75852966308594
2025-11-27 17:40:02.263257,s4-eth2,0.009613037109375,99.99038696289062
2025-11-27 17:40:02.263296,s5-eth3,0.009613037109375,99.99038696289062
2025-11-27 17:40:03.263828,s1-eth2,0.00897216796875,99.99102783203125
2025-11-27 17:40:03.263947,s4-eth2,0.00897216796875,99.99102783203125
2025-11-27 17:40:03.263985,s5-eth3,0.0082244873046875,99.99177551269531
2025-11-27 17:40:04.264504,s1-eth2,0.009613037109375,99.99038696289062
2025-11-27 17:40:04.264614,s4-eth2,0.009613037109375,99.99038696289062
2025-11-27 17:40:04.264652,s5-eth3,0.01025390625,99.98974609375
2025-11-27 17:40:05.265189,s1-eth2,0.00897216796875,99.99102783203125
2025-11-27 17:40:05.265305,s4-eth2,0.00897216796875,99.99102783203125
2025-11-27 17:40:05.265345,s5-eth3,0.00897216796875,99.99102783203125
2025-11-27 17:40:06.265894,s1-eth2,0.00897216796875,99.99102783203125
2025-11-27 17:40:06.266003,s4-eth2,0.0082244873046875,99.99177551269531
2025-11-27 17:40:06.266041,s5-eth3,0.00897216796875,99.99102783203125
2025-11-27 17:40:07.266543,s1-eth2,0.0082244873046875,99.99177551269531
2025-11-27 17:40:07.266652,s4-eth2,0.00897216796875,99.99102783203125
2025-11-27 17:40:07.266690,s5-eth3,0.00897216796875,99.99102783203125
2025-11-27 17:40:08.267238,s1-eth2,0.00897216796875,99.99102783203125
2025-11-27 17:40:08.267365,s4-eth2,0.00897216796875,99.99102783203125
2025-11-27 17:40:08.267405,s5-eth3,0.00897216796875,99.99102783203125
2025-11-27 17:40:09.268679,s1-eth2,0.008963241577148437,99.99103675842285
2025-11-27 17:40:09.268998,s4-eth2,0.008963241577148437,99.99103675842285
2025-11-27 17:40:09.269114,s5-eth3,65.02249145507812,34.977508544921875
2025-11-27 17:40:10.270413,s1-eth2,0.008963241577148437,99.99103675842285
2025-11-27 17:40:10.270727,s4-eth2,0.008963241577148437,99.99103675842285
2025-11-27 17:40:10.270839,s5-eth3,0.01404693603515625,99.98595306396484
2025-11-27 17:40:11.272196,s1-eth2,0.010350341796875,99.98964965820312
2025-11-27 17:40:11.272512,s4-eth2,0.009603424072265625,99.99039657592773
2025-11-27 17:40:11.272615,s5-eth3,0.008963241577148437,99.99103675842285
2025-11-27 17:40:12.273950,s1-eth2,0.008963241577148437,99.99103675842285
2025-11-27 17:40:12.274327,s4-eth2,69.70826721191406,30.291732788085938
2025-11-27 17:40:12.274441,s5-eth3,0.008963241577148437,99.99103675842285
2025-11-27 17:40:13.275873,s1-eth2,0.010457077026367188,99.98954292297363
2025-11-27 17:40:13.276237,s4-eth2,0.016059112548828126,99.98394088745117
2025-11-27 17:40:13.276350,s5-eth3,0.009710159301757813,99.99028984069824
2025-11-27 17:40:14.277675,s1-eth2,0.008963241577148437,99.99103675842285
2025-11-27 17:40:14.277989,s4-eth2,0.008963241577148437,99.99103675842285
2025-11-27 17:40:14.278095,s5-eth3,0.008963241577148437,99.99103675842285
2025-11-27 17:40:15.279436,s1-eth2,0.010243682861328126,99.98975631713867
2025-11-27 17:40:15.279737,s4-eth2,0.010243682861328126,99.98975631713867
2025-11-27 17:40:15.279849,s5-eth3,0.011630859375,99.988369140625
2025-11-27 17:40:16.281181,s1-eth2,0.008963241577148437,99.99103675842285
2025-11-27 17:40:16.281524,s4-eth2,0.009710159301757813,99.99028984069824
2025-11-27 17:40:16.281639,s5-eth3,0.009710159301757813,99.99028984069824
2025-11-27 17:40:17.283137,s1-eth2,0.010457077026367188,99.98954292297363
2025-11-27 17:40:17.283456,s4-eth2,0.009710159301757813,99.99028984069824
2025-11-27 17:40:17.283559,s5-eth3,0.009710159301757813,99.99028984069824
2025-11-27 17:40:18.284949,s1-eth2,0.008963241577148437,99.99103675842285
2025-11-27 17:40:18.285245,s4-eth2,0.008963241577148437,99.99103675842285
2025-11-27 17:40:18.285350,s5-eth3,0.008963241577148437,99.99103675842285
2025-11-27 17:40:19.286728,s1-eth2,0.009603424072265625,99.99039657592773
2025-11-27 17:40:19.287120,s4-eth2,0.009603424072265625,99.99039657592773
2025-11-27 17:40:19.287224,s5-eth3,0.008963241577148437,99.99103675842285
2025-11-27 17:40:20.288528,s1-eth2,0.008963241577148437,99.99103675842285
2025-11-27 17:40:20.288822,s4-eth2,0.008963241577148437,99.99103675842285
2025-11-27 17:40:20.288924,s5-eth3,0.008963241577148437,99.99103675842285
2025-11-27 17:40:21.290223,s1-eth2,0.008963241577148437,99.99103675842285
2025-11-27 17:40:21.290527,s4-eth2,0.008963241577148437,99.99103675842285
2025-11-27 17:40:21.290631,s5-eth3,0.008963241577148437,99.99103675842285
2025-11-27 17:40:22.291940,s1-eth2,0.008963241577148437,99.99103675842285
2025-11-27 17:40:22.292237,s4-eth2,0.008963241577148437,99.99103675842285
2025-11-27 17:40:22.292341,s5-eth3,0.009710159301757813,99.99028984069824
2025-11-27 17:40:23.293645,s1-eth2,0.008963241577148437,99.99103675842285
2025-11-27 17:40:23.293944,s4-eth2,0.008963241577148437,99.99103675842285
2025-11-27 17:40:23.294048,s5-eth3,0.009603424072265625,99.99039657592773
2025-11-27 17:40:24.295426,s1-eth2,65.02788543701172,34.97211456298828
2025-11-27 17:40:24.295747,s4-eth2,0.009283294677734375,99.99071670532227
2025-11-27 17:40:24.295850,s5-eth3,0.008963241577148437,99.99103675842285
2025-11-27 17:40:25.297168,s1-eth2,0.011203994750976562,99.98879600524903
2025-11-27 17:40:25.297471,s4-eth2,0.011950912475585938,99.98804908752442
2025-11-27 17:40:25.297577,s5-eth3,0.011630859375,99.988369140625
2025-11-27 17:40:26.298872,s1-eth2,0.009710159301757813,99.99028984069824
2025-11-27 17:40:26.299186,s4-eth2,0.009710159301757813,99.99028984069824
2025-11-27 17:40:26.299289,s5-eth3,0.008963241577148437,99.99103675842285
2025-11-27 17:40:27.300583,s1-eth2,0.009710159301757813,99.99028984069824
2025-11-27 17:40:27.300877,s4-eth2,0.008963241577148437,99.99103675842285
2025-11-27 17:40:27.300979,s5-eth3,0.008963241577148437,99.99103675842285
2025-11-27 17:40:28.302280,s1-eth2,0.008963241577148437,99.99103675842285
2025-11-27 17:40:28.302583,s4-eth2,0.008963241577148437,99.99103675842285
2025-11-27 17:40:28.302686,s5-eth3,0.008963241577148437,99.99103675842285
2025-11-27 17:40:29.303972,s1-eth2,0.008963241577148437,99.99103675842285
2025-11-27 17:40:29.304269,s4-eth2,0.008963241577148437,99.99103675842285
2025-11-27 17:40:29.304373,s5-eth3,0.008963241577148437,99.99103675842285
2025-11-27 17:40:30.305698,s1-eth2,0.008963241577148437,99.99103675842285
2025-11-27 17:40:30.306006,s4-eth2,0.008963241577148437,99.99103675842285
2025-11-27 17:40:30.306117,s5-eth3,0.008963241577148437,99.99103675842285
2025-11-27 17:40:31.307483,s1-eth2,0.009603424072265625,99.99039657592773
2025-11-27 17:40:31.307819,s4-eth2,69.52241516113281,30.477584838867188
2025-11-27 17:40:31.307936,s5-eth3,69.52369689941406,30.476303100585938
2025-11-27 17:40:32.309302,s1-eth2,65.02758026123047,34.97241973876953
2025-11-27 17:40:32.309640,s4-eth2,0.018741912841796875,99.98125808715821
2025-11-27 17:40:32.309755,s5-eth3,65.03746795654297,34.96253204345703
2025-11-27 17:40:33.311134,s1-eth2,0.008963241577148437,99.99103675842285
2025-11-27 17:40:33.311436,s4-eth2,0.008963241577148437,99.99103675842285
2025-11-27 17:40:33.311539,s5-eth3,0.008963241577148437,99.99103675842285
2025-11-27 17:40:34.312821,s1-eth2,0.008963241577148437,99.99103675842285
2025-11-27 17:40:34.313122,s4-eth2,0.008963241577148437,99.99103675842285
2025-11-27 17:40:34.313234,s5-eth3,0.008963241577148437,99.99103675842285
2025-11-27 17:40:35.314580,s1-eth2,0.008963241577148437,99.99103675842285
2025-11-27 17:40:35.314942,s4-eth2,0.008963241577148437,99.99103675842285
2025-11-27 17:40:35.315049,s5-eth3,0.008963241577148437,99.99103675842285
2025-11-27 17:40:36.316481,s1-eth2,0.008963241577148437,99.99103675842285
2025-11-27 17:40:36.316811,s4-eth2,0.008963241577148437,99.99103675842285
2025-11-27 17:40:36.316915,s5-eth3,0.008963241577148437,99.99103675842285
2025-11-27 17:40:37.318276,s1-eth2,0.008963241577148437,99.99103675842285
2025-11-27 17:40:37.318590,s4-eth2,0.008963241577148437,99.99103675842285
2025-11-27 17:40:37.318694,s5-eth3,0.008963241577148437,99.99103675842285
2025-11-27 17:40:38.319290,s1-eth2,0.008963241577148437,99.99103675842285
2025-11-27 17:40:38.319402,s4-eth2,0.00897216796875,99.99102783203125
2025-11-27 17:40:38.319440,s5-eth3,0.00897216796875,99.99102783203125
2025-11-27 17:40:39.320723,s1-eth2,0.009603424072265625,99.99039657592773
2025-11-27 17:40:39.321076,s4-eth2,0.009603424072265625,99.99039657592773
2025-11-27 17:40:39.321190,s5-eth3,0.008963241577148437,99.99103675842285
2025-11-27 17:40:40.322542,s1-eth2,0.008963241577148437,99.99103675842285
2025-11-27 17:40:40.322882,s4-eth2,0.008963241577148437,99.99103675842285
2025-11-27 17:40:40.322994,s5-eth3,0.008963241577148437,99.99103675842285
2025-11-27 17:40:41.324342,s1-eth2,0.009603424072265625,99.99039657592773
2025-11-27 17:40:41.324679,s4-eth2,0.009603424072265625,99.99039657592773
2025-11-27 17:40:41.324783,s5-eth3,0.008963241577148437,99.99103675842285
2025-11-27 17:40:42.326136,s1-eth2,0.008963241577148437,99.99103675842285
2025-11-27 17:40:42.326431,s4-eth2,0.008963241577148437,99.99103675842285
2025-11-27 17:40:42.326534,s5-eth3,0.008963241577148437,99.99103675842285
2025-11-27 17:40:43.327905,s1-eth2,64.34444427490234,35.655555725097656
2025-11-27 17:40:43.328233,s4-eth2,0.009603424072265625,99.99039657592773
2025-11-27 17:40:43.328336,s5-eth3,0.009603424072265625,99.99039657592773
2025-11-27 17:40:44.329668,s1-eth2,0.014687118530273437,99.98531288146972
2025-11-27 17:40:44.329997,s4-eth2,0.008963241577148437,99.99103675842285
2025-11-27 17:40:44.330100,s5-eth3,0.008963241577148437,99.99103675842285
2025-11-27 17:40:45.331452,s1-eth2,0.008963241577148437,99.99103675842285
2025-11-27 17:40:45.331768,s4-eth2,0.008963241577148437,99.99103675842285
2025-11-27 17:40:45.331871,s5-eth3,0.008963241577148437,99.99103675842285
2025-11-27 17:40:46.333231,s1-eth2,69.7080307006836,30.291969299316406
2025-11-27 17:40:46.333558,s4-eth2,0.009603424072265625,99.99039657592773
2025-11-27 17:40:46.333668,s5-eth3,0.010243682861328126,99.98975631713867
2025-11-27 17:40:47.335042,s1-eth2,0.014565200805664062,99.98543479919434
2025-11-27 17:40:47.335370,s4-eth2,0.009710159301757813,99.99028984069824
2025-11-27 17:40:47.335474,s5-eth3,0.008963241577148437,99.99103675842285
2025-11-27 17:40:48.336799,s1-eth2,0.008963241577148437,99.99103675842285
2025-11-27 17:40:48.337104,s4-eth2,0.008963241577148437,99.99103675842285
2025-11-27 17:40:48.337207,s5-eth3,0.008963241577148437,99.99103675842285
2025-11-27 17:40:49.338565,s1-eth2,0.009603424072265625,99.99039657592773
2025-11-27 17:40:49.338917,s4-eth2,0.009603424072265625,99.99039657592773
2025-11-27 17:40:49.339031,s5-eth3,0.007469329833984375,99.99253067016602
2025-11-27 17:40:50.340463,s1-eth2,0.009710159301757813,99.99028984069824
2025-11-27 17:40:50.340816,s4-eth2,0.008963241577148437,99.99103675842285
2025-11-27 17:40:50.340960,s5-eth3,0.009710159301757813,99.99028984069824
2025-11-27 17:40:51.342384,s1-eth2,0.009603424072265625,99.99039657592773
2025-11-27 17:40:51.342752,s4-eth2,0.009603424072265625,99.99039657592773
2025-11-27 17:40:51.342890,s5-eth3,0.011630859375,99.988369140625
2025-11-27 17:40:52.344230,s1-eth2,0.008963241577148437,99.99103675842285
2025-11-27 17:40:52.344527,s4-eth2,0.008963241577148437,99.99103675842285
2025-11-27 17:40:52.344629,s5-eth3,0.008963241577148437,99.99103675842285
2025-11-27 17:40:53.346564,s1-eth2,0.008954238891601563,99.9910457611084
2025-11-27 17:40:53.346914,s4-eth2,0.008954238891601563,99.9910457611084
2025-11-27 17:40:53.347019,s5-eth3,0.008954238891601563,99.9910457611084
2025-11-27 17:40:54.348354,s1-eth2,0.006722412109375,99.99327758789063
2025-11-27 17:40:54.348680,s4-eth2,0.006722412109375,99.99327758789063
2025-11-27 17:40:54.348784,s5-eth3,0.008963241577148437,99.99103675842285
2025-11-27 17:40:55.350190,s1-eth2,0.011203994750976562,99.98879600524903
2025-11-27 17:40:55.350513,s4-eth2,0.011203994750976562,99.98879600524903
2025-11-27 17:40:55.350618,s5-eth3,0.009603424072265625,99.99039657592773
2025-11-27 17:40:56.352039,s1-eth2,0.008963241577148437,99.99103675842285
2025-11-27 17:40:56.352334,s4-eth2,0.008963241577148437,99.99103675842285
2025-11-27 17:40:56.352438,s5-eth3,0.008963241577148437,99.99103675842285
2025-11-27 17:40:57.353830,s1-eth2,0.009603424072265625,99.99039657592773
2025-11-27 17:40:57.354129,s4-eth2,0.009603424072265625,99.99039657592773
2025-11-27 17:40:57.354233,s5-eth3,0.008963241577148437,99.99103675842285
2025-11-27 17:40:58.355663,s1-eth2,0.009603424072265625,99.99039657592773
2025-11-27 17:40:58.356001,s4-eth2,69.5266342163086,30.473365783691406
2025-11-27 17:40:58.356114,s5-eth3,69.5266342163086,30.473365783691406
2025-11-27 17:40:59.357556,s1-eth2,69.71308135986328,30.28691864013672
2025-11-27 17:40:59.357866,s4-eth2,0.014549942016601562,99.9854500579834
2025-11-27 17:40:59.357973,s5-eth3,0.014549942016601562,99.9854500579834
2025-11-27 17:41:00.359381,s1-eth2,0.008963241577148437,99.99103675842285
2025-11-27 17:41:00.359695,s4-eth2,0.008963241577148437,99.99103675842285
2025-11-27 17:41:00.359798,s5-eth3,0.008963241577148437,99.99103675842285
2025-11-27 17:41:01.361205,s1-eth2,0.008963241577148437,99.99103675842285
2025-11-27 17:41:01.361515,s4-eth2,69.71363830566406,30.286361694335938
2025-11-27 17:41:01.361630,s5-eth3,0.008963241577148437,99.99103675842285
2025-11-27 17:41:02.363059,s1-eth2,0.010243682861328126,99.98975631713867
2025-11-27 17:41:02.363369,s4-eth2,0.010243682861328126,99.98975631713867
2025-11-27 17:41:02.363473,s5-eth3,0.009603424072265625,99.99039657592773
2025-11-27 17:41:03.364866,s1-eth2,0.008963241577148437,99.99103675842285
2025-11-27 17:41:03.365162,s4-eth2,0.008963241577148437,99.99103675842285
2025-11-27 17:41:03.365265,s5-eth3,0.008963241577148437,99.99103675842285
2025-11-27 17:41:04.366662,s1-eth2,0.008963241577148437,99.99103675842285
2025-11-27 17:41:04.366986,s4-eth2,0.008963241577148437,99.99103675842285
2025-11-27 17:41:04.367101,s5-eth3,0.009603424072265625,99.99039657592773
2025-11-27 17:41:05.368500,s1-eth2,0.008963241577148437,99.99103675842285
2025-11-27 17:41:05.368813,s4-eth2,0.008963241577148437,99.99103675842285
2025-11-27 17:41:05.368922,s5-eth3,0.008963241577148437,99.99103675842285
2025-11-27 17:41:06.370322,s1-eth2,0.008963241577148437,99.99103675842285
2025-11-27 17:41:06.370627,s4-eth2,0.008963241577148437,99.99103675842285
2025-11-27 17:41:06.370745,s5-eth3,65.02758026123047,34.97241973876953
2025-11-27 17:41:07.371454,s1-eth2,0.008963241577148437,99.99103675842285
2025-11-27 17:41:07.371570,s4-eth2,0.00897216796875,99.99102783203125
2025-11-27 17:41:07.371609,s5-eth3,0.009613037109375,99.99038696289062
2025-11-27 17:41:08.373251,s1-eth2,0.010883865356445312,99.98911613464355
2025-11-27 17:41:08.373563,s4-eth2,0.010883865356445312,99.98911613464355
2025-11-27 17:41:08.373669,s5-eth3,0.009593887329101563,99.9904061126709
2025-11-27 17:41:09.375077,s1-eth2,0.008963241577148437,99.99103675842285
2025-11-27 17:41:09.375392,s4-eth2,0.008963241577148437,99.99103675842285
2025-11-27 17:41:09.375495,s5-eth3,0.008963241577148437,99.99103675842285
2025-11-27 17:41:10.376893,s1-eth2,64.3483657836914,35.651634216308594
2025-11-27 17:41:10.377217,s4-eth2,0.008963241577148437,99.99103675842285
2025-11-27 17:41:10.377320,s5-eth3,0.008963241577148437,99.99103675842285
2025-11-27 17:41:11.378703,s1-eth2,0.009969253540039063,99.99003074645996
2025-11-27 17:41:11.379040,s4-eth2,0.008963241577148437,99.99103675842285
2025-11-27 17:41:11.379146,s5-eth3,0.008963241577148437,99.99103675842285
2025-11-27 17:41:12.380518,s1-eth2,0.008963241577148437,99.99103675842285
2025-11-27 17:41:12.380814,s4-eth2,0.008963241577148437,99.99103675842285
2025-11-27 17:41:12.380922,s5-eth3,0.009603424072265625,99.99039657592773
2025-11-27 17:41:13.382309,s1-eth2,0.008963241577148437,99.99103675842285
2025-11-27 17:41:13.382644,s4-eth2,0.008963241577148437,99.99103675842285
2025-11-27 17:41:13.382748,s5-eth3,0.008963241577148437,99.99103675842285
2025-11-27 17:41:14.384138,s1-eth2,0.008963241577148437,99.99103675842285
2025-11-27 17:41:14.384446,s4-eth2,0.008963241577148437,99.99103675842285
2025-11-27 17:41:14.384549,s5-eth3,0.008963241577148437,99.99103675842285
2025-11-27 17:41:15.385915,s1-eth2,0.008963241577148437,99.99103675842285
2025-11-27 17:41:15.386220,s4-eth2,0.008963241577148437,99.99103675842285
2025-11-27 17:41:15.386325,s5-eth3,0.008963241577148437,99.99103675842285
2025-11-27 17:41:16.387722,s1-eth2,0.008963241577148437,99.99103675842285
2025-11-27 17:41:16.388016,s4-eth2,0.008963241577148437,99.99103675842285
2025-11-27 17:41:16.388119,s5-eth3,0.008963241577148437,99.99103675842285
2025-11-27 17:41:17.389422,s1-eth2,0.008963241577148437,99.99103675842285
2025-11-27 17:41:17.389784,s4-eth2,0.008963241577148437,99.99103675842285
2025-11-27 17:41:17.389891,s5-eth3,0.008963241577148437,99.99103675842285
2025-11-27 17:41:18.391271,s1-eth2,0.009603424072265625,99.99039657592773
2025-11-27 17:41:18.391584,s4-eth2,0.009603424072265625,99.99039657592773
2025-11-27 17:41:18.391688,s5-eth3,0.009603424072265625,99.99039657592773
2025-11-27 17:41:19.393069,s1-eth2,0.009603424072265625,99.99039657592773
2025-11-27 17:41:19.393367,s4-eth2,0.009603424072265625,99.99039657592773
2025-11-27 17:41:19.393471,s5-eth3,0.010243682861328126,99.98975631713867
2025-11-27 17:41:20.394968,s1-eth2,0.009603424072265625,99.99039657592773
2025-11-27 17:41:20.395307,s4-eth2,0.009603424072265625,99.99039657592773
2025-11-27 17:41:20.395412,s5-eth3,0.008963241577148437,99.99103675842285
2025-11-27 17:41:21.396809,s1-eth2,0.009603424072265625,99.99039657592773
2025-11-27 17:41:21.397124,s4-eth2,69.48246765136719,30.517532348632812
2025-11-27 17:41:21.397236,s5-eth3,69.48246765136719,30.517532348632812
2025-11-27 17:41:22.398640,s1-eth2,0.008963241577148437,99.99103675842285
2025-11-27 17:41:22.398999,s4-eth2,0.014565200805664062,99.98543479919434
2025-11-27 17:41:22.399112,s5-eth3,0.014565200805664062,99.98543479919434
2025-11-27 17:41:23.400514,s1-eth2,0.008963241577148437,99.99103675842285
2025-11-27 17:41:23.400843,s4-eth2,69.71209716796875,30.28790283203125
2025-11-27 17:41:23.400958,s5-eth3,0.008963241577148437,99.99103675842285
2025-11-27 17:41:24.402362,s1-eth2,0.008963241577148437,99.99103675842285
2025-11-27 17:41:24.402661,s4-eth2,0.008963241577148437,99.99103675842285
2025-11-27 17:41:24.402772,s5-eth3,0.008963241577148437,99.99103675842285
2025-11-27 17:41:25.404180,s1-eth2,0.008963241577148437,99.99103675842285
2025-11-27 17:41:25.404476,s4-eth2,0.008963241577148437,99.99103675842285
2025-11-27 17:41:25.404579,s5-eth3,0.008963241577148437,99.99103675842285
2025-11-27 17:41:26.405987,s1-eth2,0.008963241577148437,99.99103675842285
2025-11-27 17:41:26.406295,s4-eth2,0.008963241577148437,99.99103675842285
2025-11-27 17:41:26.406398,s5-eth3,0.008963241577148437,99.99103675842285
2025-11-27 17:41:27.407804,s1-eth2,0.008963241577148437,99.99103675842285
2025-11-27 17:41:27.408119,s4-eth2,0.008963241577148437,99.99103675842285
2025-11-27 17:41:27.408236,s5-eth3,65.02757263183594,34.97242736816406
2025-11-27 17:41:28.409559,s1-eth2,0.008963241577148437,99.99103675842285
2025-11-27 17:41:28.409854,s4-eth2,0.008963241577148437,99.99103675842285
2025-11-27 17:41:28.409958,s5-eth3,0.009603424072265625,99.99039657592773
2025-11-27 17:41:29.411376,s1-eth2,0.0134295654296875,99.98657043457031
2025-11-27 17:41:29.411704,s4-eth2,0.008963241577148437,99.99103675842285
2025-11-27 17:41:29.411808,s5-eth3,0.008963241577148437,99.99103675842285
2025-11-27 17:41:30.413211,s1-eth2,65.02374267578125,34.97625732421875
2025-11-27 17:41:30.413523,s4-eth2,0.009603424072265625,99.99039657592773
2025-11-27 17:41:30.413627,s5-eth3,0.008963241577148437,99.99103675842285
2025-11-27 17:41:31.415034,s1-eth2,0.008963241577148437,99.99103675842285
2025-11-27 17:41:31.415369,s4-eth2,0.008963241577148437,99.99103675842285
2025-11-27 17:41:31.415478,s5-eth3,0.008963241577148437,99.99103675842285
2025-11-27 17:41:32.416893,s1-eth2,65.02569580078125,34.97430419921875
2025-11-27 17:41:32.417226,s4-eth2,0.009603424072265625,99.99039657592773
2025-11-27 17:41:32.417336,s5-eth3,0.009603424072265625,99.99039657592773
2025-11-27 17:41:33.418725,s1-eth2,0.008963241577148437,99.99103675842285
2025-11-27 17:41:33.419061,s4-eth2,0.008963241577148437,99.99103675842285
2025-11-27 17:41:33.419168,s5-eth3,0.008963241577148437,99.99103675842285
2025-11-27 17:41:34.419779,s1-eth2,0.008963241577148437,99.99103675842285
2025-11-27 17:41:34.419895,s4-eth2,0.00897216796875,99.99102783203125
2025-11-27 17:41:34.419933,s5-eth3,0.009613037109375,99.99038696289062
2025-11-27 17:41:35.421235,s1-eth2,0.008963241577148437,99.99103675842285
2025-11-27 17:41:35.421568,s4-eth2,0.008963241577148437,99.99103675842285
2025-11-27 17:41:35.421672,s5-eth3,0.008963241577148437,99.99103675842285
2025-11-27 17:41:36.423080,s1-eth2,0.009603424072265625,99.99039657592773
2025-11-27 17:41:36.423377,s4-eth2,0.009603424072265625,99.99039657592773
2025-11-27 17:41:36.423482,s5-eth3,0.008963241577148437,99.99103675842285
2025-11-27 17:41:37.424111,s1-eth2,0.008963241577148437,99.99103675842285
2025-11-27 17:41:37.424226,s4-eth2,0.00897216796875,99.99102783203125
2025-11-27 17:41:37.424268,s5-eth3,0.009613037109375,99.99038696289062
2025-11-27 17:41:38.425534,s1-eth2,64.34942626953125,35.65057373046875
2025-11-27 17:41:38.425871,s4-eth2,0.008963241577148437,99.99103675842285
2025-11-27 17:41:38.425983,s5-eth3,0.008963241577148437,99.99103675842285
2025-11-27 17:41:39.427355,s1-eth2,69.71475982666016,30.285240173339844
2025-11-27 17:41:39.427663,s4-eth2,0.009603424072265625,99.99039657592773
2025-11-27 17:41:39.427783,s5-eth3,0.008963241577148437,99.99103675842285
2025-11-27 17:41:40.429103,s1-eth2,0.009603424072265625,99.99039657592773
2025-11-27 17:41:40.429400,s4-eth2,0.009603424072265625,99.99039657592773
2025-11-27 17:41:40.429504,s5-eth3,0.009603424072265625,99.99039657592773
2025-11-27 17:41:41.430815,s1-eth2,0.008963241577148437,99.99103675842285
2025-11-27 17:41:41.431129,s4-eth2,0.008963241577148437,99.99103675842285
2025-11-27 17:41:41.431232,s5-eth3,0.009603424072265625,99.99039657592773
2025-11-27 17:41:42.432540,s1-eth2,0.008963241577148437,99.99103675842285
2025-11-27 17:41:42.432843,s4-eth2,0.008963241577148437,99.99103675842285
2025-11-27 17:41:42.432946,s5-eth3,0.008963241577148437,99.99103675842285
2025-11-27 17:41:43.434256,s1-eth2,0.008963241577148437,99.99103675842285
2025-11-27 17:41:43.434550,s4-eth2,0.008963241577148437,99.99103675842285
2025-11-27 17:41:43.434654,s5-eth3,0.008963241577148437,99.99103675842285
2025-11-27 17:41:44.436012,s1-eth2,0.009283294677734375,99.99071670532227
2025-11-27 17:41:44.436343,s4-eth2,0.009283294677734375,99.99071670532227
2025-11-27 17:41:44.436453,s5-eth3,0.008963241577148437,99.99103675842285
2025-11-27 17:41:45.437094,s1-eth2,0.009923553466796875,99.99007644653321
2025-11-27 17:41:45.437216,s4-eth2,0.0099334716796875,99.99006652832031
2025-11-27 17:41:45.437258,s5-eth3,0.009613037109375,99.99038696289062
2025-11-27 17:41:46.438522,s1-eth2,0.008963241577148437,99.99103675842285
2025-11-27 17:41:46.438839,s4-eth2,0.008963241577148437,99.99103675842285
2025-11-27 17:41:46.438964,s5-eth3,0.008963241577148437,99.99103675842285
2025-11-27 17:41:47.439573,s1-eth2,0.008963241577148437,99.99103675842285
2025-11-27 17:41:47.439684,s4-eth2,0.00897216796875,99.99102783203125
2025-11-27 17:41:47.439722,s5-eth3,0.00897216796875,99.99102783203125
2025-11-27 17:41:48.440268,s1-eth2,0.00897216796875,99.99102783203125
2025-11-27 17:41:48.440385,s4-eth2,0.00897216796875,99.99102783203125
2025-11-27 17:41:48.440427,s5-eth3,0.00897216796875,99.99102783203125
2025-11-27 17:41:49.441056,s1-eth2,0.00897216796875,99.99102783203125
2025-11-27 17:41:49.441210,s4-eth2,0.00897216796875,99.99102783203125
2025-11-27 17:41:49.441259,s5-eth3,0.01025390625,99.98974609375
2025-11-27 17:41:50.441906,s1-eth2,0.00897216796875,99.99102783203125
2025-11-27 17:41:50.442069,s4-eth2,0.00897216796875,99.99102783203125
2025-11-27 17:41:50.442124,s5-eth3,0.00897216796875,99.99102783203125
2025-11-27 17:41:51.442777,s1-eth2,0.01025390625,99.98974609375
2025-11-27 17:41:51.442931,s4-eth2,0.01025390625,99.98974609375
2025-11-27 17:41:51.442981,s5-eth3,0.009613037109375,99.99038696289062
2025-11-27 17:41:52.443615,s1-eth2,0.009613037109375,99.99038696289062
2025-11-27 17:41:52.443757,s4-eth2,0.009613037109375,99.99038696289062
2025-11-27 17:41:52.443808,s5-eth3,0.009613037109375,99.99038696289062
2025-11-27 17:41:53.444433,s1-eth2,0.00897216796875,99.99102783203125
2025-11-27 17:41:53.444578,s4-eth2,0.00897216796875,99.99102783203125
2025-11-27 17:41:53.444625,s5-eth3,0.009613037109375,99.99038696289062
2025-11-27 17:41:54.445243,s1-eth2,0.00897216796875,99.99102783203125
2025-11-27 17:41:54.445391,s4-eth2,0.00897216796875,99.99102783203125
2025-11-27 17:41:54.445439,s5-eth3,0.00897216796875,99.99102783203125
2025-11-27 17:41:55.446064,s1-eth2,0.00897216796875,99.99102783203125
2025-11-27 17:41:55.446212,s4-eth2,0.00897216796875,99.99102783203125
2025-11-27 17:41:55.446259,s5-eth3,0.00897216796875,99.99102783203125
2025-11-27 17:41:56.446884,s1-eth2,0.00897216796875,99.99102783203125
2025-11-27 17:41:56.447027,s4-eth2,0.00897216796875,99.99102783203125
2025-11-27 17:41:56.447073,s5-eth3,0.00897216796875,99.99102783203125
2025-11-27 17:41:57.447690,s1-eth2,0.00897216796875,99.99102783203125
2025-11-27 17:41:57.447840,s4-eth2,0.00897216796875,99.99102783203125
2025-11-27 17:41:57.447888,s5-eth3,0.00897216796875,99.99102783203125
2025-11-27 17:41:58.448494,s1-eth2,0.00897216796875,99.99102783203125
2025-11-27 17:41:58.448633,s4-eth2,0.00897216796875,99.99102783203125
2025-11-27 17:41:58.448681,s5-eth3,0.00897216796875,99.99102783203125
2025-11-27 17:41:59.449282,s1-eth2,0.009613037109375,99.99038696289062
2025-11-27 17:41:59.449427,s4-eth2,0.009613037109375,99.99038696289062
2025-11-27 17:41:59.449474,s5-eth3,0.00897216796875,99.99102783203125
2025-11-27 17:42:00.450081,s1-eth2,0.00897216796875,99.99102783203125
2025-11-27 17:42:00.450218,s4-eth2,0.00897216796875,99.99102783203125
2025-11-27 17:42:00.450265,s5-eth3,0.00897216796875,99.99102783203125
2025-11-27 17:42:01.450881,s1-eth2,0.009613037109375,99.99038696289062
2025-11-27 17:42:01.451021,s4-eth2,0.009613037109375,99.99038696289062
2025-11-27 17:42:01.451074,s5-eth3,0.009613037109375,99.99038696289062
2025-11-27 17:42:02.451681,s1-eth2,0.00897216796875,99.99102783203125
2025-11-27 17:42:02.451825,s4-eth2,69.78296661376953,30.21703338623047
2025-11-27 17:42:02.451877,s5-eth3,0.00897216796875,99.99102783203125
2025-11-27 17:42:03.452484,s1-eth2,0.01025390625,99.98974609375
2025-11-27 17:42:03.452623,s4-eth2,0.01025390625,99.98974609375
2025-11-27 17:42:03.452670,s5-eth3,0.009613037109375,99.99038696289062
2025-11-27 17:42:04.453274,s1-eth2,0.00897216796875,99.99102783203125
2025-11-27 17:42:04.453416,s4-eth2,0.00897216796875,99.99102783203125
2025-11-27 17:42:04.453463,s5-eth3,0.00897216796875,99.99102783203125
2025-11-27 17:42:05.454111,s1-eth2,0.0140838623046875,99.98591613769531
2025-11-27 17:42:05.454258,s4-eth2,69.59616088867188,30.403839111328125
2025-11-27 17:42:05.454311,s5-eth3,69.59793853759766,30.402061462402344
2025-11-27 17:42:06.454953,s1-eth2,69.77885437011719,30.221145629882812
2025-11-27 17:42:06.455107,s4-eth2,0.014556884765625,99.98544311523438
2025-11-27 17:42:06.455160,s5-eth3,65.09578704833984,34.904212951660156
2025-11-27 17:42:07.455765,s1-eth2,0.00897216796875,99.99102783203125
2025-11-27 17:42:07.455902,s4-eth2,0.00897216796875,99.99102783203125
2025-11-27 17:42:07.455950,s5-eth3,0.00897216796875,99.99102783203125
2025-11-27 17:42:08.456545,s1-eth2,0.00897216796875,99.99102783203125
2025-11-27 17:42:08.456686,s4-eth2,0.00897216796875,99.99102783203125
2025-11-27 17:42:08.456734,s5-eth3,0.00897216796875,99.99102783203125
2025-11-27 17:42:09.457335,s1-eth2,0.00897216796875,99.99102783203125
2025-11-27 17:42:09.457472,s4-eth2,0.00897216796875,99.99102783203125
2025-11-27 17:42:09.457519,s5-eth3,0.009613037109375,99.99038696289062
2025-11-27 17:42:10.458123,s1-eth2,0.00897216796875,99.99102783203125
2025-11-27 17:42:10.458261,s4-eth2,0.00897216796875,99.99102783203125
2025-11-27 17:42:10.458312,s5-eth3,0.009613037109375,99.99038696289062
2025-11-27 17:42:11.458925,s1-eth2,0.00897216796875,99.99102783203125
2025-11-27 17:42:11.459063,s4-eth2,0.00897216796875,99.99102783203125
2025-11-27 17:42:11.459111,s5-eth3,0.00897216796875,99.99102783203125
2025-11-27 17:42:12.459727,s1-eth2,0.00897216796875,99.99102783203125
2025-11-27 17:42:12.459872,s4-eth2,69.78331756591797,30.21668243408203
2025-11-27 17:42:12.459926,s5-eth3,0.00897216796875,99.99102783203125
2025-11-27 17:42:13.460529,s1-eth2,0.009613037109375,99.99038696289062
2025-11-27 17:42:13.460672,s4-eth2,0.009613037109375,99.99038696289062
2025-11-27 17:42:13.460720,s5-eth3,0.01025390625,99.98974609375
2025-11-27 17:42:14.461315,s1-eth2,0.00897216796875,99.99102783203125
2025-11-27 17:42:14.461454,s4-eth2,0.00897216796875,99.99102783203125
2025-11-27 17:42:14.461500,s5-eth3,0.00897216796875,99.99102783203125
2025-11-27 17:42:15.462097,s1-eth2,0.00897216796875,99.99102783203125
2025-11-27 17:42:15.462238,s4-eth2,0.00897216796875,99.99102783203125
2025-11-27 17:42:15.462286,s5-eth3,0.00897216796875,99.99102783203125
2025-11-27 17:42:16.462908,s1-eth2,64.41272735595703,35.58727264404297
2025-11-27 17:42:16.463059,s4-eth2,0.00897216796875,99.99102783203125
2025-11-27 17:42:16.463107,s5-eth3,0.00897216796875,99.99102783203125
2025-11-27 17:42:17.463705,s1-eth2,0.009979248046875,99.99002075195312
2025-11-27 17:42:17.463849,s4-eth2,0.00897216796875,99.99102783203125
2025-11-27 17:42:17.463897,s5-eth3,0.00897216796875,99.99102783203125
2025-11-27 17:42:18.464578,s1-eth2,0.0082244873046875,99.99177551269531
2025-11-27 17:42:18.464723,s4-eth2,0.00897216796875,99.99102783203125
2025-11-27 17:42:18.464779,s5-eth3,65.09256744384766,34.907432556152344
2025-11-27 17:42:19.465401,s1-eth2,0.00897216796875,99.99102783203125
2025-11-27 17:42:19.465538,s4-eth2,0.00897216796875,99.99102783203125
2025-11-27 17:42:19.465590,s5-eth3,0.00897216796875,99.99102783203125
2025-11-27 17:42:20.466195,s1-eth2,0.00897216796875,99.99102783203125
2025-11-27 17:42:20.466332,s4-eth2,0.00897216796875,99.99102783203125
2025-11-27 17:42:20.466379,s5-eth3,0.00897216796875,99.99102783203125
2025-11-27 17:42:21.466988,s1-eth2,0.00897216796875,99.99102783203125
2025-11-27 17:42:21.467125,s4-eth2,0.0082244873046875,99.99177551269531
2025-11-27 17:42:21.467173,s5-eth3,0.00897216796875,99.99102783203125
2025-11-27 17:42:22.467809,s1-eth2,0.00897216796875,99.99102783203125
2025-11-27 17:42:22.467965,s4-eth2,0.00897216796875,99.99102783203125
2025-11-27 17:42:22.468016,s5-eth3,0.00897216796875,99.99102783203125
2025-11-27 17:42:23.468680,s1-eth2,0.00897216796875,99.99102783203125
2025-11-27 17:42:23.468835,s4-eth2,69.59552001953125,30.40447998046875
2025-11-27 17:42:23.468889,s5-eth3,69.59552001953125,30.40447998046875
2025-11-27 17:42:24.469518,s1-eth2,0.00897216796875,99.99102783203125
2025-11-27 17:42:24.469669,s4-eth2,0.014556884765625,99.98544311523438
2025-11-27 17:42:24.469719,s5-eth3,0.014556884765625,99.98544311523438
2025-11-27 17:42:25.470426,s1-eth2,0.009613037109375,99.99038696289062
2025-11-27 17:42:25.470586,s4-eth2,0.009613037109375,99.99038696289062
2025-11-27 17:42:25.470640,s5-eth3,0.009613037109375,99.99038696289062
2025-11-27 17:42:26.471327,s1-eth2,0.00897216796875,99.99102783203125
2025-11-27 17:42:26.471482,s4-eth2,0.00897216796875,99.99102783203125
2025-11-27 17:42:26.471533,s5-eth3,0.009613037109375,99.99038696289062
2025-11-27 17:42:27.472162,s1-eth2,0.01025390625,99.98974609375
2025-11-27 17:42:27.472303,s4-eth2,0.01025390625,99.98974609375
2025-11-27 17:42:27.472351,s5-eth3,0.009613037109375,99.99038696289062
2025-11-27 17:42:28.472966,s1-eth2,0.009613037109375,99.99038696289062
2025-11-27 17:42:28.473110,s4-eth2,0.009613037109375,99.99038696289062
2025-11-27 17:42:28.473158,s5-eth3,0.00897216796875,99.99102783203125
2025-11-27 17:42:29.473756,s1-eth2,0.00897216796875,99.99102783203125
2025-11-27 17:42:29.473892,s4-eth2,0.00897216796875,99.99102783203125
2025-11-27 17:42:29.473939,s5-eth3,0.00897216796875,99.99102783203125
2025-11-27 17:42:30.474538,s1-eth2,0.00897216796875,99.99102783203125
2025-11-27 17:42:30.474675,s4-eth2,0.00897216796875,99.99102783203125
2025-11-27 17:42:30.474729,s5-eth3,0.00897216796875,99.99102783203125
2025-11-27 17:42:31.475338,s1-eth2,0.00897216796875,99.99102783203125
2025-11-27 17:42:31.475477,s4-eth2,0.00897216796875,99.99102783203125
2025-11-27 17:42:31.475524,s5-eth3,0.00897216796875,99.99102783203125
2025-11-27 17:42:32.476183,s1-eth2,65.09207916259766,34.907920837402344
2025-11-27 17:42:32.476342,s4-eth2,0.00897216796875,99.99102783203125
2025-11-27 17:42:32.476394,s5-eth3,0.009613037109375,99.99038696289062
2025-11-27 17:42:33.477069,s1-eth2,0.0134429931640625,99.98655700683594
2025-11-27 17:42:33.477224,s4-eth2,0.00897216796875,99.99102783203125
2025-11-27 17:42:33.477279,s5-eth3,0.00897216796875,99.99102783203125
2025-11-27 17:42:34.477912,s1-eth2,65.08879089355469,34.91120910644531
2025-11-27 17:42:34.478060,s4-eth2,0.009613037109375,99.99038696289062
2025-11-27 17:42:34.478114,s5-eth3,0.00897216796875,99.99102783203125
2025-11-27 17:42:35.478753,s1-eth2,0.01025390625,99.98974609375
2025-11-27 17:42:35.478903,s4-eth2,0.01025390625,99.98974609375
2025-11-27 17:42:35.478954,s5-eth3,0.009613037109375,99.99038696289062
2025-11-27 17:42:36.479573,s1-eth2,0.009613037109375,99.99038696289062
2025-11-27 17:42:36.479714,s4-eth2,0.009613037109375,99.99038696289062
2025-11-27 17:42:36.479766,s5-eth3,0.01025390625,99.98974609375
2025-11-27 17:42:37.480370,s1-eth2,0.00897216796875,99.99102783203125
2025-11-27 17:42:37.480507,s4-eth2,0.00897216796875,99.99102783203125
2025-11-27 17:42:37.480554,s5-eth3,0.00897216796875,99.99102783203125
2025-11-27 17:42:38.481199,s1-eth2,0.009613037109375,99.99038696289062
2025-11-27 17:42:38.481354,s4-eth2,0.009613037109375,99.99038696289062
2025-11-27 17:42:38.481405,s5-eth3,0.00897216796875,99.99102783203125
2025-11-27 17:42:39.482010,s1-eth2,0.00897216796875,99.99102783203125
2025-11-27 17:42:39.482159,s4-eth2,0.00897216796875,99.99102783203125
2025-11-27 17:42:39.482207,s5-eth3,0.00897216796875,99.99102783203125
2025-11-27 17:42:40.482820,s1-eth2,0.00897216796875,99.99102783203125
2025-11-27 17:42:40.482973,s4-eth2,0.00897216796875,99.99102783203125
2025-11-27 17:42:40.483023,s5-eth3,0.00897216796875,99.99102783203125
2025-11-27 17:42:41.483649,s1-eth2,0.00897216796875,99.99102783203125
2025-11-27 17:42:41.483798,s4-eth2,0.00897216796875,99.99102783203125
2025-11-27 17:42:41.483846,s5-eth3,0.0088653564453125,99.99113464355469
2025-11-27 17:42:42.484467,s1-eth2,0.009613037109375,99.99038696289062
2025-11-27 17:42:42.484608,s4-eth2,0.009613037109375,99.99038696289062
2025-11-27 17:42:42.484655,s5-eth3,0.009613037109375,99.99038696289062
2025-11-27 17:42:43.485260,s1-eth2,0.00897216796875,99.99102783203125
2025-11-27 17:42:43.485403,s4-eth2,0.00897216796875,99.99102783203125
2025-11-27 17:42:43.485451,s5-eth3,0.00897216796875,99.99102783203125
2025-11-27 17:42:44.486066,s1-eth2,0.007476806640625,99.99252319335938
2025-11-27 17:42:44.486212,s4-eth2,0.007476806640625,99.99252319335938
2025-11-27 17:42:44.486260,s5-eth3,0.00897216796875,99.99102783203125
2025-11-27 17:42:45.486896,s1-eth2,69.7849349975586,30.215065002441406
2025-11-27 17:42:45.487048,s4-eth2,0.010467529296875,99.98953247070312
2025-11-27 17:42:45.487098,s5-eth3,0.00897216796875,99.99102783203125
2025-11-27 17:42:46.487735,s1-eth2,0.009613037109375,99.99038696289062
2025-11-27 17:42:46.487876,s4-eth2,0.009613037109375,99.99038696289062
2025-11-27 17:42:46.487924,s5-eth3,0.009613037109375,99.99038696289062
2025-11-27 17:42:47.488550,s1-eth2,0.00897216796875,99.99102783203125
2025-11-27 17:42:47.488690,s4-eth2,0.00897216796875,99.99102783203125
2025-11-27 17:42:47.488742,s5-eth3,0.00897216796875,99.99102783203125
2025-11-27 17:42:48.489388,s1-eth2,0.00897216796875,99.99102783203125
2025-11-27 17:42:48.489536,s4-eth2,0.00897216796875,99.99102783203125
2025-11-27 17:42:48.489588,s5-eth3,0.00897216796875,99.99102783203125
2025-11-27 17:42:49.490207,s1-eth2,0.00897216796875,99.99102783203125
2025-11-27 17:42:49.490348,s4-eth2,0.00897216796875,99.99102783203125
2025-11-27 17:42:49.490395,s5-eth3,0.0082244873046875,99.99177551269531
2025-11-27 17:42:50.491015,s1-eth2,0.009613037109375,99.99038696289062
2025-11-27 17:42:50.491154,s4-eth2,0.009613037109375,99.99038696289062
2025-11-27 17:42:50.491202,s5-eth3,0.00897216796875,99.99102783203125
2025-11-27 17:42:51.491824,s1-eth2,64.40802001953125,35.59197998046875
2025-11-27 17:42:51.491972,s4-eth2,0.00897216796875,99.99102783203125
2025-11-27 17:42:51.492020,s5-eth3,0.00897216796875,99.99102783203125
2025-11-27 17:42:52.492654,s1-eth2,0.01505279541015625,99.98494720458984
2025-11-27 17:42:52.492808,s4-eth2,69.78279876708984,30.217201232910156
2025-11-27 17:42:52.492862,s5-eth3,0.009613037109375,99.99038696289062
2025-11-27 17:42:53.493492,s1-eth2,0.00897216796875,99.99102783203125
2025-11-27 17:42:53.493634,s4-eth2,0.00897216796875,99.99102783203125
2025-11-27 17:42:53.493681,s5-eth3,0.00897216796875,99.99102783203125
2025-11-27 17:42:54.494321,s1-eth2,0.00897216796875,99.99102783203125
2025-11-27 17:42:54.494474,s4-eth2,69.78279876708984,30.217201232910156
2025-11-27 17:42:54.494528,s5-eth3,0.009613037109375,99.99038696289062
2025-11-27 17:42:55.495138,s1-eth2,0.00897216796875,99.99102783203125
2025-11-27 17:42:55.495276,s4-eth2,0.00897216796875,99.99102783203125
2025-11-27 17:42:55.495324,s5-eth3,0.00897216796875,99.99102783203125
2025-11-27 17:42:56.495947,s1-eth2,0.00897216796875,99.99102783203125
2025-11-27 17:42:56.496098,s4-eth2,0.00897216796875,99.99102783203125
2025-11-27 17:42:56.496146,s5-eth3,0.00897216796875,99.99102783203125
2025-11-27 17:42:57.496753,s1-eth2,0.00897216796875,99.99102783203125
2025-11-27 17:42:57.496892,s4-eth2,0.00897216796875,99.99102783203125
2025-11-27 17:42:57.496940,s5-eth3,0.00897216796875,99.99102783203125
2025-11-27 17:42:58.497544,s1-eth2,0.00897216796875,99.99102783203125
2025-11-27 17:42:58.497685,s4-eth2,0.00897216796875,99.99102783203125
2025-11-27 17:42:58.497732,s5-eth3,0.00897216796875,99.99102783203125
2025-11-27 17:42:59.498327,s1-eth2,0.00897216796875,99.99102783203125
2025-11-27 17:42:59.498464,s4-eth2,0.00897216796875,99.99102783203125
2025-11-27 17:42:59.498511,s5-eth3,0.00897216796875,99.99102783203125
2025-11-27 17:43:00.499131,s1-eth2,0.0088653564453125,99.99113464355469
2025-11-27 17:43:00.499268,s4-eth2,0.009613037109375,99.99038696289062
2025-11-27 17:43:00.499317,s5-eth3,0.00897216796875,99.99102783203125
2025-11-27 17:43:01.499917,s1-eth2,0.0082244873046875,99.99177551269531
2025-11-27 17:43:01.500062,s4-eth2,0.0082244873046875,99.99177551269531
2025-11-27 17:43:01.500109,s5-eth3,0.00897216796875,99.99102783203125
2025-11-27 17:43:02.500711,s1-eth2,0.00897216796875,99.99102783203125
2025-11-27 17:43:02.500849,s4-eth2,0.0082244873046875,99.99177551269531
2025-11-27 17:43:02.500897,s5-eth3,0.00897216796875,99.99102783203125
2025-11-27 17:43:03.501512,s1-eth2,0.00897216796875,99.99102783203125
2025-11-27 17:43:03.501661,s4-eth2,69.547607421875,30.452392578125
2025-11-27 17:43:03.501711,s5-eth3,69.54710388183594,30.452896118164062
2025-11-27 17:43:04.502339,s1-eth2,0.00897216796875,99.99102783203125
2025-11-27 17:43:04.502480,s4-eth2,0.01830291748046875,99.98169708251953
2025-11-27 17:43:04.502530,s5-eth3,0.02008819580078125,99.97991180419922
2025-11-27 17:43:05.503171,s1-eth2,0.009613037109375,99.99038696289062
2025-11-27 17:43:05.503324,s4-eth2,0.009613037109375,99.99038696289062
2025-11-27 17:43:05.503372,s5-eth3,0.009613037109375,99.99038696289062
2025-11-27 17:43:06.503984,s1-eth2,0.01025390625,99.98974609375
2025-11-27 17:43:06.504128,s4-eth2,0.0095062255859375,99.99049377441406
2025-11-27 17:43:06.504176,s5-eth3,0.00897216796875,99.99102783203125
2025-11-27 17:43:07.504775,s1-eth2,0.0082244873046875,99.99177551269531
2025-11-27 17:43:07.504913,s4-eth2,0.00897216796875,99.99102783203125
2025-11-27 17:43:07.504960,s5-eth3,0.00897216796875,99.99102783203125
2025-11-27 17:43:08.505633,s1-eth2,0.009613037109375,99.99038696289062
2025-11-27 17:43:08.505784,s4-eth2,0.009613037109375,99.99038696289062
2025-11-27 17:43:08.505838,s5-eth3,65.0932388305664,34.906761169433594
2025-11-27 17:43:09.506466,s1-eth2,0.00897216796875,99.99102783203125
2025-11-27 17:43:09.506609,s4-eth2,0.00897216796875,99.99102783203125
2025-11-27 17:43:09.506658,s5-eth3,0.00897216796875,99.99102783203125
2025-11-27 17:43:10.507295,s1-eth2,69.7840805053711,30.215919494628906
2025-11-27 17:43:10.507439,s4-eth2,0.01025390625,99.98974609375
2025-11-27 17:43:10.507489,s5-eth3,0.01025390625,99.98974609375
2025-11-27 17:43:11.508123,s1-eth2,0.009613037109375,99.99038696289062
2025-11-27 17:43:11.508262,s4-eth2,0.009613037109375,99.99038696289062
2025-11-27 17:43:11.508309,s5-eth3,0.009613037109375,99.99038696289062
2025-11-27 17:43:12.508930,s1-eth2,0.00897216796875,99.99102783203125
2025-11-27 17:43:12.509076,s4-eth2,0.00897216796875,99.99102783203125
2025-11-27 17:43:12.509123,s5-eth3,0.00897216796875,99.99102783203125
2025-11-27 17:43:13.509726,s1-eth2,0.00897216796875,99.99102783203125
2025-11-27 17:43:13.509863,s4-eth2,0.00897216796875,99.99102783203125
2025-11-27 17:43:13.509910,s5-eth3,0.00897216796875,99.99102783203125
2025-11-27 17:43:14.510525,s1-eth2,0.00897216796875,99.99102783203125
2025-11-27 17:43:14.510671,s4-eth2,0.00897216796875,99.99102783203125
2025-11-27 17:43:14.510721,s5-eth3,0.00897216796875,99.99102783203125
2025-11-27 17:43:15.511333,s1-eth2,0.00897216796875,99.99102783203125
2025-11-27 17:43:15.511480,s4-eth2,0.00897216796875,99.99102783203125
2025-11-27 17:43:15.511527,s5-eth3,0.00897216796875,99.99102783203125
2025-11-27 17:43:16.512132,s1-eth2,0.00897216796875,99.99102783203125
2025-11-27 17:43:16.512274,s4-eth2,0.00897216796875,99.99102783203125
2025-11-27 17:43:16.512322,s5-eth3,0.00897216796875,99.99102783203125
2025-11-27 17:43:17.512918,s1-eth2,0.009613037109375,99.99038696289062
2025-11-27 17:43:17.513062,s4-eth2,0.009613037109375,99.99038696289062
2025-11-27 17:43:17.513109,s5-eth3,0.00897216796875,99.99102783203125
2025-11-27 17:43:18.513733,s1-eth2,0.00897216796875,99.99102783203125
2025-11-27 17:43:18.513874,s4-eth2,0.00897216796875,99.99102783203125
2025-11-27 17:43:18.513927,s5-eth3,65.09269714355469,34.90730285644531
2025-11-27 17:43:19.514624,s1-eth2,65.73759460449219,34.26240539550781
2025-11-27 17:43:19.514783,s4-eth2,0.00897216796875,99.99102783203125
2025-11-27 17:43:19.514832,s5-eth3,0.00897216796875,99.99102783203125
2025-11-27 17:43:20.515505,s1-eth2,0.03514862060546875,99.96485137939453
2025-11-27 17:43:20.515654,s4-eth2,69.59444427490234,30.405555725097656
2025-11-27 17:43:20.515707,s5-eth3,69.5954818725586,30.404518127441406
2025-11-27 17:43:21.516337,s1-eth2,0.009613037109375,99.99038696289062
2025-11-27 17:43:21.516486,s4-eth2,0.01676177978515625,99.98323822021484
2025-11-27 17:43:21.516535,s5-eth3,0.01572418212890625,99.9842758178711
2025-11-27 17:43:22.517167,s1-eth2,0.00897216796875,99.99102783203125
2025-11-27 17:43:22.517315,s4-eth2,0.00897216796875,99.99102783203125
2025-11-27 17:43:22.517364,s5-eth3,0.00897216796875,99.99102783203125
2025-11-27 17:43:23.517977,s1-eth2,0.00897216796875,99.99102783203125
2025-11-27 17:43:23.518123,s4-eth2,0.00897216796875,99.99102783203125
2025-11-27 17:43:23.518171,s5-eth3,0.00897216796875,99.99102783203125
2025-11-27 17:43:24.518770,s1-eth2,0.00897216796875,99.99102783203125
2025-11-27 17:43:24.518913,s4-eth2,0.00897216796875,99.99102783203125
2025-11-27 17:43:24.518960,s5-eth3,0.00897216796875,99.99102783203125
2025-11-27 17:43:25.519593,s1-eth2,0.00897216796875,99.99102783203125
2025-11-27 17:43:25.519739,s4-eth2,0.00897216796875,99.99102783203125
2025-11-27 17:43:25.519789,s5-eth3,0.00897216796875,99.99102783203125
2025-11-27 17:43:26.520405,s1-eth2,0.00897216796875,99.99102783203125
2025-11-27 17:43:26.520544,s4-eth2,0.00897216796875,99.99102783203125
2025-11-27 17:43:26.520594,s5-eth3,0.00897216796875,99.99102783203125
2025-11-27 17:43:27.521196,s1-eth2,0.00897216796875,99.99102783203125
2025-11-27 17:43:27.521332,s4-eth2,0.00897216796875,99.99102783203125
2025-11-27 17:43:27.521384,s5-eth3,0.00897216796875,99.99102783203125
2025-11-27 17:43:28.522045,s1-eth2,0.00897216796875,99.99102783203125
2025-11-27 17:43:28.522196,s4-eth2,0.00897216796875,99.99102783203125
2025-11-27 17:43:28.522245,s5-eth3,0.00897216796875,99.99102783203125
2025-11-27 17:43:29.523559,s1-eth2,0.008963241577148437,99.99103675842285
2025-11-27 17:43:29.523875,s4-eth2,0.008963241577148437,99.99103675842285
2025-11-27 17:43:29.523988,s5-eth3,0.008963241577148437,99.99103675842285
2025-11-27 17:43:30.525295,s1-eth2,0.008963241577148437,99.99103675842285
2025-11-27 17:43:30.525605,s4-eth2,0.008963241577148437,99.99103675842285
2025-11-27 17:43:30.525708,s5-eth3,0.008963241577148437,99.99103675842285
2025-11-27 17:43:31.527057,s1-eth2,65.1407470703125,34.8592529296875
2025-11-27 17:43:31.527374,s4-eth2,0.010243682861328126,99.98975631713867
2025-11-27 17:43:31.527478,s5-eth3,0.011524124145507813,99.98847587585449
2025-11-27 17:43:32.528788,s1-eth2,0.008963241577148437,99.99103675842285
2025-11-27 17:43:32.529099,s4-eth2,0.008963241577148437,99.99103675842285
2025-11-27 17:43:32.529204,s5-eth3,0.008963241577148437,99.99103675842285
2025-11-27 17:43:33.529962,s1-eth2,0.008963241577148437,99.99103675842285
2025-11-27 17:43:33.530120,s4-eth2,0.008963241577148437,99.99103675842285
2025-11-27 17:43:33.530173,s5-eth3,0.00897216796875,99.99102783203125
2025-11-27 17:43:34.530840,s1-eth2,0.00897216796875,99.99102783203125
2025-11-27 17:43:34.531000,s4-eth2,0.00897216796875,99.99102783203125
2025-11-27 17:43:34.531049,s5-eth3,0.00897216796875,99.99102783203125
2025-11-27 17:43:35.531693,s1-eth2,0.00897216796875,99.99102783203125
2025-11-27 17:43:35.531830,s4-eth2,0.00897216796875,99.99102783203125
2025-11-27 17:43:35.531879,s5-eth3,0.00897216796875,99.99102783203125
2025-11-27 17:43:36.532493,s1-eth2,0.00897216796875,99.99102783203125
2025-11-27 17:43:36.532636,s4-eth2,0.0082244873046875,99.99177551269531
2025-11-27 17:43:36.532684,s5-eth3,0.00897216796875,99.99102783203125
2025-11-27 17:43:37.533344,s1-eth2,0.0088653564453125,99.99113464355469
2025-11-27 17:43:37.533501,s4-eth2,0.009613037109375,99.99038696289062
2025-11-27 17:43:37.533549,s5-eth3,0.009613037109375,99.99038696289062
2025-11-27 17:43:38.534187,s1-eth2,0.00897216796875,99.99102783203125
2025-11-27 17:43:38.534334,s4-eth2,0.00897216796875,99.99102783203125
2025-11-27 17:43:38.534381,s5-eth3,0.00897216796875,99.99102783203125
2025-11-27 17:43:39.535011,s1-eth2,0.01025390625,99.98974609375
2025-11-27 17:43:39.535150,s4-eth2,0.01025390625,99.98974609375
2025-11-27 17:43:39.535199,s5-eth3,0.009613037109375,99.99038696289062
2025-11-27 17:43:40.535817,s1-eth2,0.00897216796875,99.99102783203125
2025-11-27 17:43:40.535956,s4-eth2,0.00897216796875,99.99102783203125
2025-11-27 17:43:40.536008,s5-eth3,0.00897216796875,99.99102783203125
2025-11-27 17:43:41.536654,s1-eth2,0.01025390625,99.98974609375
2025-11-27 17:43:41.536805,s4-eth2,0.01025390625,99.98974609375
2025-11-27 17:43:41.536854,s5-eth3,0.01025390625,99.98974609375
2025-11-27 17:43:42.537499,s1-eth2,0.00897216796875,99.99102783203125
2025-11-27 17:43:42.537647,s4-eth2,0.00897216796875,99.99102783203125
2025-11-27 17:43:42.537700,s5-eth3,0.00897216796875,99.99102783203125
2025-11-27 17:43:43.538332,s1-eth2,0.00897216796875,99.99102783203125
2025-11-27 17:43:43.538474,s4-eth2,0.00897216796875,99.99102783203125
2025-11-27 17:43:43.538522,s5-eth3,0.009613037109375,99.99038696289062
2025-11-27 17:43:44.539134,s1-eth2,0.00897216796875,99.99102783203125
2025-11-27 17:43:44.539271,s4-eth2,0.00897216796875,99.99102783203125
2025-11-27 17:43:44.539319,s5-eth3,0.00897216796875,99.99102783203125
2025-11-27 17:43:45.539931,s1-eth2,0.009613037109375,99.99038696289062
2025-11-27 17:43:45.540075,s4-eth2,0.009613037109375,99.99038696289062
2025-11-27 17:43:45.540122,s5-eth3,0.00897216796875,99.99102783203125
2025-11-27 17:43:46.540734,s1-eth2,0.00897216796875,99.99102783203125
2025-11-27 17:43:46.540873,s4-eth2,0.00897216796875,99.99102783203125
2025-11-27 17:43:46.540920,s5-eth3,0.00897216796875,99.99102783203125
2025-11-27 17:43:47.541535,s1-eth2,0.009613037109375,99.99038696289062
2025-11-27 17:43:47.541676,s4-eth2,0.009613037109375,99.99038696289062
2025-11-27 17:43:47.541724,s5-eth3,0.00897216796875,99.99102783203125
2025-11-27 17:43:48.542332,s1-eth2,0.00897216796875,99.99102783203125
2025-11-27 17:43:48.542471,s4-eth2,0.00897216796875,99.99102783203125
2025-11-27 17:43:48.542519,s5-eth3,0.00897216796875,99.99102783203125
2025-11-27 17:43:49.543199,s1-eth2,65.09310150146484,34.906898498535156
2025-11-27 17:43:49.543356,s4-eth2,0.00897216796875,99.99102783203125
2025-11-27 17:43:49.543413,s5-eth3,0.009613037109375,99.99038696289062
2025-11-27 17:43:50.544127,s1-eth2,69.77420806884766,30.225791931152344
2025-11-27 17:43:50.544286,s4-eth2,69.76904296875,30.23095703125
2025-11-27 17:43:50.544342,s5-eth3,0.0082244873046875,99.99177551269531
2025-11-27 17:43:51.544981,s1-eth2,0.01457977294921875,99.98542022705078
2025-11-27 17:43:51.545124,s4-eth2,0.01381683349609375,99.9861831665039
2025-11-27 17:43:51.545180,s5-eth3,0.00897216796875,99.99102783203125
2025-11-27 17:43:52.545860,s1-eth2,0.00897216796875,99.99102783203125
2025-11-27 17:43:52.546013,s4-eth2,0.00897216796875,99.99102783203125
2025-11-27 17:43:52.546068,s5-eth3,65.09246826171875,34.90753173828125
2025-11-27 17:43:53.546702,s1-eth2,0.00897216796875,99.99102783203125
2025-11-27 17:43:53.546850,s4-eth2,0.00897216796875,99.99102783203125
2025-11-27 17:43:53.546899,s5-eth3,0.0082244873046875,99.99177551269531
2025-11-27 17:43:54.547517,s1-eth2,0.00897216796875,99.99102783203125
2025-11-27 17:43:54.547656,s4-eth2,0.00897216796875,99.99102783203125
2025-11-27 17:43:54.547703,s5-eth3,0.00897216796875,99.99102783203125
2025-11-27 17:43:55.548338,s1-eth2,64.4087905883789,35.591209411621094
2025-11-27 17:43:55.548489,s4-eth2,0.009613037109375,99.99038696289062
2025-11-27 17:43:55.548539,s5-eth3,0.009613037109375,99.99038696289062
2025-11-27 17:43:56.549180,s1-eth2,0.0146026611328125,99.98539733886719
2025-11-27 17:43:56.549336,s4-eth2,69.59193420410156,30.408065795898438
2025-11-27 17:43:56.549387,s5-eth3,69.59129333496094,30.408706665039062
2025-11-27 17:43:57.550046,s1-eth2,0.00897216796875,99.99102783203125
2025-11-27 17:43:57.550200,s4-eth2,69.7869873046875,30.2130126953125
2025-11-27 17:43:57.550255,s5-eth3,0.01873779296875,99.98126220703125
2025-11-27 17:43:58.550908,s1-eth2,0.00897216796875,99.99102783203125
2025-11-27 17:43:58.551063,s4-eth2,0.01505279541015625,99.98494720458984
2025-11-27 17:43:58.551113,s5-eth3,0.009613037109375,99.99038696289062
2025-11-27 17:43:59.551734,s1-eth2,0.00897216796875,99.99102783203125
2025-11-27 17:43:59.551873,s4-eth2,0.00897216796875,99.99102783203125
2025-11-27 17:43:59.551921,s5-eth3,0.00897216796875,99.99102783203125
2025-11-27 17:44:00.552566,s1-eth2,0.00897216796875,99.99102783203125
2025-11-27 17:44:00.552719,s4-eth2,0.00897216796875,99.99102783203125
2025-11-27 17:44:00.552771,s5-eth3,0.00897216796875,99.99102783203125
2025-11-27 17:44:01.553413,s1-eth2,0.00897216796875,99.99102783203125
2025-11-27 17:44:01.553555,s4-eth2,0.00897216796875,99.99102783203125
2025-11-27 17:44:01.553605,s5-eth3,0.00897216796875,99.99102783203125
2025-11-27 17:44:02.554272,s1-eth2,0.009613037109375,99.99038696289062
2025-11-27 17:44:02.554420,s4-eth2,0.009613037109375,99.99038696289062
2025-11-27 17:44:02.554474,s5-eth3,0.00897216796875,99.99102783203125
2025-11-27 17:44:03.555104,s1-eth2,0.00897216796875,99.99102783203125
2025-11-27 17:44:03.555242,s4-eth2,0.00897216796875,99.99102783203125
2025-11-27 17:44:03.555291,s5-eth3,0.00897216796875,99.99102783203125
2025-11-27 17:44:04.555901,s1-eth2,0.00897216796875,99.99102783203125
2025-11-27 17:44:04.556040,s4-eth2,0.00897216796875,99.99102783203125
2025-11-27 17:44:04.556088,s5-eth3,0.00897216796875,99.99102783203125
2025-11-27 17:44:05.556744,s1-eth2,0.00897216796875,99.99102783203125
2025-11-27 17:44:05.556889,s4-eth2,0.00897216796875,99.99102783203125
2025-11-27 17:44:05.556937,s5-eth3,0.00897216796875,99.99102783203125
2025-11-27 17:44:06.557591,s1-eth2,69.78396606445312,30.216033935546875
2025-11-27 17:44:06.557738,s4-eth2,0.009613037109375,99.99038696289062
2025-11-27 17:44:06.557791,s5-eth3,0.009613037109375,99.99038696289062
2025-11-27 17:44:07.558425,s1-eth2,0.00897216796875,99.99102783203125
2025-11-27 17:44:07.558565,s4-eth2,0.00897216796875,99.99102783203125
2025-11-27 17:44:07.558612,s5-eth3,0.00897216796875,99.99102783203125
2025-11-27 17:44:08.559242,s1-eth2,0.01025390625,99.98974609375
2025-11-27 17:44:08.559379,s4-eth2,0.01025390625,99.98974609375
2025-11-27 17:44:08.559427,s5-eth3,0.009613037109375,99.99038696289062
2025-11-27 17:44:09.560076,s1-eth2,0.00897216796875,99.99102783203125
2025-11-27 17:44:09.560223,s4-eth2,0.00897216796875,99.99102783203125
2025-11-27 17:44:09.560271,s5-eth3,0.00897216796875,99.99102783203125
2025-11-27 17:44:10.560916,s1-eth2,0.00897216796875,99.99102783203125
2025-11-27 17:44:10.561055,s4-eth2,0.00897216796875,99.99102783203125
2025-11-27 17:44:10.561103,s5-eth3,0.009613037109375,99.99038696289062
2025-11-27 17:44:11.561724,s1-eth2,0.00897216796875,99.99102783203125
2025-11-27 17:44:11.561865,s4-eth2,0.00897216796875,99.99102783203125
2025-11-27 17:44:11.561913,s5-eth3,0.00897216796875,99.99102783203125
2025-11-27 17:44:12.562516,s1-eth2,0.00897216796875,99.99102783203125
2025-11-27 17:44:12.562653,s4-eth2,0.00897216796875,99.99102783203125
2025-11-27 17:44:12.562701,s5-eth3,0.00897216796875,99.99102783203125
2025-11-27 17:44:13.563308,s1-eth2,0.00897216796875,99.99102783203125
2025-11-27 17:44:13.563446,s4-eth2,0.00897216796875,99.99102783203125
2025-11-27 17:44:13.563493,s5-eth3,0.00897216796875,99.99102783203125
2025-11-27 17:44:14.564125,s1-eth2,0.009613037109375,99.99038696289062
2025-11-27 17:44:14.564276,s4-eth2,69.54774475097656,30.452255249023438
2025-11-27 17:44:14.564327,s5-eth3,69.54774475097656,30.452255249023438
2025-11-27 17:44:15.564939,s1-eth2,0.00897216796875,99.99102783203125
2025-11-27 17:44:15.565081,s4-eth2,0.019287109375,99.980712890625
2025-11-27 17:44:15.565130,s5-eth3,0.019287109375,99.980712890625
2025-11-27 17:44:16.565748,s1-eth2,0.009613037109375,99.99038696289062
2025-11-27 17:44:16.565891,s4-eth2,0.009613037109375,99.99038696289062
2025-11-27 17:44:16.565938,s5-eth3,0.009613037109375,99.99038696289062
2025-11-27 17:44:17.566541,s1-eth2,0.009613037109375,99.99038696289062
2025-11-27 17:44:17.566680,s4-eth2,0.009613037109375,99.99038696289062
2025-11-27 17:44:17.566727,s5-eth3,0.009613037109375,99.99038696289062
2025-11-27 17:44:18.567342,s1-eth2,0.00897216796875,99.99102783203125
2025-11-27 17:44:18.567484,s4-eth2,0.00897216796875,99.99102783203125
2025-11-27 17:44:18.567531,s5-eth3,0.00897216796875,99.99102783203125
2025-11-27 17:44:19.568134,s1-eth2,0.00897216796875,99.99102783203125
2025-11-27 17:44:19.568271,s4-eth2,0.00897216796875,99.99102783203125
2025-11-27 17:44:19.568318,s5-eth3,0.00897216796875,99.99102783203125
2025-11-27 17:44:20.568952,s1-eth2,17.235092163085938,82.76490783691406
2025-11-27 17:44:20.569108,s4-eth2,0.00897216796875,99.99102783203125
2025-11-27 17:44:20.569164,s5-eth3,65.09324645996094,34.90675354003906
2025-11-27 17:44:21.569784,s1-eth2,51.689476013183594,48.310523986816406
2025-11-27 17:44:21.569933,s4-eth2,0.00897216796875,99.99102783203125
2025-11-27 17:44:21.569980,s5-eth3,0.00897216796875,99.99102783203125
2025-11-27 17:44:22.570608,s1-eth2,0.00897216796875,99.99102783203125
2025-11-27 17:44:22.570756,s4-eth2,0.00897216796875,99.99102783203125
2025-11-27 17:44:22.570806,s5-eth3,0.01025390625,99.98974609375
2025-11-27 17:44:23.571418,s1-eth2,0.00897216796875,99.99102783203125
2025-11-27 17:44:23.571556,s4-eth2,0.00897216796875,99.99102783203125
2025-11-27 17:44:23.571606,s5-eth3,0.00897216796875,99.99102783203125
2025-11-27 17:44:24.572214,s1-eth2,0.01025390625,99.98974609375
2025-11-27 17:44:24.572354,s4-eth2,0.01025390625,99.98974609375
2025-11-27 17:44:24.572405,s5-eth3,0.00897216796875,99.99102783203125
2025-11-27 17:44:25.573008,s1-eth2,0.00897216796875,99.99102783203125
2025-11-27 17:44:25.573145,s4-eth2,0.00897216796875,99.99102783203125
2025-11-27 17:44:25.573192,s5-eth3,0.00897216796875,99.99102783203125
2025-11-27 17:44:26.573796,s1-eth2,0.009613037109375,99.99038696289062
2025-11-27 17:44:26.573933,s4-eth2,0.009613037109375,99.99038696289062
2025-11-27 17:44:26.573981,s5-eth3,0.01025390625,99.98974609375
2025-11-27 17:44:27.574580,s1-eth2,0.00897216796875,99.99102783203125
2025-11-27 17:44:27.574721,s4-eth2,0.00897216796875,99.99102783203125
2025-11-27 17:44:27.574768,s5-eth3,0.00897216796875,99.99102783203125
2025-11-27 17:44:28.575369,s1-eth2,0.00897216796875,99.99102783203125
2025-11-27 17:44:28.575507,s4-eth2,0.00897216796875,99.99102783203125
2025-11-27 17:44:28.575555,s5-eth3,0.00897216796875,99.99102783203125
2025-11-27 17:44:29.576220,s1-eth2,0.00897216796875,99.99102783203125
2025-11-27 17:44:29.576379,s4-eth2,0.00897216796875,99.99102783203125
2025-11-27 17:44:29.576429,s5-eth3,0.00897216796875,99.99102783203125
2025-11-27 17:44:30.577065,s1-eth2,0.00897216796875,99.99102783203125
2025-11-27 17:44:30.577213,s4-eth2,0.00897216796875,99.99102783203125
2025-11-27 17:44:30.577261,s5-eth3,0.00897216796875,99.99102783203125
2025-11-27 17:44:31.577870,s1-eth2,0.00897216796875,99.99102783203125
2025-11-27 17:44:31.578012,s4-eth2,0.00897216796875,99.99102783203125
2025-11-27 17:44:31.578059,s5-eth3,0.00897216796875,99.99102783203125
2025-11-27 17:44:32.578691,s1-eth2,65.0881576538086,34.911842346191406
2025-11-27 17:44:32.578840,s4-eth2,0.009613037109375,99.99038696289062
2025-11-27 17:44:32.578895,s5-eth3,0.00897216796875,99.99102783203125
2025-11-27 17:44:33.579524,s1-eth2,0.01470184326171875,99.98529815673828
2025-11-27 17:44:33.579679,s4-eth2,0.00897216796875,99.99102783203125
2025-11-27 17:44:33.579728,s5-eth3,0.00897216796875,99.99102783203125
2025-11-27 17:44:34.580349,s1-eth2,0.009613037109375,99.99038696289062
2025-11-27 17:44:34.580495,s4-eth2,0.009613037109375,99.99038696289062
2025-11-27 17:44:34.580542,s5-eth3,0.00897216796875,99.99102783203125
2025-11-27 17:44:35.581149,s1-eth2,0.00897216796875,99.99102783203125
2025-11-27 17:44:35.581287,s4-eth2,0.00897216796875,99.99102783203125
2025-11-27 17:44:35.581334,s5-eth3,0.00897216796875,99.99102783203125
2025-11-27 17:44:36.581943,s1-eth2,0.009613037109375,99.99038696289062
2025-11-27 17:44:36.582082,s4-eth2,0.009613037109375,99.99038696289062
2025-11-27 17:44:36.582129,s5-eth3,0.009613037109375,99.99038696289062
2025-11-27 17:44:37.582734,s1-eth2,0.00897216796875,99.99102783203125
2025-11-27 17:44:37.582878,s4-eth2,0.00897216796875,99.99102783203125
2025-11-27 17:44:37.582926,s5-eth3,0.00897216796875,99.99102783203125
2025-11-27 17:44:38.583551,s1-eth2,0.009613037109375,99.99038696289062
2025-11-27 17:44:38.583693,s4-eth2,0.009613037109375,99.99038696289062
2025-11-27 17:44:38.583745,s5-eth3,65.09260559082031,34.90739440917969
2025-11-27 17:44:39.584390,s1-eth2,0.00897216796875,99.99102783203125
2025-11-27 17:44:39.584545,s4-eth2,0.00897216796875,99.99102783203125
2025-11-27 17:44:39.584596,s5-eth3,0.00897216796875,99.99102783203125
2025-11-27 17:44:40.585228,s1-eth2,0.009613037109375,99.99038696289062
2025-11-27 17:44:40.585382,s4-eth2,0.009613037109375,99.99038696289062
2025-11-27 17:44:40.585433,s5-eth3,0.009613037109375,99.99038696289062
2025-11-27 17:44:41.586677,s1-eth2,0.008963241577148437,99.99103675842285
2025-11-27 17:44:41.587016,s4-eth2,0.008963241577148437,99.99103675842285
2025-11-27 17:44:41.587121,s5-eth3,0.008963241577148437,99.99103675842285
2025-11-27 17:44:42.588398,s1-eth2,0.008963241577148437,99.99103675842285
2025-11-27 17:44:42.588701,s4-eth2,0.008963241577148437,99.99103675842285
2025-11-27 17:44:42.588803,s5-eth3,0.008963241577148437,99.99103675842285
2025-11-27 17:44:43.590080,s1-eth2,0.008963241577148437,99.99103675842285
2025-11-27 17:44:43.590380,s4-eth2,0.008963241577148437,99.99103675842285
2025-11-27 17:44:43.590483,s5-eth3,0.008963241577148437,99.99103675842285
2025-11-27 17:44:44.591842,s1-eth2,0.008963241577148437,99.99103675842285
2025-11-27 17:44:44.592156,s4-eth2,0.008963241577148437,99.99103675842285
2025-11-27 17:44:44.592268,s5-eth3,0.008963241577148437,99.99103675842285
2025-11-27 17:44:45.593612,s1-eth2,0.008963241577148437,99.99103675842285
2025-11-27 17:44:45.593924,s4-eth2,0.008963241577148437,99.99103675842285
2025-11-27 17:44:45.594027,s5-eth3,0.008963241577148437,99.99103675842285
2025-11-27 17:44:46.595391,s1-eth2,0.008963241577148437,99.99103675842285
2025-11-27 17:44:46.595734,s4-eth2,0.008963241577148437,99.99103675842285
2025-11-27 17:44:46.595844,s5-eth3,0.008963241577148437,99.99103675842285
2025-11-27 17:44:47.597204,s1-eth2,69.70060729980469,30.299392700195312
2025-11-27 17:44:47.597547,s4-eth2,0.009603424072265625,99.99039657592773
2025-11-27 17:44:47.597660,s5-eth3,0.009603424072265625,99.99039657592773
2025-11-27 17:44:48.598302,s1-eth2,65.03399658203125,34.96600341796875
2025-11-27 17:44:48.598428,s4-eth2,0.00897216796875,99.99102783203125
2025-11-27 17:44:48.598467,s5-eth3,0.00897216796875,99.99102783203125
2025-11-27 17:44:49.599721,s1-eth2,0.008963241577148437,99.99103675842285
2025-11-27 17:44:49.600019,s4-eth2,0.008963241577148437,99.99103675842285
2025-11-27 17:44:49.600123,s5-eth3,0.009603424072265625,99.99039657592773
2025-11-27 17:44:50.601463,s1-eth2,0.008963241577148437,99.99103675842285
2025-11-27 17:44:50.601788,s4-eth2,69.7073974609375,30.2926025390625
2025-11-27 17:44:50.601906,s5-eth3,0.008963241577148437,99.99103675842285
2025-11-27 17:44:51.603238,s1-eth2,0.009603424072265625,99.99039657592773
2025-11-27 17:44:51.603564,s4-eth2,0.015693206787109375,99.9843067932129
2025-11-27 17:44:51.603672,s5-eth3,0.009603424072265625,99.99039657592773
2025-11-27 17:44:52.604957,s1-eth2,0.008963241577148437,99.99103675842285
2025-11-27 17:44:52.605276,s4-eth2,0.008963241577148437,99.99103675842285
2025-11-27 17:44:52.605379,s5-eth3,0.008963241577148437,99.99103675842285
2025-11-27 17:44:53.606676,s1-eth2,0.008963241577148437,99.99103675842285
2025-11-27 17:44:53.606990,s4-eth2,0.008963241577148437,99.99103675842285
2025-11-27 17:44:53.607092,s5-eth3,0.009603424072265625,99.99039657592773
2025-11-27 17:44:54.607728,s1-eth2,64.34381866455078,35.65618133544922
2025-11-27 17:44:54.607855,s4-eth2,0.00897216796875,99.99102783203125
2025-11-27 17:44:54.607899,s5-eth3,0.00897216796875,99.99102783203125
2025-11-27 17:44:55.609145,s1-eth2,0.015678024291992186,99.98432197570801
2025-11-27 17:44:55.609456,s4-eth2,0.009603424072265625,99.99039657592773
2025-11-27 17:44:55.609559,s5-eth3,0.009603424072265625,99.99039657592773
2025-11-27 17:44:56.610862,s1-eth2,0.008963241577148437,99.99103675842285
2025-11-27 17:44:56.611159,s4-eth2,0.008963241577148437,99.99103675842285
2025-11-27 17:44:56.611262,s5-eth3,0.008963241577148437,99.99103675842285
2025-11-27 17:44:57.612525,s1-eth2,0.008963241577148437,99.99103675842285
2025-11-27 17:44:57.612833,s4-eth2,0.008963241577148437,99.99103675842285
2025-11-27 17:44:57.612934,s5-eth3,0.008963241577148437,99.99103675842285
2025-11-27 17:44:58.614245,s1-eth2,0.008963241577148437,99.99103675842285
2025-11-27 17:44:58.614559,s4-eth2,69.70736694335938,30.292633056640625
2025-11-27 17:44:58.614675,s5-eth3,0.008963241577148437,99.99103675842285
2025-11-27 17:44:59.615976,s1-eth2,0.008963241577148437,99.99103675842285
2025-11-27 17:44:59.616287,s4-eth2,0.014565200805664062,99.98543479919434
2025-11-27 17:44:59.616399,s5-eth3,0.008963241577148437,99.99103675842285
2025-11-27 17:45:00.617730,s1-eth2,0.008963241577148437,99.99103675842285
2025-11-27 17:45:00.618041,s4-eth2,69.47763061523438,30.522369384765625
2025-11-27 17:45:00.618150,s5-eth3,69.47763061523438,30.522369384765625
2025-11-27 17:45:01.619484,s1-eth2,0.010243682861328126,99.98975631713867
2025-11-27 17:45:01.619796,s4-eth2,0.019999542236328126,99.98000045776367
2025-11-27 17:45:01.619904,s5-eth3,0.019999542236328126,99.98000045776367
2025-11-27 17:45:02.621189,s1-eth2,0.008963241577148437,99.99103675842285
2025-11-27 17:45:02.621483,s4-eth2,0.008963241577148437,99.99103675842285
2025-11-27 17:45:02.621586,s5-eth3,0.008963241577148437,99.99103675842285
2025-11-27 17:45:03.622896,s1-eth2,0.010243682861328126,99.98975631713867
2025-11-27 17:45:03.623195,s4-eth2,0.010243682861328126,99.98975631713867
2025-11-27 17:45:03.623313,s5-eth3,0.009603424072265625,99.99039657592773
2025-11-27 17:45:04.624593,s1-eth2,0.008963241577148437,99.99103675842285
2025-11-27 17:45:04.624890,s4-eth2,0.008963241577148437,99.99103675842285
2025-11-27 17:45:04.624992,s5-eth3,0.008963241577148437,99.99103675842285
2025-11-27 17:45:05.626324,s1-eth2,69.71390533447266,30.286094665527344
2025-11-27 17:45:05.626631,s4-eth2,0.009603424072265625,99.99039657592773
2025-11-27 17:45:05.626734,s5-eth3,0.009603424072265625,99.99039657592773
2025-11-27 17:45:06.628104,s1-eth2,0.008963241577148437,99.99103675842285
2025-11-27 17:45:06.628441,s4-eth2,0.008963241577148437,99.99103675842285
2025-11-27 17:45:06.628550,s5-eth3,0.008963241577148437,99.99103675842285
2025-11-27 17:45:07.629909,s1-eth2,0.008963241577148437,99.99103675842285
2025-11-27 17:45:07.630221,s4-eth2,0.008963241577148437,99.99103675842285
2025-11-27 17:45:07.630334,s5-eth3,0.009603424072265625,99.99039657592773
2025-11-27 17:45:08.631670,s1-eth2,0.008963241577148437,99.99103675842285
2025-11-27 17:45:08.631976,s4-eth2,0.008963241577148437,99.99103675842285
2025-11-27 17:45:08.632079,s5-eth3,0.008963241577148437,99.99103675842285
2025-11-27 17:45:09.633386,s1-eth2,0.009603424072265625,99.99039657592773
2025-11-27 17:45:09.633683,s4-eth2,0.009603424072265625,99.99039657592773
2025-11-27 17:45:09.633785,s5-eth3,0.009603424072265625,99.99039657592773
2025-11-27 17:45:10.635103,s1-eth2,0.008963241577148437,99.99103675842285
2025-11-27 17:45:10.635406,s4-eth2,0.008963241577148437,99.99103675842285
2025-11-27 17:45:10.635509,s5-eth3,0.008963241577148437,99.99103675842285
2025-11-27 17:45:11.636812,s1-eth2,0.008963241577148437,99.99103675842285
2025-11-27 17:45:11.637107,s4-eth2,0.008963241577148437,99.99103675842285
2025-11-27 17:45:11.637210,s5-eth3,0.008963241577148437,99.99103675842285
2025-11-27 17:45:12.638517,s1-eth2,0.008963241577148437,99.99103675842285
2025-11-27 17:45:12.638816,s4-eth2,0.008963241577148437,99.99103675842285
2025-11-27 17:45:12.638937,s5-eth3,0.008963241577148437,99.99103675842285
2025-11-27 17:45:13.640244,s1-eth2,0.010243682861328126,99.98975631713867
2025-11-27 17:45:13.640558,s4-eth2,0.010243682861328126,99.98975631713867
2025-11-27 17:45:13.640662,s5-eth3,0.008963241577148437,99.99103675842285
2025-11-27 17:45:14.641973,s1-eth2,0.008963241577148437,99.99103675842285
2025-11-27 17:45:14.642312,s4-eth2,0.008963241577148437,99.99103675842285
2025-11-27 17:45:14.642418,s5-eth3,0.008963241577148437,99.99103675842285
2025-11-27 17:45:15.643783,s1-eth2,0.008963241577148437,99.99103675842285
2025-11-27 17:45:15.644087,s4-eth2,0.008963241577148437,99.99103675842285
2025-11-27 17:45:15.644191,s5-eth3,0.008963241577148437,99.99103675842285
2025-11-27 17:45:16.645593,s1-eth2,0.008963241577148437,99.99103675842285
2025-11-27 17:45:16.645919,s4-eth2,69.52177429199219,30.478225708007812
2025-11-27 17:45:16.646030,s5-eth3,69.52177429199219,30.478225708007812
2025-11-27 17:45:17.647435,s1-eth2,0.009710159301757813,99.99028984069824
2025-11-27 17:45:17.647765,s4-eth2,0.018772430419921875,99.98122756958008
2025-11-27 17:45:17.647874,s5-eth3,0.018772430419921875,99.98122756958008
2025-11-27 17:45:18.649223,s1-eth2,0.008963241577148437,99.99103675842285
2025-11-27 17:45:18.649527,s4-eth2,0.008963241577148437,99.99103675842285
2025-11-27 17:45:18.649645,s5-eth3,65.02757263183594,34.97242736816406
2025-11-27 17:45:19.651017,s1-eth2,0.009603424072265625,99.99039657592773
2025-11-27 17:45:19.651317,s4-eth2,0.010350341796875,99.98964965820312
2025-11-27 17:45:19.651431,s5-eth3,0.009603424072265625,99.99039657592773
2025-11-27 17:45:20.652760,s1-eth2,0.008963241577148437,99.99103675842285
2025-11-27 17:45:20.653067,s4-eth2,0.008963241577148437,99.99103675842285
2025-11-27 17:45:20.653171,s5-eth3,0.008963241577148437,99.99103675842285
2025-11-27 17:45:21.654477,s1-eth2,0.008963241577148437,99.99103675842285
2025-11-27 17:45:21.654772,s4-eth2,0.008963241577148437,99.99103675842285
2025-11-27 17:45:21.654900,s5-eth3,0.009603424072265625,99.99039657592773
2025-11-27 17:45:22.656198,s1-eth2,0.008963241577148437,99.99103675842285
2025-11-27 17:45:22.656510,s4-eth2,0.008963241577148437,99.99103675842285
2025-11-27 17:45:22.656616,s5-eth3,0.008963241577148437,99.99103675842285
2025-11-27 17:45:23.657975,s1-eth2,0.008963241577148437,99.99103675842285
2025-11-27 17:45:23.658300,s4-eth2,0.008963241577148437,99.99103675842285
2025-11-27 17:45:23.658410,s5-eth3,0.008963241577148437,99.99103675842285
2025-11-27 17:45:24.659751,s1-eth2,0.008963241577148437,99.99103675842285
2025-11-27 17:45:24.660088,s4-eth2,0.008963241577148437,99.99103675842285
2025-11-27 17:45:24.660196,s5-eth3,0.008963241577148437,99.99103675842285
2025-11-27 17:45:25.661519,s1-eth2,0.009603424072265625,99.99039657592773
2025-11-27 17:45:25.661842,s4-eth2,0.009603424072265625,99.99039657592773
2025-11-27 17:45:25.661946,s5-eth3,0.009603424072265625,99.99039657592773
2025-11-27 17:45:26.663291,s1-eth2,0.008963241577148437,99.99103675842285
2025-11-27 17:45:26.663608,s4-eth2,0.008963241577148437,99.99103675842285
2025-11-27 17:45:26.663710,s5-eth3,0.008963241577148437,99.99103675842285
2025-11-27 17:45:27.665044,s1-eth2,64.34686279296875,35.65313720703125
2025-11-27 17:45:27.665369,s4-eth2,0.008963241577148437,99.99103675842285
2025-11-27 17:45:27.665473,s5-eth3,0.009603424072265625,99.99039657592773
2025-11-27 17:45:28.666782,s1-eth2,0.011485977172851563,99.98851402282715
2025-11-27 17:45:28.667111,s4-eth2,0.008963241577148437,99.99103675842285
2025-11-27 17:45:28.667215,s5-eth3,0.008963241577148437,99.99103675842285
2025-11-27 17:45:29.668514,s1-eth2,0.008963241577148437,99.99103675842285
2025-11-27 17:45:29.668808,s4-eth2,0.008963241577148437,99.99103675842285
2025-11-27 17:45:29.668913,s5-eth3,0.008963241577148437,99.99103675842285
2025-11-27 17:45:30.670214,s1-eth2,0.008963241577148437,99.99103675842285
2025-11-27 17:45:30.670507,s4-eth2,0.008963241577148437,99.99103675842285
2025-11-27 17:45:30.670619,s5-eth3,0.008963241577148437,99.99103675842285
2025-11-27 17:45:31.671938,s1-eth2,0.008963241577148437,99.99103675842285
2025-11-27 17:45:31.672233,s4-eth2,0.008963241577148437,99.99103675842285
2025-11-27 17:45:31.672337,s5-eth3,0.008963241577148437,99.99103675842285
2025-11-27 17:45:32.673658,s1-eth2,0.009603424072265625,99.99039657592773
2025-11-27 17:45:32.673981,s4-eth2,0.009603424072265625,99.99039657592773
2025-11-27 17:45:32.674087,s5-eth3,0.009603424072265625,99.99039657592773
2025-11-27 17:45:33.675412,s1-eth2,0.008963241577148437,99.99103675842285
2025-11-27 17:45:33.675737,s4-eth2,0.008963241577148437,99.99103675842285
2025-11-27 17:45:33.675843,s5-eth3,0.008963241577148437,99.99103675842285
2025-11-27 17:45:34.677192,s1-eth2,0.010243682861328126,99.98975631713867
2025-11-27 17:45:34.677499,s4-eth2,0.010243682861328126,99.98975631713867
2025-11-27 17:45:34.677604,s5-eth3,0.009603424072265625,99.99039657592773
2025-11-27 17:45:35.678965,s1-eth2,0.008963241577148437,99.99103675842285
2025-11-27 17:45:35.679305,s4-eth2,0.008963241577148437,99.99103675842285
2025-11-27 17:45:35.679418,s5-eth3,0.008963241577148437,99.99103675842285
2025-11-27 17:45:36.680744,s1-eth2,0.009603424072265625,99.99039657592773
2025-11-27 17:45:36.681059,s4-eth2,0.009603424072265625,99.99039657592773
2025-11-27 17:45:36.681165,s5-eth3,0.009603424072265625,99.99039657592773
2025-11-27 17:45:37.682471,s1-eth2,0.008963241577148437,99.99103675842285
2025-11-27 17:45:37.682803,s4-eth2,0.008963241577148437,99.99103675842285
2025-11-27 17:45:37.682930,s5-eth3,0.008963241577148437,99.99103675842285
2025-11-27 17:45:38.684230,s1-eth2,0.009603424072265625,99.99039657592773
2025-11-27 17:45:38.684522,s4-eth2,0.009603424072265625,99.99039657592773
2025-11-27 17:45:38.684626,s5-eth3,0.008963241577148437,99.99103675842285
2025-11-27 17:45:39.685898,s1-eth2,0.008963241577148437,99.99103675842285
2025-11-27 17:45:39.686201,s4-eth2,0.008963241577148437,99.99103675842285
2025-11-27 17:45:39.686305,s5-eth3,0.008963241577148437,99.99103675842285
2025-11-27 17:45:40.687662,s1-eth2,65.0282211303711,34.971778869628906
2025-11-27 17:45:40.687978,s4-eth2,0.009603424072265625,99.99039657592773
2025-11-27 17:45:40.688083,s5-eth3,0.009603424072265625,99.99039657592773
2025-11-27 17:45:41.689375,s1-eth2,0.008963241577148437,99.99103675842285
2025-11-27 17:45:41.689677,s4-eth2,0.008963241577148437,99.99103675842285
2025-11-27 17:45:41.689780,s5-eth3,0.008963241577148437,99.99103675842285
2025-11-27 17:45:42.691081,s1-eth2,0.009603424072265625,99.99039657592773
2025-11-27 17:45:42.691379,s4-eth2,0.009603424072265625,99.99039657592773
2025-11-27 17:45:42.691482,s5-eth3,0.009603424072265625,99.99039657592773
2025-11-27 17:45:43.692744,s1-eth2,0.008963241577148437,99.99103675842285
2025-11-27 17:45:43.693039,s4-eth2,0.008963241577148437,99.99103675842285
2025-11-27 17:45:43.693149,s5-eth3,0.008963241577148437,99.99103675842285
2025-11-27 17:45:44.694079,s1-eth2,0.008963241577148437,99.99103675842285
2025-11-27 17:45:44.694249,s4-eth2,0.008963241577148437,99.99103675842285
2025-11-27 17:45:44.694289,s5-eth3,0.008963241577148437,99.99103675842285
2025-11-27 17:45:45.695587,s1-eth2,65.02542877197266,34.974571228027344
2025-11-27 17:45:45.695921,s4-eth2,0.008963241577148437,99.99103675842285
2025-11-27 17:45:45.696041,s5-eth3,0.008963241577148437,99.99103675842285
2025-11-27 17:45:46.696702,s1-eth2,69.71426391601562,30.285736083984375
2025-11-27 17:45:46.696822,s4-eth2,0.009613037109375,99.99038696289062
2025-11-27 17:45:46.696862,s5-eth3,0.009613037109375,99.99038696289062
2025-11-27 17:45:47.697410,s1-eth2,0.00897216796875,99.99102783203125
2025-11-27 17:45:47.697530,s4-eth2,0.00897216796875,99.99102783203125
2025-11-27 17:45:47.697576,s5-eth3,65.09297943115234,34.907020568847656
2025-11-27 17:45:48.698820,s1-eth2,0.008963241577148437,99.99103675842285
2025-11-27 17:45:48.699148,s4-eth2,0.008963241577148437,99.99103675842285
2025-11-27 17:45:48.699253,s5-eth3,0.009603424072265625,99.99039657592773
2025-11-27 17:45:49.700568,s1-eth2,0.008963241577148437,99.99103675842285
2025-11-27 17:45:49.700880,s4-eth2,69.70752716064453,30.29247283935547
2025-11-27 17:45:49.701002,s5-eth3,0.008963241577148437,99.99103675842285
2025-11-27 17:45:50.702290,s1-eth2,0.008963241577148437,99.99103675842285
2025-11-27 17:45:50.702593,s4-eth2,0.015068283081054687,99.98493171691895
2025-11-27 17:45:50.702702,s5-eth3,0.008963241577148437,99.99103675842285
2025-11-27 17:45:51.704020,s1-eth2,0.008963241577148437,99.99103675842285
2025-11-27 17:45:51.704347,s4-eth2,0.008963241577148437,99.99103675842285
2025-11-27 17:45:51.704457,s5-eth3,0.008963241577148437,99.99103675842285
2025-11-27 17:45:52.705814,s1-eth2,0.010243682861328126,99.98975631713867
2025-11-27 17:45:52.706136,s4-eth2,0.010243682861328126,99.98975631713867
2025-11-27 17:45:52.706243,s5-eth3,0.010243682861328126,99.98975631713867
2025-11-27 17:45:53.707588,s1-eth2,64.34381103515625,35.65618896484375
2025-11-27 17:45:53.707911,s4-eth2,0.008963241577148437,99.99103675842285
2025-11-27 17:45:53.708017,s5-eth3,0.008963241577148437,99.99103675842285
2025-11-27 17:45:54.709346,s1-eth2,0.014565200805664062,99.98543479919434
2025-11-27 17:45:54.709666,s4-eth2,69.71311950683594,30.286880493164062
2025-11-27 17:45:54.709782,s5-eth3,0.008963241577148437,99.99103675842285
2025-11-27 17:45:55.711088,s1-eth2,0.008963241577148437,99.99103675842285
2025-11-27 17:45:55.711383,s4-eth2,0.008963241577148437,99.99103675842285
2025-11-27 17:45:55.711486,s5-eth3,0.008963241577148437,99.99103675842285
2025-11-27 17:45:56.712780,s1-eth2,0.008963241577148437,99.99103675842285
2025-11-27 17:45:56.713082,s4-eth2,0.008963241577148437,99.99103675842285
2025-11-27 17:45:56.713186,s5-eth3,0.008963241577148437,99.99103675842285
2025-11-27 17:45:57.714477,s1-eth2,0.008963241577148437,99.99103675842285
2025-11-27 17:45:57.714773,s4-eth2,0.008963241577148437,99.99103675842285
2025-11-27 17:45:57.714898,s5-eth3,0.008963241577148437,99.99103675842285
2025-11-27 17:45:58.716185,s1-eth2,0.008963241577148437,99.99103675842285
2025-11-27 17:45:58.716489,s4-eth2,0.008963241577148437,99.99103675842285
2025-11-27 17:45:58.716592,s5-eth3,0.009603424072265625,99.99039657592773
2025-11-27 17:45:59.717873,s1-eth2,0.009710159301757813,99.99028984069824
2025-11-27 17:45:59.718167,s4-eth2,0.008963241577148437,99.99103675842285
2025-11-27 17:45:59.718270,s5-eth3,0.008963241577148437,99.99103675842285
2025-11-27 17:46:00.719564,s1-eth2,0.009603424072265625,99.99039657592773
2025-11-27 17:46:00.719857,s4-eth2,0.010350341796875,99.98964965820312
2025-11-27 17:46:00.719961,s5-eth3,0.008963241577148437,99.99103675842285
2025-11-27 17:46:01.721250,s1-eth2,0.008963241577148437,99.99103675842285
2025-11-27 17:46:01.721561,s4-eth2,0.008963241577148437,99.99103675842285
2025-11-27 17:46:01.721664,s5-eth3,0.008963241577148437,99.99103675842285
2025-11-27 17:46:02.723027,s1-eth2,69.71376037597656,30.286239624023438
2025-11-27 17:46:02.723332,s4-eth2,0.009603424072265625,99.99039657592773
2025-11-27 17:46:02.723435,s5-eth3,0.009603424072265625,99.99039657592773
2025-11-27 17:46:03.724706,s1-eth2,0.008963241577148437,99.99103675842285
2025-11-27 17:46:03.725009,s4-eth2,0.008963241577148437,99.99103675842285
2025-11-27 17:46:03.725111,s5-eth3,0.008963241577148437,99.99103675842285
2025-11-27 17:46:04.726404,s1-eth2,0.009603424072265625,99.99039657592773
2025-11-27 17:46:04.726697,s4-eth2,0.009603424072265625,99.99039657592773
2025-11-27 17:46:04.726799,s5-eth3,0.008963241577148437,99.99103675842285
2025-11-27 17:46:05.728162,s1-eth2,0.008963241577148437,99.99103675842285
2025-11-27 17:46:05.728485,s4-eth2,0.008963241577148437,99.99103675842285
2025-11-27 17:46:05.728588,s5-eth3,0.008963241577148437,99.99103675842285
2025-11-27 17:46:06.729215,s1-eth2,0.008963241577148437,99.99103675842285
2025-11-27 17:46:06.729331,s4-eth2,0.00897216796875,99.99102783203125
2025-11-27 17:46:06.729371,s5-eth3,0.009613037109375,99.99038696289062
2025-11-27 17:46:07.730623,s1-eth2,0.008963241577148437,99.99103675842285
2025-11-27 17:46:07.730961,s4-eth2,69.52598571777344,30.474014282226562
2025-11-27 17:46:07.731086,s5-eth3,69.52598571777344,30.474014282226562
2025-11-27 17:46:08.732400,s1-eth2,0.008963241577148437,99.99103675842285
2025-11-27 17:46:08.732702,s4-eth2,0.014549942016601562,99.9854500579834
2025-11-27 17:46:08.732806,s5-eth3,0.014549942016601562,99.9854500579834
2025-11-27 17:46:09.734099,s1-eth2,0.009603424072265625,99.99039657592773
2025-11-27 17:46:09.734402,s4-eth2,0.009603424072265625,99.99039657592773
2025-11-27 17:46:09.734506,s5-eth3,0.010350341796875,99.98964965820312
2025-11-27 17:46:10.735145,s1-eth2,0.009603424072265625,99.99039657592773
2025-11-27 17:46:10.735261,s4-eth2,0.009613037109375,99.99038696289062
2025-11-27 17:46:10.735300,s5-eth3,0.009613037109375,99.99038696289062
2025-11-27 17:46:11.736578,s1-eth2,0.009603424072265625,99.99039657592773
2025-11-27 17:46:11.736897,s4-eth2,0.009603424072265625,99.99039657592773
2025-11-27 17:46:11.737009,s5-eth3,0.0134295654296875,99.98657043457031
2025-11-27 17:46:12.738296,s1-eth2,0.008963241577148437,99.99103675842285
2025-11-27 17:46:12.738612,s4-eth2,0.009710159301757813,99.99028984069824
2025-11-27 17:46:12.738727,s5-eth3,65.02310943603516,34.976890563964844
2025-11-27 17:46:13.739380,s1-eth2,0.008963241577148437,99.99103675842285
2025-11-27 17:46:13.739503,s4-eth2,69.59552001953125,30.40447998046875
2025-11-27 17:46:13.739544,s5-eth3,69.59552001953125,30.40447998046875
2025-11-27 17:46:14.740759,s1-eth2,0.008963241577148437,99.99103675842285
2025-11-27 17:46:14.741099,s4-eth2,0.014534683227539062,99.98546531677246
2025-11-27 17:46:14.741204,s5-eth3,0.014534683227539062,99.98546531677246
2025-11-27 17:46:15.742487,s1-eth2,0.009603424072265625,99.99039657592773
2025-11-27 17:46:15.742781,s4-eth2,0.009603424072265625,99.99039657592773
2025-11-27 17:46:15.742901,s5-eth3,0.009603424072265625,99.99039657592773
2025-11-27 17:46:16.744191,s1-eth2,0.009710159301757813,99.99028984069824
2025-11-27 17:46:16.744494,s4-eth2,0.008963241577148437,99.99103675842285
2025-11-27 17:46:16.744597,s5-eth3,0.008963241577148437,99.99103675842285
2025-11-27 17:46:17.745858,s1-eth2,0.008963241577148437,99.99103675842285
2025-11-27 17:46:17.746151,s4-eth2,0.008963241577148437,99.99103675842285
2025-11-27 17:46:17.746254,s5-eth3,0.009710159301757813,99.99028984069824
2025-11-27 17:46:18.747543,s1-eth2,0.008963241577148437,99.99103675842285
2025-11-27 17:46:18.747836,s4-eth2,0.008963241577148437,99.99103675842285
2025-11-27 17:46:18.747953,s5-eth3,0.008963241577148437,99.99103675842285
2025-11-27 17:46:19.749243,s1-eth2,0.008963241577148437,99.99103675842285
2025-11-27 17:46:19.749537,s4-eth2,0.008963241577148437,99.99103675842285
2025-11-27 17:46:19.749640,s5-eth3,0.009603424072265625,99.99039657592773
2025-11-27 17:46:20.750931,s1-eth2,0.008963241577148437,99.99103675842285
2025-11-27 17:46:20.751228,s4-eth2,0.008963241577148437,99.99103675842285
2025-11-27 17:46:20.751331,s5-eth3,0.008963241577148437,99.99103675842285
2025-11-27 17:46:21.752618,s1-eth2,0.010243682861328126,99.98975631713867
2025-11-27 17:46:21.752923,s4-eth2,0.010243682861328126,99.98975631713867
2025-11-27 17:46:21.753027,s5-eth3,0.010243682861328126,99.98975631713867
2025-11-27 17:46:22.754290,s1-eth2,0.008963241577148437,99.99103675842285
2025-11-27 17:46:22.754583,s4-eth2,0.008963241577148437,99.99103675842285
2025-11-27 17:46:22.754686,s5-eth3,0.008963241577148437,99.99103675842285
2025-11-27 17:46:23.755967,s1-eth2,0.008963241577148437,99.99103675842285
2025-11-27 17:46:23.756269,s4-eth2,0.008963241577148437,99.99103675842285
2025-11-27 17:46:23.756372,s5-eth3,0.008963241577148437,99.99103675842285
2025-11-27 17:46:24.757150,s1-eth2,0.008963241577148437,99.99103675842285
2025-11-27 17:46:24.757270,s4-eth2,0.008963241577148437,99.99103675842285
2025-11-27 17:46:24.757314,s5-eth3,0.00897216796875,99.99102783203125
2025-11-27 17:46:25.758599,s1-eth2,0.009603424072265625,99.99039657592773
2025-11-27 17:46:25.758972,s4-eth2,0.009603424072265625,99.99039657592773
2025-11-27 17:46:25.759081,s5-eth3,0.009603424072265625,99.99039657592773
2025-11-27 17:46:26.760451,s1-eth2,0.008963241577148437,99.99103675842285
2025-11-27 17:46:26.760769,s4-eth2,0.008963241577148437,99.99103675842285
2025-11-27 17:46:26.760872,s5-eth3,0.008963241577148437,99.99103675842285
2025-11-27 17:46:27.762187,s1-eth2,0.008963241577148437,99.99103675842285
2025-11-27 17:46:27.762490,s4-eth2,0.008963241577148437,99.99103675842285
2025-11-27 17:46:27.762593,s5-eth3,0.008963241577148437,99.99103675842285
2025-11-27 17:46:28.763937,s1-eth2,0.008963241577148437,99.99103675842285
2025-11-27 17:46:28.764232,s4-eth2,0.008963241577148437,99.99103675842285
2025-11-27 17:46:28.764335,s5-eth3,0.008963241577148437,99.99103675842285
2025-11-27 17:46:29.765653,s1-eth2,0.008963241577148437,99.99103675842285
2025-11-27 17:46:29.765947,s4-eth2,0.008963241577148437,99.99103675842285
2025-11-27 17:46:29.766050,s5-eth3,0.008963241577148437,99.99103675842285
2025-11-27 17:46:30.767346,s1-eth2,0.008963241577148437,99.99103675842285
2025-11-27 17:46:30.767657,s4-eth2,0.008963241577148437,99.99103675842285
2025-11-27 17:46:30.767760,s5-eth3,0.008963241577148437,99.99103675842285
2025-11-27 17:46:31.769103,s1-eth2,0.010883865356445312,99.98911613464355
2025-11-27 17:46:31.769404,s4-eth2,0.010883865356445312,99.98911613464355
2025-11-27 17:46:31.769510,s5-eth3,0.010243682861328126,99.98975631713867
2025-11-27 17:46:32.770872,s1-eth2,64.35015106201172,35.64984893798828
2025-11-27 17:46:32.771206,s4-eth2,0.008963241577148437,99.99103675842285
2025-11-27 17:46:32.771316,s5-eth3,0.008963241577148437,99.99103675842285
2025-11-27 17:46:33.771954,s1-eth2,0.008963241577148437,99.99103675842285
2025-11-27 17:46:33.772073,s4-eth2,0.00897216796875,99.99102783203125
2025-11-27 17:46:33.772113,s5-eth3,0.00897216796875,99.99102783203125
2025-11-27 17:46:34.773356,s1-eth2,0.008963241577148437,99.99103675842285
2025-11-27 17:46:34.773685,s4-eth2,0.008963241577148437,99.99103675842285
2025-11-27 17:46:34.773788,s5-eth3,0.008963241577148437,99.99103675842285
2025-11-27 17:46:35.775141,s1-eth2,0.009603424072265625,99.99039657592773
2025-11-27 17:46:35.775455,s4-eth2,0.010350341796875,99.98964965820312
2025-11-27 17:46:35.775563,s5-eth3,0.008963241577148437,99.99103675842285
2025-11-27 17:46:36.776201,s1-eth2,0.0134295654296875,99.98657043457031
2025-11-27 17:46:36.776322,s4-eth2,0.0082244873046875,99.99177551269531
2025-11-27 17:46:36.776361,s5-eth3,0.00897216796875,99.99102783203125
2025-11-27 17:46:37.776967,s1-eth2,49.5673828125,50.4326171875
2025-11-27 17:46:37.777090,s4-eth2,0.0097198486328125,99.99028015136719
2025-11-27 17:46:37.777131,s5-eth3,0.009613037109375,99.99038696289062
2025-11-27 17:46:38.778403,s1-eth2,20.874969482421875,79.12503051757812
2025-11-27 17:46:38.778744,s4-eth2,0.008963241577148437,99.99103675842285
2025-11-27 17:46:38.778875,s5-eth3,0.008963241577148437,99.99103675842285
2025-11-27 17:46:39.780185,s1-eth2,0.008963241577148437,99.99103675842285
2025-11-27 17:46:39.780481,s4-eth2,0.008963241577148437,99.99103675842285
2025-11-27 17:46:39.780585,s5-eth3,0.008963241577148437,99.99103675842285
2025-11-27 17:46:40.781910,s1-eth2,0.008963241577148437,99.99103675842285
2025-11-27 17:46:40.782243,s4-eth2,0.008963241577148437,99.99103675842285
2025-11-27 17:46:40.782346,s5-eth3,0.008963241577148437,99.99103675842285
2025-11-27 17:46:41.783715,s1-eth2,0.00885650634765625,99.99114349365234
2025-11-27 17:46:41.784032,s4-eth2,0.00885650634765625,99.99114349365234
2025-11-27 17:46:41.784137,s5-eth3,0.008963241577148437,99.99103675842285
2025-11-27 17:46:42.785467,s1-eth2,0.009710159301757813,99.99028984069824
2025-11-27 17:46:42.785773,s4-eth2,0.009710159301757813,99.99028984069824
2025-11-27 17:46:42.785884,s5-eth3,0.008963241577148437,99.99103675842285
2025-11-27 17:46:43.787233,s1-eth2,0.008963241577148437,99.99103675842285
2025-11-27 17:46:43.787529,s4-eth2,0.008963241577148437,99.99103675842285
2025-11-27 17:46:43.787632,s5-eth3,0.009603424072265625,99.99039657592773
2025-11-27 17:46:44.788933,s1-eth2,0.009603424072265625,99.99039657592773
2025-11-27 17:46:44.789228,s4-eth2,0.009603424072265625,99.99039657592773
2025-11-27 17:46:44.789330,s5-eth3,0.009603424072265625,99.99039657592773
2025-11-27 17:46:45.789937,s1-eth2,0.008963241577148437,99.99103675842285
2025-11-27 17:46:45.790056,s4-eth2,0.00897216796875,99.99102783203125
2025-11-27 17:46:45.790095,s5-eth3,0.0140838623046875,99.98591613769531
2025-11-27 17:46:46.791360,s1-eth2,0.008963241577148437,99.99103675842285
2025-11-27 17:46:46.791677,s4-eth2,0.008963241577148437,99.99103675842285
2025-11-27 17:46:46.791794,s5-eth3,65.02310943603516,34.976890563964844
2025-11-27 17:46:47.793131,s1-eth2,0.009603424072265625,99.99039657592773
2025-11-27 17:46:47.793447,s4-eth2,69.71375274658203,30.28624725341797
2025-11-27 17:46:47.793560,s5-eth3,0.009603424072265625,99.99039657592773
2025-11-27 17:46:48.794990,s1-eth2,0.008963241577148437,99.99103675842285
2025-11-27 17:46:48.795285,s4-eth2,0.008963241577148437,99.99103675842285
2025-11-27 17:46:48.795388,s5-eth3,0.008963241577148437,99.99103675842285
2025-11-27 17:46:49.797016,s1-eth2,0.008954238891601563,99.9910457611084
2025-11-27 17:46:49.797435,s4-eth2,0.008954238891601563,99.9910457611084
2025-11-27 17:46:49.797582,s5-eth3,0.008954238891601563,99.9910457611084
2025-11-27 17:46:50.799027,s1-eth2,0.008954238891601563,99.9910457611084
2025-11-27 17:46:50.799334,s4-eth2,0.008963241577148437,99.99103675842285
2025-11-27 17:46:50.799446,s5-eth3,0.008963241577148437,99.99103675842285
2025-11-27 17:46:51.800885,s1-eth2,64.34993743896484,35.650062561035156
2025-11-27 17:46:51.801226,s4-eth2,0.009603424072265625,99.99039657592773
2025-11-27 17:46:51.801331,s5-eth3,0.008963241577148437,99.99103675842285
2025-11-27 17:46:52.801956,s1-eth2,0.00946624755859375,99.99053375244141
2025-11-27 17:46:52.802076,s4-eth2,0.00897216796875,99.99102783203125
2025-11-27 17:46:52.802115,s5-eth3,0.00897216796875,99.99102783203125
2025-11-27 17:46:53.802692,s1-eth2,0.00897216796875,99.99102783203125
2025-11-27 17:46:53.802814,s4-eth2,0.00897216796875,99.99102783203125
2025-11-27 17:46:53.802873,s5-eth3,0.00897216796875,99.99102783203125
2025-11-27 17:46:54.803454,s1-eth2,69.78318786621094,30.216812133789062
2025-11-27 17:46:54.803573,s4-eth2,0.00897216796875,99.99102783203125
2025-11-27 17:46:54.803614,s5-eth3,0.00897216796875,99.99102783203125
2025-11-27 17:46:55.804922,s1-eth2,0.009603424072265625,99.99039657592773
2025-11-27 17:46:55.805292,s4-eth2,0.009603424072265625,99.99039657592773
2025-11-27 17:46:55.805412,s5-eth3,0.009603424072265625,99.99039657592773
2025-11-27 17:46:56.806831,s1-eth2,0.008963241577148437,99.99103675842285
2025-11-27 17:46:56.807176,s4-eth2,69.713623046875,30.286376953125
2025-11-27 17:46:56.807290,s5-eth3,0.008963241577148437,99.99103675842285
2025-11-27 17:46:57.808649,s1-eth2,0.008963241577148437,99.99103675842285
2025-11-27 17:46:57.808947,s4-eth2,0.008963241577148437,99.99103675842285
2025-11-27 17:46:57.809049,s5-eth3,0.008963241577148437,99.99103675842285
2025-11-27 17:46:58.810399,s1-eth2,0.009603424072265625,99.99039657592773
2025-11-27 17:46:58.810713,s4-eth2,0.009603424072265625,99.99039657592773
2025-11-27 17:46:58.810887,s5-eth3,0.010243682861328126,99.98975631713867
2025-11-27 17:46:59.811527,s1-eth2,0.009283294677734375,99.99071670532227
2025-11-27 17:46:59.811644,s4-eth2,0.0092926025390625,99.99070739746094
2025-11-27 17:46:59.811690,s5-eth3,0.00897216796875,99.99102783203125
2025-11-27 17:47:00.812973,s1-eth2,0.009923553466796875,99.99007644653321
2025-11-27 17:47:00.813305,s4-eth2,0.009923553466796875,99.99007644653321
2025-11-27 17:47:00.813409,s5-eth3,0.010243682861328126,99.98975631713867
2025-11-27 17:47:01.814781,s1-eth2,0.008963241577148437,99.99103675842285
2025-11-27 17:47:01.815167,s4-eth2,0.008963241577148437,99.99103675842285
2025-11-27 17:47:01.815271,s5-eth3,0.008963241577148437,99.99103675842285
2025-11-27 17:47:02.815946,s1-eth2,0.0134295654296875,99.98657043457031
2025-11-27 17:47:02.816084,s4-eth2,0.00897216796875,99.99102783203125
2025-11-27 17:47:02.816129,s5-eth3,0.0134429931640625,99.98655700683594
2025-11-27 17:47:03.816706,s1-eth2,65.0931167602539,34.906883239746094
2025-11-27 17:47:03.816829,s4-eth2,0.00897216796875,99.99102783203125
2025-11-27 17:47:03.816872,s5-eth3,65.08812713623047,34.91187286376953
2025-11-27 17:47:04.818179,s1-eth2,69.71015167236328,30.28984832763672
2025-11-27 17:47:04.818520,s4-eth2,69.4817123413086,30.518287658691406
2025-11-27 17:47:04.818631,s5-eth3,69.4817123413086,30.518287658691406
2025-11-27 17:47:05.820073,s1-eth2,0.008963241577148437,99.99103675842285
2025-11-27 17:47:05.820393,s4-eth2,0.014534683227539062,99.98546531677246
2025-11-27 17:47:05.820498,s5-eth3,0.014534683227539062,99.98546531677246
2025-11-27 17:47:06.822203,s1-eth2,0.01023345947265625,99.98976654052734
2025-11-27 17:47:06.822654,s4-eth2,0.0109796142578125,99.9890203857422
2025-11-27 17:47:06.822801,s5-eth3,0.009593887329101563,99.9904061126709
2025-11-27 17:47:07.824267,s1-eth2,0.008954238891601563,99.9910457611084
2025-11-27 17:47:07.824602,s4-eth2,0.008963241577148437,99.99103675842285
2025-11-27 17:47:07.824737,s5-eth3,0.008963241577148437,99.99103675842285
2025-11-27 17:47:08.826351,s1-eth2,0.009700469970703125,99.99029953002929
2025-11-27 17:47:08.826927,s4-eth2,0.008954238891601563,99.9910457611084
2025-11-27 17:47:08.827116,s5-eth3,0.008954238891601563,99.9910457611084
2025-11-27 17:47:09.828925,s1-eth2,0.008954238891601563,99.9910457611084
2025-11-27 17:47:09.829221,s4-eth2,0.008954238891601563,99.9910457611084
2025-11-27 17:47:09.829325,s5-eth3,0.008954238891601563,99.9910457611084
2025-11-27 17:47:10.830651,s1-eth2,0.009603424072265625,99.99039657592773
2025-11-27 17:47:10.830980,s4-eth2,0.009603424072265625,99.99039657592773
2025-11-27 17:47:10.831086,s5-eth3,0.009603424072265625,99.99039657592773
2025-11-27 17:47:11.832454,s1-eth2,0.008963241577148437,99.99103675842285
2025-11-27 17:47:11.832781,s4-eth2,0.008963241577148437,99.99103675842285
2025-11-27 17:47:11.832885,s5-eth3,0.008963241577148437,99.99103675842285
2025-11-27 17:47:12.834215,s1-eth2,0.009603424072265625,99.99039657592773
2025-11-27 17:47:12.834523,s4-eth2,0.009603424072265625,99.99039657592773
2025-11-27 17:47:12.834652,s5-eth3,0.008963241577148437,99.99103675842285
2025-11-27 17:47:13.836051,s1-eth2,0.008963241577148437,99.99103675842285
2025-11-27 17:47:13.836356,s4-eth2,0.008963241577148437,99.99103675842285
2025-11-27 17:47:13.836459,s5-eth3,0.008963241577148437,99.99103675842285
2025-11-27 17:47:14.837835,s1-eth2,0.008963241577148437,99.99103675842285
2025-11-27 17:47:14.838131,s4-eth2,0.008963241577148437,99.99103675842285
2025-11-27 17:47:14.838234,s5-eth3,0.008963241577148437,99.99103675842285
2025-11-27 17:47:15.839602,s1-eth2,0.008963241577148437,99.99103675842285
2025-11-27 17:47:15.839924,s4-eth2,0.008963241577148437,99.99103675842285
2025-11-27 17:47:15.840030,s5-eth3,0.008963241577148437,99.99103675842285
2025-11-27 17:47:16.841334,s1-eth2,0.009603424072265625,99.99039657592773
2025-11-27 17:47:16.841660,s4-eth2,0.009603424072265625,99.99039657592773
2025-11-27 17:47:16.841783,s5-eth3,0.009603424072265625,99.99039657592773
2025-11-27 17:47:17.843208,s1-eth2,0.008963241577148437,99.99103675842285
2025-11-27 17:47:17.843519,s4-eth2,69.52598571777344,30.474014282226562
2025-11-27 17:47:17.843634,s5-eth3,69.52598571777344,30.474014282226562
2025-11-27 17:47:18.845047,s1-eth2,0.008963241577148437,99.99103675842285
2025-11-27 17:47:18.845364,s4-eth2,0.015053024291992187,99.98494697570801
2025-11-27 17:47:18.845470,s5-eth3,0.015053024291992187,99.98494697570801
2025-11-27 17:47:19.847252,s1-eth2,0.009700469970703125,99.99029953002929
2025-11-27 17:47:19.847805,s4-eth2,0.009700469970703125,99.99029953002929
2025-11-27 17:47:19.847998,s5-eth3,0.008954238891601563,99.9910457611084
2025-11-27 17:47:20.850033,s1-eth2,0.008954238891601563,99.9910457611084
2025-11-27 17:47:20.850359,s4-eth2,0.008954238891601563,99.9910457611084
2025-11-27 17:47:20.850463,s5-eth3,0.008954238891601563,99.9910457611084
2025-11-27 17:47:21.851122,s1-eth2,0.012393035888671876,99.98760696411132
2025-11-27 17:47:21.851245,s4-eth2,0.00897216796875,99.99102783203125
2025-11-27 17:47:21.851285,s5-eth3,0.00897216796875,99.99102783203125
2025-11-27 17:47:22.852776,s1-eth2,25.75104331970215,74.24895668029785
2025-11-27 17:47:22.853131,s4-eth2,0.008963241577148437,99.99103675842285
2025-11-27 17:47:22.853236,s5-eth3,0.009603424072265625,99.99039657592773
2025-11-27 17:47:23.854663,s1-eth2,43.14292526245117,56.85707473754883
2025-11-27 17:47:23.855028,s4-eth2,0.008963241577148437,99.99103675842285
2025-11-27 17:47:23.855133,s5-eth3,0.008963241577148437,99.99103675842285
2025-11-27 17:47:24.856771,s1-eth2,0.014535446166992188,99.98546455383301
2025-11-27 17:47:24.857087,s4-eth2,0.008954238891601563,99.9910457611084
2025-11-27 17:47:24.857191,s5-eth3,0.009593887329101563,99.9904061126709
2025-11-27 17:47:25.858500,s1-eth2,0.008963241577148437,99.99103675842285
2025-11-27 17:47:25.858796,s4-eth2,0.008963241577148437,99.99103675842285
2025-11-27 17:47:25.858932,s5-eth3,0.008963241577148437,99.99103675842285
2025-11-27 17:47:26.860255,s1-eth2,0.008963241577148437,99.99103675842285
2025-11-27 17:47:26.860559,s4-eth2,0.008963241577148437,99.99103675842285
2025-11-27 17:47:26.860662,s5-eth3,0.008963241577148437,99.99103675842285
2025-11-27 17:47:27.861990,s1-eth2,0.0134295654296875,99.98657043457031
2025-11-27 17:47:27.862295,s4-eth2,0.008963241577148437,99.99103675842285
2025-11-27 17:47:27.862399,s5-eth3,0.008963241577148437,99.99103675842285
2025-11-27 17:47:28.864138,s1-eth2,64.95886993408203,35.04113006591797
2025-11-27 17:47:28.864588,s4-eth2,0.009593887329101563,99.9904061126709
2025-11-27 17:47:28.864731,s5-eth3,0.008954238891601563,99.9910457611084
2025-11-27 17:47:29.866147,s1-eth2,0.008954238891601563,99.9910457611084
2025-11-27 17:47:29.866453,s4-eth2,0.008963241577148437,99.99103675842285
2025-11-27 17:47:29.866556,s5-eth3,0.008963241577148437,99.99103675842285
2025-11-27 17:47:30.867955,s1-eth2,0.010243682861328126,99.98975631713867
2025-11-27 17:47:30.868251,s4-eth2,0.010243682861328126,99.98975631713867
2025-11-27 17:47:30.868368,s5-eth3,0.010243682861328126,99.98975631713867
2025-11-27 17:47:31.869753,s1-eth2,0.009603424072265625,99.99039657592773
2025-11-27 17:47:31.870095,s4-eth2,0.009603424072265625,99.99039657592773
2025-11-27 17:47:31.870282,s5-eth3,0.010350341796875,99.98964965820312
2025-11-27 17:47:32.872082,s1-eth2,0.008954238891601563,99.9910457611084
2025-11-27 17:47:32.872563,s4-eth2,0.008954238891601563,99.9910457611084
2025-11-27 17:47:32.872669,s5-eth3,0.008954238891601563,99.9910457611084
2025-11-27 17:47:33.873978,s1-eth2,0.009603424072265625,99.99039657592773
2025-11-27 17:47:33.874281,s4-eth2,0.009603424072265625,99.99039657592773
2025-11-27 17:47:33.874385,s5-eth3,0.008963241577148437,99.99103675842285
2025-11-27 17:47:34.875002,s1-eth2,0.008963241577148437,99.99103675842285
2025-11-27 17:47:34.875118,s4-eth2,0.00897216796875,99.99102783203125
2025-11-27 17:47:34.875158,s5-eth3,0.00897216796875,99.99102783203125
2025-11-27 17:47:35.875714,s1-eth2,0.00897216796875,99.99102783203125
2025-11-27 17:47:35.875835,s4-eth2,0.00897216796875,99.99102783203125
2025-11-27 17:47:35.875876,s5-eth3,0.00897216796875,99.99102783203125
2025-11-27 17:47:36.877106,s1-eth2,0.008963241577148437,99.99103675842285
2025-11-27 17:47:36.877428,s4-eth2,0.008963241577148437,99.99103675842285
2025-11-27 17:47:36.877538,s5-eth3,0.009603424072265625,99.99039657592773
2025-11-27 17:47:37.878167,s1-eth2,0.008963241577148437,99.99103675842285
2025-11-27 17:47:37.878287,s4-eth2,69.7828369140625,30.2171630859375
2025-11-27 17:47:37.878331,s5-eth3,0.0134429931640625,99.98655700683594
2025-11-27 17:47:38.878892,s1-eth2,0.010101318359375,99.98989868164062
2025-11-27 17:47:38.879006,s4-eth2,0.00897216796875,99.99102783203125
2025-11-27 17:47:38.879050,s5-eth3,65.08927917480469,34.91072082519531
2025-11-27 17:47:39.880299,s1-eth2,64.34894561767578,35.65105438232422
2025-11-27 17:47:39.880634,s4-eth2,0.009603424072265625,99.99039657592773
2025-11-27 17:47:39.880739,s5-eth3,0.008963241577148437,99.99103675842285
2025-11-27 17:47:40.882037,s1-eth2,0.009603424072265625,99.99039657592773
2025-11-27 17:47:40.882334,s4-eth2,0.009603424072265625,99.99039657592773
2025-11-27 17:47:40.882437,s5-eth3,0.009603424072265625,99.99039657592773
2025-11-27 17:47:41.883120,s1-eth2,0.009603424072265625,99.99039657592773
2025-11-27 17:47:41.883247,s4-eth2,0.009613037109375,99.99038696289062
2025-11-27 17:47:41.883292,s5-eth3,0.00897216796875,99.99102783203125
2025-11-27 17:47:42.883881,s1-eth2,0.0067291259765625,99.99327087402344
2025-11-27 17:47:42.884010,s4-eth2,0.0080413818359375,99.99195861816406
2025-11-27 17:47:42.884055,s5-eth3,0.0082244873046875,99.99177551269531
2025-11-27 17:47:43.885489,s1-eth2,0.011203994750976562,99.98879600524903
2025-11-27 17:47:43.885906,s4-eth2,69.71401977539062,30.285980224609375
2025-11-27 17:47:43.886064,s5-eth3,0.009700469970703125,99.99029953002929
2025-11-27 17:47:44.887504,s1-eth2,0.008954238891601563,99.9910457611084
2025-11-27 17:47:44.887828,s4-eth2,0.008963241577148437,99.99103675842285
2025-11-27 17:47:44.887947,s5-eth3,0.009603424072265625,99.99039657592773
2025-11-27 17:47:45.888598,s1-eth2,0.008963241577148437,99.99103675842285
2025-11-27 17:47:45.888717,s4-eth2,0.00897216796875,99.99102783203125
2025-11-27 17:47:45.888757,s5-eth3,0.00897216796875,99.99102783203125
2025-11-27 17:47:46.890072,s1-eth2,0.008963241577148437,99.99103675842285
2025-11-27 17:47:46.890400,s4-eth2,0.008963241577148437,99.99103675842285
2025-11-27 17:47:46.890523,s5-eth3,0.008963241577148437,99.99103675842285
2025-11-27 17:47:47.891173,s1-eth2,0.008963241577148437,99.99103675842285
2025-11-27 17:47:47.891283,s4-eth2,0.00897216796875,99.99102783203125
2025-11-27 17:47:47.891324,s5-eth3,0.00897216796875,99.99102783203125
2025-11-27 17:47:48.892613,s1-eth2,0.008963241577148437,99.99103675842285
2025-11-27 17:47:48.892925,s4-eth2,0.008963241577148437,99.99103675842285
2025-11-27 17:47:48.893044,s5-eth3,0.008963241577148437,99.99103675842285
2025-11-27 17:47:49.894515,s1-eth2,0.009603424072265625,99.99039657592773
2025-11-27 17:47:49.894824,s4-eth2,0.009603424072265625,99.99039657592773
2025-11-27 17:47:49.894974,s5-eth3,0.009710159301757813,99.99028984069824
2025-11-27 17:47:50.895602,s1-eth2,0.009603424072265625,99.99039657592773
2025-11-27 17:47:50.895719,s4-eth2,0.009613037109375,99.99038696289062
2025-11-27 17:47:50.895757,s5-eth3,0.009613037109375,99.99038696289062
2025-11-27 17:47:51.896319,s1-eth2,0.01025390625,99.98974609375
2025-11-27 17:47:51.896436,s4-eth2,0.01025390625,99.98974609375
2025-11-27 17:47:51.896476,s5-eth3,0.009613037109375,99.99038696289062
2025-11-27 17:47:52.897073,s1-eth2,0.009613037109375,99.99038696289062
2025-11-27 17:47:52.897200,s4-eth2,0.009613037109375,99.99038696289062
2025-11-27 17:47:52.897242,s5-eth3,0.01622772216796875,99.98377227783203
2025-11-27 17:47:53.898522,s1-eth2,0.008963241577148437,99.99103675842285
2025-11-27 17:47:53.898839,s4-eth2,0.008963241577148437,99.99103675842285
2025-11-27 17:47:53.898984,s5-eth3,65.02021026611328,34.97978973388672
2025-11-27 17:47:54.900340,s1-eth2,0.008963241577148437,99.99103675842285
2025-11-27 17:47:54.900644,s4-eth2,0.008963241577148437,99.99103675842285
2025-11-27 17:47:54.900748,s5-eth3,0.009710159301757813,99.99028984069824
2025-11-27 17:47:55.902073,s1-eth2,0.011379318237304687,99.9886206817627
2025-11-27 17:47:55.902375,s4-eth2,0.008963241577148437,99.99103675842285
2025-11-27 17:47:55.902479,s5-eth3,0.008963241577148437,99.99103675842285
2025-11-27 17:47:56.903849,s1-eth2,69.71070098876953,30.28929901123047
2025-11-27 17:47:56.904177,s4-eth2,0.008963241577148437,99.99103675842285
2025-11-27 17:47:56.904282,s5-eth3,0.009283294677734375,99.99071670532227
2025-11-27 17:47:57.904928,s1-eth2,0.008963241577148437,99.99103675842285
2025-11-27 17:47:57.905072,s4-eth2,0.00897216796875,99.99102783203125
2025-11-27 17:47:57.905114,s5-eth3,0.008544921875,99.991455078125
2025-11-27 17:47:58.906367,s1-eth2,0.008963241577148437,99.99103675842285
2025-11-27 17:47:58.906691,s4-eth2,0.008963241577148437,99.99103675842285
2025-11-27 17:47:58.906804,s5-eth3,0.009710159301757813,99.99028984069824
2025-11-27 17:47:59.908113,s1-eth2,0.008963241577148437,99.99103675842285
2025-11-27 17:47:59.908408,s4-eth2,0.008963241577148437,99.99103675842285
2025-11-27 17:47:59.908512,s5-eth3,0.008963241577148437,99.99103675842285
2025-11-27 17:48:00.909814,s1-eth2,0.008963241577148437,99.99103675842285
2025-11-27 17:48:00.910110,s4-eth2,0.008963241577148437,99.99103675842285
2025-11-27 17:48:00.910222,s5-eth3,0.008963241577148437,99.99103675842285
2025-11-27 17:48:01.911546,s1-eth2,0.009603424072265625,99.99039657592773
2025-11-27 17:48:01.911842,s4-eth2,0.009603424072265625,99.99039657592773
2025-11-27 17:48:01.911954,s5-eth3,0.008963241577148437,99.99103675842285
2025-11-27 17:48:02.913085,s1-eth2,0.008963241577148437,99.99103675842285
2025-11-27 17:48:02.913169,s4-eth2,0.008963241577148437,99.99103675842285
2025-11-27 17:48:02.913197,s5-eth3,0.008963241577148437,99.99103675842285
2025-11-27 17:48:03.913608,s1-eth2,0.009613037109375,99.99038696289062
2025-11-27 17:48:03.913696,s4-eth2,0.009613037109375,99.99038696289062
2025-11-27 17:48:03.913725,s5-eth3,0.01025390625,99.98974609375
2025-11-27 17:48:04.914175,s1-eth2,0.0134429931640625,99.98655700683594
2025-11-27 17:48:04.914264,s4-eth2,0.00897216796875,99.99102783203125
2025-11-27 17:48:04.914294,s5-eth3,0.00897216796875,99.99102783203125
2025-11-27 17:48:05.914728,s1-eth2,69.77883911132812,30.221160888671875
2025-11-27 17:48:05.914820,s4-eth2,0.00897216796875,99.99102783203125
2025-11-27 17:48:05.914855,s5-eth3,0.009613037109375,99.99038696289062
2025-11-27 17:48:06.915513,s1-eth2,0.01531982421875,99.98468017578125
2025-11-27 17:48:06.915655,s4-eth2,0.00897216796875,99.99102783203125
2025-11-27 17:48:06.915705,s5-eth3,0.00897216796875,99.99102783203125
2025-11-27 17:48:07.916185,s1-eth2,70.85143280029297,29.14856719970703
2025-11-27 17:48:07.916287,s4-eth2,0.007476806640625,99.99252319335938
2025-11-27 17:48:07.916326,s5-eth3,0.0088653564453125,99.99113464355469
2025-11-27 17:48:08.916773,s1-eth2,0.01607513427734375,99.98392486572266
2025-11-27 17:48:08.916868,s4-eth2,0.010467529296875,99.98953247070312
2025-11-27 17:48:08.916898,s5-eth3,0.00897216796875,99.99102783203125
2025-11-27 17:48:09.917337,s1-eth2,0.0134429931640625,99.98655700683594
2025-11-27 17:48:09.917428,s4-eth2,0.00897216796875,99.99102783203125
2025-11-27 17:48:09.917458,s5-eth3,0.00897216796875,99.99102783203125
2025-11-27 17:48:10.918689,s1-eth2,64.34492492675781,35.65507507324219
2025-11-27 17:48:10.919042,s4-eth2,0.008963241577148437,99.99103675842285
2025-11-27 17:48:10.919146,s5-eth3,0.008963241577148437,99.99103675842285
2025-11-27 17:48:11.919696,s1-eth2,0.008963241577148437,99.99103675842285
2025-11-27 17:48:11.919789,s4-eth2,69.55426025390625,30.44573974609375
2025-11-27 17:48:11.919821,s5-eth3,69.5550308227539,30.444969177246094
2025-11-27 17:48:12.920259,s1-eth2,0.00897216796875,99.99102783203125
2025-11-27 17:48:12.920346,s4-eth2,0.01149749755859375,99.9885025024414
2025-11-27 17:48:12.920376,s5-eth3,0.009979248046875,99.99002075195312
2025-11-27 17:48:13.920805,s1-eth2,0.00897216796875,99.99102783203125
2025-11-27 17:48:13.920889,s4-eth2,0.00897216796875,99.99102783203125
2025-11-27 17:48:13.920918,s5-eth3,0.009613037109375,99.99038696289062
2025-11-27 17:48:14.921373,s1-eth2,0.0140838623046875,99.98591613769531
2025-11-27 17:48:14.921463,s4-eth2,0.009613037109375,99.99038696289062
2025-11-27 17:48:14.921494,s5-eth3,0.009613037109375,99.99038696289062
2025-11-27 17:48:15.921949,s1-eth2,65.201171875,34.798828125
2025-11-27 17:48:15.922043,s4-eth2,0.01025390625,99.98974609375
2025-11-27 17:48:15.922073,s5-eth3,0.009613037109375,99.99038696289062
2025-11-27 17:48:16.922516,s1-eth2,0.009613037109375,99.99038696289062
2025-11-27 17:48:16.922610,s4-eth2,0.009613037109375,99.99038696289062
2025-11-27 17:48:16.922639,s5-eth3,0.00897216796875,99.99102783203125
2025-11-27 17:48:17.923074,s1-eth2,0.010894775390625,99.98910522460938
2025-11-27 17:48:17.923159,s4-eth2,0.010894775390625,99.98910522460938
2025-11-27 17:48:17.923188,s5-eth3,0.009613037109375,99.99038696289062
2025-11-27 17:48:18.923604,s1-eth2,0.00897216796875,99.99102783203125
2025-11-27 17:48:18.923691,s4-eth2,0.00897216796875,99.99102783203125
2025-11-27 17:48:18.923720,s5-eth3,0.00897216796875,99.99102783203125
2025-11-27 17:48:19.924137,s1-eth2,0.00897216796875,99.99102783203125
2025-11-27 17:48:19.924303,s4-eth2,0.00897216796875,99.99102783203125
2025-11-27 17:48:19.924405,s5-eth3,0.00897216796875,99.99102783203125
2025-11-27 17:48:20.924898,s1-eth2,0.009613037109375,99.99038696289062
2025-11-27 17:48:20.924985,s4-eth2,0.009613037109375,99.99038696289062
2025-11-27 17:48:20.925014,s5-eth3,0.009613037109375,99.99038696289062
2025-11-27 17:48:21.926221,s1-eth2,0.008963241577148437,99.99103675842285
2025-11-27 17:48:21.926536,s4-eth2,0.008963241577148437,99.99103675842285
2025-11-27 17:48:21.926640,s5-eth3,0.008963241577148437,99.99103675842285
2025-11-27 17:48:22.927254,s1-eth2,0.008963241577148437,99.99103675842285
2025-11-27 17:48:22.927369,s4-eth2,0.00897216796875,99.99102783203125
2025-11-27 17:48:22.927408,s5-eth3,0.00897216796875,99.99102783203125
2025-11-27 17:48:23.927883,s1-eth2,0.00897216796875,99.99102783203125
2025-11-27 17:48:23.927991,s4-eth2,0.00897216796875,99.99102783203125
2025-11-27 17:48:23.928022,s5-eth3,0.00897216796875,99.99102783203125
2025-11-27 17:48:24.928491,s1-eth2,0.0082244873046875,99.99177551269531
2025-11-27 17:48:24.928585,s4-eth2,69.59548950195312,30.404510498046875
2025-11-27 17:48:24.928618,s5-eth3,69.59548950195312,30.404510498046875
2025-11-27 17:48:25.929847,s1-eth2,0.009603424072265625,99.99039657592773
2025-11-27 17:48:25.930169,s4-eth2,0.015205459594726562,99.98479454040528
2025-11-27 17:48:25.930275,s5-eth3,0.015205459594726562,99.98479454040528
2025-11-27 17:48:26.930801,s1-eth2,0.00897216796875,99.99102783203125
2025-11-27 17:48:26.930903,s4-eth2,0.0082244873046875,99.99177551269531
2025-11-27 17:48:26.930933,s5-eth3,0.00897216796875,99.99102783203125
2025-11-27 17:48:27.931378,s1-eth2,0.00897216796875,99.99102783203125
2025-11-27 17:48:27.931469,s4-eth2,0.00897216796875,99.99102783203125
2025-11-27 17:48:27.931498,s5-eth3,0.00897216796875,99.99102783203125
2025-11-27 17:48:28.931936,s1-eth2,0.009613037109375,99.99038696289062
2025-11-27 17:48:28.932023,s4-eth2,0.009613037109375,99.99038696289062
2025-11-27 17:48:28.932053,s5-eth3,0.00897216796875,99.99102783203125
2025-11-27 17:48:29.932481,s1-eth2,0.00897216796875,99.99102783203125
2025-11-27 17:48:29.932568,s4-eth2,0.00897216796875,99.99102783203125
2025-11-27 17:48:29.932597,s5-eth3,0.00897216796875,99.99102783203125
2025-11-27 17:48:30.933026,s1-eth2,0.00897216796875,99.99102783203125
2025-11-27 17:48:30.933110,s4-eth2,0.00897216796875,99.99102783203125
2025-11-27 17:48:30.933140,s5-eth3,0.00897216796875,99.99102783203125
2025-11-27 17:48:31.933559,s1-eth2,0.00897216796875,99.99102783203125
2025-11-27 17:48:31.933644,s4-eth2,0.00897216796875,99.99102783203125
2025-11-27 17:48:31.933673,s5-eth3,0.00897216796875,99.99102783203125
2025-11-27 17:48:32.934089,s1-eth2,0.00897216796875,99.99102783203125
2025-11-27 17:48:32.934179,s4-eth2,0.00897216796875,99.99102783203125
2025-11-27 17:48:32.934208,s5-eth3,0.01025390625,99.98974609375
2025-11-27 17:48:33.934633,s1-eth2,0.00897216796875,99.99102783203125
2025-11-27 17:48:33.934718,s4-eth2,0.00897216796875,99.99102783203125
2025-11-27 17:48:33.934747,s5-eth3,0.00897216796875,99.99102783203125
2025-11-27 17:48:34.935179,s1-eth2,0.00897216796875,99.99102783203125
2025-11-27 17:48:34.935265,s4-eth2,0.00897216796875,99.99102783203125
2025-11-27 17:48:34.935294,s5-eth3,0.00897216796875,99.99102783203125
2025-11-27 17:48:35.935713,s1-eth2,0.00897216796875,99.99102783203125
2025-11-27 17:48:35.935797,s4-eth2,0.00897216796875,99.99102783203125
2025-11-27 17:48:35.935826,s5-eth3,0.00897216796875,99.99102783203125
2025-11-27 17:48:36.936362,s1-eth2,0.01025390625,99.98974609375
2025-11-27 17:48:36.936473,s4-eth2,0.01025390625,99.98974609375
2025-11-27 17:48:36.936517,s5-eth3,0.01025390625,99.98974609375
2025-11-27 17:48:37.937777,s1-eth2,0.008963241577148437,99.99103675842285
2025-11-27 17:48:37.938110,s4-eth2,0.008963241577148437,99.99103675842285
2025-11-27 17:48:37.938220,s5-eth3,0.008963241577148437,99.99103675842285
2025-11-27 17:48:38.938903,s1-eth2,0.009603424072265625,99.99039657592773
2025-11-27 17:48:38.939025,s4-eth2,69.78395080566406,30.216049194335938
2025-11-27 17:48:38.939073,s5-eth3,0.00897216796875,99.99102783203125
2025-11-27 17:48:39.939648,s1-eth2,0.00897216796875,99.99102783203125
2025-11-27 17:48:39.939769,s4-eth2,0.00897216796875,99.99102783203125
2025-11-27 17:48:39.939811,s5-eth3,0.0134429931640625,99.98655700683594
2025-11-27 17:48:40.941664,s1-eth2,0.008954238891601563,99.9910457611084
2025-11-27 17:48:40.942141,s4-eth2,0.008954238891601563,99.9910457611084
2025-11-27 17:48:40.942262,s5-eth3,64.9587173461914,35.041282653808594
2025-11-27 17:48:41.942999,s1-eth2,0.008963241577148437,99.99103675842285
2025-11-27 17:48:41.943118,s4-eth2,0.00897216796875,99.99102783203125
2025-11-27 17:48:41.943161,s5-eth3,0.0134429931640625,99.98655700683594
2025-11-27 17:48:42.943650,s1-eth2,0.00897216796875,99.99102783203125
2025-11-27 17:48:42.943746,s4-eth2,0.00897216796875,99.99102783203125
2025-11-27 17:48:42.943783,s5-eth3,65.09025573730469,34.90974426269531
2025-11-27 17:48:43.944233,s1-eth2,69.78252410888672,30.21747589111328
2025-11-27 17:48:43.944324,s4-eth2,0.00897216796875,99.99102783203125
2025-11-27 17:48:43.944356,s5-eth3,0.00897216796875,99.99102783203125
2025-11-27 17:48:44.945055,s1-eth2,0.009613037109375,99.99038696289062
2025-11-27 17:48:44.945216,s4-eth2,0.009613037109375,99.99038696289062
2025-11-27 17:48:44.945275,s5-eth3,0.01025390625,99.98974609375
2025-11-27 17:48:45.945732,s1-eth2,0.00897216796875,99.99102783203125
2025-11-27 17:48:45.945822,s4-eth2,0.0082244873046875,99.99177551269531
2025-11-27 17:48:45.945854,s5-eth3,0.0082244873046875,99.99177551269531
2025-11-27 17:48:46.946291,s1-eth2,0.00897216796875,99.99102783203125
2025-11-27 17:48:46.946383,s4-eth2,0.00897216796875,99.99102783203125
2025-11-27 17:48:46.946413,s5-eth3,0.00897216796875,99.99102783203125
2025-11-27 17:48:47.948248,s1-eth2,0.008963241577148437,99.99103675842285
2025-11-27 17:48:47.948729,s4-eth2,0.009700469970703125,99.99029953002929
2025-11-27 17:48:47.948892,s5-eth3,0.009700469970703125,99.99029953002929
2025-11-27 17:48:48.949483,s1-eth2,0.008963241577148437,99.99103675842285
2025-11-27 17:48:48.949573,s4-eth2,69.7825698852539,30.217430114746094
2025-11-27 17:48:48.949606,s5-eth3,0.00897216796875,99.99102783203125
2025-11-27 17:48:49.950039,s1-eth2,0.0134429931640625,99.98655700683594
2025-11-27 17:48:49.950133,s4-eth2,0.00897216796875,99.99102783203125
2025-11-27 17:48:49.950163,s5-eth3,0.0082244873046875,99.99177551269531
2025-11-27 17:48:50.950626,s1-eth2,64.41029357910156,35.58970642089844
2025-11-27 17:48:50.950723,s4-eth2,0.009613037109375,99.99038696289062
2025-11-27 17:48:50.950753,s5-eth3,0.01025390625,99.98974609375
2025-11-27 17:48:51.951287,s1-eth2,0.0092926025390625,99.99070739746094
2025-11-27 17:48:51.951407,s4-eth2,0.0092926025390625,99.99070739746094
2025-11-27 17:48:51.951445,s5-eth3,0.00897216796875,99.99102783203125
2025-11-27 17:48:52.951922,s1-eth2,0.014404296875,99.985595703125
2025-11-27 17:48:52.952021,s4-eth2,0.0099334716796875,99.99006652832031
2025-11-27 17:48:52.952053,s5-eth3,0.009613037109375,99.99038696289062
2025-11-27 17:48:53.952517,s1-eth2,69.77823638916016,30.221763610839844
2025-11-27 17:48:53.952615,s4-eth2,0.00897216796875,99.99102783203125
2025-11-27 17:48:53.952647,s5-eth3,0.00897216796875,99.99102783203125
2025-11-27 17:48:54.953091,s1-eth2,0.009613037109375,99.99038696289062
2025-11-27 17:48:54.953182,s4-eth2,0.009613037109375,99.99038696289062
2025-11-27 17:48:54.953213,s5-eth3,0.00897216796875,99.99102783203125
2025-11-27 17:48:55.953630,s1-eth2,0.00897216796875,99.99102783203125
2025-11-27 17:48:55.953717,s4-eth2,0.00897216796875,99.99102783203125
2025-11-27 17:48:55.953747,s5-eth3,0.0082244873046875,99.99177551269531
2025-11-27 17:48:56.954165,s1-eth2,0.00897216796875,99.99102783203125
2025-11-27 17:48:56.954249,s4-eth2,0.00897216796875,99.99102783203125
2025-11-27 17:48:56.954278,s5-eth3,0.00897216796875,99.99102783203125
2025-11-27 17:48:57.954679,s1-eth2,0.00897216796875,99.99102783203125
2025-11-27 17:48:57.954765,s4-eth2,0.00897216796875,99.99102783203125
2025-11-27 17:48:57.954795,s5-eth3,0.00897216796875,99.99102783203125
2025-11-27 17:48:58.955202,s1-eth2,0.009613037109375,99.99038696289062
2025-11-27 17:48:58.955285,s4-eth2,0.009613037109375,99.99038696289062
2025-11-27 17:48:58.955314,s5-eth3,0.01025390625,99.98974609375
2025-11-27 17:48:59.956478,s1-eth2,0.009603424072265625,99.99039657592773
2025-11-27 17:48:59.956772,s4-eth2,0.009603424072265625,99.99039657592773
2025-11-27 17:48:59.956873,s5-eth3,0.009603424072265625,99.99039657592773
2025-11-27 17:49:00.957373,s1-eth2,0.009613037109375,99.99038696289062
2025-11-27 17:49:00.957462,s4-eth2,0.009613037109375,99.99038696289062
2025-11-27 17:49:00.957491,s5-eth3,0.00897216796875,99.99102783203125
2025-11-27 17:49:01.957895,s1-eth2,0.009613037109375,99.99038696289062
2025-11-27 17:49:01.957977,s4-eth2,0.009613037109375,99.99038696289062
2025-11-27 17:49:01.958007,s5-eth3,0.00897216796875,99.99102783203125
2025-11-27 17:49:02.958409,s1-eth2,0.00897216796875,99.99102783203125
2025-11-27 17:49:02.958496,s4-eth2,0.00897216796875,99.99102783203125
2025-11-27 17:49:02.958524,s5-eth3,0.00897216796875,99.99102783203125
2025-11-27 17:49:03.958934,s1-eth2,0.00897216796875,99.99102783203125
2025-11-27 17:49:03.959017,s4-eth2,0.00897216796875,99.99102783203125
2025-11-27 17:49:03.959046,s5-eth3,0.00897216796875,99.99102783203125
2025-11-27 17:49:04.959447,s1-eth2,0.00897216796875,99.99102783203125
2025-11-27 17:49:04.959530,s4-eth2,0.00897216796875,99.99102783203125
2025-11-27 17:49:04.959559,s5-eth3,0.00897216796875,99.99102783203125
2025-11-27 17:49:05.959953,s1-eth2,0.00897216796875,99.99102783203125
2025-11-27 17:49:05.960041,s4-eth2,0.0082244873046875,99.99177551269531
2025-11-27 17:49:05.960070,s5-eth3,0.00897216796875,99.99102783203125
2025-11-27 17:49:06.960519,s1-eth2,0.013336181640625,99.98666381835938
2025-11-27 17:49:06.960609,s4-eth2,0.009613037109375,99.99038696289062
2025-11-27 17:49:06.960640,s5-eth3,0.00897216796875,99.99102783203125
2025-11-27 17:49:07.961195,s1-eth2,65.08863830566406,34.91136169433594
2025-11-27 17:49:07.961322,s4-eth2,0.00897216796875,99.99102783203125
2025-11-27 17:49:07.961362,s5-eth3,0.00897216796875,99.99102783203125
2025-11-27 17:49:08.961819,s1-eth2,0.009613037109375,99.99038696289062
2025-11-27 17:49:08.961908,s4-eth2,0.009613037109375,99.99038696289062
2025-11-27 17:49:08.961938,s5-eth3,0.009613037109375,99.99038696289062
2025-11-27 17:49:09.962378,s1-eth2,0.009613037109375,99.99038696289062
2025-11-27 17:49:09.962468,s4-eth2,0.009613037109375,99.99038696289062
2025-11-27 17:49:09.962497,s5-eth3,0.009613037109375,99.99038696289062
2025-11-27 17:49:10.962937,s1-eth2,0.009613037109375,99.99038696289062
2025-11-27 17:49:10.963024,s4-eth2,0.009613037109375,99.99038696289062
2025-11-27 17:49:10.963053,s5-eth3,0.009613037109375,99.99038696289062
2025-11-27 17:49:11.963578,s1-eth2,0.00897216796875,99.99102783203125
2025-11-27 17:49:11.963691,s4-eth2,0.00897216796875,99.99102783203125
2025-11-27 17:49:11.963730,s5-eth3,0.00897216796875,99.99102783203125
2025-11-27 17:49:12.964286,s1-eth2,64.414306640625,35.585693359375
2025-11-27 17:49:12.964403,s4-eth2,0.0082244873046875,99.99177551269531
2025-11-27 17:49:12.964441,s5-eth3,0.00897216796875,99.99102783203125
2025-11-27 17:49:13.965678,s1-eth2,45.098182678222656,54.901817321777344
2025-11-27 17:49:13.966018,s4-eth2,0.008963241577148437,99.99103675842285
2025-11-27 17:49:13.966122,s5-eth3,0.008963241577148437,99.99103675842285
2025-11-27 17:49:14.967463,s1-eth2,24.457712173461914,75.54228782653809
2025-11-27 17:49:14.967791,s4-eth2,0.008963241577148437,99.99103675842285
2025-11-27 17:49:14.967894,s5-eth3,0.008963241577148437,99.99103675842285
2025-11-27 17:49:15.968415,s1-eth2,0.0082244873046875,99.99177551269531
2025-11-27 17:49:15.968507,s4-eth2,69.55130767822266,30.448692321777344
2025-11-27 17:49:15.968538,s5-eth3,69.55130767822266,30.448692321777344
2025-11-27 17:49:16.968960,s1-eth2,0.00897216796875,99.99102783203125
2025-11-27 17:49:16.969045,s4-eth2,0.01456451416015625,99.98543548583984
2025-11-27 17:49:16.969075,s5-eth3,0.01456451416015625,99.98543548583984
2025-11-27 17:49:17.969482,s1-eth2,0.00897216796875,99.99102783203125
2025-11-27 17:49:17.969568,s4-eth2,0.00897216796875,99.99102783203125
2025-11-27 17:49:17.969598,s5-eth3,0.00897216796875,99.99102783203125
2025-11-27 17:49:18.970032,s1-eth2,0.00897216796875,99.99102783203125
2025-11-27 17:49:18.970119,s4-eth2,0.00897216796875,99.99102783203125
2025-11-27 17:49:18.970150,s5-eth3,0.00897216796875,99.99102783203125
2025-11-27 17:49:19.970575,s1-eth2,0.00897216796875,99.99102783203125
2025-11-27 17:49:19.970665,s4-eth2,0.00897216796875,99.99102783203125
2025-11-27 17:49:19.970699,s5-eth3,0.009613037109375,99.99038696289062
2025-11-27 17:49:20.971134,s1-eth2,0.009613037109375,99.99038696289062
2025-11-27 17:49:20.971223,s4-eth2,0.009613037109375,99.99038696289062
2025-11-27 17:49:20.971253,s5-eth3,0.009613037109375,99.99038696289062
2025-11-27 17:49:21.971666,s1-eth2,0.00897216796875,99.99102783203125
2025-11-27 17:49:21.971752,s4-eth2,0.00897216796875,99.99102783203125
2025-11-27 17:49:21.971780,s5-eth3,0.00897216796875,99.99102783203125
2025-11-27 17:49:22.972188,s1-eth2,0.00897216796875,99.99102783203125
2025-11-27 17:49:22.972279,s4-eth2,0.00897216796875,99.99102783203125
2025-11-27 17:49:22.972307,s5-eth3,0.00897216796875,99.99102783203125
2025-11-27 17:49:23.972713,s1-eth2,0.00897216796875,99.99102783203125
2025-11-27 17:49:23.972796,s4-eth2,0.00897216796875,99.99102783203125
2025-11-27 17:49:23.972825,s5-eth3,0.009613037109375,99.99038696289062
2025-11-27 17:49:24.973254,s1-eth2,0.0092926025390625,99.99070739746094
2025-11-27 17:49:24.973343,s4-eth2,0.0092926025390625,99.99070739746094
2025-11-27 17:49:24.973373,s5-eth3,0.00897216796875,99.99102783203125
2025-11-27 17:49:25.973802,s1-eth2,0.0092926025390625,99.99070739746094
2025-11-27 17:49:25.973889,s4-eth2,0.0092926025390625,99.99070739746094
2025-11-27 17:49:25.973919,s5-eth3,0.009613037109375,99.99038696289062
2025-11-27 17:49:26.974338,s1-eth2,0.00897216796875,99.99102783203125
2025-11-27 17:49:26.974423,s4-eth2,0.00897216796875,99.99102783203125
2025-11-27 17:49:26.974453,s5-eth3,0.00897216796875,99.99102783203125
2025-11-27 17:49:27.974969,s1-eth2,0.01025390625,99.98974609375
2025-11-27 17:49:27.975079,s4-eth2,0.01025390625,99.98974609375
2025-11-27 17:49:27.975117,s5-eth3,0.009613037109375,99.99038696289062
2025-11-27 17:49:28.975545,s1-eth2,0.00897216796875,99.99102783203125
2025-11-27 17:49:28.975636,s4-eth2,0.00897216796875,99.99102783203125
2025-11-27 17:49:28.975665,s5-eth3,0.00897216796875,99.99102783203125
2025-11-27 17:49:29.976085,s1-eth2,0.00897216796875,99.99102783203125
2025-11-27 17:49:29.976169,s4-eth2,0.00897216796875,99.99102783203125
2025-11-27 17:49:29.976198,s5-eth3,0.009613037109375,99.99038696289062
2025-11-27 17:49:30.977429,s1-eth2,0.008963241577148437,99.99103675842285
2025-11-27 17:49:30.977742,s4-eth2,69.5258560180664,30.474143981933594
2025-11-27 17:49:30.977853,s5-eth3,69.5258560180664,30.474143981933594
2025-11-27 17:49:31.978368,s1-eth2,0.009613037109375,99.99038696289062
2025-11-27 17:49:31.978459,s4-eth2,0.0157012939453125,99.98429870605469
2025-11-27 17:49:31.978489,s5-eth3,0.0157012939453125,99.98429870605469
2025-11-27 17:49:32.978904,s1-eth2,0.00897216796875,99.99102783203125
2025-11-27 17:49:32.978987,s4-eth2,0.00897216796875,99.99102783203125
2025-11-27 17:49:32.979017,s5-eth3,0.00897216796875,99.99102783203125
2025-11-27 17:49:33.979417,s1-eth2,0.00897216796875,99.99102783203125
2025-11-27 17:49:33.979503,s4-eth2,0.00897216796875,99.99102783203125
2025-11-27 17:49:33.979532,s5-eth3,0.00897216796875,99.99102783203125
2025-11-27 17:49:34.980076,s1-eth2,0.009613037109375,99.99038696289062
2025-11-27 17:49:34.980193,s4-eth2,69.7778549194336,30.222145080566406
2025-11-27 17:49:34.980236,s5-eth3,0.0140838623046875,99.98591613769531
2025-11-27 17:49:35.980694,s1-eth2,0.00897216796875,99.99102783203125
2025-11-27 17:49:35.980783,s4-eth2,0.01454925537109375,99.9854507446289
2025-11-27 17:49:35.980819,s5-eth3,65.088134765625,34.911865234375
2025-11-27 17:49:36.982060,s1-eth2,0.008963241577148437,99.99103675842285
2025-11-27 17:49:36.982363,s4-eth2,0.008963241577148437,99.99103675842285
2025-11-27 17:49:36.982473,s5-eth3,0.008963241577148437,99.99103675842285
2025-11-27 17:49:37.983409,s1-eth2,0.009603424072265625,99.99039657592773
2025-11-27 17:49:37.983623,s4-eth2,0.009603424072265625,99.99039657592773
2025-11-27 17:49:37.983704,s5-eth3,0.010243682861328126,99.98975631713867
2025-11-27 17:49:38.985707,s1-eth2,0.008954238891601563,99.9910457611084
2025-11-27 17:49:38.986251,s4-eth2,0.008954238891601563,99.9910457611084
2025-11-27 17:49:38.986447,s5-eth3,0.008954238891601563,99.9910457611084
2025-11-27 17:49:39.988560,s1-eth2,0.008954238891601563,99.9910457611084
2025-11-27 17:49:39.989090,s4-eth2,0.008954238891601563,99.9910457611084
2025-11-27 17:49:39.989289,s5-eth3,0.008954238891601563,99.9910457611084
2025-11-27 17:49:40.990263,s1-eth2,0.008963241577148437,99.99103675842285
2025-11-27 17:49:40.990461,s4-eth2,0.008963241577148437,99.99103675842285
2025-11-27 17:49:40.990533,s5-eth3,0.0134295654296875,99.98657043457031
2025-11-27 17:49:41.992566,s1-eth2,0.009593887329101563,99.9904061126709
2025-11-27 17:49:41.993098,s4-eth2,0.009593887329101563,99.9904061126709
2025-11-27 17:49:41.993304,s5-eth3,65.07052612304688,34.929473876953125
2025-11-27 17:49:42.995428,s1-eth2,0.009593887329101563,99.9904061126709
2025-11-27 17:49:42.995980,s4-eth2,0.009593887329101563,99.9904061126709
2025-11-27 17:49:42.996164,s5-eth3,0.009593887329101563,99.9904061126709
2025-11-27 17:49:43.998244,s1-eth2,0.010873031616210938,99.98912696838379
2025-11-27 17:49:43.998783,s4-eth2,0.010873031616210938,99.98912696838379
2025-11-27 17:49:43.998992,s5-eth3,0.008954238891601563,99.9910457611084
2025-11-27 17:49:45.001121,s1-eth2,69.57408142089844,30.425918579101562
2025-11-27 17:49:45.001693,s4-eth2,0.0089453125,99.9910546875
2025-11-27 17:49:45.001888,s5-eth3,0.0089453125,99.9910546875
2025-11-27 17:49:46.004029,s1-eth2,0.008954238891601563,99.9910457611084
2025-11-27 17:49:46.004588,s4-eth2,0.008954238891601563,99.9910457611084
2025-11-27 17:49:46.004783,s5-eth3,0.008954238891601563,99.9910457611084
2025-11-27 17:49:47.005757,s1-eth2,0.0134295654296875,99.98657043457031
2025-11-27 17:49:47.005966,s4-eth2,0.008963241577148437,99.99103675842285
2025-11-27 17:49:47.006035,s5-eth3,0.008963241577148437,99.99103675842285
2025-11-27 17:49:48.006908,s1-eth2,64.34542846679688,35.654571533203125
2025-11-27 17:49:48.007125,s4-eth2,0.008963241577148437,99.99103675842285
2025-11-27 17:49:48.007193,s5-eth3,0.008963241577148437,99.99103675842285
2025-11-27 17:49:49.008467,s1-eth2,0.008963241577148437,99.99103675842285
2025-11-27 17:49:49.008795,s4-eth2,0.008963241577148437,99.99103675842285
2025-11-27 17:49:49.008899,s5-eth3,0.008963241577148437,99.99103675842285
2025-11-27 17:49:50.009528,s1-eth2,0.009603424072265625,99.99039657592773
2025-11-27 17:49:50.009649,s4-eth2,0.009613037109375,99.99038696289062
2025-11-27 17:49:50.009689,s5-eth3,0.00897216796875,99.99102783203125
2025-11-27 17:49:51.010921,s1-eth2,0.008963241577148437,99.99103675842285
2025-11-27 17:49:51.011237,s4-eth2,0.008963241577148437,99.99103675842285
2025-11-27 17:49:51.011349,s5-eth3,0.008963241577148437,99.99103675842285
2025-11-27 17:49:52.012653,s1-eth2,0.008963241577148437,99.99103675842285
2025-11-27 17:49:52.012965,s4-eth2,0.008963241577148437,99.99103675842285
2025-11-27 17:49:52.013074,s5-eth3,0.009603424072265625,99.99039657592773
2025-11-27 17:49:53.014357,s1-eth2,0.008963241577148437,99.99103675842285
2025-11-27 17:49:53.014676,s4-eth2,0.008963241577148437,99.99103675842285
2025-11-27 17:49:53.014793,s5-eth3,0.008963241577148437,99.99103675842285
2025-11-27 17:49:54.016068,s1-eth2,0.008963241577148437,99.99103675842285
2025-11-27 17:49:54.016363,s4-eth2,0.008963241577148437,99.99103675842285
2025-11-27 17:49:54.016466,s5-eth3,0.008963241577148437,99.99103675842285
2025-11-27 17:49:55.018536,s1-eth2,0.0192181396484375,99.98078186035156
2025-11-27 17:49:55.019106,s4-eth2,0.008954238891601563,99.9910457611084
2025-11-27 17:49:55.019293,s5-eth3,0.008954238891601563,99.9910457611084
2025-11-27 17:49:56.021511,s1-eth2,69.74342346191406,30.256576538085938
2025-11-27 17:49:56.022110,s4-eth2,69.56752014160156,30.432479858398438
2025-11-27 17:49:56.022315,s5-eth3,0.0089453125,99.9910546875
2025-11-27 17:49:57.024488,s1-eth2,0.008954238891601563,99.9910457611084
2025-11-27 17:49:57.025027,s4-eth2,0.008954238891601563,99.9910457611084
2025-11-27 17:49:57.025213,s5-eth3,0.008954238891601563,99.9910457611084
2025-11-27 17:49:58.026157,s1-eth2,0.009603424072265625,99.99039657592773
2025-11-27 17:49:58.026355,s4-eth2,0.009603424072265625,99.99039657592773
2025-11-27 17:49:58.026421,s5-eth3,0.009603424072265625,99.99039657592773
2025-11-27 17:49:59.027289,s1-eth2,64.35485076904297,35.64514923095703
2025-11-27 17:49:59.027506,s4-eth2,0.008963241577148437,99.99103675842285
2025-11-27 17:49:59.027575,s5-eth3,0.008963241577148437,99.99103675842285
2025-11-27 17:50:00.029596,s1-eth2,64.95866394042969,35.04133605957031
2025-11-27 17:50:00.030174,s4-eth2,0.008954238891601563,99.9910457611084
2025-11-27 17:50:00.030363,s5-eth3,0.008954238891601563,99.9910457611084
2025-11-27 17:50:01.032489,s1-eth2,0.008954238891601563,99.9910457611084
2025-11-27 17:50:01.033021,s4-eth2,0.008954238891601563,99.9910457611084
2025-11-27 17:50:01.033207,s5-eth3,0.008954238891601563,99.9910457611084
2025-11-27 17:50:02.035379,s1-eth2,0.008954238891601563,99.9910457611084
2025-11-27 17:50:02.035962,s4-eth2,0.008954238891601563,99.9910457611084
2025-11-27 17:50:02.036148,s5-eth3,0.008954238891601563,99.9910457611084
2025-11-27 17:50:03.038311,s1-eth2,0.009593887329101563,99.9904061126709
2025-11-27 17:50:03.038914,s4-eth2,0.009593887329101563,99.9904061126709
2025-11-27 17:50:03.039103,s5-eth3,0.008954238891601563,99.9910457611084
2025-11-27 17:50:04.041271,s1-eth2,0.008954238891601563,99.9910457611084
2025-11-27 17:50:04.041820,s4-eth2,0.008954238891601563,99.9910457611084
2025-11-27 17:50:04.042005,s5-eth3,0.008954238891601563,99.9910457611084
2025-11-27 17:50:05.044187,s1-eth2,0.01236541748046875,99.98763458251953
2025-11-27 17:50:05.044727,s4-eth2,0.01236541748046875,99.98763458251953
2025-11-27 17:50:05.044917,s5-eth3,0.011512603759765625,99.98848739624023
2025-11-27 17:50:06.047068,s1-eth2,0.008954238891601563,99.9910457611084
2025-11-27 17:50:06.047599,s4-eth2,0.008954238891601563,99.9910457611084
2025-11-27 17:50:06.047787,s5-eth3,0.008954238891601563,99.9910457611084
2025-11-27 17:50:07.049916,s1-eth2,0.008954238891601563,99.9910457611084
2025-11-27 17:50:07.050470,s4-eth2,0.008954238891601563,99.9910457611084
2025-11-27 17:50:07.050656,s5-eth3,0.009593887329101563,99.9904061126709
2025-11-27 17:50:08.052807,s1-eth2,0.008954238891601563,99.9910457611084
2025-11-27 17:50:08.053342,s4-eth2,0.008954238891601563,99.9910457611084
2025-11-27 17:50:08.053528,s5-eth3,0.008954238891601563,99.9910457611084
2025-11-27 17:50:09.055724,s1-eth2,0.009593887329101563,99.9904061126709
2025-11-27 17:50:09.056303,s4-eth2,0.009593887329101563,99.9904061126709
2025-11-27 17:50:09.056491,s5-eth3,0.009593887329101563,99.9904061126709
2025-11-27 17:50:10.058654,s1-eth2,0.009593887329101563,99.9904061126709
2025-11-27 17:50:10.059254,s4-eth2,0.009593887329101563,99.9904061126709
2025-11-27 17:50:10.059441,s5-eth3,0.009593887329101563,99.9904061126709
2025-11-27 17:50:11.061616,s1-eth2,0.008954238891601563,99.9910457611084
2025-11-27 17:50:11.062175,s4-eth2,0.008954238891601563,99.9910457611084
2025-11-27 17:50:11.062359,s5-eth3,0.008954238891601563,99.9910457611084
2025-11-27 17:50:12.063363,s1-eth2,0.008963241577148437,99.99103675842285
2025-11-27 17:50:12.063572,s4-eth2,0.008963241577148437,99.99103675842285
2025-11-27 17:50:12.063640,s5-eth3,0.008963241577148437,99.99103675842285
2025-11-27 17:50:13.065704,s1-eth2,0.0140557861328125,99.98594421386719
2025-11-27 17:50:13.066297,s4-eth2,0.009593887329101563,99.9904061126709
2025-11-27 17:50:13.066484,s5-eth3,0.008954238891601563,99.9910457611084
2025-11-27 17:50:14.068677,s1-eth2,64.95821380615234,35.041786193847656
2025-11-27 17:50:14.069239,s4-eth2,0.008954238891601563,99.9910457611084
2025-11-27 17:50:14.069425,s5-eth3,0.008954238891601563,99.9910457611084
2025-11-27 17:50:15.070037,s1-eth2,0.009603424072265625,99.99039657592773
2025-11-27 17:50:15.070125,s4-eth2,0.009613037109375,99.99038696289062
2025-11-27 17:50:15.070155,s5-eth3,0.009613037109375,99.99038696289062
2025-11-27 17:50:16.070588,s1-eth2,0.00897216796875,99.99102783203125
2025-11-27 17:50:16.070676,s4-eth2,69.55119323730469,30.448806762695312
2025-11-27 17:50:16.070708,s5-eth3,69.55119323730469,30.448806762695312
2025-11-27 17:50:17.071941,s1-eth2,0.008963241577148437,99.99103675842285
2025-11-27 17:50:17.072246,s4-eth2,0.0146795654296875,99.98532043457031
2025-11-27 17:50:17.072361,s5-eth3,0.0146795654296875,99.98532043457031
2025-11-27 17:50:18.072876,s1-eth2,0.00897216796875,99.99102783203125
2025-11-27 17:50:18.072961,s4-eth2,0.00897216796875,99.99102783203125
2025-11-27 17:50:18.072990,s5-eth3,0.00897216796875,99.99102783203125
2025-11-27 17:50:19.074239,s1-eth2,0.008963241577148437,99.99103675842285
2025-11-27 17:50:19.074546,s4-eth2,0.008963241577148437,99.99103675842285
2025-11-27 17:50:19.074651,s5-eth3,0.010243682861328126,99.98975631713867
2025-11-27 17:50:20.075959,s1-eth2,0.008963241577148437,99.99103675842285
2025-11-27 17:50:20.076280,s4-eth2,0.008963241577148437,99.99103675842285
2025-11-27 17:50:20.076383,s5-eth3,0.008963241577148437,99.99103675842285
2025-11-27 17:50:21.076902,s1-eth2,0.009613037109375,99.99038696289062
2025-11-27 17:50:21.076985,s4-eth2,0.009613037109375,99.99038696289062
2025-11-27 17:50:21.077014,s5-eth3,0.00897216796875,99.99102783203125
2025-11-27 17:50:22.078221,s1-eth2,0.008963241577148437,99.99103675842285
2025-11-27 17:50:22.078522,s4-eth2,0.008963241577148437,99.99103675842285
2025-11-27 17:50:22.078624,s5-eth3,0.008963241577148437,99.99103675842285
2025-11-27 17:50:23.080002,s1-eth2,0.008963241577148437,99.99103675842285
2025-11-27 17:50:23.080300,s4-eth2,0.008963241577148437,99.99103675842285
2025-11-27 17:50:23.080403,s5-eth3,0.010350341796875,99.98964965820312
2025-11-27 17:50:24.081677,s1-eth2,0.008963241577148437,99.99103675842285
2025-11-27 17:50:24.081978,s4-eth2,0.008963241577148437,99.99103675842285
2025-11-27 17:50:24.082094,s5-eth3,0.008963241577148437,99.99103675842285
2025-11-27 17:50:25.083373,s1-eth2,0.008963241577148437,99.99103675842285
2025-11-27 17:50:25.083669,s4-eth2,0.008963241577148437,99.99103675842285
2025-11-27 17:50:25.083771,s5-eth3,0.008963241577148437,99.99103675842285
2025-11-27 17:50:26.084361,s1-eth2,0.00897216796875,99.99102783203125
2025-11-27 17:50:26.084467,s4-eth2,0.00897216796875,99.99102783203125
2025-11-27 17:50:26.084502,s5-eth3,0.00897216796875,99.99102783203125
2025-11-27 17:50:27.085749,s1-eth2,0.010243682861328126,99.98975631713867
2025-11-27 17:50:27.086061,s4-eth2,0.010243682861328126,99.98975631713867
2025-11-27 17:50:27.086165,s5-eth3,0.009603424072265625,99.99039657592773
2025-11-27 17:50:28.086826,s1-eth2,0.008963241577148437,99.99103675842285
2025-11-27 17:50:28.087034,s4-eth2,0.00897216796875,99.99102783203125
2025-11-27 17:50:28.087101,s5-eth3,0.00897216796875,99.99102783203125
2025-11-27 17:50:29.087673,s1-eth2,0.00897216796875,99.99102783203125
2025-11-27 17:50:29.087823,s4-eth2,69.59602355957031,30.403976440429688
2025-11-27 17:50:29.087867,s5-eth3,69.59602355957031,30.403976440429688
2025-11-27 17:50:30.089118,s1-eth2,0.008963241577148437,99.99103675842285
2025-11-27 17:50:30.089438,s4-eth2,0.01406219482421875,99.98593780517578
2025-11-27 17:50:30.089548,s5-eth3,0.01406219482421875,99.98593780517578
2025-11-27 17:50:31.090840,s1-eth2,0.009603424072265625,99.99039657592773
2025-11-27 17:50:31.091162,s4-eth2,0.009603424072265625,99.99039657592773
2025-11-27 17:50:31.091265,s5-eth3,0.009603424072265625,99.99039657592773
2025-11-27 17:50:32.092549,s1-eth2,0.008963241577148437,99.99103675842285
2025-11-27 17:50:32.092847,s4-eth2,0.008963241577148437,99.99103675842285
2025-11-27 17:50:32.092949,s5-eth3,0.008963241577148437,99.99103675842285
2025-11-27 17:50:33.094351,s1-eth2,0.008963241577148437,99.99103675842285
2025-11-27 17:50:33.094654,s4-eth2,0.008963241577148437,99.99103675842285
2025-11-27 17:50:33.094757,s5-eth3,0.008963241577148437,99.99103675842285
2025-11-27 17:50:34.096036,s1-eth2,0.008963241577148437,99.99103675842285
2025-11-27 17:50:34.096331,s4-eth2,0.008963241577148437,99.99103675842285
2025-11-27 17:50:34.096433,s5-eth3,0.009710159301757813,99.99028984069824
2025-11-27 17:50:35.097038,s1-eth2,0.009603424072265625,99.99039657592773
2025-11-27 17:50:35.097152,s4-eth2,0.0140838623046875,99.98591613769531
2025-11-27 17:50:35.097191,s5-eth3,0.0082244873046875,99.99177551269531
2025-11-27 17:50:36.098397,s1-eth2,0.008963241577148437,99.99103675842285
2025-11-27 17:50:36.098722,s4-eth2,69.7086181640625,30.2913818359375
2025-11-27 17:50:36.098837,s5-eth3,0.009710159301757813,99.99028984069824
2025-11-27 17:50:37.099478,s1-eth2,0.010243682861328126,99.98975631713867
2025-11-27 17:50:37.099589,s4-eth2,0.01025390625,99.98974609375
2025-11-27 17:50:37.099629,s5-eth3,0.019256591796875,99.98074340820312
2025-11-27 17:50:38.100890,s1-eth2,0.008963241577148437,99.99103675842285
2025-11-27 17:50:38.101201,s4-eth2,0.008963241577148437,99.99103675842285
2025-11-27 17:50:38.101317,s5-eth3,65.01728057861328,34.98271942138672
2025-11-27 17:50:39.102613,s1-eth2,0.008963241577148437,99.99103675842285
2025-11-27 17:50:39.102925,s4-eth2,0.008963241577148437,99.99103675842285
2025-11-27 17:50:39.103028,s5-eth3,0.008963241577148437,99.99103675842285
2025-11-27 17:50:40.104287,s1-eth2,0.008963241577148437,99.99103675842285
2025-11-27 17:50:40.104597,s4-eth2,0.008963241577148437,99.99103675842285
2025-11-27 17:50:40.104699,s5-eth3,0.008963241577148437,99.99103675842285
2025-11-27 17:50:41.105311,s1-eth2,0.019877548217773437,99.98012245178222
2025-11-27 17:50:41.105426,s4-eth2,0.009613037109375,99.99038696289062
2025-11-27 17:50:41.105464,s5-eth3,0.009613037109375,99.99038696289062
2025-11-27 17:50:42.106707,s1-eth2,69.7072982788086,30.292701721191406
2025-11-27 17:50:42.107068,s4-eth2,0.008963241577148437,99.99103675842285
2025-11-27 17:50:42.107172,s5-eth3,0.008963241577148437,99.99103675842285
2025-11-27 17:50:43.108502,s1-eth2,69.7086410522461,30.291358947753906
2025-11-27 17:50:43.108808,s4-eth2,0.008963241577148437,99.99103675842285
2025-11-27 17:50:43.108911,s5-eth3,0.008963241577148437,99.99103675842285
2025-11-27 17:50:44.110191,s1-eth2,0.008963241577148437,99.99103675842285
2025-11-27 17:50:44.110484,s4-eth2,0.008963241577148437,99.99103675842285
2025-11-27 17:50:44.110596,s5-eth3,0.008963241577148437,99.99103675842285
2025-11-27 17:50:45.111228,s1-eth2,0.009603424072265625,99.99039657592773
2025-11-27 17:50:45.111343,s4-eth2,0.009613037109375,99.99038696289062
2025-11-27 17:50:45.111384,s5-eth3,0.01025390625,99.98974609375
2025-11-27 17:50:46.112674,s1-eth2,0.009603424072265625,99.99039657592773
2025-11-27 17:50:46.112985,s4-eth2,0.009603424072265625,99.99039657592773
2025-11-27 17:50:46.113101,s5-eth3,0.009603424072265625,99.99039657592773
2025-11-27 17:50:47.113687,s1-eth2,0.008963241577148437,99.99103675842285
2025-11-27 17:50:47.113798,s4-eth2,0.00897216796875,99.99102783203125
2025-11-27 17:50:47.113837,s5-eth3,0.4702301025390625,99.52976989746094
2025-11-27 17:50:48.115093,s1-eth2,0.010243682861328126,99.98975631713867
2025-11-27 17:50:48.115410,s4-eth2,0.010243682861328126,99.98975631713867
2025-11-27 17:50:48.115537,s5-eth3,64.56866455078125,35.43133544921875
2025-11-27 17:50:49.116165,s1-eth2,0.009603424072265625,99.99039657592773
2025-11-27 17:50:49.116278,s4-eth2,0.009613037109375,99.99038696289062
2025-11-27 17:50:49.116317,s5-eth3,0.009613037109375,99.99038696289062
2025-11-27 17:50:50.117590,s1-eth2,0.008963241577148437,99.99103675842285
2025-11-27 17:50:50.117902,s4-eth2,0.008963241577148437,99.99103675842285
2025-11-27 17:50:50.118005,s5-eth3,0.008963241577148437,99.99103675842285
2025-11-27 17:50:51.119321,s1-eth2,0.008963241577148437,99.99103675842285
2025-11-27 17:50:51.119624,s4-eth2,0.008963241577148437,99.99103675842285
2025-11-27 17:50:51.119727,s5-eth3,0.008963241577148437,99.99103675842285
2025-11-27 17:50:52.120347,s1-eth2,0.008963241577148437,99.99103675842285
2025-11-27 17:50:52.120459,s4-eth2,0.00897216796875,99.99102783203125
2025-11-27 17:50:52.120497,s5-eth3,0.00897216796875,99.99102783203125
2025-11-27 17:50:53.121755,s1-eth2,0.008963241577148437,99.99103675842285
2025-11-27 17:50:53.122069,s4-eth2,0.008963241577148437,99.99103675842285
2025-11-27 17:50:53.122172,s5-eth3,0.008963241577148437,99.99103675842285
2025-11-27 17:50:54.122795,s1-eth2,0.008963241577148437,99.99103675842285
2025-11-27 17:50:54.122922,s4-eth2,0.0134429931640625,99.98655700683594
2025-11-27 17:50:54.122963,s5-eth3,0.009613037109375,99.99038696289062
2025-11-27 17:50:55.123530,s1-eth2,0.019256591796875,99.98074340820312
2025-11-27 17:50:55.123669,s4-eth2,69.7783432006836,30.221656799316406
2025-11-27 17:50:55.123712,s5-eth3,0.00897216796875,99.99102783203125
2025-11-27 17:50:56.124282,s1-eth2,42.66980743408203,57.33019256591797
2025-11-27 17:50:56.124409,s4-eth2,0.00897216796875,99.99102783203125
2025-11-27 17:50:56.124450,s5-eth3,0.00897216796875,99.99102783203125
2025-11-27 17:50:57.125712,s1-eth2,95.80267333984375,4.19732666015625
2025-11-27 17:50:57.126052,s4-eth2,0.008963241577148437,99.99103675842285
2025-11-27 17:50:57.126157,s5-eth3,0.008963241577148437,99.99103675842285
2025-11-27 17:50:58.127480,s1-eth2,0.010243682861328126,99.98975631713867
2025-11-27 17:50:58.127800,s4-eth2,0.010243682861328126,99.98975631713867
2025-11-27 17:50:58.127903,s5-eth3,0.009603424072265625,99.99039657592773
2025-11-27 17:50:59.129202,s1-eth2,0.008963241577148437,99.99103675842285
2025-11-27 17:50:59.129508,s4-eth2,0.008963241577148437,99.99103675842285
2025-11-27 17:50:59.129614,s5-eth3,0.008963241577148437,99.99103675842285
2025-11-27 17:51:00.130974,s1-eth2,0.009603424072265625,99.99039657592773
2025-11-27 17:51:00.131275,s4-eth2,0.009603424072265625,99.99039657592773
2025-11-27 17:51:00.131382,s5-eth3,0.008963241577148437,99.99103675842285
2025-11-27 17:51:01.132306,s1-eth2,0.008963241577148437,99.99103675842285
2025-11-27 17:51:01.132515,s4-eth2,0.008963241577148437,99.99103675842285
2025-11-27 17:51:01.132591,s5-eth3,0.008963241577148437,99.99103675842285
2025-11-27 17:51:02.133184,s1-eth2,0.0134429931640625,99.98655700683594
2025-11-27 17:51:02.133309,s4-eth2,0.00897216796875,99.99102783203125
2025-11-27 17:51:02.133350,s5-eth3,0.00897216796875,99.99102783203125
2025-11-27 17:51:03.134596,s1-eth2,64.34505462646484,35.654945373535156
2025-11-27 17:51:03.134941,s4-eth2,0.008963241577148437,99.99103675842285
2025-11-27 17:51:03.135053,s5-eth3,0.008963241577148437,99.99103675842285
2025-11-27 17:51:04.136372,s1-eth2,0.008963241577148437,99.99103675842285
2025-11-27 17:51:04.136673,s4-eth2,0.008963241577148437,99.99103675842285
2025-11-27 17:51:04.136776,s5-eth3,0.008963241577148437,99.99103675842285
2025-11-27 17:51:05.138071,s1-eth2,0.008963241577148437,99.99103675842285
2025-11-27 17:51:05.138371,s4-eth2,0.008963241577148437,99.99103675842285
2025-11-27 17:51:05.138475,s5-eth3,0.008963241577148437,99.99103675842285
2025-11-27 17:51:06.139104,s1-eth2,0.008963241577148437,99.99103675842285
2025-11-27 17:51:06.139222,s4-eth2,0.00897216796875,99.99102783203125
2025-11-27 17:51:06.139261,s5-eth3,0.009613037109375,99.99038696289062
2025-11-27 17:51:07.139738,s1-eth2,0.00897216796875,99.99102783203125
2025-11-27 17:51:07.139834,s4-eth2,0.00897216796875,99.99102783203125
2025-11-27 17:51:07.139865,s5-eth3,0.00897216796875,99.99102783203125
2025-11-27 17:51:08.141133,s1-eth2,0.008963241577148437,99.99103675842285
2025-11-27 17:51:08.141474,s4-eth2,0.008963241577148437,99.99103675842285
2025-11-27 17:51:08.141579,s5-eth3,0.009603424072265625,99.99039657592773
2025-11-27 17:51:09.142300,s1-eth2,0.008963241577148437,99.99103675842285
2025-11-27 17:51:09.142450,s4-eth2,0.00897216796875,99.99102783203125
2025-11-27 17:51:09.142496,s5-eth3,0.00897216796875,99.99102783203125
2025-11-27 17:51:10.143102,s1-eth2,0.0140838623046875,99.98591613769531
2025-11-27 17:51:10.143230,s4-eth2,0.009613037109375,99.99038696289062
2025-11-27 17:51:10.143272,s5-eth3,0.00897216796875,99.99102783203125
2025-11-27 17:51:11.144567,s1-eth2,65.0202407836914,34.979759216308594
2025-11-27 17:51:11.144912,s4-eth2,0.009603424072265625,99.99039657592773
2025-11-27 17:51:11.145019,s5-eth3,0.008109588623046875,99.99189041137696
2025-11-27 17:51:12.146365,s1-eth2,0.009603424072265625,99.99039657592773
2025-11-27 17:51:12.146717,s4-eth2,0.009603424072265625,99.99039657592773
2025-11-27 17:51:12.146822,s5-eth3,0.011097335815429687,99.98890266418456
2025-11-27 17:51:13.148161,s1-eth2,0.008963241577148437,99.99103675842285
2025-11-27 17:51:13.148469,s4-eth2,0.008963241577148437,99.99103675842285
2025-11-27 17:51:13.148572,s5-eth3,0.008963241577148437,99.99103675842285
2025-11-27 17:51:14.149902,s1-eth2,0.008963241577148437,99.99103675842285
2025-11-27 17:51:14.150209,s4-eth2,0.008963241577148437,99.99103675842285
2025-11-27 17:51:14.150313,s5-eth3,0.008963241577148437,99.99103675842285
2025-11-27 17:51:15.151596,s1-eth2,0.008963241577148437,99.99103675842285
2025-11-27 17:51:15.151892,s4-eth2,0.008963241577148437,99.99103675842285
2025-11-27 17:51:15.151995,s5-eth3,0.008963241577148437,99.99103675842285
2025-11-27 17:51:16.152616,s1-eth2,0.009603424072265625,99.99039657592773
2025-11-27 17:51:16.152740,s4-eth2,0.009613037109375,99.99038696289062
2025-11-27 17:51:16.152781,s5-eth3,0.009613037109375,99.99038696289062
2025-11-27 17:51:17.154006,s1-eth2,0.008963241577148437,99.99103675842285
2025-11-27 17:51:17.154304,s4-eth2,0.008963241577148437,99.99103675842285
2025-11-27 17:51:17.154407,s5-eth3,0.008963241577148437,99.99103675842285
2025-11-27 17:51:18.155735,s1-eth2,0.008963241577148437,99.99103675842285
2025-11-27 17:51:18.156039,s4-eth2,0.008963241577148437,99.99103675842285
2025-11-27 17:51:18.156143,s5-eth3,0.008963241577148437,99.99103675842285
2025-11-27 17:51:19.157432,s1-eth2,0.008963241577148437,99.99103675842285
2025-11-27 17:51:19.157744,s4-eth2,0.008963241577148437,99.99103675842285
2025-11-27 17:51:19.157847,s5-eth3,0.008963241577148437,99.99103675842285
2025-11-27 17:51:20.159149,s1-eth2,0.009603424072265625,99.99039657592773
2025-11-27 17:51:20.159447,s4-eth2,0.009603424072265625,99.99039657592773
2025-11-27 17:51:20.159550,s5-eth3,0.009603424072265625,99.99039657592773
2025-11-27 17:51:21.160154,s1-eth2,0.009603424072265625,99.99039657592773
2025-11-27 17:51:21.160269,s4-eth2,0.009613037109375,99.99038696289062
2025-11-27 17:51:21.160306,s5-eth3,0.009613037109375,99.99038696289062
2025-11-27 17:51:22.161573,s1-eth2,0.008963241577148437,99.99103675842285
2025-11-27 17:51:22.161891,s4-eth2,69.48741912841797,30.51258087158203
2025-11-27 17:51:22.162004,s5-eth3,69.48741912841797,30.51258087158203
2025-11-27 17:51:23.163002,s1-eth2,0.008963241577148437,99.99103675842285
2025-11-27 17:51:23.163224,s4-eth2,0.008963241577148437,99.99103675842285
2025-11-27 17:51:23.163297,s5-eth3,0.008963241577148437,99.99103675842285
2025-11-27 17:51:24.164590,s1-eth2,0.010243682861328126,99.98975631713867
2025-11-27 17:51:24.164917,s4-eth2,0.010243682861328126,99.98975631713867
2025-11-27 17:51:24.165020,s5-eth3,0.010243682861328126,99.98975631713867
2025-11-27 17:51:25.166311,s1-eth2,0.009603424072265625,99.99039657592773
2025-11-27 17:51:25.166611,s4-eth2,0.009603424072265625,99.99039657592773
2025-11-27 17:51:25.166715,s5-eth3,0.008963241577148437,99.99103675842285
2025-11-27 17:51:26.167967,s1-eth2,0.009603424072265625,99.99039657592773
2025-11-27 17:51:26.168264,s4-eth2,0.009603424072265625,99.99039657592773
2025-11-27 17:51:26.168367,s5-eth3,0.009603424072265625,99.99039657592773
2025-11-27 17:51:27.169064,s1-eth2,0.008963241577148437,99.99103675842285
2025-11-27 17:51:27.169186,s4-eth2,0.0095367431640625,99.99046325683594
2025-11-27 17:51:27.169228,s5-eth3,0.0095367431640625,99.99046325683594
2025-11-27 17:51:28.170465,s1-eth2,0.008963241577148437,99.99103675842285
2025-11-27 17:51:28.170795,s4-eth2,69.53097534179688,30.469024658203125
2025-11-27 17:51:28.170921,s5-eth3,69.53097534179688,30.469024658203125
2025-11-27 17:51:29.171608,s1-eth2,0.008963241577148437,99.99103675842285
2025-11-27 17:51:29.171723,s4-eth2,0.00897216796875,99.99102783203125
2025-11-27 17:51:29.171764,s5-eth3,0.00897216796875,99.99102783203125
2025-11-27 17:51:30.172303,s1-eth2,0.00897216796875,99.99102783203125
2025-11-27 17:51:30.172417,s4-eth2,0.00897216796875,99.99102783203125
2025-11-27 17:51:30.172458,s5-eth3,3.311981201171875,96.68801879882812
2025-11-27 17:51:31.173088,s1-eth2,0.00897216796875,99.99102783203125
2025-11-27 17:51:31.173206,s4-eth2,0.01531982421875,99.98468017578125
2025-11-27 17:51:31.173252,s5-eth3,61.78960418701172,38.21039581298828
2025-11-27 17:51:32.174508,s1-eth2,0.01923736572265625,99.98076263427734
2025-11-27 17:51:32.174831,s4-eth2,69.70576477050781,30.294235229492188
2025-11-27 17:51:32.174966,s5-eth3,0.008963241577148437,99.99103675842285
2025-11-27 17:51:33.176297,s1-eth2,69.70247650146484,30.297523498535156
2025-11-27 17:51:33.176605,s4-eth2,0.009603424072265625,99.99039657592773
2025-11-27 17:51:33.176711,s5-eth3,0.009603424072265625,99.99039657592773
2025-11-27 17:51:34.178010,s1-eth2,0.008963241577148437,99.99103675842285
2025-11-27 17:51:34.178317,s4-eth2,0.008963241577148437,99.99103675842285
2025-11-27 17:51:34.178420,s5-eth3,0.008963241577148437,99.99103675842285
2025-11-27 17:51:35.179062,s1-eth2,0.008963241577148437,99.99103675842285
2025-11-27 17:51:35.179177,s4-eth2,0.00897216796875,99.99102783203125
2025-11-27 17:51:35.179217,s5-eth3,0.00897216796875,99.99102783203125
2025-11-27 17:51:36.180445,s1-eth2,0.009603424072265625,99.99039657592773
2025-11-27 17:51:36.180823,s4-eth2,0.009603424072265625,99.99039657592773
2025-11-27 17:51:36.180934,s5-eth3,0.009603424072265625,99.99039657592773
2025-11-27 17:51:37.181576,s1-eth2,0.009603424072265625,99.99039657592773
2025-11-27 17:51:37.181693,s4-eth2,0.009613037109375,99.99038696289062
2025-11-27 17:51:37.181735,s5-eth3,0.00897216796875,99.99102783203125
2025-11-27 17:51:38.182283,s1-eth2,0.00897216796875,99.99102783203125
2025-11-27 17:51:38.182402,s4-eth2,0.00897216796875,99.99102783203125
2025-11-27 17:51:38.182447,s5-eth3,0.00897216796875,99.99102783203125
2025-11-27 17:51:39.183701,s1-eth2,0.008963241577148437,99.99103675842285
2025-11-27 17:51:39.184016,s4-eth2,0.008963241577148437,99.99103675842285
2025-11-27 17:51:39.184123,s5-eth3,0.009603424072265625,99.99039657592773
2025-11-27 17:51:40.185417,s1-eth2,0.008963241577148437,99.99103675842285
2025-11-27 17:51:40.185714,s4-eth2,0.008963241577148437,99.99103675842285
2025-11-27 17:51:40.185873,s5-eth3,0.008963241577148437,99.99103675842285
2025-11-27 17:51:41.187200,s1-eth2,0.008963241577148437,99.99103675842285
2025-11-27 17:51:41.187497,s4-eth2,0.008963241577148437,99.99103675842285
2025-11-27 17:51:41.187600,s5-eth3,0.009603424072265625,99.99039657592773
2025-11-27 17:51:42.188912,s1-eth2,0.008963241577148437,99.99103675842285
2025-11-27 17:51:42.189207,s4-eth2,0.008963241577148437,99.99103675842285
2025-11-27 17:51:42.189310,s5-eth3,0.008963241577148437,99.99103675842285
2025-11-27 17:51:43.189849,s1-eth2,0.0237274169921875,99.97627258300781
2025-11-27 17:51:43.189943,s4-eth2,0.00897216796875,99.99102783203125
2025-11-27 17:51:43.189978,s5-eth3,3.445556640625,96.554443359375
2025-11-27 17:51:44.190448,s1-eth2,121.43846893310547,-21.43846893310547
2025-11-27 17:51:44.190546,s4-eth2,0.0082244873046875,99.99177551269531
2025-11-27 17:51:44.190580,s5-eth3,61.65589141845703,38.34410858154297
2025-11-27 17:51:45.191917,s1-eth2,15.359366455078124,84.64063354492188
2025-11-27 17:51:45.192303,s4-eth2,0.009710159301757813,99.99028984069824
2025-11-27 17:51:45.192415,s5-eth3,0.008963241577148437,99.99103675842285
2025-11-27 17:51:46.193749,s1-eth2,0.008963241577148437,99.99103675842285
2025-11-27 17:51:46.194116,s4-eth2,0.008963241577148437,99.99103675842285
2025-11-27 17:51:46.194237,s5-eth3,0.008963241577148437,99.99103675842285
2025-11-27 17:51:47.195590,s1-eth2,0.009603424072265625,99.99039657592773
2025-11-27 17:51:47.195901,s4-eth2,0.009603424072265625,99.99039657592773
2025-11-27 17:51:47.196004,s5-eth3,0.008963241577148437,99.99103675842285
2025-11-27 17:51:48.197336,s1-eth2,0.008963241577148437,99.99103675842285
2025-11-27 17:51:48.197632,s4-eth2,0.008963241577148437,99.99103675842285
2025-11-27 17:51:48.197735,s5-eth3,0.008963241577148437,99.99103675842285
2025-11-27 17:51:49.199107,s1-eth2,0.009603424072265625,99.99039657592773
2025-11-27 17:51:49.199419,s4-eth2,0.010350341796875,99.98964965820312
2025-11-27 17:51:49.199523,s5-eth3,0.008963241577148437,99.99103675842285
2025-11-27 17:51:50.200826,s1-eth2,0.008963241577148437,99.99103675842285
2025-11-27 17:51:50.201142,s4-eth2,0.008963241577148437,99.99103675842285
2025-11-27 17:51:50.201245,s5-eth3,0.008963241577148437,99.99103675842285
2025-11-27 17:51:51.202542,s1-eth2,0.0109906005859375,99.98900939941406
2025-11-27 17:51:51.202863,s4-eth2,0.010243682861328126,99.98975631713867
2025-11-27 17:51:51.202973,s5-eth3,0.010243682861328126,99.98975631713867
2025-11-27 17:51:52.203611,s1-eth2,0.009603424072265625,99.99039657592773
2025-11-27 17:51:52.203732,s4-eth2,0.009613037109375,99.99038696289062
2025-11-27 17:51:52.203771,s5-eth3,0.00897216796875,99.99102783203125
2025-11-27 17:51:53.205071,s1-eth2,0.009603424072265625,99.99039657592773
2025-11-27 17:51:53.205411,s4-eth2,0.009603424072265625,99.99039657592773
2025-11-27 17:51:53.205517,s5-eth3,0.010883865356445312,99.98911613464355
2025-11-27 17:51:54.206842,s1-eth2,0.008963241577148437,99.99103675842285
2025-11-27 17:51:54.207200,s4-eth2,0.008963241577148437,99.99103675842285
2025-11-27 17:51:54.207303,s5-eth3,0.008963241577148437,99.99103675842285
2025-11-27 17:51:55.207933,s1-eth2,0.010243682861328126,99.98975631713867
2025-11-27 17:51:55.208046,s4-eth2,0.01025390625,99.98974609375
2025-11-27 17:51:55.208085,s5-eth3,0.01025390625,99.98974609375
2025-11-27 17:51:56.208640,s1-eth2,0.01800537109375,99.98199462890625
2025-11-27 17:51:56.208760,s4-eth2,0.00897216796875,99.99102783203125
2025-11-27 17:51:56.208800,s5-eth3,0.00897216796875,99.99102783203125
2025-11-27 17:51:57.210074,s1-eth2,65.01832580566406,34.98167419433594
2025-11-27 17:51:57.210397,s4-eth2,0.008963241577148437,99.99103675842285
2025-11-27 17:51:57.210509,s5-eth3,0.008963241577148437,99.99103675842285
2025-11-27 17:51:58.211980,s1-eth2,0.009710159301757813,99.99028984069824
2025-11-27 17:51:58.212293,s4-eth2,0.008963241577148437,99.99103675842285
2025-11-27 17:51:58.212440,s5-eth3,0.008963241577148437,99.99103675842285
2025-11-27 17:51:59.213810,s1-eth2,0.008963241577148437,99.99103675842285
2025-11-27 17:51:59.214172,s4-eth2,0.008963241577148437,99.99103675842285
2025-11-27 17:51:59.214283,s5-eth3,0.008963241577148437,99.99103675842285
2025-11-27 17:52:00.214921,s1-eth2,0.008963241577148437,99.99103675842285
2025-11-27 17:52:00.215040,s4-eth2,0.00897216796875,99.99102783203125
2025-11-27 17:52:00.215079,s5-eth3,0.00897216796875,99.99102783203125
2025-11-27 17:52:01.216334,s1-eth2,0.009603424072265625,99.99039657592773
2025-11-27 17:52:01.216684,s4-eth2,0.009603424072265625,99.99039657592773
2025-11-27 17:52:01.216791,s5-eth3,0.008963241577148437,99.99103675842285
2025-11-27 17:52:02.218138,s1-eth2,0.008963241577148437,99.99103675842285
2025-11-27 17:52:02.218445,s4-eth2,0.008963241577148437,99.99103675842285
2025-11-27 17:52:02.218548,s5-eth3,0.008963241577148437,99.99103675842285
2025-11-27 17:52:03.219915,s1-eth2,0.008963241577148437,99.99103675842285
2025-11-27 17:52:03.220214,s4-eth2,0.008963241577148437,99.99103675842285
2025-11-27 17:52:03.220317,s5-eth3,0.010243682861328126,99.98975631713867
2025-11-27 17:52:04.220981,s1-eth2,0.008963241577148437,99.99103675842285
2025-11-27 17:52:04.221100,s4-eth2,0.00897216796875,99.99102783203125
2025-11-27 17:52:04.221138,s5-eth3,0.00897216796875,99.99102783203125
2025-11-27 17:52:05.222387,s1-eth2,0.008963241577148437,99.99103675842285
2025-11-27 17:52:05.222711,s4-eth2,0.008963241577148437,99.99103675842285
2025-11-27 17:52:05.222814,s5-eth3,0.009603424072265625,99.99039657592773
2025-11-27 17:52:06.223493,s1-eth2,0.008963241577148437,99.99103675842285
2025-11-27 17:52:06.223611,s4-eth2,0.0134429931640625,99.98655700683594
2025-11-27 17:52:06.223653,s5-eth3,0.00897216796875,99.99102783203125
2025-11-27 17:52:07.224188,s1-eth2,0.0134429931640625,99.98655700683594
2025-11-27 17:52:07.224307,s4-eth2,69.77835083007812,30.221649169921875
2025-11-27 17:52:07.224348,s5-eth3,0.00897216796875,99.99102783203125
2025-11-27 17:52:08.225648,s1-eth2,66.42827606201172,33.57172393798828
2025-11-27 17:52:08.225983,s4-eth2,0.008963241577148437,99.99103675842285
2025-11-27 17:52:08.226097,s5-eth3,0.008963241577148437,99.99103675842285
2025-11-27 17:52:09.227494,s1-eth2,0.008963241577148437,99.99103675842285
2025-11-27 17:52:09.227789,s4-eth2,0.008963241577148437,99.99103675842285
2025-11-27 17:52:09.227892,s5-eth3,0.008963241577148437,99.99103675842285
2025-11-27 17:52:10.228526,s1-eth2,0.013932571411132813,99.98606742858887
2025-11-27 17:52:10.228646,s4-eth2,0.00897216796875,99.99102783203125
2025-11-27 17:52:10.228685,s5-eth3,0.00897216796875,99.99102783203125
2025-11-27 17:52:11.229964,s1-eth2,65.02261352539062,34.977386474609375
2025-11-27 17:52:11.230316,s4-eth2,0.008963241577148437,99.99103675842285
2025-11-27 17:52:11.230420,s5-eth3,0.008963241577148437,99.99103675842285
2025-11-27 17:52:12.231790,s1-eth2,0.008963241577148437,99.99103675842285
2025-11-27 17:52:12.232084,s4-eth2,0.008963241577148437,99.99103675842285
2025-11-27 17:52:12.232187,s5-eth3,0.008963241577148437,99.99103675842285
2025-11-27 17:52:13.233482,s1-eth2,0.008963241577148437,99.99103675842285
2025-11-27 17:52:13.233788,s4-eth2,0.008963241577148437,99.99103675842285
2025-11-27 17:52:13.233891,s5-eth3,0.008963241577148437,99.99103675842285
2025-11-27 17:52:14.235201,s1-eth2,0.009603424072265625,99.99039657592773
2025-11-27 17:52:14.235496,s4-eth2,0.009603424072265625,99.99039657592773
2025-11-27 17:52:14.235599,s5-eth3,0.008963241577148437,99.99103675842285
2025-11-27 17:52:15.236861,s1-eth2,0.008963241577148437,99.99103675842285
2025-11-27 17:52:15.237165,s4-eth2,0.008963241577148437,99.99103675842285
2025-11-27 17:52:15.237267,s5-eth3,0.008963241577148437,99.99103675842285
2025-11-27 17:52:16.238589,s1-eth2,0.009603424072265625,99.99039657592773
2025-11-27 17:52:16.238920,s4-eth2,0.009603424072265625,99.99039657592773
2025-11-27 17:52:16.239028,s5-eth3,0.008963241577148437,99.99103675842285
2025-11-27 17:52:17.239680,s1-eth2,0.008963241577148437,99.99103675842285
2025-11-27 17:52:17.239806,s4-eth2,0.00897216796875,99.99102783203125
2025-11-27 17:52:17.239850,s5-eth3,0.00897216796875,99.99102783203125
2025-11-27 17:52:18.241132,s1-eth2,0.009603424072265625,99.99039657592773
2025-11-27 17:52:18.241465,s4-eth2,0.012019500732421876,99.98798049926758
2025-11-27 17:52:18.241572,s5-eth3,0.012393035888671876,99.98760696411132
2025-11-27 17:52:19.242901,s1-eth2,0.008963241577148437,99.99103675842285
2025-11-27 17:52:19.243215,s4-eth2,69.5291519165039,30.470848083496094
2025-11-27 17:52:19.243334,s5-eth3,69.52813720703125,30.47186279296875
2025-11-27 17:52:20.243960,s1-eth2,0.008963241577148437,99.99103675842285
2025-11-27 17:52:20.244077,s4-eth2,0.00897216796875,99.99102783203125
2025-11-27 17:52:20.244116,s5-eth3,0.00897216796875,99.99102783203125
2025-11-27 17:52:21.245343,s1-eth2,0.008963241577148437,99.99103675842285
2025-11-27 17:52:21.245659,s4-eth2,0.008963241577148437,99.99103675842285
2025-11-27 17:52:21.245777,s5-eth3,0.008963241577148437,99.99103675842285
2025-11-27 17:52:22.247103,s1-eth2,0.009603424072265625,99.99039657592773
2025-11-27 17:52:22.247401,s4-eth2,0.009603424072265625,99.99039657592773
2025-11-27 17:52:22.247504,s5-eth3,0.009603424072265625,99.99039657592773
2025-11-27 17:52:23.248131,s1-eth2,0.008963241577148437,99.99103675842285
2025-11-27 17:52:23.248246,s4-eth2,0.0124053955078125,99.98759460449219
2025-11-27 17:52:23.248285,s5-eth3,0.01139068603515625,99.98860931396484
2025-11-27 17:52:24.249526,s1-eth2,0.008963241577148437,99.99103675842285
2025-11-27 17:52:24.249851,s4-eth2,68.43150329589844,31.568496704101562
2025-11-27 17:52:24.249966,s5-eth3,68.4325180053711,31.567481994628906
2025-11-27 17:52:25.251300,s1-eth2,0.009603424072265625,99.99039657592773
2025-11-27 17:52:25.251596,s4-eth2,0.009603424072265625,99.99039657592773
2025-11-27 17:52:25.251700,s5-eth3,0.009603424072265625,99.99039657592773
2025-11-27 17:52:26.252970,s1-eth2,0.008963241577148437,99.99103675842285
2025-11-27 17:52:26.253274,s4-eth2,0.008963241577148437,99.99103675842285
2025-11-27 17:52:26.253377,s5-eth3,0.008963241577148437,99.99103675842285
2025-11-27 17:52:27.254682,s1-eth2,0.008963241577148437,99.99103675842285
2025-11-27 17:52:27.255012,s4-eth2,0.008963241577148437,99.99103675842285
2025-11-27 17:52:27.255116,s5-eth3,0.009603424072265625,99.99039657592773
2025-11-27 17:52:28.256410,s1-eth2,0.009603424072265625,99.99039657592773
2025-11-27 17:52:28.256707,s4-eth2,0.009603424072265625,99.99039657592773
2025-11-27 17:52:28.256819,s5-eth3,0.009603424072265625,99.99039657592773
2025-11-27 17:52:29.258079,s1-eth2,0.008963241577148437,99.99103675842285
2025-11-27 17:52:29.258374,s4-eth2,0.008963241577148437,99.99103675842285
2025-11-27 17:52:29.258476,s5-eth3,0.008963241577148437,99.99103675842285
2025-11-27 17:52:30.259065,s1-eth2,0.009613037109375,99.99038696289062
2025-11-27 17:52:30.259166,s4-eth2,2.2977447509765625,97.70225524902344
2025-11-27 17:52:30.259204,s5-eth3,5.744110107421875,94.25588989257812
2025-11-27 17:52:31.259679,s1-eth2,0.0082244873046875,99.99177551269531
2025-11-27 17:52:31.259784,s4-eth2,67.59819030761719,32.40180969238281
2025-11-27 17:52:31.259820,s5-eth3,59.358116149902344,40.641883850097656
2025-11-27 17:52:32.261065,s1-eth2,0.009710159301757813,99.99028984069824
2025-11-27 17:52:32.261375,s4-eth2,0.009710159301757813,99.99028984069824
2025-11-27 17:52:32.261513,s5-eth3,0.009603424072265625,99.99039657592773
2025-11-27 17:52:33.262873,s1-eth2,0.008963241577148437,99.99103675842285
2025-11-27 17:52:33.263190,s4-eth2,0.008963241577148437,99.99103675842285
2025-11-27 17:52:33.263298,s5-eth3,0.008963241577148437,99.99103675842285
2025-11-27 17:52:34.263907,s1-eth2,0.01974037170410156,99.9802596282959
2025-11-27 17:52:34.264025,s4-eth2,0.00897216796875,99.99102783203125
2025-11-27 17:52:34.264065,s5-eth3,0.00897216796875,99.99102783203125
2025-11-27 17:52:35.264621,s1-eth2,69.77315521240234,30.226844787597656
2025-11-27 17:52:35.264749,s4-eth2,0.009613037109375,99.99038696289062
2025-11-27 17:52:35.264788,s5-eth3,0.00897216796875,99.99102783203125
2025-11-27 17:52:36.266040,s1-eth2,0.009603424072265625,99.99039657592773
2025-11-27 17:52:36.266350,s4-eth2,0.009603424072265625,99.99039657592773
2025-11-27 17:52:36.266455,s5-eth3,0.008963241577148437,99.99103675842285
2025-11-27 17:52:37.267812,s1-eth2,0.008963241577148437,99.99103675842285
2025-11-27 17:52:37.268141,s4-eth2,0.008963241577148437,99.99103675842285
2025-11-27 17:52:37.268248,s5-eth3,0.008963241577148437,99.99103675842285
2025-11-27 17:52:38.269594,s1-eth2,0.010883865356445312,99.98911613464355
2025-11-27 17:52:38.269921,s4-eth2,0.010883865356445312,99.98911613464355
2025-11-27 17:52:38.270032,s5-eth3,0.010883865356445312,99.98911613464355
2025-11-27 17:52:39.271386,s1-eth2,0.008963241577148437,99.99103675842285
2025-11-27 17:52:39.271716,s4-eth2,0.008963241577148437,99.99103675842285
2025-11-27 17:52:39.271818,s5-eth3,0.009283294677734375,99.99071670532227
2025-11-27 17:52:40.272433,s1-eth2,0.008963241577148437,99.99103675842285
2025-11-27 17:52:40.272549,s4-eth2,0.00897216796875,99.99102783203125
2025-11-27 17:52:40.272588,s5-eth3,0.0092926025390625,99.99070739746094
2025-11-27 17:52:41.273137,s1-eth2,0.0202789306640625,99.97972106933594
2025-11-27 17:52:41.273259,s4-eth2,0.00897216796875,99.99102783203125
2025-11-27 17:52:41.273297,s5-eth3,0.00897216796875,99.99102783203125
2025-11-27 17:52:42.273973,s1-eth2,64.41259002685547,35.58740997314453
2025-11-27 17:52:42.274094,s4-eth2,0.00897216796875,99.99102783203125
2025-11-27 17:52:42.274134,s5-eth3,0.009613037109375,99.99038696289062
2025-11-27 17:52:43.275414,s1-eth2,69.70384216308594,30.296157836914062
2025-11-27 17:52:43.275730,s4-eth2,0.008963241577148437,99.99103675842285
2025-11-27 17:52:43.275833,s5-eth3,0.008963241577148437,99.99103675842285
2025-11-27 17:52:44.277127,s1-eth2,0.008963241577148437,99.99103675842285
2025-11-27 17:52:44.277423,s4-eth2,0.008963241577148437,99.99103675842285
2025-11-27 17:52:44.277526,s5-eth3,0.008963241577148437,99.99103675842285
2025-11-27 17:52:45.278802,s1-eth2,0.008963241577148437,99.99103675842285
2025-11-27 17:52:45.279129,s4-eth2,0.008963241577148437,99.99103675842285
2025-11-27 17:52:45.279232,s5-eth3,0.008963241577148437,99.99103675842285
2025-11-27 17:52:46.280534,s1-eth2,0.008963241577148437,99.99103675842285
2025-11-27 17:52:46.280827,s4-eth2,0.008963241577148437,99.99103675842285
2025-11-27 17:52:46.280930,s5-eth3,0.008963241577148437,99.99103675842285
2025-11-27 17:52:47.281499,s1-eth2,0.009613037109375,99.99038696289062
2025-11-27 17:52:47.281596,s4-eth2,0.009613037109375,99.99038696289062
2025-11-27 17:52:47.281639,s5-eth3,4.9394989013671875,95.06050109863281
2025-11-27 17:52:48.282866,s1-eth2,0.008963241577148437,99.99103675842285
2025-11-27 17:52:48.283232,s4-eth2,0.008963241577148437,99.99103675842285
2025-11-27 17:52:48.283350,s5-eth3,60.10245895385742,39.89754104614258
2025-11-27 17:52:49.284698,s1-eth2,0.008963241577148437,99.99103675842285
2025-11-27 17:52:49.285013,s4-eth2,0.008963241577148437,99.99103675842285
2025-11-27 17:52:49.285116,s5-eth3,0.009603424072265625,99.99039657592773
2025-11-27 17:52:50.286461,s1-eth2,0.010243682861328126,99.98975631713867
2025-11-27 17:52:50.286771,s4-eth2,0.010243682861328126,99.98975631713867
2025-11-27 17:52:50.286898,s5-eth3,0.009603424072265625,99.99039657592773
2025-11-27 17:52:51.288256,s1-eth2,0.008963241577148437,99.99103675842285
2025-11-27 17:52:51.288569,s4-eth2,0.008963241577148437,99.99103675842285
2025-11-27 17:52:51.288672,s5-eth3,0.009710159301757813,99.99028984069824
2025-11-27 17:52:52.290000,s1-eth2,0.009603424072265625,99.99039657592773
2025-11-27 17:52:52.290308,s4-eth2,0.010350341796875,99.98964965820312
2025-11-27 17:52:52.290412,s5-eth3,0.009603424072265625,99.99039657592773
2025-11-27 17:52:53.291715,s1-eth2,0.009710159301757813,99.99028984069824
2025-11-27 17:52:53.292011,s4-eth2,0.008963241577148437,99.99103675842285
2025-11-27 17:52:53.292116,s5-eth3,0.009710159301757813,99.99028984069824
2025-11-27 17:52:54.293394,s1-eth2,0.008963241577148437,99.99103675842285
2025-11-27 17:52:54.293691,s4-eth2,0.008963241577148437,99.99103675842285
2025-11-27 17:52:54.293799,s5-eth3,0.008963241577148437,99.99103675842285
2025-11-27 17:52:55.295204,s1-eth2,0.008963241577148437,99.99103675842285
2025-11-27 17:52:55.295515,s4-eth2,0.008963241577148437,99.99103675842285
2025-11-27 17:52:55.295618,s5-eth3,0.008963241577148437,99.99103675842285
2025-11-27 17:52:56.296908,s1-eth2,0.009603424072265625,99.99039657592773
2025-11-27 17:52:56.297206,s4-eth2,0.009603424072265625,99.99039657592773
2025-11-27 17:52:56.297310,s5-eth3,0.010243682861328126,99.98975631713867
2025-11-27 17:52:57.298215,s1-eth2,0.008963241577148437,99.99103675842285
2025-11-27 17:52:57.298423,s4-eth2,0.008963241577148437,99.99103675842285
2025-11-27 17:52:57.298491,s5-eth3,0.008963241577148437,99.99103675842285
2025-11-27 17:52:58.300502,s1-eth2,0.008954238891601563,99.9910457611084
2025-11-27 17:52:58.301065,s4-eth2,0.008954238891601563,99.9910457611084
2025-11-27 17:52:58.301251,s5-eth3,0.008954238891601563,99.9910457611084
2025-11-27 17:52:59.303464,s1-eth2,0.008954238891601563,99.9910457611084
2025-11-27 17:52:59.304025,s4-eth2,0.008954238891601563,99.9910457611084
2025-11-27 17:52:59.304235,s5-eth3,0.008954238891601563,99.9910457611084
2025-11-27 17:53:00.305251,s1-eth2,0.01923736572265625,99.98076263427734
2025-11-27 17:53:00.305476,s4-eth2,0.008963241577148437,99.99103675842285
2025-11-27 17:53:00.305551,s5-eth3,0.008963241577148437,99.99103675842285
2025-11-27 17:53:01.306251,s1-eth2,65.01726531982422,34.98273468017578
2025-11-27 17:53:01.306411,s4-eth2,0.00897216796875,99.99102783203125
2025-11-27 17:53:01.306462,s5-eth3,0.00897216796875,99.99102783203125
2025-11-27 17:53:02.307176,s1-eth2,0.00897216796875,99.99102783203125
2025-11-27 17:53:02.307329,s4-eth2,0.00897216796875,99.99102783203125
2025-11-27 17:53:02.307397,s5-eth3,0.00897216796875,99.99102783203125
2025-11-27 17:53:03.308097,s1-eth2,0.009613037109375,99.99038696289062
2025-11-27 17:53:03.308257,s4-eth2,0.009613037109375,99.99038696289062
2025-11-27 17:53:03.308308,s5-eth3,0.00897216796875,99.99102783203125
2025-11-27 17:53:04.308991,s1-eth2,0.00897216796875,99.99102783203125
2025-11-27 17:53:04.309146,s4-eth2,0.0134429931640625,99.98655700683594
2025-11-27 17:53:04.309198,s5-eth3,0.00897216796875,99.99102783203125
2025-11-27 17:53:05.309792,s1-eth2,0.009613037109375,99.99038696289062
2025-11-27 17:53:05.309924,s4-eth2,69.77899169921875,30.22100830078125
2025-11-27 17:53:05.309967,s5-eth3,0.00897216796875,99.99102783203125
2025-11-27 17:53:06.311261,s1-eth2,0.008963241577148437,99.99103675842285
2025-11-27 17:53:06.311597,s4-eth2,0.008963241577148437,99.99103675842285
2025-11-27 17:53:06.311702,s5-eth3,0.008963241577148437,99.99103675842285
2025-11-27 17:53:07.313017,s1-eth2,0.009603424072265625,99.99039657592773
2025-11-27 17:53:07.313347,s4-eth2,0.009603424072265625,99.99039657592773
2025-11-27 17:53:07.313452,s5-eth3,0.008963241577148437,99.99103675842285
2025-11-27 17:53:08.314864,s1-eth2,0.008963241577148437,99.99103675842285
2025-11-27 17:53:08.315176,s4-eth2,0.008963241577148437,99.99103675842285
2025-11-27 17:53:08.315284,s5-eth3,0.008963241577148437,99.99103675842285
2025-11-27 17:53:09.315922,s1-eth2,0.008963241577148437,99.99103675842285
2025-11-27 17:53:09.316049,s4-eth2,0.00897216796875,99.99102783203125
2025-11-27 17:53:09.316090,s5-eth3,0.01025390625,99.98974609375
2025-11-27 17:53:10.317370,s1-eth2,0.008963241577148437,99.99103675842285
2025-11-27 17:53:10.317691,s4-eth2,0.008963241577148437,99.99103675842285
2025-11-27 17:53:10.317803,s5-eth3,0.008963241577148437,99.99103675842285
2025-11-27 17:53:11.319228,s1-eth2,0.008963241577148437,99.99103675842285
2025-11-27 17:53:11.319550,s4-eth2,0.008963241577148437,99.99103675842285
2025-11-27 17:53:11.319655,s5-eth3,0.009603424072265625,99.99039657592773
2025-11-27 17:53:12.320310,s1-eth2,0.0134295654296875,99.98657043457031
2025-11-27 17:53:12.320427,s4-eth2,0.00897216796875,99.99102783203125
2025-11-27 17:53:12.320467,s5-eth3,0.00897216796875,99.99102783203125
2025-11-27 17:53:13.321770,s1-eth2,64.34542083740234,35.654579162597656
2025-11-27 17:53:13.322126,s4-eth2,0.008963241577148437,99.99103675842285
2025-11-27 17:53:13.322230,s5-eth3,0.008963241577148437,99.99103675842285
2025-11-27 17:53:14.323631,s1-eth2,0.008963241577148437,99.99103675842285
2025-11-27 17:53:14.323942,s4-eth2,0.008963241577148437,99.99103675842285
2025-11-27 17:53:14.324061,s5-eth3,0.008963241577148437,99.99103675842285
2025-11-27 17:53:15.325483,s1-eth2,0.009603424072265625,99.99039657592773
2025-11-27 17:53:15.325795,s4-eth2,0.009603424072265625,99.99039657592773
2025-11-27 17:53:15.325913,s5-eth3,0.009603424072265625,99.99039657592773
2025-11-27 17:53:16.327328,s1-eth2,0.018734283447265625,99.98126571655274
2025-11-27 17:53:16.327685,s4-eth2,0.008963241577148437,99.99103675842285
2025-11-27 17:53:16.327798,s5-eth3,0.008963241577148437,99.99103675842285
2025-11-27 17:53:17.329187,s1-eth2,65.01842498779297,34.98157501220703
2025-11-27 17:53:17.329505,s4-eth2,0.009603424072265625,99.99039657592773
2025-11-27 17:53:17.329609,s5-eth3,0.009603424072265625,99.99039657592773
2025-11-27 17:53:18.330273,s1-eth2,0.008963241577148437,99.99103675842285
2025-11-27 17:53:18.330398,s4-eth2,2.639068603515625,97.36093139648438
2025-11-27 17:53:18.330444,s5-eth3,0.00897216796875,99.99102783203125
2025-11-27 17:53:19.331013,s1-eth2,0.009613037109375,99.99038696289062
2025-11-27 17:53:19.331131,s4-eth2,67.15828704833984,32.841712951660156
2025-11-27 17:53:19.331174,s5-eth3,0.0140838623046875,99.98591613769531
2025-11-27 17:53:20.332407,s1-eth2,0.008963241577148437,99.99103675842285
2025-11-27 17:53:20.332728,s4-eth2,69.48294830322266,30.517051696777344
2025-11-27 17:53:20.332838,s5-eth3,69.48294830322266,30.517051696777344
2025-11-27 17:53:21.333465,s1-eth2,0.008963241577148437,99.99103675842285
2025-11-27 17:53:21.333578,s4-eth2,0.00897216796875,99.99102783203125
2025-11-27 17:53:21.333618,s5-eth3,0.01025390625,99.98974609375
2025-11-27 17:53:22.334898,s1-eth2,0.010243682861328126,99.98975631713867
2025-11-27 17:53:22.335226,s4-eth2,0.010243682861328126,99.98975631713867
2025-11-27 17:53:22.335338,s5-eth3,0.009603424072265625,99.99039657592773
2025-11-27 17:53:23.336656,s1-eth2,0.010243682861328126,99.98975631713867
2025-11-27 17:53:23.336953,s4-eth2,0.010243682861328126,99.98975631713867
2025-11-27 17:53:23.337057,s5-eth3,0.008963241577148437,99.99103675842285
2025-11-27 17:53:24.338344,s1-eth2,0.008963241577148437,99.99103675842285
2025-11-27 17:53:24.338645,s4-eth2,0.008963241577148437,99.99103675842285
2025-11-27 17:53:24.338748,s5-eth3,0.008963241577148437,99.99103675842285
2025-11-27 17:53:25.340053,s1-eth2,0.010243682861328126,99.98975631713867
2025-11-27 17:53:25.340350,s4-eth2,0.010243682861328126,99.98975631713867
2025-11-27 17:53:25.340452,s5-eth3,0.010243682861328126,99.98975631713867
2025-11-27 17:53:26.341764,s1-eth2,0.008963241577148437,99.99103675842285
2025-11-27 17:53:26.342077,s4-eth2,0.008963241577148437,99.99103675842285
2025-11-27 17:53:26.342193,s5-eth3,0.008963241577148437,99.99103675842285
2025-11-27 17:53:27.343515,s1-eth2,0.008963241577148437,99.99103675842285
2025-11-27 17:53:27.343831,s4-eth2,0.008963241577148437,99.99103675842285
2025-11-27 17:53:27.343941,s5-eth3,0.008963241577148437,99.99103675842285
2025-11-27 17:53:28.345262,s1-eth2,0.008963241577148437,99.99103675842285
2025-11-27 17:53:28.345570,s4-eth2,0.0134295654296875,99.98657043457031
2025-11-27 17:53:28.345678,s5-eth3,0.0134295654296875,99.98657043457031
2025-11-27 17:53:29.346978,s1-eth2,0.008963241577148437,99.99103675842285
2025-11-27 17:53:29.347304,s4-eth2,69.52749633789062,30.472503662109375
2025-11-27 17:53:29.347415,s5-eth3,69.52749633789062,30.472503662109375
2025-11-27 17:53:30.348701,s1-eth2,0.008963241577148437,99.99103675842285
2025-11-27 17:53:30.348996,s4-eth2,0.008963241577148437,99.99103675842285
2025-11-27 17:53:30.349098,s5-eth3,0.008963241577148437,99.99103675842285
2025-11-27 17:53:31.350392,s1-eth2,0.009603424072265625,99.99039657592773
2025-11-27 17:53:31.350696,s4-eth2,0.009603424072265625,99.99039657592773
2025-11-27 17:53:31.350800,s5-eth3,0.008963241577148437,99.99103675842285
2025-11-27 17:53:32.352111,s1-eth2,0.008963241577148437,99.99103675842285
2025-11-27 17:53:32.352410,s4-eth2,0.008963241577148437,99.99103675842285
2025-11-27 17:53:32.352514,s5-eth3,0.008963241577148437,99.99103675842285
2025-11-27 17:53:33.353138,s1-eth2,0.008963241577148437,99.99103675842285
2025-11-27 17:53:33.353257,s4-eth2,0.00897216796875,99.99102783203125
2025-11-27 17:53:33.353298,s5-eth3,0.00897216796875,99.99102783203125
2025-11-27 17:53:34.354545,s1-eth2,0.008963241577148437,99.99103675842285
2025-11-27 17:53:34.354890,s4-eth2,0.008963241577148437,99.99103675842285
2025-11-27 17:53:34.355002,s5-eth3,0.008963241577148437,99.99103675842285
2025-11-27 17:53:35.356305,s1-eth2,0.008963241577148437,99.99103675842285
2025-11-27 17:53:35.356608,s4-eth2,0.008963241577148437,99.99103675842285
2025-11-27 17:53:35.356731,s5-eth3,0.009603424072265625,99.99039657592773
2025-11-27 17:53:36.358016,s1-eth2,0.008963241577148437,99.99103675842285
2025-11-27 17:53:36.358312,s4-eth2,0.008963241577148437,99.99103675842285
2025-11-27 17:53:36.358415,s5-eth3,0.008963241577148437,99.99103675842285
2025-11-27 17:53:37.359731,s1-eth2,0.008963241577148437,99.99103675842285
2025-11-27 17:53:37.360027,s4-eth2,0.008963241577148437,99.99103675842285
2025-11-27 17:53:37.360132,s5-eth3,0.008963241577148437,99.99103675842285
2025-11-27 17:53:38.361395,s1-eth2,0.008963241577148437,99.99103675842285
2025-11-27 17:53:38.361705,s4-eth2,0.008963241577148437,99.99103675842285
2025-11-27 17:53:38.361809,s5-eth3,0.008963241577148437,99.99103675842285
2025-11-27 17:53:39.362465,s1-eth2,2.305601577758789,97.6943984222412
2025-11-27 17:53:39.362592,s4-eth2,0.00897216796875,99.99102783203125
2025-11-27 17:53:39.362633,s5-eth3,0.01025390625,99.98974609375
2025-11-27 17:53:40.363240,s1-eth2,93.25790405273438,6.742095947265625
2025-11-27 17:53:40.363373,s4-eth2,0.009613037109375,99.99038696289062
2025-11-27 17:53:40.363412,s5-eth3,0.00897216796875,99.99102783203125
2025-11-27 17:53:41.364654,s1-eth2,42.24683380126953,57.75316619873047
2025-11-27 17:53:41.364978,s4-eth2,0.009603424072265625,99.99039657592773
2025-11-27 17:53:41.365082,s5-eth3,0.009603424072265625,99.99039657592773
2025-11-27 17:53:42.366380,s1-eth2,0.008963241577148437,99.99103675842285
2025-11-27 17:53:42.366689,s4-eth2,0.008963241577148437,99.99103675842285
2025-11-27 17:53:42.366792,s5-eth3,0.008963241577148437,99.99103675842285
2025-11-27 17:53:43.368096,s1-eth2,0.008963241577148437,99.99103675842285
2025-11-27 17:53:43.368392,s4-eth2,0.008963241577148437,99.99103675842285
2025-11-27 17:53:43.368495,s5-eth3,0.008963241577148437,99.99103675842285
2025-11-27 17:53:44.369763,s1-eth2,0.008963241577148437,99.99103675842285
2025-11-27 17:53:44.370066,s4-eth2,0.008963241577148437,99.99103675842285
2025-11-27 17:53:44.370173,s5-eth3,0.008963241577148437,99.99103675842285
2025-11-27 17:53:45.370814,s1-eth2,0.008963241577148437,99.99103675842285
2025-11-27 17:53:45.370959,s4-eth2,0.00897216796875,99.99102783203125
2025-11-27 17:53:45.371002,s5-eth3,6.5470733642578125,93.45292663574219
2025-11-27 17:53:46.372284,s1-eth2,0.029511489868164063,99.97048851013183
2025-11-27 17:53:46.372636,s4-eth2,0.008963241577148437,99.99103675842285
2025-11-27 17:53:46.372756,s5-eth3,58.60856246948242,41.39143753051758
2025-11-27 17:53:47.373428,s1-eth2,91.9716567993164,8.028343200683594
2025-11-27 17:53:47.373552,s4-eth2,0.00897216796875,99.99102783203125
2025-11-27 17:53:47.373591,s5-eth3,0.00897216796875,99.99102783203125
2025-11-27 17:53:48.374148,s1-eth2,46.281639099121094,53.718360900878906
2025-11-27 17:53:48.374270,s4-eth2,0.01025390625,99.98974609375
2025-11-27 17:53:48.374310,s5-eth3,0.009613037109375,99.99038696289062
2025-11-27 17:53:49.375587,s1-eth2,0.008963241577148437,99.99103675842285
2025-11-27 17:53:49.375893,s4-eth2,0.008963241577148437,99.99103675842285
2025-11-27 17:53:49.375996,s5-eth3,0.008963241577148437,99.99103675842285
2025-11-27 17:53:50.377294,s1-eth2,0.009603424072265625,99.99039657592773
2025-11-27 17:53:50.377600,s4-eth2,0.009603424072265625,99.99039657592773
2025-11-27 17:53:50.377706,s5-eth3,0.010243682861328126,99.98975631713867
2025-11-27 17:53:51.378298,s1-eth2,0.008963241577148437,99.99103675842285
2025-11-27 17:53:51.378404,s4-eth2,0.00897216796875,99.99102783203125
2025-11-27 17:53:51.378443,s5-eth3,6.0452728271484375,93.95472717285156
2025-11-27 17:53:52.379679,s1-eth2,0.008963241577148437,99.99103675842285
2025-11-27 17:53:52.379978,s4-eth2,0.008963241577148437,99.99103675842285
2025-11-27 17:53:52.380103,s5-eth3,58.997310638427734,41.002689361572266
2025-11-27 17:53:53.381401,s1-eth2,0.008963241577148437,99.99103675842285
2025-11-27 17:53:53.381698,s4-eth2,0.008963241577148437,99.99103675842285
2025-11-27 17:53:53.381801,s5-eth3,0.008963241577148437,99.99103675842285
2025-11-27 17:53:54.383083,s1-eth2,0.008963241577148437,99.99103675842285
2025-11-27 17:53:54.383379,s4-eth2,0.008963241577148437,99.99103675842285
2025-11-27 17:53:54.383481,s5-eth3,0.008963241577148437,99.99103675842285
2025-11-27 17:53:55.384771,s1-eth2,0.009603424072265625,99.99039657592773
2025-11-27 17:53:55.385076,s4-eth2,0.009603424072265625,99.99039657592773
2025-11-27 17:53:55.385180,s5-eth3,0.008963241577148437,99.99103675842285
2025-11-27 17:53:56.386453,s1-eth2,0.009603424072265625,99.99039657592773
2025-11-27 17:53:56.386747,s4-eth2,0.009603424072265625,99.99039657592773
2025-11-27 17:53:56.386866,s5-eth3,0.008963241577148437,99.99103675842285
2025-11-27 17:53:57.388198,s1-eth2,0.009603424072265625,99.99039657592773
2025-11-27 17:53:57.388512,s4-eth2,0.009603424072265625,99.99039657592773
2025-11-27 17:53:57.388620,s5-eth3,0.008963241577148437,99.99103675842285
2025-11-27 17:53:58.389942,s1-eth2,0.008963241577148437,99.99103675842285
2025-11-27 17:53:58.390270,s4-eth2,0.008963241577148437,99.99103675842285
2025-11-27 17:53:58.390382,s5-eth3,0.008963241577148437,99.99103675842285
2025-11-27 17:53:59.391740,s1-eth2,0.008963241577148437,99.99103675842285
2025-11-27 17:53:59.392077,s4-eth2,0.013932571411132813,99.98606742858887
2025-11-27 17:53:59.392190,s5-eth3,0.008963241577148437,99.99103675842285
2025-11-27 17:54:00.393535,s1-eth2,0.008963241577148437,99.99103675842285
2025-11-27 17:54:00.393851,s4-eth2,69.7086181640625,30.2913818359375
2025-11-27 17:54:00.393967,s5-eth3,0.008963241577148437,99.99103675842285
2025-11-27 17:54:01.395297,s1-eth2,0.008963241577148437,99.99103675842285
2025-11-27 17:54:01.395592,s4-eth2,0.008963241577148437,99.99103675842285
2025-11-27 17:54:01.395708,s5-eth3,0.008963241577148437,99.99103675842285
2025-11-27 17:54:02.396286,s1-eth2,0.00897216796875,99.99102783203125
2025-11-27 17:54:02.396387,s4-eth2,0.00897216796875,99.99102783203125
2025-11-27 17:54:02.396419,s5-eth3,0.009613037109375,99.99038696289062
2025-11-27 17:54:03.397663,s1-eth2,0.009603424072265625,99.99039657592773
2025-11-27 17:54:03.397998,s4-eth2,0.009603424072265625,99.99039657592773
2025-11-27 17:54:03.398103,s5-eth3,0.009603424072265625,99.99039657592773
2025-11-27 17:54:04.399446,s1-eth2,0.008963241577148437,99.99103675842285
2025-11-27 17:54:04.399769,s4-eth2,0.008963241577148437,99.99103675842285
2025-11-27 17:54:04.399872,s5-eth3,0.008963241577148437,99.99103675842285
2025-11-27 17:54:05.401199,s1-eth2,0.008963241577148437,99.99103675842285
2025-11-27 17:54:05.401518,s4-eth2,0.008963241577148437,99.99103675842285
2025-11-27 17:54:05.401627,s5-eth3,0.008963241577148437,99.99103675842285
2025-11-27 17:54:06.403011,s1-eth2,0.009603424072265625,99.99039657592773
2025-11-27 17:54:06.403330,s4-eth2,0.009603424072265625,99.99039657592773
2025-11-27 17:54:06.403435,s5-eth3,0.009603424072265625,99.99039657592773
2025-11-27 17:54:07.404739,s1-eth2,0.008963241577148437,99.99103675842285
2025-11-27 17:54:07.405036,s4-eth2,0.008963241577148437,99.99103675842285
2025-11-27 17:54:07.405139,s5-eth3,0.008963241577148437,99.99103675842285
2025-11-27 17:54:08.406470,s1-eth2,0.008963241577148437,99.99103675842285
2025-11-27 17:54:08.406791,s4-eth2,0.008963241577148437,99.99103675842285
2025-11-27 17:54:08.406926,s5-eth3,0.009603424072265625,99.99039657592773
2025-11-27 17:54:09.408248,s1-eth2,0.008963241577148437,99.99103675842285
2025-11-27 17:54:09.408559,s4-eth2,0.008963241577148437,99.99103675842285
2025-11-27 17:54:09.408666,s5-eth3,0.010243682861328126,99.98975631713867
2025-11-27 17:54:10.410011,s1-eth2,0.008963241577148437,99.99103675842285
2025-11-27 17:54:10.410348,s4-eth2,0.008963241577148437,99.99103675842285
2025-11-27 17:54:10.410461,s5-eth3,0.008963241577148437,99.99103675842285
2025-11-27 17:54:11.411793,s1-eth2,0.008963241577148437,99.99103675842285
2025-11-27 17:54:11.412121,s4-eth2,0.0134295654296875,99.98657043457031
2025-11-27 17:54:11.412239,s5-eth3,0.0134295654296875,99.98657043457031
2025-11-27 17:54:12.412855,s1-eth2,0.011524124145507813,99.98847587585449
2025-11-27 17:54:12.412977,s4-eth2,67.405517578125,32.594482421875
2025-11-27 17:54:12.413016,s5-eth3,67.40423583984375,32.59576416015625
2025-11-27 17:54:13.413847,s1-eth2,0.00897216796875,99.99102783203125
2025-11-27 17:54:13.414061,s4-eth2,0.018734283447265625,99.98126571655274
2025-11-27 17:54:13.414129,s5-eth3,0.018734283447265625,99.98126571655274
2025-11-27 17:54:14.415415,s1-eth2,0.008963241577148437,99.99103675842285
2025-11-27 17:54:14.415738,s4-eth2,69.52232360839844,30.477676391601562
2025-11-27 17:54:14.415847,s5-eth3,69.52232360839844,30.477676391601562
2025-11-27 17:54:15.416459,s1-eth2,0.009603424072265625,99.99039657592773
2025-11-27 17:54:15.416567,s4-eth2,0.009613037109375,99.99038696289062
2025-11-27 17:54:15.416604,s5-eth3,0.009613037109375,99.99038696289062
2025-11-27 17:54:16.417844,s1-eth2,0.009603424072265625,99.99039657592773
2025-11-27 17:54:16.418162,s4-eth2,0.009603424072265625,99.99039657592773
2025-11-27 17:54:16.418266,s5-eth3,0.009603424072265625,99.99039657592773
2025-11-27 17:54:17.419587,s1-eth2,0.008963241577148437,99.99103675842285
2025-11-27 17:54:17.419883,s4-eth2,0.008963241577148437,99.99103675842285
2025-11-27 17:54:17.419987,s5-eth3,0.008963241577148437,99.99103675842285
2025-11-27 17:54:18.420610,s1-eth2,0.008963241577148437,99.99103675842285
2025-11-27 17:54:18.420727,s4-eth2,0.00897216796875,99.99102783203125
2025-11-27 17:54:18.420768,s5-eth3,0.00897216796875,99.99102783203125
2025-11-27 17:54:19.421314,s1-eth2,0.01689910888671875,99.98310089111328
2025-11-27 17:54:19.421432,s4-eth2,0.00897216796875,99.99102783203125
2025-11-27 17:54:19.421474,s5-eth3,0.00897216796875,99.99102783203125
2025-11-27 17:54:20.422032,s1-eth2,64.41645050048828,35.58354949951172
2025-11-27 17:54:20.422159,s4-eth2,0.00897216796875,99.99102783203125
2025-11-27 17:54:20.422199,s5-eth3,0.00897216796875,99.99102783203125
2025-11-27 17:54:21.423477,s1-eth2,60.6271858215332,39.3728141784668
2025-11-27 17:54:21.423807,s4-eth2,0.009283294677734375,99.99071670532227
2025-11-27 17:54:21.423911,s5-eth3,0.008963241577148437,99.99103675842285
2025-11-27 17:54:22.425265,s1-eth2,0.009283294677734375,99.99071670532227
2025-11-27 17:54:22.425591,s4-eth2,0.009283294677734375,99.99071670532227
2025-11-27 17:54:22.425696,s5-eth3,0.009603424072265625,99.99039657592773
2025-11-27 17:54:23.427031,s1-eth2,0.008963241577148437,99.99103675842285
2025-11-27 17:54:23.427326,s4-eth2,0.008963241577148437,99.99103675842285
2025-11-27 17:54:23.427429,s5-eth3,0.008963241577148437,99.99103675842285
2025-11-27 17:54:24.428771,s1-eth2,0.008963241577148437,99.99103675842285
2025-11-27 17:54:24.429076,s4-eth2,0.008963241577148437,99.99103675842285
2025-11-27 17:54:24.429180,s5-eth3,0.008963241577148437,99.99103675842285
2025-11-27 17:54:25.430478,s1-eth2,0.008963241577148437,99.99103675842285
2025-11-27 17:54:25.430773,s4-eth2,0.008963241577148437,99.99103675842285
2025-11-27 17:54:25.430900,s5-eth3,0.008963241577148437,99.99103675842285
2025-11-27 17:54:26.432257,s1-eth2,3.1391033935546875,96.86089660644531
2025-11-27 17:54:26.432583,s4-eth2,0.008963241577148437,99.99103675842285
2025-11-27 17:54:26.432689,s5-eth3,0.008963241577148437,99.99103675842285
2025-11-27 17:54:27.434017,s1-eth2,66.58293914794922,33.41706085205078
2025-11-27 17:54:27.434358,s4-eth2,0.008963241577148437,99.99103675842285
2025-11-27 17:54:27.434461,s5-eth3,0.008963241577148437,99.99103675842285
2025-11-27 17:54:28.435828,s1-eth2,0.008963241577148437,99.99103675842285
2025-11-27 17:54:28.436144,s4-eth2,5.000279388427734,94.99972061157227
2025-11-27 17:54:28.436261,s5-eth3,0.008963241577148437,99.99103675842285
2025-11-27 17:54:29.437567,s1-eth2,0.008963241577148437,99.99103675842285
2025-11-27 17:54:29.437895,s4-eth2,64.72077178955078,35.27922821044922
2025-11-27 17:54:29.438008,s5-eth3,0.008963241577148437,99.99103675842285
2025-11-27 17:54:30.439340,s1-eth2,0.009603424072265625,99.99039657592773
2025-11-27 17:54:30.439638,s4-eth2,0.009603424072265625,99.99039657592773
2025-11-27 17:54:30.439740,s5-eth3,0.009603424072265625,99.99039657592773
2025-11-27 17:54:31.441054,s1-eth2,0.009603424072265625,99.99039657592773
2025-11-27 17:54:31.441363,s4-eth2,0.009603424072265625,99.99039657592773
2025-11-27 17:54:31.441467,s5-eth3,0.009603424072265625,99.99039657592773
2025-11-27 17:54:32.443723,s1-eth2,0.5572960662841797,99.44270393371582
2025-11-27 17:54:32.444060,s4-eth2,0.01023345947265625,99.98976654052734
2025-11-27 17:54:32.444168,s5-eth3,0.008954238891601563,99.9910457611084
2025-11-27 17:54:33.445511,s1-eth2,63.80167007446289,36.19832992553711
2025-11-27 17:54:33.445845,s4-eth2,0.008963241577148437,99.99103675842285
2025-11-27 17:54:33.445948,s5-eth3,0.008963241577148437,99.99103675842285
2025-11-27 17:54:34.447290,s1-eth2,0.008963241577148437,99.99103675842285
2025-11-27 17:54:34.447588,s4-eth2,0.008963241577148437,99.99103675842285
2025-11-27 17:54:34.447693,s5-eth3,0.008963241577148437,99.99103675842285
2025-11-27 17:54:35.449016,s1-eth2,0.008963241577148437,99.99103675842285
2025-11-27 17:54:35.449325,s4-eth2,0.008963241577148437,99.99103675842285
2025-11-27 17:54:35.449429,s5-eth3,0.009603424072265625,99.99039657592773
2025-11-27 17:54:36.450764,s1-eth2,0.008963241577148437,99.99103675842285
2025-11-27 17:54:36.451096,s4-eth2,0.008963241577148437,99.99103675842285
2025-11-27 17:54:36.451201,s5-eth3,0.008963241577148437,99.99103675842285
2025-11-27 17:54:37.452548,s1-eth2,0.008963241577148437,99.99103675842285
2025-11-27 17:54:37.452859,s4-eth2,0.008963241577148437,99.99103675842285
2025-11-27 17:54:37.452980,s5-eth3,0.009603424072265625,99.99039657592773
2025-11-27 17:54:38.454322,s1-eth2,0.008963241577148437,99.99103675842285
2025-11-27 17:54:38.454630,s4-eth2,0.008963241577148437,99.99103675842285
2025-11-27 17:54:38.454744,s5-eth3,0.008963241577148437,99.99103675842285
2025-11-27 17:54:39.456090,s1-eth2,0.008963241577148437,99.99103675842285
2025-11-27 17:54:39.456398,s4-eth2,0.008963241577148437,99.99103675842285
2025-11-27 17:54:39.456505,s5-eth3,0.008963241577148437,99.99103675842285
2025-11-27 17:54:40.457808,s1-eth2,0.008963241577148437,99.99103675842285
2025-11-27 17:54:40.458140,s4-eth2,0.008963241577148437,99.99103675842285
2025-11-27 17:54:40.458250,s5-eth3,0.008963241577148437,99.99103675842285
2025-11-27 17:54:41.459596,s1-eth2,0.008963241577148437,99.99103675842285
2025-11-27 17:54:41.459896,s4-eth2,0.008963241577148437,99.99103675842285
2025-11-27 17:54:41.460000,s5-eth3,0.009603424072265625,99.99039657592773
2025-11-27 17:54:42.461316,s1-eth2,0.010243682861328126,99.98975631713867
2025-11-27 17:54:42.461626,s4-eth2,0.010243682861328126,99.98975631713867
2025-11-27 17:54:42.461729,s5-eth3,0.010243682861328126,99.98975631713867
2025-11-27 17:54:43.463064,s1-eth2,0.008963241577148437,99.99103675842285
2025-11-27 17:54:43.463358,s4-eth2,0.008963241577148437,99.99103675842285
2025-11-27 17:54:43.463461,s5-eth3,0.008963241577148437,99.99103675842285
2025-11-27 17:54:44.464786,s1-eth2,0.008963241577148437,99.99103675842285
2025-11-27 17:54:44.465103,s4-eth2,0.008963241577148437,99.99103675842285
2025-11-27 17:54:44.465208,s5-eth3,0.008963241577148437,99.99103675842285
2025-11-27 17:54:45.465854,s1-eth2,0.009603424072265625,99.99039657592773
2025-11-27 17:54:45.465976,s4-eth2,0.009613037109375,99.99038696289062
2025-11-27 17:54:45.466020,s5-eth3,10.787872314453125,89.21212768554688
2025-11-27 17:54:46.467330,s1-eth2,0.008963241577148437,99.99103675842285
2025-11-27 17:54:46.467645,s4-eth2,0.008963241577148437,99.99103675842285
2025-11-27 17:54:46.467774,s5-eth3,54.26056671142578,45.73943328857422
2025-11-27 17:54:47.469146,s1-eth2,0.009603424072265625,99.99039657592773
2025-11-27 17:54:47.469477,s4-eth2,0.009603424072265625,99.99039657592773
2025-11-27 17:54:47.469587,s5-eth3,0.008963241577148437,99.99103675842285
2025-11-27 17:54:48.470959,s1-eth2,0.008963241577148437,99.99103675842285
2025-11-27 17:54:48.471294,s4-eth2,0.008963241577148437,99.99103675842285
2025-11-27 17:54:48.471404,s5-eth3,0.008963241577148437,99.99103675842285
2025-11-27 17:54:49.472730,s1-eth2,0.008963241577148437,99.99103675842285
2025-11-27 17:54:49.473028,s4-eth2,0.008963241577148437,99.99103675842285
2025-11-27 17:54:49.473132,s5-eth3,0.008963241577148437,99.99103675842285
2025-11-27 17:54:50.474483,s1-eth2,0.008963241577148437,99.99103675842285
2025-11-27 17:54:50.474789,s4-eth2,0.008963241577148437,99.99103675842285
2025-11-27 17:54:50.474923,s5-eth3,0.008963241577148437,99.99103675842285
2025-11-27 17:54:51.476288,s1-eth2,0.008963241577148437,99.99103675842285
2025-11-27 17:54:51.476601,s4-eth2,0.008963241577148437,99.99103675842285
2025-11-27 17:54:51.476705,s5-eth3,0.008963241577148437,99.99103675842285
2025-11-27 17:54:52.478081,s1-eth2,0.009603424072265625,99.99039657592773
2025-11-27 17:54:52.478384,s4-eth2,0.009603424072265625,99.99039657592773
2025-11-27 17:54:52.478488,s5-eth3,0.009603424072265625,99.99039657592773
2025-11-27 17:54:53.479831,s1-eth2,0.008963241577148437,99.99103675842285
2025-11-27 17:54:53.480137,s4-eth2,0.008963241577148437,99.99103675842285
2025-11-27 17:54:53.480240,s5-eth3,0.008963241577148437,99.99103675842285
2025-11-27 17:54:54.481553,s1-eth2,0.008963241577148437,99.99103675842285
2025-11-27 17:54:54.481850,s4-eth2,0.008963241577148437,99.99103675842285
2025-11-27 17:54:54.481953,s5-eth3,0.008963241577148437,99.99103675842285
2025-11-27 17:54:55.483316,s1-eth2,0.009603424072265625,99.99039657592773
2025-11-27 17:54:55.483644,s4-eth2,0.019877548217773437,99.98012245178222
2025-11-27 17:54:55.483795,s5-eth3,0.009603424072265625,99.99039657592773
2025-11-27 17:54:56.485131,s1-eth2,0.008963241577148437,99.99103675842285
2025-11-27 17:54:56.485461,s4-eth2,66.4878158569336,33.512184143066406
2025-11-27 17:54:56.485579,s5-eth3,0.008963241577148437,99.99103675842285
2025-11-27 17:54:57.486950,s1-eth2,0.009603424072265625,99.99039657592773
2025-11-27 17:54:57.487286,s4-eth2,0.009603424072265625,99.99039657592773
2025-11-27 17:54:57.487392,s5-eth3,0.009603424072265625,99.99039657592773
2025-11-27 17:54:58.488037,s1-eth2,0.008963241577148437,99.99103675842285
2025-11-27 17:54:58.488166,s4-eth2,0.00897216796875,99.99102783203125
2025-11-27 17:54:58.488206,s5-eth3,0.00897216796875,99.99102783203125
2025-11-27 17:54:59.488737,s1-eth2,2.2977447509765625,97.70225524902344
2025-11-27 17:54:59.488857,s4-eth2,0.009613037109375,99.99038696289062
2025-11-27 17:54:59.488894,s5-eth3,0.01025390625,99.98974609375
2025-11-27 17:55:00.490147,s1-eth2,62.742244720458984,37.257755279541016
2025-11-27 17:55:00.490465,s4-eth2,0.008963241577148437,99.99103675842285
2025-11-27 17:55:00.490568,s5-eth3,0.008963241577148437,99.99103675842285
2025-11-27 17:55:01.491874,s1-eth2,0.009603424072265625,99.99039657592773
2025-11-27 17:55:01.492168,s4-eth2,0.009603424072265625,99.99039657592773
2025-11-27 17:55:01.492278,s5-eth3,0.008963241577148437,99.99103675842285
2025-11-27 17:55:02.493592,s1-eth2,0.008963241577148437,99.99103675842285
2025-11-27 17:55:02.493893,s4-eth2,0.008963241577148437,99.99103675842285
2025-11-27 17:55:02.494012,s5-eth3,9.7726220703125,90.22737792968749
2025-11-27 17:55:03.495327,s1-eth2,0.008963241577148437,99.99103675842285
2025-11-27 17:55:03.495623,s4-eth2,0.008963241577148437,99.99103675842285
2025-11-27 17:55:03.495740,s5-eth3,55.26437759399414,44.73562240600586
2025-11-27 17:55:04.496372,s1-eth2,0.009603424072265625,99.99039657592773
2025-11-27 17:55:04.496489,s4-eth2,0.009613037109375,99.99038696289062
2025-11-27 17:55:04.496527,s5-eth3,0.00897216796875,99.99102783203125
2025-11-27 17:55:05.497760,s1-eth2,0.008963241577148437,99.99103675842285
2025-11-27 17:55:05.498073,s4-eth2,0.008963241577148437,99.99103675842285
2025-11-27 17:55:05.498177,s5-eth3,0.009603424072265625,99.99039657592773
2025-11-27 17:55:06.499476,s1-eth2,0.008963241577148437,99.99103675842285
2025-11-27 17:55:06.499797,s4-eth2,0.008963241577148437,99.99103675842285
2025-11-27 17:55:06.499899,s5-eth3,0.008963241577148437,99.99103675842285
2025-11-27 17:55:07.500509,s1-eth2,0.009283294677734375,99.99071670532227
2025-11-27 17:55:07.500628,s4-eth2,0.0092926025390625,99.99070739746094
2025-11-27 17:55:07.500666,s5-eth3,0.00897216796875,99.99102783203125
2025-11-27 17:55:08.501896,s1-eth2,0.009283294677734375,99.99071670532227
2025-11-27 17:55:08.502226,s4-eth2,0.009283294677734375,99.99071670532227
2025-11-27 17:55:08.502330,s5-eth3,0.008963241577148437,99.99103675842285
2025-11-27 17:55:09.503653,s1-eth2,0.009603424072265625,99.99039657592773
2025-11-27 17:55:09.503946,s4-eth2,0.009603424072265625,99.99039657592773
2025-11-27 17:55:09.504054,s5-eth3,0.010243682861328126,99.98975631713867
2025-11-27 17:55:10.504667,s1-eth2,2.4799115753173826,97.52008842468261
2025-11-27 17:55:10.504787,s4-eth2,0.00897216796875,99.99102783203125
2025-11-27 17:55:10.504825,s5-eth3,0.00897216796875,99.99102783203125
2025-11-27 17:55:11.506096,s1-eth2,67.24162292480469,32.75837707519531
2025-11-27 17:55:11.506418,s4-eth2,0.008963241577148437,99.99103675842285
2025-11-27 17:55:11.506530,s5-eth3,0.008963241577148437,99.99103675842285
2025-11-27 17:55:12.507873,s1-eth2,0.008963241577148437,99.99103675842285
2025-11-27 17:55:12.508187,s4-eth2,0.008963241577148437,99.99103675842285
2025-11-27 17:55:12.508299,s5-eth3,0.010243682861328126,99.98975631713867
2025-11-27 17:55:13.509629,s1-eth2,0.010883865356445312,99.98911613464355
2025-11-27 17:55:13.509937,s4-eth2,0.010883865356445312,99.98911613464355
2025-11-27 17:55:13.510042,s5-eth3,0.009603424072265625,99.99039657592773
2025-11-27 17:55:14.511375,s1-eth2,0.008963241577148437,99.99103675842285
2025-11-27 17:55:14.511692,s4-eth2,0.008963241577148437,99.99103675842285
2025-11-27 17:55:14.511795,s5-eth3,0.008963241577148437,99.99103675842285
2025-11-27 17:55:15.513090,s1-eth2,0.008963241577148437,99.99103675842285
2025-11-27 17:55:15.513395,s4-eth2,0.01923736572265625,99.98076263427734
2025-11-27 17:55:15.513502,s5-eth3,0.01923736572265625,99.98076263427734
2025-11-27 17:55:16.514353,s1-eth2,0.008963241577148437,99.99103675842285
2025-11-27 17:55:16.514555,s4-eth2,69.52128601074219,30.478713989257812
2025-11-27 17:55:16.514623,s5-eth3,69.52128601074219,30.478713989257812
2025-11-27 17:55:17.516018,s1-eth2,5.368136901855468,94.63186309814454
2025-11-27 17:55:17.516362,s4-eth2,0.009603424072265625,99.99039657592773
2025-11-27 17:55:17.516475,s5-eth3,0.008963241577148437,99.99103675842285
2025-11-27 17:55:18.517872,s1-eth2,64.35453033447266,35.645469665527344
2025-11-27 17:55:18.518188,s4-eth2,0.008963241577148437,99.99103675842285
2025-11-27 17:55:18.518297,s5-eth3,0.008963241577148437,99.99103675842285
2025-11-27 17:55:19.519675,s1-eth2,0.008963241577148437,99.99103675842285
2025-11-27 17:55:19.519972,s4-eth2,0.008963241577148437,99.99103675842285
2025-11-27 17:55:19.520075,s5-eth3,0.008963241577148437,99.99103675842285
2025-11-27 17:55:20.521738,s1-eth2,0.009593887329101563,99.9904061126709
2025-11-27 17:55:20.522167,s4-eth2,0.0169415283203125,99.98305847167968
2025-11-27 17:55:20.522322,s5-eth3,0.015928802490234376,99.98407119750976
2025-11-27 17:55:21.523758,s1-eth2,0.008954238891601563,99.9910457611084
2025-11-27 17:55:21.524090,s4-eth2,69.52420043945312,30.475799560546875
2025-11-27 17:55:21.524203,s5-eth3,69.52520751953125,30.47479248046875
2025-11-27 17:55:22.525550,s1-eth2,0.009710159301757813,99.99028984069824
2025-11-27 17:55:22.525846,s4-eth2,0.008963241577148437,99.99103675842285
2025-11-27 17:55:22.525950,s5-eth3,0.008963241577148437,99.99103675842285
2025-11-27 17:55:23.526595,s1-eth2,0.01798736572265625,99.98201263427734
2025-11-27 17:55:23.526716,s4-eth2,0.00897216796875,99.99102783203125
2025-11-27 17:55:23.526755,s5-eth3,0.00897216796875,99.99102783203125
2025-11-27 17:55:24.528089,s1-eth2,48.6213493347168,51.3786506652832
2025-11-27 17:55:24.528453,s4-eth2,0.008963241577148437,99.99103675842285
2025-11-27 17:55:24.528566,s5-eth3,0.010243682861328126,99.98975631713867
2025-11-27 17:55:25.529893,s1-eth2,20.57917594909668,79.42082405090332
2025-11-27 17:55:25.530219,s4-eth2,0.008963241577148437,99.99103675842285
2025-11-27 17:55:25.530322,s5-eth3,0.008963241577148437,99.99103675842285
2025-11-27 17:55:26.530959,s1-eth2,0.5775627136230469,99.42243728637695
2025-11-27 17:55:26.531078,s4-eth2,0.00897216796875,99.99102783203125
2025-11-27 17:55:26.531117,s5-eth3,0.00897216796875,99.99102783203125
2025-11-27 17:55:27.532374,s1-eth2,64.45799255371094,35.54200744628906
2025-11-27 17:55:27.532691,s4-eth2,0.008963241577148437,99.99103675842285
2025-11-27 17:55:27.532795,s5-eth3,0.008963241577148437,99.99103675842285
2025-11-27 17:55:28.534123,s1-eth2,0.008963241577148437,99.99103675842285
2025-11-27 17:55:28.534439,s4-eth2,7.001406173706055,92.99859382629394
2025-11-27 17:55:28.534554,s5-eth3,0.008963241577148437,99.99103675842285
2025-11-27 17:55:29.535886,s1-eth2,0.010457077026367188,99.98954292297363
2025-11-27 17:55:29.536237,s4-eth2,62.712589263916016,37.287410736083984
2025-11-27 17:55:29.536356,s5-eth3,0.008963241577148437,99.99103675842285
2025-11-27 17:55:30.537646,s1-eth2,0.008963241577148437,99.99103675842285
2025-11-27 17:55:30.537959,s4-eth2,0.008963241577148437,99.99103675842285
2025-11-27 17:55:30.538070,s5-eth3,0.008963241577148437,99.99103675842285
2025-11-27 17:55:31.539397,s1-eth2,0.008963241577148437,99.99103675842285
2025-11-27 17:55:31.539722,s4-eth2,0.008963241577148437,99.99103675842285
2025-11-27 17:55:31.539828,s5-eth3,0.008963241577148437,99.99103675842285
2025-11-27 17:55:32.541152,s1-eth2,0.008963241577148437,99.99103675842285
2025-11-27 17:55:32.541464,s4-eth2,0.010457077026367188,99.98954292297363
2025-11-27 17:55:32.541568,s5-eth3,0.008963241577148437,99.99103675842285
2025-11-27 17:55:33.542879,s1-eth2,0.008963241577148437,99.99103675842285
2025-11-27 17:55:33.543185,s4-eth2,0.008963241577148437,99.99103675842285
2025-11-27 17:55:33.543289,s5-eth3,0.008963241577148437,99.99103675842285
2025-11-27 17:55:34.544596,s1-eth2,0.008963241577148437,99.99103675842285
2025-11-27 17:55:34.544895,s4-eth2,0.008963241577148437,99.99103675842285
2025-11-27 17:55:34.544997,s5-eth3,0.009603424072265625,99.99039657592773
2025-11-27 17:55:35.546293,s1-eth2,0.009603424072265625,99.99039657592773
2025-11-27 17:55:35.546597,s4-eth2,0.009603424072265625,99.99039657592773
2025-11-27 17:55:35.546703,s5-eth3,0.009603424072265625,99.99039657592773
2025-11-27 17:55:36.548031,s1-eth2,0.008963241577148437,99.99103675842285
2025-11-27 17:55:36.548343,s4-eth2,0.008963241577148437,99.99103675842285
2025-11-27 17:55:36.548453,s5-eth3,0.008963241577148437,99.99103675842285
2025-11-27 17:55:37.549774,s1-eth2,0.009603424072265625,99.99039657592773
2025-11-27 17:55:37.550076,s4-eth2,0.009603424072265625,99.99039657592773
2025-11-27 17:55:37.550194,s5-eth3,0.008963241577148437,99.99103675842285
2025-11-27 17:55:38.550834,s1-eth2,2.298360824584961,97.70163917541504
2025-11-27 17:55:38.550972,s4-eth2,0.00897216796875,99.99102783203125
2025-11-27 17:55:38.551011,s5-eth3,0.00897216796875,99.99102783203125
2025-11-27 17:55:39.552262,s1-eth2,62.0611686706543,37.9388313293457
2025-11-27 17:55:39.552608,s4-eth2,0.009603424072265625,99.99039657592773
2025-11-27 17:55:39.552713,s5-eth3,0.008963241577148437,99.99103675842285
2025-11-27 17:55:40.554027,s1-eth2,0.009603424072265625,99.99039657592773
2025-11-27 17:55:40.554349,s4-eth2,0.009603424072265625,99.99039657592773
2025-11-27 17:55:40.554453,s5-eth3,0.009603424072265625,99.99039657592773
2025-11-27 17:55:41.555086,s1-eth2,0.009923553466796875,99.99007644653321
2025-11-27 17:55:41.555202,s4-eth2,0.0099334716796875,99.99006652832031
2025-11-27 17:55:41.555246,s5-eth3,0.01025390625,99.98974609375
2025-11-27 17:55:42.556500,s1-eth2,0.009283294677734375,99.99071670532227
2025-11-27 17:55:42.556829,s4-eth2,0.007789459228515625,99.99221054077148
2025-11-27 17:55:42.556948,s5-eth3,12.559873580932617,87.44012641906738
2025-11-27 17:55:43.557601,s1-eth2,0.008963241577148437,99.99103675842285
2025-11-27 17:55:43.557731,s4-eth2,0.00897216796875,99.99102783203125
2025-11-27 17:55:43.557782,s5-eth3,52.529144287109375,47.470855712890625
2025-11-27 17:55:44.559071,s1-eth2,0.010243682861328126,99.98975631713867
2025-11-27 17:55:44.559380,s4-eth2,0.010243682861328126,99.98975631713867
2025-11-27 17:55:44.559484,s5-eth3,0.010243682861328126,99.98975631713867
2025-11-27 17:55:45.560491,s1-eth2,0.008109588623046875,99.99189041137696
2025-11-27 17:55:45.560707,s4-eth2,0.009603424072265625,99.99039657592773
2025-11-27 17:55:45.560788,s5-eth3,0.008963241577148437,99.99103675842285
2025-11-27 17:55:46.561374,s1-eth2,0.009613037109375,99.99038696289062
2025-11-27 17:55:46.561491,s4-eth2,0.009613037109375,99.99038696289062
2025-11-27 17:55:46.561530,s5-eth3,0.009613037109375,99.99038696289062
2025-11-27 17:55:47.562065,s1-eth2,0.00897216796875,99.99102783203125
2025-11-27 17:55:47.562181,s4-eth2,0.00897216796875,99.99102783203125
2025-11-27 17:55:47.562219,s5-eth3,0.00897216796875,99.99102783203125
2025-11-27 17:55:48.563474,s1-eth2,0.008963241577148437,99.99103675842285
2025-11-27 17:55:48.563791,s4-eth2,0.008963241577148437,99.99103675842285
2025-11-27 17:55:48.563909,s5-eth3,9.940316162109376,90.05968383789062
2025-11-27 17:55:49.565256,s1-eth2,0.009603424072265625,99.99039657592773
2025-11-27 17:55:49.565553,s4-eth2,0.009603424072265625,99.99039657592773
2025-11-27 17:55:49.565671,s5-eth3,55.09695816040039,44.90304183959961
2025-11-27 17:55:50.567055,s1-eth2,0.008963241577148437,99.99103675842285
2025-11-27 17:55:50.567385,s4-eth2,0.008963241577148437,99.99103675842285
2025-11-27 17:55:50.567497,s5-eth3,0.008963241577148437,99.99103675842285
2025-11-27 17:55:51.568804,s1-eth2,0.010457077026367188,99.98954292297363
2025-11-27 17:55:51.569121,s4-eth2,0.008963241577148437,99.99103675842285
2025-11-27 17:55:51.569231,s5-eth3,0.008963241577148437,99.99103675842285
2025-11-27 17:55:52.570519,s1-eth2,0.008963241577148437,99.99103675842285
2025-11-27 17:55:52.570827,s4-eth2,0.008963241577148437,99.99103675842285
2025-11-27 17:55:52.570947,s5-eth3,0.008963241577148437,99.99103675842285
2025-11-27 17:55:53.571559,s1-eth2,0.007469329833984375,99.99253067016602
2025-11-27 17:55:53.571673,s4-eth2,0.00897216796875,99.99102783203125
2025-11-27 17:55:53.571711,s5-eth3,0.00897216796875,99.99102783203125
2025-11-27 17:55:54.573011,s1-eth2,0.008963241577148437,99.99103675842285
2025-11-27 17:55:54.573357,s4-eth2,0.008963241577148437,99.99103675842285
2025-11-27 17:55:54.573462,s5-eth3,0.009603424072265625,99.99039657592773
2025-11-27 17:55:55.574986,s1-eth2,0.008963241577148437,99.99103675842285
2025-11-27 17:55:55.575307,s4-eth2,0.008963241577148437,99.99103675842285
2025-11-27 17:55:55.575412,s5-eth3,0.008963241577148437,99.99103675842285
2025-11-27 17:55:56.576766,s1-eth2,0.008963241577148437,99.99103675842285
2025-11-27 17:55:56.577066,s4-eth2,0.008963241577148437,99.99103675842285
2025-11-27 17:55:56.577191,s5-eth3,0.009603424072265625,99.99039657592773
2025-11-27 17:55:57.578519,s1-eth2,0.008963241577148437,99.99103675842285
2025-11-27 17:55:57.578833,s4-eth2,0.008963241577148437,99.99103675842285
2025-11-27 17:55:57.578963,s5-eth3,0.008963241577148437,99.99103675842285
2025-11-27 17:55:58.579895,s1-eth2,0.008963241577148437,99.99103675842285
2025-11-27 17:55:58.580108,s4-eth2,0.008963241577148437,99.99103675842285
2025-11-27 17:55:58.580182,s5-eth3,0.008963241577148437,99.99103675842285
2025-11-27 17:55:59.581451,s1-eth2,0.010457077026367188,99.98954292297363
2025-11-27 17:55:59.581792,s4-eth2,0.008963241577148437,99.99103675842285
2025-11-27 17:55:59.581902,s5-eth3,0.008963241577148437,99.99103675842285
2025-11-27 17:56:00.583408,s1-eth2,0.008963241577148437,99.99103675842285
2025-11-27 17:56:00.583707,s4-eth2,0.010457077026367188,99.98954292297363
2025-11-27 17:56:00.583811,s5-eth3,0.008963241577148437,99.99103675842285
2025-11-27 17:56:01.584401,s1-eth2,0.00897216796875,99.99102783203125
2025-11-27 17:56:01.584514,s4-eth2,0.007476806640625,99.99252319335938
2025-11-27 17:56:01.584550,s5-eth3,0.00897216796875,99.99102783203125
2025-11-27 17:56:02.585817,s1-eth2,0.010243682861328126,99.98975631713867
2025-11-27 17:56:02.586141,s4-eth2,0.010243682861328126,99.98975631713867
2025-11-27 17:56:02.586245,s5-eth3,0.009603424072265625,99.99039657592773
2025-11-27 17:56:03.586863,s1-eth2,0.007469329833984375,99.99253067016602
2025-11-27 17:56:03.586979,s4-eth2,2.199188232421875,97.80081176757812
2025-11-27 17:56:03.587017,s5-eth3,2.0677642822265625,97.93223571777344
2025-11-27 17:56:04.588253,s1-eth2,0.010777206420898437,99.9892227935791
2025-11-27 17:56:04.588562,s4-eth2,67.34436798095703,32.65563201904297
2025-11-27 17:56:04.588672,s5-eth3,67.47598266601562,32.524017333984375
2025-11-27 17:56:05.590130,s1-eth2,0.009283294677734375,99.99071670532227
2025-11-27 17:56:05.590436,s4-eth2,0.009283294677734375,99.99071670532227
2025-11-27 17:56:05.590540,s5-eth3,0.008963241577148437,99.99103675842285
2025-11-27 17:56:06.591163,s1-eth2,0.008963241577148437,99.99103675842285
2025-11-27 17:56:06.591276,s4-eth2,0.00897216796875,99.99102783203125
2025-11-27 17:56:06.591314,s5-eth3,0.00897216796875,99.99102783203125
2025-11-27 17:56:07.592598,s1-eth2,0.00821624755859375,99.9917837524414
2025-11-27 17:56:07.592953,s4-eth2,0.01923736572265625,99.98076263427734
2025-11-27 17:56:07.593063,s5-eth3,0.009603424072265625,99.99039657592773
2025-11-27 17:56:08.594412,s1-eth2,0.009710159301757813,99.99028984069824
2025-11-27 17:56:08.594737,s4-eth2,69.70405578613281,30.295944213867188
2025-11-27 17:56:08.594873,s5-eth3,0.008963241577148437,99.99103675842285
2025-11-27 17:56:09.595469,s1-eth2,0.010243682861328126,99.98975631713867
2025-11-27 17:56:09.595573,s4-eth2,0.0095062255859375,99.99049377441406
2025-11-27 17:56:09.595608,s5-eth3,0.01025390625,99.98974609375
2025-11-27 17:56:10.596956,s1-eth2,5.313823699951172,94.68617630004883
2025-11-27 17:56:10.597274,s4-eth2,0.009710159301757813,99.99028984069824
2025-11-27 17:56:10.597380,s5-eth3,0.008963241577148437,99.99103675842285
2025-11-27 17:56:11.598037,s1-eth2,59.723121643066406,40.276878356933594
2025-11-27 17:56:11.598172,s4-eth2,0.0088653564453125,99.99113464355469
2025-11-27 17:56:11.598214,s5-eth3,0.00897216796875,99.99102783203125
2025-11-27 17:56:12.599557,s1-eth2,0.00821624755859375,99.9917837524414
2025-11-27 17:56:12.599883,s4-eth2,0.008963241577148437,99.99103675842285
2025-11-27 17:56:12.600005,s5-eth3,0.008963241577148437,99.99103675842285
2025-11-27 17:56:13.601388,s1-eth2,0.010457077026367188,99.98954292297363
2025-11-27 17:56:13.601717,s4-eth2,0.008963241577148437,99.99103675842285
2025-11-27 17:56:13.601843,s5-eth3,0.010243682861328126,99.98975631713867
2025-11-27 17:56:14.602478,s1-eth2,3.3726346588134763,96.62736534118652
2025-11-27 17:56:14.602594,s4-eth2,0.00897216796875,99.99102783203125
2025-11-27 17:56:14.602632,s5-eth3,0.00897216796875,99.99102783203125
2025-11-27 17:56:15.604110,s1-eth2,66.34919738769531,33.65080261230469
2025-11-27 17:56:15.604459,s4-eth2,0.008963241577148437,99.99103675842285
2025-11-27 17:56:15.604564,s5-eth3,0.008963241577148437,99.99103675842285
2025-11-27 17:56:16.605911,s1-eth2,0.009710159301757813,99.99028984069824
2025-11-27 17:56:16.606224,s4-eth2,0.009710159301757813,99.99028984069824
2025-11-27 17:56:16.606328,s5-eth3,0.008963241577148437,99.99103675842285
2025-11-27 17:56:17.607708,s1-eth2,0.010243682861328126,99.98975631713867
2025-11-27 17:56:17.608005,s4-eth2,0.0109906005859375,99.98900939941406
2025-11-27 17:56:17.608117,s5-eth3,0.008963241577148437,99.99103675842285
2025-11-27 17:56:18.608764,s1-eth2,1.4710936737060547,98.52890632629395
2025-11-27 17:56:18.608886,s4-eth2,0.01776123046875,99.98223876953125
2025-11-27 17:56:18.608927,s5-eth3,0.019256591796875,99.98074340820312
2025-11-27 17:56:19.610275,s1-eth2,63.56594467163086,36.43405532836914
2025-11-27 17:56:19.610617,s4-eth2,69.52328491210938,30.476715087890625
2025-11-27 17:56:19.610737,s5-eth3,69.52178955078125,30.47821044921875
2025-11-27 17:56:20.612303,s1-eth2,0.008954238891601563,99.9910457611084
2025-11-27 17:56:20.612646,s4-eth2,0.008954238891601563,99.9910457611084
2025-11-27 17:56:20.612750,s5-eth3,0.009700469970703125,99.99029953002929
2025-11-27 17:56:21.614122,s1-eth2,0.008963241577148437,99.99103675842285
2025-11-27 17:56:21.614436,s4-eth2,0.008963241577148437,99.99103675842285
2025-11-27 17:56:21.614565,s5-eth3,0.009710159301757813,99.99028984069824
2025-11-27 17:56:22.615232,s1-eth2,6.781442184448242,93.21855781555176
2025-11-27 17:56:22.615359,s4-eth2,0.007476806640625,99.99252319335938
2025-11-27 17:56:22.615401,s5-eth3,0.007476806640625,99.99252319335938
2025-11-27 17:56:23.615977,s1-eth2,106.02281188964844,-6.0228118896484375
2025-11-27 17:56:23.616108,s4-eth2,0.010467529296875,99.98953247070312
2025-11-27 17:56:23.616151,s5-eth3,0.00897216796875,99.99102783203125
2025-11-27 17:56:24.617450,s1-eth2,25.993255615234375,74.00674438476562
2025-11-27 17:56:24.617779,s4-eth2,0.008963241577148437,99.99103675842285
2025-11-27 17:56:24.617891,s5-eth3,0.008963241577148437,99.99103675842285
2025-11-27 17:56:25.619412,s1-eth2,0.008963241577148437,99.99103675842285
2025-11-27 17:56:25.619750,s4-eth2,0.008963241577148437,99.99103675842285
2025-11-27 17:56:25.619854,s5-eth3,0.010457077026367188,99.98954292297363
2025-11-27 17:56:26.621169,s1-eth2,0.008963241577148437,99.99103675842285
2025-11-27 17:56:26.621464,s4-eth2,0.008963241577148437,99.99103675842285
2025-11-27 17:56:26.621567,s5-eth3,0.008963241577148437,99.99103675842285
2025-11-27 17:56:27.622950,s1-eth2,0.008963241577148437,99.99103675842285
2025-11-27 17:56:27.623248,s4-eth2,0.008963241577148437,99.99103675842285
2025-11-27 17:56:27.623350,s5-eth3,0.008963241577148437,99.99103675842285
2025-11-27 17:56:28.624672,s1-eth2,0.009603424072265625,99.99039657592773
2025-11-27 17:56:28.624989,s4-eth2,0.009603424072265625,99.99039657592773
2025-11-27 17:56:28.625101,s5-eth3,0.009603424072265625,99.99039657592773
2025-11-27 17:56:29.626404,s1-eth2,0.009603424072265625,99.99039657592773
2025-11-27 17:56:29.626728,s4-eth2,0.009603424072265625,99.99039657592773
2025-11-27 17:56:29.626831,s5-eth3,0.009603424072265625,99.99039657592773
2025-11-27 17:56:30.628346,s1-eth2,3.256539611816406,96.74346038818359
2025-11-27 17:56:30.628678,s4-eth2,0.008963241577148437,99.99103675842285
2025-11-27 17:56:30.628782,s5-eth3,0.008963241577148437,99.99103675842285
2025-11-27 17:56:31.630146,s1-eth2,61.10362243652344,38.89637756347656
2025-11-27 17:56:31.630472,s4-eth2,0.010243682861328126,99.98975631713867
2025-11-27 17:56:31.630575,s5-eth3,0.009603424072265625,99.99039657592773
2025-11-27 17:56:32.631946,s1-eth2,0.008963241577148437,99.99103675842285
2025-11-27 17:56:32.632251,s4-eth2,0.008963241577148437,99.99103675842285
2025-11-27 17:56:32.632355,s5-eth3,0.008963241577148437,99.99103675842285
2025-11-27 17:56:33.633670,s1-eth2,0.010243682861328126,99.98975631713867
2025-11-27 17:56:33.633968,s4-eth2,0.010243682861328126,99.98975631713867
2025-11-27 17:56:33.634072,s5-eth3,0.010883865356445312,99.98911613464355
2025-11-27 17:56:34.635376,s1-eth2,0.008963241577148437,99.99103675842285
2025-11-27 17:56:34.635705,s4-eth2,0.008963241577148437,99.99103675842285
2025-11-27 17:56:34.635825,s5-eth3,0.009603424072265625,99.99039657592773
2025-11-27 17:56:35.637262,s1-eth2,0.008963241577148437,99.99103675842285
2025-11-27 17:56:35.637558,s4-eth2,0.008963241577148437,99.99103675842285
2025-11-27 17:56:35.637661,s5-eth3,0.010457077026367188,99.98954292297363
2025-11-27 17:56:36.639022,s1-eth2,0.008963241577148437,99.99103675842285
2025-11-27 17:56:36.639319,s4-eth2,0.008963241577148437,99.99103675842285
2025-11-27 17:56:36.639423,s5-eth3,0.009603424072265625,99.99039657592773
2025-11-27 17:56:37.641105,s1-eth2,0.009593887329101563,99.9904061126709
2025-11-27 17:56:37.641562,s4-eth2,0.009593887329101563,99.9904061126709
2025-11-27 17:56:37.641707,s5-eth3,0.009593887329101563,99.9904061126709
2025-11-27 17:56:38.643066,s1-eth2,0.009283294677734375,99.99071670532227
2025-11-27 17:56:38.643389,s4-eth2,0.010777206420898437,99.9892227935791
2025-11-27 17:56:38.643498,s5-eth3,0.008963241577148437,99.99103675842285
2025-11-27 17:56:39.644789,s1-eth2,0.009283294677734375,99.99071670532227
2025-11-27 17:56:39.645097,s4-eth2,0.009283294677734375,99.99071670532227
2025-11-27 17:56:39.645199,s5-eth3,0.008963241577148437,99.99103675842285
2025-11-27 17:56:40.646662,s1-eth2,0.010457077026367188,99.98954292297363
2025-11-27 17:56:40.647001,s4-eth2,0.008963241577148437,99.99103675842285
2025-11-27 17:56:40.647111,s5-eth3,0.008963241577148437,99.99103675842285
2025-11-27 17:56:41.648499,s1-eth2,0.008963241577148437,99.99103675842285
2025-11-27 17:56:41.648795,s4-eth2,0.008963241577148437,99.99103675842285
2025-11-27 17:56:41.648909,s5-eth3,0.008963241577148437,99.99103675842285
2025-11-27 17:56:42.649543,s1-eth2,0.008963241577148437,99.99103675842285
2025-11-27 17:56:42.649660,s4-eth2,0.00897216796875,99.99102783203125
2025-11-27 17:56:42.649699,s5-eth3,0.00897216796875,99.99102783203125
2025-11-27 17:56:43.650265,s1-eth2,0.007476806640625,99.99252319335938
2025-11-27 17:56:43.650389,s4-eth2,9.644805908203125,90.35519409179688
2025-11-27 17:56:43.650435,s5-eth3,0.006622314453125,99.99337768554688
2025-11-27 17:56:44.652059,s1-eth2,0.010457077026367188,99.98954292297363
2025-11-27 17:56:44.652396,s4-eth2,60.02724838256836,39.97275161743164
2025-11-27 17:56:44.652515,s5-eth3,0.012578582763671875,99.98742141723633
2025-11-27 17:56:45.654082,s1-eth2,0.008954238891601563,99.9910457611084
2025-11-27 17:56:45.654406,s4-eth2,0.008954238891601563,99.9910457611084
2025-11-27 17:56:45.654520,s5-eth3,0.008954238891601563,99.9910457611084
2025-11-27 17:56:46.655828,s1-eth2,0.009603424072265625,99.99039657592773
2025-11-27 17:56:46.656125,s4-eth2,0.009603424072265625,99.99039657592773
2025-11-27 17:56:46.656230,s5-eth3,0.008963241577148437,99.99103675842285
2025-11-27 17:56:47.657528,s1-eth2,0.010243682861328126,99.98975631713867
2025-11-27 17:56:47.657826,s4-eth2,0.010243682861328126,99.98975631713867
2025-11-27 17:56:47.657929,s5-eth3,0.008963241577148437,99.99103675842285
2025-11-27 17:56:48.658542,s1-eth2,0.007469329833984375,99.99253067016602
2025-11-27 17:56:48.658662,s4-eth2,0.007476806640625,99.99252319335938
2025-11-27 17:56:48.658704,s5-eth3,15.684371948242188,84.31562805175781
2025-11-27 17:56:49.659976,s1-eth2,0.010457077026367188,99.98954292297363
2025-11-27 17:56:49.660298,s4-eth2,0.010457077026367188,99.98954292297363
2025-11-27 17:56:49.660416,s5-eth3,49.368465423583984,50.631534576416016
2025-11-27 17:56:50.661459,s1-eth2,0.008963241577148437,99.99103675842285
2025-11-27 17:56:50.661703,s4-eth2,0.008963241577148437,99.99103675842285
2025-11-27 17:56:50.661779,s5-eth3,0.008963241577148437,99.99103675842285
2025-11-27 17:56:51.663149,s1-eth2,0.009603424072265625,99.99039657592773
2025-11-27 17:56:51.663470,s4-eth2,0.009603424072265625,99.99039657592773
2025-11-27 17:56:51.663575,s5-eth3,0.008963241577148437,99.99103675842285
2025-11-27 17:56:52.664921,s1-eth2,0.008963241577148437,99.99103675842285
2025-11-27 17:56:52.665237,s4-eth2,0.008963241577148437,99.99103675842285
2025-11-27 17:56:52.665340,s5-eth3,0.008963241577148437,99.99103675842285
2025-11-27 17:56:53.665989,s1-eth2,0.007469329833984375,99.99253067016602
2025-11-27 17:56:53.666111,s4-eth2,0.007476806640625,99.99252319335938
2025-11-27 17:56:53.666153,s5-eth3,12.681671142578125,87.31832885742188
2025-11-27 17:56:54.667489,s1-eth2,0.010457077026367188,99.98954292297363
2025-11-27 17:56:54.667816,s4-eth2,0.010457077026367188,99.98954292297363
2025-11-27 17:56:54.667945,s5-eth3,52.36740493774414,47.63259506225586
2025-11-27 17:56:55.669513,s1-eth2,0.01023345947265625,99.98976654052734
2025-11-27 17:56:55.669819,s4-eth2,0.01023345947265625,99.98976654052734
2025-11-27 17:56:55.669937,s5-eth3,0.009603424072265625,99.99039657592773
2025-11-27 17:56:56.671366,s1-eth2,0.008963241577148437,99.99103675842285
2025-11-27 17:56:56.671683,s4-eth2,0.008963241577148437,99.99103675842285
2025-11-27 17:56:56.671791,s5-eth3,0.008963241577148437,99.99103675842285
2025-11-27 17:56:57.672414,s1-eth2,0.008963241577148437,99.99103675842285
2025-11-27 17:56:57.672527,s4-eth2,0.00897216796875,99.99102783203125
2025-11-27 17:56:57.672564,s5-eth3,0.00897216796875,99.99102783203125
2025-11-27 17:56:58.673824,s1-eth2,0.009603424072265625,99.99039657592773
2025-11-27 17:56:58.674151,s4-eth2,0.009603424072265625,99.99039657592773
2025-11-27 17:56:58.674259,s5-eth3,0.009603424072265625,99.99039657592773
2025-11-27 17:56:59.675647,s1-eth2,0.008963241577148437,99.99103675842285
2025-11-27 17:56:59.675960,s4-eth2,0.008963241577148437,99.99103675842285
2025-11-27 17:56:59.676064,s5-eth3,0.008963241577148437,99.99103675842285
2025-11-27 17:57:00.677565,s1-eth2,0.008963241577148437,99.99103675842285
2025-11-27 17:57:00.677884,s4-eth2,0.008963241577148437,99.99103675842285
2025-11-27 17:57:00.677989,s5-eth3,0.008963241577148437,99.99103675842285
2025-11-27 17:57:01.680127,s1-eth2,0.008954238891601563,99.9910457611084
2025-11-27 17:57:01.680459,s4-eth2,0.008954238891601563,99.9910457611084
2025-11-27 17:57:01.680565,s5-eth3,0.009593887329101563,99.9904061126709
2025-11-27 17:57:02.681884,s1-eth2,0.008963241577148437,99.99103675842285
2025-11-27 17:57:02.682209,s4-eth2,0.008963241577148437,99.99103675842285
2025-11-27 17:57:02.682321,s5-eth3,0.009603424072265625,99.99039657592773
2025-11-27 17:57:03.682967,s1-eth2,6.260966339111328,93.73903366088867
2025-11-27 17:57:03.683084,s4-eth2,0.00897216796875,99.99102783203125
2025-11-27 17:57:03.683122,s5-eth3,0.00897216796875,99.99102783203125
2025-11-27 17:57:04.684361,s1-eth2,58.775577545166016,41.224422454833984
2025-11-27 17:57:04.684680,s4-eth2,0.008963241577148437,99.99103675842285
2025-11-27 17:57:04.684795,s5-eth3,0.008963241577148437,99.99103675842285
2025-11-27 17:57:05.685505,s1-eth2,5.526516876220703,94.4734831237793
2025-11-27 17:57:05.685618,s4-eth2,5.254119873046875,94.74588012695312
2025-11-27 17:57:05.685657,s5-eth3,3.7433624267578125,96.25663757324219
2025-11-27 17:57:06.686974,s1-eth2,60.60308074951172,39.39691925048828
2025-11-27 17:57:06.687310,s4-eth2,99.79702758789062,0.202972412109375
2025-11-27 17:57:06.687429,s5-eth3,48.293033599853516,51.706966400146484
2025-11-27 17:57:07.688769,s1-eth2,0.010457077026367188,99.98954292297363
2025-11-27 17:57:07.689081,s4-eth2,17.938535690307617,82.06146430969238
2025-11-27 17:57:07.689192,s5-eth3,18.048898696899414,81.95110130310059
2025-11-27 17:57:08.690509,s1-eth2,0.008963241577148437,99.99103675842285
2025-11-27 17:57:08.690812,s4-eth2,0.008963241577148437,99.99103675842285
2025-11-27 17:57:08.690943,s5-eth3,0.008963241577148437,99.99103675842285
2025-11-27 17:57:09.692255,s1-eth2,0.008963241577148437,99.99103675842285
2025-11-27 17:57:09.692569,s4-eth2,0.008963241577148437,99.99103675842285
2025-11-27 17:57:09.692673,s5-eth3,0.008963241577148437,99.99103675842285
2025-11-27 17:57:10.694116,s1-eth2,0.008963241577148437,99.99103675842285
2025-11-27 17:57:10.694438,s4-eth2,0.008963241577148437,99.99103675842285
2025-11-27 17:57:10.694541,s5-eth3,0.008963241577148437,99.99103675842285
2025-11-27 17:57:11.695859,s1-eth2,0.008963241577148437,99.99103675842285
2025-11-27 17:57:11.696156,s4-eth2,0.008963241577148437,99.99103675842285
2025-11-27 17:57:11.696258,s5-eth3,0.008963241577148437,99.99103675842285
2025-11-27 17:57:12.697557,s1-eth2,0.008963241577148437,99.99103675842285
2025-11-27 17:57:12.697852,s4-eth2,0.008963241577148437,99.99103675842285
2025-11-27 17:57:12.697955,s5-eth3,0.008963241577148437,99.99103675842285
2025-11-27 17:57:13.699453,s1-eth2,0.009283294677734375,99.99071670532227
2025-11-27 17:57:13.699839,s4-eth2,0.009283294677734375,99.99071670532227
2025-11-27 17:57:13.699942,s5-eth3,0.009603424072265625,99.99039657592773
2025-11-27 17:57:14.700556,s1-eth2,0.3617293548583984,99.6382706451416
2025-11-27 17:57:14.700677,s4-eth2,0.0092926025390625,99.99070739746094
2025-11-27 17:57:14.700716,s5-eth3,0.009613037109375,99.99038696289062
2025-11-27 17:57:15.701279,s1-eth2,70.94329833984375,29.05670166015625
2025-11-27 17:57:15.701407,s4-eth2,0.00897216796875,99.99102783203125
2025-11-27 17:57:15.701446,s5-eth3,0.00897216796875,99.99102783203125
2025-11-27 17:57:16.702695,s1-eth2,60.23493194580078,39.76506805419922
2025-11-27 17:57:16.703045,s4-eth2,0.008963241577148437,99.99103675842285
2025-11-27 17:57:16.703150,s5-eth3,0.009603424072265625,99.99039657592773
2025-11-27 17:57:17.703772,s1-eth2,0.008963241577148437,99.99103675842285
2025-11-27 17:57:17.703897,s4-eth2,0.00897216796875,99.99102783203125
2025-11-27 17:57:17.703938,s5-eth3,0.00897216796875,99.99102783203125
2025-11-27 17:57:18.704528,s1-eth2,8.761978149414062,91.23802185058594
2025-11-27 17:57:18.704652,s4-eth2,0.00897216796875,99.99102783203125
2025-11-27 17:57:18.704694,s5-eth3,0.00897216796875,99.99102783203125
2025-11-27 17:57:19.705998,s1-eth2,60.964847564697266,39.035152435302734
2025-11-27 17:57:19.706331,s4-eth2,0.008963241577148437,99.99103675842285
2025-11-27 17:57:19.706434,s5-eth3,0.008963241577148437,99.99103675842285
2025-11-27 17:57:20.707903,s1-eth2,0.010243682861328126,99.98975631713867
2025-11-27 17:57:20.708200,s4-eth2,0.010243682861328126,99.98975631713867
2025-11-27 17:57:20.708303,s5-eth3,0.010243682861328126,99.98975631713867
2025-11-27 17:57:21.709623,s1-eth2,0.008963241577148437,99.99103675842285
2025-11-27 17:57:21.709927,s4-eth2,0.008963241577148437,99.99103675842285
2025-11-27 17:57:21.710030,s5-eth3,0.008963241577148437,99.99103675842285
2025-11-27 17:57:22.711382,s1-eth2,0.009603424072265625,99.99039657592773
2025-11-27 17:57:22.711698,s4-eth2,0.009603424072265625,99.99039657592773
2025-11-27 17:57:22.711802,s5-eth3,0.009603424072265625,99.99039657592773
2025-11-27 17:57:23.712433,s1-eth2,0.008963241577148437,99.99103675842285
2025-11-27 17:57:23.712559,s4-eth2,0.019256591796875,99.98074340820312
2025-11-27 17:57:23.712600,s5-eth3,0.019256591796875,99.98074340820312
2025-11-27 17:57:24.713825,s1-eth2,0.008963241577148437,99.99103675842285
2025-11-27 17:57:24.714144,s4-eth2,69.52177429199219,30.478225708007812
2025-11-27 17:57:24.714252,s5-eth3,69.52177429199219,30.478225708007812
2025-11-27 17:57:25.715739,s1-eth2,0.008963241577148437,99.99103675842285
2025-11-27 17:57:25.716036,s4-eth2,0.008963241577148437,99.99103675842285
2025-11-27 17:57:25.716146,s5-eth3,0.008963241577148437,99.99103675842285
2025-11-27 17:57:26.716775,s1-eth2,0.009603424072265625,99.99039657592773
2025-11-27 17:57:26.716891,s4-eth2,0.009613037109375,99.99038696289062
2025-11-27 17:57:26.716930,s5-eth3,0.00897216796875,99.99102783203125
2025-11-27 17:57:27.718178,s1-eth2,0.009603424072265625,99.99039657592773
2025-11-27 17:57:27.718480,s4-eth2,0.009603424072265625,99.99039657592773
2025-11-27 17:57:27.718583,s5-eth3,0.008963241577148437,99.99103675842285
2025-11-27 17:57:28.719888,s1-eth2,0.008963241577148437,99.99103675842285
2025-11-27 17:57:28.720187,s4-eth2,0.008963241577148437,99.99103675842285
2025-11-27 17:57:28.720289,s5-eth3,0.008963241577148437,99.99103675842285
2025-11-27 17:57:29.721587,s1-eth2,0.010243682861328126,99.98975631713867
2025-11-27 17:57:29.721883,s4-eth2,0.010243682861328126,99.98975631713867
2025-11-27 17:57:29.721985,s5-eth3,0.008963241577148437,99.99103675842285
2025-11-27 17:57:30.723461,s1-eth2,0.008963241577148437,99.99103675842285
2025-11-27 17:57:30.723788,s4-eth2,0.008963241577148437,99.99103675842285
2025-11-27 17:57:30.723900,s5-eth3,0.009603424072265625,99.99039657592773
2025-11-27 17:57:31.725193,s1-eth2,0.008963241577148437,99.99103675842285
2025-11-27 17:57:31.725506,s4-eth2,0.008963241577148437,99.99103675842285
2025-11-27 17:57:31.725615,s5-eth3,0.008963241577148437,99.99103675842285
2025-11-27 17:57:32.726981,s1-eth2,4.88508415222168,95.11491584777832
2025-11-27 17:57:32.727318,s4-eth2,0.009603424072265625,99.99039657592773
2025-11-27 17:57:32.727423,s5-eth3,0.010243682861328126,99.98975631713867
2025-11-27 17:57:33.728739,s1-eth2,59.473907470703125,40.526092529296875
2025-11-27 17:57:33.729063,s4-eth2,0.008963241577148437,99.99103675842285
2025-11-27 17:57:33.729166,s5-eth3,0.008963241577148437,99.99103675842285
2025-11-27 17:57:34.730502,s1-eth2,0.008963241577148437,99.99103675842285
2025-11-27 17:57:34.730835,s4-eth2,10.762400665283202,89.2375993347168
2025-11-27 17:57:34.730979,s5-eth3,0.009603424072265625,99.99039657592773
2025-11-27 17:57:35.731623,s1-eth2,0.010243682861328126,99.98975631713867
2025-11-27 17:57:35.731746,s4-eth2,59.020301818847656,40.979698181152344
2025-11-27 17:57:35.731789,s5-eth3,0.01025390625,99.98974609375
2025-11-27 17:57:36.733045,s1-eth2,0.008963241577148437,99.99103675842285
2025-11-27 17:57:36.733361,s4-eth2,0.008963241577148437,99.99103675842285
2025-11-27 17:57:36.733477,s5-eth3,0.008963241577148437,99.99103675842285
2025-11-27 17:57:37.734794,s1-eth2,0.008963241577148437,99.99103675842285
2025-11-27 17:57:37.735120,s4-eth2,0.008963241577148437,99.99103675842285
2025-11-27 17:57:37.735223,s5-eth3,0.008963241577148437,99.99103675842285
2025-11-27 17:57:38.736538,s1-eth2,0.008963241577148437,99.99103675842285
2025-11-27 17:57:38.736838,s4-eth2,0.008963241577148437,99.99103675842285
2025-11-27 17:57:38.737114,s5-eth3,0.008963241577148437,99.99103675842285
2025-11-27 17:57:39.738424,s1-eth2,0.009603424072265625,99.99039657592773
2025-11-27 17:57:39.738724,s4-eth2,0.009603424072265625,99.99039657592773
2025-11-27 17:57:39.738828,s5-eth3,0.010243682861328126,99.98975631713867
2025-11-27 17:57:40.740413,s1-eth2,0.008963241577148437,99.99103675842285
2025-11-27 17:57:40.740710,s4-eth2,0.008963241577148437,99.99103675842285
2025-11-27 17:57:40.740814,s5-eth3,0.008963241577148437,99.99103675842285
2025-11-27 17:57:41.742129,s1-eth2,0.009603424072265625,99.99039657592773
2025-11-27 17:57:41.742435,s4-eth2,0.009603424072265625,99.99039657592773
2025-11-27 17:57:41.742538,s5-eth3,0.009603424072265625,99.99039657592773
2025-11-27 17:57:42.743889,s1-eth2,0.009603424072265625,99.99039657592773
2025-11-27 17:57:42.744185,s4-eth2,0.009603424072265625,99.99039657592773
2025-11-27 17:57:42.744289,s5-eth3,0.008963241577148437,99.99103675842285
2025-11-27 17:57:43.745600,s1-eth2,0.008963241577148437,99.99103675842285
2025-11-27 17:57:43.745901,s4-eth2,0.008963241577148437,99.99103675842285
2025-11-27 17:57:43.746004,s5-eth3,0.008963241577148437,99.99103675842285
2025-11-27 17:57:44.747365,s1-eth2,0.009603424072265625,99.99039657592773
2025-11-27 17:57:44.747685,s4-eth2,0.009603424072265625,99.99039657592773
2025-11-27 17:57:44.747795,s5-eth3,0.009603424072265625,99.99039657592773
2025-11-27 17:57:45.749318,s1-eth2,0.008963241577148437,99.99103675842285
2025-11-27 17:57:45.749650,s4-eth2,0.008963241577148437,99.99103675842285
2025-11-27 17:57:45.749772,s5-eth3,0.008963241577148437,99.99103675842285
2025-11-27 17:57:46.751171,s1-eth2,0.008963241577148437,99.99103675842285
2025-11-27 17:57:46.751500,s4-eth2,1.0783284759521485,98.92167152404785
2025-11-27 17:57:46.751621,s5-eth3,18.466793060302734,81.53320693969727
2025-11-27 17:57:47.752952,s1-eth2,0.008963241577148437,99.99103675842285
2025-11-27 17:57:47.753272,s4-eth2,67.33602142333984,32.663978576660156
2025-11-27 17:57:47.753393,s5-eth3,114.9631576538086,-14.963157653808594
2025-11-27 17:57:48.754760,s1-eth2,0.008963241577148437,99.99103675842285
2025-11-27 17:57:48.755120,s4-eth2,0.014549942016601562,99.9854500579834
2025-11-27 17:57:48.755234,s5-eth3,0.014549942016601562,99.9854500579834
2025-11-27 17:57:49.756605,s1-eth2,0.008963241577148437,99.99103675842285
2025-11-27 17:57:49.756945,s4-eth2,0.008963241577148437,99.99103675842285
2025-11-27 17:57:49.757058,s5-eth3,0.008963241577148437,99.99103675842285
2025-11-27 17:57:50.758538,s1-eth2,0.008963241577148437,99.99103675842285
2025-11-27 17:57:50.758875,s4-eth2,0.008963241577148437,99.99103675842285
2025-11-27 17:57:50.758986,s5-eth3,0.008963241577148437,99.99103675842285
2025-11-27 17:57:51.760343,s1-eth2,0.008963241577148437,99.99103675842285
2025-11-27 17:57:51.760654,s4-eth2,0.008963241577148437,99.99103675842285
2025-11-27 17:57:51.760774,s5-eth3,14.064868927001953,85.93513107299805
2025-11-27 17:57:52.762140,s1-eth2,0.008963241577148437,99.99103675842285
2025-11-27 17:57:52.762456,s4-eth2,0.008963241577148437,99.99103675842285
2025-11-27 17:57:52.762577,s5-eth3,50.971527099609375,49.028472900390625
2025-11-27 17:57:53.763937,s1-eth2,0.008963241577148437,99.99103675842285
2025-11-27 17:57:53.764269,s4-eth2,0.008963241577148437,99.99103675842285
2025-11-27 17:57:53.764374,s5-eth3,0.009603424072265625,99.99039657592773
2025-11-27 17:57:54.764934,s1-eth2,0.00897216796875,99.99102783203125
2025-11-27 17:57:54.765030,s4-eth2,0.00897216796875,99.99102783203125
2025-11-27 17:57:54.765060,s5-eth3,0.00897216796875,99.99102783203125
2025-11-27 17:57:55.766453,s1-eth2,0.008963241577148437,99.99103675842285
2025-11-27 17:57:55.766794,s4-eth2,0.008963241577148437,99.99103675842285
2025-11-27 17:57:55.766926,s5-eth3,0.009603424072265625,99.99039657592773
2025-11-27 17:57:56.768246,s1-eth2,0.009603424072265625,99.99039657592773
2025-11-27 17:57:56.768570,s4-eth2,0.009603424072265625,99.99039657592773
2025-11-27 17:57:56.768672,s5-eth3,0.009603424072265625,99.99039657592773
2025-11-27 17:57:57.770014,s1-eth2,0.008963241577148437,99.99103675842285
2025-11-27 17:57:57.770331,s4-eth2,0.008963241577148437,99.99103675842285
2025-11-27 17:57:57.770443,s5-eth3,0.008963241577148437,99.99103675842285
2025-11-27 17:57:58.771780,s1-eth2,0.008963241577148437,99.99103675842285
2025-11-27 17:57:58.772085,s4-eth2,0.008963241577148437,99.99103675842285
2025-11-27 17:57:58.772194,s5-eth3,0.008963241577148437,99.99103675842285
2025-11-27 17:57:59.773505,s1-eth2,7.741877059936524,92.25812294006347
2025-11-27 17:57:59.773828,s4-eth2,0.008963241577148437,99.99103675842285
2025-11-27 17:57:59.773935,s5-eth3,0.008963241577148437,99.99103675842285
2025-11-27 17:58:00.775393,s1-eth2,61.98006820678711,38.01993179321289
2025-11-27 17:58:00.775700,s4-eth2,0.008963241577148437,99.99103675842285
2025-11-27 17:58:00.775802,s5-eth3,0.008963241577148437,99.99103675842285
2025-11-27 17:58:01.777089,s1-eth2,0.009603424072265625,99.99039657592773
2025-11-27 17:58:01.777382,s4-eth2,0.009603424072265625,99.99039657592773
2025-11-27 17:58:01.777484,s5-eth3,0.008963241577148437,99.99103675842285
2025-11-27 17:58:02.778776,s1-eth2,0.009603424072265625,99.99039657592773
2025-11-27 17:58:02.779102,s4-eth2,0.009603424072265625,99.99039657592773
2025-11-27 17:58:02.779205,s5-eth3,0.009603424072265625,99.99039657592773
2025-11-27 17:58:03.780478,s1-eth2,0.008963241577148437,99.99103675842285
2025-11-27 17:58:03.780778,s4-eth2,0.008963241577148437,99.99103675842285
2025-11-27 17:58:03.780888,s5-eth3,0.010883865356445312,99.98911613464355
2025-11-27 17:58:04.782223,s1-eth2,8.312274932861328,91.68772506713867
2025-11-27 17:58:04.782550,s4-eth2,0.008963241577148437,99.99103675842285
2025-11-27 17:58:04.782654,s5-eth3,0.008963241577148437,99.99103675842285
2025-11-27 17:58:05.784140,s1-eth2,56.72489929199219,43.27510070800781
2025-11-27 17:58:05.784457,s4-eth2,0.009603424072265625,99.99039657592773
2025-11-27 17:58:05.784561,s5-eth3,0.009603424072265625,99.99039657592773
2025-11-27 17:58:06.785881,s1-eth2,0.008963241577148437,99.99103675842285
2025-11-27 17:58:06.786208,s4-eth2,0.008963241577148437,99.99103675842285
2025-11-27 17:58:06.786312,s5-eth3,0.008963241577148437,99.99103675842285
2025-11-27 17:58:07.787752,s1-eth2,0.010243682861328126,99.98975631713867
2025-11-27 17:58:07.788069,s4-eth2,0.010243682861328126,99.98975631713867
2025-11-27 17:58:07.788173,s5-eth3,0.009603424072265625,99.99039657592773
2025-11-27 17:58:08.789497,s1-eth2,0.009603424072265625,99.99039657592773
2025-11-27 17:58:08.789817,s4-eth2,0.009603424072265625,99.99039657592773
2025-11-27 17:58:08.789921,s5-eth3,0.008963241577148437,99.99103675842285
2025-11-27 17:58:09.790501,s1-eth2,0.009603424072265625,99.99039657592773
2025-11-27 17:58:09.790606,s4-eth2,0.009613037109375,99.99038696289062
2025-11-27 17:58:09.790640,s5-eth3,0.00897216796875,99.99102783203125
2025-11-27 17:58:10.791313,s1-eth2,0.00897216796875,99.99102783203125
2025-11-27 17:58:10.791443,s4-eth2,6.015625,93.984375
2025-11-27 17:58:10.791487,s5-eth3,0.00897216796875,99.99102783203125
2025-11-27 17:58:11.792743,s1-eth2,0.008963241577148437,99.99103675842285
2025-11-27 17:58:11.793079,s4-eth2,63.70844268798828,36.29155731201172
2025-11-27 17:58:11.793196,s5-eth3,0.008963241577148437,99.99103675842285
2025-11-27 17:58:12.794497,s1-eth2,0.008963241577148437,99.99103675842285
2025-11-27 17:58:12.794808,s4-eth2,0.008963241577148437,99.99103675842285
2025-11-27 17:58:12.794930,s5-eth3,0.008963241577148437,99.99103675842285
2025-11-27 17:58:13.795556,s1-eth2,1.9618748474121093,98.0381251525879
2025-11-27 17:58:13.795678,s4-eth2,0.009613037109375,99.99038696289062
2025-11-27 17:58:13.795717,s5-eth3,0.009613037109375,99.99038696289062
2025-11-27 17:58:14.796995,s1-eth2,62.39775466918945,37.60224533081055
2025-11-27 17:58:14.797345,s4-eth2,0.008963241577148437,99.99103675842285
2025-11-27 17:58:14.797450,s5-eth3,0.009603424072265625,99.99039657592773
2025-11-27 17:58:15.798079,s1-eth2,0.009603424072265625,99.99039657592773
2025-11-27 17:58:15.798195,s4-eth2,0.595916748046875,99.40408325195312
2025-11-27 17:58:15.798234,s5-eth3,0.7721710205078125,99.22782897949219
2025-11-27 17:58:16.799461,s1-eth2,0.008963241577148437,99.99103675842285
2025-11-27 17:58:16.799776,s4-eth2,68.94585418701172,31.05414581298828
2025-11-27 17:58:16.799887,s5-eth3,68.769775390625,31.230224609375
2025-11-27 17:58:17.801203,s1-eth2,0.010243682861328126,99.98975631713867
2025-11-27 17:58:17.801502,s4-eth2,0.010243682861328126,99.98975631713867
2025-11-27 17:58:17.801606,s5-eth3,0.010243682861328126,99.98975631713867
2025-11-27 17:58:18.802239,s1-eth2,0.008963241577148437,99.99103675842285
2025-11-27 17:58:18.802360,s4-eth2,0.00897216796875,99.99102783203125
2025-11-27 17:58:18.802398,s5-eth3,0.00897216796875,99.99102783203125
2025-11-27 17:58:19.802987,s1-eth2,11.576507568359375,88.42349243164062
2025-11-27 17:58:19.803110,s4-eth2,0.00897216796875,99.99102783203125
2025-11-27 17:58:19.803149,s5-eth3,0.00897216796875,99.99102783203125
2025-11-27 17:58:20.804398,s1-eth2,92.96847534179688,7.031524658203125
2025-11-27 17:58:20.804730,s4-eth2,0.008963241577148437,99.99103675842285
2025-11-27 17:58:20.804832,s5-eth3,0.008963241577148437,99.99103675842285
2025-11-27 17:58:21.806154,s1-eth2,31.74073600769043,68.25926399230957
2025-11-27 17:58:21.806477,s4-eth2,0.008963241577148437,99.99103675842285
2025-11-27 17:58:21.806582,s5-eth3,0.008963241577148437,99.99103675842285
2025-11-27 17:58:22.807186,s1-eth2,0.008963241577148437,99.99103675842285
2025-11-27 17:58:22.807298,s4-eth2,0.00897216796875,99.99102783203125
2025-11-27 17:58:22.807334,s5-eth3,0.00897216796875,99.99102783203125
2025-11-27 17:58:23.808575,s1-eth2,0.009603424072265625,99.99039657592773
2025-11-27 17:58:23.808887,s4-eth2,0.009603424072265625,99.99039657592773
2025-11-27 17:58:23.808989,s5-eth3,0.009603424072265625,99.99039657592773
2025-11-27 17:58:24.810246,s1-eth2,0.008963241577148437,99.99103675842285
2025-11-27 17:58:24.810542,s4-eth2,0.008963241577148437,99.99103675842285
2025-11-27 17:58:24.810653,s5-eth3,0.008963241577148437,99.99103675842285
2025-11-27 17:58:25.812143,s1-eth2,0.008963241577148437,99.99103675842285
2025-11-27 17:58:25.812529,s4-eth2,0.008963241577148437,99.99103675842285
2025-11-27 17:58:25.812633,s5-eth3,0.008963241577148437,99.99103675842285
2025-11-27 17:58:26.814006,s1-eth2,0.008963241577148437,99.99103675842285
2025-11-27 17:58:26.814360,s4-eth2,0.008963241577148437,99.99103675842285
2025-11-27 17:58:26.814482,s5-eth3,0.009603424072265625,99.99039657592773
2025-11-27 17:58:27.815813,s1-eth2,0.008963241577148437,99.99103675842285
2025-11-27 17:58:27.816129,s4-eth2,0.008963241577148437,99.99103675842285
2025-11-27 17:58:27.816240,s5-eth3,0.008963241577148437,99.99103675842285
2025-11-27 17:58:28.817516,s1-eth2,0.008963241577148437,99.99103675842285
2025-11-27 17:58:28.817811,s4-eth2,0.008963241577148437,99.99103675842285
2025-11-27 17:58:28.817914,s5-eth3,0.008963241577148437,99.99103675842285
2025-11-27 17:58:29.819207,s1-eth2,0.010883865356445312,99.98911613464355
2025-11-27 17:58:29.819517,s4-eth2,0.010883865356445312,99.98911613464355
2025-11-27 17:58:29.819621,s5-eth3,0.009603424072265625,99.99039657592773
2025-11-27 17:58:30.821040,s1-eth2,0.008963241577148437,99.99103675842285
2025-11-27 17:58:30.821337,s4-eth2,0.008963241577148437,99.99103675842285
2025-11-27 17:58:30.821439,s5-eth3,0.008963241577148437,99.99103675842285
2025-11-27 17:58:31.822693,s1-eth2,0.008963241577148437,99.99103675842285
2025-11-27 17:58:31.823012,s4-eth2,0.008963241577148437,99.99103675842285
2025-11-27 17:58:31.823115,s5-eth3,0.008963241577148437,99.99103675842285
2025-11-27 17:58:32.824405,s1-eth2,0.008963241577148437,99.99103675842285
2025-11-27 17:58:32.824700,s4-eth2,0.008963241577148437,99.99103675842285
2025-11-27 17:58:32.824803,s5-eth3,0.008963241577148437,99.99103675842285
2025-11-27 17:58:33.825387,s1-eth2,0.00897216796875,99.99102783203125
2025-11-27 17:58:33.825494,s4-eth2,12.893310546875,87.106689453125
2025-11-27 17:58:33.825535,s5-eth3,0.00897216796875,99.99102783203125
2025-11-27 17:58:34.826769,s1-eth2,0.008963241577148437,99.99103675842285
2025-11-27 17:58:34.827112,s4-eth2,56.841636657714844,43.158363342285156
2025-11-27 17:58:34.827228,s5-eth3,0.009603424072265625,99.99039657592773
2025-11-27 17:58:35.828715,s1-eth2,7.594944458007813,92.40505554199218
2025-11-27 17:58:35.829045,s4-eth2,0.008963241577148437,99.99103675842285
2025-11-27 17:58:35.829159,s5-eth3,0.008963241577148437,99.99103675842285
2025-11-27 17:58:36.830483,s1-eth2,56.763572692871094,43.236427307128906
2025-11-27 17:58:36.830809,s4-eth2,0.008963241577148437,99.99103675842285
2025-11-27 17:58:36.830938,s5-eth3,0.009603424072265625,99.99039657592773
2025-11-27 17:58:37.832268,s1-eth2,0.008963241577148437,99.99103675842285
2025-11-27 17:58:37.832595,s4-eth2,0.008963241577148437,99.99103675842285
2025-11-27 17:58:37.832705,s5-eth3,0.008963241577148437,99.99103675842285
2025-11-27 17:58:38.833358,s1-eth2,0.009603424072265625,99.99039657592773
2025-11-27 17:58:38.833483,s4-eth2,0.009613037109375,99.99038696289062
2025-11-27 17:58:38.833525,s5-eth3,0.01025390625,99.98974609375
2025-11-27 17:58:39.834818,s1-eth2,0.008963241577148437,99.99103675842285
2025-11-27 17:58:39.835167,s4-eth2,0.008963241577148437,99.99103675842285
2025-11-27 17:58:39.835291,s5-eth3,19.772815704345703,80.2271842956543
2025-11-27 17:58:40.836660,s1-eth2,0.008963241577148437,99.99103675842285
2025-11-27 17:58:40.836958,s4-eth2,0.008963241577148437,99.99103675842285
2025-11-27 17:58:40.837076,s5-eth3,45.263736724853516,54.736263275146484
2025-11-27 17:58:41.838429,s1-eth2,0.008963241577148437,99.99103675842285
2025-11-27 17:58:41.838733,s4-eth2,0.008963241577148437,99.99103675842285
2025-11-27 17:58:41.838885,s5-eth3,14.956829986572266,85.04317001342773
2025-11-27 17:58:42.840226,s1-eth2,0.008963241577148437,99.99103675842285
2025-11-27 17:58:42.840524,s4-eth2,0.008963241577148437,99.99103675842285
2025-11-27 17:58:42.840646,s5-eth3,50.08018493652344,49.91981506347656
2025-11-27 17:58:43.841974,s1-eth2,0.008963241577148437,99.99103675842285
2025-11-27 17:58:43.842273,s4-eth2,0.008963241577148437,99.99103675842285
2025-11-27 17:58:43.842377,s5-eth3,0.009603424072265625,99.99039657592773
2025-11-27 17:58:44.843709,s1-eth2,0.009603424072265625,99.99039657592773
2025-11-27 17:58:44.844022,s4-eth2,0.009603424072265625,99.99039657592773
2025-11-27 17:58:44.844126,s5-eth3,0.009603424072265625,99.99039657592773
2025-11-27 17:58:45.845676,s1-eth2,0.008963241577148437,99.99103675842285
2025-11-27 17:58:45.845973,s4-eth2,0.008963241577148437,99.99103675842285
2025-11-27 17:58:45.846076,s5-eth3,0.008963241577148437,99.99103675842285
2025-11-27 17:58:46.847438,s1-eth2,0.009603424072265625,99.99039657592773
2025-11-27 17:58:46.847774,s4-eth2,0.009603424072265625,99.99039657592773
2025-11-27 17:58:46.847878,s5-eth3,0.009603424072265625,99.99039657592773
2025-11-27 17:58:47.848481,s1-eth2,0.010243682861328126,99.98975631713867
2025-11-27 17:58:47.848594,s4-eth2,0.01025390625,99.98974609375
2025-11-27 17:58:47.848632,s5-eth3,0.00897216796875,99.99102783203125
2025-11-27 17:58:48.849199,s1-eth2,0.00897216796875,99.99102783203125
2025-11-27 17:58:48.849321,s4-eth2,0.00897216796875,99.99102783203125
2025-11-27 17:58:48.849362,s5-eth3,0.00897216796875,99.99102783203125
2025-11-27 17:58:49.850716,s1-eth2,0.008963241577148437,99.99103675842285
2025-11-27 17:58:49.851069,s4-eth2,8.539037704467773,91.46096229553223
2025-11-27 17:58:49.851189,s5-eth3,8.317808151245117,91.68219184875488
2025-11-27 17:58:50.852687,s1-eth2,0.010243682861328126,99.98975631713867
2025-11-27 17:58:50.853005,s4-eth2,60.959129333496094,39.040870666503906
2025-11-27 17:58:50.853118,s5-eth3,61.18035888671875,38.81964111328125
2025-11-27 17:58:51.854439,s1-eth2,0.008963241577148437,99.99103675842285
2025-11-27 17:58:51.854734,s4-eth2,0.008963241577148437,99.99103675842285
2025-11-27 17:58:51.854837,s5-eth3,0.008963241577148437,99.99103675842285
2025-11-27 17:58:52.855484,s1-eth2,0.009603424072265625,99.99039657592773
2025-11-27 17:58:52.855617,s4-eth2,0.009613037109375,99.99038696289062
2025-11-27 17:58:52.855656,s5-eth3,0.009613037109375,99.99038696289062
2025-11-27 17:58:53.856193,s1-eth2,0.00897216796875,99.99102783203125
2025-11-27 17:58:53.856313,s4-eth2,0.00897216796875,99.99102783203125
2025-11-27 17:58:53.856350,s5-eth3,0.009613037109375,99.99038696289062
2025-11-27 17:58:54.857560,s1-eth2,0.009603424072265625,99.99039657592773
2025-11-27 17:58:54.857882,s4-eth2,0.009603424072265625,99.99039657592773
2025-11-27 17:58:54.857986,s5-eth3,0.009603424072265625,99.99039657592773
2025-11-27 17:58:55.858722,s1-eth2,0.008963241577148437,99.99103675842285
2025-11-27 17:58:55.858838,s4-eth2,0.00897216796875,99.99102783203125
2025-11-27 17:58:55.858883,s5-eth3,0.00897216796875,99.99102783203125
2025-11-27 17:58:56.860255,s1-eth2,0.008963241577148437,99.99103675842285
2025-11-27 17:58:56.860588,s4-eth2,0.008963241577148437,99.99103675842285
2025-11-27 17:58:56.860692,s5-eth3,0.008963241577148437,99.99103675842285
2025-11-27 17:58:57.861360,s1-eth2,9.514259338378906,90.4857406616211
2025-11-27 17:58:57.861491,s4-eth2,0.00897216796875,99.99102783203125
2025-11-27 17:58:57.861531,s5-eth3,0.00897216796875,99.99102783203125
2025-11-27 17:58:58.862770,s1-eth2,60.20830154418945,39.79169845581055
2025-11-27 17:58:58.863128,s4-eth2,0.008963241577148437,99.99103675842285
2025-11-27 17:58:58.863231,s5-eth3,0.008963241577148437,99.99103675842285
2025-11-27 17:58:59.864531,s1-eth2,0.010243682861328126,99.98975631713867
2025-11-27 17:58:59.864828,s4-eth2,0.010243682861328126,99.98975631713867
2025-11-27 17:58:59.864932,s5-eth3,0.010243682861328126,99.98975631713867
2025-11-27 17:59:00.866429,s1-eth2,9.828307189941405,90.1716928100586
2025-11-27 17:59:00.866754,s4-eth2,0.008963241577148437,99.99103675842285
2025-11-27 17:59:00.866881,s5-eth3,0.008963241577148437,99.99103675842285
2025-11-27 17:59:01.868189,s1-eth2,55.20819091796875,44.79180908203125
2025-11-27 17:59:01.868506,s4-eth2,0.008963241577148437,99.99103675842285
2025-11-27 17:59:01.868610,s5-eth3,0.008963241577148437,99.99103675842285
2025-11-27 17:59:02.869262,s1-eth2,0.008963241577148437,99.99103675842285
2025-11-27 17:59:02.869405,s4-eth2,0.00897216796875,99.99102783203125
2025-11-27 17:59:02.869447,s5-eth3,0.00897216796875,99.99102783203125
2025-11-27 17:59:03.870719,s1-eth2,0.008963241577148437,99.99103675842285
2025-11-27 17:59:03.871087,s4-eth2,8.890691757202148,91.10930824279785
2025-11-27 17:59:03.871202,s5-eth3,0.008963241577148437,99.99103675842285
2025-11-27 17:59:04.872515,s1-eth2,0.008963241577148437,99.99103675842285
2025-11-27 17:59:04.872833,s4-eth2,60.83174133300781,39.16825866699219
2025-11-27 17:59:04.872947,s5-eth3,0.008963241577148437,99.99103675842285
2025-11-27 17:59:05.874409,s1-eth2,0.009603424072265625,99.99039657592773
2025-11-27 17:59:05.874719,s4-eth2,0.009603424072265625,99.99039657592773
2025-11-27 17:59:05.874831,s5-eth3,0.010243682861328126,99.98975631713867
2025-11-27 17:59:06.877046,s1-eth2,0.009593887329101563,99.9904061126709
2025-11-27 17:59:06.877626,s4-eth2,0.009593887329101563,99.9904061126709
2025-11-27 17:59:06.877807,s5-eth3,0.008954238891601563,99.9910457611084
2025-11-27 17:59:07.879210,s1-eth2,0.008954238891601563,99.9910457611084
2025-11-27 17:59:07.879507,s4-eth2,0.008963241577148437,99.99103675842285
2025-11-27 17:59:07.879611,s5-eth3,0.008963241577148437,99.99103675842285
2025-11-27 17:59:08.880902,s1-eth2,0.008963241577148437,99.99103675842285
2025-11-27 17:59:08.881216,s4-eth2,0.008963241577148437,99.99103675842285
2025-11-27 17:59:08.881328,s5-eth3,0.008963241577148437,99.99103675842285
2025-11-27 17:59:09.882652,s1-eth2,0.008963241577148437,99.99103675842285
2025-11-27 17:59:09.882987,s4-eth2,0.008963241577148437,99.99103675842285
2025-11-27 17:59:09.883091,s5-eth3,0.009603424072265625,99.99039657592773
2025-11-27 17:59:10.883746,s1-eth2,3.5755870056152346,96.42441299438477
2025-11-27 17:59:10.883870,s4-eth2,0.00897216796875,99.99102783203125
2025-11-27 17:59:10.883921,s5-eth3,0.00897216796875,99.99102783203125
2025-11-27 17:59:11.885161,s1-eth2,60.78293228149414,39.21706771850586
2025-11-27 17:59:11.885488,s4-eth2,0.008963241577148437,99.99103675842285
2025-11-27 17:59:11.885591,s5-eth3,0.008963241577148437,99.99103675842285
2025-11-27 17:59:12.886903,s1-eth2,0.008963241577148437,99.99103675842285
2025-11-27 17:59:12.887199,s4-eth2,0.008963241577148437,99.99103675842285
2025-11-27 17:59:12.887302,s5-eth3,0.008963241577148437,99.99103675842285
2025-11-27 17:59:13.888575,s1-eth2,0.008963241577148437,99.99103675842285
2025-11-27 17:59:13.888886,s4-eth2,0.008963241577148437,99.99103675842285
2025-11-27 17:59:13.888989,s5-eth3,0.009603424072265625,99.99039657592773
2025-11-27 17:59:14.889586,s1-eth2,0.009603424072265625,99.99039657592773
2025-11-27 17:59:14.889697,s4-eth2,4.5876312255859375,95.41236877441406
2025-11-27 17:59:14.889736,s5-eth3,4.5866241455078125,95.41337585449219
2025-11-27 17:59:15.891154,s1-eth2,0.008963241577148437,99.99103675842285
2025-11-27 17:59:15.891473,s4-eth2,64.9586181640625,35.0413818359375
2025-11-27 17:59:15.891584,s5-eth3,64.95962524414062,35.040374755859375
2025-11-27 17:59:16.892947,s1-eth2,0.009603424072265625,99.99039657592773
2025-11-27 17:59:16.893258,s4-eth2,0.009603424072265625,99.99039657592773
2025-11-27 17:59:16.893363,s5-eth3,0.008963241577148437,99.99103675842285
2025-11-27 17:59:17.894020,s1-eth2,0.008963241577148437,99.99103675842285
2025-11-27 17:59:17.894157,s4-eth2,0.00897216796875,99.99102783203125
2025-11-27 17:59:17.894196,s5-eth3,0.00897216796875,99.99102783203125
2025-11-27 17:59:18.895476,s1-eth2,0.008963241577148437,99.99103675842285
2025-11-27 17:59:18.895790,s4-eth2,0.008963241577148437,99.99103675842285
2025-11-27 17:59:18.895894,s5-eth3,0.008963241577148437,99.99103675842285
2025-11-27 17:59:19.897182,s1-eth2,0.008963241577148437,99.99103675842285
2025-11-27 17:59:19.897486,s4-eth2,0.008963241577148437,99.99103675842285
2025-11-27 17:59:19.897588,s5-eth3,0.008963241577148437,99.99103675842285
2025-11-27 17:59:20.899076,s1-eth2,0.009603424072265625,99.99039657592773
2025-11-27 17:59:20.899374,s4-eth2,0.009603424072265625,99.99039657592773
2025-11-27 17:59:20.899478,s5-eth3,0.010243682861328126,99.98975631713867
2025-11-27 17:59:21.900117,s1-eth2,13.137924194335938,86.86207580566406
2025-11-27 17:59:21.900237,s4-eth2,0.009613037109375,99.99038696289062
2025-11-27 17:59:21.900276,s5-eth3,0.009613037109375,99.99038696289062
2025-11-27 17:59:22.900805,s1-eth2,56.64183044433594,43.35816955566406
2025-11-27 17:59:22.900918,s4-eth2,0.00897216796875,99.99102783203125
2025-11-27 17:59:22.900956,s5-eth3,0.00897216796875,99.99102783203125
2025-11-27 17:59:23.902156,s1-eth2,0.008963241577148437,99.99103675842285
2025-11-27 17:59:23.902455,s4-eth2,0.008963241577148437,99.99103675842285
2025-11-27 17:59:23.902567,s5-eth3,0.008963241577148437,99.99103675842285
2025-11-27 17:59:24.903851,s1-eth2,0.008963241577148437,99.99103675842285
2025-11-27 17:59:24.904147,s4-eth2,0.008963241577148437,99.99103675842285
2025-11-27 17:59:24.904250,s5-eth3,0.008963241577148437,99.99103675842285
2025-11-27 17:59:25.905658,s1-eth2,0.008963241577148437,99.99103675842285
2025-11-27 17:59:25.905953,s4-eth2,0.008963241577148437,99.99103675842285
2025-11-27 17:59:25.906055,s5-eth3,0.008963241577148437,99.99103675842285
2025-11-27 17:59:26.907384,s1-eth2,0.011524124145507813,99.98847587585449
2025-11-27 17:59:26.907693,s4-eth2,0.011524124145507813,99.98847587585449
2025-11-27 17:59:26.907799,s5-eth3,0.009603424072265625,99.99039657592773
2025-11-27 17:59:27.908427,s1-eth2,0.008963241577148437,99.99103675842285
2025-11-27 17:59:27.908548,s4-eth2,0.00897216796875,99.99102783203125
2025-11-27 17:59:27.908588,s5-eth3,0.00897216796875,99.99102783203125
2025-11-27 17:59:28.909817,s1-eth2,0.008963241577148437,99.99103675842285
2025-11-27 17:59:28.910150,s4-eth2,0.008963241577148437,99.99103675842285
2025-11-27 17:59:28.910261,s5-eth3,0.008963241577148437,99.99103675842285
2025-11-27 17:59:29.911592,s1-eth2,13.173411407470702,86.8265885925293
2025-11-27 17:59:29.911916,s4-eth2,0.008963241577148437,99.99103675842285
2025-11-27 17:59:29.912019,s5-eth3,0.008963241577148437,99.99103675842285
2025-11-27 17:59:30.913312,s1-eth2,51.8632698059082,48.1367301940918
2025-11-27 17:59:30.913635,s4-eth2,0.008963241577148437,99.99103675842285
2025-11-27 17:59:30.913739,s5-eth3,0.008963241577148437,99.99103675842285
2025-11-27 17:59:31.915070,s1-eth2,0.009603424072265625,99.99039657592773
2025-11-27 17:59:31.915385,s4-eth2,0.009603424072265625,99.99039657592773
2025-11-27 17:59:31.915495,s5-eth3,0.008963241577148437,99.99103675842285
2025-11-27 17:59:32.916141,s1-eth2,0.008963241577148437,99.99103675842285
2025-11-27 17:59:32.916273,s4-eth2,0.00897216796875,99.99102783203125
2025-11-27 17:59:32.916315,s5-eth3,0.00897216796875,99.99102783203125
2025-11-27 17:59:33.917604,s1-eth2,1.7281608581542969,98.2718391418457
2025-11-27 17:59:33.917956,s4-eth2,0.009603424072265625,99.99039657592773
2025-11-27 17:59:33.918062,s5-eth3,0.009603424072265625,99.99039657592773
2025-11-27 17:59:34.919395,s1-eth2,59.940494537353516,40.059505462646484
2025-11-27 17:59:34.919743,s4-eth2,0.008963241577148437,99.99103675842285
2025-11-27 17:59:34.919848,s5-eth3,0.008963241577148437,99.99103675842285
2025-11-27 17:59:35.921400,s1-eth2,0.009593887329101563,99.9904061126709
2025-11-27 17:59:35.921716,s4-eth2,14.029382705688477,85.97061729431152
2025-11-27 17:59:35.921833,s5-eth3,0.010883865356445312,99.98911613464355
2025-11-27 17:59:36.923136,s1-eth2,0.008963241577148437,99.99103675842285
2025-11-27 17:59:36.923456,s4-eth2,55.69380569458008,44.30619430541992
2025-11-27 17:59:36.923569,s5-eth3,0.009603424072265625,99.99039657592773
2025-11-27 17:59:37.924856,s1-eth2,0.009603424072265625,99.99039657592773
2025-11-27 17:59:37.925153,s4-eth2,0.009603424072265625,99.99039657592773
2025-11-27 17:59:37.925258,s5-eth3,0.010243682861328126,99.98975631713867
2025-11-27 17:59:38.926536,s1-eth2,0.008963241577148437,99.99103675842285
2025-11-27 17:59:38.926839,s4-eth2,0.008963241577148437,99.99103675842285
2025-11-27 17:59:38.926965,s5-eth3,0.008963241577148437,99.99103675842285
2025-11-27 17:59:39.928235,s1-eth2,0.008963241577148437,99.99103675842285
2025-11-27 17:59:39.928530,s4-eth2,0.008963241577148437,99.99103675842285
2025-11-27 17:59:39.928633,s5-eth3,0.008963241577148437,99.99103675842285
2025-11-27 17:59:40.930166,s1-eth2,0.009603424072265625,99.99039657592773
2025-11-27 17:59:40.930464,s4-eth2,0.009603424072265625,99.99039657592773
2025-11-27 17:59:40.930576,s5-eth3,0.010243682861328126,99.98975631713867
2025-11-27 17:59:41.931871,s1-eth2,0.008963241577148437,99.99103675842285
2025-11-27 17:59:41.932188,s4-eth2,10.467437744140625,89.53256225585938
2025-11-27 17:59:41.932301,s5-eth3,10.246849060058594,89.7531509399414
2025-11-27 17:59:42.933602,s1-eth2,0.008963241577148437,99.99103675842285
2025-11-27 17:59:42.934041,s4-eth2,59.073490142822266,40.926509857177734
2025-11-27 17:59:42.934158,s5-eth3,59.29471969604492,40.70528030395508
2025-11-27 17:59:43.935583,s1-eth2,0.008963241577148437,99.99103675842285
2025-11-27 17:59:43.935894,s4-eth2,0.008963241577148437,99.99103675842285
2025-11-27 17:59:43.936010,s5-eth3,22.370437622070312,77.62956237792969
2025-11-27 17:59:44.937327,s1-eth2,0.008963241577148437,99.99103675842285
2025-11-27 17:59:44.937631,s4-eth2,0.008963241577148437,99.99103675842285
2025-11-27 17:59:44.937755,s5-eth3,42.66455841064453,57.33544158935547
2025-11-27 17:59:45.939338,s1-eth2,0.008954238891601563,99.9910457611084
2025-11-27 17:59:45.939635,s4-eth2,0.008954238891601563,99.9910457611084
2025-11-27 17:59:45.939740,s5-eth3,0.008963241577148437,99.99103675842285
2025-11-27 17:59:46.941031,s1-eth2,0.008963241577148437,99.99103675842285
2025-11-27 17:59:46.941326,s4-eth2,0.008963241577148437,99.99103675842285
2025-11-27 17:59:46.941430,s5-eth3,0.008963241577148437,99.99103675842285
2025-11-27 17:59:47.942720,s1-eth2,0.009603424072265625,99.99039657592773
2025-11-27 17:59:47.943051,s4-eth2,0.009603424072265625,99.99039657592773
2025-11-27 17:59:47.943155,s5-eth3,0.009603424072265625,99.99039657592773
2025-11-27 17:59:48.943793,s1-eth2,12.022584915161133,87.97741508483887
2025-11-27 17:59:48.943919,s4-eth2,0.00897216796875,99.99102783203125
2025-11-27 17:59:48.943958,s5-eth3,0.00897216796875,99.99102783203125
2025-11-27 17:59:49.945225,s1-eth2,57.69950485229492,42.30049514770508
2025-11-27 17:59:49.945573,s4-eth2,0.008963241577148437,99.99103675842285
2025-11-27 17:59:49.945684,s5-eth3,0.008963241577148437,99.99103675842285
2025-11-27 17:59:50.946457,s1-eth2,0.008963241577148437,99.99103675842285
2025-11-27 17:59:50.946580,s4-eth2,0.008963241577148437,99.99103675842285
2025-11-27 17:59:50.946622,s5-eth3,18.208251953125,81.791748046875
2025-11-27 17:59:51.947863,s1-eth2,0.008963241577148437,99.99103675842285
2025-11-27 17:59:51.948207,s4-eth2,0.008963241577148437,99.99103675842285
2025-11-27 17:59:51.948322,s5-eth3,46.846466064453125,53.153533935546875
2025-11-27 17:59:52.949639,s1-eth2,0.008963241577148437,99.99103675842285
2025-11-27 17:59:52.949935,s4-eth2,0.008963241577148437,99.99103675842285
2025-11-27 17:59:52.950039,s5-eth3,0.008963241577148437,99.99103675842285
2025-11-27 17:59:53.950670,s1-eth2,0.008963241577148437,99.99103675842285
2025-11-27 17:59:53.950799,s4-eth2,0.00897216796875,99.99102783203125
2025-11-27 17:59:53.950841,s5-eth3,0.00897216796875,99.99102783203125
2025-11-27 17:59:54.951417,s1-eth2,0.00897216796875,99.99102783203125
2025-11-27 17:59:54.951556,s4-eth2,0.00897216796875,99.99102783203125
2025-11-27 17:59:54.951597,s5-eth3,0.00897216796875,99.99102783203125
2025-11-27 17:59:55.952996,s1-eth2,0.008963241577148437,99.99103675842285
2025-11-27 17:59:55.953222,s4-eth2,0.008963241577148437,99.99103675842285
2025-11-27 17:59:55.953297,s5-eth3,0.008963241577148437,99.99103675842285
2025-11-27 17:59:56.954665,s1-eth2,0.010883865356445312,99.98911613464355
2025-11-27 17:59:56.954999,s4-eth2,0.010883865356445312,99.98911613464355
2025-11-27 17:59:56.955107,s5-eth3,0.009603424072265625,99.99039657592773
2025-11-27 17:59:57.956405,s1-eth2,0.008963241577148437,99.99103675842285
2025-11-27 17:59:57.956726,s4-eth2,0.008963241577148437,99.99103675842285
2025-11-27 17:59:57.956829,s5-eth3,0.008963241577148437,99.99103675842285
2025-11-27 17:59:58.958103,s1-eth2,0.008963241577148437,99.99103675842285
2025-11-27 17:59:58.958397,s4-eth2,0.008963241577148437,99.99103675842285
2025-11-27 17:59:58.958502,s5-eth3,0.008963241577148437,99.99103675842285
2025-11-27 17:59:59.959790,s1-eth2,0.009603424072265625,99.99039657592773
2025-11-27 17:59:59.960092,s4-eth2,0.009603424072265625,99.99039657592773
2025-11-27 17:59:59.960196,s5-eth3,0.010243682861328126,99.98975631713867
2025-11-27 18:00:00.960805,s1-eth2,0.008963241577148437,99.99103675842285
2025-11-27 18:00:00.960922,s4-eth2,0.00897216796875,99.99102783203125
2025-11-27 18:00:00.960961,s5-eth3,0.00897216796875,99.99102783203125
2025-11-27 18:00:01.962187,s1-eth2,0.008963241577148437,99.99103675842285
2025-11-27 18:00:01.962519,s4-eth2,0.008963241577148437,99.99103675842285
2025-11-27 18:00:01.962623,s5-eth3,0.009603424072265625,99.99039657592773
2025-11-27 18:00:02.963970,s1-eth2,0.009603424072265625,99.99039657592773
2025-11-27 18:00:02.964284,s4-eth2,9.759710311889648,90.24028968811035
2025-11-27 18:00:02.964398,s5-eth3,0.009603424072265625,99.99039657592773
2025-11-27 18:00:03.965037,s1-eth2,0.009603424072265625,99.99039657592773
2025-11-27 18:00:03.965159,s4-eth2,60.023597717285156,39.976402282714844
2025-11-27 18:00:03.965202,s5-eth3,0.00897216796875,99.99102783203125
2025-11-27 18:00:04.966469,s1-eth2,0.008963241577148437,99.99103675842285
2025-11-27 18:00:04.966792,s4-eth2,0.008963241577148437,99.99103675842285
2025-11-27 18:00:04.966935,s5-eth3,0.008963241577148437,99.99103675842285
2025-11-27 18:00:05.968279,s1-eth2,11.83624740600586,88.16375259399413
2025-11-27 18:00:05.968619,s4-eth2,0.010243682861328126,99.98975631713867
2025-11-27 18:00:05.968724,s5-eth3,0.008963241577148437,99.99103675842285
2025-11-27 18:00:06.970027,s1-eth2,53.20207977294922,46.79792022705078
2025-11-27 18:00:06.970344,s4-eth2,0.008963241577148437,99.99103675842285
2025-11-27 18:00:06.970447,s5-eth3,0.008963241577148437,99.99103675842285
2025-11-27 18:00:07.971050,s1-eth2,0.008963241577148437,99.99103675842285
2025-11-27 18:00:07.971162,s4-eth2,9.4755859375,90.5244140625
2025-11-27 18:00:07.971200,s5-eth3,9.585556030273438,90.41444396972656
2025-11-27 18:00:08.972432,s1-eth2,0.009603424072265625,99.99039657592773
2025-11-27 18:00:08.972743,s4-eth2,60.07501220703125,39.92498779296875
2025-11-27 18:00:08.972854,s5-eth3,59.96579360961914,40.03420639038086
2025-11-27 18:00:09.974168,s1-eth2,0.008963241577148437,99.99103675842285
2025-11-27 18:00:09.974473,s4-eth2,0.008963241577148437,99.99103675842285
2025-11-27 18:00:09.974576,s5-eth3,0.008963241577148437,99.99103675842285
2025-11-27 18:00:10.975944,s1-eth2,0.008963241577148437,99.99103675842285
2025-11-27 18:00:10.976262,s4-eth2,0.008963241577148437,99.99103675842285
2025-11-27 18:00:10.976365,s5-eth3,0.008963241577148437,99.99103675842285
2025-11-27 18:00:11.977690,s1-eth2,0.009603424072265625,99.99039657592773
2025-11-27 18:00:11.978008,s4-eth2,0.009603424072265625,99.99039657592773
2025-11-27 18:00:11.978115,s5-eth3,0.008963241577148437,99.99103675842285
2025-11-27 18:00:12.979421,s1-eth2,0.009603424072265625,99.99039657592773
2025-11-27 18:00:12.979716,s4-eth2,0.009603424072265625,99.99039657592773
2025-11-27 18:00:12.979820,s5-eth3,0.009603424072265625,99.99039657592773
2025-11-27 18:00:13.981093,s1-eth2,0.008963241577148437,99.99103675842285
2025-11-27 18:00:13.981389,s4-eth2,0.008963241577148437,99.99103675842285
2025-11-27 18:00:13.981493,s5-eth3,0.008963241577148437,99.99103675842285
2025-11-27 18:00:14.982752,s1-eth2,0.008963241577148437,99.99103675842285
2025-11-27 18:00:14.983091,s4-eth2,0.008963241577148437,99.99103675842285
2025-11-27 18:00:14.983195,s5-eth3,0.009603424072265625,99.99039657592773
2025-11-27 18:00:15.984175,s1-eth2,0.008963241577148437,99.99103675842285
2025-11-27 18:00:15.984393,s4-eth2,0.008963241577148437,99.99103675842285
2025-11-27 18:00:15.984468,s5-eth3,0.009603424072265625,99.99039657592773
2025-11-27 18:00:16.985696,s1-eth2,0.008963241577148437,99.99103675842285
2025-11-27 18:00:16.986001,s4-eth2,0.008963241577148437,99.99103675842285
2025-11-27 18:00:16.986104,s5-eth3,0.008963241577148437,99.99103675842285
2025-11-27 18:00:17.987387,s1-eth2,0.008963241577148437,99.99103675842285
2025-11-27 18:00:17.987683,s4-eth2,0.008963241577148437,99.99103675842285
2025-11-27 18:00:17.987786,s5-eth3,0.008963241577148437,99.99103675842285
2025-11-27 18:00:18.989073,s1-eth2,0.008963241577148437,99.99103675842285
2025-11-27 18:00:18.989370,s4-eth2,0.008963241577148437,99.99103675842285
2025-11-27 18:00:18.989482,s5-eth3,0.008963241577148437,99.99103675842285
2025-11-27 18:00:19.990749,s1-eth2,0.008963241577148437,99.99103675842285
2025-11-27 18:00:19.991070,s4-eth2,0.008963241577148437,99.99103675842285
2025-11-27 18:00:19.991174,s5-eth3,0.008963241577148437,99.99103675842285
2025-11-27 18:00:20.992179,s1-eth2,0.009603424072265625,99.99039657592773
2025-11-27 18:00:20.992398,s4-eth2,0.009603424072265625,99.99039657592773
2025-11-27 18:00:20.992473,s5-eth3,0.009603424072265625,99.99039657592773
2025-11-27 18:00:21.993739,s1-eth2,0.008963241577148437,99.99103675842285
2025-11-27 18:00:21.994046,s4-eth2,0.008963241577148437,99.99103675842285
2025-11-27 18:00:21.994149,s5-eth3,0.009603424072265625,99.99039657592773
2025-11-27 18:00:22.995467,s1-eth2,0.009603424072265625,99.99039657592773
2025-11-27 18:00:22.995766,s4-eth2,0.009603424072265625,99.99039657592773
2025-11-27 18:00:22.995872,s5-eth3,0.010350341796875,99.98964965820312
2025-11-27 18:00:23.997165,s1-eth2,0.009603424072265625,99.99039657592773
2025-11-27 18:00:23.997472,s4-eth2,0.009603424072265625,99.99039657592773
2025-11-27 18:00:23.997577,s5-eth3,0.010243682861328126,99.98975631713867
2025-11-27 18:00:24.998900,s1-eth2,0.009603424072265625,99.99039657592773
2025-11-27 18:00:24.999220,s4-eth2,0.009603424072265625,99.99039657592773
2025-11-27 18:00:24.999332,s5-eth3,0.00821624755859375,99.9917837524414
2025-11-27 18:00:26.000337,s1-eth2,0.008954238891601563,99.9910457611084
2025-11-27 18:00:26.000571,s4-eth2,0.008954238891601563,99.9910457611084
2025-11-27 18:00:26.000659,s5-eth3,0.009593887329101563,99.9904061126709
2025-11-27 18:00:27.001938,s1-eth2,0.008963241577148437,99.99103675842285
2025-11-27 18:00:27.002250,s4-eth2,15.523203887939452,84.47679611206055
2025-11-27 18:00:27.002365,s5-eth3,0.009710159301757813,99.99028984069824
2025-11-27 18:00:28.003681,s1-eth2,0.008963241577148437,99.99103675842285
2025-11-27 18:00:28.003990,s4-eth2,54.1987419128418,45.8012580871582
2025-11-27 18:00:28.004106,s5-eth3,0.008963241577148437,99.99103675842285
2025-11-27 18:00:29.005408,s1-eth2,0.008963241577148437,99.99103675842285
2025-11-27 18:00:29.005724,s4-eth2,0.008963241577148437,99.99103675842285
2025-11-27 18:00:29.005828,s5-eth3,0.008963241577148437,99.99103675842285
2025-11-27 18:00:30.007201,s1-eth2,16.359617233276367,83.64038276672363
2025-11-27 18:00:30.007536,s4-eth2,0.009603424072265625,99.99039657592773
2025-11-27 18:00:30.007642,s5-eth3,0.010350341796875,99.98964965820312
2025-11-27 18:00:31.008273,s1-eth2,59.49601745605469,40.50398254394531
2025-11-27 18:00:31.008398,s4-eth2,0.009613037109375,99.99038696289062
2025-11-27 18:00:31.008436,s5-eth3,0.0088653564453125,99.99113464355469
2025-11-27 18:00:32.009685,s1-eth2,58.217777252197266,41.782222747802734
2025-11-27 18:00:32.010015,s4-eth2,10.579310455322265,89.42068954467774
2025-11-27 18:00:32.010127,s5-eth3,10.468947448730468,89.53105255126954
2025-11-27 18:00:33.011458,s1-eth2,0.008963241577148437,99.99103675842285
2025-11-27 18:00:33.011767,s4-eth2,58.961219787597656,41.038780212402344
2025-11-27 18:00:33.011880,s5-eth3,59.07158279418945,40.92841720581055
2025-11-27 18:00:34.013233,s1-eth2,0.008963241577148437,99.99103675842285
2025-11-27 18:00:34.013559,s4-eth2,0.008963241577148437,99.99103675842285
2025-11-27 18:00:34.013664,s5-eth3,0.00821624755859375,99.9917837524414
2025-11-27 18:00:35.014313,s1-eth2,0.008963241577148437,99.99103675842285
2025-11-27 18:00:35.014437,s4-eth2,0.00897216796875,99.99102783203125
2025-11-27 18:00:35.014479,s5-eth3,0.0097198486328125,99.99028015136719
2025-11-27 18:00:36.015069,s1-eth2,18.710418701171875,81.28958129882812
2025-11-27 18:00:36.015205,s4-eth2,0.00897216796875,99.99102783203125
2025-11-27 18:00:36.015247,s5-eth3,0.00897216796875,99.99102783203125
2025-11-27 18:00:37.016624,s1-eth2,58.87446975708008,41.12553024291992
2025-11-27 18:00:37.017006,s4-eth2,0.008963241577148437,99.99103675842285
2025-11-27 18:00:37.017126,s5-eth3,0.008963241577148437,99.99103675842285
2025-11-27 18:00:38.018484,s1-eth2,53.828636169433594,46.171363830566406
2025-11-27 18:00:38.018824,s4-eth2,0.008963241577148437,99.99103675842285
2025-11-27 18:00:38.018947,s5-eth3,0.008963241577148437,99.99103675842285
2025-11-27 18:00:39.019623,s1-eth2,24.84185028076172,75.15814971923828
2025-11-27 18:00:39.019748,s4-eth2,0.00897216796875,99.99102783203125
2025-11-27 18:00:39.019787,s5-eth3,0.00897216796875,99.99102783203125
2025-11-27 18:00:40.021020,s1-eth2,56.3168830871582,43.6831169128418
2025-11-27 18:00:40.021351,s4-eth2,0.008963241577148437,99.99103675842285
2025-11-27 18:00:40.021456,s5-eth3,0.009603424072265625,99.99039657592773
2025-11-27 18:00:41.022083,s1-eth2,0.008963241577148437,99.99103675842285
2025-11-27 18:00:41.022205,s4-eth2,0.00897216796875,99.99102783203125
2025-11-27 18:00:41.022247,s5-eth3,0.00897216796875,99.99102783203125
2025-11-27 18:00:42.023515,s1-eth2,0.008963241577148437,99.99103675842285
2025-11-27 18:00:42.023831,s4-eth2,0.008963241577148437,99.99103675842285
2025-11-27 18:00:42.023942,s5-eth3,0.008963241577148437,99.99103675842285
2025-11-27 18:00:43.025240,s1-eth2,0.008963241577148437,99.99103675842285
2025-11-27 18:00:43.025536,s4-eth2,0.008963241577148437,99.99103675842285
2025-11-27 18:00:43.025639,s5-eth3,0.008963241577148437,99.99103675842285
2025-11-27 18:00:44.026944,s1-eth2,0.008963241577148437,99.99103675842285
2025-11-27 18:00:44.027248,s4-eth2,0.008963241577148437,99.99103675842285
2025-11-27 18:00:44.027350,s5-eth3,0.008963241577148437,99.99103675842285
2025-11-27 18:00:45.027973,s1-eth2,0.012164382934570313,99.98783561706543
2025-11-27 18:00:45.028089,s4-eth2,0.012176513671875,99.98782348632812
2025-11-27 18:00:45.028132,s5-eth3,19.4599609375,80.5400390625
2025-11-27 18:00:46.029335,s1-eth2,0.008963241577148437,99.99103675842285
2025-11-27 18:00:46.029637,s4-eth2,0.008963241577148437,99.99103675842285
2025-11-27 18:00:46.029753,s5-eth3,45.59908676147461,54.40091323852539
2025-11-27 18:00:47.031081,s1-eth2,0.008963241577148437,99.99103675842285
2025-11-27 18:00:47.031379,s4-eth2,0.008963241577148437,99.99103675842285
2025-11-27 18:00:47.031484,s5-eth3,0.008963241577148437,99.99103675842285
2025-11-27 18:00:48.032771,s1-eth2,0.008963241577148437,99.99103675842285
2025-11-27 18:00:48.033070,s4-eth2,0.008963241577148437,99.99103675842285
2025-11-27 18:00:48.033181,s5-eth3,0.009603424072265625,99.99039657592773
2025-11-27 18:00:49.034445,s1-eth2,0.008963241577148437,99.99103675842285
2025-11-27 18:00:49.034742,s4-eth2,0.008963241577148437,99.99103675842285
2025-11-27 18:00:49.034857,s5-eth3,0.008963241577148437,99.99103675842285
2025-11-27 18:00:50.036126,s1-eth2,0.008963241577148437,99.99103675842285
2025-11-27 18:00:50.036421,s4-eth2,0.008963241577148437,99.99103675842285
2025-11-27 18:00:50.036523,s5-eth3,0.008963241577148437,99.99103675842285
2025-11-27 18:00:51.037892,s1-eth2,0.009603424072265625,99.99039657592773
2025-11-27 18:00:51.038237,s4-eth2,0.009603424072265625,99.99039657592773
2025-11-27 18:00:51.038352,s5-eth3,25.213769912719727,74.78623008728027
2025-11-27 18:00:52.039724,s1-eth2,0.010243682861328126,99.98975631713867
2025-11-27 18:00:52.040054,s4-eth2,0.010243682861328126,99.98975631713867
2025-11-27 18:00:52.040171,s5-eth3,39.823909759521484,60.176090240478516
2025-11-27 18:00:53.041483,s1-eth2,0.009603424072265625,99.99039657592773
2025-11-27 18:00:53.041780,s4-eth2,0.009603424072265625,99.99039657592773
2025-11-27 18:00:53.041883,s5-eth3,0.008963241577148437,99.99103675842285
2025-11-27 18:00:54.043173,s1-eth2,0.009603424072265625,99.99039657592773
2025-11-27 18:00:54.043466,s4-eth2,0.009603424072265625,99.99039657592773
2025-11-27 18:00:54.043569,s5-eth3,0.008963241577148437,99.99103675842285
2025-11-27 18:00:55.044171,s1-eth2,0.00897216796875,99.99102783203125
2025-11-27 18:00:55.044290,s4-eth2,0.00897216796875,99.99102783203125
2025-11-27 18:00:55.044327,s5-eth3,0.00897216796875,99.99102783203125
2025-11-27 18:00:56.044879,s1-eth2,0.00897216796875,99.99102783203125
2025-11-27 18:00:56.045007,s4-eth2,0.00897216796875,99.99102783203125
2025-11-27 18:00:56.045047,s5-eth3,0.00897216796875,99.99102783203125
2025-11-27 18:00:57.046291,s1-eth2,0.008963241577148437,99.99103675842285
2025-11-27 18:00:57.046632,s4-eth2,0.008963241577148437,99.99103675842285
2025-11-27 18:00:57.046737,s5-eth3,0.009603424072265625,99.99039657592773
2025-11-27 18:00:58.048041,s1-eth2,0.008963241577148437,99.99103675842285
2025-11-27 18:00:58.048354,s4-eth2,0.008963241577148437,99.99103675842285
2025-11-27 18:00:58.048457,s5-eth3,0.008963241577148437,99.99103675842285
2025-11-27 18:00:59.049732,s1-eth2,0.008963241577148437,99.99103675842285
2025-11-27 18:00:59.050035,s4-eth2,0.008963241577148437,99.99103675842285
2025-11-27 18:00:59.050138,s5-eth3,0.008963241577148437,99.99103675842285
2025-11-27 18:01:00.050779,s1-eth2,0.008963241577148437,99.99103675842285
2025-11-27 18:01:00.050924,s4-eth2,0.00897216796875,99.99102783203125
2025-11-27 18:01:00.050966,s5-eth3,0.0082244873046875,99.99177551269531
2025-11-27 18:01:01.052223,s1-eth2,0.008963241577148437,99.99103675842285
2025-11-27 18:01:01.052558,s4-eth2,0.008963241577148437,99.99103675842285
2025-11-27 18:01:01.052669,s5-eth3,0.008963241577148437,99.99103675842285
2025-11-27 18:01:02.053996,s1-eth2,0.008963241577148437,99.99103675842285
2025-11-27 18:01:02.054295,s4-eth2,0.008963241577148437,99.99103675842285
2025-11-27 18:01:02.054448,s5-eth3,0.009710159301757813,99.99028984069824
2025-11-27 18:01:03.055196,s1-eth2,16.182395935058594,83.8176040649414
2025-11-27 18:01:03.055322,s4-eth2,0.008963241577148437,99.99103675842285
2025-11-27 18:01:03.055364,s5-eth3,0.0082244873046875,99.99177551269531
2025-11-27 18:01:04.056635,s1-eth2,48.855281829833984,51.144718170166016
2025-11-27 18:01:04.056969,s4-eth2,11.644468307495117,88.35553169250488
2025-11-27 18:01:04.057083,s5-eth3,0.009603424072265625,99.99039657592773
2025-11-27 18:01:05.058417,s1-eth2,0.008963241577148437,99.99103675842285
2025-11-27 18:01:05.058739,s4-eth2,68.92951965332031,31.070480346679688
2025-11-27 18:01:05.058894,s5-eth3,10.969606399536133,89.03039360046387
2025-11-27 18:01:06.060243,s1-eth2,0.010243682861328126,99.98975631713867
2025-11-27 18:01:06.060634,s4-eth2,58.68205642700195,41.31794357299805
2025-11-27 18:01:06.060834,s5-eth3,58.573585510253906,41.426414489746094
2025-11-27 18:01:07.062583,s1-eth2,0.008954238891601563,99.9910457611084
2025-11-27 18:01:07.063149,s4-eth2,0.008954238891601563,99.9910457611084
2025-11-27 18:01:07.063258,s5-eth3,0.009593887329101563,99.9904061126709
2025-11-27 18:01:08.065022,s1-eth2,0.009593887329101563,99.9904061126709
2025-11-27 18:01:08.065337,s4-eth2,0.009593887329101563,99.9904061126709
2025-11-27 18:01:08.065442,s5-eth3,0.009593887329101563,99.9904061126709
2025-11-27 18:01:09.066481,s1-eth2,0.008963241577148437,99.99103675842285
2025-11-27 18:01:09.066716,s4-eth2,0.008963241577148437,99.99103675842285
2025-11-27 18:01:09.066792,s5-eth3,0.009710159301757813,99.99028984069824
2025-11-27 18:01:10.068107,s1-eth2,0.008963241577148437,99.99103675842285
2025-11-27 18:01:10.068422,s4-eth2,0.008963241577148437,99.99103675842285
2025-11-27 18:01:10.068525,s5-eth3,0.00821624755859375,99.9917837524414
2025-11-27 18:01:11.069863,s1-eth2,0.008963241577148437,99.99103675842285
2025-11-27 18:01:11.070191,s4-eth2,0.008963241577148437,99.99103675842285
2025-11-27 18:01:11.070296,s5-eth3,0.009710159301757813,99.99028984069824
2025-11-27 18:01:12.071660,s1-eth2,0.009603424072265625,99.99039657592773
2025-11-27 18:01:12.071955,s4-eth2,0.009603424072265625,99.99039657592773
2025-11-27 18:01:12.072060,s5-eth3,0.010243682861328126,99.98975631713867
2025-11-27 18:01:13.073375,s1-eth2,0.008963241577148437,99.99103675842285
2025-11-27 18:01:13.073671,s4-eth2,0.008963241577148437,99.99103675842285
2025-11-27 18:01:13.073775,s5-eth3,0.008963241577148437,99.99103675842285
2025-11-27 18:01:14.075102,s1-eth2,0.008963241577148437,99.99103675842285
2025-11-27 18:01:14.075417,s4-eth2,0.008963241577148437,99.99103675842285
2025-11-27 18:01:14.075519,s5-eth3,0.008963241577148437,99.99103675842285
2025-11-27 18:01:15.076182,s1-eth2,0.008963241577148437,99.99103675842285
2025-11-27 18:01:15.076312,s4-eth2,14.88592529296875,85.11407470703125
2025-11-27 18:01:15.076357,s5-eth3,14.719711303710938,85.28028869628906
2025-11-27 18:01:16.077612,s1-eth2,0.008963241577148437,99.99103675842285
2025-11-27 18:01:16.077936,s4-eth2,54.669490814208984,45.330509185791016
2025-11-27 18:01:16.078048,s5-eth3,54.835540771484375,45.164459228515625
2025-11-27 18:01:17.079427,s1-eth2,6.754140853881836,93.24585914611816
2025-11-27 18:01:17.079751,s4-eth2,0.008963241577148437,99.99103675842285
2025-11-27 18:01:17.079856,s5-eth3,0.009603424072265625,99.99039657592773
2025-11-27 18:01:18.081194,s1-eth2,57.6048583984375,42.3951416015625
2025-11-27 18:01:18.081529,s4-eth2,0.008963241577148437,99.99103675842285
2025-11-27 18:01:18.081633,s5-eth3,0.008963241577148437,99.99103675842285
2025-11-27 18:01:19.083046,s1-eth2,0.008963241577148437,99.99103675842285
2025-11-27 18:01:19.083355,s4-eth2,0.008963241577148437,99.99103675842285
2025-11-27 18:01:19.083461,s5-eth3,0.008963241577148437,99.99103675842285
2025-11-27 18:01:20.084835,s1-eth2,0.008963241577148437,99.99103675842285
2025-11-27 18:01:20.085161,s4-eth2,16.526031494140625,83.47396850585938
2025-11-27 18:01:20.085276,s5-eth3,0.008963241577148437,99.99103675842285
2025-11-27 18:01:21.086591,s1-eth2,0.008963241577148437,99.99103675842285
2025-11-27 18:01:21.086947,s4-eth2,53.19602584838867,46.80397415161133
2025-11-27 18:01:21.087063,s5-eth3,0.009603424072265625,99.99039657592773
2025-11-27 18:01:22.088372,s1-eth2,0.009603424072265625,99.99039657592773
2025-11-27 18:01:22.088676,s4-eth2,0.009603424072265625,99.99039657592773
2025-11-27 18:01:22.088781,s5-eth3,0.008963241577148437,99.99103675842285
2025-11-27 18:01:23.090086,s1-eth2,0.008963241577148437,99.99103675842285
2025-11-27 18:01:23.090381,s4-eth2,0.008963241577148437,99.99103675842285
2025-11-27 18:01:23.090484,s5-eth3,0.008963241577148437,99.99103675842285
2025-11-27 18:01:24.091514,s1-eth2,0.009603424072265625,99.99039657592773
2025-11-27 18:01:24.091729,s4-eth2,0.009603424072265625,99.99039657592773
2025-11-27 18:01:24.091811,s5-eth3,0.008963241577148437,99.99103675842285
2025-11-27 18:01:25.093086,s1-eth2,0.008963241577148437,99.99103675842285
2025-11-27 18:01:25.093383,s4-eth2,0.008963241577148437,99.99103675842285
2025-11-27 18:01:25.093487,s5-eth3,0.008963241577148437,99.99103675842285
2025-11-27 18:01:26.094814,s1-eth2,18.132503509521484,81.86749649047852
2025-11-27 18:01:26.095152,s4-eth2,0.009603424072265625,99.99039657592773
2025-11-27 18:01:26.095257,s5-eth3,0.008963241577148437,99.99103675842285
2025-11-27 18:01:27.096591,s1-eth2,51.590736389160156,48.409263610839844
2025-11-27 18:01:27.096911,s4-eth2,0.009603424072265625,99.99039657592773
2025-11-27 18:01:27.097022,s5-eth3,0.010243682861328126,99.98975631713867
2025-11-27 18:01:28.098349,s1-eth2,0.008963241577148437,99.99103675842285
2025-11-27 18:01:28.098658,s4-eth2,0.008963241577148437,99.99103675842285
2025-11-27 18:01:28.098770,s5-eth3,0.008963241577148437,99.99103675842285
2025-11-27 18:01:29.100132,s1-eth2,0.008963241577148437,99.99103675842285
2025-11-27 18:01:29.100457,s4-eth2,0.008963241577148437,99.99103675842285
2025-11-27 18:01:29.100562,s5-eth3,0.008963241577148437,99.99103675842285
2025-11-27 18:01:30.101868,s1-eth2,0.009603424072265625,99.99039657592773
2025-11-27 18:01:30.102194,s4-eth2,0.009603424072265625,99.99039657592773
2025-11-27 18:01:30.102298,s5-eth3,0.010243682861328126,99.98975631713867
2025-11-27 18:01:31.102938,s1-eth2,0.009603424072265625,99.99039657592773
2025-11-27 18:01:31.103073,s4-eth2,0.009613037109375,99.99038696289062
2025-11-27 18:01:31.103116,s5-eth3,0.00811767578125,99.99188232421875
2025-11-27 18:01:32.104348,s1-eth2,0.008963241577148437,99.99103675842285
2025-11-27 18:01:32.104665,s4-eth2,0.008963241577148437,99.99103675842285
2025-11-27 18:01:32.104777,s5-eth3,0.010457077026367188,99.98954292297363
2025-11-27 18:01:33.106078,s1-eth2,0.009603424072265625,99.99039657592773
2025-11-27 18:01:33.106383,s4-eth2,0.009603424072265625,99.99039657592773
2025-11-27 18:01:33.106487,s5-eth3,0.009603424072265625,99.99039657592773
2025-11-27 18:01:34.107812,s1-eth2,0.010243682861328126,99.98975631713867
2025-11-27 18:01:34.108107,s4-eth2,0.010243682861328126,99.98975631713867
2025-11-27 18:01:34.108212,s5-eth3,0.008963241577148437,99.99103675842285
2025-11-27 18:01:35.109481,s1-eth2,0.008963241577148437,99.99103675842285
2025-11-27 18:01:35.109786,s4-eth2,0.008963241577148437,99.99103675842285
2025-11-27 18:01:35.109888,s5-eth3,0.008963241577148437,99.99103675842285
2025-11-27 18:01:36.110523,s1-eth2,15.842251739501954,84.15774826049804
2025-11-27 18:01:36.110646,s4-eth2,0.00897216796875,99.99102783203125
2025-11-27 18:01:36.110685,s5-eth3,0.007476806640625,99.99252319335938
2025-11-27 18:01:37.111935,s1-eth2,50.288177490234375,49.711822509765625
2025-11-27 18:01:37.112268,s4-eth2,0.008963241577148437,99.99103675842285
2025-11-27 18:01:37.112372,s5-eth3,0.010457077026367188,99.98954292297363
2025-11-27 18:01:38.112998,s1-eth2,0.009603424072265625,99.99039657592773
2025-11-27 18:01:38.113116,s4-eth2,0.009613037109375,99.99038696289062
2025-11-27 18:01:38.113154,s5-eth3,0.007476806640625,99.99252319335938
2025-11-27 18:01:39.114431,s1-eth2,0.009603424072265625,99.99039657592773
2025-11-27 18:01:39.114758,s4-eth2,0.009603424072265625,99.99039657592773
2025-11-27 18:01:39.114891,s5-eth3,0.011737518310546875,99.98826248168945
2025-11-27 18:01:40.116229,s1-eth2,0.008963241577148437,99.99103675842285
2025-11-27 18:01:40.116545,s4-eth2,0.008963241577148437,99.99103675842285
2025-11-27 18:01:40.116649,s5-eth3,0.008963241577148437,99.99103675842285
2025-11-27 18:01:41.117268,s1-eth2,21.47847557067871,78.52152442932129
2025-11-27 18:01:41.117389,s4-eth2,0.00897216796875,99.99102783203125
2025-11-27 18:01:41.117428,s5-eth3,0.00897216796875,99.99102783203125
2025-11-27 18:01:42.118701,s1-eth2,43.558563232421875,56.441436767578125
2025-11-27 18:01:42.119092,s4-eth2,0.008963241577148437,99.99103675842285
2025-11-27 18:01:42.119209,s5-eth3,21.198558807373047,78.80144119262695
2025-11-27 18:01:43.120569,s1-eth2,0.008963241577148437,99.99103675842285
2025-11-27 18:01:43.120934,s4-eth2,0.008963241577148437,99.99103675842285
2025-11-27 18:01:43.121054,s5-eth3,43.83872985839844,56.16127014160156
2025-11-27 18:01:44.122424,s1-eth2,15.899002990722657,84.10099700927734
2025-11-27 18:01:44.122768,s4-eth2,0.008963241577148437,99.99103675842285
2025-11-27 18:01:44.122908,s5-eth3,0.008963241577148437,99.99103675842285
2025-11-27 18:01:45.124259,s1-eth2,48.459346771240234,51.540653228759766
2025-11-27 18:01:45.124613,s4-eth2,0.008963241577148437,99.99103675842285
2025-11-27 18:01:45.124725,s5-eth3,0.008963241577148437,99.99103675842285
2025-11-27 18:01:46.126034,s1-eth2,0.008963241577148437,99.99103675842285
2025-11-27 18:01:46.126331,s4-eth2,0.008963241577148437,99.99103675842285
2025-11-27 18:01:46.126437,s5-eth3,0.008963241577148437,99.99103675842285
2025-11-27 18:01:47.127123,s1-eth2,0.009603424072265625,99.99039657592773
2025-11-27 18:01:47.127252,s4-eth2,0.009613037109375,99.99038696289062
2025-11-27 18:01:47.127294,s5-eth3,0.01025390625,99.98974609375
2025-11-27 18:01:48.127936,s1-eth2,0.00897216796875,99.99102783203125
2025-11-27 18:01:48.128085,s4-eth2,0.00897216796875,99.99102783203125
2025-11-27 18:01:48.128136,s5-eth3,0.00897216796875,99.99102783203125
2025-11-27 18:01:49.128742,s1-eth2,0.00897216796875,99.99102783203125
2025-11-27 18:01:49.128886,s4-eth2,0.00897216796875,99.99102783203125
2025-11-27 18:01:49.128933,s5-eth3,0.00897216796875,99.99102783203125
2025-11-27 18:01:50.129562,s1-eth2,0.009613037109375,99.99038696289062
2025-11-27 18:01:50.129705,s4-eth2,0.009613037109375,99.99038696289062
2025-11-27 18:01:50.129758,s5-eth3,26.634872436523438,73.36512756347656
2025-11-27 18:01:51.130363,s1-eth2,0.009613037109375,99.99038696289062
2025-11-27 18:01:51.130504,s4-eth2,0.009613037109375,99.99038696289062
2025-11-27 18:01:51.130558,s5-eth3,38.46733856201172,61.53266143798828
2025-11-27 18:01:52.131161,s1-eth2,0.00897216796875,99.99102783203125
2025-11-27 18:01:52.131298,s4-eth2,0.00897216796875,99.99102783203125
2025-11-27 18:01:52.131345,s5-eth3,0.009613037109375,99.99038696289062
2025-11-27 18:01:53.131933,s1-eth2,0.009613037109375,99.99038696289062
2025-11-27 18:01:53.132071,s4-eth2,0.009613037109375,99.99038696289062
2025-11-27 18:01:53.132122,s5-eth3,0.01025390625,99.98974609375
2025-11-27 18:01:54.132746,s1-eth2,0.009613037109375,99.99038696289062
2025-11-27 18:01:54.132896,s4-eth2,0.009613037109375,99.99038696289062
2025-11-27 18:01:54.132945,s5-eth3,0.009613037109375,99.99038696289062
2025-11-27 18:01:55.133564,s1-eth2,0.00897216796875,99.99102783203125
2025-11-27 18:01:55.133717,s4-eth2,0.00897216796875,99.99102783203125
2025-11-27 18:01:55.133766,s5-eth3,0.00897216796875,99.99102783203125
2025-11-27 18:01:56.134375,s1-eth2,0.00897216796875,99.99102783203125
2025-11-27 18:01:56.134522,s4-eth2,0.00897216796875,99.99102783203125
2025-11-27 18:01:56.134569,s5-eth3,0.00897216796875,99.99102783203125
2025-11-27 18:01:57.135212,s1-eth2,0.00897216796875,99.99102783203125
2025-11-27 18:01:57.135357,s4-eth2,0.00897216796875,99.99102783203125
2025-11-27 18:01:57.135406,s5-eth3,0.007476806640625,99.99252319335938
2025-11-27 18:01:58.136065,s1-eth2,0.00897216796875,99.99102783203125
2025-11-27 18:01:58.136221,s4-eth2,0.00897216796875,99.99102783203125
2025-11-27 18:01:58.136276,s5-eth3,0.00897216796875,99.99102783203125
2025-11-27 18:01:59.136909,s1-eth2,0.00897216796875,99.99102783203125
2025-11-27 18:01:59.137062,s4-eth2,0.00897216796875,99.99102783203125
2025-11-27 18:01:59.137118,s5-eth3,0.010467529296875,99.98953247070312
2025-11-27 18:02:00.137759,s1-eth2,0.00897216796875,99.99102783203125
2025-11-27 18:02:00.137909,s4-eth2,0.00897216796875,99.99102783203125
2025-11-27 18:02:00.137960,s5-eth3,0.00897216796875,99.99102783203125
2025-11-27 18:02:01.138579,s1-eth2,7.04010009765625,92.95989990234375
2025-11-27 18:02:01.138731,s4-eth2,0.00897216796875,99.99102783203125
2025-11-27 18:02:01.138783,s5-eth3,0.00897216796875,99.99102783203125
2025-11-27 18:02:02.139423,s1-eth2,57.38312530517578,42.61687469482422
2025-11-27 18:02:02.139576,s4-eth2,0.00897216796875,99.99102783203125
2025-11-27 18:02:02.139626,s5-eth3,0.00897216796875,99.99102783203125
2025-11-27 18:02:03.140242,s1-eth2,16.288604736328125,83.71139526367188
2025-11-27 18:02:03.140398,s4-eth2,0.009613037109375,99.99038696289062
2025-11-27 18:02:03.140446,s5-eth3,0.0082244873046875,99.99177551269531
2025-11-27 18:02:04.140862,s1-eth2,48.81358337402344,51.18641662597656
2025-11-27 18:02:04.140950,s4-eth2,0.00897216796875,99.99102783203125
2025-11-27 18:02:04.140978,s5-eth3,0.00897216796875,99.99102783203125
2025-11-27 18:02:05.141420,s1-eth2,0.00897216796875,99.99102783203125
2025-11-27 18:02:05.141512,s4-eth2,0.00897216796875,99.99102783203125
2025-11-27 18:02:05.141543,s5-eth3,0.00897216796875,99.99102783203125
2025-11-27 18:02:06.141977,s1-eth2,0.00897216796875,99.99102783203125
2025-11-27 18:02:06.142068,s4-eth2,11.584686279296875,88.41531372070312
2025-11-27 18:02:06.142099,s5-eth3,11.69390869140625,88.30609130859375
2025-11-27 18:02:07.142521,s1-eth2,0.009613037109375,99.99038696289062
2025-11-27 18:02:07.142612,s4-eth2,58.02605438232422,41.97394561767578
2025-11-27 18:02:07.142644,s5-eth3,57.91608428955078,42.08391571044922
2025-11-27 18:02:08.143045,s1-eth2,0.009613037109375,99.99038696289062
2025-11-27 18:02:08.143128,s4-eth2,0.009613037109375,99.99038696289062
2025-11-27 18:02:08.143157,s5-eth3,0.01025390625,99.98974609375
2025-11-27 18:02:09.143543,s1-eth2,0.009613037109375,99.99038696289062
2025-11-27 18:02:09.143626,s4-eth2,0.009613037109375,99.99038696289062
2025-11-27 18:02:09.143654,s5-eth3,0.009613037109375,99.99038696289062
2025-11-27 18:02:10.144039,s1-eth2,0.00897216796875,99.99102783203125
2025-11-27 18:02:10.144124,s4-eth2,0.00897216796875,99.99102783203125
2025-11-27 18:02:10.144153,s5-eth3,0.00897216796875,99.99102783203125
2025-11-27 18:02:11.144675,s1-eth2,0.00897216796875,99.99102783203125
2025-11-27 18:02:11.144804,s4-eth2,15.327316284179688,84.67268371582031
2025-11-27 18:02:11.144847,s5-eth3,0.00897216796875,99.99102783203125
2025-11-27 18:02:12.146059,s1-eth2,0.008963241577148437,99.99103675842285
2025-11-27 18:02:12.146379,s4-eth2,54.41072463989258,45.58927536010742
2025-11-27 18:02:12.146492,s5-eth3,0.008963241577148437,99.99103675842285
2025-11-27 18:02:13.147807,s1-eth2,0.008963241577148437,99.99103675842285
2025-11-27 18:02:13.148108,s4-eth2,0.008963241577148437,99.99103675842285
2025-11-27 18:02:13.148213,s5-eth3,0.008963241577148437,99.99103675842285
2025-11-27 18:02:14.149484,s1-eth2,0.009603424072265625,99.99039657592773
2025-11-27 18:02:14.149788,s4-eth2,0.009603424072265625,99.99039657592773
2025-11-27 18:02:14.149892,s5-eth3,0.010243682861328126,99.98975631713867
2025-11-27 18:02:15.151204,s1-eth2,0.010883865356445312,99.98911613464355
2025-11-27 18:02:15.151500,s4-eth2,0.010883865356445312,99.98911613464355
2025-11-27 18:02:15.151604,s5-eth3,0.010883865356445312,99.98911613464355
2025-11-27 18:02:16.152857,s1-eth2,0.008963241577148437,99.99103675842285
2025-11-27 18:02:16.153151,s4-eth2,0.008963241577148437,99.99103675842285
2025-11-27 18:02:16.153269,s5-eth3,0.008963241577148437,99.99103675842285
2025-11-27 18:02:17.154543,s1-eth2,0.008963241577148437,99.99103675842285
2025-11-27 18:02:17.154875,s4-eth2,15.450980224609374,84.54901977539063
2025-11-27 18:02:17.154989,s5-eth3,15.341119766235352,84.65888023376465
2025-11-27 18:02:18.156291,s1-eth2,0.008963241577148437,99.99103675842285
2025-11-27 18:02:18.156599,s4-eth2,54.0453987121582,45.9546012878418
2025-11-27 18:02:18.156710,s5-eth3,54.15525817871094,45.84474182128906
2025-11-27 18:02:19.158047,s1-eth2,0.009603424072265625,99.99039657592773
2025-11-27 18:02:19.158372,s4-eth2,0.009603424072265625,99.99039657592773
2025-11-27 18:02:19.158475,s5-eth3,0.009603424072265625,99.99039657592773
2025-11-27 18:02:20.159771,s1-eth2,0.008963241577148437,99.99103675842285
2025-11-27 18:02:20.160090,s4-eth2,0.008963241577148437,99.99103675842285
2025-11-27 18:02:20.160194,s5-eth3,0.008963241577148437,99.99103675842285
2025-11-27 18:02:21.160767,s1-eth2,0.00897216796875,99.99102783203125
2025-11-27 18:02:21.160882,s4-eth2,17.938079833984375,82.06192016601562
2025-11-27 18:02:21.160919,s5-eth3,0.00897216796875,99.99102783203125
2025-11-27 18:02:22.162133,s1-eth2,0.008963241577148437,99.99103675842285
2025-11-27 18:02:22.162462,s4-eth2,51.80189895629883,48.19810104370117
2025-11-27 18:02:22.162575,s5-eth3,0.008963241577148437,99.99103675842285
2025-11-27 18:02:23.163890,s1-eth2,0.008963241577148437,99.99103675842285
2025-11-27 18:02:23.164201,s4-eth2,0.008963241577148437,99.99103675842285
2025-11-27 18:02:23.164304,s5-eth3,0.008963241577148437,99.99103675842285
2025-11-27 18:02:24.164926,s1-eth2,17.920801162719727,82.07919883728027
2025-11-27 18:02:24.165043,s4-eth2,0.009613037109375,99.99038696289062
2025-11-27 18:02:24.165082,s5-eth3,0.00897216796875,99.99102783203125
2025-11-27 18:02:25.166305,s1-eth2,51.803199768066406,48.196800231933594
2025-11-27 18:02:25.166622,s4-eth2,0.009603424072265625,99.99039657592773
2025-11-27 18:02:25.166726,s5-eth3,0.008963241577148437,99.99103675842285
2025-11-27 18:02:26.167395,s1-eth2,15.200132369995117,84.79986763000488
2025-11-27 18:02:26.167514,s4-eth2,0.00897216796875,99.99102783203125
2025-11-27 18:02:26.167554,s5-eth3,0.009613037109375,99.99038696289062
2025-11-27 18:02:27.168108,s1-eth2,54.57695007324219,45.42304992675781
2025-11-27 18:02:27.168224,s4-eth2,0.00897216796875,99.99102783203125
2025-11-27 18:02:27.168263,s5-eth3,0.00897216796875,99.99102783203125
2025-11-27 18:02:28.169509,s1-eth2,0.008963241577148437,99.99103675842285
2025-11-27 18:02:28.169815,s4-eth2,0.008963241577148437,99.99103675842285
2025-11-27 18:02:28.169924,s5-eth3,0.008963241577148437,99.99103675842285
2025-11-27 18:02:29.171227,s1-eth2,0.008963241577148437,99.99103675842285
2025-11-27 18:02:29.171531,s4-eth2,0.008963241577148437,99.99103675842285
2025-11-27 18:02:29.171633,s5-eth3,0.008963241577148437,99.99103675842285
2025-11-27 18:02:30.172913,s1-eth2,0.008963241577148437,99.99103675842285
2025-11-27 18:02:30.173209,s4-eth2,0.008963241577148437,99.99103675842285
2025-11-27 18:02:30.173311,s5-eth3,0.008963241577148437,99.99103675842285
2025-11-27 18:02:31.174570,s1-eth2,0.008963241577148437,99.99103675842285
2025-11-27 18:02:31.174879,s4-eth2,0.008963241577148437,99.99103675842285
2025-11-27 18:02:31.174991,s5-eth3,0.008963241577148437,99.99103675842285
2025-11-27 18:02:32.176266,s1-eth2,0.008963241577148437,99.99103675842285
2025-11-27 18:02:32.176565,s4-eth2,0.008963241577148437,99.99103675842285
2025-11-27 18:02:32.176668,s5-eth3,0.008963241577148437,99.99103675842285
2025-11-27 18:02:33.177949,s1-eth2,0.008963241577148437,99.99103675842285
2025-11-27 18:02:33.178245,s4-eth2,0.008963241577148437,99.99103675842285
2025-11-27 18:02:33.178348,s5-eth3,0.008963241577148437,99.99103675842285
2025-11-27 18:02:34.179633,s1-eth2,0.008963241577148437,99.99103675842285
2025-11-27 18:02:34.179936,s4-eth2,0.008963241577148437,99.99103675842285
2025-11-27 18:02:34.180041,s5-eth3,0.008963241577148437,99.99103675842285
2025-11-27 18:02:35.180684,s1-eth2,0.008963241577148437,99.99103675842285
2025-11-27 18:02:35.180804,s4-eth2,0.00897216796875,99.99102783203125
2025-11-27 18:02:35.180848,s5-eth3,20.997787475585938,79.00221252441406
2025-11-27 18:02:36.182134,s1-eth2,0.008963241577148437,99.99103675842285
2025-11-27 18:02:36.182472,s4-eth2,0.008963241577148437,99.99103675842285
2025-11-27 18:02:36.182590,s5-eth3,44.06024932861328,55.93975067138672
2025-11-27 18:02:37.183986,s1-eth2,0.008963241577148437,99.99103675842285
2025-11-27 18:02:37.184315,s4-eth2,0.008963241577148437,99.99103675842285
2025-11-27 18:02:37.184427,s5-eth3,0.008963241577148437,99.99103675842285
2025-11-27 18:02:38.185731,s1-eth2,0.009603424072265625,99.99039657592773
2025-11-27 18:02:38.186084,s4-eth2,0.009603424072265625,99.99039657592773
2025-11-27 18:02:38.186196,s5-eth3,0.009603424072265625,99.99039657592773
2025-11-27 18:02:39.187508,s1-eth2,0.008963241577148437,99.99103675842285
2025-11-27 18:02:39.187831,s4-eth2,0.008963241577148437,99.99103675842285
2025-11-27 18:02:39.187942,s5-eth3,0.009603424072265625,99.99039657592773
2025-11-27 18:02:40.188576,s1-eth2,14.95250129699707,85.04749870300293
2025-11-27 18:02:40.188706,s4-eth2,0.009613037109375,99.99038696289062
2025-11-27 18:02:40.188746,s5-eth3,0.009613037109375,99.99038696289062
2025-11-27 18:02:41.189248,s1-eth2,49.45604705810547,50.54395294189453
2025-11-27 18:02:41.189359,s4-eth2,0.00897216796875,99.99102783203125
2025-11-27 18:02:41.189396,s5-eth3,0.00897216796875,99.99102783203125
2025-11-27 18:02:42.190634,s1-eth2,0.009603424072265625,99.99039657592773
2025-11-27 18:02:42.190991,s4-eth2,0.009603424072265625,99.99039657592773
2025-11-27 18:02:42.191104,s5-eth3,0.008963241577148437,99.99103675842285
2025-11-27 18:02:43.192387,s1-eth2,0.008963241577148437,99.99103675842285
2025-11-27 18:02:43.192683,s4-eth2,0.008963241577148437,99.99103675842285
2025-11-27 18:02:43.192786,s5-eth3,0.008963241577148437,99.99103675842285
2025-11-27 18:02:44.193459,s1-eth2,0.008963241577148437,99.99103675842285
2025-11-27 18:02:44.193599,s4-eth2,0.00897216796875,99.99102783203125
2025-11-27 18:02:44.193643,s5-eth3,0.00897216796875,99.99102783203125
2025-11-27 18:02:45.194974,s1-eth2,0.009603424072265625,99.99039657592773
2025-11-27 18:02:45.195289,s4-eth2,0.009603424072265625,99.99039657592773
2025-11-27 18:02:45.195393,s5-eth3,0.008963241577148437,99.99103675842285
2025-11-27 18:02:46.196727,s1-eth2,0.008963241577148437,99.99103675842285
2025-11-27 18:02:46.197059,s4-eth2,0.008963241577148437,99.99103675842285
2025-11-27 18:02:46.197163,s5-eth3,0.008963241577148437,99.99103675842285
2025-11-27 18:02:47.198585,s1-eth2,0.008963241577148437,99.99103675842285
2025-11-27 18:02:47.199001,s4-eth2,0.008963241577148437,99.99103675842285
2025-11-27 18:02:47.199117,s5-eth3,0.008963241577148437,99.99103675842285
2025-11-27 18:02:48.200454,s1-eth2,0.010243682861328126,99.98975631713867
2025-11-27 18:02:48.200787,s4-eth2,0.010243682861328126,99.98975631713867
2025-11-27 18:02:48.200897,s5-eth3,0.009603424072265625,99.99039657592773
2025-11-27 18:02:49.202197,s1-eth2,0.008963241577148437,99.99103675842285
2025-11-27 18:02:49.202494,s4-eth2,0.008963241577148437,99.99103675842285
2025-11-27 18:02:49.202602,s5-eth3,0.008963241577148437,99.99103675842285
2025-11-27 18:02:50.203909,s1-eth2,0.008963241577148437,99.99103675842285
2025-11-27 18:02:50.204218,s4-eth2,0.008963241577148437,99.99103675842285
2025-11-27 18:02:50.204322,s5-eth3,0.009603424072265625,99.99039657592773
2025-11-27 18:02:51.205621,s1-eth2,0.008963241577148437,99.99103675842285
2025-11-27 18:02:51.205917,s4-eth2,0.008963241577148437,99.99103675842285
2025-11-27 18:02:51.206020,s5-eth3,0.008963241577148437,99.99103675842285
2025-11-27 18:02:52.207339,s1-eth2,0.009603424072265625,99.99039657592773
2025-11-27 18:02:52.207638,s4-eth2,0.009603424072265625,99.99039657592773
2025-11-27 18:02:52.207748,s5-eth3,0.009603424072265625,99.99039657592773
2025-11-27 18:02:53.209071,s1-eth2,17.46465301513672,82.53534698486328
2025-11-27 18:02:53.209387,s4-eth2,0.008963241577148437,99.99103675842285
2025-11-27 18:02:53.209554,s5-eth3,0.009710159301757813,99.99028984069824
2025-11-27 18:02:54.211028,s1-eth2,47.57238006591797,52.42761993408203
2025-11-27 18:02:54.211350,s4-eth2,0.009603424072265625,99.99039657592773
2025-11-27 18:02:54.211472,s5-eth3,27.111316680908203,72.8886833190918
2025-11-27 18:02:55.212144,s1-eth2,0.008963241577148437,99.99103675842285
2025-11-27 18:02:55.212279,s4-eth2,0.00897216796875,99.99102783203125
2025-11-27 18:02:55.212323,s5-eth3,37.96363067626953,62.03636932373047
2025-11-27 18:02:56.212884,s1-eth2,21.38897705078125,78.61102294921875
2025-11-27 18:02:56.213008,s4-eth2,0.00897216796875,99.99102783203125
2025-11-27 18:02:56.213047,s5-eth3,0.00897216796875,99.99102783203125
2025-11-27 18:02:57.214307,s1-eth2,43.66940689086914,56.33059310913086
2025-11-27 18:02:57.214641,s4-eth2,0.008963241577148437,99.99103675842285
2025-11-27 18:02:57.214746,s5-eth3,0.008963241577148437,99.99103675842285
2025-11-27 18:02:58.216111,s1-eth2,0.008963241577148437,99.99103675842285
2025-11-27 18:02:58.216429,s4-eth2,0.008963241577148437,99.99103675842285
2025-11-27 18:02:58.216532,s5-eth3,0.008963241577148437,99.99103675842285
2025-11-27 18:02:59.217839,s1-eth2,0.010243682861328126,99.98975631713867
2025-11-27 18:02:59.218136,s4-eth2,0.010243682861328126,99.98975631713867
2025-11-27 18:02:59.218239,s5-eth3,0.010243682861328126,99.98975631713867
2025-11-27 18:03:00.219587,s1-eth2,0.010243682861328126,99.98975631713867
2025-11-27 18:03:00.220059,s4-eth2,0.010243682861328126,99.98975631713867
2025-11-27 18:03:00.220213,s5-eth3,0.010350341796875,99.98964965820312
2025-11-27 18:03:01.221728,s1-eth2,0.009593887329101563,99.9904061126709
2025-11-27 18:03:01.222026,s4-eth2,0.009603424072265625,99.99039657592773
2025-11-27 18:03:01.222131,s5-eth3,0.009603424072265625,99.99039657592773
2025-11-27 18:03:02.223740,s1-eth2,0.008954238891601563,99.9910457611084
2025-11-27 18:03:02.224192,s4-eth2,0.008954238891601563,99.9910457611084
2025-11-27 18:03:02.224369,s5-eth3,0.009593887329101563,99.9904061126709
2025-11-27 18:03:03.225894,s1-eth2,0.008954238891601563,99.9910457611084
2025-11-27 18:03:03.226216,s4-eth2,0.008954238891601563,99.9910457611084
2025-11-27 18:03:03.226323,s5-eth3,0.008963241577148437,99.99103675842285
2025-11-27 18:03:04.227689,s1-eth2,0.008963241577148437,99.99103675842285
2025-11-27 18:03:04.228030,s4-eth2,0.008963241577148437,99.99103675842285
2025-11-27 18:03:04.228137,s5-eth3,0.009710159301757813,99.99028984069824
2025-11-27 18:03:05.229450,s1-eth2,0.008963241577148437,99.99103675842285
2025-11-27 18:03:05.229782,s4-eth2,0.008963241577148437,99.99103675842285
2025-11-27 18:03:05.229885,s5-eth3,0.008963241577148437,99.99103675842285
2025-11-27 18:03:06.231294,s1-eth2,0.008963241577148437,99.99103675842285
2025-11-27 18:03:06.231616,s4-eth2,0.008963241577148437,99.99103675842285
2025-11-27 18:03:06.231721,s5-eth3,0.008963241577148437,99.99103675842285
2025-11-27 18:03:07.233043,s1-eth2,9.540889739990234,90.45911026000977
2025-11-27 18:03:07.233379,s4-eth2,0.008963241577148437,99.99103675842285
2025-11-27 18:03:07.233485,s5-eth3,0.008963241577148437,99.99103675842285
2025-11-27 18:03:08.234826,s1-eth2,54.81745910644531,45.18254089355469
2025-11-27 18:03:08.235216,s4-eth2,16.63840675354004,83.36159324645996
2025-11-27 18:03:08.235331,s5-eth3,0.007469329833984375,99.99253067016602
2025-11-27 18:03:09.236680,s1-eth2,0.009603424072265625,99.99039657592773
2025-11-27 18:03:09.237002,s4-eth2,53.084774017333984,46.915225982666016
2025-11-27 18:03:09.237117,s5-eth3,0.010457077026367188,99.98954292297363
2025-11-27 18:03:10.238400,s1-eth2,0.009603424072265625,99.99039657592773
2025-11-27 18:03:10.238697,s4-eth2,0.009603424072265625,99.99039657592773
2025-11-27 18:03:10.238798,s5-eth3,0.008963241577148437,99.99103675842285
2025-11-27 18:03:11.239462,s1-eth2,0.008963241577148437,99.99103675842285
2025-11-27 18:03:11.239588,s4-eth2,14.2742919921875,85.7257080078125
2025-11-27 18:03:11.239630,s5-eth3,14.3841552734375,85.6158447265625
2025-11-27 18:03:12.240834,s1-eth2,0.008963241577148437,99.99103675842285
2025-11-27 18:03:12.241142,s4-eth2,55.280521392822266,44.719478607177734
2025-11-27 18:03:12.241252,s5-eth3,55.171409606933594,44.828590393066406
2025-11-27 18:03:13.242566,s1-eth2,0.008963241577148437,99.99103675842285
2025-11-27 18:03:13.242916,s4-eth2,0.008963241577148437,99.99103675842285
2025-11-27 18:03:13.243021,s5-eth3,0.008963241577148437,99.99103675842285
2025-11-27 18:03:14.244294,s1-eth2,0.008963241577148437,99.99103675842285
2025-11-27 18:03:14.244588,s4-eth2,0.008963241577148437,99.99103675842285
2025-11-27 18:03:14.244691,s5-eth3,0.008963241577148437,99.99103675842285
2025-11-27 18:03:15.245949,s1-eth2,0.008963241577148437,99.99103675842285
2025-11-27 18:03:15.246253,s4-eth2,0.008963241577148437,99.99103675842285
2025-11-27 18:03:15.246357,s5-eth3,0.008963241577148437,99.99103675842285
2025-11-27 18:03:16.247030,s1-eth2,19.646888732910156,80.35311126708984
2025-11-27 18:03:16.247157,s4-eth2,0.00897216796875,99.99102783203125
2025-11-27 18:03:16.247197,s5-eth3,0.00897216796875,99.99102783203125
2025-11-27 18:03:17.248461,s1-eth2,50.07417297363281,49.92582702636719
2025-11-27 18:03:17.248793,s4-eth2,0.008963241577148437,99.99103675842285
2025-11-27 18:03:17.248898,s5-eth3,0.00821624755859375,99.9917837524414
2025-11-27 18:03:18.250205,s1-eth2,0.008963241577148437,99.99103675842285
2025-11-27 18:03:18.250501,s4-eth2,0.008963241577148437,99.99103675842285
2025-11-27 18:03:18.250605,s5-eth3,0.008963241577148437,99.99103675842285
2025-11-27 18:03:19.251920,s1-eth2,0.008963241577148437,99.99103675842285
2025-11-27 18:03:19.252215,s4-eth2,0.008963241577148437,99.99103675842285
2025-11-27 18:03:19.252328,s5-eth3,0.008963241577148437,99.99103675842285
2025-11-27 18:03:20.252970,s1-eth2,16.872318267822266,83.12768173217773
2025-11-27 18:03:20.253087,s4-eth2,0.009613037109375,99.99038696289062
2025-11-27 18:03:20.253126,s5-eth3,0.00897216796875,99.99102783203125
2025-11-27 18:03:21.255050,s1-eth2,52.79801559448242,47.20198440551758
2025-11-27 18:03:21.255486,s4-eth2,20.018192291259766,79.98180770874023
2025-11-27 18:03:21.255601,s5-eth3,0.009593887329101563,99.9904061126709
2025-11-27 18:03:22.257183,s1-eth2,0.008954238891601563,99.9910457611084
2025-11-27 18:03:22.257498,s4-eth2,49.63417053222656,50.36582946777344
2025-11-27 18:03:22.257614,s5-eth3,0.008954238891601563,99.9910457611084
2025-11-27 18:03:23.258976,s1-eth2,0.009603424072265625,99.99039657592773
2025-11-27 18:03:23.259276,s4-eth2,0.009603424072265625,99.99039657592773
2025-11-27 18:03:23.259378,s5-eth3,0.010350341796875,99.98964965820312
2025-11-27 18:03:24.260697,s1-eth2,0.008963241577148437,99.99103675842285
2025-11-27 18:03:24.261003,s4-eth2,0.008963241577148437,99.99103675842285
2025-11-27 18:03:24.261106,s5-eth3,0.00821624755859375,99.9917837524414
2025-11-27 18:03:25.262422,s1-eth2,0.009603424072265625,99.99039657592773
2025-11-27 18:03:25.262718,s4-eth2,0.009603424072265625,99.99039657592773
2025-11-27 18:03:25.262820,s5-eth3,0.009603424072265625,99.99039657592773
2025-11-27 18:03:26.264474,s1-eth2,0.008954238891601563,99.9910457611084
2025-11-27 18:03:26.264798,s4-eth2,17.161569595336914,82.83843040466309
2025-11-27 18:03:26.264910,s5-eth3,16.940561294555664,83.05943870544434
2025-11-27 18:03:27.266236,s1-eth2,0.009603424072265625,99.99039657592773
2025-11-27 18:03:27.266551,s4-eth2,52.36231994628906,47.63768005371094
2025-11-27 18:03:27.266662,s5-eth3,52.58354949951172,47.41645050048828
2025-11-27 18:03:28.267992,s1-eth2,0.009603424072265625,99.99039657592773
2025-11-27 18:03:28.268326,s4-eth2,0.009603424072265625,99.99039657592773
2025-11-27 18:03:28.268430,s5-eth3,0.010350341796875,99.98964965820312
2025-11-27 18:03:29.269783,s1-eth2,17.259519577026367,82.74048042297363
2025-11-27 18:03:29.270107,s4-eth2,0.008963241577148437,99.99103675842285
2025-11-27 18:03:29.270210,s5-eth3,0.008963241577148437,99.99103675842285
2025-11-27 18:03:30.271558,s1-eth2,49.182281494140625,50.817718505859375
2025-11-27 18:03:30.271897,s4-eth2,0.008963241577148437,99.99103675842285
2025-11-27 18:03:30.272007,s5-eth3,0.008963241577148437,99.99103675842285
2025-11-27 18:03:31.273363,s1-eth2,0.008963241577148437,99.99103675842285
2025-11-27 18:03:31.273695,s4-eth2,0.008963241577148437,99.99103675842285
2025-11-27 18:03:31.273808,s5-eth3,0.009603424072265625,99.99039657592773
2025-11-27 18:03:32.275141,s1-eth2,0.008963241577148437,99.99103675842285
2025-11-27 18:03:32.275471,s4-eth2,0.008963241577148437,99.99103675842285
2025-11-27 18:03:32.275574,s5-eth3,0.008963241577148437,99.99103675842285
2025-11-27 18:03:33.276871,s1-eth2,0.010243682861328126,99.98975631713867
2025-11-27 18:03:33.277170,s4-eth2,0.010243682861328126,99.98975631713867
2025-11-27 18:03:33.277273,s5-eth3,0.009603424072265625,99.99039657592773
2025-11-27 18:03:34.278549,s1-eth2,0.008963241577148437,99.99103675842285
2025-11-27 18:03:34.278905,s4-eth2,0.008963241577148437,99.99103675842285
2025-11-27 18:03:34.279019,s5-eth3,0.008963241577148437,99.99103675842285
2025-11-27 18:03:35.280310,s1-eth2,0.008963241577148437,99.99103675842285
2025-11-27 18:03:35.280609,s4-eth2,0.008963241577148437,99.99103675842285
2025-11-27 18:03:35.280712,s5-eth3,0.008963241577148437,99.99103675842285
2025-11-27 18:03:36.281983,s1-eth2,0.008963241577148437,99.99103675842285
2025-11-27 18:03:36.282300,s4-eth2,0.008963241577148437,99.99103675842285
2025-11-27 18:03:36.282402,s5-eth3,0.008963241577148437,99.99103675842285
2025-11-27 18:03:37.283743,s1-eth2,0.010243682861328126,99.98975631713867
2025-11-27 18:03:37.284053,s4-eth2,0.010243682861328126,99.98975631713867
2025-11-27 18:03:37.284157,s5-eth3,0.008963241577148437,99.99103675842285
2025-11-27 18:03:38.284763,s1-eth2,0.008963241577148437,99.99103675842285
2025-11-27 18:03:38.284878,s4-eth2,0.00897216796875,99.99102783203125
2025-11-27 18:03:38.284918,s5-eth3,23.228424072265625,76.77157592773438
2025-11-27 18:03:39.286144,s1-eth2,0.008963241577148437,99.99103675842285
2025-11-27 18:03:39.286474,s4-eth2,0.008963241577148437,99.99103675842285
2025-11-27 18:03:39.286591,s5-eth3,41.83130645751953,58.16869354248047
2025-11-27 18:03:40.287965,s1-eth2,0.008963241577148437,99.99103675842285
2025-11-27 18:03:40.288288,s4-eth2,0.008963241577148437,99.99103675842285
2025-11-27 18:03:40.288402,s5-eth3,0.007469329833984375,99.99253067016602
2025-11-27 18:03:41.289713,s1-eth2,0.008963241577148437,99.99103675842285
2025-11-27 18:03:41.290124,s4-eth2,0.008963241577148437,99.99103675842285
2025-11-27 18:03:41.290322,s5-eth3,0.011097335815429687,99.98890266418456
2025-11-27 18:03:42.291849,s1-eth2,0.008954238891601563,99.9910457611084
2025-11-27 18:03:42.292148,s4-eth2,0.008954238891601563,99.9910457611084
2025-11-27 18:03:42.292253,s5-eth3,0.008963241577148437,99.99103675842285
2025-11-27 18:03:43.293606,s1-eth2,27.333415985107422,72.66658401489258
2025-11-27 18:03:43.293936,s4-eth2,0.008963241577148437,99.99103675842285
2025-11-27 18:03:43.294042,s5-eth3,0.008963241577148437,99.99103675842285
2025-11-27 18:03:44.294801,s1-eth2,37.704254150390625,62.295745849609375
2025-11-27 18:03:44.294967,s4-eth2,0.009603424072265625,99.99039657592773
2025-11-27 18:03:44.295019,s5-eth3,0.0088653564453125,99.99113464355469
2025-11-27 18:03:45.295668,s1-eth2,0.009613037109375,99.99038696289062
2025-11-27 18:03:45.295820,s4-eth2,0.009613037109375,99.99038696289062
2025-11-27 18:03:45.295869,s5-eth3,0.0103607177734375,99.98963928222656
2025-11-27 18:03:46.296527,s1-eth2,0.00897216796875,99.99102783203125
2025-11-27 18:03:46.296674,s4-eth2,0.00897216796875,99.99102783203125
2025-11-27 18:03:46.296724,s5-eth3,0.00897216796875,99.99102783203125
2025-11-27 18:03:47.297369,s1-eth2,0.009613037109375,99.99038696289062
2025-11-27 18:03:47.297529,s4-eth2,0.009613037109375,99.99038696289062
2025-11-27 18:03:47.297578,s5-eth3,0.00897216796875,99.99102783203125
2025-11-27 18:03:48.298212,s1-eth2,0.009613037109375,99.99038696289062
2025-11-27 18:03:48.298366,s4-eth2,0.009613037109375,99.99038696289062
2025-11-27 18:03:48.298415,s5-eth3,0.009613037109375,99.99038696289062
2025-11-27 18:03:49.299042,s1-eth2,0.00897216796875,99.99102783203125
2025-11-27 18:03:49.299195,s4-eth2,0.00897216796875,99.99102783203125
2025-11-27 18:03:49.299243,s5-eth3,0.009613037109375,99.99038696289062
2025-11-27 18:03:50.299859,s1-eth2,0.009613037109375,99.99038696289062
2025-11-27 18:03:50.299998,s4-eth2,0.009613037109375,99.99038696289062
2025-11-27 18:03:50.300047,s5-eth3,0.009613037109375,99.99038696289062
2025-11-27 18:03:51.300654,s1-eth2,0.00897216796875,99.99102783203125
2025-11-27 18:03:51.300795,s4-eth2,0.00897216796875,99.99102783203125
2025-11-27 18:03:51.300842,s5-eth3,0.009613037109375,99.99038696289062
2025-11-27 18:03:52.301436,s1-eth2,0.00897216796875,99.99102783203125
2025-11-27 18:03:52.301577,s4-eth2,0.00897216796875,99.99102783203125
2025-11-27 18:03:52.301624,s5-eth3,0.00897216796875,99.99102783203125
2025-11-27 18:03:53.302244,s1-eth2,0.00897216796875,99.99102783203125
2025-11-27 18:03:53.302398,s4-eth2,0.00897216796875,99.99102783203125
2025-11-27 18:03:53.302446,s5-eth3,0.00897216796875,99.99102783203125
2025-11-27 18:03:54.303075,s1-eth2,0.00897216796875,99.99102783203125
2025-11-27 18:03:54.303224,s4-eth2,0.00897216796875,99.99102783203125
2025-11-27 18:03:54.303273,s5-eth3,0.009613037109375,99.99038696289062
2025-11-27 18:03:55.303917,s1-eth2,0.00897216796875,99.99102783203125
2025-11-27 18:03:55.304059,s4-eth2,0.00897216796875,99.99102783203125
2025-11-27 18:03:55.304116,s5-eth3,28.364837646484375,71.63516235351562
2025-11-27 18:03:56.304820,s1-eth2,7.12274169921875,92.87725830078125
2025-11-27 18:03:56.304982,s4-eth2,0.00897216796875,99.99102783203125
2025-11-27 18:03:56.305037,s5-eth3,36.735252380371094,63.264747619628906
2025-11-27 18:03:57.305700,s1-eth2,53.0888671875,46.9111328125
2025-11-27 18:03:57.305859,s4-eth2,0.009613037109375,99.99038696289062
2025-11-27 18:03:57.305910,s5-eth3,0.00897216796875,99.99102783203125
2025-11-27 18:03:58.306544,s1-eth2,9.884796142578125,90.11520385742188
2025-11-27 18:03:58.306697,s4-eth2,0.00897216796875,99.99102783203125
2025-11-27 18:03:58.306748,s5-eth3,0.010467529296875,99.98953247070312
2025-11-27 18:03:59.307379,s1-eth2,0.00897216796875,99.99102783203125
2025-11-27 18:03:59.307528,s4-eth2,0.00897216796875,99.99102783203125
2025-11-27 18:03:59.307577,s5-eth3,0.00897216796875,99.99102783203125
2025-11-27 18:04:00.308196,s1-eth2,0.00897216796875,99.99102783203125
2025-11-27 18:04:00.308343,s4-eth2,0.00897216796875,99.99102783203125
2025-11-27 18:04:00.308391,s5-eth3,0.00897216796875,99.99102783203125
2025-11-27 18:04:01.308998,s1-eth2,0.009613037109375,99.99038696289062
2025-11-27 18:04:01.309141,s4-eth2,0.009613037109375,99.99038696289062
2025-11-27 18:04:01.309189,s5-eth3,0.00897216796875,99.99102783203125
2025-11-27 18:04:02.309809,s1-eth2,0.00897216796875,99.99102783203125
2025-11-27 18:04:02.309951,s4-eth2,0.00897216796875,99.99102783203125
2025-11-27 18:04:02.309998,s5-eth3,0.00897216796875,99.99102783203125
2025-11-27 18:04:03.310609,s1-eth2,0.00897216796875,99.99102783203125
2025-11-27 18:04:03.310753,s4-eth2,0.00897216796875,99.99102783203125
2025-11-27 18:04:03.310801,s5-eth3,0.00897216796875,99.99102783203125
2025-11-27 18:04:04.311467,s1-eth2,1.0407562255859375,98.95924377441406
2025-11-27 18:04:04.311621,s4-eth2,0.00897216796875,99.99102783203125
2025-11-27 18:04:04.311670,s5-eth3,0.00897216796875,99.99102783203125
2025-11-27 18:04:05.312296,s1-eth2,65.39259338378906,34.60740661621094
2025-11-27 18:04:05.312450,s4-eth2,0.00897216796875,99.99102783203125
2025-11-27 18:04:05.312498,s5-eth3,0.00897216796875,99.99102783203125
2025-11-27 18:04:06.313129,s1-eth2,0.02007293701171875,99.97992706298828
2025-11-27 18:04:06.313278,s4-eth2,0.01025390625,99.98974609375
2025-11-27 18:04:06.313328,s5-eth3,0.009613037109375,99.99038696289062
2025-11-27 18:04:07.313955,s1-eth2,0.00897216796875,99.99102783203125
2025-11-27 18:04:07.314107,s4-eth2,17.737213134765625,82.26278686523438
2025-11-27 18:04:07.314159,s5-eth3,0.00897216796875,99.99102783203125
2025-11-27 18:04:08.314767,s1-eth2,0.009613037109375,99.99038696289062
2025-11-27 18:04:08.314915,s4-eth2,52.055198669433594,47.944801330566406
2025-11-27 18:04:08.314966,s5-eth3,0.009613037109375,99.99038696289062
2025-11-27 18:04:09.315572,s1-eth2,0.00897216796875,99.99102783203125
2025-11-27 18:04:09.315716,s4-eth2,0.00897216796875,99.99102783203125
2025-11-27 18:04:09.315762,s5-eth3,0.00897216796875,99.99102783203125
2025-11-27 18:04:10.316357,s1-eth2,0.00897216796875,99.99102783203125
2025-11-27 18:04:10.316496,s4-eth2,0.00897216796875,99.99102783203125
2025-11-27 18:04:10.316543,s5-eth3,0.009613037109375,99.99038696289062
2025-11-27 18:04:11.317143,s1-eth2,0.00897216796875,99.99102783203125
2025-11-27 18:04:11.317281,s4-eth2,0.00897216796875,99.99102783203125
2025-11-27 18:04:11.317328,s5-eth3,0.009613037109375,99.99038696289062
2025-11-27 18:04:12.317918,s1-eth2,0.009613037109375,99.99038696289062
2025-11-27 18:04:12.318064,s4-eth2,0.009613037109375,99.99038696289062
2025-11-27 18:04:12.318111,s5-eth3,0.009613037109375,99.99038696289062
2025-11-27 18:04:13.319373,s1-eth2,0.008963241577148437,99.99103675842285
2025-11-27 18:04:13.319668,s4-eth2,0.008963241577148437,99.99103675842285
2025-11-27 18:04:13.319772,s5-eth3,0.008963241577148437,99.99103675842285
2025-11-27 18:04:14.321110,s1-eth2,0.009283294677734375,99.99071670532227
2025-11-27 18:04:14.321436,s4-eth2,14.44998260498047,85.55001739501952
2025-11-27 18:04:14.321548,s5-eth3,14.55952262878418,85.44047737121582
2025-11-27 18:04:15.322905,s1-eth2,0.009283294677734375,99.99071670532227
2025-11-27 18:04:15.323220,s4-eth2,55.047019958496094,44.952980041503906
2025-11-27 18:04:15.323334,s5-eth3,54.93684005737305,45.06315994262695
2025-11-27 18:04:16.324661,s1-eth2,0.009603424072265625,99.99039657592773
2025-11-27 18:04:16.324965,s4-eth2,0.009603424072265625,99.99039657592773
2025-11-27 18:04:16.325069,s5-eth3,0.008963241577148437,99.99103675842285
2025-11-27 18:04:17.326370,s1-eth2,0.008963241577148437,99.99103675842285
2025-11-27 18:04:17.326666,s4-eth2,0.008963241577148437,99.99103675842285
2025-11-27 18:04:17.326769,s5-eth3,0.008963241577148437,99.99103675842285
2025-11-27 18:04:18.328123,s1-eth2,0.009603424072265625,99.99039657592773
2025-11-27 18:04:18.328437,s4-eth2,17.4477481842041,82.5522518157959
2025-11-27 18:04:18.328558,s5-eth3,17.337383270263672,82.66261672973633
2025-11-27 18:04:19.329953,s1-eth2,18.031530380249023,81.96846961975098
2025-11-27 18:04:19.330276,s4-eth2,52.04925537109375,47.95074462890625
2025-11-27 18:04:19.330388,s5-eth3,52.15961837768555,47.84038162231445
2025-11-27 18:04:20.331759,s1-eth2,51.690528869628906,48.309471130371094
2025-11-27 18:04:20.332077,s4-eth2,0.008963241577148437,99.99103675842285
2025-11-27 18:04:20.332185,s5-eth3,0.008963241577148437,99.99103675842285
2025-11-27 18:04:21.333526,s1-eth2,16.56772232055664,83.43227767944336
2025-11-27 18:04:21.333850,s4-eth2,0.008963241577148437,99.99103675842285
2025-11-27 18:04:21.333954,s5-eth3,0.008963241577148437,99.99103675842285
2025-11-27 18:04:22.335523,s1-eth2,68.13294219970703,31.86705780029297
2025-11-27 18:04:22.335863,s4-eth2,0.009593887329101563,99.9904061126709
2025-11-27 18:04:22.335966,s5-eth3,0.009593887329101563,99.9904061126709
2025-11-27 18:04:23.337304,s1-eth2,49.37133026123047,50.62866973876953
2025-11-27 18:04:23.337614,s4-eth2,0.008963241577148437,99.99103675842285
2025-11-27 18:04:23.337718,s5-eth3,0.009603424072265625,99.99039657592773
2025-11-27 18:04:24.339094,s1-eth2,0.008963241577148437,99.99103675842285
2025-11-27 18:04:24.339391,s4-eth2,0.008963241577148437,99.99103675842285
2025-11-27 18:04:24.339505,s5-eth3,0.008963241577148437,99.99103675842285
2025-11-27 18:04:25.340807,s1-eth2,0.008963241577148437,99.99103675842285
2025-11-27 18:04:25.341106,s4-eth2,0.008963241577148437,99.99103675842285
2025-11-27 18:04:25.341209,s5-eth3,0.008963241577148437,99.99103675842285
2025-11-27 18:04:26.342512,s1-eth2,0.008963241577148437,99.99103675842285
2025-11-27 18:04:26.342811,s4-eth2,0.008963241577148437,99.99103675842285
2025-11-27 18:04:26.342931,s5-eth3,0.008963241577148437,99.99103675842285
2025-11-27 18:04:27.343578,s1-eth2,0.008963241577148437,99.99103675842285
2025-11-27 18:04:27.343707,s4-eth2,21.174041748046875,78.82595825195312
2025-11-27 18:04:27.343750,s5-eth3,0.00897216796875,99.99102783203125
2025-11-27 18:04:28.345002,s1-eth2,0.008963241577148437,99.99103675842285
2025-11-27 18:04:28.345331,s4-eth2,48.569053649902344,51.430946350097656
2025-11-27 18:04:28.345445,s5-eth3,0.008963241577148437,99.99103675842285
2025-11-27 18:04:29.346831,s1-eth2,0.009603424072265625,99.99039657592773
2025-11-27 18:04:29.347164,s4-eth2,0.009603424072265625,99.99039657592773
2025-11-27 18:04:29.347275,s5-eth3,0.009603424072265625,99.99039657592773
2025-11-27 18:04:30.348645,s1-eth2,0.009603424072265625,99.99039657592773
2025-11-27 18:04:30.348965,s4-eth2,0.009603424072265625,99.99039657592773
2025-11-27 18:04:30.349082,s5-eth3,23.59764862060547,76.40235137939453
2025-11-27 18:04:31.350402,s1-eth2,0.008963241577148437,99.99103675842285
2025-11-27 18:04:31.350735,s4-eth2,0.008963241577148437,99.99103675842285
2025-11-27 18:04:31.350862,s5-eth3,41.43949508666992,58.56050491333008
2025-11-27 18:04:32.351988,s1-eth2,0.008963241577148437,99.99103675842285
2025-11-27 18:04:32.352255,s4-eth2,0.008963241577148437,99.99103675842285
2025-11-27 18:04:32.352345,s5-eth3,0.008963241577148437,99.99103675842285
2025-11-27 18:04:33.353648,s1-eth2,0.008963241577148437,99.99103675842285
2025-11-27 18:04:33.354005,s4-eth2,0.008963241577148437,99.99103675842285
2025-11-27 18:04:33.354117,s5-eth3,0.008963241577148437,99.99103675842285
2025-11-27 18:04:34.355533,s1-eth2,0.009603424072265625,99.99039657592773
2025-11-27 18:04:34.355898,s4-eth2,0.009603424072265625,99.99039657592773
2025-11-27 18:04:34.356014,s5-eth3,0.008963241577148437,99.99103675842285
2025-11-27 18:04:35.357377,s1-eth2,27.334054946899414,72.66594505310059
2025-11-27 18:04:35.357715,s4-eth2,0.009603424072265625,99.99039657592773
2025-11-27 18:04:35.357819,s5-eth3,0.009603424072265625,99.99039657592773
2025-11-27 18:04:36.359171,s1-eth2,37.70426940917969,62.29573059082031
2025-11-27 18:04:36.359489,s4-eth2,0.009603424072265625,99.99039657592773
2025-11-27 18:04:36.359605,s5-eth3,0.009603424072265625,99.99039657592773
2025-11-27 18:04:37.361014,s1-eth2,0.008963241577148437,99.99103675842285
2025-11-27 18:04:37.361388,s4-eth2,0.008963241577148437,99.99103675842285
2025-11-27 18:04:37.361490,s5-eth3,0.008963241577148437,99.99103675842285
2025-11-27 18:04:38.362828,s1-eth2,0.008963241577148437,99.99103675842285
2025-11-27 18:04:38.363156,s4-eth2,0.008963241577148437,99.99103675842285
2025-11-27 18:04:38.363275,s5-eth3,0.008963241577148437,99.99103675842285
2025-11-27 18:04:39.364609,s1-eth2,0.008963241577148437,99.99103675842285
2025-11-27 18:04:39.364924,s4-eth2,0.008963241577148437,99.99103675842285
2025-11-27 18:04:39.365027,s5-eth3,0.008963241577148437,99.99103675842285
2025-11-27 18:04:40.366375,s1-eth2,0.008963241577148437,99.99103675842285
2025-11-27 18:04:40.366689,s4-eth2,0.008963241577148437,99.99103675842285
2025-11-27 18:04:40.366803,s5-eth3,0.008963241577148437,99.99103675842285
2025-11-27 18:04:41.368148,s1-eth2,0.009603424072265625,99.99039657592773
2025-11-27 18:04:41.368448,s4-eth2,0.009603424072265625,99.99039657592773
2025-11-27 18:04:41.368552,s5-eth3,0.009603424072265625,99.99039657592773
2025-11-27 18:04:42.369200,s1-eth2,0.008963241577148437,99.99103675842285
2025-11-27 18:04:42.369325,s4-eth2,0.00897216796875,99.99102783203125
2025-11-27 18:04:42.369365,s5-eth3,0.00897216796875,99.99102783203125
2025-11-27 18:04:43.370647,s1-eth2,0.008963241577148437,99.99103675842285
2025-11-27 18:04:43.370994,s4-eth2,0.008963241577148437,99.99103675842285
2025-11-27 18:04:43.371099,s5-eth3,0.009603424072265625,99.99039657592773
2025-11-27 18:04:44.372441,s1-eth2,0.009603424072265625,99.99039657592773
2025-11-27 18:04:44.372754,s4-eth2,0.009603424072265625,99.99039657592773
2025-11-27 18:04:44.372865,s5-eth3,0.008963241577148437,99.99103675842285
2025-11-27 18:04:45.374182,s1-eth2,0.009603424072265625,99.99039657592773
2025-11-27 18:04:45.374479,s4-eth2,0.009603424072265625,99.99039657592773
2025-11-27 18:04:45.374582,s5-eth3,0.009603424072265625,99.99039657592773
2025-11-27 18:04:46.375905,s1-eth2,0.009603424072265625,99.99039657592773
2025-11-27 18:04:46.376201,s4-eth2,0.009603424072265625,99.99039657592773
2025-11-27 18:04:46.376306,s5-eth3,0.008963241577148437,99.99103675842285
2025-11-27 18:04:47.377602,s1-eth2,0.008963241577148437,99.99103675842285
2025-11-27 18:04:47.377907,s4-eth2,0.008963241577148437,99.99103675842285
2025-11-27 18:04:47.378009,s5-eth3,0.008963241577148437,99.99103675842285
2025-11-27 18:04:48.379340,s1-eth2,0.008963241577148437,99.99103675842285
2025-11-27 18:04:48.379640,s4-eth2,0.008963241577148437,99.99103675842285
2025-11-27 18:04:48.379743,s5-eth3,0.009603424072265625,99.99039657592773
2025-11-27 18:04:49.381050,s1-eth2,0.008963241577148437,99.99103675842285
2025-11-27 18:04:49.381355,s4-eth2,0.008963241577148437,99.99103675842285
2025-11-27 18:04:49.381458,s5-eth3,0.008963241577148437,99.99103675842285
2025-11-27 18:04:50.382097,s1-eth2,1.5529514312744142,98.44704856872559
2025-11-27 18:04:50.382225,s4-eth2,0.00897216796875,99.99102783203125
2025-11-27 18:04:50.382266,s5-eth3,0.00897216796875,99.99102783203125
2025-11-27 18:04:51.383588,s1-eth2,57.502403259277344,42.497596740722656
2025-11-27 18:04:51.383943,s4-eth2,0.009603424072265625,99.99039657592773
2025-11-27 18:04:51.384056,s5-eth3,0.009603424072265625,99.99039657592773
2025-11-27 18:04:52.385398,s1-eth2,7.817492523193359,92.18250747680663
2025-11-27 18:04:52.385735,s4-eth2,0.009603424072265625,99.99039657592773
2025-11-27 18:04:52.385840,s5-eth3,0.008963241577148437,99.99103675842285
2025-11-27 18:04:53.386528,s1-eth2,0.009603424072265625,99.99039657592773
2025-11-27 18:04:53.386663,s4-eth2,0.009613037109375,99.99038696289062
2025-11-27 18:04:53.386707,s5-eth3,0.010894775390625,99.98910522460938
2025-11-27 18:04:54.387288,s1-eth2,0.00897216796875,99.99102783203125
2025-11-27 18:04:54.387416,s4-eth2,0.00897216796875,99.99102783203125
2025-11-27 18:04:54.387460,s5-eth3,29.760604858398438,70.23939514160156
2025-11-27 18:04:55.388032,s1-eth2,0.00897216796875,99.99102783203125
2025-11-27 18:04:55.388179,s4-eth2,0.00897216796875,99.99102783203125
2025-11-27 18:04:55.388222,s5-eth3,35.34095001220703,64.65904998779297
2025-11-27 18:04:56.389496,s1-eth2,0.008963241577148437,99.99103675842285
2025-11-27 18:04:56.389803,s4-eth2,0.008963241577148437,99.99103675842285
2025-11-27 18:04:56.389912,s5-eth3,0.008963241577148437,99.99103675842285
2025-11-27 18:04:57.391243,s1-eth2,0.008963241577148437,99.99103675842285
2025-11-27 18:04:57.391556,s4-eth2,0.008963241577148437,99.99103675842285
2025-11-27 18:04:57.391658,s5-eth3,0.008963241577148437,99.99103675842285
2025-11-27 18:04:58.393169,s1-eth2,20.36327362060547,79.63672637939453
2025-11-27 18:04:58.393501,s4-eth2,0.008963241577148437,99.99103675842285
2025-11-27 18:04:58.393606,s5-eth3,0.008963241577148437,99.99103675842285
2025-11-27 18:04:59.394291,s1-eth2,44.67326736450195,55.32673263549805
2025-11-27 18:04:59.394423,s4-eth2,19.165878295898438,80.83412170410156
2025-11-27 18:04:59.394467,s5-eth3,0.00897216796875,99.99102783203125
2025-11-27 18:05:00.395034,s1-eth2,0.00897216796875,99.99102783203125
2025-11-27 18:05:00.395158,s4-eth2,50.62592315673828,49.37407684326172
2025-11-27 18:05:00.395200,s5-eth3,0.00897216796875,99.99102783203125
2025-11-27 18:05:01.396429,s1-eth2,0.009603424072265625,99.99039657592773
2025-11-27 18:05:01.396741,s4-eth2,0.009603424072265625,99.99039657592773
2025-11-27 18:05:01.396844,s5-eth3,0.008963241577148437,99.99103675842285
2025-11-27 18:05:02.398150,s1-eth2,0.008963241577148437,99.99103675842285
2025-11-27 18:05:02.398446,s4-eth2,0.008963241577148437,99.99103675842285
2025-11-27 18:05:02.398550,s5-eth3,0.008963241577148437,99.99103675842285
2025-11-27 18:05:03.399868,s1-eth2,0.008963241577148437,99.99103675842285
2025-11-27 18:05:03.400177,s4-eth2,0.008963241577148437,99.99103675842285
2025-11-27 18:05:03.400281,s5-eth3,0.008963241577148437,99.99103675842285
2025-11-27 18:05:04.401582,s1-eth2,0.008963241577148437,99.99103675842285
2025-11-27 18:05:04.401878,s4-eth2,0.008963241577148437,99.99103675842285
2025-11-27 18:05:04.401981,s5-eth3,0.008963241577148437,99.99103675842285
2025-11-27 18:05:05.403318,s1-eth2,0.008963241577148437,99.99103675842285
2025-11-27 18:05:05.403615,s4-eth2,0.008963241577148437,99.99103675842285
2025-11-27 18:05:05.403719,s5-eth3,0.008963241577148437,99.99103675842285
2025-11-27 18:05:06.405013,s1-eth2,0.008963241577148437,99.99103675842285
2025-11-27 18:05:06.405329,s4-eth2,0.008963241577148437,99.99103675842285
2025-11-27 18:05:06.405432,s5-eth3,0.008963241577148437,99.99103675842285
2025-11-27 18:05:07.406058,s1-eth2,0.008963241577148437,99.99103675842285
2025-11-27 18:05:07.406181,s4-eth2,0.00897216796875,99.99102783203125
2025-11-27 18:05:07.406219,s5-eth3,0.00897216796875,99.99102783203125
2025-11-27 18:05:08.407495,s1-eth2,0.009603424072265625,99.99039657592773
2025-11-27 18:05:08.407819,s4-eth2,0.009603424072265625,99.99039657592773
2025-11-27 18:05:08.407922,s5-eth3,0.009603424072265625,99.99039657592773
2025-11-27 18:05:09.409277,s1-eth2,0.008963241577148437,99.99103675842285
2025-11-27 18:05:09.409589,s4-eth2,0.008963241577148437,99.99103675842285
2025-11-27 18:05:09.409695,s5-eth3,0.008963241577148437,99.99103675842285
2025-11-27 18:05:10.411073,s1-eth2,0.008963241577148437,99.99103675842285
2025-11-27 18:05:10.411391,s4-eth2,0.008963241577148437,99.99103675842285
2025-11-27 18:05:10.411495,s5-eth3,0.008963241577148437,99.99103675842285
2025-11-27 18:05:11.412080,s1-eth2,18.645524978637695,81.3544750213623
2025-11-27 18:05:11.412185,s4-eth2,0.01025390625,99.98974609375
2025-11-27 18:05:11.412220,s5-eth3,0.00897216796875,99.99102783203125
2025-11-27 18:05:12.413475,s1-eth2,51.078956604003906,48.921043395996094
2025-11-27 18:05:12.413795,s4-eth2,0.009603424072265625,99.99039657592773
2025-11-27 18:05:12.413899,s5-eth3,0.008963241577148437,99.99103675842285
2025-11-27 18:05:13.415272,s1-eth2,17.794294357299805,82.2057056427002
2025-11-27 18:05:13.415606,s4-eth2,0.008963241577148437,99.99103675842285
2025-11-27 18:05:13.415710,s5-eth3,0.008963241577148437,99.99103675842285
2025-11-27 18:05:14.417037,s1-eth2,46.564720153808594,53.435279846191406
2025-11-27 18:05:14.417369,s4-eth2,0.009603424072265625,99.99039657592773
2025-11-27 18:05:14.417473,s5-eth3,0.010243682861328126,99.98975631713867
2025-11-27 18:05:15.418760,s1-eth2,0.009603424072265625,99.99039657592773
2025-11-27 18:05:15.419075,s4-eth2,0.009603424072265625,99.99039657592773
2025-11-27 18:05:15.419178,s5-eth3,0.009603424072265625,99.99039657592773
2025-11-27 18:05:16.419806,s1-eth2,0.008963241577148437,99.99103675842285
2025-11-27 18:05:16.419926,s4-eth2,20.409759521484375,79.59024047851562
2025-11-27 18:05:16.419966,s5-eth3,20.243545532226562,79.75645446777344
2025-11-27 18:05:17.420486,s1-eth2,0.00897216796875,99.99102783203125
2025-11-27 18:05:17.420600,s4-eth2,49.20063018798828,50.79936981201172
2025-11-27 18:05:17.420641,s5-eth3,49.366844177246094,50.633155822753906
2025-11-27 18:05:18.421154,s1-eth2,0.00897216796875,99.99102783203125
2025-11-27 18:05:18.421261,s4-eth2,16.584762573242188,83.41523742675781
2025-11-27 18:05:18.421299,s5-eth3,16.694732666015625,83.30526733398438
2025-11-27 18:05:19.422545,s1-eth2,0.008963241577148437,99.99103675842285
2025-11-27 18:05:19.422873,s4-eth2,52.92816925048828,47.07183074951172
2025-11-27 18:05:19.422986,s5-eth3,52.81830596923828,47.18169403076172
2025-11-27 18:05:20.424341,s1-eth2,22.268091201782227,77.73190879821777
2025-11-27 18:05:20.424670,s4-eth2,0.008963241577148437,99.99103675842285
2025-11-27 18:05:20.424776,s5-eth3,0.008963241577148437,99.99103675842285
2025-11-27 18:05:21.426110,s1-eth2,47.45513916015625,52.54486083984375
2025-11-27 18:05:21.426421,s4-eth2,0.009603424072265625,99.99039657592773
2025-11-27 18:05:21.426524,s5-eth3,0.010243682861328126,99.98975631713867
2025-11-27 18:05:22.427839,s1-eth2,0.008963241577148437,99.99103675842285
2025-11-27 18:05:22.428139,s4-eth2,0.008963241577148437,99.99103675842285
2025-11-27 18:05:22.428251,s5-eth3,0.008963241577148437,99.99103675842285
2025-11-27 18:05:23.429576,s1-eth2,0.009283294677734375,99.99071670532227
2025-11-27 18:05:23.429875,s4-eth2,0.009283294677734375,99.99071670532227
2025-11-27 18:05:23.429978,s5-eth3,0.009923553466796875,99.99007644653321
2025-11-27 18:05:24.431291,s1-eth2,0.009283294677734375,99.99071670532227
2025-11-27 18:05:24.431592,s4-eth2,0.009283294677734375,99.99071670532227
2025-11-27 18:05:24.431696,s5-eth3,0.009923553466796875,99.99007644653321
2025-11-27 18:05:25.432965,s1-eth2,0.008963241577148437,99.99103675842285
2025-11-27 18:05:25.433271,s4-eth2,0.008963241577148437,99.99103675842285
2025-11-27 18:05:25.433374,s5-eth3,0.008963241577148437,99.99103675842285
2025-11-27 18:05:26.434646,s1-eth2,0.008963241577148437,99.99103675842285
2025-11-27 18:05:26.434956,s4-eth2,0.008963241577148437,99.99103675842285
2025-11-27 18:05:26.435060,s5-eth3,0.008963241577148437,99.99103675842285
2025-11-27 18:05:27.436379,s1-eth2,0.008963241577148437,99.99103675842285
2025-11-27 18:05:27.436707,s4-eth2,0.008963241577148437,99.99103675842285
2025-11-27 18:05:27.436811,s5-eth3,0.008963241577148437,99.99103675842285
2025-11-27 18:05:28.438200,s1-eth2,0.008963241577148437,99.99103675842285
2025-11-27 18:05:28.438517,s4-eth2,0.008963241577148437,99.99103675842285
2025-11-27 18:05:28.438620,s5-eth3,0.009603424072265625,99.99039657592773
2025-11-27 18:05:29.439262,s1-eth2,0.010883865356445312,99.98911613464355
2025-11-27 18:05:29.439456,s4-eth2,0.010894775390625,99.98910522460938
2025-11-27 18:05:29.439568,s5-eth3,0.009613037109375,99.99038696289062
2025-11-27 18:05:30.440942,s1-eth2,0.008963241577148437,99.99103675842285
2025-11-27 18:05:30.441249,s4-eth2,0.008963241577148437,99.99103675842285
2025-11-27 18:05:30.441362,s5-eth3,0.008963241577148437,99.99103675842285
2025-11-27 18:05:31.442718,s1-eth2,0.009603424072265625,99.99039657592773
2025-11-27 18:05:31.443034,s4-eth2,0.009603424072265625,99.99039657592773
2025-11-27 18:05:31.443148,s5-eth3,0.009603424072265625,99.99039657592773
2025-11-27 18:05:32.444615,s1-eth2,0.008963241577148437,99.99103675842285
2025-11-27 18:05:32.444973,s4-eth2,0.008963241577148437,99.99103675842285
2025-11-27 18:05:32.445092,s5-eth3,25.871559143066406,74.1284408569336
2025-11-27 18:05:33.446644,s1-eth2,0.008954238891601563,99.9910457611084
2025-11-27 18:05:33.447043,s4-eth2,0.008954238891601563,99.9910457611084
2025-11-27 18:05:33.447183,s5-eth3,39.12588119506836,60.87411880493164
2025-11-27 18:05:34.448589,s1-eth2,0.008963241577148437,99.99103675842285
2025-11-27 18:05:34.448902,s4-eth2,0.008963241577148437,99.99103675842285
2025-11-27 18:05:34.449005,s5-eth3,0.008963241577148437,99.99103675842285
2025-11-27 18:05:35.450466,s1-eth2,31.51543617248535,68.48456382751465
2025-11-27 18:05:35.450798,s4-eth2,0.009603424072265625,99.99039657592773
2025-11-27 18:05:35.450930,s5-eth3,0.008963241577148437,99.99103675842285
2025-11-27 18:05:36.451575,s1-eth2,33.521732330322266,66.47826766967773
2025-11-27 18:05:36.451701,s4-eth2,23.399124145507812,76.60087585449219
2025-11-27 18:05:36.451744,s5-eth3,0.00897216796875,99.99102783203125
2025-11-27 18:05:37.453047,s1-eth2,0.008963241577148437,99.99103675842285
2025-11-27 18:05:37.453384,s4-eth2,46.3396110534668,53.6603889465332
2025-11-27 18:05:37.453499,s5-eth3,0.008963241577148437,99.99103675842285
2025-11-27 18:05:38.454890,s1-eth2,0.009603424072265625,99.99039657592773
2025-11-27 18:05:38.455188,s4-eth2,0.009603424072265625,99.99039657592773
2025-11-27 18:05:38.455291,s5-eth3,0.009603424072265625,99.99039657592773
2025-11-27 18:05:39.456622,s1-eth2,0.008963241577148437,99.99103675842285
2025-11-27 18:05:39.456921,s4-eth2,0.008963241577148437,99.99103675842285
2025-11-27 18:05:39.457023,s5-eth3,0.008963241577148437,99.99103675842285
2025-11-27 18:05:40.458411,s1-eth2,0.009603424072265625,99.99039657592773
2025-11-27 18:05:40.458724,s4-eth2,0.009603424072265625,99.99039657592773
2025-11-27 18:05:40.458830,s5-eth3,0.008963241577148437,99.99103675842285
2025-11-27 18:05:41.460248,s1-eth2,0.008963241577148437,99.99103675842285
2025-11-27 18:05:41.460560,s4-eth2,0.008963241577148437,99.99103675842285
2025-11-27 18:05:41.460664,s5-eth3,0.008963241577148437,99.99103675842285
2025-11-27 18:05:42.462108,s1-eth2,0.008963241577148437,99.99103675842285
2025-11-27 18:05:42.462478,s4-eth2,0.008963241577148437,99.99103675842285
2025-11-27 18:05:42.462584,s5-eth3,0.008963241577148437,99.99103675842285
2025-11-27 18:05:43.464080,s1-eth2,0.008963241577148437,99.99103675842285
2025-11-27 18:05:43.464413,s4-eth2,0.008963241577148437,99.99103675842285
2025-11-27 18:05:43.464553,s5-eth3,0.009603424072265625,99.99039657592773
2025-11-27 18:05:44.465967,s1-eth2,0.008963241577148437,99.99103675842285
2025-11-27 18:05:44.466300,s4-eth2,0.008963241577148437,99.99103675842285
2025-11-27 18:05:44.466403,s5-eth3,0.008963241577148437,99.99103675842285
2025-11-27 18:05:45.467774,s1-eth2,0.008963241577148437,99.99103675842285
2025-11-27 18:05:45.468107,s4-eth2,0.008963241577148437,99.99103675842285
2025-11-27 18:05:45.468232,s5-eth3,31.62616539001465,68.37383460998535
2025-11-27 18:05:46.469592,s1-eth2,0.009603424072265625,99.99039657592773
2025-11-27 18:05:46.469914,s4-eth2,0.009603424072265625,99.99039657592773
2025-11-27 18:05:46.470029,s5-eth3,33.410362243652344,66.58963775634766
2025-11-27 18:05:47.470686,s1-eth2,0.008963241577148437,99.99103675842285
2025-11-27 18:05:47.470820,s4-eth2,0.00897216796875,99.99102783203125
2025-11-27 18:05:47.470875,s5-eth3,0.00897216796875,99.99102783203125
2025-11-27 18:05:48.472093,s1-eth2,0.008963241577148437,99.99103675842285
2025-11-27 18:05:48.472404,s4-eth2,0.008963241577148437,99.99103675842285
2025-11-27 18:05:48.472513,s5-eth3,0.008963241577148437,99.99103675842285
2025-11-27 18:05:49.473783,s1-eth2,0.008963241577148437,99.99103675842285
2025-11-27 18:05:49.474084,s4-eth2,0.008963241577148437,99.99103675842285
2025-11-27 18:05:49.474186,s5-eth3,0.008963241577148437,99.99103675842285
2025-11-27 18:05:50.475510,s1-eth2,0.008963241577148437,99.99103675842285
2025-11-27 18:05:50.475806,s4-eth2,0.008963241577148437,99.99103675842285
2025-11-27 18:05:50.475910,s5-eth3,0.008963241577148437,99.99103675842285
2025-11-27 18:05:51.476559,s1-eth2,0.008963241577148437,99.99103675842285
2025-11-27 18:05:51.476680,s4-eth2,21.2855224609375,78.7144775390625
2025-11-27 18:05:51.476729,s5-eth3,0.009613037109375,99.99038696289062
2025-11-27 18:05:52.477970,s1-eth2,0.008963241577148437,99.99103675842285
2025-11-27 18:05:52.478296,s4-eth2,48.45829391479492,51.54170608520508
2025-11-27 18:05:52.478410,s5-eth3,0.008963241577148437,99.99103675842285
2025-11-27 18:05:53.479713,s1-eth2,0.008963241577148437,99.99103675842285
2025-11-27 18:05:53.480010,s4-eth2,0.008963241577148437,99.99103675842285
2025-11-27 18:05:53.480114,s5-eth3,0.008963241577148437,99.99103675842285
2025-11-27 18:05:54.481401,s1-eth2,0.008963241577148437,99.99103675842285
2025-11-27 18:05:54.481698,s4-eth2,0.008963241577148437,99.99103675842285
2025-11-27 18:05:54.481801,s5-eth3,0.009603424072265625,99.99039657592773
2025-11-27 18:05:55.483099,s1-eth2,0.008963241577148437,99.99103675842285
2025-11-27 18:05:55.483396,s4-eth2,0.008963241577148437,99.99103675842285
2025-11-27 18:05:55.483498,s5-eth3,0.008963241577148437,99.99103675842285
2025-11-27 18:05:56.484804,s1-eth2,0.010243682861328126,99.98975631713867
2025-11-27 18:05:56.485116,s4-eth2,0.010243682861328126,99.98975631713867
2025-11-27 18:05:56.485219,s5-eth3,0.009603424072265625,99.99039657592773
2025-11-27 18:05:57.486531,s1-eth2,0.008963241577148437,99.99103675842285
2025-11-27 18:05:57.486836,s4-eth2,0.008963241577148437,99.99103675842285
2025-11-27 18:05:57.486965,s5-eth3,0.008963241577148437,99.99103675842285
2025-11-27 18:05:58.488238,s1-eth2,0.008963241577148437,99.99103675842285
2025-11-27 18:05:58.488541,s4-eth2,0.008963241577148437,99.99103675842285
2025-11-27 18:05:58.488644,s5-eth3,0.008963241577148437,99.99103675842285
2025-11-27 18:05:59.490000,s1-eth2,27.83521842956543,72.16478157043457
2025-11-27 18:05:59.490341,s4-eth2,0.009603424072265625,99.99039657592773
2025-11-27 18:05:59.490453,s5-eth3,0.009603424072265625,99.99039657592773
2025-11-27 18:06:00.491800,s1-eth2,37.20323181152344,62.79676818847656
2025-11-27 18:06:00.492142,s4-eth2,0.010243682861328126,99.98975631713867
2025-11-27 18:06:00.492253,s5-eth3,0.009603424072265625,99.99039657592773
2025-11-27 18:06:01.493612,s1-eth2,5.160565338134766,94.83943466186524
2025-11-27 18:06:01.493950,s4-eth2,0.008963241577148437,99.99103675842285
2025-11-27 18:06:01.494056,s5-eth3,0.008963241577148437,99.99103675842285
2025-11-27 18:06:02.495441,s1-eth2,43.436668395996094,56.563331604003906
2025-11-27 18:06:02.495793,s4-eth2,0.008963241577148437,99.99103675842285
2025-11-27 18:06:02.495896,s5-eth3,0.008963241577148437,99.99103675842285
2025-11-27 18:06:03.496660,s1-eth2,38.51140213012695,61.48859786987305
2025-11-27 18:06:03.496790,s4-eth2,0.009613037109375,99.99038696289062
2025-11-27 18:06:03.496835,s5-eth3,0.009613037109375,99.99038696289062
2025-11-27 18:06:04.498078,s1-eth2,49.18218231201172,50.81781768798828
2025-11-27 18:06:04.498388,s4-eth2,0.008963241577148437,99.99103675842285
2025-11-27 18:06:04.498491,s5-eth3,0.008963241577148437,99.99103675842285
2025-11-27 18:06:05.499793,s1-eth2,0.008963241577148437,99.99103675842285
2025-11-27 18:06:05.500087,s4-eth2,0.008963241577148437,99.99103675842285
2025-11-27 18:06:05.500190,s5-eth3,0.008963241577148437,99.99103675842285
2025-11-27 18:06:06.501525,s1-eth2,0.009603424072265625,99.99039657592773
2025-11-27 18:06:06.501844,s4-eth2,0.009603424072265625,99.99039657592773
2025-11-27 18:06:06.501948,s5-eth3,0.008963241577148437,99.99103675842285
2025-11-27 18:06:07.503308,s1-eth2,0.008963241577148437,99.99103675842285
2025-11-27 18:06:07.503622,s4-eth2,0.008963241577148437,99.99103675842285
2025-11-27 18:06:07.503726,s5-eth3,0.009603424072265625,99.99039657592773
2025-11-27 18:06:08.505162,s1-eth2,0.010883865356445312,99.98911613464355
2025-11-27 18:06:08.505469,s4-eth2,0.010883865356445312,99.98911613464355
2025-11-27 18:06:08.505573,s5-eth3,0.010243682861328126,99.98975631713867
2025-11-27 18:06:09.506885,s1-eth2,0.008963241577148437,99.99103675842285
2025-11-27 18:06:09.507182,s4-eth2,0.008963241577148437,99.99103675842285
2025-11-27 18:06:09.507285,s5-eth3,0.008963241577148437,99.99103675842285
2025-11-27 18:06:10.508562,s1-eth2,0.008963241577148437,99.99103675842285
2025-11-27 18:06:10.508864,s4-eth2,0.008963241577148437,99.99103675842285
2025-11-27 18:06:10.508967,s5-eth3,0.008963241577148437,99.99103675842285
2025-11-27 18:06:11.510233,s1-eth2,0.008963241577148437,99.99103675842285
2025-11-27 18:06:11.510529,s4-eth2,0.008963241577148437,99.99103675842285
2025-11-27 18:06:11.510632,s5-eth3,0.009603424072265625,99.99039657592773
2025-11-27 18:06:12.511928,s1-eth2,0.008963241577148437,99.99103675842285
2025-11-27 18:06:12.512227,s4-eth2,0.008963241577148437,99.99103675842285
2025-11-27 18:06:12.512331,s5-eth3,0.008963241577148437,99.99103675842285
2025-11-27 18:06:13.513620,s1-eth2,0.008963241577148437,99.99103675842285
2025-11-27 18:06:13.513932,s4-eth2,0.008963241577148437,99.99103675842285
2025-11-27 18:06:13.514035,s5-eth3,0.008963241577148437,99.99103675842285
2025-11-27 18:06:14.515367,s1-eth2,0.008963241577148437,99.99103675842285
2025-11-27 18:06:14.515680,s4-eth2,22.217437744140625,77.78256225585938
2025-11-27 18:06:14.515791,s5-eth3,22.007884979248047,77.99211502075195
2025-11-27 18:06:15.517101,s1-eth2,0.008963241577148437,99.99103675842285
2025-11-27 18:06:15.517421,s4-eth2,47.32307815551758,52.67692184448242
2025-11-27 18:06:15.517532,s5-eth3,47.53327178955078,52.46672821044922
2025-11-27 18:06:16.518814,s1-eth2,0.008963241577148437,99.99103675842285
2025-11-27 18:06:16.519124,s4-eth2,0.008963241577148437,99.99103675842285
2025-11-27 18:06:16.519226,s5-eth3,0.008963241577148437,99.99103675842285
2025-11-27 18:06:17.520525,s1-eth2,0.008963241577148437,99.99103675842285
2025-11-27 18:06:17.520831,s4-eth2,0.008963241577148437,99.99103675842285
2025-11-27 18:06:17.520934,s5-eth3,0.008963241577148437,99.99103675842285
2025-11-27 18:06:18.522280,s1-eth2,0.008963241577148437,99.99103675842285
2025-11-27 18:06:18.522575,s4-eth2,0.008963241577148437,99.99103675842285
2025-11-27 18:06:18.522679,s5-eth3,0.008963241577148437,99.99103675842285
2025-11-27 18:06:19.523970,s1-eth2,0.008963241577148437,99.99103675842285
2025-11-27 18:06:19.524268,s4-eth2,0.008963241577148437,99.99103675842285
2025-11-27 18:06:19.524380,s5-eth3,0.008963241577148437,99.99103675842285
2025-11-27 18:06:20.526007,s1-eth2,0.008954238891601563,99.9910457611084
2025-11-27 18:06:20.526307,s4-eth2,0.008954238891601563,99.9910457611084
2025-11-27 18:06:20.526414,s5-eth3,0.009593887329101563,99.9904061126709
2025-11-27 18:06:21.527181,s1-eth2,25.174793243408203,74.8252067565918
2025-11-27 18:06:21.527345,s4-eth2,19.801929473876953,80.19807052612305
2025-11-27 18:06:21.527398,s5-eth3,19.820724487304688,80.17927551269531
2025-11-27 18:06:22.528961,s1-eth2,39.18406677246094,60.81593322753906
2025-11-27 18:06:22.529300,s4-eth2,50.26596450805664,49.73403549194336
2025-11-27 18:06:22.529410,s5-eth3,50.21680450439453,49.78319549560547
2025-11-27 18:06:23.530207,s1-eth2,0.010883865356445312,99.98911613464355
2025-11-27 18:06:23.530320,s4-eth2,0.010883865356445312,99.98911613464355
2025-11-27 18:06:23.530367,s5-eth3,31.156906127929688,68.84309387207031
2025-11-27 18:06:24.531638,s1-eth2,0.009603424072265625,99.99039657592773
2025-11-27 18:06:24.531937,s4-eth2,0.009603424072265625,99.99039657592773
2025-11-27 18:06:24.532053,s5-eth3,33.913177490234375,66.08682250976562
2025-11-27 18:06:25.532716,s1-eth2,25.624370574951172,74.37562942504883
2025-11-27 18:06:25.532840,s4-eth2,0.009613037109375,99.99038696289062
2025-11-27 18:06:25.532886,s5-eth3,0.00897216796875,99.99102783203125
2025-11-27 18:06:26.534155,s1-eth2,44.09785461425781,55.90214538574219
2025-11-27 18:06:26.534472,s4-eth2,0.008963241577148437,99.99103675842285
2025-11-27 18:06:26.534582,s5-eth3,0.008963241577148437,99.99103675842285
2025-11-27 18:06:27.535931,s1-eth2,0.008963241577148437,99.99103675842285
2025-11-27 18:06:27.536255,s4-eth2,0.008963241577148437,99.99103675842285
2025-11-27 18:06:27.536361,s5-eth3,0.008963241577148437,99.99103675842285
2025-11-27 18:06:28.537705,s1-eth2,0.008963241577148437,99.99103675842285
2025-11-27 18:06:28.538031,s4-eth2,0.008963241577148437,99.99103675842285
2025-11-27 18:06:28.538142,s5-eth3,0.008963241577148437,99.99103675842285
2025-11-27 18:06:29.539491,s1-eth2,0.008963241577148437,99.99103675842285
2025-11-27 18:06:29.539832,s4-eth2,0.008963241577148437,99.99103675842285
2025-11-27 18:06:29.539943,s5-eth3,0.008963241577148437,99.99103675842285
2025-11-27 18:06:30.541251,s1-eth2,0.008963241577148437,99.99103675842285
2025-11-27 18:06:30.541575,s4-eth2,0.008963241577148437,99.99103675842285
2025-11-27 18:06:30.541685,s5-eth3,0.008963241577148437,99.99103675842285
2025-11-27 18:06:31.543011,s1-eth2,0.008963241577148437,99.99103675842285
2025-11-27 18:06:31.543307,s4-eth2,0.008963241577148437,99.99103675842285
2025-11-27 18:06:31.543418,s5-eth3,0.008963241577148437,99.99103675842285
2025-11-27 18:06:32.544700,s1-eth2,0.008963241577148437,99.99103675842285
2025-11-27 18:06:32.544999,s4-eth2,0.008963241577148437,99.99103675842285
2025-11-27 18:06:32.545102,s5-eth3,0.008963241577148437,99.99103675842285
2025-11-27 18:06:33.545749,s1-eth2,33.63332748413086,66.36667251586914
2025-11-27 18:06:33.545890,s4-eth2,28.688446044921875,71.31155395507812
2025-11-27 18:06:33.545933,s5-eth3,0.00897216796875,99.99102783203125
2025-11-27 18:06:34.547202,s1-eth2,31.403175354003906,68.5968246459961
2025-11-27 18:06:34.547527,s4-eth2,41.05509948730469,58.94490051269531
2025-11-27 18:06:34.547639,s5-eth3,0.008963241577148437,99.99103675842285
2025-11-27 18:06:35.548924,s1-eth2,0.009603424072265625,99.99039657592773
2025-11-27 18:06:35.549221,s4-eth2,0.009603424072265625,99.99039657592773
2025-11-27 18:06:35.549326,s5-eth3,0.008963241577148437,99.99103675842285
2025-11-27 18:06:36.550588,s1-eth2,0.008963241577148437,99.99103675842285
2025-11-27 18:06:36.550913,s4-eth2,0.008963241577148437,99.99103675842285
2025-11-27 18:06:36.551015,s5-eth3,0.008963241577148437,99.99103675842285
2025-11-27 18:06:37.552267,s1-eth2,0.008963241577148437,99.99103675842285
2025-11-27 18:06:37.552561,s4-eth2,0.008963241577148437,99.99103675842285
2025-11-27 18:06:37.552663,s5-eth3,0.008963241577148437,99.99103675842285
2025-11-27 18:06:38.553940,s1-eth2,0.008963241577148437,99.99103675842285
2025-11-27 18:06:38.554248,s4-eth2,0.008963241577148437,99.99103675842285
2025-11-27 18:06:38.554352,s5-eth3,0.008963241577148437,99.99103675842285
2025-11-27 18:06:39.555639,s1-eth2,0.008963241577148437,99.99103675842285
2025-11-27 18:06:39.555935,s4-eth2,0.008963241577148437,99.99103675842285
2025-11-27 18:06:39.556037,s5-eth3,0.008963241577148437,99.99103675842285
2025-11-27 18:06:40.557392,s1-eth2,0.008963241577148437,99.99103675842285
2025-11-27 18:06:40.557731,s4-eth2,0.008963241577148437,99.99103675842285
2025-11-27 18:06:40.557860,s5-eth3,0.008963241577148437,99.99103675842285
2025-11-27 18:06:41.558596,s1-eth2,0.009603424072265625,99.99039657592773
2025-11-27 18:06:41.558753,s4-eth2,0.009603424072265625,99.99039657592773
2025-11-27 18:06:41.558802,s5-eth3,0.009613037109375,99.99038696289062
2025-11-27 18:06:42.559460,s1-eth2,0.00897216796875,99.99102783203125
2025-11-27 18:06:42.559620,s4-eth2,0.00897216796875,99.99102783203125
2025-11-27 18:06:42.559669,s5-eth3,0.00897216796875,99.99102783203125
2025-11-27 18:06:43.560319,s1-eth2,0.0092926025390625,99.99070739746094
2025-11-27 18:06:43.560461,s4-eth2,0.0092926025390625,99.99070739746094
2025-11-27 18:06:43.560510,s5-eth3,0.0092926025390625,99.99070739746094
2025-11-27 18:06:44.561196,s1-eth2,0.0099334716796875,99.99006652832031
2025-11-27 18:06:44.561354,s4-eth2,0.0099334716796875,99.99006652832031
2025-11-27 18:06:44.561406,s5-eth3,33.276092529296875,66.72390747070312
2025-11-27 18:06:45.562143,s1-eth2,29.367401123046875,70.63259887695312
2025-11-27 18:06:45.562306,s4-eth2,23.294189453125,76.705810546875
2025-11-27 18:06:45.562363,s5-eth3,31.82567596435547,68.17432403564453
2025-11-27 18:06:46.563081,s1-eth2,35.73280334472656,64.26719665527344
2025-11-27 18:06:46.563246,s4-eth2,46.49821472167969,53.50178527832031
2025-11-27 18:06:46.563302,s5-eth3,0.010894775390625,99.98910522460938
2025-11-27 18:06:47.563977,s1-eth2,0.01025390625,99.98974609375
2025-11-27 18:06:47.564128,s4-eth2,0.01025390625,99.98974609375
2025-11-27 18:06:47.564178,s5-eth3,0.01025390625,99.98974609375
2025-11-27 18:06:48.564804,s1-eth2,0.00897216796875,99.99102783203125
2025-11-27 18:06:48.564957,s4-eth2,0.00897216796875,99.99102783203125
2025-11-27 18:06:48.565004,s5-eth3,0.00897216796875,99.99102783203125
2025-11-27 18:06:49.565650,s1-eth2,0.009613037109375,99.99038696289062
2025-11-27 18:06:49.565793,s4-eth2,0.009613037109375,99.99038696289062
2025-11-27 18:06:49.565844,s5-eth3,0.00897216796875,99.99102783203125
2025-11-27 18:06:50.566473,s1-eth2,0.00897216796875,99.99102783203125
2025-11-27 18:06:50.566622,s4-eth2,0.00897216796875,99.99102783203125
2025-11-27 18:06:50.566673,s5-eth3,0.009613037109375,99.99038696289062
2025-11-27 18:06:51.567290,s1-eth2,0.00897216796875,99.99102783203125
2025-11-27 18:06:51.567430,s4-eth2,0.00897216796875,99.99102783203125
2025-11-27 18:06:51.567478,s5-eth3,0.00897216796875,99.99102783203125
2025-11-27 18:06:52.568121,s1-eth2,0.00897216796875,99.99102783203125
2025-11-27 18:06:52.568271,s4-eth2,0.00897216796875,99.99102783203125
2025-11-27 18:06:52.568322,s5-eth3,0.00897216796875,99.99102783203125
2025-11-27 18:06:53.568961,s1-eth2,0.009613037109375,99.99038696289062
2025-11-27 18:06:53.569114,s4-eth2,0.009613037109375,99.99038696289062
2025-11-27 18:06:53.569165,s5-eth3,0.00897216796875,99.99102783203125
2025-11-27 18:06:54.569813,s1-eth2,0.00897216796875,99.99102783203125
2025-11-27 18:06:54.569971,s4-eth2,0.00897216796875,99.99102783203125
2025-11-27 18:06:54.570022,s5-eth3,0.00897216796875,99.99102783203125
2025-11-27 18:06:55.570681,s1-eth2,0.00897216796875,99.99102783203125
2025-11-27 18:06:55.570830,s4-eth2,0.00897216796875,99.99102783203125
2025-11-27 18:06:55.570886,s5-eth3,0.009613037109375,99.99038696289062
2025-11-27 18:06:56.571566,s1-eth2,0.009613037109375,99.99038696289062
2025-11-27 18:06:56.571729,s4-eth2,0.009613037109375,99.99038696289062
2025-11-27 18:06:56.571779,s5-eth3,0.009613037109375,99.99038696289062
2025-11-27 18:06:57.572419,s1-eth2,0.00897216796875,99.99102783203125
2025-11-27 18:06:57.572568,s4-eth2,0.00897216796875,99.99102783203125
2025-11-27 18:06:57.572617,s5-eth3,0.009613037109375,99.99038696289062
2025-11-27 18:06:58.573254,s1-eth2,15.799896240234375,84.20010375976562
2025-11-27 18:06:58.573408,s4-eth2,0.00897216796875,99.99102783203125
2025-11-27 18:06:58.573456,s5-eth3,0.00897216796875,99.99102783203125
2025-11-27 18:06:59.574081,s1-eth2,48.62345886230469,51.37654113769531
2025-11-27 18:06:59.574229,s4-eth2,0.009613037109375,99.99038696289062
2025-11-27 18:06:59.574277,s5-eth3,0.00897216796875,99.99102783203125
2025-11-27 18:07:00.574899,s1-eth2,0.00897216796875,99.99102783203125
2025-11-27 18:07:00.575045,s4-eth2,0.00897216796875,99.99102783203125
2025-11-27 18:07:00.575092,s5-eth3,0.00897216796875,99.99102783203125
2025-11-27 18:07:01.575738,s1-eth2,0.00897216796875,99.99102783203125
2025-11-27 18:07:01.575884,s4-eth2,0.00897216796875,99.99102783203125
2025-11-27 18:07:01.575932,s5-eth3,0.00897216796875,99.99102783203125
2025-11-27 18:07:02.576566,s1-eth2,0.00897216796875,99.99102783203125
2025-11-27 18:07:02.576714,s4-eth2,0.00897216796875,99.99102783203125
2025-11-27 18:07:02.576761,s5-eth3,0.00897216796875,99.99102783203125
2025-11-27 18:07:03.577396,s1-eth2,0.009613037109375,99.99038696289062
2025-11-27 18:07:03.577539,s4-eth2,21.995742797851562,78.00425720214844
2025-11-27 18:07:03.577590,s5-eth3,21.884124755859375,78.11587524414062
2025-11-27 18:07:04.578211,s1-eth2,0.00897216796875,99.99102783203125
2025-11-27 18:07:04.578360,s4-eth2,47.57079315185547,52.42920684814453
2025-11-27 18:07:04.578410,s5-eth3,47.68177032470703,52.31822967529297
2025-11-27 18:07:05.579027,s1-eth2,0.00897216796875,99.99102783203125
2025-11-27 18:07:05.579165,s4-eth2,0.00897216796875,99.99102783203125
2025-11-27 18:07:05.579213,s5-eth3,0.00897216796875,99.99102783203125
2025-11-27 18:07:06.579816,s1-eth2,0.00897216796875,99.99102783203125
2025-11-27 18:07:06.579955,s4-eth2,0.00897216796875,99.99102783203125
2025-11-27 18:07:06.580007,s5-eth3,0.00897216796875,99.99102783203125
2025-11-27 18:07:07.580610,s1-eth2,0.00897216796875,99.99102783203125
2025-11-27 18:07:07.580746,s4-eth2,0.00897216796875,99.99102783203125
2025-11-27 18:07:07.580794,s5-eth3,0.00897216796875,99.99102783203125
2025-11-27 18:07:08.581403,s1-eth2,0.00897216796875,99.99102783203125
2025-11-27 18:07:08.581540,s4-eth2,0.00897216796875,99.99102783203125
2025-11-27 18:07:08.581587,s5-eth3,0.00897216796875,99.99102783203125
2025-11-27 18:07:09.582189,s1-eth2,0.00897216796875,99.99102783203125
2025-11-27 18:07:09.582331,s4-eth2,0.00897216796875,99.99102783203125
2025-11-27 18:07:09.582378,s5-eth3,0.00897216796875,99.99102783203125
2025-11-27 18:07:10.582988,s1-eth2,0.009613037109375,99.99038696289062
2025-11-27 18:07:10.583127,s4-eth2,0.009613037109375,99.99038696289062
2025-11-27 18:07:10.583175,s5-eth3,0.009613037109375,99.99038696289062
2025-11-27 18:07:11.583783,s1-eth2,0.00897216796875,99.99102783203125
2025-11-27 18:07:11.583926,s4-eth2,0.00897216796875,99.99102783203125
2025-11-27 18:07:11.583974,s5-eth3,0.00897216796875,99.99102783203125
2025-11-27 18:07:12.584652,s1-eth2,26.014480590820312,73.98551940917969
2025-11-27 18:07:12.584811,s4-eth2,0.00897216796875,99.99102783203125
2025-11-27 18:07:12.584860,s5-eth3,0.00897216796875,99.99102783203125
2025-11-27 18:07:13.585522,s1-eth2,38.408912658691406,61.591087341308594
2025-11-27 18:07:13.585679,s4-eth2,0.009613037109375,99.99038696289062
2025-11-27 18:07:13.585728,s5-eth3,0.009613037109375,99.99038696289062
2025-11-27 18:07:14.586367,s1-eth2,0.009613037109375,99.99038696289062
2025-11-27 18:07:14.586507,s4-eth2,0.009613037109375,99.99038696289062
2025-11-27 18:07:14.586555,s5-eth3,0.00897216796875,99.99102783203125
2025-11-27 18:07:15.587180,s1-eth2,0.00897216796875,99.99102783203125
2025-11-27 18:07:15.587319,s4-eth2,0.00897216796875,99.99102783203125
2025-11-27 18:07:15.587370,s5-eth3,0.00897216796875,99.99102783203125
2025-11-27 18:07:16.588015,s1-eth2,21.174041748046875,78.82595825195312
2025-11-27 18:07:16.588159,s4-eth2,0.00897216796875,99.99102783203125
2025-11-27 18:07:16.588208,s5-eth3,0.009613037109375,99.99038696289062
2025-11-27 18:07:17.588850,s1-eth2,48.61811065673828,51.38188934326172
2025-11-27 18:07:17.588995,s4-eth2,0.00897216796875,99.99102783203125
2025-11-27 18:07:17.589045,s5-eth3,0.00897216796875,99.99102783203125
2025-11-27 18:07:18.589680,s1-eth2,0.00897216796875,99.99102783203125
2025-11-27 18:07:18.589819,s4-eth2,0.00897216796875,99.99102783203125
2025-11-27 18:07:18.589868,s5-eth3,0.00897216796875,99.99102783203125
2025-11-27 18:07:19.590490,s1-eth2,0.00897216796875,99.99102783203125
2025-11-27 18:07:19.590627,s4-eth2,0.00897216796875,99.99102783203125
2025-11-27 18:07:19.590675,s5-eth3,0.00897216796875,99.99102783203125
2025-11-27 18:07:20.591297,s1-eth2,0.01025390625,99.98974609375
2025-11-27 18:07:20.591441,s4-eth2,0.01025390625,99.98974609375
2025-11-27 18:07:20.591489,s5-eth3,0.00897216796875,99.99102783203125
2025-11-27 18:07:21.592738,s1-eth2,0.009603424072265625,99.99039657592773
2025-11-27 18:07:21.593037,s4-eth2,0.009603424072265625,99.99039657592773
2025-11-27 18:07:21.593142,s5-eth3,0.010243682861328126,99.98975631713867
2025-11-27 18:07:22.594482,s1-eth2,0.008963241577148437,99.99103675842285
2025-11-27 18:07:22.594800,s4-eth2,18.997756958007812,81.00224304199219
2025-11-27 18:07:22.594936,s5-eth3,19.107616424560547,80.89238357543945
2025-11-27 18:07:23.596231,s1-eth2,0.008963241577148437,99.99103675842285
2025-11-27 18:07:23.596539,s4-eth2,50.54324722290039,49.45675277709961
2025-11-27 18:07:23.596650,s5-eth3,50.433387756347656,49.566612243652344
2025-11-27 18:07:24.597953,s1-eth2,0.008963241577148437,99.99103675842285
2025-11-27 18:07:24.598249,s4-eth2,0.008963241577148437,99.99103675842285
2025-11-27 18:07:24.598361,s5-eth3,0.008963241577148437,99.99103675842285
2025-11-27 18:07:25.599723,s1-eth2,0.008963241577148437,99.99103675842285
2025-11-27 18:07:25.600092,s4-eth2,0.008963241577148437,99.99103675842285
2025-11-27 18:07:25.600196,s5-eth3,0.009603424072265625,99.99039657592773
2025-11-27 18:07:26.601490,s1-eth2,0.009603424072265625,99.99039657592773
2025-11-27 18:07:26.601812,s4-eth2,0.009603424072265625,99.99039657592773
2025-11-27 18:07:26.601916,s5-eth3,0.010243682861328126,99.98975631713867
2025-11-27 18:07:27.603219,s1-eth2,0.008963241577148437,99.99103675842285
2025-11-27 18:07:27.603517,s4-eth2,0.008963241577148437,99.99103675842285
2025-11-27 18:07:27.603634,s5-eth3,31.905092239379883,68.09490776062012
2025-11-27 18:07:28.605033,s1-eth2,24.943471908569336,75.05652809143066
2025-11-27 18:07:28.605371,s4-eth2,0.008963241577148437,99.99103675842285
2025-11-27 18:07:28.605529,s5-eth3,33.13144302368164,66.86855697631836
2025-11-27 18:07:29.606880,s1-eth2,44.77899169921875,55.22100830078125
2025-11-27 18:07:29.607211,s4-eth2,0.008963241577148437,99.99103675842285
2025-11-27 18:07:29.607322,s5-eth3,0.009603424072265625,99.99039657592773
2025-11-27 18:07:30.608615,s1-eth2,0.009603424072265625,99.99039657592773
2025-11-27 18:07:30.608909,s4-eth2,0.009603424072265625,99.99039657592773
2025-11-27 18:07:30.609027,s5-eth3,0.008963241577148437,99.99103675842285
2025-11-27 18:07:31.610287,s1-eth2,0.008963241577148437,99.99103675842285
2025-11-27 18:07:31.610584,s4-eth2,0.008963241577148437,99.99103675842285
2025-11-27 18:07:31.610686,s5-eth3,0.008963241577148437,99.99103675842285
2025-11-27 18:07:32.611309,s1-eth2,0.008963241577148437,99.99103675842285
2025-11-27 18:07:32.611428,s4-eth2,0.00897216796875,99.99102783203125
2025-11-27 18:07:32.611468,s5-eth3,0.00897216796875,99.99102783203125
2025-11-27 18:07:33.612728,s1-eth2,0.009603424072265625,99.99039657592773
2025-11-27 18:07:33.613054,s4-eth2,0.009603424072265625,99.99039657592773
2025-11-27 18:07:33.613166,s5-eth3,0.008963241577148437,99.99103675842285
2025-11-27 18:07:34.614505,s1-eth2,0.008963241577148437,99.99103675842285
2025-11-27 18:07:34.614825,s4-eth2,0.008963241577148437,99.99103675842285
2025-11-27 18:07:34.614947,s5-eth3,0.008963241577148437,99.99103675842285
2025-11-27 18:07:35.615563,s1-eth2,0.009603424072265625,99.99039657592773
2025-11-27 18:07:35.615674,s4-eth2,21.564865112304688,78.43513488769531
2025-11-27 18:07:35.615713,s5-eth3,0.009613037109375,99.99038696289062
2025-11-27 18:07:36.616272,s1-eth2,0.00897216796875,99.99102783203125
2025-11-27 18:07:36.616398,s4-eth2,48.2275390625,51.7724609375
2025-11-27 18:07:36.616445,s5-eth3,0.00897216796875,99.99102783203125
2025-11-27 18:07:37.617700,s1-eth2,0.008963241577148437,99.99103675842285
2025-11-27 18:07:37.618027,s4-eth2,0.008963241577148437,99.99103675842285
2025-11-27 18:07:37.618143,s5-eth3,34.38031005859375,65.61968994140625
2025-11-27 18:07:38.618784,s1-eth2,33.01979064941406,66.98020935058594
2025-11-27 18:07:38.618996,s4-eth2,0.00897216796875,99.99102783203125
2025-11-27 18:07:38.619110,s5-eth3,30.68688201904297,69.31311798095703
2025-11-27 18:07:39.620435,s1-eth2,32.0167350769043,67.9832649230957
2025-11-27 18:07:39.620751,s4-eth2,0.008963241577148437,99.99103675842285
2025-11-27 18:07:39.620855,s5-eth3,0.008963241577148437,99.99103675842285
2025-11-27 18:07:40.622200,s1-eth2,0.008963241577148437,99.99103675842285
2025-11-27 18:07:40.622523,s4-eth2,0.008963241577148437,99.99103675842285
2025-11-27 18:07:40.622627,s5-eth3,0.008963241577148437,99.99103675842285
2025-11-27 18:07:41.623330,s1-eth2,0.008963241577148437,99.99103675842285
2025-11-27 18:07:41.623480,s4-eth2,0.00897216796875,99.99102783203125
2025-11-27 18:07:41.623524,s5-eth3,0.00897216796875,99.99102783203125
2025-11-27 18:07:42.624788,s1-eth2,0.008963241577148437,99.99103675842285
2025-11-27 18:07:42.625109,s4-eth2,0.008963241577148437,99.99103675842285
2025-11-27 18:07:42.625219,s5-eth3,0.008963241577148437,99.99103675842285
2025-11-27 18:07:43.626506,s1-eth2,0.009603424072265625,99.99039657592773
2025-11-27 18:07:43.626805,s4-eth2,0.009603424072265625,99.99039657592773
2025-11-27 18:07:43.626926,s5-eth3,0.008963241577148437,99.99103675842285
2025-11-27 18:07:44.628270,s1-eth2,0.008963241577148437,99.99103675842285
2025-11-27 18:07:44.628646,s4-eth2,28.566495895385742,71.43350410461426
2025-11-27 18:07:44.628761,s5-eth3,0.009603424072265625,99.99039657592773
2025-11-27 18:07:45.630070,s1-eth2,0.009603424072265625,99.99039657592773
2025-11-27 18:07:45.630396,s4-eth2,41.15607833862305,58.84392166137695
2025-11-27 18:07:45.630510,s5-eth3,0.009603424072265625,99.99039657592773
2025-11-27 18:07:46.631844,s1-eth2,0.008963241577148437,99.99103675842285
2025-11-27 18:07:46.632165,s4-eth2,0.008963241577148437,99.99103675842285
2025-11-27 18:07:46.632270,s5-eth3,0.009603424072265625,99.99039657592773
2025-11-27 18:07:47.633635,s1-eth2,28.226154327392578,71.77384567260742
2025-11-27 18:07:47.633967,s4-eth2,0.010243682861328126,99.98975631713867
2025-11-27 18:07:47.634071,s5-eth3,0.010243682861328126,99.98975631713867
2025-11-27 18:07:48.635429,s1-eth2,36.81244659423828,63.18755340576172
2025-11-27 18:07:48.635760,s4-eth2,0.009603424072265625,99.99039657592773
2025-11-27 18:07:48.635873,s5-eth3,0.008963241577148437,99.99103675842285
2025-11-27 18:07:49.637160,s1-eth2,0.008963241577148437,99.99103675842285
2025-11-27 18:07:49.637472,s4-eth2,0.008963241577148437,99.99103675842285
2025-11-27 18:07:49.637583,s5-eth3,0.008963241577148437,99.99103675842285
2025-11-27 18:07:50.638863,s1-eth2,0.008963241577148437,99.99103675842285
2025-11-27 18:07:50.639169,s4-eth2,0.008963241577148437,99.99103675842285
2025-11-27 18:07:50.639273,s5-eth3,0.008963241577148437,99.99103675842285
2025-11-27 18:07:51.640545,s1-eth2,0.008963241577148437,99.99103675842285
2025-11-27 18:07:51.640840,s4-eth2,0.008963241577148437,99.99103675842285
2025-11-27 18:07:51.640943,s5-eth3,0.008963241577148437,99.99103675842285
2025-11-27 18:07:52.642218,s1-eth2,0.008963241577148437,99.99103675842285
2025-11-27 18:07:52.642539,s4-eth2,0.008963241577148437,99.99103675842285
2025-11-27 18:07:52.642650,s5-eth3,0.008963241577148437,99.99103675842285
2025-11-27 18:07:53.643295,s1-eth2,7.839405059814453,92.16059494018555
2025-11-27 18:07:53.643434,s4-eth2,0.00897216796875,99.99102783203125
2025-11-27 18:07:53.643475,s5-eth3,0.00897216796875,99.99102783203125
2025-11-27 18:07:54.644732,s1-eth2,59.91976547241211,40.08023452758789
2025-11-27 18:07:54.645075,s4-eth2,0.008963241577148437,99.99103675842285
2025-11-27 18:07:54.645188,s5-eth3,0.009603424072265625,99.99039657592773
2025-11-27 18:07:55.646658,s1-eth2,0.008963241577148437,99.99103675842285
2025-11-27 18:07:55.646971,s4-eth2,0.008963241577148437,99.99103675842285
2025-11-27 18:07:55.647074,s5-eth3,0.008963241577148437,99.99103675842285
2025-11-27 18:07:56.648347,s1-eth2,0.008963241577148437,99.99103675842285
2025-11-27 18:07:56.648643,s4-eth2,0.008963241577148437,99.99103675842285
2025-11-27 18:07:56.648754,s5-eth3,0.008963241577148437,99.99103675842285
2025-11-27 18:07:57.650033,s1-eth2,0.009603424072265625,99.99039657592773
2025-11-27 18:07:57.650332,s4-eth2,0.009603424072265625,99.99039657592773
2025-11-27 18:07:57.650436,s5-eth3,0.008963241577148437,99.99103675842285
2025-11-27 18:07:58.651716,s1-eth2,0.008963241577148437,99.99103675842285
2025-11-27 18:07:58.652009,s4-eth2,0.008963241577148437,99.99103675842285
2025-11-27 18:07:58.652113,s5-eth3,0.008963241577148437,99.99103675842285
2025-11-27 18:07:59.652735,s1-eth2,21.2648983001709,78.7351016998291
2025-11-27 18:07:59.652855,s4-eth2,0.009613037109375,99.99038696289062
2025-11-27 18:07:59.652894,s5-eth3,0.00897216796875,99.99102783203125
2025-11-27 18:08:00.654166,s1-eth2,48.45781326293945,51.54218673706055
2025-11-27 18:08:00.654492,s4-eth2,0.008963241577148437,99.99103675842285
2025-11-27 18:08:00.654599,s5-eth3,0.009603424072265625,99.99039657592773
2025-11-27 18:08:01.656102,s1-eth2,0.008963241577148437,99.99103675842285
2025-11-27 18:08:01.656460,s4-eth2,23.68932342529297,76.31067657470703
2025-11-27 18:08:01.656580,s5-eth3,23.51274299621582,76.48725700378418
2025-11-27 18:08:02.657914,s1-eth2,0.009283294677734375,99.99071670532227
2025-11-27 18:08:02.658249,s4-eth2,45.85151290893555,54.14848709106445
2025-11-27 18:08:02.658373,s5-eth3,46.02809143066406,53.97190856933594
2025-11-27 18:08:03.659708,s1-eth2,0.009923553466796875,99.99007644653321
2025-11-27 18:08:03.660007,s4-eth2,0.009923553466796875,99.99007644653321
2025-11-27 18:08:03.660111,s5-eth3,0.009923553466796875,99.99007644653321
2025-11-27 18:08:04.661391,s1-eth2,0.008963241577148437,99.99103675842285
2025-11-27 18:08:04.661687,s4-eth2,0.008963241577148437,99.99103675842285
2025-11-27 18:08:04.661790,s5-eth3,0.008963241577148437,99.99103675842285
2025-11-27 18:08:05.663058,s1-eth2,0.009603424072265625,99.99039657592773
2025-11-27 18:08:05.663367,s4-eth2,0.009603424072265625,99.99039657592773
2025-11-27 18:08:05.663470,s5-eth3,0.008963241577148437,99.99103675842285
2025-11-27 18:08:06.664737,s1-eth2,0.008963241577148437,99.99103675842285
2025-11-27 18:08:06.665033,s4-eth2,0.008963241577148437,99.99103675842285
2025-11-27 18:08:06.665138,s5-eth3,0.008963241577148437,99.99103675842285
2025-11-27 18:08:07.666400,s1-eth2,0.008963241577148437,99.99103675842285
2025-11-27 18:08:07.666705,s4-eth2,0.008963241577148437,99.99103675842285
2025-11-27 18:08:07.666808,s5-eth3,0.008963241577148437,99.99103675842285
2025-11-27 18:08:08.668118,s1-eth2,0.009603424072265625,99.99039657592773
2025-11-27 18:08:08.668415,s4-eth2,0.009603424072265625,99.99039657592773
2025-11-27 18:08:08.668519,s5-eth3,0.009603424072265625,99.99039657592773
2025-11-27 18:08:09.669787,s1-eth2,0.008963241577148437,99.99103675842285
2025-11-27 18:08:09.670085,s4-eth2,0.008963241577148437,99.99103675842285
2025-11-27 18:08:09.670197,s5-eth3,0.009603424072265625,99.99039657592773
2025-11-27 18:08:10.671503,s1-eth2,0.008963241577148437,99.99103675842285
2025-11-27 18:08:10.671801,s4-eth2,0.008963241577148437,99.99103675842285
2025-11-27 18:08:10.671905,s5-eth3,0.008963241577148437,99.99103675842285
2025-11-27 18:08:11.673180,s1-eth2,0.008963241577148437,99.99103675842285
2025-11-27 18:08:11.673478,s4-eth2,0.008963241577148437,99.99103675842285
2025-11-27 18:08:11.673585,s5-eth3,0.009603424072265625,99.99039657592773
2025-11-27 18:08:12.674885,s1-eth2,0.008963241577148437,99.99103675842285
2025-11-27 18:08:12.675191,s4-eth2,0.008963241577148437,99.99103675842285
2025-11-27 18:08:12.675294,s5-eth3,0.008963241577148437,99.99103675842285
2025-11-27 18:08:13.676599,s1-eth2,0.008963241577148437,99.99103675842285
2025-11-27 18:08:13.676897,s4-eth2,0.008963241577148437,99.99103675842285
2025-11-27 18:08:13.677003,s5-eth3,0.008963241577148437,99.99103675842285
2025-11-27 18:08:14.678280,s1-eth2,0.008963241577148437,99.99103675842285
2025-11-27 18:08:14.678578,s4-eth2,0.008963241577148437,99.99103675842285
2025-11-27 18:08:14.678690,s5-eth3,0.008963241577148437,99.99103675842285
2025-11-27 18:08:15.679938,s1-eth2,0.008963241577148437,99.99103675842285
2025-11-27 18:08:15.680234,s4-eth2,0.008963241577148437,99.99103675842285
2025-11-27 18:08:15.680337,s5-eth3,0.009603424072265625,99.99039657592773
2025-11-27 18:08:16.681686,s1-eth2,27.604856491088867,72.39514350891113
2025-11-27 18:08:16.682018,s4-eth2,0.008963241577148437,99.99103675842285
2025-11-27 18:08:16.682126,s5-eth3,0.009603424072265625,99.99039657592773
2025-11-27 18:08:17.683477,s1-eth2,36.75465774536133,63.24534225463867
2025-11-27 18:08:17.683885,s4-eth2,0.009603424072265625,99.99039657592773
2025-11-27 18:08:17.684042,s5-eth3,0.008963241577148437,99.99103675842285
2025-11-27 18:08:18.685366,s1-eth2,0.009603424072265625,99.99039657592773
2025-11-27 18:08:18.685664,s4-eth2,0.009603424072265625,99.99039657592773
2025-11-27 18:08:18.685768,s5-eth3,0.009603424072265625,99.99039657592773
2025-11-27 18:08:19.686393,s1-eth2,0.008963241577148437,99.99103675842285
2025-11-27 18:08:19.686523,s4-eth2,0.00897216796875,99.99102783203125
2025-11-27 18:08:19.686562,s5-eth3,0.00897216796875,99.99102783203125
2025-11-27 18:08:20.687807,s1-eth2,0.008963241577148437,99.99103675842285
2025-11-27 18:08:20.688131,s4-eth2,0.008963241577148437,99.99103675842285
2025-11-27 18:08:20.688235,s5-eth3,0.008963241577148437,99.99103675842285
2025-11-27 18:08:21.689525,s1-eth2,0.008963241577148437,99.99103675842285
2025-11-27 18:08:21.689839,s4-eth2,0.008963241577148437,99.99103675842285
2025-11-27 18:08:21.689942,s5-eth3,0.009603424072265625,99.99039657592773
2025-11-27 18:08:22.691251,s1-eth2,0.008963241577148437,99.99103675842285
2025-11-27 18:08:22.691546,s4-eth2,0.008963241577148437,99.99103675842285
2025-11-27 18:08:22.691649,s5-eth3,0.008963241577148437,99.99103675842285
2025-11-27 18:08:23.692962,s1-eth2,0.010243682861328126,99.98975631713867
2025-11-27 18:08:23.693267,s4-eth2,0.010243682861328126,99.98975631713867
2025-11-27 18:08:23.693372,s5-eth3,0.009603424072265625,99.99039657592773
2025-11-27 18:08:24.694696,s1-eth2,27.674535751342773,72.32546424865723
2025-11-27 18:08:24.695032,s4-eth2,0.008963241577148437,99.99103675842285
2025-11-27 18:08:24.695137,s5-eth3,0.008963241577148437,99.99103675842285
2025-11-27 18:08:25.695761,s1-eth2,42.04817199707031,57.95182800292969
2025-11-27 18:08:25.695891,s4-eth2,0.009613037109375,99.99038696289062
2025-11-27 18:08:25.695932,s5-eth3,0.009613037109375,99.99038696289062
2025-11-27 18:08:26.697139,s1-eth2,0.008963241577148437,99.99103675842285
2025-11-27 18:08:26.697458,s4-eth2,0.008963241577148437,99.99103675842285
2025-11-27 18:08:26.697568,s5-eth3,0.008963241577148437,99.99103675842285
2025-11-27 18:08:27.698912,s1-eth2,0.010243682861328126,99.98975631713867
2025-11-27 18:08:27.699234,s4-eth2,23.272703170776367,76.72729682922363
2025-11-27 18:08:27.699349,s5-eth3,0.008963241577148437,99.99103675842285
2025-11-27 18:08:28.700667,s1-eth2,0.008963241577148437,99.99103675842285
2025-11-27 18:08:28.700982,s4-eth2,46.45075988769531,53.54924011230469
2025-11-27 18:08:28.701098,s5-eth3,0.008963241577148437,99.99103675842285
2025-11-27 18:08:29.702398,s1-eth2,0.010243682861328126,99.98975631713867
2025-11-27 18:08:29.702697,s4-eth2,0.010243682861328126,99.98975631713867
2025-11-27 18:08:29.702820,s5-eth3,0.009603424072265625,99.99039657592773
2025-11-27 18:08:30.704155,s1-eth2,0.008963241577148437,99.99103675842285
2025-11-27 18:08:30.704473,s4-eth2,0.008963241577148437,99.99103675842285
2025-11-27 18:08:30.704584,s5-eth3,0.008963241577148437,99.99103675842285
2025-11-27 18:08:31.705891,s1-eth2,0.008963241577148437,99.99103675842285
2025-11-27 18:08:31.706206,s4-eth2,0.008963241577148437,99.99103675842285
2025-11-27 18:08:31.706316,s5-eth3,0.008963241577148437,99.99103675842285
2025-11-27 18:08:32.707740,s1-eth2,0.008963241577148437,99.99103675842285
2025-11-27 18:08:32.708077,s4-eth2,0.008963241577148437,99.99103675842285
2025-11-27 18:08:32.708191,s5-eth3,0.008963241577148437,99.99103675842285
2025-11-27 18:08:33.709546,s1-eth2,0.009603424072265625,99.99039657592773
2025-11-27 18:08:33.709862,s4-eth2,0.009603424072265625,99.99039657592773
2025-11-27 18:08:33.709981,s5-eth3,0.010243682861328126,99.98975631713867
2025-11-27 18:08:34.710621,s1-eth2,0.008963241577148437,99.99103675842285
2025-11-27 18:08:34.710744,s4-eth2,0.00897216796875,99.99102783203125
2025-11-27 18:08:34.710782,s5-eth3,0.00897216796875,99.99102783203125
2025-11-27 18:08:35.711300,s1-eth2,0.00897216796875,99.99102783203125
2025-11-27 18:08:35.711418,s4-eth2,0.00897216796875,99.99102783203125
2025-11-27 18:08:35.711461,s5-eth3,0.00897216796875,99.99102783203125
2025-11-27 18:08:36.711981,s1-eth2,0.00897216796875,99.99102783203125
2025-11-27 18:08:36.712091,s4-eth2,21.75054931640625,78.24945068359375
2025-11-27 18:08:36.712128,s5-eth3,21.749542236328125,78.25045776367188
2025-11-27 18:08:37.713408,s1-eth2,0.008963241577148437,99.99103675842285
2025-11-27 18:08:37.713750,s4-eth2,80.88421630859375,19.11578369140625
2025-11-27 18:08:37.713871,s5-eth3,47.81270217895508,52.18729782104492
2025-11-27 18:08:38.715276,s1-eth2,35.239662170410156,64.76033782958984
2025-11-27 18:08:38.715619,s4-eth2,36.640567779541016,63.359432220458984
2025-11-27 18:08:38.715735,s5-eth3,0.008963241577148437,99.99103675842285
2025-11-27 18:08:39.717083,s1-eth2,29.796871185302734,70.20312881469727
2025-11-27 18:08:39.717409,s4-eth2,0.008963241577148437,99.99103675842285
2025-11-27 18:08:39.717522,s5-eth3,35.86323165893555,64.13676834106445
2025-11-27 18:08:40.718893,s1-eth2,0.008963241577148437,99.99103675842285
2025-11-27 18:08:40.719216,s4-eth2,0.008963241577148437,99.99103675842285
2025-11-27 18:08:40.719335,s5-eth3,64.8048095703125,35.1951904296875
2025-11-27 18:08:41.720648,s1-eth2,0.008963241577148437,99.99103675842285
2025-11-27 18:08:41.720970,s4-eth2,0.008963241577148437,99.99103675842285
2025-11-27 18:08:41.721085,s5-eth3,29.396530151367188,70.60346984863281
2025-11-27 18:08:42.722397,s1-eth2,0.008963241577148437,99.99103675842285
2025-11-27 18:08:42.722696,s4-eth2,0.008963241577148437,99.99103675842285
2025-11-27 18:08:42.722800,s5-eth3,0.009603424072265625,99.99039657592773
2025-11-27 18:08:43.724148,s1-eth2,17.177234649658203,82.8227653503418
2025-11-27 18:08:43.724483,s4-eth2,0.008963241577148437,99.99103675842285
2025-11-27 18:08:43.724587,s5-eth3,0.008963241577148437,99.99103675842285
2025-11-27 18:08:44.725886,s1-eth2,47.1817626953125,52.8182373046875
2025-11-27 18:08:44.726209,s4-eth2,0.009603424072265625,99.99039657592773
2025-11-27 18:08:44.726312,s5-eth3,0.009603424072265625,99.99039657592773
2025-11-27 18:08:45.727717,s1-eth2,0.009603424072265625,99.99039657592773
2025-11-27 18:08:45.728044,s4-eth2,0.009603424072265625,99.99039657592773
2025-11-27 18:08:45.728177,s5-eth3,0.010243682861328126,99.98975631713867
2025-11-27 18:08:46.728808,s1-eth2,0.009603424072265625,99.99039657592773
2025-11-27 18:08:46.728929,s4-eth2,24.149032592773438,75.85096740722656
2025-11-27 18:08:46.728971,s5-eth3,24.037918090820312,75.96208190917969
2025-11-27 18:08:47.730162,s1-eth2,0.008963241577148437,99.99103675842285
2025-11-27 18:08:47.730481,s4-eth2,45.41624069213867,54.58375930786133
2025-11-27 18:08:47.730591,s5-eth3,45.52660369873047,54.47339630126953
2025-11-27 18:08:48.731896,s1-eth2,0.008963241577148437,99.99103675842285
2025-11-27 18:08:48.732191,s4-eth2,0.008963241577148437,99.99103675842285
2025-11-27 18:08:48.732293,s5-eth3,0.008963241577148437,99.99103675842285
2025-11-27 18:08:49.733667,s1-eth2,0.008963241577148437,99.99103675842285
2025-11-27 18:08:49.733993,s4-eth2,0.008963241577148437,99.99103675842285
2025-11-27 18:08:49.734099,s5-eth3,0.009603424072265625,99.99039657592773
2025-11-27 18:08:50.735502,s1-eth2,30.901899337768555,69.09810066223145
2025-11-27 18:08:50.735836,s4-eth2,0.009603424072265625,99.99039657592773
2025-11-27 18:08:50.735940,s5-eth3,0.009603424072265625,99.99039657592773
2025-11-27 18:08:51.737245,s1-eth2,34.135765075683594,65.8642349243164
2025-11-27 18:08:51.737568,s4-eth2,0.008963241577148437,99.99103675842285
2025-11-27 18:08:51.737670,s5-eth3,0.008963241577148437,99.99103675842285
2025-11-27 18:08:52.738997,s1-eth2,0.008963241577148437,99.99103675842285
2025-11-27 18:08:52.739320,s4-eth2,0.008963241577148437,99.99103675842285
2025-11-27 18:08:52.739423,s5-eth3,0.008963241577148437,99.99103675842285
2025-11-27 18:08:53.740728,s1-eth2,0.008963241577148437,99.99103675842285
2025-11-27 18:08:53.741056,s4-eth2,0.008963241577148437,99.99103675842285
2025-11-27 18:08:53.741160,s5-eth3,0.008963241577148437,99.99103675842285
2025-11-27 18:08:54.741824,s1-eth2,23.15300941467285,76.84699058532715
2025-11-27 18:08:54.741951,s4-eth2,0.00897216796875,99.99102783203125
2025-11-27 18:08:54.741992,s5-eth3,0.00897216796875,99.99102783203125
2025-11-27 18:08:55.743303,s1-eth2,46.562522888183594,53.437477111816406
2025-11-27 18:08:55.743660,s4-eth2,0.008963241577148437,99.99103675842285
2025-11-27 18:08:55.743773,s5-eth3,0.008963241577148437,99.99103675842285
2025-11-27 18:08:56.745118,s1-eth2,0.010243682861328126,99.98975631713867
2025-11-27 18:08:56.745458,s4-eth2,0.010243682861328126,99.98975631713867
2025-11-27 18:08:56.745571,s5-eth3,0.008963241577148437,99.99103675842285
2025-11-27 18:08:57.746918,s1-eth2,0.008963241577148437,99.99103675842285
2025-11-27 18:08:57.747271,s4-eth2,0.008963241577148437,99.99103675842285
2025-11-27 18:08:57.747375,s5-eth3,0.008963241577148437,99.99103675842285
2025-11-27 18:08:58.748699,s1-eth2,0.008963241577148437,99.99103675842285
2025-11-27 18:08:58.748995,s4-eth2,0.008963241577148437,99.99103675842285
2025-11-27 18:08:58.749104,s5-eth3,0.010243682861328126,99.98975631713867
2025-11-27 18:08:59.750440,s1-eth2,0.008963241577148437,99.99103675842285
2025-11-27 18:08:59.750755,s4-eth2,0.008963241577148437,99.99103675842285
2025-11-27 18:08:59.750889,s5-eth3,0.008963241577148437,99.99103675842285
2025-11-27 18:09:00.752229,s1-eth2,0.008963241577148437,99.99103675842285
2025-11-27 18:09:00.752535,s4-eth2,0.008963241577148437,99.99103675842285
2025-11-27 18:09:00.752645,s5-eth3,0.008963241577148437,99.99103675842285
2025-11-27 18:09:01.754004,s1-eth2,0.009603424072265625,99.99039657592773
2025-11-27 18:09:01.754320,s4-eth2,0.009603424072265625,99.99039657592773
2025-11-27 18:09:01.754424,s5-eth3,0.009603424072265625,99.99039657592773
2025-11-27 18:09:02.755795,s1-eth2,0.010243682861328126,99.98975631713867
2025-11-27 18:09:02.756101,s4-eth2,0.010243682861328126,99.98975631713867
2025-11-27 18:09:02.756205,s5-eth3,0.009603424072265625,99.99039657592773
2025-11-27 18:09:03.757543,s1-eth2,0.008963241577148437,99.99103675842285
2025-11-27 18:09:03.757848,s4-eth2,0.008963241577148437,99.99103675842285
2025-11-27 18:09:03.757951,s5-eth3,0.008963241577148437,99.99103675842285
2025-11-27 18:09:04.759296,s1-eth2,0.008963241577148437,99.99103675842285
2025-11-27 18:09:04.759591,s4-eth2,0.008963241577148437,99.99103675842285
2025-11-27 18:09:04.759695,s5-eth3,0.009603424072265625,99.99039657592773
2025-11-27 18:09:05.761001,s1-eth2,0.008963241577148437,99.99103675842285
2025-11-27 18:09:05.761299,s4-eth2,0.008963241577148437,99.99103675842285
2025-11-27 18:09:05.761409,s5-eth3,0.008963241577148437,99.99103675842285
2025-11-27 18:09:06.762722,s1-eth2,0.009603424072265625,99.99039657592773
2025-11-27 18:09:06.763045,s4-eth2,0.009603424072265625,99.99039657592773
2025-11-27 18:09:06.763149,s5-eth3,0.009603424072265625,99.99039657592773
2025-11-27 18:09:07.764447,s1-eth2,0.008963241577148437,99.99103675842285
2025-11-27 18:09:07.764742,s4-eth2,0.008963241577148437,99.99103675842285
2025-11-27 18:09:07.764845,s5-eth3,0.008963241577148437,99.99103675842285
2025-11-27 18:09:08.766153,s1-eth2,0.008963241577148437,99.99103675842285
2025-11-27 18:09:08.766457,s4-eth2,0.008963241577148437,99.99103675842285
2025-11-27 18:09:08.766561,s5-eth3,0.008963241577148437,99.99103675842285
2025-11-27 18:09:09.767200,s1-eth2,0.008963241577148437,99.99103675842285
2025-11-27 18:09:09.767319,s4-eth2,0.00897216796875,99.99102783203125
2025-11-27 18:09:09.767357,s5-eth3,0.00897216796875,99.99102783203125
2025-11-27 18:09:10.768614,s1-eth2,0.008963241577148437,99.99103675842285
2025-11-27 18:09:10.768942,s4-eth2,0.008963241577148437,99.99103675842285
2025-11-27 18:09:10.769046,s5-eth3,0.008963241577148437,99.99103675842285
2025-11-27 18:09:11.770378,s1-eth2,0.009603424072265625,99.99039657592773
2025-11-27 18:09:11.770675,s4-eth2,0.009603424072265625,99.99039657592773
2025-11-27 18:09:11.770779,s5-eth3,0.009603424072265625,99.99039657592773
2025-11-27 18:09:12.772110,s1-eth2,0.009603424072265625,99.99039657592773
2025-11-27 18:09:12.772405,s4-eth2,0.009603424072265625,99.99039657592773
2025-11-27 18:09:12.772517,s5-eth3,0.008963241577148437,99.99103675842285
2025-11-27 18:09:13.773848,s1-eth2,0.008963241577148437,99.99103675842285
2025-11-27 18:09:13.774146,s4-eth2,0.008963241577148437,99.99103675842285
2025-11-27 18:09:13.774250,s5-eth3,0.008963241577148437,99.99103675842285
2025-11-27 18:09:14.775590,s1-eth2,0.010243682861328126,99.98975631713867
2025-11-27 18:09:14.775891,s4-eth2,0.010243682861328126,99.98975631713867
2025-11-27 18:09:14.775994,s5-eth3,0.009603424072265625,99.99039657592773
2025-11-27 18:09:15.777289,s1-eth2,0.008963241577148437,99.99103675842285
2025-11-27 18:09:15.777594,s4-eth2,0.008963241577148437,99.99103675842285
2025-11-27 18:09:15.777696,s5-eth3,0.008963241577148437,99.99103675842285
2025-11-27 18:09:16.778981,s1-eth2,0.008963241577148437,99.99103675842285
2025-11-27 18:09:16.779278,s4-eth2,0.008963241577148437,99.99103675842285
2025-11-27 18:09:16.779380,s5-eth3,0.009603424072265625,99.99039657592773
2025-11-27 18:09:17.779996,s1-eth2,0.008963241577148437,99.99103675842285
2025-11-27 18:09:17.780119,s4-eth2,0.00897216796875,99.99102783203125
2025-11-27 18:09:17.780157,s5-eth3,0.00897216796875,99.99102783203125
2025-11-27 18:09:18.781394,s1-eth2,0.008963241577148437,99.99103675842285
2025-11-27 18:09:18.781717,s4-eth2,0.008963241577148437,99.99103675842285
2025-11-27 18:09:18.781822,s5-eth3,0.008963241577148437,99.99103675842285
2025-11-27 18:09:19.782456,s1-eth2,29.50014877319336,70.49985122680664
2025-11-27 18:09:19.782580,s4-eth2,0.00897216796875,99.99102783203125
2025-11-27 18:09:19.782618,s5-eth3,0.00897216796875,99.99102783203125
2025-11-27 18:09:20.783181,s1-eth2,34.89356994628906,65.10643005371094
2025-11-27 18:09:20.783305,s4-eth2,25.537368774414062,74.46263122558594
2025-11-27 18:09:20.783348,s5-eth3,0.00897216796875,99.99102783203125
2025-11-27 18:09:21.784568,s1-eth2,0.008963241577148437,99.99103675842285
2025-11-27 18:09:21.784905,s4-eth2,44.210689544677734,55.789310455322266
2025-11-27 18:09:21.785019,s5-eth3,0.008963241577148437,99.99103675842285
2025-11-27 18:09:22.786291,s1-eth2,0.008963241577148437,99.99103675842285
2025-11-27 18:09:22.786586,s4-eth2,0.009283294677734375,99.99071670532227
2025-11-27 18:09:22.786693,s5-eth3,0.009923553466796875,99.99007644653321
2025-11-27 18:09:23.787556,s1-eth2,34.42107009887695,65.57892990112305
2025-11-27 18:09:23.787739,s4-eth2,0.009283294677734375,99.99071670532227
2025-11-27 18:09:23.787801,s5-eth3,0.009923553466796875,99.99007644653321
2025-11-27 18:09:24.789078,s1-eth2,35.302978515625,64.697021484375
2025-11-27 18:09:24.789394,s4-eth2,0.008963241577148437,99.99103675842285
2025-11-27 18:09:24.789504,s5-eth3,0.008963241577148437,99.99103675842285
2025-11-27 18:09:25.790770,s1-eth2,0.009603424072265625,99.99039657592773
2025-11-27 18:09:25.791091,s4-eth2,0.009603424072265625,99.99039657592773
2025-11-27 18:09:25.791195,s5-eth3,0.008963241577148437,99.99103675842285
2025-11-27 18:09:26.792585,s1-eth2,0.008963241577148437,99.99103675842285
2025-11-27 18:09:26.792917,s4-eth2,23.200706481933594,76.7992935180664
2025-11-27 18:09:26.793029,s5-eth3,23.36675453186035,76.63324546813965
2025-11-27 18:09:27.794381,s1-eth2,0.009603424072265625,99.99039657592773
2025-11-27 18:09:27.794713,s4-eth2,46.29631042480469,53.70368957519531
2025-11-27 18:09:27.794823,s5-eth3,46.13026428222656,53.86973571777344
2025-11-27 18:09:28.796159,s1-eth2,0.008963241577148437,99.99103675842285
2025-11-27 18:09:28.796457,s4-eth2,0.008963241577148437,99.99103675842285
2025-11-27 18:09:28.796560,s5-eth3,0.008963241577148437,99.99103675842285
2025-11-27 18:09:29.797838,s1-eth2,0.009603424072265625,99.99039657592773
2025-11-27 18:09:29.798142,s4-eth2,0.009603424072265625,99.99039657592773
2025-11-27 18:09:29.798246,s5-eth3,0.009603424072265625,99.99039657592773
2025-11-27 18:09:30.799520,s1-eth2,0.008963241577148437,99.99103675842285
2025-11-27 18:09:30.799816,s4-eth2,0.008963241577148437,99.99103675842285
2025-11-27 18:09:30.799919,s5-eth3,0.008963241577148437,99.99103675842285
2025-11-27 18:09:31.800538,s1-eth2,0.008963241577148437,99.99103675842285
2025-11-27 18:09:31.800656,s4-eth2,25.654388427734375,74.34561157226562
2025-11-27 18:09:31.800697,s5-eth3,25.432937622070312,74.56706237792969
2025-11-27 18:09:32.801959,s1-eth2,23.550485610961914,76.44951438903809
2025-11-27 18:09:32.802273,s4-eth2,43.91291427612305,56.08708572387695
2025-11-27 18:09:32.802386,s5-eth3,44.1341438293457,55.8658561706543
2025-11-27 18:09:33.803736,s1-eth2,46.1722297668457,53.8277702331543
2025-11-27 18:09:33.804044,s4-eth2,0.008963241577148437,99.99103675842285
2025-11-27 18:09:33.804155,s5-eth3,0.008963241577148437,99.99103675842285
2025-11-27 18:09:34.805433,s1-eth2,0.008963241577148437,99.99103675842285
2025-11-27 18:09:34.805730,s4-eth2,0.008963241577148437,99.99103675842285
2025-11-27 18:09:34.805833,s5-eth3,0.008963241577148437,99.99103675842285
2025-11-27 18:09:35.807166,s1-eth2,0.009603424072265625,99.99039657592773
2025-11-27 18:09:35.807480,s4-eth2,0.009603424072265625,99.99039657592773
2025-11-27 18:09:35.807590,s5-eth3,0.008963241577148437,99.99103675842285
2025-11-27 18:09:36.808975,s1-eth2,18.876737594604492,81.12326240539551
2025-11-27 18:09:36.809361,s4-eth2,0.008963241577148437,99.99103675842285
2025-11-27 18:09:36.809475,s5-eth3,0.008963241577148437,99.99103675842285
2025-11-27 18:09:37.810104,s1-eth2,40.550872802734375,59.449127197265625
2025-11-27 18:09:37.810227,s4-eth2,35.00419616699219,64.99580383300781
2025-11-27 18:09:37.810265,s5-eth3,0.00897216796875,99.99102783203125
2025-11-27 18:09:38.811535,s1-eth2,0.008963241577148437,99.99103675842285
2025-11-27 18:09:38.811873,s4-eth2,34.74578857421875,65.25421142578125
2025-11-27 18:09:38.811987,s5-eth3,0.008963241577148437,99.99103675842285
2025-11-27 18:09:39.812633,s1-eth2,36.42222595214844,63.57777404785156
2025-11-27 18:09:39.812765,s4-eth2,0.009613037109375,99.99038696289062
2025-11-27 18:09:39.812804,s5-eth3,0.009613037109375,99.99038696289062
2025-11-27 18:09:40.814064,s1-eth2,28.615581512451172,71.38441848754883
2025-11-27 18:09:40.814382,s4-eth2,0.008963241577148437,99.99103675842285
2025-11-27 18:09:40.814491,s5-eth3,0.008963241577148437,99.99103675842285
2025-11-27 18:09:41.815833,s1-eth2,0.008963241577148437,99.99103675842285
2025-11-27 18:09:41.816137,s4-eth2,0.008963241577148437,99.99103675842285
2025-11-27 18:09:41.816240,s5-eth3,0.008963241577148437,99.99103675842285
2025-11-27 18:09:42.817579,s1-eth2,0.008963241577148437,99.99103675842285
2025-11-27 18:09:42.817892,s4-eth2,0.008963241577148437,99.99103675842285
2025-11-27 18:09:42.817996,s5-eth3,0.008963241577148437,99.99103675842285
2025-11-27 18:09:43.819375,s1-eth2,0.010243682861328126,99.98975631713867
2025-11-27 18:09:43.819697,s4-eth2,0.010243682861328126,99.98975631713867
2025-11-27 18:09:43.819801,s5-eth3,0.010883865356445312,99.98911613464355
2025-11-27 18:09:44.821125,s1-eth2,0.008963241577148437,99.99103675842285
2025-11-27 18:09:44.821423,s4-eth2,0.008963241577148437,99.99103675842285
2025-11-27 18:09:44.821543,s5-eth3,38.038455963134766,61.961544036865234
2025-11-27 18:09:45.822883,s1-eth2,0.008963241577148437,99.99103675842285
2025-11-27 18:09:45.823215,s4-eth2,0.008963241577148437,99.99103675842285
2025-11-27 18:09:45.823341,s5-eth3,26.998065948486328,73.00193405151367
2025-11-27 18:09:46.824714,s1-eth2,0.008963241577148437,99.99103675842285
2025-11-27 18:09:46.825028,s4-eth2,0.008963241577148437,99.99103675842285
2025-11-27 18:09:46.825146,s5-eth3,38.03859329223633,61.96140670776367
2025-11-27 18:09:47.826469,s1-eth2,0.009603424072265625,99.99039657592773
2025-11-27 18:09:47.826776,s4-eth2,0.009603424072265625,99.99039657592773
2025-11-27 18:09:47.826931,s5-eth3,26.999719619750977,73.00028038024902
2025-11-27 18:09:48.827537,s1-eth2,32.40689468383789,67.59310531616211
2025-11-27 18:09:48.827643,s4-eth2,0.009613037109375,99.99038696289062
2025-11-27 18:09:48.827678,s5-eth3,0.009613037109375,99.99038696289062
2025-11-27 18:09:49.828271,s1-eth2,32.66303253173828,67.33696746826172
2025-11-27 18:09:49.828421,s4-eth2,0.00897216796875,99.99102783203125
2025-11-27 18:09:49.828461,s5-eth3,0.00897216796875,99.99102783203125
2025-11-27 18:09:50.829048,s1-eth2,0.00897216796875,99.99102783203125
2025-11-27 18:09:50.829187,s4-eth2,0.00897216796875,99.99102783203125
2025-11-27 18:09:50.829227,s5-eth3,0.00897216796875,99.99102783203125
2025-11-27 18:09:51.830443,s1-eth2,0.008963241577148437,99.99103675842285
2025-11-27 18:09:51.830780,s4-eth2,0.008963241577148437,99.99103675842285
2025-11-27 18:09:51.830900,s5-eth3,0.008963241577148437,99.99103675842285
2025-11-27 18:09:52.832198,s1-eth2,0.008963241577148437,99.99103675842285
2025-11-27 18:09:52.832494,s4-eth2,0.008963241577148437,99.99103675842285
2025-11-27 18:09:52.832596,s5-eth3,0.008963241577148437,99.99103675842285
2025-11-27 18:09:53.833916,s1-eth2,0.010243682861328126,99.98975631713867
2025-11-27 18:09:53.834238,s4-eth2,0.010243682861328126,99.98975631713867
2025-11-27 18:09:53.834348,s5-eth3,0.010243682861328126,99.98975631713867
2025-11-27 18:09:54.835680,s1-eth2,0.008963241577148437,99.99103675842285
2025-11-27 18:09:54.836001,s4-eth2,0.008963241577148437,99.99103675842285
2025-11-27 18:09:54.836105,s5-eth3,0.008963241577148437,99.99103675842285
2025-11-27 18:09:55.837405,s1-eth2,0.008963241577148437,99.99103675842285
2025-11-27 18:09:55.837705,s4-eth2,0.008963241577148437,99.99103675842285
2025-11-27 18:09:55.837808,s5-eth3,0.008963241577148437,99.99103675842285
2025-11-27 18:09:56.839110,s1-eth2,0.008963241577148437,99.99103675842285
2025-11-27 18:09:56.839423,s4-eth2,0.008963241577148437,99.99103675842285
2025-11-27 18:09:56.839525,s5-eth3,0.008963241577148437,99.99103675842285
2025-11-27 18:09:57.840797,s1-eth2,0.009603424072265625,99.99039657592773
2025-11-27 18:09:57.841091,s4-eth2,0.009603424072265625,99.99039657592773
2025-11-27 18:09:57.841195,s5-eth3,0.008963241577148437,99.99103675842285
2025-11-27 18:09:58.842484,s1-eth2,0.008963241577148437,99.99103675842285
2025-11-27 18:09:58.842787,s4-eth2,0.008963241577148437,99.99103675842285
2025-11-27 18:09:58.842915,s5-eth3,0.008963241577148437,99.99103675842285
2025-11-27 18:09:59.844219,s1-eth2,0.008963241577148437,99.99103675842285
2025-11-27 18:09:59.844529,s4-eth2,0.008963241577148437,99.99103675842285
2025-11-27 18:09:59.844631,s5-eth3,0.008963241577148437,99.99103675842285
2025-11-27 18:10:00.845942,s1-eth2,0.008963241577148437,99.99103675842285
2025-11-27 18:10:00.846262,s4-eth2,0.008963241577148437,99.99103675842285
2025-11-27 18:10:00.846365,s5-eth3,0.008963241577148437,99.99103675842285
2025-11-27 18:10:01.847725,s1-eth2,0.008963241577148437,99.99103675842285
2025-11-27 18:10:01.848032,s4-eth2,0.008963241577148437,99.99103675842285
2025-11-27 18:10:01.848144,s5-eth3,0.008963241577148437,99.99103675842285
2025-11-27 18:10:02.849462,s1-eth2,0.008963241577148437,99.99103675842285
2025-11-27 18:10:02.849774,s4-eth2,0.008963241577148437,99.99103675842285
2025-11-27 18:10:02.849884,s5-eth3,0.008963241577148437,99.99103675842285
2025-11-27 18:10:03.851239,s1-eth2,34.697845458984375,65.30215454101562
2025-11-27 18:10:03.851569,s4-eth2,0.008963241577148437,99.99103675842285
2025-11-27 18:10:03.851674,s5-eth3,0.009603424072265625,99.99039657592773
2025-11-27 18:10:04.852988,s1-eth2,35.02421951293945,64.97578048706055
2025-11-27 18:10:04.853324,s4-eth2,0.008963241577148437,99.99103675842285
2025-11-27 18:10:04.853428,s5-eth3,0.008963241577148437,99.99103675842285
2025-11-27 18:10:05.854701,s1-eth2,0.009603424072265625,99.99039657592773
2025-11-27 18:10:05.855012,s4-eth2,0.009603424072265625,99.99039657592773
2025-11-27 18:10:05.855114,s5-eth3,0.008963241577148437,99.99103675842285
2025-11-27 18:10:06.855851,s1-eth2,0.008963241577148437,99.99103675842285
2025-11-27 18:10:06.856000,s4-eth2,0.00897216796875,99.99102783203125
2025-11-27 18:10:06.856056,s5-eth3,0.00897216796875,99.99102783203125
2025-11-27 18:10:07.857322,s1-eth2,0.009603424072265625,99.99039657592773
2025-11-27 18:10:07.857644,s4-eth2,0.009603424072265625,99.99039657592773
2025-11-27 18:10:07.857754,s5-eth3,0.008963241577148437,99.99103675842285
2025-11-27 18:10:08.858377,s1-eth2,0.008963241577148437,99.99103675842285
2025-11-27 18:10:08.858519,s4-eth2,0.00897216796875,99.99102783203125
2025-11-27 18:10:08.858564,s5-eth3,0.00897216796875,99.99102783203125
2025-11-27 18:10:09.859853,s1-eth2,0.009603424072265625,99.99039657592773
2025-11-27 18:10:09.860161,s4-eth2,0.009603424072265625,99.99039657592773
2025-11-27 18:10:09.860264,s5-eth3,0.009603424072265625,99.99039657592773
2025-11-27 18:10:10.861606,s1-eth2,0.008963241577148437,99.99103675842285
2025-11-27 18:10:10.861904,s4-eth2,0.008963241577148437,99.99103675842285
2025-11-27 18:10:10.862015,s5-eth3,0.009603424072265625,99.99039657592773
2025-11-27 18:10:11.863345,s1-eth2,0.008963241577148437,99.99103675842285
2025-11-27 18:10:11.863658,s4-eth2,0.008963241577148437,99.99103675842285
2025-11-27 18:10:11.863761,s5-eth3,0.009603424072265625,99.99039657592773
2025-11-27 18:10:12.865120,s1-eth2,0.010883865356445312,99.98911613464355
2025-11-27 18:10:12.865442,s4-eth2,0.010883865356445312,99.98911613464355
2025-11-27 18:10:12.865548,s5-eth3,0.010243682861328126,99.98975631713867
2025-11-27 18:10:13.866881,s1-eth2,0.008963241577148437,99.99103675842285
2025-11-27 18:10:13.867207,s4-eth2,0.008963241577148437,99.99103675842285
2025-11-27 18:10:13.867312,s5-eth3,0.009603424072265625,99.99039657592773
2025-11-27 18:10:14.868621,s1-eth2,0.009603424072265625,99.99039657592773
2025-11-27 18:10:14.868920,s4-eth2,0.009603424072265625,99.99039657592773
2025-11-27 18:10:14.869024,s5-eth3,0.009603424072265625,99.99039657592773
2025-11-27 18:10:15.870308,s1-eth2,0.008963241577148437,99.99103675842285
2025-11-27 18:10:15.870614,s4-eth2,0.008963241577148437,99.99103675842285
2025-11-27 18:10:15.870717,s5-eth3,0.008963241577148437,99.99103675842285
2025-11-27 18:10:16.872002,s1-eth2,0.008963241577148437,99.99103675842285
2025-11-27 18:10:16.872334,s4-eth2,0.008963241577148437,99.99103675842285
2025-11-27 18:10:16.872446,s5-eth3,0.008963241577148437,99.99103675842285
2025-11-27 18:10:17.873747,s1-eth2,0.008963241577148437,99.99103675842285
2025-11-27 18:10:17.874079,s4-eth2,0.008963241577148437,99.99103675842285
2025-11-27 18:10:17.874191,s5-eth3,0.008963241577148437,99.99103675842285
2025-11-27 18:10:18.875515,s1-eth2,0.009603424072265625,99.99039657592773
2025-11-27 18:10:18.875811,s4-eth2,0.009603424072265625,99.99039657592773
2025-11-27 18:10:18.875914,s5-eth3,0.009603424072265625,99.99039657592773
2025-11-27 18:10:19.877202,s1-eth2,0.008963241577148437,99.99103675842285
2025-11-27 18:10:19.877497,s4-eth2,0.008963241577148437,99.99103675842285
2025-11-27 18:10:19.877600,s5-eth3,0.008963241577148437,99.99103675842285
2025-11-27 18:10:20.878917,s1-eth2,0.008963241577148437,99.99103675842285
2025-11-27 18:10:20.879254,s4-eth2,29.92100715637207,70.07899284362793
2025-11-27 18:10:20.879367,s5-eth3,29.710813522338867,70.28918647766113
2025-11-27 18:10:21.880678,s1-eth2,0.008963241577148437,99.99103675842285
2025-11-27 18:10:21.880990,s4-eth2,39.61952209472656,60.38047790527344
2025-11-27 18:10:21.881102,s5-eth3,39.829715728759766,60.170284271240234
2025-11-27 18:10:22.882421,s1-eth2,0.009603424072265625,99.99039657592773
2025-11-27 18:10:22.882748,s4-eth2,27.44944953918457,72.55055046081543
2025-11-27 18:10:22.882874,s5-eth3,27.558670043945312,72.44132995605469
2025-11-27 18:10:23.884237,s1-eth2,19.686063766479492,80.31393623352051
2025-11-27 18:10:23.884568,s4-eth2,42.047447204589844,57.952552795410156
2025-11-27 18:10:23.884679,s5-eth3,41.93758773803711,58.06241226196289
2025-11-27 18:10:24.886009,s1-eth2,44.67230224609375,55.32769775390625
2025-11-27 18:10:24.886336,s4-eth2,0.008963241577148437,99.99103675842285
2025-11-27 18:10:24.886440,s5-eth3,0.008963241577148437,99.99103675842285
2025-11-27 18:10:25.887801,s1-eth2,0.008963241577148437,99.99103675842285
2025-11-27 18:10:25.888114,s4-eth2,0.008963241577148437,99.99103675842285
2025-11-27 18:10:25.888218,s5-eth3,0.008963241577148437,99.99103675842285
2025-11-27 18:10:26.889592,s1-eth2,36.45687484741211,63.54312515258789
2025-11-27 18:10:26.889927,s4-eth2,31.6879940032959,68.3120059967041
2025-11-27 18:10:26.890042,s5-eth3,0.009603424072265625,99.99039657592773
2025-11-27 18:10:27.891440,s1-eth2,27.902099609375,72.097900390625
2025-11-27 18:10:27.891786,s4-eth2,38.03472137451172,61.96527862548828
2025-11-27 18:10:27.891901,s5-eth3,0.008963241577148437,99.99103675842285
2025-11-27 18:10:28.893233,s1-eth2,0.008963241577148437,99.99103675842285
2025-11-27 18:10:28.893546,s4-eth2,0.008963241577148437,99.99103675842285
2025-11-27 18:10:28.893650,s5-eth3,0.008963241577148437,99.99103675842285
2025-11-27 18:10:29.895026,s1-eth2,0.009603424072265625,99.99039657592773
2025-11-27 18:10:29.895342,s4-eth2,0.009603424072265625,99.99039657592773
2025-11-27 18:10:29.895452,s5-eth3,0.009603424072265625,99.99039657592773
2025-11-27 18:10:30.896767,s1-eth2,0.008963241577148437,99.99103675842285
2025-11-27 18:10:30.897071,s4-eth2,0.008963241577148437,99.99103675842285
2025-11-27 18:10:30.897181,s5-eth3,0.008963241577148437,99.99103675842285
2025-11-27 18:10:31.898473,s1-eth2,0.008963241577148437,99.99103675842285
2025-11-27 18:10:31.898777,s4-eth2,0.008963241577148437,99.99103675842285
2025-11-27 18:10:31.898896,s5-eth3,0.008963241577148437,99.99103675842285
2025-11-27 18:10:32.900227,s1-eth2,0.008963241577148437,99.99103675842285
2025-11-27 18:10:32.900559,s4-eth2,0.008963241577148437,99.99103675842285
2025-11-27 18:10:32.900670,s5-eth3,0.008963241577148437,99.99103675842285
2025-11-27 18:10:33.902047,s1-eth2,43.55828094482422,56.44171905517578
2025-11-27 18:10:33.902405,s4-eth2,37.20063781738281,62.79936218261719
2025-11-27 18:10:33.902523,s5-eth3,0.009603424072265625,99.99039657592773
2025-11-27 18:10:34.903884,s1-eth2,21.47834587097168,78.52165412902832
2025-11-27 18:10:34.904203,s4-eth2,32.51603698730469,67.48396301269531
2025-11-27 18:10:34.904317,s5-eth3,0.008963241577148437,99.99103675842285
2025-11-27 18:10:35.905657,s1-eth2,25.73573875427246,74.26426124572754
2025-11-27 18:10:35.905974,s4-eth2,0.009603424072265625,99.99039657592773
2025-11-27 18:10:35.906078,s5-eth3,0.009603424072265625,99.99039657592773
2025-11-27 18:10:36.907435,s1-eth2,43.9869499206543,56.0130500793457
2025-11-27 18:10:36.907759,s4-eth2,0.008963241577148437,99.99103675842285
2025-11-27 18:10:36.907864,s5-eth3,0.010243682861328126,99.98975631713867
2025-11-27 18:10:37.909192,s1-eth2,0.008963241577148437,99.99103675842285
2025-11-27 18:10:37.909514,s4-eth2,0.008963241577148437,99.99103675842285
2025-11-27 18:10:37.909616,s5-eth3,0.008963241577148437,99.99103675842285
2025-11-27 18:10:38.911098,s1-eth2,0.010243682861328126,99.98975631713867
2025-11-27 18:10:38.911397,s4-eth2,0.010243682861328126,99.98975631713867
2025-11-27 18:10:38.911502,s5-eth3,0.008963241577148437,99.99103675842285
2025-11-27 18:10:39.912807,s1-eth2,0.008963241577148437,99.99103675842285
2025-11-27 18:10:39.913111,s4-eth2,0.008963241577148437,99.99103675842285
2025-11-27 18:10:39.913214,s5-eth3,0.008963241577148437,99.99103675842285
2025-11-27 18:10:40.914515,s1-eth2,0.009603424072265625,99.99039657592773
2025-11-27 18:10:40.914812,s4-eth2,0.009603424072265625,99.99039657592773
2025-11-27 18:10:40.914944,s5-eth3,0.008963241577148437,99.99103675842285
2025-11-27 18:10:41.915574,s1-eth2,25.80457878112793,74.19542121887207
2025-11-27 18:10:41.915694,s4-eth2,0.00897216796875,99.99102783203125
2025-11-27 18:10:41.915736,s5-eth3,0.00897216796875,99.99102783203125
2025-11-27 18:10:42.917014,s1-eth2,45.4532585144043,54.5467414855957
2025-11-27 18:10:42.917335,s4-eth2,0.009603424072265625,99.99039657592773
2025-11-27 18:10:42.917439,s5-eth3,0.009923553466796875,99.99007644653321
2025-11-27 18:10:43.918790,s1-eth2,0.008963241577148437,99.99103675842285
2025-11-27 18:10:43.919135,s4-eth2,0.008963241577148437,99.99103675842285
2025-11-27 18:10:43.919239,s5-eth3,0.009283294677734375,99.99071670532227
2025-11-27 18:10:44.919880,s1-eth2,0.008963241577148437,99.99103675842285
2025-11-27 18:10:44.919997,s4-eth2,0.00897216796875,99.99102783203125
2025-11-27 18:10:44.920040,s5-eth3,73.97438049316406,26.025619506835938
2025-11-27 18:10:45.921297,s1-eth2,0.008963241577148437,99.99103675842285
2025-11-27 18:10:45.921622,s4-eth2,0.008963241577148437,99.99103675842285
2025-11-27 18:10:45.921740,s5-eth3,58.60795974731445,41.39204025268555
2025-11-27 18:10:46.922632,s1-eth2,0.008963241577148437,99.99103675842285
2025-11-27 18:10:46.922978,s4-eth2,0.008963241577148437,99.99103675842285
2025-11-27 18:10:46.923090,s5-eth3,0.008963241577148437,99.99103675842285
2025-11-27 18:10:47.924415,s1-eth2,0.008963241577148437,99.99103675842285
2025-11-27 18:10:47.924746,s4-eth2,0.008963241577148437,99.99103675842285
2025-11-27 18:10:47.924849,s5-eth3,0.008963241577148437,99.99103675842285
2025-11-27 18:10:48.926156,s1-eth2,0.008963241577148437,99.99103675842285
2025-11-27 18:10:48.926450,s4-eth2,0.008963241577148437,99.99103675842285
2025-11-27 18:10:48.926553,s5-eth3,0.008963241577148437,99.99103675842285
2025-11-27 18:10:49.927868,s1-eth2,0.008963241577148437,99.99103675842285
2025-11-27 18:10:49.928166,s4-eth2,0.008963241577148437,99.99103675842285
2025-11-27 18:10:49.928277,s5-eth3,0.008963241577148437,99.99103675842285
2025-11-27 18:10:50.929585,s1-eth2,0.009603424072265625,99.99039657592773
2025-11-27 18:10:50.929881,s4-eth2,0.009603424072265625,99.99039657592773
2025-11-27 18:10:50.929984,s5-eth3,0.009603424072265625,99.99039657592773
2025-11-27 18:10:51.931284,s1-eth2,0.009603424072265625,99.99039657592773
2025-11-27 18:10:51.931580,s4-eth2,0.009603424072265625,99.99039657592773
2025-11-27 18:10:51.931687,s5-eth3,0.008963241577148437,99.99103675842285
2025-11-27 18:10:52.932961,s1-eth2,0.008963241577148437,99.99103675842285
2025-11-27 18:10:52.933265,s4-eth2,0.008963241577148437,99.99103675842285
2025-11-27 18:10:52.933368,s5-eth3,0.008963241577148437,99.99103675842285
2025-11-27 18:10:53.934670,s1-eth2,0.008963241577148437,99.99103675842285
2025-11-27 18:10:53.935003,s4-eth2,0.008963241577148437,99.99103675842285
2025-11-27 18:10:53.935107,s5-eth3,0.008963241577148437,99.99103675842285
2025-11-27 18:10:54.936418,s1-eth2,0.008963241577148437,99.99103675842285
2025-11-27 18:10:54.936740,s4-eth2,0.008963241577148437,99.99103675842285
2025-11-27 18:10:54.936844,s5-eth3,0.008963241577148437,99.99103675842285
2025-11-27 18:10:55.938175,s1-eth2,0.009603424072265625,99.99039657592773
2025-11-27 18:10:55.938499,s4-eth2,0.009603424072265625,99.99039657592773
2025-11-27 18:10:55.938609,s5-eth3,0.009603424072265625,99.99039657592773
2025-11-27 18:10:56.939952,s1-eth2,0.010243682861328126,99.98975631713867
2025-11-27 18:10:56.940282,s4-eth2,0.010243682861328126,99.98975631713867
2025-11-27 18:10:56.940393,s5-eth3,0.009603424072265625,99.99039657592773
2025-11-27 18:10:57.941701,s1-eth2,0.009603424072265625,99.99039657592773
2025-11-27 18:10:57.942000,s4-eth2,0.009603424072265625,99.99039657592773
2025-11-27 18:10:57.942104,s5-eth3,0.009603424072265625,99.99039657592773
2025-11-27 18:10:58.943558,s1-eth2,0.008963241577148437,99.99103675842285
2025-11-27 18:10:58.943984,s4-eth2,0.008963241577148437,99.99103675842285
2025-11-27 18:10:58.944096,s5-eth3,0.008963241577148437,99.99103675842285
2025-11-27 18:10:59.945426,s1-eth2,0.008963241577148437,99.99103675842285
2025-11-27 18:10:59.945753,s4-eth2,0.008963241577148437,99.99103675842285
2025-11-27 18:10:59.945863,s5-eth3,0.008963241577148437,99.99103675842285
2025-11-27 18:11:00.946505,s1-eth2,0.009603424072265625,99.99039657592773
2025-11-27 18:11:00.946630,s4-eth2,0.009613037109375,99.99038696289062
2025-11-27 18:11:00.946668,s5-eth3,0.009613037109375,99.99038696289062
2025-11-27 18:11:01.947935,s1-eth2,0.008963241577148437,99.99103675842285
2025-11-27 18:11:01.948261,s4-eth2,0.008963241577148437,99.99103675842285
2025-11-27 18:11:01.948365,s5-eth3,0.009603424072265625,99.99039657592773
2025-11-27 18:11:02.949679,s1-eth2,0.008963241577148437,99.99103675842285
2025-11-27 18:11:02.949979,s4-eth2,0.008963241577148437,99.99103675842285
2025-11-27 18:11:02.950090,s5-eth3,0.008963241577148437,99.99103675842285
2025-11-27 18:11:03.951466,s1-eth2,0.008963241577148437,99.99103675842285
2025-11-27 18:11:03.951764,s4-eth2,0.008963241577148437,99.99103675842285
2025-11-27 18:11:03.951867,s5-eth3,0.009603424072265625,99.99039657592773
2025-11-27 18:11:04.953191,s1-eth2,0.008963241577148437,99.99103675842285
2025-11-27 18:11:04.953506,s4-eth2,30.812969207763672,69.18703079223633
2025-11-27 18:11:04.953618,s5-eth3,30.646921157836914,69.35307884216309
2025-11-27 18:11:05.954939,s1-eth2,0.008963241577148437,99.99103675842285
2025-11-27 18:11:05.955266,s4-eth2,38.72742462158203,61.27257537841797
2025-11-27 18:11:05.955378,s5-eth3,38.89347457885742,61.10652542114258
2025-11-27 18:11:06.956713,s1-eth2,0.008963241577148437,99.99103675842285
2025-11-27 18:11:06.957009,s4-eth2,0.008963241577148437,99.99103675842285
2025-11-27 18:11:06.957112,s5-eth3,0.008963241577148437,99.99103675842285
2025-11-27 18:11:07.958423,s1-eth2,0.008963241577148437,99.99103675842285
2025-11-27 18:11:07.958728,s4-eth2,0.008963241577148437,99.99103675842285
2025-11-27 18:11:07.958831,s5-eth3,0.008963241577148437,99.99103675842285
2025-11-27 18:11:08.960205,s1-eth2,38.48843002319336,61.51156997680664
2025-11-27 18:11:08.960513,s4-eth2,0.008963241577148437,99.99103675842285
2025-11-27 18:11:08.960615,s5-eth3,0.008963241577148437,99.99103675842285
2025-11-27 18:11:09.961961,s1-eth2,31.23479461669922,68.76520538330078
2025-11-27 18:11:09.962293,s4-eth2,0.009603424072265625,99.99039657592773
2025-11-27 18:11:09.962396,s5-eth3,0.008963241577148437,99.99103675842285
2025-11-27 18:11:10.963776,s1-eth2,0.009603424072265625,99.99039657592773
2025-11-27 18:11:10.964092,s4-eth2,0.009603424072265625,99.99039657592773
2025-11-27 18:11:10.964200,s5-eth3,0.009603424072265625,99.99039657592773
2025-11-27 18:11:11.965574,s1-eth2,0.010243682861328126,99.98975631713867
2025-11-27 18:11:11.965913,s4-eth2,0.010243682861328126,99.98975631713867
2025-11-27 18:11:11.966025,s5-eth3,0.009603424072265625,99.99039657592773
2025-11-27 18:11:12.967416,s1-eth2,0.008963241577148437,99.99103675842285
2025-11-27 18:11:12.967749,s4-eth2,29.71131706237793,70.28868293762207
2025-11-27 18:11:12.967865,s5-eth3,29.81014060974121,70.18985939025879
2025-11-27 18:11:13.969207,s1-eth2,0.008963241577148437,99.99103675842285
2025-11-27 18:11:13.969528,s4-eth2,39.82920455932617,60.17079544067383
2025-11-27 18:11:13.969640,s5-eth3,39.731021881103516,60.268978118896484
2025-11-27 18:11:14.970993,s1-eth2,0.008963241577148437,99.99103675842285
2025-11-27 18:11:14.971291,s4-eth2,0.008963241577148437,99.99103675842285
2025-11-27 18:11:14.971395,s5-eth3,0.008963241577148437,99.99103675842285
2025-11-27 18:11:15.972702,s1-eth2,0.008963241577148437,99.99103675842285
2025-11-27 18:11:15.973007,s4-eth2,0.008963241577148437,99.99103675842285
2025-11-27 18:11:15.973114,s5-eth3,0.008963241577148437,99.99103675842285
2025-11-27 18:11:16.974227,s1-eth2,0.008963241577148437,99.99103675842285
2025-11-27 18:11:16.974486,s4-eth2,0.008963241577148437,99.99103675842285
2025-11-27 18:11:16.974571,s5-eth3,0.008963241577148437,99.99103675842285
2025-11-27 18:11:17.975905,s1-eth2,0.009603424072265625,99.99039657592773
2025-11-27 18:11:17.976237,s4-eth2,0.009603424072265625,99.99039657592773
2025-11-27 18:11:17.976343,s5-eth3,0.009603424072265625,99.99039657592773
2025-11-27 18:11:18.977622,s1-eth2,0.008963241577148437,99.99103675842285
2025-11-27 18:11:18.977934,s4-eth2,0.008963241577148437,99.99103675842285
2025-11-27 18:11:18.978038,s5-eth3,0.008963241577148437,99.99103675842285
2025-11-27 18:11:19.979351,s1-eth2,0.009603424072265625,99.99039657592773
2025-11-27 18:11:19.979656,s4-eth2,0.009603424072265625,99.99039657592773
2025-11-27 18:11:19.979760,s5-eth3,0.008963241577148437,99.99103675842285
2025-11-27 18:11:20.981046,s1-eth2,0.008963241577148437,99.99103675842285
2025-11-27 18:11:20.981344,s4-eth2,0.008963241577148437,99.99103675842285
2025-11-27 18:11:20.981448,s5-eth3,0.009603424072265625,99.99039657592773
2025-11-27 18:11:21.982739,s1-eth2,0.008963241577148437,99.99103675842285
2025-11-27 18:11:21.983049,s4-eth2,0.008963241577148437,99.99103675842285
2025-11-27 18:11:21.983153,s5-eth3,0.008963241577148437,99.99103675842285
2025-11-27 18:11:22.984438,s1-eth2,0.008963241577148437,99.99103675842285
2025-11-27 18:11:22.984757,s4-eth2,0.008963241577148437,99.99103675842285
2025-11-27 18:11:22.984859,s5-eth3,0.008963241577148437,99.99103675842285
2025-11-27 18:11:23.986182,s1-eth2,0.008963241577148437,99.99103675842285
2025-11-27 18:11:23.986496,s4-eth2,37.93057632446289,62.06942367553711
2025-11-27 18:11:23.986610,s5-eth3,0.008963241577148437,99.99103675842285
2025-11-27 18:11:24.987962,s1-eth2,0.008963241577148437,99.99103675842285
2025-11-27 18:11:24.988290,s4-eth2,31.791505813598633,68.20849418640137
2025-11-27 18:11:24.988405,s5-eth3,0.008963241577148437,99.99103675842285
2025-11-27 18:11:25.989037,s1-eth2,0.008963241577148437,99.99103675842285
2025-11-27 18:11:25.989155,s4-eth2,0.00897216796875,99.99102783203125
2025-11-27 18:11:25.989196,s5-eth3,0.01025390625,99.98974609375
2025-11-27 18:11:26.990448,s1-eth2,43.15597152709961,56.84402847290039
2025-11-27 18:11:26.990792,s4-eth2,0.008963241577148437,99.99103675842285
2025-11-27 18:11:26.990929,s5-eth3,0.008963241577148437,99.99103675842285
2025-11-27 18:11:27.992249,s1-eth2,21.203125,78.796875
2025-11-27 18:11:27.992573,s4-eth2,0.009603424072265625,99.99039657592773
2025-11-27 18:11:27.992678,s5-eth3,0.008963241577148437,99.99103675842285
2025-11-27 18:11:28.993971,s1-eth2,0.008963241577148437,99.99103675842285
2025-11-27 18:11:28.994283,s4-eth2,0.008963241577148437,99.99103675842285
2025-11-27 18:11:28.994386,s5-eth3,0.008963241577148437,99.99103675842285
2025-11-27 18:11:29.995704,s1-eth2,0.009603424072265625,99.99039657592773
2025-11-27 18:11:29.995998,s4-eth2,0.009603424072265625,99.99039657592773
2025-11-27 18:11:29.996104,s5-eth3,0.008963241577148437,99.99103675842285
2025-11-27 18:11:30.997446,s1-eth2,0.008963241577148437,99.99103675842285
2025-11-27 18:11:30.997775,s4-eth2,39.42604446411133,60.57395553588867
2025-11-27 18:11:30.997891,s5-eth3,0.008963241577148437,99.99103675842285
2025-11-27 18:11:31.999407,s1-eth2,47.90467071533203,52.09532928466797
2025-11-27 18:11:31.999786,s4-eth2,30.267301559448242,69.73269844055176
2025-11-27 18:11:31.999910,s5-eth3,43.01441955566406,56.98558044433594
2025-11-27 18:11:33.001332,s1-eth2,86.38905334472656,13.610946655273438
2025-11-27 18:11:33.001671,s4-eth2,0.008954238891601563,99.9910457611084
2025-11-27 18:11:33.001785,s5-eth3,21.958478927612305,78.0415210723877
2025-11-27 18:11:34.003208,s1-eth2,0.015700836181640625,99.98429916381836
2025-11-27 18:11:34.003517,s4-eth2,0.009603424072265625,99.99039657592773
2025-11-27 18:11:34.003622,s5-eth3,0.009603424072265625,99.99039657592773
2025-11-27 18:11:35.005004,s1-eth2,0.008963241577148437,99.99103675842285
2025-11-27 18:11:35.005301,s4-eth2,0.008963241577148437,99.99103675842285
2025-11-27 18:11:35.005406,s5-eth3,0.008963241577148437,99.99103675842285
2025-11-27 18:11:36.006785,s1-eth2,0.008963241577148437,99.99103675842285
2025-11-27 18:11:36.007138,s4-eth2,0.008963241577148437,99.99103675842285
2025-11-27 18:11:36.007241,s5-eth3,0.008963241577148437,99.99103675842285
2025-11-27 18:11:37.008611,s1-eth2,0.009603424072265625,99.99039657592773
2025-11-27 18:11:37.008944,s4-eth2,0.009603424072265625,99.99039657592773
2025-11-27 18:11:37.009047,s5-eth3,0.009603424072265625,99.99039657592773
2025-11-27 18:11:38.010454,s1-eth2,0.009603424072265625,99.99039657592773
2025-11-27 18:11:38.010771,s4-eth2,0.009603424072265625,99.99039657592773
2025-11-27 18:11:38.010900,s5-eth3,0.009603424072265625,99.99039657592773
2025-11-27 18:11:39.012294,s1-eth2,0.010243682861328126,99.98975631713867
2025-11-27 18:11:39.012619,s4-eth2,0.010243682861328126,99.98975631713867
2025-11-27 18:11:39.012721,s5-eth3,0.009603424072265625,99.99039657592773
2025-11-27 18:11:40.014136,s1-eth2,0.008963241577148437,99.99103675842285
2025-11-27 18:11:40.014440,s4-eth2,0.008963241577148437,99.99103675842285
2025-11-27 18:11:40.014543,s5-eth3,0.008963241577148437,99.99103675842285
2025-11-27 18:11:41.015949,s1-eth2,0.008963241577148437,99.99103675842285
2025-11-27 18:11:41.016291,s4-eth2,0.008963241577148437,99.99103675842285
2025-11-27 18:11:41.016402,s5-eth3,0.008963241577148437,99.99103675842285
2025-11-27 18:11:42.017839,s1-eth2,0.008963241577148437,99.99103675842285
2025-11-27 18:11:42.018159,s4-eth2,0.008963241577148437,99.99103675842285
2025-11-27 18:11:42.018267,s5-eth3,0.008963241577148437,99.99103675842285
2025-11-27 18:11:43.019659,s1-eth2,0.008963241577148437,99.99103675842285
2025-11-27 18:11:43.019987,s4-eth2,0.008963241577148437,99.99103675842285
2025-11-27 18:11:43.020097,s5-eth3,0.008963241577148437,99.99103675842285
2025-11-27 18:11:44.021501,s1-eth2,0.008963241577148437,99.99103675842285
2025-11-27 18:11:44.021820,s4-eth2,0.008963241577148437,99.99103675842285
2025-11-27 18:11:44.021932,s5-eth3,0.009603424072265625,99.99039657592773
2025-11-27 18:11:45.023356,s1-eth2,0.009603424072265625,99.99039657592773
2025-11-27 18:11:45.023666,s4-eth2,0.009603424072265625,99.99039657592773
2025-11-27 18:11:45.023784,s5-eth3,48.18413162231445,51.81586837768555
2025-11-27 18:11:46.025186,s1-eth2,0.008963241577148437,99.99103675842285
2025-11-27 18:11:46.025511,s4-eth2,0.008963241577148437,99.99103675842285
2025-11-27 18:11:46.025627,s5-eth3,16.85291290283203,83.14708709716797
2025-11-27 18:11:47.027131,s1-eth2,0.008963241577148437,99.99103675842285
2025-11-27 18:11:47.027465,s4-eth2,0.008963241577148437,99.99103675842285
2025-11-27 18:11:47.027570,s5-eth3,0.008963241577148437,99.99103675842285
2025-11-27 18:11:48.028209,s1-eth2,0.008963241577148437,99.99103675842285
2025-11-27 18:11:48.028327,s4-eth2,0.00897216796875,99.99102783203125
2025-11-27 18:11:48.028363,s5-eth3,0.00897216796875,99.99102783203125
2025-11-27 18:11:49.029721,s1-eth2,37.035400390625,62.964599609375
2025-11-27 18:11:49.030065,s4-eth2,0.010243682861328126,99.98975631713867
2025-11-27 18:11:49.030176,s5-eth3,0.008963241577148437,99.99103675842285
2025-11-27 18:11:50.031604,s1-eth2,28.003551483154297,71.9964485168457
2025-11-27 18:11:50.031923,s4-eth2,0.009603424072265625,99.99039657592773
2025-11-27 18:11:50.032027,s5-eth3,0.009603424072265625,99.99039657592773
2025-11-27 18:11:51.033397,s1-eth2,0.008963241577148437,99.99103675842285
2025-11-27 18:11:51.033706,s4-eth2,0.008963241577148437,99.99103675842285
2025-11-27 18:11:51.033811,s5-eth3,0.009603424072265625,99.99039657592773
2025-11-27 18:11:52.035303,s1-eth2,0.008963241577148437,99.99103675842285
2025-11-27 18:11:52.035620,s4-eth2,0.008963241577148437,99.99103675842285
2025-11-27 18:11:52.035725,s5-eth3,0.008963241577148437,99.99103675842285
2025-11-27 18:11:53.037113,s1-eth2,0.008963241577148437,99.99103675842285
2025-11-27 18:11:53.037441,s4-eth2,0.008963241577148437,99.99103675842285
2025-11-27 18:11:53.037546,s5-eth3,0.008963241577148437,99.99103675842285
2025-11-27 18:11:54.038950,s1-eth2,0.009603424072265625,99.99039657592773
2025-11-27 18:11:54.039248,s4-eth2,0.009603424072265625,99.99039657592773
2025-11-27 18:11:54.039350,s5-eth3,0.009603424072265625,99.99039657592773
2025-11-27 18:11:55.040716,s1-eth2,0.009603424072265625,99.99039657592773
2025-11-27 18:11:55.041013,s4-eth2,0.009603424072265625,99.99039657592773
2025-11-27 18:11:55.041125,s5-eth3,0.009603424072265625,99.99039657592773
2025-11-27 18:11:56.042548,s1-eth2,29.903934478759766,70.09606552124023
2025-11-27 18:11:56.042877,s4-eth2,0.008963241577148437,99.99103675842285
2025-11-27 18:11:56.042982,s5-eth3,0.008963241577148437,99.99103675842285
2025-11-27 18:11:57.044496,s1-eth2,80.9172592163086,19.082740783691406
2025-11-27 18:11:57.044809,s4-eth2,0.008963241577148437,99.99103675842285
2025-11-27 18:11:57.044913,s5-eth3,0.008963241577148437,99.99103675842285
2025-11-27 18:11:58.046305,s1-eth2,28.613956451416016,71.38604354858398
2025-11-27 18:11:58.046613,s4-eth2,0.008963241577148437,99.99103675842285
2025-11-27 18:11:58.046716,s5-eth3,0.008963241577148437,99.99103675842285
2025-11-27 18:11:59.047983,s1-eth2,0.008963241577148437,99.99103675842285
2025-11-27 18:11:59.048337,s4-eth2,0.008963241577148437,99.99103675842285
2025-11-27 18:11:59.048450,s5-eth3,0.009603424072265625,99.99039657592773
2025-11-27 18:12:00.049862,s1-eth2,0.009603424072265625,99.99039657592773
2025-11-27 18:12:00.050198,s4-eth2,0.009603424072265625,99.99039657592773
2025-11-27 18:12:00.050302,s5-eth3,0.009603424072265625,99.99039657592773
2025-11-27 18:12:01.051731,s1-eth2,0.008963241577148437,99.99103675842285
2025-11-27 18:12:01.052073,s4-eth2,33.65540313720703,66.34459686279297
2025-11-27 18:12:01.052183,s5-eth3,33.434173583984375,66.56582641601562
2025-11-27 18:12:02.053663,s1-eth2,0.008963241577148437,99.99103675842285
2025-11-27 18:12:02.053996,s4-eth2,35.88558578491211,64.11441421508789
2025-11-27 18:12:02.054105,s5-eth3,36.106815338134766,63.893184661865234
2025-11-27 18:12:03.055399,s1-eth2,0.008963241577148437,99.99103675842285
2025-11-27 18:12:03.055693,s4-eth2,0.008963241577148437,99.99103675842285
2025-11-27 18:12:03.055795,s5-eth3,0.008963241577148437,99.99103675842285
2025-11-27 18:12:04.057211,s1-eth2,0.008963241577148437,99.99103675842285
2025-11-27 18:12:04.057521,s4-eth2,0.008963241577148437,99.99103675842285
2025-11-27 18:12:04.057624,s5-eth3,0.008963241577148437,99.99103675842285
2025-11-27 18:12:05.058978,s1-eth2,0.008963241577148437,99.99103675842285
2025-11-27 18:12:05.059276,s4-eth2,0.008963241577148437,99.99103675842285
2025-11-27 18:12:05.059379,s5-eth3,0.008963241577148437,99.99103675842285
2025-11-27 18:12:06.060691,s1-eth2,0.008963241577148437,99.99103675842285
2025-11-27 18:12:06.060985,s4-eth2,0.008963241577148437,99.99103675842285
2025-11-27 18:12:06.061099,s5-eth3,0.008963241577148437,99.99103675842285
2025-11-27 18:12:07.062604,s1-eth2,0.009603424072265625,99.99039657592773
2025-11-27 18:12:07.062930,s4-eth2,0.009603424072265625,99.99039657592773
2025-11-27 18:12:07.063035,s5-eth3,0.008963241577148437,99.99103675842285
2025-11-27 18:12:08.064378,s1-eth2,0.008963241577148437,99.99103675842285
2025-11-27 18:12:08.064690,s4-eth2,0.008963241577148437,99.99103675842285
2025-11-27 18:12:08.064802,s5-eth3,0.010243682861328126,99.98975631713867
2025-11-27 18:12:09.066171,s1-eth2,0.008963241577148437,99.99103675842285
2025-11-27 18:12:09.066481,s4-eth2,32.5427131652832,67.4572868347168
2025-11-27 18:12:09.066592,s5-eth3,32.641536712646484,67.35846328735352
2025-11-27 18:12:10.067953,s1-eth2,0.008963241577148437,99.99103675842285
2025-11-27 18:12:10.068260,s4-eth2,36.997825622558594,63.002174377441406
2025-11-27 18:12:10.068369,s5-eth3,36.89899826049805,63.10100173950195
2025-11-27 18:12:11.069741,s1-eth2,0.008963241577148437,99.99103675842285
2025-11-27 18:12:11.070037,s4-eth2,0.008963241577148437,99.99103675842285
2025-11-27 18:12:11.070141,s5-eth3,0.008963241577148437,99.99103675842285
2025-11-27 18:12:12.071595,s1-eth2,0.008963241577148437,99.99103675842285
2025-11-27 18:12:12.071901,s4-eth2,0.008963241577148437,99.99103675842285
2025-11-27 18:12:12.072011,s5-eth3,0.008963241577148437,99.99103675842285
2025-11-27 18:12:13.073401,s1-eth2,0.009603424072265625,99.99039657592773
2025-11-27 18:12:13.073721,s4-eth2,0.009603424072265625,99.99039657592773
2025-11-27 18:12:13.073831,s5-eth3,0.009603424072265625,99.99039657592773
2025-11-27 18:12:14.075274,s1-eth2,0.008963241577148437,99.99103675842285
2025-11-27 18:12:14.075589,s4-eth2,0.008963241577148437,99.99103675842285
2025-11-27 18:12:14.075693,s5-eth3,0.008963241577148437,99.99103675842285
2025-11-27 18:12:15.077071,s1-eth2,0.009283294677734375,99.99071670532227
2025-11-27 18:12:15.077400,s4-eth2,0.009283294677734375,99.99071670532227
2025-11-27 18:12:15.077504,s5-eth3,0.009923553466796875,99.99007644653321
2025-11-27 18:12:16.078965,s1-eth2,0.009923553466796875,99.99007644653321
2025-11-27 18:12:16.079300,s4-eth2,0.009923553466796875,99.99007644653321
2025-11-27 18:12:16.079413,s5-eth3,0.009923553466796875,99.99007644653321
2025-11-27 18:12:17.080873,s1-eth2,0.010243682861328126,99.98975631713867
2025-11-27 18:12:17.081207,s4-eth2,0.010243682861328126,99.98975631713867
2025-11-27 18:12:17.081318,s5-eth3,0.008963241577148437,99.99103675842285
2025-11-27 18:12:18.082747,s1-eth2,0.008963241577148437,99.99103675842285
2025-11-27 18:12:18.083089,s4-eth2,41.30878829956055,58.69121170043945
2025-11-27 18:12:18.083203,s5-eth3,0.008963241577148437,99.99103675842285
2025-11-27 18:12:19.084627,s1-eth2,0.008963241577148437,99.99103675842285
2025-11-27 18:12:19.084951,s4-eth2,28.41327667236328,71.58672332763672
2025-11-27 18:12:19.085065,s5-eth3,0.008963241577148437,99.99103675842285
2025-11-27 18:12:20.086515,s1-eth2,0.008963241577148437,99.99103675842285
2025-11-27 18:12:20.086816,s4-eth2,0.008963241577148437,99.99103675842285
2025-11-27 18:12:20.086981,s5-eth3,44.3940544128418,55.6059455871582
2025-11-27 18:12:21.088396,s1-eth2,0.010243682861328126,99.98975631713867
2025-11-27 18:12:21.088697,s4-eth2,0.010243682861328126,99.98975631713867
2025-11-27 18:12:21.088816,s5-eth3,20.644411087036133,79.35558891296387
2025-11-27 18:12:22.090408,s1-eth2,0.009593887329101563,99.9904061126709
2025-11-27 18:12:22.090702,s4-eth2,0.009593887329101563,99.9904061126709
2025-11-27 18:12:22.090807,s5-eth3,0.008963241577148437,99.99103675842285
2025-11-27 18:12:23.092221,s1-eth2,0.008963241577148437,99.99103675842285
2025-11-27 18:12:23.092533,s4-eth2,0.008963241577148437,99.99103675842285
2025-11-27 18:12:23.092637,s5-eth3,0.008963241577148437,99.99103675842285
2025-11-27 18:12:24.094038,s1-eth2,0.008963241577148437,99.99103675842285
2025-11-27 18:12:24.094350,s4-eth2,40.49509048461914,59.50490951538086
2025-11-27 18:12:24.094465,s5-eth3,0.008963241577148437,99.99103675842285
2025-11-27 18:12:25.095879,s1-eth2,0.008963241577148437,99.99103675842285
2025-11-27 18:12:25.096205,s4-eth2,29.22696876525879,70.77303123474121
2025-11-27 18:12:25.096321,s5-eth3,0.009603424072265625,99.99039657592773
2025-11-27 18:12:26.097719,s1-eth2,0.008963241577148437,99.99103675842285
2025-11-27 18:12:26.098035,s4-eth2,0.008963241577148437,99.99103675842285
2025-11-27 18:12:26.098145,s5-eth3,0.008963241577148437,99.99103675842285
2025-11-27 18:12:27.099731,s1-eth2,0.008954238891601563,99.9910457611084
2025-11-27 18:12:27.100055,s4-eth2,0.008954238891601563,99.9910457611084
2025-11-27 18:12:27.100166,s5-eth3,0.008954238891601563,99.9910457611084
2025-11-27 18:12:28.100847,s1-eth2,13.361242294311523,86.63875770568848
2025-11-27 18:12:28.100973,s4-eth2,0.00897216796875,99.99102783203125
2025-11-27 18:12:28.101011,s5-eth3,0.00897216796875,99.99102783203125
2025-11-27 18:12:29.102279,s1-eth2,54.699947357177734,45.300052642822266
2025-11-27 18:12:29.102697,s4-eth2,0.008963241577148437,99.99103675842285
2025-11-27 18:12:29.102808,s5-eth3,0.008963241577148437,99.99103675842285
2025-11-27 18:12:30.104220,s1-eth2,0.014687118530273437,99.98531288146972
2025-11-27 18:12:30.104530,s4-eth2,0.008963241577148437,99.99103675842285
2025-11-27 18:12:30.104634,s5-eth3,0.008963241577148437,99.99103675842285
2025-11-27 18:12:31.106011,s1-eth2,0.008963241577148437,99.99103675842285
2025-11-27 18:12:31.106318,s4-eth2,0.008963241577148437,99.99103675842285
2025-11-27 18:12:31.106420,s5-eth3,0.008963241577148437,99.99103675842285
2025-11-27 18:12:32.108200,s1-eth2,0.008954238891601563,99.9910457611084
2025-11-27 18:12:32.108498,s4-eth2,0.008954238891601563,99.9910457611084
2025-11-27 18:12:32.108602,s5-eth3,0.008954238891601563,99.9910457611084
2025-11-27 18:12:33.109971,s1-eth2,0.008963241577148437,99.99103675842285
2025-11-27 18:12:33.110266,s4-eth2,0.008963241577148437,99.99103675842285
2025-11-27 18:12:33.110368,s5-eth3,0.008963241577148437,99.99103675842285
2025-11-27 18:12:34.111834,s1-eth2,0.008963241577148437,99.99103675842285
2025-11-27 18:12:34.112219,s4-eth2,0.008963241577148437,99.99103675842285
2025-11-27 18:12:34.112323,s5-eth3,0.008963241577148437,99.99103675842285
2025-11-27 18:12:35.112999,s1-eth2,0.008963241577148437,99.99103675842285
2025-11-27 18:12:35.113126,s4-eth2,0.00897216796875,99.99102783203125
2025-11-27 18:12:35.113164,s5-eth3,0.00897216796875,99.99102783203125
2025-11-27 18:12:36.114517,s1-eth2,48.788753509521484,51.211246490478516
2025-11-27 18:12:36.114887,s4-eth2,0.009603424072265625,99.99039657592773
2025-11-27 18:12:36.114995,s5-eth3,0.009603424072265625,99.99039657592773
2025-11-27 18:12:37.116630,s1-eth2,16.111865997314453,83.88813400268555
2025-11-27 18:12:37.116961,s4-eth2,0.008954238891601563,99.9910457611084
2025-11-27 18:12:37.117084,s5-eth3,50.419349670410156,49.580650329589844
2025-11-27 18:12:38.118512,s1-eth2,26.932113647460938,73.06788635253906
2025-11-27 18:12:38.118837,s4-eth2,0.008963241577148437,99.99103675842285
2025-11-27 18:12:38.118971,s5-eth3,14.567311248779298,85.4326887512207
2025-11-27 18:12:39.120380,s1-eth2,37.4267692565918,62.5732307434082
2025-11-27 18:12:39.120713,s4-eth2,0.008963241577148437,99.99103675842285
2025-11-27 18:12:39.120816,s5-eth3,0.008963241577148437,99.99103675842285
2025-11-27 18:12:40.122223,s1-eth2,0.009603424072265625,99.99039657592773
2025-11-27 18:12:40.122541,s4-eth2,0.009603424072265625,99.99039657592773
2025-11-27 18:12:40.122653,s5-eth3,0.008963241577148437,99.99103675842285
2025-11-27 18:12:41.124061,s1-eth2,0.009603424072265625,99.99039657592773
2025-11-27 18:12:41.124387,s4-eth2,0.009603424072265625,99.99039657592773
2025-11-27 18:12:41.124498,s5-eth3,0.009603424072265625,99.99039657592773
2025-11-27 18:12:42.125832,s1-eth2,0.008963241577148437,99.99103675842285
2025-11-27 18:12:42.126195,s4-eth2,0.008963241577148437,99.99103675842285
2025-11-27 18:12:42.126302,s5-eth3,0.008963241577148437,99.99103675842285
2025-11-27 18:12:43.127733,s1-eth2,0.008963241577148437,99.99103675842285
2025-11-27 18:12:43.128039,s4-eth2,0.008963241577148437,99.99103675842285
2025-11-27 18:12:43.128158,s5-eth3,0.008963241577148437,99.99103675842285
2025-11-27 18:12:44.129577,s1-eth2,0.008963241577148437,99.99103675842285
2025-11-27 18:12:44.129882,s4-eth2,0.008963241577148437,99.99103675842285
2025-11-27 18:12:44.129993,s5-eth3,0.009603424072265625,99.99039657592773
2025-11-27 18:12:45.130617,s1-eth2,32.791015625,67.208984375
2025-11-27 18:12:45.130740,s4-eth2,0.00897216796875,99.99102783203125
2025-11-27 18:12:45.130781,s5-eth3,0.00897216796875,99.99102783203125
2025-11-27 18:12:46.132107,s1-eth2,36.930545806884766,63.069454193115234
2025-11-27 18:12:46.132437,s4-eth2,0.009603424072265625,99.99039657592773
2025-11-27 18:12:46.132549,s5-eth3,0.008963241577148437,99.99103675842285
2025-11-27 18:12:47.134178,s1-eth2,0.009593887329101563,99.9904061126709
2025-11-27 18:12:47.134539,s4-eth2,0.009593887329101563,99.9904061126709
2025-11-27 18:12:47.134643,s5-eth3,0.009593887329101563,99.9904061126709
2025-11-27 18:12:48.135340,s1-eth2,0.008963241577148437,99.99103675842285
2025-11-27 18:12:48.135465,s4-eth2,0.00897216796875,99.99102783203125
2025-11-27 18:12:48.135505,s5-eth3,0.009613037109375,99.99038696289062
2025-11-27 18:12:49.136845,s1-eth2,0.008963241577148437,99.99103675842285
2025-11-27 18:12:49.137176,s4-eth2,0.008963241577148437,99.99103675842285
2025-11-27 18:12:49.137279,s5-eth3,0.008963241577148437,99.99103675842285
2025-11-27 18:12:50.138656,s1-eth2,0.008963241577148437,99.99103675842285
2025-11-27 18:12:50.138982,s4-eth2,0.008963241577148437,99.99103675842285
2025-11-27 18:12:50.139087,s5-eth3,0.008963241577148437,99.99103675842285
2025-11-27 18:12:51.140433,s1-eth2,0.008963241577148437,99.99103675842285
2025-11-27 18:12:51.140726,s4-eth2,0.008963241577148437,99.99103675842285
2025-11-27 18:12:51.140840,s5-eth3,0.008963241577148437,99.99103675842285
2025-11-27 18:12:52.142382,s1-eth2,0.008963241577148437,99.99103675842285
2025-11-27 18:12:52.142678,s4-eth2,0.008963241577148437,99.99103675842285
2025-11-27 18:12:52.142781,s5-eth3,0.009603424072265625,99.99039657592773
2025-11-27 18:12:53.144173,s1-eth2,0.010243682861328126,99.98975631713867
2025-11-27 18:12:53.144471,s4-eth2,0.010243682861328126,99.98975631713867
2025-11-27 18:12:53.144576,s5-eth3,0.008963241577148437,99.99103675842285
2025-11-27 18:12:54.145240,s1-eth2,40.269500732421875,59.730499267578125
2025-11-27 18:12:54.145559,s4-eth2,0.009603424072265625,99.99039657592773
2025-11-27 18:12:54.145666,s5-eth3,0.009603424072265625,99.99039657592773
2025-11-27 18:12:55.147042,s1-eth2,24.768301010131836,75.23169898986816
2025-11-27 18:12:55.147356,s4-eth2,0.008963241577148437,99.99103675842285
2025-11-27 18:12:55.147459,s5-eth3,0.008963241577148437,99.99103675842285
2025-11-27 18:12:56.148744,s1-eth2,0.008963241577148437,99.99103675842285
2025-11-27 18:12:56.149110,s4-eth2,0.008963241577148437,99.99103675842285
2025-11-27 18:12:56.149215,s5-eth3,0.008963241577148437,99.99103675842285
2025-11-27 18:12:57.150778,s1-eth2,0.008954238891601563,99.9910457611084
2025-11-27 18:12:57.151104,s4-eth2,0.008963241577148437,99.99103675842285
2025-11-27 18:12:57.151209,s5-eth3,0.009603424072265625,99.99039657592773
2025-11-27 18:12:58.152567,s1-eth2,0.009603424072265625,99.99039657592773
2025-11-27 18:12:58.152877,s4-eth2,0.009603424072265625,99.99039657592773
2025-11-27 18:12:58.152980,s5-eth3,0.008963241577148437,99.99103675842285
2025-11-27 18:12:59.154228,s1-eth2,46.738311767578125,53.261688232421875
2025-11-27 18:12:59.154544,s4-eth2,0.008963241577148437,99.99103675842285
2025-11-27 18:12:59.154651,s5-eth3,0.009603424072265625,99.99039657592773
2025-11-27 18:13:00.156038,s1-eth2,22.98386001586914,77.01613998413086
2025-11-27 18:13:00.156346,s4-eth2,0.008963241577148437,99.99103675842285
2025-11-27 18:13:00.156457,s5-eth3,0.008963241577148437,99.99103675842285
2025-11-27 18:13:01.157914,s1-eth2,0.008963241577148437,99.99103675842285
2025-11-27 18:13:01.158249,s4-eth2,0.008963241577148437,99.99103675842285
2025-11-27 18:13:01.158354,s5-eth3,0.008963241577148437,99.99103675842285
2025-11-27 18:13:02.159987,s1-eth2,0.008954238891601563,99.9910457611084
2025-11-27 18:13:02.160324,s4-eth2,0.008954238891601563,99.9910457611084
2025-11-27 18:13:02.160432,s5-eth3,0.008954238891601563,99.9910457611084
2025-11-27 18:13:03.161833,s1-eth2,0.008963241577148437,99.99103675842285
2025-11-27 18:13:03.162144,s4-eth2,0.008963241577148437,99.99103675842285
2025-11-27 18:13:03.162247,s5-eth3,0.008963241577148437,99.99103675842285
2025-11-27 18:13:04.163114,s1-eth2,0.008963241577148437,99.99103675842285
2025-11-27 18:13:04.163426,s4-eth2,64.74964141845703,35.25035858154297
2025-11-27 18:13:04.163545,s5-eth3,64.63777160644531,35.36222839355469
2025-11-27 18:13:05.164989,s1-eth2,0.009603424072265625,99.99039657592773
2025-11-27 18:13:05.165306,s4-eth2,75.29439544677734,24.705604553222656
2025-11-27 18:13:05.165423,s5-eth3,75.4062728881836,24.593727111816406
2025-11-27 18:13:06.166842,s1-eth2,0.009603424072265625,99.99039657592773
2025-11-27 18:13:06.167200,s4-eth2,46.84981918334961,53.15018081665039
2025-11-27 18:13:06.167317,s5-eth3,0.009603424072265625,99.99039657592773
2025-11-27 18:13:07.168876,s1-eth2,0.009593887329101563,99.9904061126709
2025-11-27 18:13:07.169190,s4-eth2,22.873519897460938,77.12648010253906
2025-11-27 18:13:07.169307,s5-eth3,0.009603424072265625,99.99039657592773
2025-11-27 18:13:08.170651,s1-eth2,0.008963241577148437,99.99103675842285
2025-11-27 18:13:08.170975,s4-eth2,0.008963241577148437,99.99103675842285
2025-11-27 18:13:08.171078,s5-eth3,0.008963241577148437,99.99103675842285
2025-11-27 18:13:09.172434,s1-eth2,0.008963241577148437,99.99103675842285
2025-11-27 18:13:09.172732,s4-eth2,0.008963241577148437,99.99103675842285
2025-11-27 18:13:09.172836,s5-eth3,0.008963241577148437,99.99103675842285
2025-11-27 18:13:10.174205,s1-eth2,0.009603424072265625,99.99039657592773
2025-11-27 18:13:10.174531,s4-eth2,0.009603424072265625,99.99039657592773
2025-11-27 18:13:10.174641,s5-eth3,0.009603424072265625,99.99039657592773
2025-11-27 18:13:11.176034,s1-eth2,0.008963241577148437,99.99103675842285
2025-11-27 18:13:11.176387,s4-eth2,0.008963241577148437,99.99103675842285
2025-11-27 18:13:11.176502,s5-eth3,46.400211334228516,53.599788665771484
2025-11-27 18:13:12.178065,s1-eth2,0.008954238891601563,99.9910457611084
2025-11-27 18:13:12.178362,s4-eth2,0.008963241577148437,99.99103675842285
2025-11-27 18:13:12.178481,s5-eth3,18.636323928833008,81.36367607116699
2025-11-27 18:13:13.179831,s1-eth2,0.009603424072265625,99.99039657592773
2025-11-27 18:13:13.180125,s4-eth2,0.009603424072265625,99.99039657592773
2025-11-27 18:13:13.180228,s5-eth3,0.008963241577148437,99.99103675842285
2025-11-27 18:13:14.181602,s1-eth2,0.008963241577148437,99.99103675842285
2025-11-27 18:13:14.181902,s4-eth2,0.008963241577148437,99.99103675842285
2025-11-27 18:13:14.182006,s5-eth3,0.009603424072265625,99.99039657592773
2025-11-27 18:13:15.183373,s1-eth2,0.009603424072265625,99.99039657592773
2025-11-27 18:13:15.183682,s4-eth2,0.009603424072265625,99.99039657592773
2025-11-27 18:13:15.183786,s5-eth3,0.010243682861328126,99.98975631713867
2025-11-27 18:13:16.185116,s1-eth2,0.008963241577148437,99.99103675842285
2025-11-27 18:13:16.185413,s4-eth2,0.008963241577148437,99.99103675842285
2025-11-27 18:13:16.185518,s5-eth3,0.009603424072265625,99.99039657592773
2025-11-27 18:13:17.186793,s1-eth2,0.008963241577148437,99.99103675842285
2025-11-27 18:13:17.187123,s4-eth2,0.008963241577148437,99.99103675842285
2025-11-27 18:13:17.187226,s5-eth3,0.008963241577148437,99.99103675842285
2025-11-27 18:13:18.188688,s1-eth2,0.008963241577148437,99.99103675842285
2025-11-27 18:13:18.189010,s4-eth2,0.008963241577148437,99.99103675842285
2025-11-27 18:13:18.189122,s5-eth3,0.008963241577148437,99.99103675842285
2025-11-27 18:13:19.190512,s1-eth2,0.008963241577148437,99.99103675842285
2025-11-27 18:13:19.190834,s4-eth2,0.008963241577148437,99.99103675842285
2025-11-27 18:13:19.190981,s5-eth3,0.008963241577148437,99.99103675842285
2025-11-27 18:13:20.192399,s1-eth2,0.009603424072265625,99.99039657592773
2025-11-27 18:13:20.192714,s4-eth2,0.009603424072265625,99.99039657592773
2025-11-27 18:13:20.192817,s5-eth3,0.009603424072265625,99.99039657592773
2025-11-27 18:13:21.194216,s1-eth2,0.008963241577148437,99.99103675842285
2025-11-27 18:13:21.194543,s4-eth2,0.008963241577148437,99.99103675842285
2025-11-27 18:13:21.194648,s5-eth3,0.008963241577148437,99.99103675842285
2025-11-27 18:13:22.196221,s1-eth2,0.008954238891601563,99.9910457611084
2025-11-27 18:13:22.196520,s4-eth2,0.008963241577148437,99.99103675842285
2025-11-27 18:13:22.196622,s5-eth3,0.008963241577148437,99.99103675842285
2025-11-27 18:13:23.197930,s1-eth2,0.008963241577148437,99.99103675842285
2025-11-27 18:13:23.198227,s4-eth2,0.008963241577148437,99.99103675842285
2025-11-27 18:13:23.198329,s5-eth3,0.008963241577148437,99.99103675842285
2025-11-27 18:13:24.199759,s1-eth2,8.20834442138672,91.79165557861327
2025-11-27 18:13:24.200109,s4-eth2,0.008963241577148437,99.99103675842285
2025-11-27 18:13:24.200214,s5-eth3,0.008963241577148437,99.99103675842285
2025-11-27 18:13:25.201636,s1-eth2,60.80078887939453,39.19921112060547
2025-11-27 18:13:25.201966,s4-eth2,0.009603424072265625,99.99039657592773
2025-11-27 18:13:25.202077,s5-eth3,0.008963241577148437,99.99103675842285
2025-11-27 18:13:26.203490,s1-eth2,0.008963241577148437,99.99103675842285
2025-11-27 18:13:26.203806,s4-eth2,0.008963241577148437,99.99103675842285
2025-11-27 18:13:26.203917,s5-eth3,0.008963241577148437,99.99103675842285
2025-11-27 18:13:27.205466,s1-eth2,0.008963241577148437,99.99103675842285
2025-11-27 18:13:27.205784,s4-eth2,0.008963241577148437,99.99103675842285
2025-11-27 18:13:27.205895,s5-eth3,0.008963241577148437,99.99103675842285
2025-11-27 18:13:28.207322,s1-eth2,0.008963241577148437,99.99103675842285
2025-11-27 18:13:28.207667,s4-eth2,0.008963241577148437,99.99103675842285
2025-11-27 18:13:28.207773,s5-eth3,0.008963241577148437,99.99103675842285
2025-11-27 18:13:29.209180,s1-eth2,0.010243682861328126,99.98975631713867
2025-11-27 18:13:29.209505,s4-eth2,0.010243682861328126,99.98975631713867
2025-11-27 18:13:29.209610,s5-eth3,0.009603424072265625,99.99039657592773
2025-11-27 18:13:30.211046,s1-eth2,0.008963241577148437,99.99103675842285
2025-11-27 18:13:30.211376,s4-eth2,43.616451263427734,56.383548736572266
2025-11-27 18:13:30.211490,s5-eth3,0.008963241577148437,99.99103675842285
2025-11-27 18:13:31.212909,s1-eth2,50.404170989990234,49.595829010009766
2025-11-27 18:13:31.213239,s4-eth2,26.106760025024414,73.89323997497559
2025-11-27 18:13:31.213352,s5-eth3,0.008963241577148437,99.99103675842285
2025-11-27 18:13:32.214941,s1-eth2,13.941271820068359,86.05872817993165
2025-11-27 18:13:32.215273,s4-eth2,0.008954238891601563,99.9910457611084
2025-11-27 18:13:32.215377,s5-eth3,0.008954238891601563,99.9910457611084
2025-11-27 18:13:33.216774,s1-eth2,0.010243682861328126,99.98975631713867
2025-11-27 18:13:33.217101,s4-eth2,0.010243682861328126,99.98975631713867
2025-11-27 18:13:33.217204,s5-eth3,0.009603424072265625,99.99039657592773
2025-11-27 18:13:34.218640,s1-eth2,0.008963241577148437,99.99103675842285
2025-11-27 18:13:34.218983,s4-eth2,0.008963241577148437,99.99103675842285
2025-11-27 18:13:34.219097,s5-eth3,0.008963241577148437,99.99103675842285
2025-11-27 18:13:35.220606,s1-eth2,0.008963241577148437,99.99103675842285
2025-11-27 18:13:35.220971,s4-eth2,0.008963241577148437,99.99103675842285
2025-11-27 18:13:35.221084,s5-eth3,0.008963241577148437,99.99103675842285
2025-11-27 18:13:36.222510,s1-eth2,0.008963241577148437,99.99103675842285
2025-11-27 18:13:36.222826,s4-eth2,0.008963241577148437,99.99103675842285
2025-11-27 18:13:36.222965,s5-eth3,0.009603424072265625,99.99039657592773
2025-11-27 18:13:37.224508,s1-eth2,0.008963241577148437,99.99103675842285
2025-11-27 18:13:37.224813,s4-eth2,0.008963241577148437,99.99103675842285
2025-11-27 18:13:37.224936,s5-eth3,56.42247772216797,43.57752227783203
2025-11-27 18:13:38.226336,s1-eth2,0.008963241577148437,99.99103675842285
2025-11-27 18:13:38.226677,s4-eth2,0.008963241577148437,99.99103675842285
2025-11-27 18:13:38.226794,s5-eth3,8.61440948486328,91.38559051513673
2025-11-27 18:13:39.228227,s1-eth2,0.009603424072265625,99.99039657592773
2025-11-27 18:13:39.228554,s4-eth2,0.009603424072265625,99.99039657592773
2025-11-27 18:13:39.228665,s5-eth3,0.009603424072265625,99.99039657592773
2025-11-27 18:13:40.230098,s1-eth2,34.97677230834961,65.02322769165039
2025-11-27 18:13:40.230421,s4-eth2,0.008963241577148437,99.99103675842285
2025-11-27 18:13:40.230526,s5-eth3,0.008963241577148437,99.99103675842285
2025-11-27 18:13:41.231975,s1-eth2,34.746559143066406,65.2534408569336
2025-11-27 18:13:41.232298,s4-eth2,0.009603424072265625,99.99039657592773
2025-11-27 18:13:41.232410,s5-eth3,0.008963241577148437,99.99103675842285
2025-11-27 18:13:42.233937,s1-eth2,0.008963241577148437,99.99103675842285
2025-11-27 18:13:42.234236,s4-eth2,0.008963241577148437,99.99103675842285
2025-11-27 18:13:42.234338,s5-eth3,0.008963241577148437,99.99103675842285
2025-11-27 18:13:43.235004,s1-eth2,52.19795608520508,47.80204391479492
2025-11-27 18:13:43.235133,s4-eth2,0.00897216796875,99.99102783203125
2025-11-27 18:13:43.235175,s5-eth3,0.00897216796875,99.99102783203125
2025-11-27 18:13:44.236487,s1-eth2,12.838571548461914,87.16142845153809
2025-11-27 18:13:44.236816,s4-eth2,0.008963241577148437,99.99103675842285
2025-11-27 18:13:44.236927,s5-eth3,0.008963241577148437,99.99103675842285
2025-11-27 18:13:45.238352,s1-eth2,42.554447174072266,57.445552825927734
2025-11-27 18:13:45.238675,s4-eth2,0.008963241577148437,99.99103675842285
2025-11-27 18:13:45.238790,s5-eth3,0.010883865356445312,99.98911613464355
2025-11-27 18:13:46.240228,s1-eth2,22.481958389282227,77.51804161071777
2025-11-27 18:13:46.240563,s4-eth2,0.008963241577148437,99.99103675842285
2025-11-27 18:13:46.240667,s5-eth3,0.008963241577148437,99.99103675842285
2025-11-27 18:13:47.242237,s1-eth2,0.008954238891601563,99.9910457611084
2025-11-27 18:13:47.242563,s4-eth2,0.008954238891601563,99.9910457611084
2025-11-27 18:13:47.242667,s5-eth3,0.009593887329101563,99.9904061126709
2025-11-27 18:13:48.244007,s1-eth2,0.008963241577148437,99.99103675842285
2025-11-27 18:13:48.244335,s4-eth2,0.008963241577148437,99.99103675842285
2025-11-27 18:13:48.244439,s5-eth3,0.008963241577148437,99.99103675842285
2025-11-27 18:13:49.245755,s1-eth2,0.008963241577148437,99.99103675842285
2025-11-27 18:13:49.246077,s4-eth2,0.008963241577148437,99.99103675842285
2025-11-27 18:13:49.246180,s5-eth3,0.008963241577148437,99.99103675842285
2025-11-27 18:13:50.247572,s1-eth2,49.4362678527832,50.5637321472168
2025-11-27 18:13:50.247888,s4-eth2,0.008963241577148437,99.99103675842285
2025-11-27 18:13:50.248000,s5-eth3,0.008963241577148437,99.99103675842285
2025-11-27 18:13:51.249300,s1-eth2,20.285676956176758,79.71432304382324
2025-11-27 18:13:51.249608,s4-eth2,0.008963241577148437,99.99103675842285
2025-11-27 18:13:51.249711,s5-eth3,0.008963241577148437,99.99103675842285
2025-11-27 18:13:52.251158,s1-eth2,0.009603424072265625,99.99039657592773
2025-11-27 18:13:52.251473,s4-eth2,0.009603424072265625,99.99039657592773
2025-11-27 18:13:52.251577,s5-eth3,0.009603424072265625,99.99039657592773
2025-11-27 18:13:53.252867,s1-eth2,0.010243682861328126,99.98975631713867
2025-11-27 18:13:53.253163,s4-eth2,0.010243682861328126,99.98975631713867
2025-11-27 18:13:53.253267,s5-eth3,0.010243682861328126,99.98975631713867
2025-11-27 18:13:54.254561,s1-eth2,0.008963241577148437,99.99103675842285
2025-11-27 18:13:54.254899,s4-eth2,0.008963241577148437,99.99103675842285
2025-11-27 18:13:54.255004,s5-eth3,0.008963241577148437,99.99103675842285
2025-11-27 18:13:55.256327,s1-eth2,0.008963241577148437,99.99103675842285
2025-11-27 18:13:55.256649,s4-eth2,0.008963241577148437,99.99103675842285
2025-11-27 18:13:55.256754,s5-eth3,0.008963241577148437,99.99103675842285
2025-11-27 18:13:56.258056,s1-eth2,0.008963241577148437,99.99103675842285
2025-11-27 18:13:56.258380,s4-eth2,0.008963241577148437,99.99103675842285
2025-11-27 18:13:56.258485,s5-eth3,0.008963241577148437,99.99103675842285
2025-11-27 18:13:57.259952,s1-eth2,0.008963241577148437,99.99103675842285
2025-11-27 18:13:57.260249,s4-eth2,0.008963241577148437,99.99103675842285
2025-11-27 18:13:57.260353,s5-eth3,0.009603424072265625,99.99039657592773
2025-11-27 18:13:58.261632,s1-eth2,0.009603424072265625,99.99039657592773
2025-11-27 18:13:58.261928,s4-eth2,0.009603424072265625,99.99039657592773
2025-11-27 18:13:58.262029,s5-eth3,0.009603424072265625,99.99039657592773
2025-11-27 18:13:59.263387,s1-eth2,0.008963241577148437,99.99103675842285
2025-11-27 18:13:59.263702,s4-eth2,0.008963241577148437,99.99103675842285
2025-11-27 18:13:59.263805,s5-eth3,0.008963241577148437,99.99103675842285
2025-11-27 18:14:00.265115,s1-eth2,0.009603424072265625,99.99039657592773
2025-11-27 18:14:00.265429,s4-eth2,0.009603424072265625,99.99039657592773
2025-11-27 18:14:00.265532,s5-eth3,0.009603424072265625,99.99039657592773
2025-11-27 18:14:01.266795,s1-eth2,0.008963241577148437,99.99103675842285
2025-11-27 18:14:01.267123,s4-eth2,0.008963241577148437,99.99103675842285
2025-11-27 18:14:01.267227,s5-eth3,0.008963241577148437,99.99103675842285
2025-11-27 18:14:02.268745,s1-eth2,0.008963241577148437,99.99103675842285
2025-11-27 18:14:02.269057,s4-eth2,0.008963241577148437,99.99103675842285
2025-11-27 18:14:02.269167,s5-eth3,0.008963241577148437,99.99103675842285
2025-11-27 18:14:03.270460,s1-eth2,0.008963241577148437,99.99103675842285
2025-11-27 18:14:03.270772,s4-eth2,0.008963241577148437,99.99103675842285
2025-11-27 18:14:03.270916,s5-eth3,0.008963241577148437,99.99103675842285
2025-11-27 18:14:04.272303,s1-eth2,0.010243682861328126,99.98975631713867
2025-11-27 18:14:04.272613,s4-eth2,48.857120513916016,51.142879486083984
2025-11-27 18:14:04.272730,s5-eth3,0.009603424072265625,99.99039657592773
2025-11-27 18:14:05.274041,s1-eth2,0.008963241577148437,99.99103675842285
2025-11-27 18:14:05.274358,s4-eth2,20.8660888671875,79.1339111328125
2025-11-27 18:14:05.274471,s5-eth3,0.008963241577148437,99.99103675842285
2025-11-27 18:14:06.275836,s1-eth2,0.009603424072265625,99.99039657592773
2025-11-27 18:14:06.276143,s4-eth2,0.009603424072265625,99.99039657592773
2025-11-27 18:14:06.276248,s5-eth3,0.008963241577148437,99.99103675842285
2025-11-27 18:14:07.277721,s1-eth2,0.008963241577148437,99.99103675842285
2025-11-27 18:14:07.278033,s4-eth2,0.008963241577148437,99.99103675842285
2025-11-27 18:14:07.278137,s5-eth3,0.008963241577148437,99.99103675842285
2025-11-27 18:14:08.279476,s1-eth2,0.010243682861328126,99.98975631713867
2025-11-27 18:14:08.279795,s4-eth2,0.010243682861328126,99.98975631713867
2025-11-27 18:14:08.279907,s5-eth3,0.008963241577148437,99.99103675842285
2025-11-27 18:14:09.281219,s1-eth2,0.008963241577148437,99.99103675842285
2025-11-27 18:14:09.281548,s4-eth2,0.008963241577148437,99.99103675842285
2025-11-27 18:14:09.281659,s5-eth3,0.008963241577148437,99.99103675842285
2025-11-27 18:14:10.282950,s1-eth2,0.008963241577148437,99.99103675842285
2025-11-27 18:14:10.283247,s4-eth2,0.008963241577148437,99.99103675842285
2025-11-27 18:14:10.283349,s5-eth3,0.008963241577148437,99.99103675842285
2025-11-27 18:14:11.284626,s1-eth2,0.008963241577148437,99.99103675842285
2025-11-27 18:14:11.284921,s4-eth2,0.008963241577148437,99.99103675842285
2025-11-27 18:14:11.285025,s5-eth3,0.008963241577148437,99.99103675842285
2025-11-27 18:14:12.286456,s1-eth2,0.010243682861328126,99.98975631713867
2025-11-27 18:14:12.286770,s4-eth2,0.010243682861328126,99.98975631713867
2025-11-27 18:14:12.286890,s5-eth3,0.009603424072265625,99.99039657592773
2025-11-27 18:14:13.288259,s1-eth2,0.008963241577148437,99.99103675842285
2025-11-27 18:14:13.288583,s4-eth2,65.99687194824219,34.00312805175781
2025-11-27 18:14:13.288693,s5-eth3,65.92964935302734,34.070350646972656
2025-11-27 18:14:14.290151,s1-eth2,0.008963241577148437,99.99103675842285
2025-11-27 18:14:14.290478,s4-eth2,73.4090347290039,26.590965270996094
2025-11-27 18:14:14.290602,s5-eth3,73.47689819335938,26.523101806640625
2025-11-27 18:14:15.292000,s1-eth2,0.008963241577148437,99.99103675842285
2025-11-27 18:14:15.292300,s4-eth2,0.008963241577148437,99.99103675842285
2025-11-27 18:14:15.292403,s5-eth3,0.008963241577148437,99.99103675842285
2025-11-27 18:14:16.293828,s1-eth2,0.008963241577148437,99.99103675842285
2025-11-27 18:14:16.294147,s4-eth2,0.008963241577148437,99.99103675842285
2025-11-27 18:14:16.294282,s5-eth3,50.19193649291992,49.80806350708008
2025-11-27 18:14:17.295858,s1-eth2,0.008954238891601563,99.9910457611084
2025-11-27 18:14:17.296164,s4-eth2,0.008954238891601563,99.9910457611084
2025-11-27 18:14:17.296287,s5-eth3,14.830401458740234,85.16959854125977
2025-11-27 18:14:18.297630,s1-eth2,0.008963241577148437,99.99103675842285
2025-11-27 18:14:18.297966,s4-eth2,0.008963241577148437,99.99103675842285
2025-11-27 18:14:18.298097,s5-eth3,0.008963241577148437,99.99103675842285
2025-11-27 18:14:19.299583,s1-eth2,0.008963241577148437,99.99103675842285
2025-11-27 18:14:19.299903,s4-eth2,0.008963241577148437,99.99103675842285
2025-11-27 18:14:19.300013,s5-eth3,0.008963241577148437,99.99103675842285
2025-11-27 18:14:20.301344,s1-eth2,0.008963241577148437,99.99103675842285
2025-11-27 18:14:20.301648,s4-eth2,0.008963241577148437,99.99103675842285
2025-11-27 18:14:20.301752,s5-eth3,0.009603424072265625,99.99039657592773
2025-11-27 18:14:21.303129,s1-eth2,0.008963241577148437,99.99103675842285
2025-11-27 18:14:21.303430,s4-eth2,0.008963241577148437,99.99103675842285
2025-11-27 18:14:21.303535,s5-eth3,0.008963241577148437,99.99103675842285
2025-11-27 18:14:22.305044,s1-eth2,0.008963241577148437,99.99103675842285
2025-11-27 18:14:22.305353,s4-eth2,0.008963241577148437,99.99103675842285
2025-11-27 18:14:22.305457,s5-eth3,0.008963241577148437,99.99103675842285
2025-11-27 18:14:23.306084,s1-eth2,0.008963241577148437,99.99103675842285
2025-11-27 18:14:23.306200,s4-eth2,46.505340576171875,53.494659423828125
2025-11-27 18:14:23.306243,s5-eth3,0.00897216796875,99.99102783203125
2025-11-27 18:14:24.307563,s1-eth2,32.50661849975586,67.49338150024414
2025-11-27 18:14:24.307954,s4-eth2,23.263837814331055,76.73616218566895
2025-11-27 18:14:24.308070,s5-eth3,0.008963241577148437,99.99103675842285
2025-11-27 18:14:25.309449,s1-eth2,68.938232421875,31.061767578125
2025-11-27 18:14:25.309781,s4-eth2,0.008963241577148437,99.99103675842285
2025-11-27 18:14:25.309893,s5-eth3,0.008963241577148437,99.99103675842285
2025-11-27 18:14:26.310530,s1-eth2,32.62807083129883,67.37192916870117
2025-11-27 18:14:26.310657,s4-eth2,0.01025390625,99.98974609375
2025-11-27 18:14:26.310698,s5-eth3,0.01025390625,99.98974609375
2025-11-27 18:14:27.312173,s1-eth2,0.008963241577148437,99.99103675842285
2025-11-27 18:14:27.312473,s4-eth2,0.008963241577148437,99.99103675842285
2025-11-27 18:14:27.312577,s5-eth3,0.008963241577148437,99.99103675842285
2025-11-27 18:14:28.314010,s1-eth2,53.38041305541992,46.61958694458008
2025-11-27 18:14:28.314408,s4-eth2,0.008963241577148437,99.99103675842285
2025-11-27 18:14:28.314515,s5-eth3,0.008963241577148437,99.99103675842285
2025-11-27 18:14:29.315913,s1-eth2,13.061264953613282,86.93873504638671
2025-11-27 18:14:29.316240,s4-eth2,0.008963241577148437,99.99103675842285
2025-11-27 18:14:29.316346,s5-eth3,0.008963241577148437,99.99103675842285
2025-11-27 18:14:30.317685,s1-eth2,0.008963241577148437,99.99103675842285
2025-11-27 18:14:30.317998,s4-eth2,0.008963241577148437,99.99103675842285
2025-11-27 18:14:30.318103,s5-eth3,0.008963241577148437,99.99103675842285
2025-11-27 18:14:31.319483,s1-eth2,0.008963241577148437,99.99103675842285
2025-11-27 18:14:31.319787,s4-eth2,0.008963241577148437,99.99103675842285
2025-11-27 18:14:31.319890,s5-eth3,0.008963241577148437,99.99103675842285
2025-11-27 18:14:32.321335,s1-eth2,0.009603424072265625,99.99039657592773
2025-11-27 18:14:32.321660,s4-eth2,0.009603424072265625,99.99039657592773
2025-11-27 18:14:32.321772,s5-eth3,0.010243682861328126,99.98975631713867
2025-11-27 18:14:33.323166,s1-eth2,0.008963241577148437,99.99103675842285
2025-11-27 18:14:33.323503,s4-eth2,0.008963241577148437,99.99103675842285
2025-11-27 18:14:33.323608,s5-eth3,0.008963241577148437,99.99103675842285
2025-11-27 18:14:34.324939,s1-eth2,0.008963241577148437,99.99103675842285
2025-11-27 18:14:34.325236,s4-eth2,0.008963241577148437,99.99103675842285
2025-11-27 18:14:34.325339,s5-eth3,0.008963241577148437,99.99103675842285
2025-11-27 18:14:35.326049,s1-eth2,0.008963241577148437,99.99103675842285
2025-11-27 18:14:35.326176,s4-eth2,0.00897216796875,99.99102783203125
2025-11-27 18:14:35.326218,s5-eth3,0.00897216796875,99.99102783203125
2025-11-27 18:14:36.327511,s1-eth2,0.008963241577148437,99.99103675842285
2025-11-27 18:14:36.327847,s4-eth2,0.008963241577148437,99.99103675842285
2025-11-27 18:14:36.327959,s5-eth3,0.008963241577148437,99.99103675842285
2025-11-27 18:14:37.328586,s1-eth2,54.48418426513672,45.51581573486328
2025-11-27 18:14:37.328699,s4-eth2,0.009613037109375,99.99038696289062
2025-11-27 18:14:37.328735,s5-eth3,0.009613037109375,99.99038696289062
2025-11-27 18:14:38.329987,s1-eth2,10.552985229492187,89.44701477050782
2025-11-27 18:14:38.330314,s4-eth2,0.008963241577148437,99.99103675842285
2025-11-27 18:14:38.330418,s5-eth3,0.009603424072265625,99.99039657592773
2025-11-27 18:14:39.331107,s1-eth2,0.009603424072265625,99.99039657592773
2025-11-27 18:14:39.331408,s4-eth2,0.009603424072265625,99.99039657592773
2025-11-27 18:14:39.331529,s5-eth3,58.418739318847656,41.581260681152344
2025-11-27 18:14:40.332858,s1-eth2,0.008963241577148437,99.99103675842285
2025-11-27 18:14:40.333154,s4-eth2,0.008963241577148437,99.99103675842285
2025-11-27 18:14:40.333278,s5-eth3,6.618435363769532,93.38156463623046
2025-11-27 18:14:41.334625,s1-eth2,0.008963241577148437,99.99103675842285
2025-11-27 18:14:41.334951,s4-eth2,0.008963241577148437,99.99103675842285
2025-11-27 18:14:41.335056,s5-eth3,0.008963241577148437,99.99103675842285
2025-11-27 18:14:42.335684,s1-eth2,0.009603424072265625,99.99039657592773
2025-11-27 18:14:42.335797,s4-eth2,0.009613037109375,99.99038696289062
2025-11-27 18:14:42.335836,s5-eth3,0.01025390625,99.98974609375
2025-11-27 18:14:43.337085,s1-eth2,0.010243682861328126,99.98975631713867
2025-11-27 18:14:43.337418,s4-eth2,0.010243682861328126,99.98975631713867
2025-11-27 18:14:43.337522,s5-eth3,0.008963241577148437,99.99103675842285
2025-11-27 18:14:44.338828,s1-eth2,0.008963241577148437,99.99103675842285
2025-11-27 18:14:44.339175,s4-eth2,0.008963241577148437,99.99103675842285
2025-11-27 18:14:44.339279,s5-eth3,0.009603424072265625,99.99039657592773
2025-11-27 18:14:45.340631,s1-eth2,0.010883865356445312,99.98911613464355
2025-11-27 18:14:45.340938,s4-eth2,0.010883865356445312,99.98911613464355
2025-11-27 18:14:45.341042,s5-eth3,0.008963241577148437,99.99103675842285
2025-11-27 18:14:46.342329,s1-eth2,0.008963241577148437,99.99103675842285
2025-11-27 18:14:46.342626,s4-eth2,0.008963241577148437,99.99103675842285
2025-11-27 18:14:46.342729,s5-eth3,0.008963241577148437,99.99103675842285
2025-11-27 18:14:47.343416,s1-eth2,0.009603424072265625,99.99039657592773
2025-11-27 18:14:47.343623,s4-eth2,0.009613037109375,99.99038696289062
2025-11-27 18:14:47.343734,s5-eth3,0.010243682861328126,99.98975631713867
2025-11-27 18:14:48.345065,s1-eth2,45.396881103515625,54.603118896484375
2025-11-27 18:14:48.345382,s4-eth2,0.008963241577148437,99.99103675842285
2025-11-27 18:14:48.345486,s5-eth3,0.008963241577148437,99.99103675842285
2025-11-27 18:14:49.346887,s1-eth2,19.639631271362305,80.3603687286377
2025-11-27 18:14:49.347271,s4-eth2,0.008963241577148437,99.99103675842285
2025-11-27 18:14:49.347376,s5-eth3,0.008963241577148437,99.99103675842285
2025-11-27 18:14:50.348714,s1-eth2,0.008963241577148437,99.99103675842285
2025-11-27 18:14:50.349055,s4-eth2,0.008963241577148437,99.99103675842285
2025-11-27 18:14:50.349165,s5-eth3,0.008963241577148437,99.99103675842285
2025-11-27 18:14:51.350481,s1-eth2,0.008963241577148437,99.99103675842285
2025-11-27 18:14:51.350794,s4-eth2,0.008963241577148437,99.99103675842285
2025-11-27 18:14:51.350929,s5-eth3,0.008963241577148437,99.99103675842285
2025-11-27 18:14:52.352409,s1-eth2,0.008963241577148437,99.99103675842285
2025-11-27 18:14:52.352706,s4-eth2,0.008963241577148437,99.99103675842285
2025-11-27 18:14:52.352809,s5-eth3,0.008963241577148437,99.99103675842285
2025-11-27 18:14:53.354136,s1-eth2,0.009603424072265625,99.99039657592773
2025-11-27 18:14:53.354475,s4-eth2,52.368133544921875,47.631866455078125
2025-11-27 18:14:53.354597,s5-eth3,0.009603424072265625,99.99039657592773
2025-11-27 18:14:54.355928,s1-eth2,0.008963241577148437,99.99103675842285
2025-11-27 18:14:54.356268,s4-eth2,17.354450225830078,82.64554977416992
2025-11-27 18:14:54.356384,s5-eth3,0.008963241577148437,99.99103675842285
2025-11-27 18:14:55.357670,s1-eth2,0.008963241577148437,99.99103675842285
2025-11-27 18:14:55.357987,s4-eth2,0.008963241577148437,99.99103675842285
2025-11-27 18:14:55.358089,s5-eth3,0.008963241577148437,99.99103675842285
2025-11-27 18:14:56.359386,s1-eth2,0.008963241577148437,99.99103675842285
2025-11-27 18:14:56.359698,s4-eth2,0.008963241577148437,99.99103675842285
2025-11-27 18:14:56.359801,s5-eth3,0.008963241577148437,99.99103675842285
2025-11-27 18:14:57.360374,s1-eth2,51.80570983886719,48.19429016113281
2025-11-27 18:14:57.360472,s4-eth2,45.88920593261719,54.11079406738281
2025-11-27 18:14:57.360506,s5-eth3,45.667755126953125,54.332244873046875
2025-11-27 18:14:58.361735,s1-eth2,17.96759796142578,82.03240203857422
2025-11-27 18:14:58.362066,s4-eth2,24.268152236938477,75.73184776306152
2025-11-27 18:14:58.362176,s5-eth3,24.489381790161133,75.51061820983887
2025-11-27 18:14:59.363562,s1-eth2,0.009603424072265625,99.99039657592773
2025-11-27 18:14:59.363875,s4-eth2,0.009603424072265625,99.99039657592773
2025-11-27 18:14:59.363978,s5-eth3,0.009603424072265625,99.99039657592773
2025-11-27 18:15:00.365301,s1-eth2,0.008963241577148437,99.99103675842285
2025-11-27 18:15:00.365631,s4-eth2,0.008963241577148437,99.99103675842285
2025-11-27 18:15:00.365736,s5-eth3,0.008963241577148437,99.99103675842285
2025-11-27 18:15:01.367091,s1-eth2,0.008963241577148437,99.99103675842285
2025-11-27 18:15:01.367387,s4-eth2,0.008963241577148437,99.99103675842285
2025-11-27 18:15:01.367489,s5-eth3,0.008963241577148437,99.99103675842285
2025-11-27 18:15:02.368833,s1-eth2,0.008963241577148437,99.99103675842285
2025-11-27 18:15:02.369136,s4-eth2,0.008963241577148437,99.99103675842285
2025-11-27 18:15:02.369239,s5-eth3,0.008963241577148437,99.99103675842285
2025-11-27 18:15:03.370543,s1-eth2,0.008963241577148437,99.99103675842285
2025-11-27 18:15:03.370839,s4-eth2,0.008963241577148437,99.99103675842285
2025-11-27 18:15:03.370978,s5-eth3,0.008963241577148437,99.99103675842285
2025-11-27 18:15:04.372281,s1-eth2,0.008963241577148437,99.99103675842285
2025-11-27 18:15:04.372578,s4-eth2,0.008963241577148437,99.99103675842285
2025-11-27 18:15:04.372692,s5-eth3,0.009603424072265625,99.99039657592773
2025-11-27 18:15:05.374013,s1-eth2,0.008963241577148437,99.99103675842285
2025-11-27 18:15:05.374320,s4-eth2,0.008963241577148437,99.99103675842285
2025-11-27 18:15:05.374430,s5-eth3,0.008963241577148437,99.99103675842285
2025-11-27 18:15:06.375770,s1-eth2,0.008963241577148437,99.99103675842285
2025-11-27 18:15:06.376070,s4-eth2,0.008963241577148437,99.99103675842285
2025-11-27 18:15:06.376177,s5-eth3,0.008963241577148437,99.99103675842285
2025-11-27 18:15:07.377623,s1-eth2,0.008963241577148437,99.99103675842285
2025-11-27 18:15:07.377919,s4-eth2,0.008963241577148437,99.99103675842285
2025-11-27 18:15:07.378021,s5-eth3,0.008963241577148437,99.99103675842285
2025-11-27 18:15:08.379344,s1-eth2,0.008963241577148437,99.99103675842285
2025-11-27 18:15:08.379641,s4-eth2,0.008963241577148437,99.99103675842285
2025-11-27 18:15:08.379744,s5-eth3,0.008963241577148437,99.99103675842285
2025-11-27 18:15:09.381064,s1-eth2,0.008963241577148437,99.99103675842285
2025-11-27 18:15:09.381395,s4-eth2,0.008963241577148437,99.99103675842285
2025-11-27 18:15:09.381506,s5-eth3,0.008963241577148437,99.99103675842285
2025-11-27 18:15:10.382876,s1-eth2,0.008963241577148437,99.99103675842285
2025-11-27 18:15:10.383203,s4-eth2,0.008963241577148437,99.99103675842285
2025-11-27 18:15:10.383315,s5-eth3,0.008963241577148437,99.99103675842285
2025-11-27 18:15:11.384665,s1-eth2,0.009603424072265625,99.99039657592773
2025-11-27 18:15:11.384985,s4-eth2,0.009603424072265625,99.99039657592773
2025-11-27 18:15:11.385090,s5-eth3,0.010243682861328126,99.98975631713867
2025-11-27 18:15:12.386589,s1-eth2,0.008963241577148437,99.99103675842285
2025-11-27 18:15:12.386899,s4-eth2,0.008963241577148437,99.99103675842285
2025-11-27 18:15:12.387004,s5-eth3,0.008963241577148437,99.99103675842285
2025-11-27 18:15:13.388311,s1-eth2,0.009603424072265625,99.99039657592773
2025-11-27 18:15:13.388613,s4-eth2,0.009603424072265625,99.99039657592773
2025-11-27 18:15:13.388717,s5-eth3,0.008963241577148437,99.99103675842285
2025-11-27 18:15:14.389347,s1-eth2,0.009603424072265625,99.99039657592773
2025-11-27 18:15:14.389462,s4-eth2,0.009613037109375,99.99038696289062
2025-11-27 18:15:14.389501,s5-eth3,0.009613037109375,99.99038696289062
2025-11-27 18:15:15.390744,s1-eth2,0.008963241577148437,99.99103675842285
2025-11-27 18:15:15.391107,s4-eth2,0.008963241577148437,99.99103675842285
2025-11-27 18:15:15.391211,s5-eth3,0.008963241577148437,99.99103675842285
2025-11-27 18:15:16.391784,s1-eth2,0.008963241577148437,99.99103675842285
2025-11-27 18:15:16.391887,s4-eth2,0.00897216796875,99.99102783203125
2025-11-27 18:15:16.391921,s5-eth3,0.00897216796875,99.99102783203125
2025-11-27 18:15:17.393336,s1-eth2,0.008963241577148437,99.99103675842285
2025-11-27 18:15:17.393632,s4-eth2,0.008963241577148437,99.99103675842285
2025-11-27 18:15:17.393735,s5-eth3,0.009603424072265625,99.99039657592773
2025-11-27 18:15:18.395052,s1-eth2,0.008963241577148437,99.99103675842285
2025-11-27 18:15:18.395351,s4-eth2,0.008963241577148437,99.99103675842285
2025-11-27 18:15:18.395455,s5-eth3,0.008963241577148437,99.99103675842285
2025-11-27 18:15:19.396780,s1-eth2,0.009603424072265625,99.99039657592773
2025-11-27 18:15:19.397116,s4-eth2,0.009603424072265625,99.99039657592773
2025-11-27 18:15:19.397237,s5-eth3,0.010243682861328126,99.98975631713867
2025-11-27 18:15:20.398562,s1-eth2,0.010243682861328126,99.98975631713867
2025-11-27 18:15:20.398956,s4-eth2,42.1870002746582,57.8129997253418
2025-11-27 18:15:20.399077,s5-eth3,42.296722412109375,57.703277587890625
2025-11-27 18:15:21.400450,s1-eth2,51.36213684082031,48.63786315917969
2025-11-27 18:15:21.400794,s4-eth2,27.35544204711914,72.64455795288086
2025-11-27 18:15:21.400905,s5-eth3,27.24443817138672,72.75556182861328
2025-11-27 18:15:22.402259,s1-eth2,86.06477355957031,13.935226440429688
2025-11-27 18:15:22.402592,s4-eth2,0.010243682861328126,99.98975631713867
2025-11-27 18:15:22.402697,s5-eth3,0.009603424072265625,99.99039657592773
2025-11-27 18:15:23.403990,s1-eth2,0.00946624755859375,99.99053375244141
2025-11-27 18:15:23.404301,s4-eth2,0.008963241577148437,99.99103675842285
2025-11-27 18:15:23.404404,s5-eth3,0.008963241577148437,99.99103675842285
2025-11-27 18:15:24.405752,s1-eth2,0.008963241577148437,99.99103675842285
2025-11-27 18:15:24.406068,s4-eth2,0.008963241577148437,99.99103675842285
2025-11-27 18:15:24.406182,s5-eth3,53.156639099121094,46.843360900878906
2025-11-27 18:15:25.407647,s1-eth2,0.008963241577148437,99.99103675842285
2025-11-27 18:15:25.407977,s4-eth2,0.008963241577148437,99.99103675842285
2025-11-27 18:15:25.408093,s5-eth3,11.879889526367187,88.12011047363282
2025-11-27 18:15:26.409409,s1-eth2,0.009603424072265625,99.99039657592773
2025-11-27 18:15:26.409724,s4-eth2,0.009603424072265625,99.99039657592773
2025-11-27 18:15:26.409828,s5-eth3,0.009603424072265625,99.99039657592773
2025-11-27 18:15:27.411164,s1-eth2,0.008963241577148437,99.99103675842285
2025-11-27 18:15:27.411472,s4-eth2,0.008963241577148437,99.99103675842285
2025-11-27 18:15:27.411576,s5-eth3,0.008963241577148437,99.99103675842285
2025-11-27 18:15:28.412876,s1-eth2,0.009603424072265625,99.99039657592773
2025-11-27 18:15:28.413172,s4-eth2,0.009603424072265625,99.99039657592773
2025-11-27 18:15:28.413275,s5-eth3,0.008963241577148437,99.99103675842285
2025-11-27 18:15:29.413896,s1-eth2,0.008963241577148437,99.99103675842285
2025-11-27 18:15:29.414012,s4-eth2,49.01617431640625,50.98382568359375
2025-11-27 18:15:29.414058,s5-eth3,0.009613037109375,99.99038696289062
2025-11-27 18:15:30.415310,s1-eth2,0.008963241577148437,99.99103675842285
2025-11-27 18:15:30.415623,s4-eth2,20.755338668823242,79.24466133117676
2025-11-27 18:15:30.415738,s5-eth3,0.008963241577148437,99.99103675842285
2025-11-27 18:15:31.417015,s1-eth2,0.008963241577148437,99.99103675842285
2025-11-27 18:15:31.417311,s4-eth2,0.008963241577148437,99.99103675842285
2025-11-27 18:15:31.417414,s5-eth3,0.008963241577148437,99.99103675842285
2025-11-27 18:15:32.418878,s1-eth2,0.009603424072265625,99.99039657592773
2025-11-27 18:15:32.419194,s4-eth2,0.009603424072265625,99.99039657592773
2025-11-27 18:15:32.419298,s5-eth3,0.010243682861328126,99.98975631713867
2025-11-27 18:15:33.420625,s1-eth2,56.31161117553711,43.68838882446289
2025-11-27 18:15:33.420942,s4-eth2,0.008963241577148437,99.99103675842285
2025-11-27 18:15:33.421046,s5-eth3,0.008963241577148437,99.99103675842285
2025-11-27 18:15:34.422393,s1-eth2,8.837186813354492,91.16281318664551
2025-11-27 18:15:34.422724,s4-eth2,0.008963241577148437,99.99103675842285
2025-11-27 18:15:34.422836,s5-eth3,0.008963241577148437,99.99103675842285
2025-11-27 18:15:35.424189,s1-eth2,0.008963241577148437,99.99103675842285
2025-11-27 18:15:35.424495,s4-eth2,0.008963241577148437,99.99103675842285
2025-11-27 18:15:35.424605,s5-eth3,0.008963241577148437,99.99103675842285
2025-11-27 18:15:36.425919,s1-eth2,0.008963241577148437,99.99103675842285
2025-11-27 18:15:36.426225,s4-eth2,0.008963241577148437,99.99103675842285
2025-11-27 18:15:36.426329,s5-eth3,0.008963241577148437,99.99103675842285
2025-11-27 18:15:37.427962,s1-eth2,0.008954238891601563,99.9910457611084
2025-11-27 18:15:37.428291,s4-eth2,0.008954238891601563,99.9910457611084
2025-11-27 18:15:37.428396,s5-eth3,0.008954238891601563,99.9910457611084
2025-11-27 18:15:38.429833,s1-eth2,34.6241455078125,65.3758544921875
2025-11-27 18:15:38.430191,s4-eth2,0.008963241577148437,99.99103675842285
2025-11-27 18:15:38.430296,s5-eth3,0.008963241577148437,99.99103675842285
2025-11-27 18:15:39.431729,s1-eth2,29.73421287536621,70.26578712463379
2025-11-27 18:15:39.432055,s4-eth2,0.008963241577148437,99.99103675842285
2025-11-27 18:15:39.432163,s5-eth3,0.008963241577148437,99.99103675842285
2025-11-27 18:15:40.433602,s1-eth2,0.008963241577148437,99.99103675842285
2025-11-27 18:15:40.433947,s4-eth2,0.008963241577148437,99.99103675842285
2025-11-27 18:15:40.434052,s5-eth3,0.009603424072265625,99.99039657592773
2025-11-27 18:15:41.435489,s1-eth2,53.53838348388672,46.46161651611328
2025-11-27 18:15:41.435819,s4-eth2,0.008963241577148437,99.99103675842285
2025-11-27 18:15:41.435923,s5-eth3,0.008963241577148437,99.99103675842285
2025-11-27 18:15:42.437452,s1-eth2,16.184179306030273,83.81582069396973
2025-11-27 18:15:42.437786,s4-eth2,0.008963241577148437,99.99103675842285
2025-11-27 18:15:42.437891,s5-eth3,0.008963241577148437,99.99103675842285
2025-11-27 18:15:43.439296,s1-eth2,0.008963241577148437,99.99103675842285
2025-11-27 18:15:43.439595,s4-eth2,0.008963241577148437,99.99103675842285
2025-11-27 18:15:43.439699,s5-eth3,0.008963241577148437,99.99103675842285
2025-11-27 18:15:44.441084,s1-eth2,0.009603424072265625,99.99039657592773
2025-11-27 18:15:44.441391,s4-eth2,0.009603424072265625,99.99039657592773
2025-11-27 18:15:44.441496,s5-eth3,0.008963241577148437,99.99103675842285
2025-11-27 18:15:45.442916,s1-eth2,0.008963241577148437,99.99103675842285
2025-11-27 18:15:45.443235,s4-eth2,0.008963241577148437,99.99103675842285
2025-11-27 18:15:45.443340,s5-eth3,0.008963241577148437,99.99103675842285
2025-11-27 18:15:46.444788,s1-eth2,48.40700912475586,51.59299087524414
2025-11-27 18:15:46.445142,s4-eth2,12.264575958251953,87.73542404174805
2025-11-27 18:15:46.445260,s5-eth3,62.39297866821289,37.60702133178711
2025-11-27 18:15:47.446832,s1-eth2,16.613677978515625,83.38632202148438
2025-11-27 18:15:47.447194,s4-eth2,72.69493103027344,27.305068969726562
2025-11-27 18:15:47.447313,s5-eth3,61.720035552978516,38.279964447021484
2025-11-27 18:15:48.448750,s1-eth2,0.009603424072265625,99.99039657592773
2025-11-27 18:15:48.449084,s4-eth2,50.479225158691406,49.520774841308594
2025-11-27 18:15:48.449204,s5-eth3,20.037878036499023,79.96212196350098
2025-11-27 18:15:49.450524,s1-eth2,0.008963241577148437,99.99103675842285
2025-11-27 18:15:49.450895,s4-eth2,0.008963241577148437,99.99103675842285
2025-11-27 18:15:49.451053,s5-eth3,0.008963241577148437,99.99103675842285
2025-11-27 18:15:50.452500,s1-eth2,0.009603424072265625,99.99039657592773
2025-11-27 18:15:50.452810,s4-eth2,0.009603424072265625,99.99039657592773
2025-11-27 18:15:50.452914,s5-eth3,0.009603424072265625,99.99039657592773
2025-11-27 18:15:51.454223,s1-eth2,0.008963241577148437,99.99103675842285
2025-11-27 18:15:51.454545,s4-eth2,0.008963241577148437,99.99103675842285
2025-11-27 18:15:51.454649,s5-eth3,0.008963241577148437,99.99103675842285
2025-11-27 18:15:52.455979,s1-eth2,0.009603424072265625,99.99039657592773
2025-11-27 18:15:52.456309,s4-eth2,0.009603424072265625,99.99039657592773
2025-11-27 18:15:52.456412,s5-eth3,0.009603424072265625,99.99039657592773
2025-11-27 18:15:53.457018,s1-eth2,0.008963241577148437,99.99103675842285
2025-11-27 18:15:53.457130,s4-eth2,0.00897216796875,99.99102783203125
2025-11-27 18:15:53.457168,s5-eth3,0.00897216796875,99.99102783203125
2025-11-27 18:15:54.458391,s1-eth2,0.008963241577148437,99.99103675842285
2025-11-27 18:15:54.458688,s4-eth2,0.008963241577148437,99.99103675842285
2025-11-27 18:15:54.458800,s5-eth3,0.008963241577148437,99.99103675842285
2025-11-27 18:15:55.460125,s1-eth2,0.008963241577148437,99.99103675842285
2025-11-27 18:15:55.460423,s4-eth2,0.008963241577148437,99.99103675842285
2025-11-27 18:15:55.460527,s5-eth3,0.008963241577148437,99.99103675842285
2025-11-27 18:15:56.461821,s1-eth2,0.009603424072265625,99.99039657592773
2025-11-27 18:15:56.462116,s4-eth2,0.009603424072265625,99.99039657592773
2025-11-27 18:15:56.462220,s5-eth3,0.008963241577148437,99.99103675842285
2025-11-27 18:15:57.463583,s1-eth2,0.008963241577148437,99.99103675842285
2025-11-27 18:15:57.463905,s4-eth2,0.008963241577148437,99.99103675842285
2025-11-27 18:15:57.464014,s5-eth3,0.008963241577148437,99.99103675842285
2025-11-27 18:15:58.465440,s1-eth2,0.010243682861328126,99.98975631713867
2025-11-27 18:15:58.465769,s4-eth2,0.010243682861328126,99.98975631713867
2025-11-27 18:15:58.465877,s5-eth3,0.008963241577148437,99.99103675842285
2025-11-27 18:15:59.467327,s1-eth2,0.008963241577148437,99.99103675842285
2025-11-27 18:15:59.467665,s4-eth2,0.008963241577148437,99.99103675842285
2025-11-27 18:15:59.467776,s5-eth3,0.008963241577148437,99.99103675842285
2025-11-27 18:16:00.469161,s1-eth2,0.008963241577148437,99.99103675842285
2025-11-27 18:16:00.469467,s4-eth2,0.008963241577148437,99.99103675842285
2025-11-27 18:16:00.469574,s5-eth3,0.008963241577148437,99.99103675842285
2025-11-27 18:16:01.470949,s1-eth2,0.008963241577148437,99.99103675842285
2025-11-27 18:16:01.471257,s4-eth2,0.008963241577148437,99.99103675842285
2025-11-27 18:16:01.471360,s5-eth3,0.008963241577148437,99.99103675842285
2025-11-27 18:16:02.472712,s1-eth2,0.008963241577148437,99.99103675842285
2025-11-27 18:16:02.473009,s4-eth2,0.008963241577148437,99.99103675842285
2025-11-27 18:16:02.473112,s5-eth3,0.008963241577148437,99.99103675842285
2025-11-27 18:16:03.474461,s1-eth2,0.008963241577148437,99.99103675842285
2025-11-27 18:16:03.474782,s4-eth2,0.008963241577148437,99.99103675842285
2025-11-27 18:16:03.474919,s5-eth3,0.008963241577148437,99.99103675842285
2025-11-27 18:16:04.476344,s1-eth2,0.009603424072265625,99.99039657592773
2025-11-27 18:16:04.476670,s4-eth2,0.009603424072265625,99.99039657592773
2025-11-27 18:16:04.476779,s5-eth3,0.009603424072265625,99.99039657592773
2025-11-27 18:16:05.478193,s1-eth2,0.008963241577148437,99.99103675842285
2025-11-27 18:16:05.478535,s4-eth2,0.008963241577148437,99.99103675842285
2025-11-27 18:16:05.478646,s5-eth3,0.008963241577148437,99.99103675842285
2025-11-27 18:16:06.479966,s1-eth2,0.008963241577148437,99.99103675842285
2025-11-27 18:16:06.480330,s4-eth2,0.008963241577148437,99.99103675842285
2025-11-27 18:16:06.480436,s5-eth3,0.009603424072265625,99.99039657592773
2025-11-27 18:16:07.481808,s1-eth2,0.010243682861328126,99.98975631713867
2025-11-27 18:16:07.482124,s4-eth2,0.010243682861328126,99.98975631713867
2025-11-27 18:16:07.482228,s5-eth3,0.009603424072265625,99.99039657592773
2025-11-27 18:16:08.483605,s1-eth2,0.008963241577148437,99.99103675842285
2025-11-27 18:16:08.483904,s4-eth2,0.008963241577148437,99.99103675842285
2025-11-27 18:16:08.484009,s5-eth3,0.009603424072265625,99.99039657592773
2025-11-27 18:16:09.485347,s1-eth2,0.008963241577148437,99.99103675842285
2025-11-27 18:16:09.485642,s4-eth2,0.008963241577148437,99.99103675842285
2025-11-27 18:16:09.485747,s5-eth3,0.008963241577148437,99.99103675842285
2025-11-27 18:16:10.487170,s1-eth2,41.72115707397461,58.27884292602539
2025-11-27 18:16:10.487505,s4-eth2,0.008963241577148437,99.99103675842285
2025-11-27 18:16:10.487611,s5-eth3,0.009603424072265625,99.99039657592773
2025-11-27 18:16:11.489014,s1-eth2,28.00092315673828,71.99907684326172
2025-11-27 18:16:11.489322,s4-eth2,0.008963241577148437,99.99103675842285
2025-11-27 18:16:11.489426,s5-eth3,0.008963241577148437,99.99103675842285
2025-11-27 18:16:12.490806,s1-eth2,0.009603424072265625,99.99039657592773
2025-11-27 18:16:12.491173,s4-eth2,0.009603424072265625,99.99039657592773
2025-11-27 18:16:12.491285,s5-eth3,0.009603424072265625,99.99039657592773
2025-11-27 18:16:13.492586,s1-eth2,0.009603424072265625,99.99039657592773
2025-11-27 18:16:13.492971,s4-eth2,0.009603424072265625,99.99039657592773
2025-11-27 18:16:13.493086,s5-eth3,0.008963241577148437,99.99103675842285
2025-11-27 18:16:14.494427,s1-eth2,0.009603424072265625,99.99039657592773
2025-11-27 18:16:14.494732,s4-eth2,0.009603424072265625,99.99039657592773
2025-11-27 18:16:14.494835,s5-eth3,0.008963241577148437,99.99103675842285
2025-11-27 18:16:15.496185,s1-eth2,0.008963241577148437,99.99103675842285
2025-11-27 18:16:15.496480,s4-eth2,0.008963241577148437,99.99103675842285
2025-11-27 18:16:15.496582,s5-eth3,0.008963241577148437,99.99103675842285
2025-11-27 18:16:16.497921,s1-eth2,0.008963241577148437,99.99103675842285
2025-11-27 18:16:16.498227,s4-eth2,0.008963241577148437,99.99103675842285
2025-11-27 18:16:16.498330,s5-eth3,0.008963241577148437,99.99103675842285
2025-11-27 18:16:17.499764,s1-eth2,0.008963241577148437,99.99103675842285
2025-11-27 18:16:17.500070,s4-eth2,0.008963241577148437,99.99103675842285
2025-11-27 18:16:17.500174,s5-eth3,0.008963241577148437,99.99103675842285
2025-11-27 18:16:18.501592,s1-eth2,0.008963241577148437,99.99103675842285
2025-11-27 18:16:18.501905,s4-eth2,0.008963241577148437,99.99103675842285
2025-11-27 18:16:18.502024,s5-eth3,0.008963241577148437,99.99103675842285
2025-11-27 18:16:19.503430,s1-eth2,0.008963241577148437,99.99103675842285
2025-11-27 18:16:19.503754,s4-eth2,51.754459381103516,48.245540618896484
2025-11-27 18:16:19.503871,s5-eth3,0.010243682861328126,99.98975631713867
2025-11-27 18:16:20.504510,s1-eth2,0.008963241577148437,99.99103675842285
2025-11-27 18:16:20.504639,s4-eth2,17.985549926757812,82.01445007324219
2025-11-27 18:16:20.504682,s5-eth3,0.009613037109375,99.99038696289062
2025-11-27 18:16:21.505999,s1-eth2,0.008963241577148437,99.99103675842285
2025-11-27 18:16:21.506321,s4-eth2,0.008963241577148437,99.99103675842285
2025-11-27 18:16:21.506423,s5-eth3,0.008963241577148437,99.99103675842285
2025-11-27 18:16:22.507869,s1-eth2,0.008963241577148437,99.99103675842285
2025-11-27 18:16:22.508199,s4-eth2,45.587013244628906,54.412986755371094
2025-11-27 18:16:22.508312,s5-eth3,45.6973762512207,54.3026237487793
2025-11-27 18:16:23.509731,s1-eth2,58.912418365478516,41.087581634521484
2025-11-27 18:16:23.510063,s4-eth2,23.954774856567383,76.04522514343262
2025-11-27 18:16:23.510175,s5-eth3,23.844411849975586,76.15558815002441
2025-11-27 18:16:24.511609,s1-eth2,5.44706771850586,94.55293228149414
2025-11-27 18:16:24.511949,s4-eth2,0.008963241577148437,99.99103675842285
2025-11-27 18:16:24.512054,s5-eth3,0.008963241577148437,99.99103675842285
2025-11-27 18:16:25.513442,s1-eth2,0.008963241577148437,99.99103675842285
2025-11-27 18:16:25.513738,s4-eth2,0.008963241577148437,99.99103675842285
2025-11-27 18:16:25.513857,s5-eth3,59.833797454833984,40.166202545166016
2025-11-27 18:16:26.515272,s1-eth2,0.008963241577148437,99.99103675842285
2025-11-27 18:16:26.515581,s4-eth2,0.008963241577148437,99.99103675842285
2025-11-27 18:16:26.515697,s5-eth3,5.2032470703125,94.7967529296875
2025-11-27 18:16:27.517026,s1-eth2,0.009603424072265625,99.99039657592773
2025-11-27 18:16:27.517388,s4-eth2,0.009603424072265625,99.99039657592773
2025-11-27 18:16:27.517498,s5-eth3,0.009603424072265625,99.99039657592773
2025-11-27 18:16:28.518891,s1-eth2,0.008963241577148437,99.99103675842285
2025-11-27 18:16:28.519187,s4-eth2,0.008963241577148437,99.99103675842285
2025-11-27 18:16:28.519302,s5-eth3,0.008963241577148437,99.99103675842285
2025-11-27 18:16:29.520680,s1-eth2,0.009603424072265625,99.99039657592773
2025-11-27 18:16:29.520977,s4-eth2,0.009603424072265625,99.99039657592773
2025-11-27 18:16:29.521082,s5-eth3,0.009603424072265625,99.99039657592773
2025-11-27 18:16:30.522441,s1-eth2,0.008963241577148437,99.99103675842285
2025-11-27 18:16:30.522735,s4-eth2,0.008963241577148437,99.99103675842285
2025-11-27 18:16:30.522838,s5-eth3,0.008963241577148437,99.99103675842285
2025-11-27 18:16:31.524227,s1-eth2,0.008963241577148437,99.99103675842285
2025-11-27 18:16:31.524536,s4-eth2,0.008963241577148437,99.99103675842285
2025-11-27 18:16:31.524640,s5-eth3,0.008963241577148437,99.99103675842285
2025-11-27 18:16:32.526017,s1-eth2,0.008963241577148437,99.99103675842285
2025-11-27 18:16:32.526314,s4-eth2,0.008963241577148437,99.99103675842285
2025-11-27 18:16:32.526418,s5-eth3,0.009603424072265625,99.99039657592773
2025-11-27 18:16:33.527174,s1-eth2,37.63591766357422,62.36408233642578
2025-11-27 18:16:33.527335,s4-eth2,0.010243682861328126,99.98975631713867
2025-11-27 18:16:33.527385,s5-eth3,0.00897216796875,99.99102783203125
2025-11-27 18:16:34.528054,s1-eth2,82.17384338378906,17.826156616210938
2025-11-27 18:16:34.528206,s4-eth2,0.00897216796875,99.99102783203125
2025-11-27 18:16:34.528254,s5-eth3,0.00897216796875,99.99102783203125
2025-11-27 18:16:35.528905,s1-eth2,14.470932006835938,85.52906799316406
2025-11-27 18:16:35.529053,s4-eth2,0.009613037109375,99.99038696289062
2025-11-27 18:16:35.529101,s5-eth3,0.00897216796875,99.99102783203125
2025-11-27 18:16:36.529764,s1-eth2,0.00897216796875,99.99102783203125
2025-11-27 18:16:36.529917,s4-eth2,0.00897216796875,99.99102783203125
2025-11-27 18:16:36.529966,s5-eth3,0.00897216796875,99.99102783203125
2025-11-27 18:16:37.530617,s1-eth2,0.009613037109375,99.99038696289062
2025-11-27 18:16:37.530776,s4-eth2,0.009613037109375,99.99038696289062
2025-11-27 18:16:37.530825,s5-eth3,0.01025390625,99.98974609375
2025-11-27 18:16:38.531467,s1-eth2,0.00897216796875,99.99102783203125
2025-11-27 18:16:38.531611,s4-eth2,0.00897216796875,99.99102783203125
2025-11-27 18:16:38.531659,s5-eth3,0.00897216796875,99.99102783203125
2025-11-27 18:16:39.532310,s1-eth2,0.009613037109375,99.99038696289062
2025-11-27 18:16:39.532459,s4-eth2,0.009613037109375,99.99038696289062
2025-11-27 18:16:39.532508,s5-eth3,0.009613037109375,99.99038696289062
2025-11-27 18:16:40.533190,s1-eth2,0.00897216796875,99.99102783203125
2025-11-27 18:16:40.533341,s4-eth2,0.00897216796875,99.99102783203125
2025-11-27 18:16:40.533393,s5-eth3,0.00897216796875,99.99102783203125
2025-11-27 18:16:41.534045,s1-eth2,0.00897216796875,99.99102783203125
2025-11-27 18:16:41.534193,s4-eth2,0.00897216796875,99.99102783203125
2025-11-27 18:16:41.534244,s5-eth3,0.00897216796875,99.99102783203125
2025-11-27 18:16:42.534935,s1-eth2,59.16900634765625,40.83099365234375
2025-11-27 18:16:42.535089,s4-eth2,50.50813293457031,49.49186706542969
2025-11-27 18:16:42.535142,s5-eth3,50.34141540527344,49.65858459472656
2025-11-27 18:16:43.535820,s1-eth2,5.932441711425781,94.06755828857422
2025-11-27 18:16:43.535984,s4-eth2,19.058258056640625,80.94174194335938
2025-11-27 18:16:43.536035,s5-eth3,19.2249755859375,80.7750244140625
2025-11-27 18:16:44.536685,s1-eth2,0.00897216796875,99.99102783203125
2025-11-27 18:16:44.536828,s4-eth2,0.00897216796875,99.99102783203125
2025-11-27 18:16:44.536877,s5-eth3,0.00897216796875,99.99102783203125
2025-11-27 18:16:45.537545,s1-eth2,0.009613037109375,99.99038696289062
2025-11-27 18:16:45.537699,s4-eth2,0.009613037109375,99.99038696289062
2025-11-27 18:16:45.537747,s5-eth3,0.00897216796875,99.99102783203125
2025-11-27 18:16:46.538390,s1-eth2,0.00897216796875,99.99102783203125
2025-11-27 18:16:46.538535,s4-eth2,0.00897216796875,99.99102783203125
2025-11-27 18:16:46.538584,s5-eth3,0.00897216796875,99.99102783203125
2025-11-27 18:16:47.539255,s1-eth2,0.009613037109375,99.99038696289062
2025-11-27 18:16:47.539409,s4-eth2,0.009613037109375,99.99038696289062
2025-11-27 18:16:47.539458,s5-eth3,0.00897216796875,99.99102783203125
2025-11-27 18:16:48.540097,s1-eth2,0.00897216796875,99.99102783203125
2025-11-27 18:16:48.540246,s4-eth2,0.00897216796875,99.99102783203125
2025-11-27 18:16:48.540294,s5-eth3,0.00897216796875,99.99102783203125
2025-11-27 18:16:49.540960,s1-eth2,0.00897216796875,99.99102783203125
2025-11-27 18:16:49.541110,s4-eth2,0.00897216796875,99.99102783203125
2025-11-27 18:16:49.541162,s5-eth3,63.866424560546875,36.133575439453125
2025-11-27 18:16:50.541829,s1-eth2,0.00897216796875,99.99102783203125
2025-11-27 18:16:50.541974,s4-eth2,0.00897216796875,99.99102783203125
2025-11-27 18:16:50.542026,s5-eth3,1.2362823486328125,98.76371765136719
2025-11-27 18:16:51.542681,s1-eth2,0.00897216796875,99.99102783203125
2025-11-27 18:16:51.542829,s4-eth2,0.00897216796875,99.99102783203125
2025-11-27 18:16:51.542887,s5-eth3,0.00897216796875,99.99102783203125
2025-11-27 18:16:52.543565,s1-eth2,50.129638671875,49.870361328125
2025-11-27 18:16:52.543715,s4-eth2,0.009613037109375,99.99038696289062
2025-11-27 18:16:52.543765,s5-eth3,0.009613037109375,99.99038696289062
2025-11-27 18:16:53.544406,s1-eth2,14.972434997558594,85.0275650024414
2025-11-27 18:16:53.544557,s4-eth2,0.00897216796875,99.99102783203125
2025-11-27 18:16:53.544607,s5-eth3,0.009613037109375,99.99038696289062
2025-11-27 18:16:54.545238,s1-eth2,0.00897216796875,99.99102783203125
2025-11-27 18:16:54.545378,s4-eth2,0.00897216796875,99.99102783203125
2025-11-27 18:16:54.545427,s5-eth3,0.009613037109375,99.99038696289062
2025-11-27 18:16:55.546068,s1-eth2,0.00897216796875,99.99102783203125
2025-11-27 18:16:55.546222,s4-eth2,0.00897216796875,99.99102783203125
2025-11-27 18:16:55.546272,s5-eth3,0.00897216796875,99.99102783203125
2025-11-27 18:16:56.546921,s1-eth2,0.00897216796875,99.99102783203125
2025-11-27 18:16:56.547071,s4-eth2,0.00897216796875,99.99102783203125
2025-11-27 18:16:56.547122,s5-eth3,0.00897216796875,99.99102783203125
2025-11-27 18:16:57.547765,s1-eth2,0.00897216796875,99.99102783203125
2025-11-27 18:16:57.547918,s4-eth2,65.36370849609375,34.63629150390625
2025-11-27 18:16:57.547971,s5-eth3,0.00897216796875,99.99102783203125
2025-11-27 18:16:58.548614,s1-eth2,0.01025390625,99.98974609375
2025-11-27 18:16:58.548760,s4-eth2,4.427825927734375,95.57217407226562
2025-11-27 18:16:58.548813,s5-eth3,0.009613037109375,99.99038696289062
2025-11-27 18:16:59.549438,s1-eth2,0.00897216796875,99.99102783203125
2025-11-27 18:16:59.549577,s4-eth2,0.00897216796875,99.99102783203125
2025-11-27 18:16:59.549629,s5-eth3,0.00897216796875,99.99102783203125
2025-11-27 18:17:00.550256,s1-eth2,0.00897216796875,99.99102783203125
2025-11-27 18:17:00.550395,s4-eth2,0.00897216796875,99.99102783203125
2025-11-27 18:17:00.550443,s5-eth3,0.00897216796875,99.99102783203125
2025-11-27 18:17:01.551076,s1-eth2,0.009613037109375,99.99038696289062
2025-11-27 18:17:01.551215,s4-eth2,0.009613037109375,99.99038696289062
2025-11-27 18:17:01.551263,s5-eth3,0.009613037109375,99.99038696289062
2025-11-27 18:17:02.551913,s1-eth2,0.00897216796875,99.99102783203125
2025-11-27 18:17:02.552068,s4-eth2,0.00897216796875,99.99102783203125
2025-11-27 18:17:02.552118,s5-eth3,0.00897216796875,99.99102783203125
2025-11-27 18:17:03.552754,s1-eth2,0.00897216796875,99.99102783203125
2025-11-27 18:17:03.552901,s4-eth2,0.00897216796875,99.99102783203125
2025-11-27 18:17:03.552953,s5-eth3,0.00897216796875,99.99102783203125
2025-11-27 18:17:04.553576,s1-eth2,0.00897216796875,99.99102783203125
2025-11-27 18:17:04.553718,s4-eth2,0.00897216796875,99.99102783203125
2025-11-27 18:17:04.553766,s5-eth3,0.00897216796875,99.99102783203125
2025-11-27 18:17:05.555028,s1-eth2,0.009603424072265625,99.99039657592773
2025-11-27 18:17:05.555326,s4-eth2,0.009603424072265625,99.99039657592773
2025-11-27 18:17:05.555429,s5-eth3,0.010243682861328126,99.98975631713867
2025-11-27 18:17:06.556724,s1-eth2,0.008963241577148437,99.99103675842285
2025-11-27 18:17:06.557055,s4-eth2,0.008963241577148437,99.99103675842285
2025-11-27 18:17:06.557168,s5-eth3,0.009603424072265625,99.99039657592773
2025-11-27 18:17:07.558460,s1-eth2,0.008963241577148437,99.99103675842285
2025-11-27 18:17:07.558781,s4-eth2,0.008963241577148437,99.99103675842285
2025-11-27 18:17:07.558906,s5-eth3,0.008963241577148437,99.99103675842285
2025-11-27 18:17:08.560196,s1-eth2,0.009603424072265625,99.99039657592773
2025-11-27 18:17:08.560492,s4-eth2,0.009603424072265625,99.99039657592773
2025-11-27 18:17:08.560601,s5-eth3,0.009603424072265625,99.99039657592773
2025-11-27 18:17:09.561887,s1-eth2,0.008963241577148437,99.99103675842285
2025-11-27 18:17:09.562183,s4-eth2,0.008963241577148437,99.99103675842285
2025-11-27 18:17:09.562286,s5-eth3,0.008963241577148437,99.99103675842285
2025-11-27 18:17:10.563591,s1-eth2,0.010883865356445312,99.98911613464355
2025-11-27 18:17:10.563887,s4-eth2,0.010883865356445312,99.98911613464355
2025-11-27 18:17:10.563990,s5-eth3,0.010243682861328126,99.98975631713867
2025-11-27 18:17:11.565278,s1-eth2,0.008963241577148437,99.99103675842285
2025-11-27 18:17:11.565583,s4-eth2,0.008963241577148437,99.99103675842285
2025-11-27 18:17:11.565687,s5-eth3,0.008963241577148437,99.99103675842285
2025-11-27 18:17:12.567021,s1-eth2,0.009603424072265625,99.99039657592773
2025-11-27 18:17:12.567325,s4-eth2,0.009603424072265625,99.99039657592773
2025-11-27 18:17:12.567429,s5-eth3,0.008963241577148437,99.99103675842285
2025-11-27 18:17:13.568769,s1-eth2,0.008963241577148437,99.99103675842285
2025-11-27 18:17:13.569081,s4-eth2,0.008963241577148437,99.99103675842285
2025-11-27 18:17:13.569185,s5-eth3,0.008963241577148437,99.99103675842285
2025-11-27 18:17:14.570530,s1-eth2,41.61029052734375,58.38970947265625
2025-11-27 18:17:14.570863,s4-eth2,0.008963241577148437,99.99103675842285
2025-11-27 18:17:14.570969,s5-eth3,0.008963241577148437,99.99103675842285
2025-11-27 18:17:15.572273,s1-eth2,28.112260818481445,71.88773918151855
2025-11-27 18:17:15.572587,s4-eth2,0.008963241577148437,99.99103675842285
2025-11-27 18:17:15.572690,s5-eth3,0.008963241577148437,99.99103675842285
2025-11-27 18:17:16.574031,s1-eth2,0.009603424072265625,99.99039657592773
2025-11-27 18:17:16.574362,s4-eth2,52.256263732910156,47.743736267089844
2025-11-27 18:17:16.574480,s5-eth3,0.009603424072265625,99.99039657592773
2025-11-27 18:17:17.575806,s1-eth2,0.008963241577148437,99.99103675842285
2025-11-27 18:17:17.576143,s4-eth2,17.465444564819336,82.53455543518066
2025-11-27 18:17:17.576261,s5-eth3,59.94567108154297,40.05432891845703
2025-11-27 18:17:18.577575,s1-eth2,0.008963241577148437,99.99103675842285
2025-11-27 18:17:18.577883,s4-eth2,0.008963241577148437,99.99103675842285
2025-11-27 18:17:18.578000,s5-eth3,5.091367263793945,94.90863273620606
2025-11-27 18:17:19.579360,s1-eth2,0.008963241577148437,99.99103675842285
2025-11-27 18:17:19.579687,s4-eth2,0.008963241577148437,99.99103675842285
2025-11-27 18:17:19.579791,s5-eth3,0.008963241577148437,99.99103675842285
2025-11-27 18:17:20.581092,s1-eth2,0.008963241577148437,99.99103675842285
2025-11-27 18:17:20.581407,s4-eth2,0.008963241577148437,99.99103675842285
2025-11-27 18:17:20.581511,s5-eth3,0.009603424072265625,99.99039657592773
2025-11-27 18:17:21.582832,s1-eth2,0.008963241577148437,99.99103675842285
2025-11-27 18:17:21.583166,s4-eth2,0.008963241577148437,99.99103675842285
2025-11-27 18:17:21.583270,s5-eth3,0.008963241577148437,99.99103675842285
2025-11-27 18:17:22.584556,s1-eth2,0.008963241577148437,99.99103675842285
2025-11-27 18:17:22.584852,s4-eth2,0.008963241577148437,99.99103675842285
2025-11-27 18:17:22.584954,s5-eth3,0.008963241577148437,99.99103675842285
2025-11-27 18:17:23.586220,s1-eth2,0.008963241577148437,99.99103675842285
2025-11-27 18:17:23.586519,s4-eth2,0.008963241577148437,99.99103675842285
2025-11-27 18:17:23.586621,s5-eth3,0.008963241577148437,99.99103675842285
2025-11-27 18:17:24.587930,s1-eth2,0.008963241577148437,99.99103675842285
2025-11-27 18:17:24.588261,s4-eth2,45.97731018066406,54.02268981933594
2025-11-27 18:17:24.588373,s5-eth3,46.0871696472168,53.9128303527832
2025-11-27 18:17:25.589692,s1-eth2,0.008963241577148437,99.99103675842285
2025-11-27 18:17:25.590005,s4-eth2,23.56319808959961,76.43680191040039
2025-11-27 18:17:25.590116,s5-eth3,23.453338623046875,76.54666137695312
2025-11-27 18:17:26.591494,s1-eth2,0.009603424072265625,99.99039657592773
2025-11-27 18:17:26.591836,s4-eth2,0.009603424072265625,99.99039657592773
2025-11-27 18:17:26.591942,s5-eth3,0.008963241577148437,99.99103675842285
2025-11-27 18:17:27.593247,s1-eth2,0.008963241577148437,99.99103675842285
2025-11-27 18:17:27.593560,s4-eth2,0.008963241577148437,99.99103675842285
2025-11-27 18:17:27.593662,s5-eth3,0.008963241577148437,99.99103675842285
2025-11-27 18:17:28.595005,s1-eth2,59.435516357421875,40.564483642578125
2025-11-27 18:17:28.595354,s4-eth2,0.008963241577148437,99.99103675842285
2025-11-27 18:17:28.595460,s5-eth3,0.008963241577148437,99.99103675842285
2025-11-27 18:17:29.596774,s1-eth2,4.923322219848632,95.07667778015137
2025-11-27 18:17:29.597097,s4-eth2,0.008963241577148437,99.99103675842285
2025-11-27 18:17:29.597200,s5-eth3,0.008963241577148437,99.99103675842285
2025-11-27 18:17:30.598504,s1-eth2,37.63413619995117,62.36586380004883
2025-11-27 18:17:30.598860,s4-eth2,0.008963241577148437,99.99103675842285
2025-11-27 18:17:30.598966,s5-eth3,0.008963241577148437,99.99103675842285
2025-11-27 18:17:31.600248,s1-eth2,26.7252140045166,73.2747859954834
2025-11-27 18:17:31.600568,s4-eth2,0.008963241577148437,99.99103675842285
2025-11-27 18:17:31.600670,s5-eth3,0.008963241577148437,99.99103675842285
2025-11-27 18:17:32.601950,s1-eth2,0.009603424072265625,99.99039657592773
2025-11-27 18:17:32.602262,s4-eth2,0.009603424072265625,99.99039657592773
2025-11-27 18:17:32.602366,s5-eth3,0.009603424072265625,99.99039657592773
2025-11-27 18:17:33.603711,s1-eth2,55.7684211730957,44.2315788269043
2025-11-27 18:17:33.604023,s4-eth2,0.009603424072265625,99.99039657592773
2025-11-27 18:17:33.604128,s5-eth3,0.009603424072265625,99.99039657592773
2025-11-27 18:17:34.605444,s1-eth2,13.955275573730468,86.04472442626954
2025-11-27 18:17:34.605759,s4-eth2,0.009603424072265625,99.99039657592773
2025-11-27 18:17:34.605863,s5-eth3,0.010243682861328126,99.98975631713867
2025-11-27 18:17:35.607227,s1-eth2,0.008963241577148437,99.99103675842285
2025-11-27 18:17:35.607564,s4-eth2,0.008963241577148437,99.99103675842285
2025-11-27 18:17:35.607677,s5-eth3,0.008963241577148437,99.99103675842285
2025-11-27 18:17:36.608993,s1-eth2,0.008963241577148437,99.99103675842285
2025-11-27 18:17:36.609328,s4-eth2,0.008963241577148437,99.99103675842285
2025-11-27 18:17:36.609439,s5-eth3,0.008963241577148437,99.99103675842285
2025-11-27 18:17:37.610779,s1-eth2,0.009603424072265625,99.99039657592773
2025-11-27 18:17:37.611110,s4-eth2,0.009603424072265625,99.99039657592773
2025-11-27 18:17:37.611214,s5-eth3,0.009603424072265625,99.99039657592773
2025-11-27 18:17:38.612538,s1-eth2,0.008963241577148437,99.99103675842285
2025-11-27 18:17:38.612880,s4-eth2,54.00193786621094,45.99806213378906
2025-11-27 18:17:38.612992,s5-eth3,53.82485580444336,46.17514419555664
2025-11-27 18:17:39.614310,s1-eth2,0.008963241577148437,99.99103675842285
2025-11-27 18:17:39.614620,s4-eth2,15.538577117919921,84.46142288208009
2025-11-27 18:17:39.614731,s5-eth3,15.715661010742188,84.2843389892578
2025-11-27 18:17:40.616193,s1-eth2,0.008963241577148437,99.99103675842285
2025-11-27 18:17:40.616534,s4-eth2,0.008963241577148437,99.99103675842285
2025-11-27 18:17:40.616638,s5-eth3,0.009603424072265625,99.99039657592773
2025-11-27 18:17:41.617972,s1-eth2,0.008963241577148437,99.99103675842285
2025-11-27 18:17:41.618292,s4-eth2,0.008963241577148437,99.99103675842285
2025-11-27 18:17:41.618394,s5-eth3,0.008963241577148437,99.99103675842285
2025-11-27 18:17:42.619705,s1-eth2,0.008963241577148437,99.99103675842285
2025-11-27 18:17:42.620034,s4-eth2,0.008963241577148437,99.99103675842285
2025-11-27 18:17:42.620138,s5-eth3,0.008963241577148437,99.99103675842285
2025-11-27 18:17:43.621471,s1-eth2,59.722930908203125,40.277069091796875
2025-11-27 18:17:43.621787,s4-eth2,0.008963241577148437,99.99103675842285
2025-11-27 18:17:43.621890,s5-eth3,0.008963241577148437,99.99103675842285
2025-11-27 18:17:44.623245,s1-eth2,5.314753570556641,94.68524642944335
2025-11-27 18:17:44.623577,s4-eth2,0.009603424072265625,99.99039657592773
2025-11-27 18:17:44.623683,s5-eth3,0.009603424072265625,99.99039657592773
2025-11-27 18:17:45.624985,s1-eth2,0.008963241577148437,99.99103675842285
2025-11-27 18:17:45.625301,s4-eth2,0.008963241577148437,99.99103675842285
2025-11-27 18:17:45.625405,s5-eth3,0.008963241577148437,99.99103675842285
2025-11-27 18:17:46.626708,s1-eth2,0.009603424072265625,99.99039657592773
2025-11-27 18:17:46.627047,s4-eth2,0.009603424072265625,99.99039657592773
2025-11-27 18:17:46.627151,s5-eth3,0.009603424072265625,99.99039657592773
2025-11-27 18:17:47.628437,s1-eth2,0.009603424072265625,99.99039657592773
2025-11-27 18:17:47.628736,s4-eth2,0.009603424072265625,99.99039657592773
2025-11-27 18:17:47.628840,s5-eth3,0.008963241577148437,99.99103675842285
2025-11-27 18:17:48.630159,s1-eth2,51.79625701904297,48.20374298095703
2025-11-27 18:17:48.630484,s4-eth2,0.009603424072265625,99.99039657592773
2025-11-27 18:17:48.630588,s5-eth3,0.008963241577148437,99.99103675842285
2025-11-27 18:17:49.631920,s1-eth2,13.24081039428711,86.75918960571289
2025-11-27 18:17:49.632239,s4-eth2,0.008963241577148437,99.99103675842285
2025-11-27 18:17:49.632342,s5-eth3,0.008963241577148437,99.99103675842285
2025-11-27 18:17:50.633666,s1-eth2,0.009603424072265625,99.99039657592773
2025-11-27 18:17:50.634000,s4-eth2,0.009603424072265625,99.99039657592773
2025-11-27 18:17:50.634105,s5-eth3,0.008963241577148437,99.99103675842285
2025-11-27 18:17:51.635439,s1-eth2,0.008963241577148437,99.99103675842285
2025-11-27 18:17:51.635770,s4-eth2,0.008963241577148437,99.99103675842285
2025-11-27 18:17:51.635880,s5-eth3,0.008963241577148437,99.99103675842285
2025-11-27 18:17:52.637224,s1-eth2,0.009603424072265625,99.99039657592773
2025-11-27 18:17:52.637555,s4-eth2,67.29776763916016,32.702232360839844
2025-11-27 18:17:52.637676,s5-eth3,65.01777648925781,34.98222351074219
2025-11-27 18:17:53.639039,s1-eth2,0.008963241577148437,99.99103675842285
2025-11-27 18:17:53.639356,s4-eth2,2.415995330810547,97.58400466918945
2025-11-27 18:17:53.639478,s5-eth3,0.019892807006835937,99.98010719299316
2025-11-27 18:17:54.640791,s1-eth2,0.010243682861328126,99.98975631713867
2025-11-27 18:17:54.641098,s4-eth2,0.010243682861328126,99.98975631713867
2025-11-27 18:17:54.641203,s5-eth3,0.009603424072265625,99.99039657592773
2025-11-27 18:17:55.642487,s1-eth2,0.008963241577148437,99.99103675842285
2025-11-27 18:17:55.642784,s4-eth2,0.008963241577148437,99.99103675842285
2025-11-27 18:17:55.642915,s5-eth3,0.008963241577148437,99.99103675842285
2025-11-27 18:17:56.644186,s1-eth2,0.008963241577148437,99.99103675842285
2025-11-27 18:17:56.644485,s4-eth2,0.008963241577148437,99.99103675842285
2025-11-27 18:17:56.644600,s5-eth3,0.008963241577148437,99.99103675842285
2025-11-27 18:17:57.645928,s1-eth2,0.008963241577148437,99.99103675842285
2025-11-27 18:17:57.646252,s4-eth2,0.008963241577148437,99.99103675842285
2025-11-27 18:17:57.646362,s5-eth3,0.008963241577148437,99.99103675842285
2025-11-27 18:17:58.647672,s1-eth2,0.008963241577148437,99.99103675842285
2025-11-27 18:17:58.647991,s4-eth2,0.008963241577148437,99.99103675842285
2025-11-27 18:17:58.648109,s5-eth3,0.008963241577148437,99.99103675842285
2025-11-27 18:17:59.649400,s1-eth2,0.009603424072265625,99.99039657592773
2025-11-27 18:17:59.649698,s4-eth2,0.009603424072265625,99.99039657592773
2025-11-27 18:17:59.649801,s5-eth3,0.009603424072265625,99.99039657592773
2025-11-27 18:18:00.650413,s1-eth2,44.22797393798828,55.77202606201172
2025-11-27 18:18:00.650522,s4-eth2,0.00897216796875,99.99102783203125
2025-11-27 18:18:00.650562,s5-eth3,0.009613037109375,99.99038696289062
2025-11-27 18:18:01.651846,s1-eth2,25.605506896972656,74.39449310302734
2025-11-27 18:18:01.652182,s4-eth2,0.009603424072265625,99.99039657592773
2025-11-27 18:18:01.652293,s5-eth3,0.010243682861328126,99.98975631713867
2025-11-27 18:18:02.653575,s1-eth2,0.008963241577148437,99.99103675842285
2025-11-27 18:18:02.653877,s4-eth2,0.008963241577148437,99.99103675842285
2025-11-27 18:18:02.653980,s5-eth3,0.008963241577148437,99.99103675842285
2025-11-27 18:18:03.655287,s1-eth2,0.008963241577148437,99.99103675842285
2025-11-27 18:18:03.655584,s4-eth2,0.008963241577148437,99.99103675842285
2025-11-27 18:18:03.655687,s5-eth3,0.008963241577148437,99.99103675842285
2025-11-27 18:18:04.656949,s1-eth2,0.008963241577148437,99.99103675842285
2025-11-27 18:18:04.657244,s4-eth2,0.008963241577148437,99.99103675842285
2025-11-27 18:18:04.657346,s5-eth3,0.008963241577148437,99.99103675842285
2025-11-27 18:18:05.658148,s1-eth2,0.009603424072265625,99.99039657592773
2025-11-27 18:18:05.658458,s4-eth2,0.009603424072265625,99.99039657592773
2025-11-27 18:18:05.658562,s5-eth3,0.008963241577148437,99.99103675842285
2025-11-27 18:18:06.659877,s1-eth2,0.008963241577148437,99.99103675842285
2025-11-27 18:18:06.660182,s4-eth2,0.008963241577148437,99.99103675842285
2025-11-27 18:18:06.660285,s5-eth3,0.008963241577148437,99.99103675842285
2025-11-27 18:18:07.661582,s1-eth2,0.009603424072265625,99.99039657592773
2025-11-27 18:18:07.661892,s4-eth2,0.009603424072265625,99.99039657592773
2025-11-27 18:18:07.661996,s5-eth3,0.010243682861328126,99.98975631713867
2025-11-27 18:18:08.663277,s1-eth2,0.008963241577148437,99.99103675842285
2025-11-27 18:18:08.663577,s4-eth2,0.008963241577148437,99.99103675842285
2025-11-27 18:18:08.663678,s5-eth3,0.008963241577148437,99.99103675842285
2025-11-27 18:18:09.664329,s1-eth2,0.008963241577148437,99.99103675842285
2025-11-27 18:18:09.664472,s4-eth2,0.00897216796875,99.99102783203125
2025-11-27 18:18:09.664516,s5-eth3,0.00897216796875,99.99102783203125
2025-11-27 18:18:10.665749,s1-eth2,0.008963241577148437,99.99103675842285
2025-11-27 18:18:10.666064,s4-eth2,0.008963241577148437,99.99103675842285
2025-11-27 18:18:10.666174,s5-eth3,0.008963241577148437,99.99103675842285
2025-11-27 18:18:11.667478,s1-eth2,0.008963241577148437,99.99103675842285
2025-11-27 18:18:11.667800,s4-eth2,0.008963241577148437,99.99103675842285
2025-11-27 18:18:11.667904,s5-eth3,0.010243682861328126,99.98975631713867
2025-11-27 18:18:12.669215,s1-eth2,0.008963241577148437,99.99103675842285
2025-11-27 18:18:12.669537,s4-eth2,0.008963241577148437,99.99103675842285
2025-11-27 18:18:12.669641,s5-eth3,0.008963241577148437,99.99103675842285
2025-11-27 18:18:13.670938,s1-eth2,0.008963241577148437,99.99103675842285
2025-11-27 18:18:13.671249,s4-eth2,0.008963241577148437,99.99103675842285
2025-11-27 18:18:13.671362,s5-eth3,0.008963241577148437,99.99103675842285
2025-11-27 18:18:14.672634,s1-eth2,0.008963241577148437,99.99103675842285
2025-11-27 18:18:14.672931,s4-eth2,0.008963241577148437,99.99103675842285
2025-11-27 18:18:14.673034,s5-eth3,0.008963241577148437,99.99103675842285
2025-11-27 18:18:15.674287,s1-eth2,0.009603424072265625,99.99039657592773
2025-11-27 18:18:15.674584,s4-eth2,0.009603424072265625,99.99039657592773
2025-11-27 18:18:15.674692,s5-eth3,0.009603424072265625,99.99039657592773
2025-11-27 18:18:16.675929,s1-eth2,0.008963241577148437,99.99103675842285
2025-11-27 18:18:16.676230,s4-eth2,0.008963241577148437,99.99103675842285
2025-11-27 18:18:16.676332,s5-eth3,0.008963241577148437,99.99103675842285
2025-11-27 18:18:17.676922,s1-eth2,0.00897216796875,99.99102783203125
2025-11-27 18:18:17.677027,s4-eth2,54.83766174316406,45.16233825683594
2025-11-27 18:18:17.677065,s5-eth3,20.092575073242188,79.90742492675781
2025-11-27 18:18:18.677548,s1-eth2,0.00897216796875,99.99102783203125
2025-11-27 18:18:18.677653,s4-eth2,85.13690948486328,14.863090515136719
2025-11-27 18:18:18.677690,s5-eth3,47.570960998535156,52.429039001464844
2025-11-27 18:18:19.678939,s1-eth2,0.010243682861328126,99.98975631713867
2025-11-27 18:18:19.679252,s4-eth2,0.01583045959472656,99.98416954040528
2025-11-27 18:18:19.679358,s5-eth3,0.01583045959472656,99.98416954040528
2025-11-27 18:18:20.680626,s1-eth2,0.008963241577148437,99.99103675842285
2025-11-27 18:18:20.680936,s4-eth2,0.008963241577148437,99.99103675842285
2025-11-27 18:18:20.681039,s5-eth3,0.008963241577148437,99.99103675842285
2025-11-27 18:18:21.682487,s1-eth2,39.02890396118164,60.97109603881836
2025-11-27 18:18:21.682864,s4-eth2,0.009603424072265625,99.99039657592773
2025-11-27 18:18:21.682990,s5-eth3,0.008963241577148437,99.99103675842285
2025-11-27 18:18:22.684304,s1-eth2,25.330734252929688,74.66926574707031
2025-11-27 18:18:22.684636,s4-eth2,0.008963241577148437,99.99103675842285
2025-11-27 18:18:22.684739,s5-eth3,0.008963241577148437,99.99103675842285
2025-11-27 18:18:23.686003,s1-eth2,0.009603424072265625,99.99039657592773
2025-11-27 18:18:23.686300,s4-eth2,0.009603424072265625,99.99039657592773
2025-11-27 18:18:23.686405,s5-eth3,0.009603424072265625,99.99039657592773
2025-11-27 18:18:24.687665,s1-eth2,0.008963241577148437,99.99103675842285
2025-11-27 18:18:24.687967,s4-eth2,0.008963241577148437,99.99103675842285
2025-11-27 18:18:24.688069,s5-eth3,0.008963241577148437,99.99103675842285
2025-11-27 18:18:25.689315,s1-eth2,0.008963241577148437,99.99103675842285
2025-11-27 18:18:25.689609,s4-eth2,0.008963241577148437,99.99103675842285
2025-11-27 18:18:25.689711,s5-eth3,0.008963241577148437,99.99103675842285
2025-11-27 18:18:26.690969,s1-eth2,0.008963241577148437,99.99103675842285
2025-11-27 18:18:26.691264,s4-eth2,0.008963241577148437,99.99103675842285
2025-11-27 18:18:26.691366,s5-eth3,0.008963241577148437,99.99103675842285
2025-11-27 18:18:27.692008,s1-eth2,57.972591400146484,42.027408599853516
2025-11-27 18:18:27.692128,s4-eth2,0.00897216796875,99.99102783203125
2025-11-27 18:18:27.692168,s5-eth3,63.68719482421875,36.31280517578125
2025-11-27 18:18:28.693425,s1-eth2,11.859242401123048,88.14075759887695
2025-11-27 18:18:28.693741,s4-eth2,0.008963241577148437,99.99103675842285
2025-11-27 18:18:28.693863,s5-eth3,1.413442611694336,98.58655738830566
2025-11-27 18:18:29.695178,s1-eth2,0.010243682861328126,99.98975631713867
2025-11-27 18:18:29.695473,s4-eth2,0.010243682861328126,99.98975631713867
2025-11-27 18:18:29.695576,s5-eth3,0.009603424072265625,99.99039657592773
2025-11-27 18:18:30.696840,s1-eth2,0.008963241577148437,99.99103675842285
2025-11-27 18:18:30.697138,s4-eth2,0.008963241577148437,99.99103675842285
2025-11-27 18:18:30.697241,s5-eth3,0.008963241577148437,99.99103675842285
2025-11-27 18:18:31.698553,s1-eth2,61.219635009765625,38.780364990234375
2025-11-27 18:18:31.698910,s4-eth2,0.008963241577148437,99.99103675842285
2025-11-27 18:18:31.699014,s5-eth3,0.008963241577148437,99.99103675842285
2025-11-27 18:18:32.700376,s1-eth2,64.58092498779297,35.41907501220703
2025-11-27 18:18:32.700708,s4-eth2,0.008963241577148437,99.99103675842285
2025-11-27 18:18:32.700813,s5-eth3,0.009603424072265625,99.99039657592773
2025-11-27 18:18:33.701494,s1-eth2,3.5853428649902344,96.41465713500976
2025-11-27 18:18:33.701625,s4-eth2,55.56243896484375,44.43756103515625
2025-11-27 18:18:33.701668,s5-eth3,55.35267639160156,44.64732360839844
2025-11-27 18:18:34.702959,s1-eth2,0.008963241577148437,99.99103675842285
2025-11-27 18:18:34.703287,s4-eth2,14.033612213134766,85.96638778686523
2025-11-27 18:18:34.703403,s5-eth3,14.24380584716797,85.75619415283202
2025-11-27 18:18:35.703911,s1-eth2,0.00897216796875,99.99102783203125
2025-11-27 18:18:35.703994,s4-eth2,0.00897216796875,99.99102783203125
2025-11-27 18:18:35.704024,s5-eth3,0.00897216796875,99.99102783203125
2025-11-27 18:18:36.705269,s1-eth2,0.010883865356445312,99.98911613464355
2025-11-27 18:18:36.705566,s4-eth2,0.010883865356445312,99.98911613464355
2025-11-27 18:18:36.705679,s5-eth3,0.009603424072265625,99.99039657592773
2025-11-27 18:18:37.706977,s1-eth2,0.008963241577148437,99.99103675842285
2025-11-27 18:18:37.707293,s4-eth2,0.008963241577148437,99.99103675842285
2025-11-27 18:18:37.707403,s5-eth3,0.008963241577148437,99.99103675842285
2025-11-27 18:18:38.708757,s1-eth2,0.010243682861328126,99.98975631713867
2025-11-27 18:18:38.709086,s4-eth2,0.010243682861328126,99.98975631713867
2025-11-27 18:18:38.709197,s5-eth3,0.009603424072265625,99.99039657592773
2025-11-27 18:18:39.710521,s1-eth2,0.008963241577148437,99.99103675842285
2025-11-27 18:18:39.710866,s4-eth2,0.008963241577148437,99.99103675842285
2025-11-27 18:18:39.710971,s5-eth3,0.008963241577148437,99.99103675842285
2025-11-27 18:18:40.712261,s1-eth2,0.008963241577148437,99.99103675842285
2025-11-27 18:18:40.712566,s4-eth2,0.008963241577148437,99.99103675842285
2025-11-27 18:18:40.712669,s5-eth3,0.008963241577148437,99.99103675842285
2025-11-27 18:18:41.713977,s1-eth2,0.008963241577148437,99.99103675842285
2025-11-27 18:18:41.714294,s4-eth2,0.008963241577148437,99.99103675842285
2025-11-27 18:18:41.714398,s5-eth3,0.008963241577148437,99.99103675842285
2025-11-27 18:18:42.715699,s1-eth2,0.008963241577148437,99.99103675842285
2025-11-27 18:18:42.716016,s4-eth2,0.008963241577148437,99.99103675842285
2025-11-27 18:18:42.716120,s5-eth3,0.010243682861328126,99.98975631713867
2025-11-27 18:18:43.717403,s1-eth2,0.008963241577148437,99.99103675842285
2025-11-27 18:18:43.717715,s4-eth2,0.008963241577148437,99.99103675842285
2025-11-27 18:18:43.717818,s5-eth3,0.008963241577148437,99.99103675842285
2025-11-27 18:18:44.719154,s1-eth2,0.009603424072265625,99.99039657592773
2025-11-27 18:18:44.719451,s4-eth2,0.009603424072265625,99.99039657592773
2025-11-27 18:18:44.719568,s5-eth3,65.01777648925781,34.98222351074219
2025-11-27 18:18:45.720874,s1-eth2,0.008963241577148437,99.99103675842285
2025-11-27 18:18:45.721204,s4-eth2,0.008963241577148437,99.99103675842285
2025-11-27 18:18:45.721316,s5-eth3,0.0192449951171875,99.98075500488281
2025-11-27 18:18:46.722596,s1-eth2,0.008963241577148437,99.99103675842285
2025-11-27 18:18:46.722933,s4-eth2,0.008963241577148437,99.99103675842285
2025-11-27 18:18:46.723038,s5-eth3,0.008963241577148437,99.99103675842285
2025-11-27 18:18:47.724301,s1-eth2,0.008963241577148437,99.99103675842285
2025-11-27 18:18:47.724603,s4-eth2,0.008963241577148437,99.99103675842285
2025-11-27 18:18:47.724705,s5-eth3,0.008963241577148437,99.99103675842285
2025-11-27 18:18:48.725317,s1-eth2,0.009603424072265625,99.99039657592773
2025-11-27 18:18:48.725430,s4-eth2,0.009613037109375,99.99038696289062
2025-11-27 18:18:48.725471,s5-eth3,0.01025390625,99.98974609375
2025-11-27 18:18:49.726706,s1-eth2,0.008963241577148437,99.99103675842285
2025-11-27 18:18:49.727031,s4-eth2,0.008963241577148437,99.99103675842285
2025-11-27 18:18:49.727141,s5-eth3,0.008963241577148437,99.99103675842285
2025-11-27 18:18:50.728496,s1-eth2,54.203609466552734,45.796390533447266
2025-11-27 18:18:50.728826,s4-eth2,67.98580169677734,32.014198303222656
2025-11-27 18:18:50.728941,s5-eth3,0.008963241577148437,99.99103675842285
2025-11-27 18:18:51.730250,s1-eth2,10.833458862304688,89.1665411376953
2025-11-27 18:18:51.730578,s4-eth2,1.736781005859375,98.26321899414063
2025-11-27 18:18:51.730691,s5-eth3,0.008963241577148437,99.99103675842285
2025-11-27 18:18:52.731979,s1-eth2,0.009603424072265625,99.99039657592773
2025-11-27 18:18:52.732277,s4-eth2,0.009603424072265625,99.99039657592773
2025-11-27 18:18:52.732380,s5-eth3,0.009603424072265625,99.99039657592773
2025-11-27 18:18:53.733662,s1-eth2,0.008963241577148437,99.99103675842285
2025-11-27 18:18:53.733957,s4-eth2,0.008963241577148437,99.99103675842285
2025-11-27 18:18:53.734069,s5-eth3,0.008963241577148437,99.99103675842285
2025-11-27 18:18:54.735377,s1-eth2,0.010243682861328126,99.98975631713867
2025-11-27 18:18:54.735672,s4-eth2,0.010243682861328126,99.98975631713867
2025-11-27 18:18:54.735775,s5-eth3,0.009603424072265625,99.99039657592773
2025-11-27 18:18:55.737105,s1-eth2,45.623111724853516,54.376888275146484
2025-11-27 18:18:55.737413,s4-eth2,0.008963241577148437,99.99103675842285
2025-11-27 18:18:55.737516,s5-eth3,0.008963241577148437,99.99103675842285
2025-11-27 18:18:56.738894,s1-eth2,24.098957061767578,75.90104293823242
2025-11-27 18:18:56.739257,s4-eth2,0.008963241577148437,99.99103675842285
2025-11-27 18:18:56.739373,s5-eth3,0.008963241577148437,99.99103675842285
2025-11-27 18:18:57.740716,s1-eth2,0.009603424072265625,99.99039657592773
2025-11-27 18:18:57.741048,s4-eth2,0.009603424072265625,99.99039657592773
2025-11-27 18:18:57.741158,s5-eth3,0.009603424072265625,99.99039657592773
2025-11-27 18:18:58.742504,s1-eth2,0.009603424072265625,99.99039657592773
2025-11-27 18:18:58.742830,s4-eth2,0.009603424072265625,99.99039657592773
2025-11-27 18:18:58.742975,s5-eth3,0.010243682861328126,99.98975631713867
2025-11-27 18:18:59.744311,s1-eth2,0.008963241577148437,99.99103675842285
2025-11-27 18:18:59.744625,s4-eth2,0.008963241577148437,99.99103675842285
2025-11-27 18:18:59.744736,s5-eth3,0.008963241577148437,99.99103675842285
2025-11-27 18:19:00.746089,s1-eth2,0.008963241577148437,99.99103675842285
2025-11-27 18:19:00.746394,s4-eth2,0.008963241577148437,99.99103675842285
2025-11-27 18:19:00.746498,s5-eth3,0.008963241577148437,99.99103675842285
2025-11-27 18:19:01.747820,s1-eth2,0.008963241577148437,99.99103675842285
2025-11-27 18:19:01.748124,s4-eth2,0.008963241577148437,99.99103675842285
2025-11-27 18:19:01.748227,s5-eth3,0.008963241577148437,99.99103675842285
2025-11-27 18:19:02.749495,s1-eth2,0.008963241577148437,99.99103675842285
2025-11-27 18:19:02.749806,s4-eth2,0.008963241577148437,99.99103675842285
2025-11-27 18:19:02.749909,s5-eth3,0.008963241577148437,99.99103675842285
2025-11-27 18:19:03.751213,s1-eth2,0.008963241577148437,99.99103675842285
2025-11-27 18:19:03.751507,s4-eth2,0.008963241577148437,99.99103675842285
2025-11-27 18:19:03.751609,s5-eth3,0.008963241577148437,99.99103675842285
2025-11-27 18:19:04.752871,s1-eth2,0.008963241577148437,99.99103675842285
2025-11-27 18:19:04.753180,s4-eth2,0.008963241577148437,99.99103675842285
2025-11-27 18:19:04.753281,s5-eth3,0.008963241577148437,99.99103675842285
2025-11-27 18:19:05.753830,s1-eth2,0.00897216796875,99.99102783203125
2025-11-27 18:19:05.754121,s4-eth2,0.00897216796875,99.99102783203125
2025-11-27 18:19:05.754222,s5-eth3,0.00897216796875,99.99102783203125
2025-11-27 18:19:06.754790,s1-eth2,0.00897216796875,99.99102783203125
2025-11-27 18:19:06.754892,s4-eth2,55.32188415527344,44.67811584472656
2025-11-27 18:19:06.754927,s5-eth3,0.009613037109375,99.99038696289062
2025-11-27 18:19:07.756146,s1-eth2,0.008963241577148437,99.99103675842285
2025-11-27 18:19:07.756462,s4-eth2,14.455454864501952,85.54454513549805
2025-11-27 18:19:07.756578,s5-eth3,0.008963241577148437,99.99103675842285
2025-11-27 18:19:08.757863,s1-eth2,0.009603424072265625,99.99039657592773
2025-11-27 18:19:08.758160,s4-eth2,0.009603424072265625,99.99039657592773
2025-11-27 18:19:08.758271,s5-eth3,0.008963241577148437,99.99103675842285
2025-11-27 18:19:09.759591,s1-eth2,0.009603424072265625,99.99039657592773
2025-11-27 18:19:09.759888,s4-eth2,0.009603424072265625,99.99039657592773
2025-11-27 18:19:09.759993,s5-eth3,0.009603424072265625,99.99039657592773
2025-11-27 18:19:10.761337,s1-eth2,0.008963241577148437,99.99103675842285
2025-11-27 18:19:10.761656,s4-eth2,0.008963241577148437,99.99103675842285
2025-11-27 18:19:10.761761,s5-eth3,0.009603424072265625,99.99039657592773
2025-11-27 18:19:11.763094,s1-eth2,0.008963241577148437,99.99103675842285
2025-11-27 18:19:11.763426,s4-eth2,0.008963241577148437,99.99103675842285
2025-11-27 18:19:11.763530,s5-eth3,0.008963241577148437,99.99103675842285
2025-11-27 18:19:12.764829,s1-eth2,0.009603424072265625,99.99039657592773
2025-11-27 18:19:12.765123,s4-eth2,0.009603424072265625,99.99039657592773
2025-11-27 18:19:12.765227,s5-eth3,0.010243682861328126,99.98975631713867
2025-11-27 18:19:13.766492,s1-eth2,0.008963241577148437,99.99103675842285
2025-11-27 18:19:13.766797,s4-eth2,0.008963241577148437,99.99103675842285
2025-11-27 18:19:13.766916,s5-eth3,0.008963241577148437,99.99103675842285
2025-11-27 18:19:14.768195,s1-eth2,0.008963241577148437,99.99103675842285
2025-11-27 18:19:14.768489,s4-eth2,0.008963241577148437,99.99103675842285
2025-11-27 18:19:14.768593,s5-eth3,0.008963241577148437,99.99103675842285
2025-11-27 18:19:15.769904,s1-eth2,0.008963241577148437,99.99103675842285
2025-11-27 18:19:15.770226,s4-eth2,50.2133674621582,49.7866325378418
2025-11-27 18:19:15.770342,s5-eth3,50.32373046875,49.67626953125
2025-11-27 18:19:16.771684,s1-eth2,0.008963241577148437,99.99103675842285
2025-11-27 18:19:16.771994,s4-eth2,19.32716941833496,80.67283058166504
2025-11-27 18:19:16.772105,s5-eth3,19.216806411743164,80.78319358825684
2025-11-27 18:19:17.773386,s1-eth2,0.008963241577148437,99.99103675842285
2025-11-27 18:19:17.773682,s4-eth2,0.008963241577148437,99.99103675842285
2025-11-27 18:19:17.773793,s5-eth3,0.008963241577148437,99.99103675842285
2025-11-27 18:19:18.775167,s1-eth2,40.97937774658203,59.02062225341797
2025-11-27 18:19:18.775506,s4-eth2,0.009603424072265625,99.99039657592773
2025-11-27 18:19:18.775618,s5-eth3,0.009603424072265625,99.99039657592773
2025-11-27 18:19:19.776953,s1-eth2,23.380252838134766,76.61974716186523
2025-11-27 18:19:19.777299,s4-eth2,0.009603424072265625,99.99039657592773
2025-11-27 18:19:19.777416,s5-eth3,65.01777648925781,34.98222351074219
2025-11-27 18:19:20.778704,s1-eth2,0.008963241577148437,99.99103675842285
2025-11-27 18:19:20.779019,s4-eth2,0.008963241577148437,99.99103675842285
2025-11-27 18:19:20.779130,s5-eth3,0.01919158935546875,99.98080841064453
2025-11-27 18:19:21.780398,s1-eth2,0.008963241577148437,99.99103675842285
2025-11-27 18:19:21.780701,s4-eth2,0.008963241577148437,99.99103675842285
2025-11-27 18:19:21.780803,s5-eth3,0.008963241577148437,99.99103675842285
2025-11-27 18:19:22.782077,s1-eth2,0.008963241577148437,99.99103675842285
2025-11-27 18:19:22.782374,s4-eth2,0.008963241577148437,99.99103675842285
2025-11-27 18:19:22.782476,s5-eth3,0.008963241577148437,99.99103675842285
2025-11-27 18:19:23.783784,s1-eth2,0.010243682861328126,99.98975631713867
2025-11-27 18:19:23.784079,s4-eth2,0.010243682861328126,99.98975631713867
2025-11-27 18:19:23.784182,s5-eth3,0.009603424072265625,99.99039657592773
2025-11-27 18:19:24.785461,s1-eth2,0.008963241577148437,99.99103675842285
2025-11-27 18:19:24.785773,s4-eth2,0.008963241577148437,99.99103675842285
2025-11-27 18:19:24.785876,s5-eth3,0.008963241577148437,99.99103675842285
2025-11-27 18:19:25.786610,s1-eth2,0.010243682861328126,99.98975631713867
2025-11-27 18:19:25.786760,s4-eth2,0.01025390625,99.98974609375
2025-11-27 18:19:25.786810,s5-eth3,0.009613037109375,99.99038696289062
2025-11-27 18:19:26.787453,s1-eth2,0.00897216796875,99.99102783203125
2025-11-27 18:19:26.787601,s4-eth2,0.00897216796875,99.99102783203125
2025-11-27 18:19:26.787649,s5-eth3,0.00897216796875,99.99102783203125
2025-11-27 18:19:27.788279,s1-eth2,0.01025390625,99.98974609375
2025-11-27 18:19:27.788418,s4-eth2,0.01025390625,99.98974609375
2025-11-27 18:19:27.788467,s5-eth3,0.01025390625,99.98974609375
2025-11-27 18:19:28.789080,s1-eth2,0.00897216796875,99.99102783203125
2025-11-27 18:19:28.789226,s4-eth2,0.00897216796875,99.99102783203125
2025-11-27 18:19:28.789274,s5-eth3,0.00897216796875,99.99102783203125
2025-11-27 18:19:29.789928,s1-eth2,0.009613037109375,99.99038696289062
2025-11-27 18:19:29.790080,s4-eth2,0.009613037109375,99.99038696289062
2025-11-27 18:19:29.790128,s5-eth3,0.009613037109375,99.99038696289062
2025-11-27 18:19:30.790791,s1-eth2,0.00897216796875,99.99102783203125
2025-11-27 18:19:30.790954,s4-eth2,58.57594299316406,41.42405700683594
2025-11-27 18:19:30.791006,s5-eth3,58.40972900390625,41.59027099609375
2025-11-27 18:19:31.791675,s1-eth2,63.61131286621094,36.38868713378906
2025-11-27 18:19:31.791826,s4-eth2,11.034141540527344,88.96585845947266
2025-11-27 18:19:31.791876,s5-eth3,11.200355529785156,88.79964447021484
2025-11-27 18:19:32.792571,s1-eth2,0.811798095703125,99.18820190429688
2025-11-27 18:19:32.792737,s4-eth2,0.00897216796875,99.99102783203125
2025-11-27 18:19:32.792792,s5-eth3,0.00897216796875,99.99102783203125
2025-11-27 18:19:33.793497,s1-eth2,60.047760009765625,39.952239990234375
2025-11-27 18:19:33.793652,s4-eth2,0.00897216796875,99.99102783203125
2025-11-27 18:19:33.793703,s5-eth3,0.00897216796875,99.99102783203125
2025-11-27 18:19:34.794340,s1-eth2,9.73895263671875,90.26104736328125
2025-11-27 18:19:34.794489,s4-eth2,0.00897216796875,99.99102783203125
2025-11-27 18:19:34.794538,s5-eth3,0.00897216796875,99.99102783203125
2025-11-27 18:19:35.795188,s1-eth2,37.66023254394531,62.33976745605469
2025-11-27 18:19:35.795340,s4-eth2,0.00897216796875,99.99102783203125
2025-11-27 18:19:35.795391,s5-eth3,0.00897216796875,99.99102783203125
2025-11-27 18:19:36.796025,s1-eth2,33.81768798828125,66.18231201171875
2025-11-27 18:19:36.796182,s4-eth2,0.00897216796875,99.99102783203125
2025-11-27 18:19:36.796233,s5-eth3,0.00897216796875,99.99102783203125
2025-11-27 18:19:37.796842,s1-eth2,0.009613037109375,99.99038696289062
2025-11-27 18:19:37.796980,s4-eth2,0.009613037109375,99.99038696289062
2025-11-27 18:19:37.797028,s5-eth3,0.009613037109375,99.99038696289062
2025-11-27 18:19:38.797639,s1-eth2,0.00897216796875,99.99102783203125
2025-11-27 18:19:38.797782,s4-eth2,0.00897216796875,99.99102783203125
2025-11-27 18:19:38.797830,s5-eth3,0.00897216796875,99.99102783203125
2025-11-27 18:19:39.798477,s1-eth2,0.01025390625,99.98974609375
2025-11-27 18:19:39.798629,s4-eth2,0.01025390625,99.98974609375
2025-11-27 18:19:39.798679,s5-eth3,0.010894775390625,99.98910522460938
2025-11-27 18:19:40.799386,s1-eth2,46.89653015136719,53.10346984863281
2025-11-27 18:19:40.799554,s4-eth2,0.00897216796875,99.99102783203125
2025-11-27 18:19:40.799609,s5-eth3,0.00897216796875,99.99102783203125
2025-11-27 18:19:41.800268,s1-eth2,22.89525604248047,77.10474395751953
2025-11-27 18:19:41.800422,s4-eth2,0.00897216796875,99.99102783203125
2025-11-27 18:19:41.800474,s5-eth3,0.00897216796875,99.99102783203125
2025-11-27 18:19:42.801093,s1-eth2,0.00897216796875,99.99102783203125
2025-11-27 18:19:42.801242,s4-eth2,0.00897216796875,99.99102783203125
2025-11-27 18:19:42.801290,s5-eth3,0.00897216796875,99.99102783203125
2025-11-27 18:19:43.801901,s1-eth2,0.00897216796875,99.99102783203125
2025-11-27 18:19:43.802040,s4-eth2,0.00897216796875,99.99102783203125
2025-11-27 18:19:43.802088,s5-eth3,0.009613037109375,99.99038696289062
2025-11-27 18:19:44.802695,s1-eth2,0.00897216796875,99.99102783203125
2025-11-27 18:19:44.802837,s4-eth2,0.00897216796875,99.99102783203125
2025-11-27 18:19:44.802892,s5-eth3,0.00897216796875,99.99102783203125
2025-11-27 18:19:45.803565,s1-eth2,0.00897216796875,99.99102783203125
2025-11-27 18:19:45.803719,s4-eth2,0.00897216796875,99.99102783203125
2025-11-27 18:19:45.803772,s5-eth3,65.08279418945312,34.917205810546875
2025-11-27 18:19:46.804447,s1-eth2,0.00897216796875,99.99102783203125
2025-11-27 18:19:46.804611,s4-eth2,69.4930419921875,30.5069580078125
2025-11-27 18:19:46.804666,s5-eth3,0.0188751220703125,99.98112487792969
2025-11-27 18:19:47.805304,s1-eth2,0.009613037109375,99.99038696289062
2025-11-27 18:19:47.805454,s4-eth2,0.29975128173828125,99.70024871826172
2025-11-27 18:19:47.805506,s5-eth3,0.009613037109375,99.99038696289062
2025-11-27 18:19:48.806135,s1-eth2,0.00897216796875,99.99102783203125
2025-11-27 18:19:48.806285,s4-eth2,0.00897216796875,99.99102783203125
2025-11-27 18:19:48.806333,s5-eth3,0.00897216796875,99.99102783203125
2025-11-27 18:19:49.806980,s1-eth2,54.48127746582031,45.51872253417969
2025-11-27 18:19:49.807133,s4-eth2,0.00897216796875,99.99102783203125
2025-11-27 18:19:49.807181,s5-eth3,0.009613037109375,99.99038696289062
2025-11-27 18:19:50.807838,s1-eth2,10.620323181152344,89.37967681884766
2025-11-27 18:19:50.807996,s4-eth2,0.00897216796875,99.99102783203125
2025-11-27 18:19:50.808045,s5-eth3,0.00897216796875,99.99102783203125
2025-11-27 18:19:51.808706,s1-eth2,0.00897216796875,99.99102783203125
2025-11-27 18:19:51.808857,s4-eth2,0.00897216796875,99.99102783203125
2025-11-27 18:19:51.808905,s5-eth3,0.00897216796875,99.99102783203125
2025-11-27 18:19:52.809542,s1-eth2,0.00897216796875,99.99102783203125
2025-11-27 18:19:52.809688,s4-eth2,0.00897216796875,99.99102783203125
2025-11-27 18:19:52.809737,s5-eth3,0.00897216796875,99.99102783203125
2025-11-27 18:19:53.810340,s1-eth2,0.00897216796875,99.99102783203125
2025-11-27 18:19:53.810480,s4-eth2,0.00897216796875,99.99102783203125
2025-11-27 18:19:53.810527,s5-eth3,0.00897216796875,99.99102783203125
2025-11-27 18:19:54.811136,s1-eth2,0.00897216796875,99.99102783203125
2025-11-27 18:19:54.811285,s4-eth2,0.00897216796875,99.99102783203125
2025-11-27 18:19:54.811333,s5-eth3,0.00897216796875,99.99102783203125
2025-11-27 18:19:55.811943,s1-eth2,0.009613037109375,99.99038696289062
2025-11-27 18:19:55.812082,s4-eth2,0.009613037109375,99.99038696289062
2025-11-27 18:19:55.812129,s5-eth3,0.009613037109375,99.99038696289062
2025-11-27 18:19:56.812757,s1-eth2,0.00897216796875,99.99102783203125
2025-11-27 18:19:56.812905,s4-eth2,0.00897216796875,99.99102783203125
2025-11-27 18:19:56.812960,s5-eth3,0.00897216796875,99.99102783203125
2025-11-27 18:19:57.813572,s1-eth2,0.009613037109375,99.99038696289062
2025-11-27 18:19:57.813720,s4-eth2,0.009613037109375,99.99038696289062
2025-11-27 18:19:57.813771,s5-eth3,0.009613037109375,99.99038696289062
2025-11-27 18:19:58.814389,s1-eth2,0.00897216796875,99.99102783203125
2025-11-27 18:19:58.814528,s4-eth2,0.00897216796875,99.99102783203125
2025-11-27 18:19:58.814576,s5-eth3,0.00897216796875,99.99102783203125
2025-11-27 18:19:59.815185,s1-eth2,0.00897216796875,99.99102783203125
2025-11-27 18:19:59.815329,s4-eth2,0.00897216796875,99.99102783203125
2025-11-27 18:19:59.815377,s5-eth3,0.00897216796875,99.99102783203125
2025-11-27 18:20:00.816001,s1-eth2,0.01025390625,99.98974609375
2025-11-27 18:20:00.816140,s4-eth2,0.01025390625,99.98974609375
2025-11-27 18:20:00.816189,s5-eth3,0.009613037109375,99.99038696289062
2025-11-27 18:20:01.816802,s1-eth2,0.009613037109375,99.99038696289062
2025-11-27 18:20:01.816943,s4-eth2,0.009613037109375,99.99038696289062
2025-11-27 18:20:01.816991,s5-eth3,0.009613037109375,99.99038696289062
2025-11-27 18:20:02.817600,s1-eth2,0.01025390625,99.98974609375
2025-11-27 18:20:02.817738,s4-eth2,0.01025390625,99.98974609375
2025-11-27 18:20:02.817786,s5-eth3,0.00897216796875,99.99102783203125
2025-11-27 18:20:03.818432,s1-eth2,0.009613037109375,99.99038696289062
2025-11-27 18:20:03.818583,s4-eth2,55.321014404296875,44.678985595703125
2025-11-27 18:20:03.818636,s5-eth3,0.01025390625,99.98974609375
2025-11-27 18:20:04.819269,s1-eth2,0.00897216796875,99.99102783203125
2025-11-27 18:20:04.819412,s4-eth2,14.582443237304688,85.41755676269531
2025-11-27 18:20:04.819464,s5-eth3,0.009613037109375,99.99038696289062
2025-11-27 18:20:05.820074,s1-eth2,0.00897216796875,99.99102783203125
2025-11-27 18:20:05.820213,s4-eth2,0.00897216796875,99.99102783203125
2025-11-27 18:20:05.820264,s5-eth3,0.00897216796875,99.99102783203125
2025-11-27 18:20:06.820872,s1-eth2,0.00897216796875,99.99102783203125
2025-11-27 18:20:06.821009,s4-eth2,0.00897216796875,99.99102783203125
2025-11-27 18:20:06.821056,s5-eth3,0.00897216796875,99.99102783203125
2025-11-27 18:20:07.822318,s1-eth2,0.008963241577148437,99.99103675842285
2025-11-27 18:20:07.822615,s4-eth2,0.008963241577148437,99.99103675842285
2025-11-27 18:20:07.822731,s5-eth3,63.51229476928711,36.48770523071289
2025-11-27 18:20:08.824099,s1-eth2,39.954612731933594,60.045387268066406
2025-11-27 18:20:08.824433,s4-eth2,0.010243682861328126,99.98975631713867
2025-11-27 18:20:08.824548,s5-eth3,1.5253607177734374,98.47463928222656
2025-11-27 18:20:09.825891,s1-eth2,24.405046463012695,75.5949535369873
2025-11-27 18:20:09.826213,s4-eth2,0.008963241577148437,99.99103675842285
2025-11-27 18:20:09.826316,s5-eth3,0.008963241577148437,99.99103675842285
2025-11-27 18:20:10.827627,s1-eth2,0.008963241577148437,99.99103675842285
2025-11-27 18:20:10.827939,s4-eth2,0.008963241577148437,99.99103675842285
2025-11-27 18:20:10.828042,s5-eth3,0.008963241577148437,99.99103675842285
2025-11-27 18:20:11.829352,s1-eth2,0.008963241577148437,99.99103675842285
2025-11-27 18:20:11.829648,s4-eth2,0.008963241577148437,99.99103675842285
2025-11-27 18:20:11.829752,s5-eth3,0.008963241577148437,99.99103675842285
2025-11-27 18:20:12.831082,s1-eth2,0.008963241577148437,99.99103675842285
2025-11-27 18:20:12.831405,s4-eth2,56.34320831298828,43.65679168701172
2025-11-27 18:20:12.831517,s5-eth3,56.23348617553711,43.76651382446289
2025-11-27 18:20:13.832859,s1-eth2,0.008963241577148437,99.99103675842285
2025-11-27 18:20:13.833176,s4-eth2,13.197328567504883,86.80267143249512
2025-11-27 18:20:13.833289,s5-eth3,13.30769157409668,86.69230842590332
2025-11-27 18:20:14.834641,s1-eth2,0.009603424072265625,99.99039657592773
2025-11-27 18:20:14.834968,s4-eth2,0.009603424072265625,99.99039657592773
2025-11-27 18:20:14.835071,s5-eth3,0.009603424072265625,99.99039657592773
2025-11-27 18:20:15.836401,s1-eth2,0.008963241577148437,99.99103675842285
2025-11-27 18:20:15.836716,s4-eth2,50.10199737548828,49.89800262451172
2025-11-27 18:20:15.836831,s5-eth3,50.21186065673828,49.78813934326172
2025-11-27 18:20:16.838190,s1-eth2,0.008963241577148437,99.99103675842285
2025-11-27 18:20:16.838513,s4-eth2,19.43852424621582,80.56147575378418
2025-11-27 18:20:16.838625,s5-eth3,19.328662872314453,80.67133712768555
2025-11-27 18:20:17.839981,s1-eth2,0.008963241577148437,99.99103675842285
2025-11-27 18:20:17.840301,s4-eth2,0.008963241577148437,99.99103675842285
2025-11-27 18:20:17.840414,s5-eth3,0.008963241577148437,99.99103675842285
2025-11-27 18:20:18.841730,s1-eth2,0.008963241577148437,99.99103675842285
2025-11-27 18:20:18.842070,s4-eth2,0.008963241577148437,99.99103675842285
2025-11-27 18:20:18.842181,s5-eth3,0.008963241577148437,99.99103675842285
2025-11-27 18:20:19.843563,s1-eth2,0.008963241577148437,99.99103675842285
2025-11-27 18:20:19.843882,s4-eth2,0.008963241577148437,99.99103675842285
2025-11-27 18:20:19.843987,s5-eth3,0.008963241577148437,99.99103675842285
2025-11-27 18:20:20.845322,s1-eth2,0.008963241577148437,99.99103675842285
2025-11-27 18:20:20.845642,s4-eth2,0.008963241577148437,99.99103675842285
2025-11-27 18:20:20.845745,s5-eth3,0.008963241577148437,99.99103675842285
2025-11-27 18:20:21.847075,s1-eth2,0.009603424072265625,99.99039657592773
2025-11-27 18:20:21.847372,s4-eth2,0.009603424072265625,99.99039657592773
2025-11-27 18:20:21.847476,s5-eth3,0.009603424072265625,99.99039657592773
2025-11-27 18:20:22.848787,s1-eth2,0.008963241577148437,99.99103675842285
2025-11-27 18:20:22.849094,s4-eth2,0.008963241577148437,99.99103675842285
2025-11-27 18:20:22.849197,s5-eth3,0.008963241577148437,99.99103675842285
2025-11-27 18:20:23.850527,s1-eth2,59.27994155883789,40.72005844116211
2025-11-27 18:20:23.850835,s4-eth2,0.008963241577148437,99.99103675842285
2025-11-27 18:20:23.850956,s5-eth3,0.008963241577148437,99.99103675842285
2025-11-27 18:20:24.852286,s1-eth2,10.443277359008789,89.55672264099121
2025-11-27 18:20:24.852596,s4-eth2,0.009603424072265625,99.99039657592773
2025-11-27 18:20:24.852705,s5-eth3,0.009603424072265625,99.99039657592773
2025-11-27 18:20:25.854032,s1-eth2,62.61198043823242,37.38801956176758
2025-11-27 18:20:25.854357,s4-eth2,0.008963241577148437,99.99103675842285
2025-11-27 18:20:25.854462,s5-eth3,0.008963241577148437,99.99103675842285
2025-11-27 18:20:26.855796,s1-eth2,1.7476496887207031,98.2523503112793
2025-11-27 18:20:26.856118,s4-eth2,0.010243682861328126,99.98975631713867
2025-11-27 18:20:26.856231,s5-eth3,0.010243682861328126,99.98975631713867
2025-11-27 18:20:27.858372,s1-eth2,0.008954238891601563,99.9910457611084
2025-11-27 18:20:27.858930,s4-eth2,0.008954238891601563,99.9910457611084
2025-11-27 18:20:27.859115,s5-eth3,0.008954238891601563,99.9910457611084
2025-11-27 18:20:28.860508,s1-eth2,0.008954238891601563,99.9910457611084
2025-11-27 18:20:28.860808,s4-eth2,0.008963241577148437,99.99103675842285
2025-11-27 18:20:28.860912,s5-eth3,0.008963241577148437,99.99103675842285
2025-11-27 18:20:29.862235,s1-eth2,0.008963241577148437,99.99103675842285
2025-11-27 18:20:29.862556,s4-eth2,0.008963241577148437,99.99103675842285
2025-11-27 18:20:29.862665,s5-eth3,0.008963241577148437,99.99103675842285
2025-11-27 18:20:30.864025,s1-eth2,46.923553466796875,53.076446533203125
2025-11-27 18:20:30.864349,s4-eth2,0.009603424072265625,99.99039657592773
2025-11-27 18:20:30.864454,s5-eth3,0.009603424072265625,99.99039657592773
2025-11-27 18:20:31.865117,s1-eth2,81.91809844970703,18.08190155029297
2025-11-27 18:20:31.865268,s4-eth2,0.00897216796875,99.99102783203125
2025-11-27 18:20:31.865308,s5-eth3,0.00897216796875,99.99102783203125
2025-11-27 18:20:32.866563,s1-eth2,2.6946244049072265,97.30537559509277
2025-11-27 18:20:32.866910,s4-eth2,0.009603424072265625,99.99039657592773
2025-11-27 18:20:32.867015,s5-eth3,0.008963241577148437,99.99103675842285
2025-11-27 18:20:33.868327,s1-eth2,0.008963241577148437,99.99103675842285
2025-11-27 18:20:33.868641,s4-eth2,0.008963241577148437,99.99103675842285
2025-11-27 18:20:33.868744,s5-eth3,0.008963241577148437,99.99103675842285
2025-11-27 18:20:34.870048,s1-eth2,0.008963241577148437,99.99103675842285
2025-11-27 18:20:34.870345,s4-eth2,0.008963241577148437,99.99103675842285
2025-11-27 18:20:34.870453,s5-eth3,0.008963241577148437,99.99103675842285
2025-11-27 18:20:35.871769,s1-eth2,0.008963241577148437,99.99103675842285
2025-11-27 18:20:35.872072,s4-eth2,0.008963241577148437,99.99103675842285
2025-11-27 18:20:35.872176,s5-eth3,0.008963241577148437,99.99103675842285
2025-11-27 18:20:36.873464,s1-eth2,0.008963241577148437,99.99103675842285
2025-11-27 18:20:36.873760,s4-eth2,0.008963241577148437,99.99103675842285
2025-11-27 18:20:36.873863,s5-eth3,0.008963241577148437,99.99103675842285
2025-11-27 18:20:37.874491,s1-eth2,0.008963241577148437,99.99103675842285
2025-11-27 18:20:37.874617,s4-eth2,0.00897216796875,99.99102783203125
2025-11-27 18:20:37.874659,s5-eth3,0.00897216796875,99.99102783203125
2025-11-27 18:20:38.875946,s1-eth2,0.009603424072265625,99.99039657592773
2025-11-27 18:20:38.876270,s4-eth2,0.009603424072265625,99.99039657592773
2025-11-27 18:20:38.876381,s5-eth3,0.010243682861328126,99.98975631713867
2025-11-27 18:20:39.877737,s1-eth2,0.009603424072265625,99.99039657592773
2025-11-27 18:20:39.878093,s4-eth2,69.8147201538086,30.185279846191406
2025-11-27 18:20:39.878208,s5-eth3,0.009603424072265625,99.99039657592773
2025-11-27 18:20:40.879556,s1-eth2,0.008963241577148437,99.99103675842285
2025-11-27 18:20:40.879895,s4-eth2,0.01913063049316406,99.98086936950683
2025-11-27 18:20:40.880005,s5-eth3,0.009603424072265625,99.99039657592773
2025-11-27 18:20:41.880654,s1-eth2,0.009603424072265625,99.99039657592773
2025-11-27 18:20:41.880776,s4-eth2,0.009613037109375,99.99038696289062
2025-11-27 18:20:41.880818,s5-eth3,0.00897216796875,99.99102783203125
2025-11-27 18:20:42.882092,s1-eth2,0.009603424072265625,99.99039657592773
2025-11-27 18:20:42.882416,s4-eth2,0.009603424072265625,99.99039657592773
2025-11-27 18:20:42.882528,s5-eth3,0.009603424072265625,99.99039657592773
2025-11-27 18:20:43.883888,s1-eth2,0.008963241577148437,99.99103675842285
2025-11-27 18:20:43.884226,s4-eth2,0.008963241577148437,99.99103675842285
2025-11-27 18:20:43.884330,s5-eth3,0.008963241577148437,99.99103675842285
2025-11-27 18:20:44.885731,s1-eth2,55.42967987060547,44.57032012939453
2025-11-27 18:20:44.886067,s4-eth2,0.008963241577148437,99.99103675842285
2025-11-27 18:20:44.886171,s5-eth3,0.010883865356445312,99.98911613464355
2025-11-27 18:20:45.887544,s1-eth2,9.719886779785156,90.28011322021484
2025-11-27 18:20:45.887894,s4-eth2,0.009603424072265625,99.99039657592773
2025-11-27 18:20:45.888000,s5-eth3,0.008963241577148437,99.99103675842285
2025-11-27 18:20:46.889274,s1-eth2,0.008963241577148437,99.99103675842285
2025-11-27 18:20:46.889582,s4-eth2,0.008963241577148437,99.99103675842285
2025-11-27 18:20:46.889685,s5-eth3,0.008963241577148437,99.99103675842285
2025-11-27 18:20:47.890993,s1-eth2,0.008963241577148437,99.99103675842285
2025-11-27 18:20:47.891304,s4-eth2,0.008963241577148437,99.99103675842285
2025-11-27 18:20:47.891407,s5-eth3,0.008963241577148437,99.99103675842285
2025-11-27 18:20:48.892680,s1-eth2,0.008963241577148437,99.99103675842285
2025-11-27 18:20:48.892975,s4-eth2,0.008963241577148437,99.99103675842285
2025-11-27 18:20:48.893078,s5-eth3,0.008963241577148437,99.99103675842285
2025-11-27 18:20:49.893713,s1-eth2,0.008963241577148437,99.99103675842285
2025-11-27 18:20:49.893835,s4-eth2,0.00897216796875,99.99102783203125
2025-11-27 18:20:49.893877,s5-eth3,0.00897216796875,99.99102783203125
2025-11-27 18:20:50.895096,s1-eth2,0.008963241577148437,99.99103675842285
2025-11-27 18:20:50.895391,s4-eth2,0.008963241577148437,99.99103675842285
2025-11-27 18:20:50.895495,s5-eth3,0.008963241577148437,99.99103675842285
2025-11-27 18:20:51.896779,s1-eth2,0.009603424072265625,99.99039657592773
2025-11-27 18:20:51.897077,s4-eth2,0.009603424072265625,99.99039657592773
2025-11-27 18:20:51.897186,s5-eth3,0.009603424072265625,99.99039657592773
2025-11-27 18:20:52.898452,s1-eth2,0.008963241577148437,99.99103675842285
2025-11-27 18:20:52.898763,s4-eth2,0.008963241577148437,99.99103675842285
2025-11-27 18:20:52.898881,s5-eth3,0.008963241577148437,99.99103675842285
2025-11-27 18:20:53.900235,s1-eth2,0.010243682861328126,99.98975631713867
2025-11-27 18:20:53.900561,s4-eth2,57.641273498535156,42.358726501464844
2025-11-27 18:20:53.900677,s5-eth3,0.009603424072265625,99.99039657592773
2025-11-27 18:20:54.902004,s1-eth2,0.008963241577148437,99.99103675842285
2025-11-27 18:20:54.902345,s4-eth2,12.081600189208984,87.91839981079102
2025-11-27 18:20:54.902458,s5-eth3,0.008963241577148437,99.99103675842285
2025-11-27 18:20:55.903765,s1-eth2,0.008963241577148437,99.99103675842285
2025-11-27 18:20:55.904061,s4-eth2,0.008963241577148437,99.99103675842285
2025-11-27 18:20:55.904163,s5-eth3,0.008963241577148437,99.99103675842285
2025-11-27 18:20:56.905426,s1-eth2,0.008963241577148437,99.99103675842285
2025-11-27 18:20:56.905727,s4-eth2,0.008963241577148437,99.99103675842285
2025-11-27 18:20:56.905830,s5-eth3,0.008963241577148437,99.99103675842285
2025-11-27 18:20:57.907196,s1-eth2,0.008963241577148437,99.99103675842285
2025-11-27 18:20:57.907499,s4-eth2,0.008963241577148437,99.99103675842285
2025-11-27 18:20:57.907602,s5-eth3,0.008963241577148437,99.99103675842285
2025-11-27 18:20:58.908936,s1-eth2,0.008963241577148437,99.99103675842285
2025-11-27 18:20:58.909249,s4-eth2,0.008963241577148437,99.99103675842285
2025-11-27 18:20:58.909365,s5-eth3,65.02184295654297,34.97815704345703
2025-11-27 18:20:59.910010,s1-eth2,42.361328125,57.638671875
2025-11-27 18:20:59.910132,s4-eth2,0.00897216796875,99.99102783203125
2025-11-27 18:20:59.910175,s5-eth3,65.08890533447266,34.911094665527344
2025-11-27 18:21:00.911010,s1-eth2,22.019554138183594,77.9804458618164
2025-11-27 18:21:00.911346,s4-eth2,0.008963241577148437,99.99103675842285
2025-11-27 18:21:00.911459,s5-eth3,0.018734283447265625,99.98126571655274
2025-11-27 18:21:01.912731,s1-eth2,0.008963241577148437,99.99103675842285
2025-11-27 18:21:01.913027,s4-eth2,0.008963241577148437,99.99103675842285
2025-11-27 18:21:01.913132,s5-eth3,0.008963241577148437,99.99103675842285
2025-11-27 18:21:02.914425,s1-eth2,0.008963241577148437,99.99103675842285
2025-11-27 18:21:02.914730,s4-eth2,0.008963241577148437,99.99103675842285
2025-11-27 18:21:02.914833,s5-eth3,0.008963241577148437,99.99103675842285
2025-11-27 18:21:03.916139,s1-eth2,0.010883865356445312,99.98911613464355
2025-11-27 18:21:03.916436,s4-eth2,0.010883865356445312,99.98911613464355
2025-11-27 18:21:03.916540,s5-eth3,0.010243682861328126,99.98975631713867
2025-11-27 18:21:04.917839,s1-eth2,0.008963241577148437,99.99103675842285
2025-11-27 18:21:04.918134,s4-eth2,0.008963241577148437,99.99103675842285
2025-11-27 18:21:04.918245,s5-eth3,0.008963241577148437,99.99103675842285
2025-11-27 18:21:05.919225,s1-eth2,0.010243682861328126,99.98975631713867
2025-11-27 18:21:05.919550,s4-eth2,0.010243682861328126,99.98975631713867
2025-11-27 18:21:05.919662,s5-eth3,0.009603424072265625,99.99039657592773
2025-11-27 18:21:06.920965,s1-eth2,0.008963241577148437,99.99103675842285
2025-11-27 18:21:06.921290,s4-eth2,0.008963241577148437,99.99103675842285
2025-11-27 18:21:06.921409,s5-eth3,0.008963241577148437,99.99103675842285
2025-11-27 18:21:07.922709,s1-eth2,0.008963241577148437,99.99103675842285
2025-11-27 18:21:07.923021,s4-eth2,0.008963241577148437,99.99103675842285
2025-11-27 18:21:07.923126,s5-eth3,0.008963241577148437,99.99103675842285
2025-11-27 18:21:08.924409,s1-eth2,0.008963241577148437,99.99103675842285
2025-11-27 18:21:08.924706,s4-eth2,0.008963241577148437,99.99103675842285
2025-11-27 18:21:08.924809,s5-eth3,0.008963241577148437,99.99103675842285
2025-11-27 18:21:09.926106,s1-eth2,0.009603424072265625,99.99039657592773
2025-11-27 18:21:09.926411,s4-eth2,0.009603424072265625,99.99039657592773
2025-11-27 18:21:09.926517,s5-eth3,0.009603424072265625,99.99039657592773
2025-11-27 18:21:10.927856,s1-eth2,0.008963241577148437,99.99103675842285
2025-11-27 18:21:10.928168,s4-eth2,55.230018615722656,44.769981384277344
2025-11-27 18:21:10.928280,s5-eth3,55.29573440551758,44.70426559448242
2025-11-27 18:21:11.929605,s1-eth2,0.008963241577148437,99.99103675842285
2025-11-27 18:21:11.929924,s4-eth2,14.310374298095702,85.6896257019043
2025-11-27 18:21:11.930035,s5-eth3,14.244659423828125,85.75534057617188
2025-11-27 18:21:12.931354,s1-eth2,0.008963241577148437,99.99103675842285
2025-11-27 18:21:12.931649,s4-eth2,0.008963241577148437,99.99103675842285
2025-11-27 18:21:12.931753,s5-eth3,0.008963241577148437,99.99103675842285
2025-11-27 18:21:13.933081,s1-eth2,47.01737594604492,52.98262405395508
2025-11-27 18:21:13.933397,s4-eth2,0.009603424072265625,99.99039657592773
2025-11-27 18:21:13.933501,s5-eth3,0.009603424072265625,99.99039657592773
2025-11-27 18:21:14.934832,s1-eth2,22.705299377441406,77.2947006225586
2025-11-27 18:21:14.935159,s4-eth2,0.008963241577148437,99.99103675842285
2025-11-27 18:21:14.935263,s5-eth3,0.008963241577148437,99.99103675842285
2025-11-27 18:21:15.936573,s1-eth2,0.009603424072265625,99.99039657592773
2025-11-27 18:21:15.936872,s4-eth2,0.009603424072265625,99.99039657592773
2025-11-27 18:21:15.936983,s5-eth3,0.010243682861328126,99.98975631713867
2025-11-27 18:21:16.938283,s1-eth2,0.008963241577148437,99.99103675842285
2025-11-27 18:21:16.938579,s4-eth2,0.008963241577148437,99.99103675842285
2025-11-27 18:21:16.938682,s5-eth3,0.008963241577148437,99.99103675842285
2025-11-27 18:21:17.939980,s1-eth2,0.008963241577148437,99.99103675842285
2025-11-27 18:21:17.940277,s4-eth2,0.008963241577148437,99.99103675842285
2025-11-27 18:21:17.940382,s5-eth3,0.010243682861328126,99.98975631713867
2025-11-27 18:21:18.941707,s1-eth2,0.008963241577148437,99.99103675842285
2025-11-27 18:21:18.942030,s4-eth2,0.008963241577148437,99.99103675842285
2025-11-27 18:21:18.942134,s5-eth3,0.008963241577148437,99.99103675842285
2025-11-27 18:21:19.943532,s1-eth2,61.67502212524414,38.32497787475586
2025-11-27 18:21:19.943857,s4-eth2,0.009603424072265625,99.99039657592773
2025-11-27 18:21:19.943961,s5-eth3,0.008963241577148437,99.99103675842285
2025-11-27 18:21:20.945301,s1-eth2,8.046168365478515,91.95383163452149
2025-11-27 18:21:20.945633,s4-eth2,0.008963241577148437,99.99103675842285
2025-11-27 18:21:20.945736,s5-eth3,0.008963241577148437,99.99103675842285
2025-11-27 18:21:21.947094,s1-eth2,0.009603424072265625,99.99039657592773
2025-11-27 18:21:21.947419,s4-eth2,0.009603424072265625,99.99039657592773
2025-11-27 18:21:21.947522,s5-eth3,0.009603424072265625,99.99039657592773
2025-11-27 18:21:22.948837,s1-eth2,0.008963241577148437,99.99103675842285
2025-11-27 18:21:22.949162,s4-eth2,0.008963241577148437,99.99103675842285
2025-11-27 18:21:22.949266,s5-eth3,0.008963241577148437,99.99103675842285
2025-11-27 18:21:23.950576,s1-eth2,0.008963241577148437,99.99103675842285
2025-11-27 18:21:23.950892,s4-eth2,0.008963241577148437,99.99103675842285
2025-11-27 18:21:23.950995,s5-eth3,0.008963241577148437,99.99103675842285
2025-11-27 18:21:24.952302,s1-eth2,0.009603424072265625,99.99039657592773
2025-11-27 18:21:24.952606,s4-eth2,0.009603424072265625,99.99039657592773
2025-11-27 18:21:24.952710,s5-eth3,0.009603424072265625,99.99039657592773
2025-11-27 18:21:25.954000,s1-eth2,0.008963241577148437,99.99103675842285
2025-11-27 18:21:25.954312,s4-eth2,0.008963241577148437,99.99103675842285
2025-11-27 18:21:25.954415,s5-eth3,0.009603424072265625,99.99039657592773
2025-11-27 18:21:26.955689,s1-eth2,0.008963241577148437,99.99103675842285
2025-11-27 18:21:26.955997,s4-eth2,0.008963241577148437,99.99103675842285
2025-11-27 18:21:26.956100,s5-eth3,0.008963241577148437,99.99103675842285
2025-11-27 18:21:27.957396,s1-eth2,0.008963241577148437,99.99103675842285
2025-11-27 18:21:27.957694,s4-eth2,0.008963241577148437,99.99103675842285
2025-11-27 18:21:27.957798,s5-eth3,0.009603424072265625,99.99039657592773
2025-11-27 18:21:28.959137,s1-eth2,0.009603424072265625,99.99039657592773
2025-11-27 18:21:28.959452,s4-eth2,0.009603424072265625,99.99039657592773
2025-11-27 18:21:28.959562,s5-eth3,0.008963241577148437,99.99103675842285
2025-11-27 18:21:29.960922,s1-eth2,64.33960723876953,35.66039276123047
2025-11-27 18:21:29.961261,s4-eth2,0.008963241577148437,99.99103675842285
2025-11-27 18:21:29.961372,s5-eth3,0.008963241577148437,99.99103675842285
2025-11-27 18:21:30.961994,s1-eth2,0.0189019775390625,99.98109802246094
2025-11-27 18:21:30.962119,s4-eth2,61.109375,38.890625
2025-11-27 18:21:30.962164,s5-eth3,60.94316101074219,39.05683898925781
2025-11-27 18:21:31.963438,s1-eth2,0.008963241577148437,99.99103675842285
2025-11-27 18:21:31.963771,s4-eth2,8.448574981689454,91.55142501831054
2025-11-27 18:21:31.963883,s5-eth3,8.614623107910155,91.38537689208985
2025-11-27 18:21:32.965208,s1-eth2,0.008963241577148437,99.99103675842285
2025-11-27 18:21:32.965539,s4-eth2,0.008963241577148437,99.99103675842285
2025-11-27 18:21:32.965643,s5-eth3,0.008963241577148437,99.99103675842285
2025-11-27 18:21:33.967043,s1-eth2,0.008963241577148437,99.99103675842285
2025-11-27 18:21:33.967361,s4-eth2,0.008963241577148437,99.99103675842285
2025-11-27 18:21:33.967464,s5-eth3,0.008963241577148437,99.99103675842285
2025-11-27 18:21:34.968798,s1-eth2,64.84895324707031,35.15104675292969
2025-11-27 18:21:34.969122,s4-eth2,0.008963241577148437,99.99103675842285
2025-11-27 18:21:34.969226,s5-eth3,0.008963241577148437,99.99103675842285
2025-11-27 18:21:35.970550,s1-eth2,0.18757186889648436,99.81242813110352
2025-11-27 18:21:35.970878,s4-eth2,0.008963241577148437,99.99103675842285
2025-11-27 18:21:35.970982,s5-eth3,0.008963241577148437,99.99103675842285
2025-11-27 18:21:36.971660,s1-eth2,0.009603424072265625,99.99039657592773
2025-11-27 18:21:36.971787,s4-eth2,0.009613037109375,99.99038696289062
2025-11-27 18:21:36.971834,s5-eth3,0.009613037109375,99.99038696289062
2025-11-27 18:21:37.973121,s1-eth2,0.008963241577148437,99.99103675842285
2025-11-27 18:21:37.973454,s4-eth2,0.008963241577148437,99.99103675842285
2025-11-27 18:21:37.973566,s5-eth3,0.008963241577148437,99.99103675842285
2025-11-27 18:21:38.974215,s1-eth2,0.010883865356445312,99.98911613464355
2025-11-27 18:21:38.974336,s4-eth2,0.010894775390625,99.98910522460938
2025-11-27 18:21:38.974377,s5-eth3,0.009613037109375,99.99038696289062
2025-11-27 18:21:39.975717,s1-eth2,18.492525100708008,81.50747489929199
2025-11-27 18:21:39.976051,s4-eth2,59.04764175415039,40.95235824584961
2025-11-27 18:21:39.976166,s5-eth3,0.008963241577148437,99.99103675842285
2025-11-27 18:21:40.977507,s1-eth2,52.58607864379883,47.41392135620117
2025-11-27 18:21:40.977838,s4-eth2,10.666000366210938,89.33399963378906
2025-11-27 18:21:40.977954,s5-eth3,0.009603424072265625,99.99039657592773
2025-11-27 18:21:41.979280,s1-eth2,0.008963241577148437,99.99103675842285
2025-11-27 18:21:41.979575,s4-eth2,0.008963241577148437,99.99103675842285
2025-11-27 18:21:41.979679,s5-eth3,0.008963241577148437,99.99103675842285
2025-11-27 18:21:42.981000,s1-eth2,0.008963241577148437,99.99103675842285
2025-11-27 18:21:42.981332,s4-eth2,0.008963241577148437,99.99103675842285
2025-11-27 18:21:42.981446,s5-eth3,0.008963241577148437,99.99103675842285
2025-11-27 18:21:43.982754,s1-eth2,0.008963241577148437,99.99103675842285
2025-11-27 18:21:43.983090,s4-eth2,0.008963241577148437,99.99103675842285
2025-11-27 18:21:43.983201,s5-eth3,0.008963241577148437,99.99103675842285
2025-11-27 18:21:44.984544,s1-eth2,0.009603424072265625,99.99039657592773
2025-11-27 18:21:44.984854,s4-eth2,69.70394897460938,30.296051025390625
2025-11-27 18:21:44.984977,s5-eth3,0.009603424072265625,99.99039657592773
2025-11-27 18:21:45.986293,s1-eth2,0.009603424072265625,99.99039657592773
2025-11-27 18:21:45.986597,s4-eth2,0.019900436401367187,99.98009956359863
2025-11-27 18:21:45.986706,s5-eth3,0.009603424072265625,99.99039657592773
2025-11-27 18:21:46.988065,s1-eth2,0.008963241577148437,99.99103675842285
2025-11-27 18:21:46.988382,s4-eth2,0.008963241577148437,99.99103675842285
2025-11-27 18:21:46.988487,s5-eth3,0.009603424072265625,99.99039657592773
2025-11-27 18:21:47.989822,s1-eth2,0.008963241577148437,99.99103675842285
2025-11-27 18:21:47.990132,s4-eth2,0.008963241577148437,99.99103675842285
2025-11-27 18:21:47.990235,s5-eth3,0.008963241577148437,99.99103675842285
2025-11-27 18:21:48.991606,s1-eth2,43.62215042114258,56.37784957885742
2025-11-27 18:21:48.991935,s4-eth2,0.009603424072265625,99.99039657592773
2025-11-27 18:21:48.992059,s5-eth3,65.02262878417969,34.97737121582031
2025-11-27 18:21:49.993373,s1-eth2,22.819664001464844,77.18033599853516
2025-11-27 18:21:49.993694,s4-eth2,0.008963241577148437,99.99103675842285
2025-11-27 18:21:49.993805,s5-eth3,0.015045394897460937,99.98495460510254
2025-11-27 18:21:50.995115,s1-eth2,0.009603424072265625,99.99039657592773
2025-11-27 18:21:50.995409,s4-eth2,0.009603424072265625,99.99039657592773
2025-11-27 18:21:50.995513,s5-eth3,0.010243682861328126,99.98975631713867
2025-11-27 18:21:51.996828,s1-eth2,0.008963241577148437,99.99103675842285
2025-11-27 18:21:51.997126,s4-eth2,0.008963241577148437,99.99103675842285
2025-11-27 18:21:51.997244,s5-eth3,65.01777648925781,34.98222351074219
2025-11-27 18:21:52.998559,s1-eth2,0.009603424072265625,99.99039657592773
2025-11-27 18:21:52.998871,s4-eth2,0.009603424072265625,99.99039657592773
2025-11-27 18:21:52.998980,s5-eth3,0.019389801025390625,99.9806101989746
2025-11-27 18:21:54.000262,s1-eth2,0.008954238891601563,99.9910457611084
2025-11-27 18:21:54.000568,s4-eth2,0.008954238891601563,99.9910457611084
2025-11-27 18:21:54.000672,s5-eth3,0.008954238891601563,99.9910457611084
2025-11-27 18:21:55.002191,s1-eth2,0.008963241577148437,99.99103675842285
2025-11-27 18:21:55.002498,s4-eth2,0.008963241577148437,99.99103675842285
2025-11-27 18:21:55.002601,s5-eth3,0.009603424072265625,99.99039657592773
2025-11-27 18:21:56.003900,s1-eth2,0.008963241577148437,99.99103675842285
2025-11-27 18:21:56.004207,s4-eth2,0.008963241577148437,99.99103675842285
2025-11-27 18:21:56.004309,s5-eth3,0.008963241577148437,99.99103675842285
2025-11-27 18:21:57.005586,s1-eth2,0.008963241577148437,99.99103675842285
2025-11-27 18:21:57.005882,s4-eth2,0.008963241577148437,99.99103675842285
2025-11-27 18:21:57.005985,s5-eth3,0.008963241577148437,99.99103675842285
2025-11-27 18:21:58.007271,s1-eth2,0.008963241577148437,99.99103675842285
2025-11-27 18:21:58.007564,s4-eth2,0.008963241577148437,99.99103675842285
2025-11-27 18:21:58.007674,s5-eth3,0.008963241577148437,99.99103675842285
2025-11-27 18:21:59.008931,s1-eth2,0.009603424072265625,99.99039657592773
2025-11-27 18:21:59.009227,s4-eth2,0.009603424072265625,99.99039657592773
2025-11-27 18:21:59.009329,s5-eth3,0.008963241577148437,99.99103675842285
2025-11-27 18:22:00.010814,s1-eth2,0.008963241577148437,99.99103675842285
2025-11-27 18:22:00.011141,s4-eth2,0.008963241577148437,99.99103675842285
2025-11-27 18:22:00.011245,s5-eth3,0.008963241577148437,99.99103675842285
2025-11-27 18:22:01.012535,s1-eth2,0.008963241577148437,99.99103675842285
2025-11-27 18:22:01.012837,s4-eth2,0.008963241577148437,99.99103675842285
2025-11-27 18:22:01.012940,s5-eth3,0.008963241577148437,99.99103675842285
2025-11-27 18:22:02.014199,s1-eth2,0.008963241577148437,99.99103675842285
2025-11-27 18:22:02.014494,s4-eth2,0.008963241577148437,99.99103675842285
2025-11-27 18:22:02.014596,s5-eth3,0.008963241577148437,99.99103675842285
2025-11-27 18:22:03.015893,s1-eth2,0.008963241577148437,99.99103675842285
2025-11-27 18:22:03.016197,s4-eth2,0.008963241577148437,99.99103675842285
2025-11-27 18:22:03.016301,s5-eth3,0.008963241577148437,99.99103675842285
2025-11-27 18:22:04.017560,s1-eth2,0.008963241577148437,99.99103675842285
2025-11-27 18:22:04.017857,s4-eth2,0.008963241577148437,99.99103675842285
2025-11-27 18:22:04.017960,s5-eth3,0.008963241577148437,99.99103675842285
2025-11-27 18:22:05.019365,s1-eth2,0.009603424072265625,99.99039657592773
2025-11-27 18:22:05.019661,s4-eth2,0.009603424072265625,99.99039657592773
2025-11-27 18:22:05.019764,s5-eth3,0.009603424072265625,99.99039657592773
2025-11-27 18:22:06.021080,s1-eth2,48.521732330322266,51.478267669677734
2025-11-27 18:22:06.021403,s4-eth2,0.008963241577148437,99.99103675842285
2025-11-27 18:22:06.021506,s5-eth3,0.008963241577148437,99.99103675842285
2025-11-27 18:22:07.022815,s1-eth2,21.201486587524414,78.79851341247559
2025-11-27 18:22:07.023140,s4-eth2,0.009603424072265625,99.99039657592773
2025-11-27 18:22:07.023243,s5-eth3,0.010243682861328126,99.98975631713867
2025-11-27 18:22:08.024547,s1-eth2,0.008963241577148437,99.99103675842285
2025-11-27 18:22:08.024852,s4-eth2,0.008963241577148437,99.99103675842285
2025-11-27 18:22:08.024955,s5-eth3,0.008963241577148437,99.99103675842285
2025-11-27 18:22:09.026231,s1-eth2,0.009603424072265625,99.99039657592773
2025-11-27 18:22:09.026526,s4-eth2,0.009603424072265625,99.99039657592773
2025-11-27 18:22:09.026628,s5-eth3,0.009603424072265625,99.99039657592773
2025-11-27 18:22:10.028171,s1-eth2,0.009603424072265625,99.99039657592773
2025-11-27 18:22:10.028493,s4-eth2,0.009603424072265625,99.99039657592773
2025-11-27 18:22:10.028596,s5-eth3,0.009603424072265625,99.99039657592773
2025-11-27 18:22:11.029971,s1-eth2,63.014835357666016,36.985164642333984
2025-11-27 18:22:11.030317,s4-eth2,57.509098052978516,42.490901947021484
2025-11-27 18:22:11.030436,s5-eth3,57.61946105957031,42.38053894042969
2025-11-27 18:22:12.031807,s1-eth2,7.289371948242188,92.71062805175781
2025-11-27 18:22:12.032137,s4-eth2,12.56209945678711,87.43790054321289
2025-11-27 18:22:12.032248,s5-eth3,12.450455627441407,87.54954437255859
2025-11-27 18:22:13.033538,s1-eth2,0.008963241577148437,99.99103675842285
2025-11-27 18:22:13.033836,s4-eth2,0.008963241577148437,99.99103675842285
2025-11-27 18:22:13.033942,s5-eth3,0.008963241577148437,99.99103675842285
2025-11-27 18:22:14.035238,s1-eth2,0.008963241577148437,99.99103675842285
2025-11-27 18:22:14.035542,s4-eth2,0.008963241577148437,99.99103675842285
2025-11-27 18:22:14.035645,s5-eth3,0.008963241577148437,99.99103675842285
2025-11-27 18:22:15.036958,s1-eth2,0.008963241577148437,99.99103675842285
2025-11-27 18:22:15.037273,s4-eth2,0.008963241577148437,99.99103675842285
2025-11-27 18:22:15.037376,s5-eth3,0.008963241577148437,99.99103675842285
2025-11-27 18:22:16.038684,s1-eth2,0.008963241577148437,99.99103675842285
2025-11-27 18:22:16.039022,s4-eth2,0.008963241577148437,99.99103675842285
2025-11-27 18:22:16.039126,s5-eth3,0.008963241577148437,99.99103675842285
2025-11-27 18:22:17.040420,s1-eth2,0.008963241577148437,99.99103675842285
2025-11-27 18:22:17.040718,s4-eth2,0.008963241577148437,99.99103675842285
2025-11-27 18:22:17.040823,s5-eth3,0.010243682861328126,99.98975631713867
2025-11-27 18:22:18.042117,s1-eth2,0.008963241577148437,99.99103675842285
2025-11-27 18:22:18.042412,s4-eth2,0.008963241577148437,99.99103675842285
2025-11-27 18:22:18.042519,s5-eth3,0.008963241577148437,99.99103675842285
2025-11-27 18:22:19.044606,s1-eth2,0.009593887329101563,99.9904061126709
2025-11-27 18:22:19.045204,s4-eth2,0.009593887329101563,99.9904061126709
2025-11-27 18:22:19.045392,s5-eth3,0.009593887329101563,99.9904061126709
2025-11-27 18:22:20.047539,s1-eth2,0.008954238891601563,99.9910457611084
2025-11-27 18:22:20.048107,s4-eth2,0.008954238891601563,99.9910457611084
2025-11-27 18:22:20.048294,s5-eth3,0.008954238891601563,99.9910457611084
2025-11-27 18:22:21.050475,s1-eth2,0.008954238891601563,99.9910457611084
2025-11-27 18:22:21.051052,s4-eth2,0.008954238891601563,99.9910457611084
2025-11-27 18:22:21.051241,s5-eth3,0.008954238891601563,99.9910457611084
2025-11-27 18:22:22.053369,s1-eth2,0.008954238891601563,99.9910457611084
2025-11-27 18:22:22.053922,s4-eth2,0.008954238891601563,99.9910457611084
2025-11-27 18:22:22.054109,s5-eth3,0.008954238891601563,99.9910457611084
2025-11-27 18:22:23.056295,s1-eth2,0.008954238891601563,99.9910457611084
2025-11-27 18:22:23.056890,s4-eth2,0.008954238891601563,99.9910457611084
2025-11-27 18:22:23.057077,s5-eth3,0.008954238891601563,99.9910457611084
2025-11-27 18:22:24.059293,s1-eth2,53.493858337402344,46.506141662597656
2025-11-27 18:22:24.059895,s4-eth2,0.010862197875976563,99.98913780212402
2025-11-27 18:22:24.060106,s5-eth3,0.010862197875976563,99.98913780212402
2025-11-27 18:22:25.062252,s1-eth2,11.085830688476562,88.91416931152344
2025-11-27 18:22:25.062834,s4-eth2,0.008954238891601563,99.9910457611084
2025-11-27 18:22:25.063056,s5-eth3,0.008954238891601563,99.9910457611084
2025-11-27 18:22:26.064033,s1-eth2,0.008963241577148437,99.99103675842285
2025-11-27 18:22:26.064236,s4-eth2,0.008963241577148437,99.99103675842285
2025-11-27 18:22:26.064313,s5-eth3,0.008963241577148437,99.99103675842285
2025-11-27 18:22:27.066300,s1-eth2,0.008954238891601563,99.9910457611084
2025-11-27 18:22:27.066877,s4-eth2,0.008954238891601563,99.9910457611084
2025-11-27 18:22:27.067079,s5-eth3,0.008954238891601563,99.9910457611084
2025-11-27 18:22:28.069208,s1-eth2,0.009593887329101563,99.9904061126709
2025-11-27 18:22:28.069741,s4-eth2,0.009593887329101563,99.9904061126709
2025-11-27 18:22:28.069929,s5-eth3,0.009593887329101563,99.9904061126709
2025-11-27 18:22:29.072111,s1-eth2,0.008954238891601563,99.9910457611084
2025-11-27 18:22:29.072684,s4-eth2,63.47016906738281,36.52983093261719
2025-11-27 18:22:29.072883,s5-eth3,63.30428695678711,36.69571304321289
2025-11-27 18:22:30.075055,s1-eth2,0.009593887329101563,99.9904061126709
2025-11-27 18:22:30.075610,s4-eth2,6.001592636108398,93.9984073638916
2025-11-27 18:22:30.075806,s5-eth3,6.167474746704102,93.8325252532959
2025-11-27 18:22:31.077980,s1-eth2,0.008954238891601563,99.9910457611084
2025-11-27 18:22:31.078558,s4-eth2,0.008954238891601563,99.9910457611084
2025-11-27 18:22:31.078746,s5-eth3,0.008954238891601563,99.9910457611084
2025-11-27 18:22:32.080935,s1-eth2,0.008954238891601563,99.9910457611084
2025-11-27 18:22:32.081495,s4-eth2,0.008954238891601563,99.9910457611084
2025-11-27 18:22:32.081680,s5-eth3,0.009593887329101563,99.9904061126709
2025-11-27 18:22:33.083830,s1-eth2,0.008954238891601563,99.9910457611084
2025-11-27 18:22:33.084418,s4-eth2,0.008954238891601563,99.9910457611084
2025-11-27 18:22:33.084604,s5-eth3,0.008954238891601563,99.9910457611084
2025-11-27 18:22:34.086772,s1-eth2,0.008954238891601563,99.9910457611084
2025-11-27 18:22:34.087366,s4-eth2,0.008954238891601563,99.9910457611084
2025-11-27 18:22:34.087554,s5-eth3,0.008954238891601563,99.9910457611084
2025-11-27 18:22:35.089688,s1-eth2,0.008954238891601563,99.9910457611084
2025-11-27 18:22:35.090266,s4-eth2,0.008954238891601563,99.9910457611084
2025-11-27 18:22:35.090453,s5-eth3,0.008954238891601563,99.9910457611084
2025-11-27 18:22:36.092648,s1-eth2,11.00374984741211,88.99625015258789
2025-11-27 18:22:36.093227,s4-eth2,0.008954238891601563,99.9910457611084
2025-11-27 18:22:36.093416,s5-eth3,0.008954238891601563,99.9910457611084
2025-11-27 18:22:37.095638,s1-eth2,92.28475189208984,7.715248107910156
2025-11-27 18:22:37.096243,s4-eth2,0.0089453125,99.9910546875
2025-11-27 18:22:37.096429,s5-eth3,0.0089453125,99.9910546875
2025-11-27 18:22:38.097448,s1-eth2,35.64028549194336,64.35971450805664
2025-11-27 18:22:38.097669,s4-eth2,63.67802429199219,36.32197570800781
2025-11-27 18:22:38.097747,s5-eth3,0.008963241577148437,99.99103675842285
2025-11-27 18:22:39.099100,s1-eth2,65.0219955444336,34.978004455566406
2025-11-27 18:22:39.099439,s4-eth2,6.039012908935547,93.96098709106445
2025-11-27 18:22:39.099554,s5-eth3,0.008963241577148437,99.99103675842285
2025-11-27 18:22:40.100080,s1-eth2,0.01503753662109375,99.9849624633789
2025-11-27 18:22:40.100167,s4-eth2,0.00897216796875,99.99102783203125
2025-11-27 18:22:40.100197,s5-eth3,0.00897216796875,99.99102783203125
2025-11-27 18:22:41.101412,s1-eth2,0.009603424072265625,99.99039657592773
2025-11-27 18:22:41.101718,s4-eth2,0.009603424072265625,99.99039657592773
2025-11-27 18:22:41.101824,s5-eth3,0.009603424072265625,99.99039657592773
2025-11-27 18:22:42.102331,s1-eth2,0.01025390625,99.98974609375
2025-11-27 18:22:42.102416,s4-eth2,0.01025390625,99.98974609375
2025-11-27 18:22:42.102447,s5-eth3,0.009613037109375,99.99038696289062
2025-11-27 18:22:43.102888,s1-eth2,0.00897216796875,99.99102783203125
2025-11-27 18:22:43.102973,s4-eth2,0.00897216796875,99.99102783203125
2025-11-27 18:22:43.103009,s5-eth3,65.09260559082031,34.90739440917969
2025-11-27 18:22:44.104276,s1-eth2,0.009603424072265625,99.99039657592773
2025-11-27 18:22:44.104585,s4-eth2,0.009603424072265625,99.99039657592773
2025-11-27 18:22:44.104706,s5-eth3,65.02198791503906,34.97801208496094
2025-11-27 18:22:45.106045,s1-eth2,0.008963241577148437,99.99103675842285
2025-11-27 18:22:45.106349,s4-eth2,0.008963241577148437,99.99103675842285
2025-11-27 18:22:45.106469,s5-eth3,0.014534683227539062,99.98546531677246
2025-11-27 18:22:46.107822,s1-eth2,0.008963241577148437,99.99103675842285
2025-11-27 18:22:46.108134,s4-eth2,0.008963241577148437,99.99103675842285
2025-11-27 18:22:46.108238,s5-eth3,0.008963241577148437,99.99103675842285
2025-11-27 18:22:47.109549,s1-eth2,0.008963241577148437,99.99103675842285
2025-11-27 18:22:47.109871,s4-eth2,69.70751190185547,30.29248809814453
2025-11-27 18:22:47.109992,s5-eth3,0.008963241577148437,99.99103675842285
2025-11-27 18:22:48.110504,s1-eth2,0.00897216796875,99.99102783203125
2025-11-27 18:22:48.110589,s4-eth2,0.01454925537109375,99.9854507446289
2025-11-27 18:22:48.110620,s5-eth3,0.009613037109375,99.99038696289062
2025-11-27 18:22:49.111931,s1-eth2,0.008963241577148437,99.99103675842285
2025-11-27 18:22:49.112262,s4-eth2,0.008963241577148437,99.99103675842285
2025-11-27 18:22:49.112381,s5-eth3,0.008963241577148437,99.99103675842285
2025-11-27 18:22:50.112910,s1-eth2,0.00897216796875,99.99102783203125
2025-11-27 18:22:50.113000,s4-eth2,0.00897216796875,99.99102783203125
2025-11-27 18:22:50.113031,s5-eth3,0.00897216796875,99.99102783203125
2025-11-27 18:22:51.113448,s1-eth2,0.00897216796875,99.99102783203125
2025-11-27 18:22:51.113532,s4-eth2,0.00897216796875,99.99102783203125
2025-11-27 18:22:51.113561,s5-eth3,0.00897216796875,99.99102783203125
2025-11-27 18:22:52.114751,s1-eth2,0.009603424072265625,99.99039657592773
2025-11-27 18:22:52.115107,s4-eth2,0.009603424072265625,99.99039657592773
2025-11-27 18:22:52.115210,s5-eth3,0.009603424072265625,99.99039657592773
2025-11-27 18:22:53.116476,s1-eth2,0.008963241577148437,99.99103675842285
2025-11-27 18:22:53.116771,s4-eth2,0.008963241577148437,99.99103675842285
2025-11-27 18:22:53.116876,s5-eth3,0.008963241577148437,99.99103675842285
2025-11-27 18:22:54.118169,s1-eth2,0.009603424072265625,99.99039657592773
2025-11-27 18:22:54.118485,s4-eth2,0.009603424072265625,99.99039657592773
2025-11-27 18:22:54.118589,s5-eth3,0.009603424072265625,99.99039657592773
2025-11-27 18:22:55.119113,s1-eth2,0.00897216796875,99.99102783203125
2025-11-27 18:22:55.119199,s4-eth2,0.00897216796875,99.99102783203125
2025-11-27 18:22:55.119229,s5-eth3,0.00897216796875,99.99102783203125
2025-11-27 18:22:56.120474,s1-eth2,0.008963241577148437,99.99103675842285
2025-11-27 18:22:56.120780,s4-eth2,0.008963241577148437,99.99103675842285
2025-11-27 18:22:56.120893,s5-eth3,0.010243682861328126,99.98975631713867
2025-11-27 18:22:57.122216,s1-eth2,0.008963241577148437,99.99103675842285
2025-11-27 18:22:57.122522,s4-eth2,0.008963241577148437,99.99103675842285
2025-11-27 18:22:57.122626,s5-eth3,0.008963241577148437,99.99103675842285
2025-11-27 18:22:58.123144,s1-eth2,0.009613037109375,99.99038696289062
2025-11-27 18:22:58.123228,s4-eth2,0.009613037109375,99.99038696289062
2025-11-27 18:22:58.123258,s5-eth3,0.009613037109375,99.99038696289062
2025-11-27 18:22:59.123850,s1-eth2,0.009613037109375,99.99038696289062
2025-11-27 18:22:59.123993,s4-eth2,0.009613037109375,99.99038696289062
2025-11-27 18:22:59.124041,s5-eth3,0.00897216796875,99.99102783203125
2025-11-27 18:23:00.124667,s1-eth2,0.00897216796875,99.99102783203125
2025-11-27 18:23:00.124807,s4-eth2,0.00897216796875,99.99102783203125
2025-11-27 18:23:00.124854,s5-eth3,0.00897216796875,99.99102783203125
2025-11-27 18:23:01.125469,s1-eth2,0.00897216796875,99.99102783203125
2025-11-27 18:23:01.125613,s4-eth2,0.00897216796875,99.99102783203125
2025-11-27 18:23:01.125660,s5-eth3,0.00897216796875,99.99102783203125
2025-11-27 18:23:02.126513,s1-eth2,66.30390930175781,33.69609069824219
2025-11-27 18:23:02.126724,s4-eth2,0.009603424072265625,99.99039657592773
2025-11-27 18:23:02.126799,s5-eth3,0.008963241577148437,99.99103675842285
2025-11-27 18:23:03.128867,s1-eth2,3.527171173095703,96.47282882690429
2025-11-27 18:23:03.129444,s4-eth2,0.009593887329101563,99.9904061126709
2025-11-27 18:23:03.129645,s5-eth3,0.01023345947265625,99.98976654052734
2025-11-27 18:23:04.131864,s1-eth2,0.009593887329101563,99.9904061126709
2025-11-27 18:23:04.132402,s4-eth2,0.009593887329101563,99.9904061126709
2025-11-27 18:23:04.132588,s5-eth3,0.009593887329101563,99.9904061126709
2025-11-27 18:23:05.134773,s1-eth2,52.983787536621094,47.016212463378906
2025-11-27 18:23:05.135362,s4-eth2,0.008954238891601563,99.9910457611084
2025-11-27 18:23:05.135552,s5-eth3,0.008954238891601563,99.9910457611084
2025-11-27 18:23:06.137722,s1-eth2,16.66936683654785,83.33063316345215
2025-11-27 18:23:06.138273,s4-eth2,0.008954238891601563,99.9910457611084
2025-11-27 18:23:06.138458,s5-eth3,0.009593887329101563,99.9904061126709
2025-11-27 18:23:07.140613,s1-eth2,0.008954238891601563,99.9910457611084
2025-11-27 18:23:07.141148,s4-eth2,0.008954238891601563,99.9910457611084
2025-11-27 18:23:07.141347,s5-eth3,0.009593887329101563,99.9904061126709
2025-11-27 18:23:08.143580,s1-eth2,0.008954238891601563,99.9910457611084
2025-11-27 18:23:08.144172,s4-eth2,0.0089453125,99.9910546875
2025-11-27 18:23:08.144370,s5-eth3,0.0089453125,99.9910546875
2025-11-27 18:23:09.146547,s1-eth2,0.009593887329101563,99.9904061126709
2025-11-27 18:23:09.147147,s4-eth2,0.009593887329101563,99.9904061126709
2025-11-27 18:23:09.147360,s5-eth3,0.008954238891601563,99.9910457611084
2025-11-27 18:23:10.149523,s1-eth2,0.009593887329101563,99.9904061126709
2025-11-27 18:23:10.150055,s4-eth2,0.009593887329101563,99.9904061126709
2025-11-27 18:23:10.150242,s5-eth3,0.008954238891601563,99.9910457611084
2025-11-27 18:23:11.152383,s1-eth2,0.008954238891601563,99.9910457611084
2025-11-27 18:23:11.152915,s4-eth2,0.008954238891601563,99.9910457611084
2025-11-27 18:23:11.153099,s5-eth3,0.008954238891601563,99.9910457611084
2025-11-27 18:23:12.155331,s1-eth2,0.008954238891601563,99.9910457611084
2025-11-27 18:23:12.155915,s4-eth2,0.008954238891601563,99.9910457611084
2025-11-27 18:23:12.156101,s5-eth3,0.0089453125,99.9910546875
2025-11-27 18:23:13.158291,s1-eth2,0.01023345947265625,99.98976654052734
2025-11-27 18:23:13.158913,s4-eth2,61.9368896484375,38.0631103515625
2025-11-27 18:23:13.159114,s5-eth3,62.094783782958984,37.905216217041016
2025-11-27 18:23:14.161273,s1-eth2,0.008954238891601563,99.9910457611084
2025-11-27 18:23:14.161841,s4-eth2,7.491448898315429,92.50855110168457
2025-11-27 18:23:14.162037,s5-eth3,7.270942687988281,92.72905731201172
2025-11-27 18:23:15.164220,s1-eth2,0.008954238891601563,99.9910457611084
2025-11-27 18:23:15.164751,s4-eth2,0.008954238891601563,99.9910457611084
2025-11-27 18:23:15.164936,s5-eth3,0.008954238891601563,99.9910457611084
2025-11-27 18:23:16.167128,s1-eth2,0.008954238891601563,99.9910457611084
2025-11-27 18:23:16.167677,s4-eth2,0.008954238891601563,99.9910457611084
2025-11-27 18:23:16.167863,s5-eth3,0.008954238891601563,99.9910457611084
2025-11-27 18:23:17.170023,s1-eth2,0.009593887329101563,99.9904061126709
2025-11-27 18:23:17.170565,s4-eth2,0.009593887329101563,99.9904061126709
2025-11-27 18:23:17.170750,s5-eth3,0.009593887329101563,99.9904061126709
2025-11-27 18:23:18.172932,s1-eth2,0.008954238891601563,99.9910457611084
2025-11-27 18:23:18.173465,s4-eth2,0.008954238891601563,99.9910457611084
2025-11-27 18:23:18.173664,s5-eth3,0.008954238891601563,99.9910457611084
2025-11-27 18:23:19.175808,s1-eth2,0.008954238891601563,99.9910457611084
2025-11-27 18:23:19.176339,s4-eth2,0.008954238891601563,99.9910457611084
2025-11-27 18:23:19.176524,s5-eth3,0.008954238891601563,99.9910457611084
2025-11-27 18:23:20.179014,s1-eth2,0.0089453125,99.9910546875
2025-11-27 18:23:20.179616,s4-eth2,0.0089453125,99.9910546875
2025-11-27 18:23:20.179841,s5-eth3,0.0089453125,99.9910546875
2025-11-27 18:23:21.182030,s1-eth2,0.0089453125,99.9910546875
2025-11-27 18:23:21.182652,s4-eth2,0.0089453125,99.9910546875
2025-11-27 18:23:21.182840,s5-eth3,0.008954238891601563,99.9910457611084
2025-11-27 18:23:22.185157,s1-eth2,62.62938690185547,37.37061309814453
2025-11-27 18:23:22.185754,s4-eth2,0.0089453125,99.9910546875
2025-11-27 18:23:22.185957,s5-eth3,0.0089453125,99.9910546875
2025-11-27 18:23:23.188158,s1-eth2,5.914081573486328,94.08591842651367
2025-11-27 18:23:23.188730,s4-eth2,0.008954238891601563,99.9910457611084
2025-11-27 18:23:23.188918,s5-eth3,0.008954238891601563,99.9910457611084
2025-11-27 18:23:24.191107,s1-eth2,0.009700469970703125,99.99029953002929
2025-11-27 18:23:24.191643,s4-eth2,0.009700469970703125,99.99029953002929
2025-11-27 18:23:24.191829,s5-eth3,0.008954238891601563,99.9910457611084
2025-11-27 18:23:25.193934,s1-eth2,0.009593887329101563,99.9904061126709
2025-11-27 18:23:25.194490,s4-eth2,0.009593887329101563,99.9904061126709
2025-11-27 18:23:25.194677,s5-eth3,0.010340042114257812,99.98965995788575
2025-11-27 18:23:26.196794,s1-eth2,0.008954238891601563,99.9910457611084
2025-11-27 18:23:26.197328,s4-eth2,0.008954238891601563,99.9910457611084
2025-11-27 18:23:26.197515,s5-eth3,0.008954238891601563,99.9910457611084
2025-11-27 18:23:27.199729,s1-eth2,0.01023345947265625,99.98976654052734
2025-11-27 18:23:27.200282,s4-eth2,0.0109796142578125,99.9890203857422
2025-11-27 18:23:27.200492,s5-eth3,64.96585083007812,35.034149169921875
2025-11-27 18:23:28.202636,s1-eth2,0.009700469970703125,99.99029953002929
2025-11-27 18:23:28.203218,s4-eth2,0.008954238891601563,99.9910457611084
2025-11-27 18:23:28.203405,s5-eth3,0.008954238891601563,99.9910457611084
2025-11-27 18:23:29.205623,s1-eth2,62.730377197265625,37.269622802734375
2025-11-27 18:23:29.206238,s4-eth2,0.009584274291992188,99.990415725708
2025-11-27 18:23:29.206436,s5-eth3,0.0089453125,99.9910546875
2025-11-27 18:23:30.208668,s1-eth2,71.56641387939453,28.43358612060547
2025-11-27 18:23:30.209273,s4-eth2,69.3465576171875,30.6534423828125
2025-11-27 18:23:30.209481,s5-eth3,69.34738159179688,30.652618408203125
2025-11-27 18:23:31.211711,s1-eth2,0.019449996948242187,99.98055000305176
2025-11-27 18:23:31.212287,s4-eth2,0.020796356201171876,99.97920364379883
2025-11-27 18:23:31.212479,s5-eth3,0.02063438415527344,99.97936561584473
2025-11-27 18:23:32.214627,s1-eth2,0.008954238891601563,99.9910457611084
2025-11-27 18:23:32.215209,s4-eth2,0.008954238891601563,99.9910457611084
2025-11-27 18:23:32.215397,s5-eth3,0.008954238891601563,99.9910457611084
2025-11-27 18:23:33.217585,s1-eth2,0.008954238891601563,99.9910457611084
2025-11-27 18:23:33.218176,s4-eth2,0.008954238891601563,99.9910457611084
2025-11-27 18:23:33.218363,s5-eth3,0.009593887329101563,99.9904061126709
2025-11-27 18:23:34.220558,s1-eth2,0.008954238891601563,99.9910457611084
2025-11-27 18:23:34.221129,s4-eth2,0.008954238891601563,99.9910457611084
2025-11-27 18:23:34.221316,s5-eth3,0.008954238891601563,99.9910457611084
2025-11-27 18:23:35.222300,s1-eth2,0.008963241577148437,99.99103675842285
2025-11-27 18:23:35.222523,s4-eth2,66.4883041381836,33.511695861816406
2025-11-27 18:23:35.222599,s5-eth3,0.009603424072265625,99.99039657592773
2025-11-27 18:23:36.224635,s1-eth2,0.008954238891601563,99.9910457611084
2025-11-27 18:23:36.225193,s4-eth2,0.019256210327148436,99.98074378967286
2025-11-27 18:23:36.225391,s5-eth3,0.009517745971679687,99.99048225402832
2025-11-27 18:23:37.227568,s1-eth2,0.008954238891601563,99.9910457611084
2025-11-27 18:23:37.228120,s4-eth2,0.008954238891601563,99.9910457611084
2025-11-27 18:23:37.228330,s5-eth3,64.96208190917969,35.03791809082031
2025-11-27 18:23:38.230489,s1-eth2,0.009593887329101563,99.9904061126709
2025-11-27 18:23:38.231079,s4-eth2,0.009593887329101563,99.9904061126709
2025-11-27 18:23:38.231265,s5-eth3,0.009593887329101563,99.9904061126709
2025-11-27 18:23:39.233385,s1-eth2,0.008954238891601563,99.9910457611084
2025-11-27 18:23:39.233919,s4-eth2,0.008954238891601563,99.9910457611084
2025-11-27 18:23:39.234105,s5-eth3,0.008954238891601563,99.9910457611084
2025-11-27 18:23:40.236234,s1-eth2,0.008954238891601563,99.9910457611084
2025-11-27 18:23:40.236765,s4-eth2,0.008954238891601563,99.9910457611084
2025-11-27 18:23:40.236950,s5-eth3,0.008954238891601563,99.9910457611084
2025-11-27 18:23:41.239108,s1-eth2,0.009593887329101563,99.9904061126709
2025-11-27 18:23:41.239644,s4-eth2,0.009593887329101563,99.9904061126709
2025-11-27 18:23:41.239832,s5-eth3,0.01023345947265625,99.98976654052734
2025-11-27 18:23:42.240818,s1-eth2,0.008963241577148437,99.99103675842285
2025-11-27 18:23:42.241030,s4-eth2,0.0134295654296875,99.98657043457031
2025-11-27 18:23:42.241102,s5-eth3,0.008963241577148437,99.99103675842285
2025-11-27 18:23:43.243199,s1-eth2,0.008954238891601563,99.9910457611084
2025-11-27 18:23:43.243789,s4-eth2,69.6394271850586,30.360572814941406
2025-11-27 18:23:43.243994,s5-eth3,0.008954238891601563,99.9910457611084
2025-11-27 18:23:44.246152,s1-eth2,0.009593887329101563,99.9904061126709
2025-11-27 18:23:44.246722,s4-eth2,0.009593887329101563,99.9904061126709
2025-11-27 18:23:44.246932,s5-eth3,0.008954238891601563,99.9910457611084
2025-11-27 18:23:45.249041,s1-eth2,0.009274063110351562,99.99072593688965
2025-11-27 18:23:45.249569,s4-eth2,0.009274063110351562,99.99072593688965
2025-11-27 18:23:45.249754,s5-eth3,0.008954238891601563,99.9910457611084
2025-11-27 18:23:46.251881,s1-eth2,0.010553207397460938,99.98944679260254
2025-11-27 18:23:46.252433,s4-eth2,0.010553207397460938,99.98944679260254
2025-11-27 18:23:46.252620,s5-eth3,0.009593887329101563,99.9904061126709
2025-11-27 18:23:47.254722,s1-eth2,0.008954238891601563,99.9910457611084
2025-11-27 18:23:47.255307,s4-eth2,0.008954238891601563,99.9910457611084
2025-11-27 18:23:47.255494,s5-eth3,0.008954238891601563,99.9910457611084
2025-11-27 18:23:48.257596,s1-eth2,0.008954238891601563,99.9910457611084
2025-11-27 18:23:48.258125,s4-eth2,0.008954238891601563,99.9910457611084
2025-11-27 18:23:48.258310,s5-eth3,0.008954238891601563,99.9910457611084
2025-11-27 18:23:49.260453,s1-eth2,0.009593887329101563,99.9904061126709
2025-11-27 18:23:49.260984,s4-eth2,0.009593887329101563,99.9904061126709
2025-11-27 18:23:49.261169,s5-eth3,0.009593887329101563,99.9904061126709
2025-11-27 18:23:50.263325,s1-eth2,0.008954238891601563,99.9910457611084
2025-11-27 18:23:50.263855,s4-eth2,0.008954238891601563,99.9910457611084
2025-11-27 18:23:50.264040,s5-eth3,0.008954238891601563,99.9910457611084
2025-11-27 18:23:51.266147,s1-eth2,0.009593887329101563,99.9904061126709
2025-11-27 18:23:51.266695,s4-eth2,0.009593887329101563,99.9904061126709
2025-11-27 18:23:51.266905,s5-eth3,0.009593887329101563,99.9904061126709
2025-11-27 18:23:52.269040,s1-eth2,0.009593887329101563,99.9904061126709
2025-11-27 18:23:52.269612,s4-eth2,0.009593887329101563,99.9904061126709
2025-11-27 18:23:52.269809,s5-eth3,0.008954238891601563,99.9910457611084
2025-11-27 18:23:53.272001,s1-eth2,0.008954238891601563,99.9910457611084
2025-11-27 18:23:53.272571,s4-eth2,0.008954238891601563,99.9910457611084
2025-11-27 18:23:53.272766,s5-eth3,0.008954238891601563,99.9910457611084
2025-11-27 18:23:54.274169,s1-eth2,0.008954238891601563,99.9910457611084
2025-11-27 18:23:54.274471,s4-eth2,0.008963241577148437,99.99103675842285
2025-11-27 18:23:54.274575,s5-eth3,0.008963241577148437,99.99103675842285
2025-11-27 18:23:55.275206,s1-eth2,0.008963241577148437,99.99103675842285
2025-11-27 18:23:55.275320,s4-eth2,0.00897216796875,99.99102783203125
2025-11-27 18:23:55.275359,s5-eth3,0.00897216796875,99.99102783203125
2025-11-27 18:23:56.277356,s1-eth2,0.008954238891601563,99.9910457611084
2025-11-27 18:23:56.277908,s4-eth2,0.008954238891601563,99.9910457611084
2025-11-27 18:23:56.278095,s5-eth3,0.008954238891601563,99.9910457611084
2025-11-27 18:23:57.280267,s1-eth2,0.008954238891601563,99.9910457611084
2025-11-27 18:23:57.280829,s4-eth2,0.008954238891601563,99.9910457611084
2025-11-27 18:23:57.281015,s5-eth3,0.008954238891601563,99.9910457611084
2025-11-27 18:23:58.283206,s1-eth2,57.846771240234375,42.153228759765625
2025-11-27 18:23:58.283815,s4-eth2,0.009593887329101563,99.9904061126709
2025-11-27 18:23:58.284003,s5-eth3,0.009593887329101563,99.9904061126709
2025-11-27 18:23:59.286233,s1-eth2,67.76372528076172,32.23627471923828
2025-11-27 18:23:59.286820,s4-eth2,0.0089453125,99.9910546875
2025-11-27 18:23:59.287090,s5-eth3,0.0089453125,99.9910546875
2025-11-27 18:24:00.289270,s1-eth2,4.748457412719727,95.25154258728027
2025-11-27 18:24:00.289830,s4-eth2,0.0089453125,99.9910546875
2025-11-27 18:24:00.290025,s5-eth3,0.009593887329101563,99.9904061126709
2025-11-27 18:24:01.292188,s1-eth2,0.008954238891601563,99.9910457611084
2025-11-27 18:24:01.292724,s4-eth2,0.008954238891601563,99.9910457611084
2025-11-27 18:24:01.292910,s5-eth3,0.008954238891601563,99.9910457611084
2025-11-27 18:24:02.295087,s1-eth2,0.009593887329101563,99.9904061126709
2025-11-27 18:24:02.295684,s4-eth2,0.009593887329101563,99.9904061126709
2025-11-27 18:24:02.295881,s5-eth3,0.009593887329101563,99.9904061126709
2025-11-27 18:24:03.298065,s1-eth2,0.008954238891601563,99.9910457611084
2025-11-27 18:24:03.298629,s4-eth2,0.008954238891601563,99.9910457611084
2025-11-27 18:24:03.298822,s5-eth3,0.008954238891601563,99.9910457611084
2025-11-27 18:24:04.301035,s1-eth2,0.009593887329101563,99.9904061126709
2025-11-27 18:24:04.301607,s4-eth2,0.009593887329101563,99.9904061126709
2025-11-27 18:24:04.301807,s5-eth3,0.01023345947265625,99.98976654052734
2025-11-27 18:24:05.304051,s1-eth2,69.56739044189453,30.43260955810547
2025-11-27 18:24:05.304610,s4-eth2,0.0089453125,99.9910546875
2025-11-27 18:24:05.304807,s5-eth3,0.008954238891601563,99.9910457611084
2025-11-27 18:24:06.306957,s1-eth2,0.014543075561523438,99.98545692443848
2025-11-27 18:24:06.307524,s4-eth2,0.008954238891601563,99.9910457611084
2025-11-27 18:24:06.307710,s5-eth3,0.008954238891601563,99.9910457611084
2025-11-27 18:24:07.309824,s1-eth2,0.008954238891601563,99.9910457611084
2025-11-27 18:24:07.310353,s4-eth2,0.008954238891601563,99.9910457611084
2025-11-27 18:24:07.310537,s5-eth3,0.008954238891601563,99.9910457611084
2025-11-27 18:24:08.312678,s1-eth2,0.008954238891601563,99.9910457611084
2025-11-27 18:24:08.313225,s4-eth2,0.008954238891601563,99.9910457611084
2025-11-27 18:24:08.313412,s5-eth3,0.008954238891601563,99.9910457611084
2025-11-27 18:24:09.315554,s1-eth2,0.008954238891601563,99.9910457611084
2025-11-27 18:24:09.316089,s4-eth2,0.008954238891601563,99.9910457611084
2025-11-27 18:24:09.316275,s5-eth3,0.008954238891601563,99.9910457611084
2025-11-27 18:24:10.318413,s1-eth2,0.008954238891601563,99.9910457611084
2025-11-27 18:24:10.318989,s4-eth2,69.452392578125,30.547607421875
2025-11-27 18:24:10.319199,s5-eth3,69.452392578125,30.547607421875
2025-11-27 18:24:11.320615,s1-eth2,0.008954238891601563,99.9910457611084
2025-11-27 18:24:11.320918,s4-eth2,0.0186199951171875,99.98138000488281
2025-11-27 18:24:11.321025,s5-eth3,0.0186199951171875,99.98138000488281
2025-11-27 18:24:12.322347,s1-eth2,0.009603424072265625,99.99039657592773
2025-11-27 18:24:12.322645,s4-eth2,0.009603424072265625,99.99039657592773
2025-11-27 18:24:12.322749,s5-eth3,0.009603424072265625,99.99039657592773
2025-11-27 18:24:13.324046,s1-eth2,0.008963241577148437,99.99103675842285
2025-11-27 18:24:13.324357,s4-eth2,0.008963241577148437,99.99103675842285
2025-11-27 18:24:13.324460,s5-eth3,0.008963241577148437,99.99103675842285
2025-11-27 18:24:14.325766,s1-eth2,0.009603424072265625,99.99039657592773
2025-11-27 18:24:14.326062,s4-eth2,0.009603424072265625,99.99039657592773
2025-11-27 18:24:14.326165,s5-eth3,0.010243682861328126,99.98975631713867
2025-11-27 18:24:15.328223,s1-eth2,0.009593887329101563,99.9904061126709
2025-11-27 18:24:15.328771,s4-eth2,0.009593887329101563,99.9904061126709
2025-11-27 18:24:15.328957,s5-eth3,0.009593887329101563,99.9904061126709
2025-11-27 18:24:16.331075,s1-eth2,0.009593887329101563,99.9904061126709
2025-11-27 18:24:16.331607,s4-eth2,0.009593887329101563,99.9904061126709
2025-11-27 18:24:16.331792,s5-eth3,0.009593887329101563,99.9904061126709
2025-11-27 18:24:17.333877,s1-eth2,0.008954238891601563,99.9910457611084
2025-11-27 18:24:17.334407,s4-eth2,0.008954238891601563,99.9910457611084
2025-11-27 18:24:17.334591,s5-eth3,0.008954238891601563,99.9910457611084
2025-11-27 18:24:18.336799,s1-eth2,0.01023345947265625,99.98976654052734
2025-11-27 18:24:18.337367,s4-eth2,0.01023345947265625,99.98976654052734
2025-11-27 18:24:18.337556,s5-eth3,0.01023345947265625,99.98976654052734
2025-11-27 18:24:19.339766,s1-eth2,0.008954238891601563,99.9910457611084
2025-11-27 18:24:19.340333,s4-eth2,0.008954238891601563,99.9910457611084
2025-11-27 18:24:19.340519,s5-eth3,0.008954238891601563,99.9910457611084
2025-11-27 18:24:20.341947,s1-eth2,0.008954238891601563,99.9910457611084
2025-11-27 18:24:20.342251,s4-eth2,0.008963241577148437,99.99103675842285
2025-11-27 18:24:20.342355,s5-eth3,0.008963241577148437,99.99103675842285
2025-11-27 18:24:21.343004,s1-eth2,0.008963241577148437,99.99103675842285
2025-11-27 18:24:21.343123,s4-eth2,0.00897216796875,99.99102783203125
2025-11-27 18:24:21.343161,s5-eth3,0.00897216796875,99.99102783203125
2025-11-27 18:24:22.344428,s1-eth2,65.0219955444336,34.978004455566406
2025-11-27 18:24:22.344786,s4-eth2,0.008963241577148437,99.99103675842285
2025-11-27 18:24:22.344893,s5-eth3,0.008963241577148437,99.99103675842285
2025-11-27 18:24:23.346231,s1-eth2,0.015327377319335938,99.98467262268066
2025-11-27 18:24:23.346569,s4-eth2,0.009603424072265625,99.99039657592773
2025-11-27 18:24:23.346676,s5-eth3,0.008963241577148437,99.99103675842285
2025-11-27 18:24:24.347323,s1-eth2,0.0134295654296875,99.98657043457031
2025-11-27 18:24:24.347445,s4-eth2,0.00897216796875,99.99102783203125
2025-11-27 18:24:24.347484,s5-eth3,0.00897216796875,99.99102783203125
2025-11-27 18:24:25.348034,s1-eth2,64.40914916992188,35.590850830078125
2025-11-27 18:24:25.348157,s4-eth2,0.00897216796875,99.99102783203125
2025-11-27 18:24:25.348199,s5-eth3,0.00897216796875,99.99102783203125
2025-11-27 18:24:26.349412,s1-eth2,0.008963241577148437,99.99103675842285
2025-11-27 18:24:26.349736,s4-eth2,0.008963241577148437,99.99103675842285
2025-11-27 18:24:26.349840,s5-eth3,0.008963241577148437,99.99103675842285
2025-11-27 18:24:27.350521,s1-eth2,0.008963241577148437,99.99103675842285
2025-11-27 18:24:27.350638,s4-eth2,69.59547424316406,30.404525756835938
2025-11-27 18:24:27.350687,s5-eth3,69.59890747070312,30.401092529296875
2025-11-27 18:24:28.351968,s1-eth2,0.009603424072265625,99.99039657592773
2025-11-27 18:24:28.352283,s4-eth2,68.93264770507812,31.067352294921875
2025-11-27 18:24:28.352405,s5-eth3,65.03032684326172,34.96967315673828
2025-11-27 18:24:29.353287,s1-eth2,0.008963241577148437,99.99103675842285
2025-11-27 18:24:29.353478,s4-eth2,0.014549942016601562,99.9854500579834
2025-11-27 18:24:29.353543,s5-eth3,0.008963241577148437,99.99103675842285
2025-11-27 18:24:30.354838,s1-eth2,65.02806854248047,34.97193145751953
2025-11-27 18:24:30.355176,s4-eth2,0.008963241577148437,99.99103675842285
2025-11-27 18:24:30.355279,s5-eth3,0.008963241577148437,99.99103675842285
2025-11-27 18:24:31.356628,s1-eth2,0.008963241577148437,99.99103675842285
2025-11-27 18:24:31.356966,s4-eth2,0.008963241577148437,99.99103675842285
2025-11-27 18:24:31.357084,s5-eth3,0.01923736572265625,99.98076263427734
2025-11-27 18:24:32.358436,s1-eth2,0.008963241577148437,99.99103675842285
2025-11-27 18:24:32.358749,s4-eth2,0.008963241577148437,99.99103675842285
2025-11-27 18:24:32.358895,s5-eth3,65.01795196533203,34.98204803466797
2025-11-27 18:24:33.360221,s1-eth2,0.009603424072265625,99.99039657592773
2025-11-27 18:24:33.360516,s4-eth2,0.009603424072265625,99.99039657592773
2025-11-27 18:24:33.360619,s5-eth3,0.008963241577148437,99.99103675842285
2025-11-27 18:24:34.361956,s1-eth2,0.009603424072265625,99.99039657592773
2025-11-27 18:24:34.362277,s4-eth2,0.009603424072265625,99.99039657592773
2025-11-27 18:24:34.362381,s5-eth3,0.009603424072265625,99.99039657592773
2025-11-27 18:24:35.363719,s1-eth2,0.008963241577148437,99.99103675842285
2025-11-27 18:24:35.364026,s4-eth2,0.008963241577148437,99.99103675842285
2025-11-27 18:24:35.364132,s5-eth3,0.009603424072265625,99.99039657592773
2025-11-27 18:24:36.365465,s1-eth2,0.009603424072265625,99.99039657592773
2025-11-27 18:24:36.365795,s4-eth2,0.009603424072265625,99.99039657592773
2025-11-27 18:24:36.365907,s5-eth3,0.009603424072265625,99.99039657592773
2025-11-27 18:24:37.367238,s1-eth2,0.008963241577148437,99.99103675842285
2025-11-27 18:24:37.367551,s4-eth2,0.008963241577148437,99.99103675842285
2025-11-27 18:24:37.367661,s5-eth3,0.008963241577148437,99.99103675842285
2025-11-27 18:24:38.368969,s1-eth2,0.008963241577148437,99.99103675842285
2025-11-27 18:24:38.369273,s4-eth2,0.008963241577148437,99.99103675842285
2025-11-27 18:24:38.369377,s5-eth3,0.008963241577148437,99.99103675842285
2025-11-27 18:24:39.370676,s1-eth2,0.008963241577148437,99.99103675842285
2025-11-27 18:24:39.370999,s4-eth2,0.008963241577148437,99.99103675842285
2025-11-27 18:24:39.371103,s5-eth3,0.008963241577148437,99.99103675842285
2025-11-27 18:24:40.372404,s1-eth2,0.008963241577148437,99.99103675842285
2025-11-27 18:24:40.372700,s4-eth2,0.008963241577148437,99.99103675842285
2025-11-27 18:24:40.372803,s5-eth3,0.008963241577148437,99.99103675842285
2025-11-27 18:24:41.374083,s1-eth2,0.008963241577148437,99.99103675842285
2025-11-27 18:24:41.374396,s4-eth2,0.008963241577148437,99.99103675842285
2025-11-27 18:24:41.374500,s5-eth3,0.008963241577148437,99.99103675842285
2025-11-27 18:24:42.375786,s1-eth2,0.008963241577148437,99.99103675842285
2025-11-27 18:24:42.376083,s4-eth2,0.008963241577148437,99.99103675842285
2025-11-27 18:24:42.376186,s5-eth3,0.008963241577148437,99.99103675842285
2025-11-27 18:24:43.377525,s1-eth2,65.91309356689453,34.08690643310547
2025-11-27 18:24:43.377850,s4-eth2,0.009603424072265625,99.99039657592773
2025-11-27 18:24:43.377954,s5-eth3,0.008963241577148437,99.99103675842285
2025-11-27 18:24:44.379281,s1-eth2,3.8096060943603516,96.19039390563965
2025-11-27 18:24:44.379586,s4-eth2,0.008963241577148437,99.99103675842285
2025-11-27 18:24:44.379688,s5-eth3,0.008963241577148437,99.99103675842285
2025-11-27 18:24:45.380991,s1-eth2,0.010243682861328126,99.98975631713867
2025-11-27 18:24:45.381299,s4-eth2,0.010243682861328126,99.98975631713867
2025-11-27 18:24:45.381403,s5-eth3,0.009603424072265625,99.99039657592773
2025-11-27 18:24:46.382775,s1-eth2,0.008963241577148437,99.99103675842285
2025-11-27 18:24:46.383101,s4-eth2,0.008963241577148437,99.99103675842285
2025-11-27 18:24:46.383204,s5-eth3,0.008963241577148437,99.99103675842285
2025-11-27 18:24:47.384531,s1-eth2,0.009603424072265625,99.99039657592773
2025-11-27 18:24:47.384826,s4-eth2,0.009603424072265625,99.99039657592773
2025-11-27 18:24:47.384929,s5-eth3,0.008963241577148437,99.99103675842285
2025-11-27 18:24:48.386209,s1-eth2,0.008963241577148437,99.99103675842285
2025-11-27 18:24:48.386503,s4-eth2,0.008963241577148437,99.99103675842285
2025-11-27 18:24:48.386606,s5-eth3,0.008963241577148437,99.99103675842285
2025-11-27 18:24:49.387950,s1-eth2,0.008963241577148437,99.99103675842285
2025-11-27 18:24:49.388260,s4-eth2,0.008963241577148437,99.99103675842285
2025-11-27 18:24:49.388372,s5-eth3,0.009603424072265625,99.99039657592773
2025-11-27 18:24:50.390437,s1-eth2,0.008954238891601563,99.9910457611084
2025-11-27 18:24:50.391016,s4-eth2,0.008954238891601563,99.9910457611084
2025-11-27 18:24:50.391212,s5-eth3,0.008954238891601563,99.9910457611084
2025-11-27 18:24:51.392186,s1-eth2,0.010883865356445312,99.98911613464355
2025-11-27 18:24:51.392388,s4-eth2,0.010883865356445312,99.98911613464355
2025-11-27 18:24:51.392458,s5-eth3,0.011524124145507813,99.98847587585449
2025-11-27 18:24:52.394515,s1-eth2,0.008954238891601563,99.9910457611084
2025-11-27 18:24:52.395143,s4-eth2,0.008954238891601563,99.9910457611084
2025-11-27 18:24:52.395342,s5-eth3,0.008954238891601563,99.9910457611084
2025-11-27 18:24:53.396341,s1-eth2,0.008963241577148437,99.99103675842285
2025-11-27 18:24:53.396561,s4-eth2,0.01923736572265625,99.98076263427734
2025-11-27 18:24:53.396635,s5-eth3,0.009603424072265625,99.99039657592773
2025-11-27 18:24:54.398695,s1-eth2,62.153465270996094,37.846534729003906
2025-11-27 18:24:54.399317,s4-eth2,69.63328552246094,30.366714477539062
2025-11-27 18:24:54.399523,s5-eth3,0.008954238891601563,99.9910457611084
2025-11-27 18:24:55.401659,s1-eth2,0.6922115325927735,99.30778846740722
2025-11-27 18:24:55.402226,s4-eth2,0.008954238891601563,99.9910457611084
2025-11-27 18:24:55.402427,s5-eth3,0.008954238891601563,99.9910457611084
2025-11-27 18:24:56.404611,s1-eth2,0.008954238891601563,99.9910457611084
2025-11-27 18:24:56.405161,s4-eth2,0.008954238891601563,99.9910457611084
2025-11-27 18:24:56.405347,s5-eth3,0.008954238891601563,99.9910457611084
2025-11-27 18:24:57.407491,s1-eth2,0.009593887329101563,99.9904061126709
2025-11-27 18:24:57.408032,s4-eth2,0.009593887329101563,99.9904061126709
2025-11-27 18:24:57.408218,s5-eth3,0.01023345947265625,99.98976654052734
2025-11-27 18:24:58.410305,s1-eth2,0.008954238891601563,99.9910457611084
2025-11-27 18:24:58.410890,s4-eth2,0.008954238891601563,99.9910457611084
2025-11-27 18:24:58.411076,s5-eth3,0.008954238891601563,99.9910457611084
2025-11-27 18:24:59.413165,s1-eth2,0.01023345947265625,99.98976654052734
2025-11-27 18:24:59.413699,s4-eth2,0.01023345947265625,99.98976654052734
2025-11-27 18:24:59.413884,s5-eth3,0.008954238891601563,99.9910457611084
2025-11-27 18:25:00.416017,s1-eth2,0.008954238891601563,99.9910457611084
2025-11-27 18:25:00.416563,s4-eth2,0.008954238891601563,99.9910457611084
2025-11-27 18:25:00.416748,s5-eth3,0.008954238891601563,99.9910457611084
2025-11-27 18:25:01.418881,s1-eth2,0.008954238891601563,99.9910457611084
2025-11-27 18:25:01.419419,s4-eth2,0.008954238891601563,99.9910457611084
2025-11-27 18:25:01.419604,s5-eth3,0.008954238891601563,99.9910457611084
2025-11-27 18:25:02.421694,s1-eth2,0.008954238891601563,99.9910457611084
2025-11-27 18:25:02.422225,s4-eth2,0.008954238891601563,99.9910457611084
2025-11-27 18:25:02.422410,s5-eth3,0.008954238891601563,99.9910457611084
2025-11-27 18:25:03.424534,s1-eth2,0.008954238891601563,99.9910457611084
2025-11-27 18:25:03.425074,s4-eth2,0.008954238891601563,99.9910457611084
2025-11-27 18:25:03.425261,s5-eth3,0.009593887329101563,99.9904061126709
2025-11-27 18:25:04.427393,s1-eth2,0.008954238891601563,99.9910457611084
2025-11-27 18:25:04.427926,s4-eth2,0.008954238891601563,99.9910457611084
2025-11-27 18:25:04.428112,s5-eth3,0.008954238891601563,99.9910457611084
2025-11-27 18:25:05.430207,s1-eth2,0.008954238891601563,99.9910457611084
2025-11-27 18:25:05.430753,s4-eth2,0.008954238891601563,99.9910457611084
2025-11-27 18:25:05.430962,s5-eth3,0.009593887329101563,99.9904061126709
2025-11-27 18:25:06.433069,s1-eth2,0.008954238891601563,99.9910457611084
2025-11-27 18:25:06.433630,s4-eth2,0.008954238891601563,99.9910457611084
2025-11-27 18:25:06.433815,s5-eth3,0.008954238891601563,99.9910457611084
2025-11-27 18:25:07.435966,s1-eth2,0.008954238891601563,99.9910457611084
2025-11-27 18:25:07.436527,s4-eth2,0.008954238891601563,99.9910457611084
2025-11-27 18:25:07.436712,s5-eth3,0.008954238891601563,99.9910457611084
2025-11-27 18:25:08.438826,s1-eth2,0.008954238891601563,99.9910457611084
2025-11-27 18:25:08.439381,s4-eth2,0.008954238891601563,99.9910457611084
2025-11-27 18:25:08.439564,s5-eth3,0.008954238891601563,99.9910457611084
2025-11-27 18:25:09.441660,s1-eth2,0.008954238891601563,99.9910457611084
2025-11-27 18:25:09.442194,s4-eth2,0.008954238891601563,99.9910457611084
2025-11-27 18:25:09.442379,s5-eth3,0.008954238891601563,99.9910457611084
2025-11-27 18:25:10.444513,s1-eth2,0.008954238891601563,99.9910457611084
2025-11-27 18:25:10.445067,s4-eth2,0.008954238891601563,99.9910457611084
2025-11-27 18:25:10.445255,s5-eth3,0.008954238891601563,99.9910457611084
2025-11-27 18:25:11.447395,s1-eth2,0.009593887329101563,99.9904061126709
2025-11-27 18:25:11.447933,s4-eth2,0.009593887329101563,99.9904061126709
2025-11-27 18:25:11.448119,s5-eth3,0.009593887329101563,99.9904061126709
2025-11-27 18:25:12.450220,s1-eth2,0.008954238891601563,99.9910457611084
2025-11-27 18:25:12.450768,s4-eth2,0.008954238891601563,99.9910457611084
2025-11-27 18:25:12.450974,s5-eth3,0.008954238891601563,99.9910457611084
2025-11-27 18:25:13.453093,s1-eth2,0.009593887329101563,99.9904061126709
2025-11-27 18:25:13.453625,s4-eth2,0.009593887329101563,99.9904061126709
2025-11-27 18:25:13.453810,s5-eth3,0.009593887329101563,99.9904061126709
2025-11-27 18:25:14.455963,s1-eth2,0.008954238891601563,99.9910457611084
2025-11-27 18:25:14.456513,s4-eth2,0.008954238891601563,99.9910457611084
2025-11-27 18:25:14.456713,s5-eth3,0.008954238891601563,99.9910457611084
2025-11-27 18:25:15.458899,s1-eth2,0.009593887329101563,99.9904061126709
2025-11-27 18:25:15.459503,s4-eth2,0.009593887329101563,99.9904061126709
2025-11-27 18:25:15.459700,s5-eth3,0.009593887329101563,99.9904061126709
2025-11-27 18:25:16.460702,s1-eth2,0.008963241577148437,99.99103675842285
2025-11-27 18:25:16.460928,s4-eth2,0.008963241577148437,99.99103675842285
2025-11-27 18:25:16.461003,s5-eth3,0.008963241577148437,99.99103675842285
2025-11-27 18:25:17.463240,s1-eth2,0.008954238891601563,99.9910457611084
2025-11-27 18:25:17.463858,s4-eth2,65.11343383789062,34.886566162109375
2025-11-27 18:25:17.464200,s5-eth3,65.04851531982422,34.95148468017578
2025-11-27 18:25:18.466430,s1-eth2,0.009584274291992188,99.990415725708
2025-11-27 18:25:18.467055,s4-eth2,0.009584274291992188,99.990415725708
2025-11-27 18:25:18.467252,s5-eth3,0.016848602294921876,99.98315139770507
2025-11-27 18:25:19.469383,s1-eth2,0.009593887329101563,99.9904061126709
2025-11-27 18:25:19.469918,s4-eth2,0.009593887329101563,99.9904061126709
2025-11-27 18:25:19.470123,s5-eth3,64.95591735839844,35.04408264160156
2025-11-27 18:25:20.471154,s1-eth2,65.03164672851562,34.968353271484375
2025-11-27 18:25:20.471369,s4-eth2,0.009603424072265625,99.99039657592773
2025-11-27 18:25:20.471439,s5-eth3,0.008963241577148437,99.99103675842285
2025-11-27 18:25:21.473476,s1-eth2,69.64073181152344,30.359268188476562
2025-11-27 18:25:21.474040,s4-eth2,0.008954238891601563,99.9910457611084
2025-11-27 18:25:21.474233,s5-eth3,0.008954238891601563,99.9910457611084
2025-11-27 18:25:22.476368,s1-eth2,0.008954238891601563,99.9910457611084
2025-11-27 18:25:22.476941,s4-eth2,0.008954238891601563,99.9910457611084
2025-11-27 18:25:22.477139,s5-eth3,0.008954238891601563,99.9910457611084
2025-11-27 18:25:23.479296,s1-eth2,0.009593887329101563,99.9904061126709
2025-11-27 18:25:23.479834,s4-eth2,0.009593887329101563,99.9904061126709
2025-11-27 18:25:23.480020,s5-eth3,0.009593887329101563,99.9904061126709
2025-11-27 18:25:24.482144,s1-eth2,0.008954238891601563,99.9910457611084
2025-11-27 18:25:24.482693,s4-eth2,0.008954238891601563,99.9910457611084
2025-11-27 18:25:24.482901,s5-eth3,0.008954238891601563,99.9910457611084
2025-11-27 18:25:25.483918,s1-eth2,0.01406982421875,99.98593017578125
2025-11-27 18:25:25.484136,s4-eth2,0.009603424072265625,99.99039657592773
2025-11-27 18:25:25.484205,s5-eth3,0.009603424072265625,99.99039657592773
2025-11-27 18:25:26.486264,s1-eth2,65.06988525390625,34.93011474609375
2025-11-27 18:25:26.486883,s4-eth2,69.64353942871094,30.356460571289062
2025-11-27 18:25:26.487090,s5-eth3,0.009593887329101563,99.9904061126709
2025-11-27 18:25:27.489212,s1-eth2,0.008954238891601563,99.9910457611084
2025-11-27 18:25:27.489745,s4-eth2,0.008954238891601563,99.9910457611084
2025-11-27 18:25:27.489931,s5-eth3,0.008954238891601563,99.9910457611084
2025-11-27 18:25:28.492091,s1-eth2,0.008954238891601563,99.9910457611084
2025-11-27 18:25:28.492632,s4-eth2,0.008954238891601563,99.9910457611084
2025-11-27 18:25:28.492833,s5-eth3,0.008954238891601563,99.9910457611084
2025-11-27 18:25:29.494982,s1-eth2,0.008954238891601563,99.9910457611084
2025-11-27 18:25:29.495539,s4-eth2,0.008954238891601563,99.9910457611084
2025-11-27 18:25:29.495726,s5-eth3,0.008954238891601563,99.9910457611084
2025-11-27 18:25:30.496687,s1-eth2,0.01923736572265625,99.98076263427734
2025-11-27 18:25:30.496886,s4-eth2,0.008963241577148437,99.99103675842285
2025-11-27 18:25:30.496958,s5-eth3,2.294809112548828,97.70519088745117
2025-11-27 18:25:31.497774,s1-eth2,64.33910369873047,35.66089630126953
2025-11-27 18:25:31.497978,s4-eth2,0.008963241577148437,99.99103675842285
2025-11-27 18:25:31.498051,s5-eth3,62.742252349853516,37.257747650146484
2025-11-27 18:25:32.500069,s1-eth2,0.009593887329101563,99.9904061126709
2025-11-27 18:25:32.500607,s4-eth2,0.009593887329101563,99.9904061126709
2025-11-27 18:25:32.500803,s5-eth3,0.009593887329101563,99.9904061126709
2025-11-27 18:25:33.502921,s1-eth2,0.008954238891601563,99.9910457611084
2025-11-27 18:25:33.503457,s4-eth2,0.008954238891601563,99.9910457611084
2025-11-27 18:25:33.503645,s5-eth3,0.008954238891601563,99.9910457611084
2025-11-27 18:25:34.505791,s1-eth2,0.009593887329101563,99.9904061126709
2025-11-27 18:25:34.506366,s4-eth2,0.0140557861328125,99.98594421386719
2025-11-27 18:25:34.506569,s5-eth3,0.0134161376953125,99.98658386230468
2025-11-27 18:25:35.508716,s1-eth2,0.008954238891601563,99.9910457611084
2025-11-27 18:25:35.509310,s4-eth2,69.45820617675781,30.541793823242188
2025-11-27 18:25:35.509517,s5-eth3,69.45820617675781,30.541793823242188
2025-11-27 18:25:36.511695,s1-eth2,0.009593887329101563,99.9904061126709
2025-11-27 18:25:36.512232,s4-eth2,0.009593887329101563,99.9904061126709
2025-11-27 18:25:36.512418,s5-eth3,0.01023345947265625,99.98976654052734
2025-11-27 18:25:37.514549,s1-eth2,0.008954238891601563,99.9910457611084
2025-11-27 18:25:37.515122,s4-eth2,0.008954238891601563,99.9910457611084
2025-11-27 18:25:37.515309,s5-eth3,0.008954238891601563,99.9910457611084
2025-11-27 18:25:38.517487,s1-eth2,69.63438415527344,30.365615844726562
2025-11-27 18:25:38.518042,s4-eth2,0.009593887329101563,99.9904061126709
2025-11-27 18:25:38.518232,s5-eth3,0.009593887329101563,99.9904061126709
2025-11-27 18:25:39.520417,s1-eth2,0.018837432861328125,99.98116256713867
2025-11-27 18:25:39.520978,s4-eth2,0.008954238891601563,99.9910457611084
2025-11-27 18:25:39.521165,s5-eth3,0.008954238891601563,99.9910457611084
2025-11-27 18:25:40.523345,s1-eth2,0.009593887329101563,99.9904061126709
2025-11-27 18:25:40.523901,s4-eth2,0.009593887329101563,99.9904061126709
2025-11-27 18:25:40.524087,s5-eth3,0.010873031616210938,99.98912696838379
2025-11-27 18:25:41.526218,s1-eth2,0.008954238891601563,99.9910457611084
2025-11-27 18:25:41.526791,s4-eth2,0.008954238891601563,99.9910457611084
2025-11-27 18:25:41.527014,s5-eth3,0.008954238891601563,99.9910457611084
2025-11-27 18:25:42.529145,s1-eth2,0.009593887329101563,99.9904061126709
2025-11-27 18:25:42.529678,s4-eth2,0.009593887329101563,99.9904061126709
2025-11-27 18:25:42.529864,s5-eth3,0.009593887329101563,99.9904061126709
2025-11-27 18:25:43.532028,s1-eth2,0.008954238891601563,99.9910457611084
2025-11-27 18:25:43.532564,s4-eth2,0.008954238891601563,99.9910457611084
2025-11-27 18:25:43.532752,s5-eth3,0.008954238891601563,99.9910457611084
2025-11-27 18:25:44.534898,s1-eth2,0.009593887329101563,99.9904061126709
2025-11-27 18:25:44.535453,s4-eth2,0.009593887329101563,99.9904061126709
2025-11-27 18:25:44.535641,s5-eth3,0.008954238891601563,99.9910457611084
2025-11-27 18:25:45.537064,s1-eth2,64.278564453125,35.721435546875
2025-11-27 18:25:45.537390,s4-eth2,0.008963241577148437,99.99103675842285
2025-11-27 18:25:45.537495,s5-eth3,0.008963241577148437,99.99103675842285
2025-11-27 18:25:46.538796,s1-eth2,0.016234359741210937,99.9837656402588
2025-11-27 18:25:46.539147,s4-eth2,0.009603424072265625,99.99039657592773
2025-11-27 18:25:46.539251,s5-eth3,0.009603424072265625,99.99039657592773
2025-11-27 18:25:47.540552,s1-eth2,0.008963241577148437,99.99103675842285
2025-11-27 18:25:47.540847,s4-eth2,0.008963241577148437,99.99103675842285
2025-11-27 18:25:47.540952,s5-eth3,0.008963241577148437,99.99103675842285
2025-11-27 18:25:48.542297,s1-eth2,0.008963241577148437,99.99103675842285
2025-11-27 18:25:48.542612,s4-eth2,0.008963241577148437,99.99103675842285
2025-11-27 18:25:48.542723,s5-eth3,0.008963241577148437,99.99103675842285
2025-11-27 18:25:49.544087,s1-eth2,0.008963241577148437,99.99103675842285
2025-11-27 18:25:49.544396,s4-eth2,0.008963241577148437,99.99103675842285
2025-11-27 18:25:49.544507,s5-eth3,0.008963241577148437,99.99103675842285
2025-11-27 18:25:50.545846,s1-eth2,0.009603424072265625,99.99039657592773
2025-11-27 18:25:50.546169,s4-eth2,6.2606005859375,93.7393994140625
2025-11-27 18:25:50.546285,s5-eth3,0.008963241577148437,99.99103675842285
2025-11-27 18:25:51.547609,s1-eth2,0.008963241577148437,99.99103675842285
2025-11-27 18:25:51.547922,s4-eth2,63.462623596191406,36.537376403808594
2025-11-27 18:25:51.548036,s5-eth3,0.008963241577148437,99.99103675842285
2025-11-27 18:25:52.549334,s1-eth2,0.008963241577148437,99.99103675842285
2025-11-27 18:25:52.549630,s4-eth2,0.008963241577148437,99.99103675842285
2025-11-27 18:25:52.549741,s5-eth3,0.008963241577148437,99.99103675842285
2025-11-27 18:25:53.550405,s1-eth2,0.008963241577148437,99.99103675842285
2025-11-27 18:25:53.550524,s4-eth2,0.00897216796875,99.99102783203125
2025-11-27 18:25:53.550566,s5-eth3,0.00897216796875,99.99102783203125
2025-11-27 18:25:54.551834,s1-eth2,0.008963241577148437,99.99103675842285
2025-11-27 18:25:54.552159,s4-eth2,0.008963241577148437,99.99103675842285
2025-11-27 18:25:54.552277,s5-eth3,0.008963241577148437,99.99103675842285
2025-11-27 18:25:55.552936,s1-eth2,0.008963241577148437,99.99103675842285
2025-11-27 18:25:55.553060,s4-eth2,0.00897216796875,99.99102783203125
2025-11-27 18:25:55.553102,s5-eth3,0.00897216796875,99.99102783203125
2025-11-27 18:25:56.554353,s1-eth2,0.009603424072265625,99.99039657592773
2025-11-27 18:25:56.554657,s4-eth2,0.009603424072265625,99.99039657592773
2025-11-27 18:25:56.554780,s5-eth3,0.009603424072265625,99.99039657592773
2025-11-27 18:25:57.556123,s1-eth2,0.008963241577148437,99.99103675842285
2025-11-27 18:25:57.556436,s4-eth2,0.008963241577148437,99.99103675842285
2025-11-27 18:25:57.556541,s5-eth3,0.008963241577148437,99.99103675842285
2025-11-27 18:25:58.557842,s1-eth2,0.008963241577148437,99.99103675842285
2025-11-27 18:25:58.558154,s4-eth2,0.008963241577148437,99.99103675842285
2025-11-27 18:25:58.558267,s5-eth3,0.008963241577148437,99.99103675842285
2025-11-27 18:25:59.559609,s1-eth2,0.009710159301757813,99.99028984069824
2025-11-27 18:25:59.559906,s4-eth2,0.008963241577148437,99.99103675842285
2025-11-27 18:25:59.560011,s5-eth3,0.008963241577148437,99.99103675842285
2025-11-27 18:26:00.561322,s1-eth2,0.009603424072265625,99.99039657592773
2025-11-27 18:26:00.561617,s4-eth2,0.010350341796875,99.98964965820312
2025-11-27 18:26:00.561724,s5-eth3,0.010243682861328126,99.98975631713867
2025-11-27 18:26:01.563040,s1-eth2,0.008963241577148437,99.99103675842285
2025-11-27 18:26:01.563345,s4-eth2,0.008963241577148437,99.99103675842285
2025-11-27 18:26:01.563449,s5-eth3,0.008963241577148437,99.99103675842285
2025-11-27 18:26:02.564743,s1-eth2,0.009603424072265625,99.99039657592773
2025-11-27 18:26:02.565039,s4-eth2,0.009603424072265625,99.99039657592773
2025-11-27 18:26:02.565143,s5-eth3,0.009603424072265625,99.99039657592773
2025-11-27 18:26:03.566409,s1-eth2,0.008963241577148437,99.99103675842285
2025-11-27 18:26:03.566711,s4-eth2,0.008963241577148437,99.99103675842285
2025-11-27 18:26:03.566815,s5-eth3,0.008963241577148437,99.99103675842285
2025-11-27 18:26:04.568121,s1-eth2,0.009603424072265625,99.99039657592773
2025-11-27 18:26:04.568420,s4-eth2,0.009603424072265625,99.99039657592773
2025-11-27 18:26:04.568525,s5-eth3,0.009603424072265625,99.99039657592773
2025-11-27 18:26:05.569850,s1-eth2,0.0134295654296875,99.98657043457031
2025-11-27 18:26:05.570179,s4-eth2,0.008963241577148437,99.99103675842285
2025-11-27 18:26:05.570284,s5-eth3,0.008963241577148437,99.99103675842285
2025-11-27 18:26:06.571647,s1-eth2,65.02371978759766,34.976280212402344
2025-11-27 18:26:06.571973,s4-eth2,0.009603424072265625,99.99039657592773
2025-11-27 18:26:06.572078,s5-eth3,0.009603424072265625,99.99039657592773
2025-11-27 18:26:07.573390,s1-eth2,0.009603424072265625,99.99039657592773
2025-11-27 18:26:07.573700,s4-eth2,0.009603424072265625,99.99039657592773
2025-11-27 18:26:07.573806,s5-eth3,0.009603424072265625,99.99039657592773
2025-11-27 18:26:08.575154,s1-eth2,0.008963241577148437,99.99103675842285
2025-11-27 18:26:08.575507,s4-eth2,0.008963241577148437,99.99103675842285
2025-11-27 18:26:08.575622,s5-eth3,0.009603424072265625,99.99039657592773
2025-11-27 18:26:09.577648,s1-eth2,0.008954238891601563,99.9910457611084
2025-11-27 18:26:09.578195,s4-eth2,0.008954238891601563,99.9910457611084
2025-11-27 18:26:09.578382,s5-eth3,0.008954238891601563,99.9910457611084
2025-11-27 18:26:10.580481,s1-eth2,0.008954238891601563,99.9910457611084
2025-11-27 18:26:10.581035,s4-eth2,0.008954238891601563,99.9910457611084
2025-11-27 18:26:10.581221,s5-eth3,0.008954238891601563,99.9910457611084
2025-11-27 18:26:11.583399,s1-eth2,0.008954238891601563,99.9910457611084
2025-11-27 18:26:11.583973,s4-eth2,0.008954238891601563,99.9910457611084
2025-11-27 18:26:11.584159,s5-eth3,0.008954238891601563,99.9910457611084
2025-11-27 18:26:12.586280,s1-eth2,0.008954238891601563,99.9910457611084
2025-11-27 18:26:12.586892,s4-eth2,0.008954238891601563,99.9910457611084
2025-11-27 18:26:12.587081,s5-eth3,0.008954238891601563,99.9910457611084
2025-11-27 18:26:13.589198,s1-eth2,0.009593887329101563,99.9904061126709
2025-11-27 18:26:13.589736,s4-eth2,0.009593887329101563,99.9904061126709
2025-11-27 18:26:13.589923,s5-eth3,0.009593887329101563,99.9904061126709
2025-11-27 18:26:14.590636,s1-eth2,0.008963241577148437,99.99103675842285
2025-11-27 18:26:14.590756,s4-eth2,0.0134295654296875,99.98657043457031
2025-11-27 18:26:14.590797,s5-eth3,0.00897216796875,99.99102783203125
2025-11-27 18:26:15.591370,s1-eth2,0.00897216796875,99.99102783203125
2025-11-27 18:26:15.591490,s4-eth2,69.77885437011719,30.221145629882812
2025-11-27 18:26:15.591531,s5-eth3,0.00897216796875,99.99102783203125
2025-11-27 18:26:16.592796,s1-eth2,0.008963241577148437,99.99103675842285
2025-11-27 18:26:16.593102,s4-eth2,0.008963241577148437,99.99103675842285
2025-11-27 18:26:16.593205,s5-eth3,0.008963241577148437,99.99103675842285
2025-11-27 18:26:17.594517,s1-eth2,0.46724517822265627,99.53275482177735
2025-11-27 18:26:17.594827,s4-eth2,0.008963241577148437,99.99103675842285
2025-11-27 18:26:17.594957,s5-eth3,0.008963241577148437,99.99103675842285
2025-11-27 18:26:18.596275,s1-eth2,69.25482177734375,30.74517822265625
2025-11-27 18:26:18.596590,s4-eth2,0.008963241577148437,99.99103675842285
2025-11-27 18:26:18.596700,s5-eth3,0.008963241577148437,99.99103675842285
2025-11-27 18:26:19.598000,s1-eth2,0.009603424072265625,99.99039657592773
2025-11-27 18:26:19.598299,s4-eth2,0.009603424072265625,99.99039657592773
2025-11-27 18:26:19.598403,s5-eth3,0.008963241577148437,99.99103675842285
2025-11-27 18:26:20.599351,s1-eth2,0.01923736572265625,99.98076263427734
2025-11-27 18:26:20.599560,s4-eth2,0.0134295654296875,99.98657043457031
2025-11-27 18:26:20.599631,s5-eth3,0.0134295654296875,99.98657043457031
2025-11-27 18:26:21.600158,s1-eth2,65.08360290527344,34.91639709472656
2025-11-27 18:26:21.600265,s4-eth2,68.49532318115234,31.504676818847656
2025-11-27 18:26:21.600301,s5-eth3,68.84395599365234,31.156044006347656
2025-11-27 18:26:22.601547,s1-eth2,0.008963241577148437,99.99103675842285
2025-11-27 18:26:22.601868,s4-eth2,0.008963241577148437,99.99103675842285
2025-11-27 18:26:22.601984,s5-eth3,64.67864990234375,35.32135009765625
2025-11-27 18:26:23.603326,s1-eth2,0.008963241577148437,99.99103675842285
2025-11-27 18:26:23.603622,s4-eth2,0.008963241577148437,99.99103675842285
2025-11-27 18:26:23.603725,s5-eth3,0.009603424072265625,99.99039657592773
2025-11-27 18:26:24.604999,s1-eth2,0.008963241577148437,99.99103675842285
2025-11-27 18:26:24.605295,s4-eth2,0.008963241577148437,99.99103675842285
2025-11-27 18:26:24.605403,s5-eth3,0.008963241577148437,99.99103675842285
2025-11-27 18:26:25.606674,s1-eth2,0.010243682861328126,99.98975631713867
2025-11-27 18:26:25.606994,s4-eth2,0.010243682861328126,99.98975631713867
2025-11-27 18:26:25.607097,s5-eth3,0.009603424072265625,99.99039657592773
2025-11-27 18:26:26.608357,s1-eth2,0.008963241577148437,99.99103675842285
2025-11-27 18:26:26.608655,s4-eth2,0.008963241577148437,99.99103675842285
2025-11-27 18:26:26.608758,s5-eth3,0.008963241577148437,99.99103675842285
2025-11-27 18:26:27.609357,s1-eth2,0.009603424072265625,99.99039657592773
2025-11-27 18:26:27.609475,s4-eth2,0.009613037109375,99.99038696289062
2025-11-27 18:26:27.609515,s5-eth3,0.009613037109375,99.99038696289062
2025-11-27 18:26:28.610066,s1-eth2,0.696563720703125,99.30343627929688
2025-11-27 18:26:28.610193,s4-eth2,0.00897216796875,99.99102783203125
2025-11-27 18:26:28.610234,s5-eth3,0.00897216796875,99.99102783203125
2025-11-27 18:26:29.611525,s1-eth2,63.66415786743164,36.33584213256836
2025-11-27 18:26:29.611866,s4-eth2,0.010243682861328126,99.98975631713867
2025-11-27 18:26:29.611970,s5-eth3,0.009603424072265625,99.99039657592773
2025-11-27 18:26:30.612622,s1-eth2,0.008963241577148437,99.99103675842285
2025-11-27 18:26:30.612742,s4-eth2,0.00897216796875,99.99102783203125
2025-11-27 18:26:30.612785,s5-eth3,6.2682342529296875,93.73176574707031
2025-11-27 18:26:31.613684,s1-eth2,0.008963241577148437,99.99103675842285
2025-11-27 18:26:31.613912,s4-eth2,0.008963241577148437,99.99103675842285
2025-11-27 18:26:31.613989,s5-eth3,58.77560043334961,41.22439956665039
2025-11-27 18:26:32.614587,s1-eth2,0.00897216796875,99.99102783203125
2025-11-27 18:26:32.614707,s4-eth2,0.0134429931640625,99.98655700683594
2025-11-27 18:26:32.614749,s5-eth3,0.0134429931640625,99.98655700683594
2025-11-27 18:26:33.615999,s1-eth2,0.009603424072265625,99.99039657592773
2025-11-27 18:26:33.616322,s4-eth2,69.52772521972656,30.472274780273438
2025-11-27 18:26:33.616434,s5-eth3,69.52772521972656,30.472274780273438
2025-11-27 18:26:34.617786,s1-eth2,69.70752716064453,30.29247283935547
2025-11-27 18:26:34.618095,s4-eth2,0.008963241577148437,99.99103675842285
2025-11-27 18:26:34.618199,s5-eth3,0.008963241577148437,99.99103675842285
2025-11-27 18:26:35.619546,s1-eth2,0.015708465576171875,99.98429153442383
2025-11-27 18:26:35.619860,s4-eth2,0.009603424072265625,99.99039657592773
2025-11-27 18:26:35.619967,s5-eth3,0.010243682861328126,99.98975631713867
2025-11-27 18:26:36.621244,s1-eth2,0.008963241577148437,99.99103675842285
2025-11-27 18:26:36.621540,s4-eth2,0.008963241577148437,99.99103675842285
2025-11-27 18:26:36.621649,s5-eth3,0.008963241577148437,99.99103675842285
2025-11-27 18:26:37.622956,s1-eth2,0.008963241577148437,99.99103675842285
2025-11-27 18:26:37.623253,s4-eth2,0.008963241577148437,99.99103675842285
2025-11-27 18:26:37.623364,s5-eth3,0.009603424072265625,99.99039657592773
2025-11-27 18:26:38.623968,s1-eth2,0.008963241577148437,99.99103675842285
2025-11-27 18:26:38.624083,s4-eth2,0.00897216796875,99.99102783203125
2025-11-27 18:26:38.624121,s5-eth3,0.00897216796875,99.99102783203125
2025-11-27 18:26:39.624649,s1-eth2,0.00897216796875,99.99102783203125
2025-11-27 18:26:39.624763,s4-eth2,0.00897216796875,99.99102783203125
2025-11-27 18:26:39.624801,s5-eth3,0.009613037109375,99.99038696289062
2025-11-27 18:26:40.625331,s1-eth2,0.00897216796875,99.99102783203125
2025-11-27 18:26:40.625452,s4-eth2,0.00897216796875,99.99102783203125
2025-11-27 18:26:40.625490,s5-eth3,0.00897216796875,99.99102783203125
2025-11-27 18:26:41.626738,s1-eth2,0.008963241577148437,99.99103675842285
2025-11-27 18:26:41.627075,s4-eth2,0.008963241577148437,99.99103675842285
2025-11-27 18:26:41.627180,s5-eth3,0.008963241577148437,99.99103675842285
2025-11-27 18:26:42.627751,s1-eth2,0.008963241577148437,99.99103675842285
2025-11-27 18:26:42.627858,s4-eth2,11.25323486328125,88.74676513671875
2025-11-27 18:26:42.627895,s5-eth3,0.00897216796875,99.99102783203125
2025-11-27 18:26:43.629766,s1-eth2,0.008954238891601563,99.9910457611084
2025-11-27 18:26:43.630354,s4-eth2,58.42168045043945,41.57831954956055
2025-11-27 18:26:43.630556,s5-eth3,0.008954238891601563,99.9910457611084
2025-11-27 18:26:44.632761,s1-eth2,0.008954238891601563,99.9910457611084
2025-11-27 18:26:44.633321,s4-eth2,0.008954238891601563,99.9910457611084
2025-11-27 18:26:44.633518,s5-eth3,0.008954238891601563,99.9910457611084
2025-11-27 18:26:45.635687,s1-eth2,0.008954238891601563,99.9910457611084
2025-11-27 18:26:45.636241,s4-eth2,0.008954238891601563,99.9910457611084
2025-11-27 18:26:45.636426,s5-eth3,0.008954238891601563,99.9910457611084
2025-11-27 18:26:46.638587,s1-eth2,0.009700469970703125,99.99029953002929
2025-11-27 18:26:46.639154,s4-eth2,0.009700469970703125,99.99029953002929
2025-11-27 18:26:46.639341,s5-eth3,0.008954238891601563,99.9910457611084
2025-11-27 18:26:47.641493,s1-eth2,0.009593887329101563,99.9904061126709
2025-11-27 18:26:47.642028,s4-eth2,0.009593887329101563,99.9904061126709
2025-11-27 18:26:47.642216,s5-eth3,0.009593887329101563,99.9904061126709
2025-11-27 18:26:48.644404,s1-eth2,64.28009796142578,35.71990203857422
2025-11-27 18:26:48.644974,s4-eth2,0.008954238891601563,99.9910457611084
2025-11-27 18:26:48.645172,s5-eth3,0.008954238891601563,99.9910457611084
2025-11-27 18:26:49.646151,s1-eth2,0.015205459594726562,99.98479454040528
2025-11-27 18:26:49.646363,s4-eth2,0.009603424072265625,99.99039657592773
2025-11-27 18:26:49.646432,s5-eth3,0.009603424072265625,99.99039657592773
2025-11-27 18:26:50.648480,s1-eth2,0.009593887329101563,99.9904061126709
2025-11-27 18:26:50.649053,s4-eth2,0.009593887329101563,99.9904061126709
2025-11-27 18:26:50.649240,s5-eth3,0.008954238891601563,99.9910457611084
2025-11-27 18:26:51.651398,s1-eth2,0.008954238891601563,99.9910457611084
2025-11-27 18:26:51.651955,s4-eth2,0.008954238891601563,99.9910457611084
2025-11-27 18:26:51.652141,s5-eth3,0.008954238891601563,99.9910457611084
2025-11-27 18:26:52.654265,s1-eth2,0.009593887329101563,99.9904061126709
2025-11-27 18:26:52.654797,s4-eth2,0.009593887329101563,99.9904061126709
2025-11-27 18:26:52.655006,s5-eth3,0.008954238891601563,99.9910457611084
2025-11-27 18:26:53.657130,s1-eth2,0.008954238891601563,99.9910457611084
2025-11-27 18:26:53.657675,s4-eth2,0.008954238891601563,99.9910457611084
2025-11-27 18:26:53.657861,s5-eth3,0.008954238891601563,99.9910457611084
2025-11-27 18:26:54.660093,s1-eth2,0.009593887329101563,99.9904061126709
2025-11-27 18:26:54.660641,s4-eth2,0.009593887329101563,99.9904061126709
2025-11-27 18:26:54.660840,s5-eth3,0.009593887329101563,99.9904061126709
2025-11-27 18:26:55.663016,s1-eth2,0.008954238891601563,99.9910457611084
2025-11-27 18:26:55.663578,s4-eth2,0.008954238891601563,99.9910457611084
2025-11-27 18:26:55.663775,s5-eth3,0.008954238891601563,99.9910457611084
2025-11-27 18:26:56.665921,s1-eth2,0.009593887329101563,99.9904061126709
2025-11-27 18:26:56.666456,s4-eth2,0.009593887329101563,99.9904061126709
2025-11-27 18:26:56.666643,s5-eth3,0.009593887329101563,99.9904061126709
2025-11-27 18:26:57.668810,s1-eth2,0.008954238891601563,99.9910457611084
2025-11-27 18:26:57.669350,s4-eth2,0.008954238891601563,99.9910457611084
2025-11-27 18:26:57.669549,s5-eth3,0.008954238891601563,99.9910457611084
2025-11-27 18:26:58.670354,s1-eth2,0.008963241577148437,99.99103675842285
2025-11-27 18:26:58.670477,s4-eth2,0.008963241577148437,99.99103675842285
2025-11-27 18:26:58.670518,s5-eth3,0.00897216796875,99.99102783203125
2025-11-27 18:26:59.671795,s1-eth2,0.008963241577148437,99.99103675842285
2025-11-27 18:26:59.672118,s4-eth2,0.008963241577148437,99.99103675842285
2025-11-27 18:26:59.672235,s5-eth3,0.008963241577148437,99.99103675842285
2025-11-27 18:27:00.672861,s1-eth2,2.1779062652587893,97.82209373474122
2025-11-27 18:27:00.672977,s4-eth2,0.00897216796875,99.99102783203125
2025-11-27 18:27:00.673016,s5-eth3,0.00897216796875,99.99102783203125
2025-11-27 18:27:01.673582,s1-eth2,67.61168670654297,32.38831329345703
2025-11-27 18:27:01.673702,s4-eth2,0.009613037109375,99.99038696289062
2025-11-27 18:27:01.673742,s5-eth3,0.009613037109375,99.99038696289062
2025-11-27 18:27:02.675004,s1-eth2,0.009603424072265625,99.99039657592773
2025-11-27 18:27:02.675343,s4-eth2,0.009603424072265625,99.99039657592773
2025-11-27 18:27:02.675453,s5-eth3,0.009603424072265625,99.99039657592773
2025-11-27 18:27:03.676794,s1-eth2,0.008963241577148437,99.99103675842285
2025-11-27 18:27:03.677104,s4-eth2,0.008963241577148437,99.99103675842285
2025-11-27 18:27:03.677210,s5-eth3,0.008963241577148437,99.99103675842285
2025-11-27 18:27:04.678548,s1-eth2,0.008963241577148437,99.99103675842285
2025-11-27 18:27:04.678908,s4-eth2,0.008963241577148437,99.99103675842285
2025-11-27 18:27:04.679013,s5-eth3,0.008963241577148437,99.99103675842285
2025-11-27 18:27:05.680343,s1-eth2,0.008963241577148437,99.99103675842285
2025-11-27 18:27:05.680671,s4-eth2,0.008963241577148437,99.99103675842285
2025-11-27 18:27:05.680774,s5-eth3,0.008963241577148437,99.99103675842285
2025-11-27 18:27:06.682100,s1-eth2,0.009603424072265625,99.99039657592773
2025-11-27 18:27:06.682405,s4-eth2,0.009603424072265625,99.99039657592773
2025-11-27 18:27:06.682509,s5-eth3,0.009603424072265625,99.99039657592773
2025-11-27 18:27:07.683974,s1-eth2,0.009710159301757813,99.99028984069824
2025-11-27 18:27:07.684539,s4-eth2,0.008954238891601563,99.9910457611084
2025-11-27 18:27:07.684730,s5-eth3,0.008954238891601563,99.9910457611084
2025-11-27 18:27:08.686208,s1-eth2,0.008954238891601563,99.9910457611084
2025-11-27 18:27:08.686546,s4-eth2,0.009700469970703125,99.99029953002929
2025-11-27 18:27:08.686653,s5-eth3,0.009603424072265625,99.99039657592773
2025-11-27 18:27:09.688018,s1-eth2,0.008963241577148437,99.99103675842285
2025-11-27 18:27:09.688344,s4-eth2,0.008963241577148437,99.99103675842285
2025-11-27 18:27:09.688449,s5-eth3,0.008963241577148437,99.99103675842285
2025-11-27 18:27:10.689793,s1-eth2,0.009603424072265625,99.99039657592773
2025-11-27 18:27:10.690116,s4-eth2,0.009603424072265625,99.99039657592773
2025-11-27 18:27:10.690220,s5-eth3,0.010883865356445312,99.98911613464355
2025-11-27 18:27:11.691558,s1-eth2,0.008963241577148437,99.99103675842285
2025-11-27 18:27:11.691854,s4-eth2,0.008963241577148437,99.99103675842285
2025-11-27 18:27:11.691959,s5-eth3,0.008963241577148437,99.99103675842285
2025-11-27 18:27:12.692879,s1-eth2,0.020517807006835937,99.97948219299316
2025-11-27 18:27:12.693096,s4-eth2,0.010243682861328126,99.98975631713867
2025-11-27 18:27:12.693166,s5-eth3,0.010243682861328126,99.98975631713867
2025-11-27 18:27:13.695237,s1-eth2,64.95242309570312,35.047576904296875
2025-11-27 18:27:13.695836,s4-eth2,0.008954238891601563,99.9910457611084
2025-11-27 18:27:13.696024,s5-eth3,0.008954238891601563,99.9910457611084
2025-11-27 18:27:14.698188,s1-eth2,0.009593887329101563,99.9904061126709
2025-11-27 18:27:14.698735,s4-eth2,0.009593887329101563,99.9904061126709
2025-11-27 18:27:14.698942,s5-eth3,0.008954238891601563,99.9910457611084
2025-11-27 18:27:15.701080,s1-eth2,0.009274063110351562,99.99072593688965
2025-11-27 18:27:15.701620,s4-eth2,0.009274063110351562,99.99072593688965
2025-11-27 18:27:15.701808,s5-eth3,0.008954238891601563,99.9910457611084
2025-11-27 18:27:16.703973,s1-eth2,0.009274063110351562,99.99072593688965
2025-11-27 18:27:16.704509,s4-eth2,0.009274063110351562,99.99072593688965
2025-11-27 18:27:16.704694,s5-eth3,0.008954238891601563,99.9910457611084
2025-11-27 18:27:17.706818,s1-eth2,0.008954238891601563,99.9910457611084
2025-11-27 18:27:17.707397,s4-eth2,0.008954238891601563,99.9910457611084
2025-11-27 18:27:17.707584,s5-eth3,0.008954238891601563,99.9910457611084
2025-11-27 18:27:18.709740,s1-eth2,0.008954238891601563,99.9910457611084
2025-11-27 18:27:18.710274,s4-eth2,0.008954238891601563,99.9910457611084
2025-11-27 18:27:18.710461,s5-eth3,0.008954238891601563,99.9910457611084
2025-11-27 18:27:19.711425,s1-eth2,1.8061925506591796,98.19380744934082
2025-11-27 18:27:19.711631,s4-eth2,0.008963241577148437,99.99103675842285
2025-11-27 18:27:19.711697,s5-eth3,0.008963241577148437,99.99103675842285
2025-11-27 18:27:20.713725,s1-eth2,63.1672477722168,36.8327522277832
2025-11-27 18:27:20.714292,s4-eth2,0.008954238891601563,99.9910457611084
2025-11-27 18:27:20.714478,s5-eth3,0.008954238891601563,99.9910457611084
2025-11-27 18:27:21.716621,s1-eth2,0.008954238891601563,99.9910457611084
2025-11-27 18:27:21.717174,s4-eth2,0.008954238891601563,99.9910457611084
2025-11-27 18:27:21.717359,s5-eth3,0.008954238891601563,99.9910457611084
2025-11-27 18:27:22.718757,s1-eth2,0.008954238891601563,99.9910457611084
2025-11-27 18:27:22.719101,s4-eth2,0.02772041320800781,99.972279586792
2025-11-27 18:27:22.719218,s5-eth3,0.01808647155761719,99.98191352844238
2025-11-27 18:27:23.721320,s1-eth2,0.008208084106445312,99.99179191589356
2025-11-27 18:27:23.721905,s4-eth2,90.83063507080078,9.169364929199219
2025-11-27 18:27:23.722132,s5-eth3,28.82868766784668,71.17131233215332
2025-11-27 18:27:24.723178,s1-eth2,0.009710159301757813,99.99028984069824
2025-11-27 18:27:24.723404,s4-eth2,48.04091262817383,51.95908737182617
2025-11-27 18:27:24.723483,s5-eth3,45.20066452026367,54.79933547973633
2025-11-27 18:27:25.725543,s1-eth2,0.009593887329101563,99.9904061126709
2025-11-27 18:27:25.726117,s4-eth2,0.009593887329101563,99.9904061126709
2025-11-27 18:27:25.726326,s5-eth3,75.56441497802734,24.435585021972656
2025-11-27 18:27:26.728510,s1-eth2,0.008954238891601563,99.9910457611084
2025-11-27 18:27:26.729047,s4-eth2,0.008954238891601563,99.9910457611084
2025-11-27 18:27:26.729258,s5-eth3,49.69594192504883,50.30405807495117
2025-11-27 18:27:27.731469,s1-eth2,4.523880920410156,95.47611907958985
2025-11-27 18:27:27.732058,s4-eth2,0.009584274291992188,99.990415725708
2025-11-27 18:27:27.732246,s5-eth3,0.008954238891601563,99.9910457611084
2025-11-27 18:27:28.734406,s1-eth2,59.772159576416016,40.227840423583984
2025-11-27 18:27:28.735010,s4-eth2,0.009700469970703125,99.99029953002929
2025-11-27 18:27:28.735199,s5-eth3,0.008954238891601563,99.9910457611084
2025-11-27 18:27:29.735915,s1-eth2,0.008963241577148437,99.99103675842285
2025-11-27 18:27:29.736035,s4-eth2,0.008963241577148437,99.99103675842285
2025-11-27 18:27:29.736074,s5-eth3,0.00897216796875,99.99102783203125
2025-11-27 18:27:30.737393,s1-eth2,0.010243682861328126,99.98975631713867
2025-11-27 18:27:30.737705,s4-eth2,0.010243682861328126,99.98975631713867
2025-11-27 18:27:30.737809,s5-eth3,0.010243682861328126,99.98975631713867
2025-11-27 18:27:31.738499,s1-eth2,0.008963241577148437,99.99103675842285
2025-11-27 18:27:31.738609,s4-eth2,0.00897216796875,99.99102783203125
2025-11-27 18:27:31.738651,s5-eth3,0.00897216796875,99.99102783203125
2025-11-27 18:27:32.739954,s1-eth2,0.008963241577148437,99.99103675842285
2025-11-27 18:27:32.740270,s4-eth2,0.008963241577148437,99.99103675842285
2025-11-27 18:27:32.740380,s5-eth3,0.008963241577148437,99.99103675842285
2025-11-27 18:27:33.741725,s1-eth2,0.008963241577148437,99.99103675842285
2025-11-27 18:27:33.742019,s4-eth2,0.008963241577148437,99.99103675842285
2025-11-27 18:27:33.742123,s5-eth3,0.008963241577148437,99.99103675842285
2025-11-27 18:27:34.743427,s1-eth2,0.010883865356445312,99.98911613464355
2025-11-27 18:27:34.743725,s4-eth2,0.010883865356445312,99.98911613464355
2025-11-27 18:27:34.743830,s5-eth3,0.011524124145507813,99.98847587585449
2025-11-27 18:27:35.744445,s1-eth2,0.00821624755859375,99.9917837524414
2025-11-27 18:27:35.744560,s4-eth2,0.0082244873046875,99.99177551269531
2025-11-27 18:27:35.744599,s5-eth3,0.00897216796875,99.99102783203125
2025-11-27 18:27:36.746080,s1-eth2,0.008963241577148437,99.99103675842285
2025-11-27 18:27:36.746428,s4-eth2,19.926820755004883,80.07317924499512
2025-11-27 18:27:36.746545,s5-eth3,0.008963241577148437,99.99103675842285
2025-11-27 18:27:37.748657,s1-eth2,0.009700469970703125,99.99029953002929
2025-11-27 18:27:37.749216,s4-eth2,49.75657653808594,50.24342346191406
2025-11-27 18:27:37.749424,s5-eth3,0.0192181396484375,99.98078186035156
2025-11-27 18:27:38.751581,s1-eth2,0.008954238891601563,99.9910457611084
2025-11-27 18:27:38.752160,s4-eth2,69.45191955566406,30.548080444335938
2025-11-27 18:27:38.752355,s5-eth3,69.45191955566406,30.548080444335938
2025-11-27 18:27:39.754518,s1-eth2,0.008954238891601563,99.9910457611084
2025-11-27 18:27:39.755071,s4-eth2,0.008954238891601563,99.9910457611084
2025-11-27 18:27:39.755258,s5-eth3,0.009593887329101563,99.9904061126709
2025-11-27 18:27:40.757428,s1-eth2,0.008954238891601563,99.9910457611084
2025-11-27 18:27:40.758001,s4-eth2,0.008954238891601563,99.9910457611084
2025-11-27 18:27:40.758188,s5-eth3,0.008954238891601563,99.9910457611084
2025-11-27 18:27:41.760533,s1-eth2,0.009584274291992188,99.990415725708
2025-11-27 18:27:41.761092,s4-eth2,0.009584274291992188,99.990415725708
2025-11-27 18:27:41.761281,s5-eth3,0.0089453125,99.9910546875
2025-11-27 18:27:42.763454,s1-eth2,0.008954238891601563,99.9910457611084
2025-11-27 18:27:42.763999,s4-eth2,0.008954238891601563,99.9910457611084
2025-11-27 18:27:42.764187,s5-eth3,0.008954238891601563,99.9910457611084
2025-11-27 18:27:43.766321,s1-eth2,0.008954238891601563,99.9910457611084
2025-11-27 18:27:43.766871,s4-eth2,0.008954238891601563,99.9910457611084
2025-11-27 18:27:43.767063,s5-eth3,0.009593887329101563,99.9904061126709
2025-11-27 18:27:44.769223,s1-eth2,69.64350891113281,30.356491088867188
2025-11-27 18:27:44.769789,s4-eth2,0.008954238891601563,99.9910457611084
2025-11-27 18:27:44.769975,s5-eth3,0.008954238891601563,99.9910457611084
2025-11-27 18:27:45.772122,s1-eth2,0.008954238891601563,99.9910457611084
2025-11-27 18:27:45.772650,s4-eth2,0.008954238891601563,99.9910457611084
2025-11-27 18:27:45.772836,s5-eth3,0.008954238891601563,99.9910457611084
2025-11-27 18:27:46.775046,s1-eth2,0.008954238891601563,99.9910457611084
2025-11-27 18:27:46.775576,s4-eth2,0.008954238891601563,99.9910457611084
2025-11-27 18:27:46.775762,s5-eth3,0.008954238891601563,99.9910457611084
2025-11-27 18:27:47.777883,s1-eth2,0.008954238891601563,99.9910457611084
2025-11-27 18:27:47.778439,s4-eth2,0.008954238891601563,99.9910457611084
2025-11-27 18:27:47.778626,s5-eth3,0.008954238891601563,99.9910457611084
2025-11-27 18:27:48.780745,s1-eth2,0.008954238891601563,99.9910457611084
2025-11-27 18:27:48.781277,s4-eth2,0.008954238891601563,99.9910457611084
2025-11-27 18:27:48.781462,s5-eth3,0.008954238891601563,99.9910457611084
2025-11-27 18:27:49.783621,s1-eth2,0.008954238891601563,99.9910457611084
2025-11-27 18:27:49.784169,s4-eth2,0.008954238891601563,99.9910457611084
2025-11-27 18:27:49.784356,s5-eth3,0.009593887329101563,99.9904061126709
2025-11-27 18:27:50.786530,s1-eth2,0.008954238891601563,99.9910457611084
2025-11-27 18:27:50.787102,s4-eth2,0.008954238891601563,99.9910457611084
2025-11-27 18:27:50.787302,s5-eth3,0.008954238891601563,99.9910457611084
2025-11-27 18:27:51.789477,s1-eth2,0.008954238891601563,99.9910457611084
2025-11-27 18:27:51.790049,s4-eth2,0.008954238891601563,99.9910457611084
2025-11-27 18:27:51.790247,s5-eth3,0.008954238891601563,99.9910457611084
2025-11-27 18:27:52.791239,s1-eth2,0.0134295654296875,99.98657043457031
2025-11-27 18:27:52.791444,s4-eth2,0.008963241577148437,99.99103675842285
2025-11-27 18:27:52.791513,s5-eth3,0.008963241577148437,99.99103675842285
2025-11-27 18:27:53.793550,s1-eth2,64.2818603515625,35.7181396484375
2025-11-27 18:27:53.794137,s4-eth2,0.009593887329101563,99.9904061126709
2025-11-27 18:27:53.794326,s5-eth3,0.008954238891601563,99.9910457611084
2025-11-27 18:27:54.796491,s1-eth2,0.008954238891601563,99.9910457611084
2025-11-27 18:27:54.797066,s4-eth2,0.008954238891601563,99.9910457611084
2025-11-27 18:27:54.797253,s5-eth3,0.008954238891601563,99.9910457611084
2025-11-27 18:27:55.799396,s1-eth2,0.008954238891601563,99.9910457611084
2025-11-27 18:27:55.799973,s4-eth2,0.008954238891601563,99.9910457611084
2025-11-27 18:27:55.800173,s5-eth3,0.008954238891601563,99.9910457611084
2025-11-27 18:27:56.802276,s1-eth2,0.009593887329101563,99.9904061126709
2025-11-27 18:27:56.802810,s4-eth2,0.009593887329101563,99.9904061126709
2025-11-27 18:27:56.803017,s5-eth3,0.009593887329101563,99.9904061126709
2025-11-27 18:27:57.803965,s1-eth2,0.009603424072265625,99.99039657592773
2025-11-27 18:27:57.804170,s4-eth2,0.009603424072265625,99.99039657592773
2025-11-27 18:27:57.804242,s5-eth3,0.008963241577148437,99.99103675842285
2025-11-27 18:27:58.805091,s1-eth2,0.008963241577148437,99.99103675842285
2025-11-27 18:27:58.805320,s4-eth2,0.008963241577148437,99.99103675842285
2025-11-27 18:27:58.805394,s5-eth3,0.008963241577148437,99.99103675842285
2025-11-27 18:27:59.807459,s1-eth2,0.009593887329101563,99.9904061126709
2025-11-27 18:27:59.808030,s4-eth2,0.009593887329101563,99.9904061126709
2025-11-27 18:27:59.808216,s5-eth3,0.008954238891601563,99.9910457611084
2025-11-27 18:28:00.810379,s1-eth2,0.008954238891601563,99.9910457611084
2025-11-27 18:28:00.810969,s4-eth2,0.008954238891601563,99.9910457611084
2025-11-27 18:28:00.811157,s5-eth3,0.009593887329101563,99.9904061126709
2025-11-27 18:28:01.812129,s1-eth2,7.8873610687255855,92.11263893127442
2025-11-27 18:28:01.812334,s4-eth2,0.008963241577148437,99.99103675842285
2025-11-27 18:28:01.812401,s5-eth3,0.008963241577148437,99.99103675842285
2025-11-27 18:28:02.814429,s1-eth2,61.77414321899414,38.22585678100586
2025-11-27 18:28:02.815061,s4-eth2,0.009593887329101563,99.9904061126709
2025-11-27 18:28:02.815249,s5-eth3,0.008954238891601563,99.9910457611084
2025-11-27 18:28:03.817379,s1-eth2,0.008954238891601563,99.9910457611084
2025-11-27 18:28:03.817931,s4-eth2,0.008954238891601563,99.9910457611084
2025-11-27 18:28:03.818119,s5-eth3,0.008954238891601563,99.9910457611084
2025-11-27 18:28:04.820243,s1-eth2,0.008954238891601563,99.9910457611084
2025-11-27 18:28:04.820790,s4-eth2,0.008954238891601563,99.9910457611084
2025-11-27 18:28:04.820975,s5-eth3,0.008954238891601563,99.9910457611084
2025-11-27 18:28:05.821976,s1-eth2,0.009603424072265625,99.99039657592773
2025-11-27 18:28:05.822182,s4-eth2,0.009603424072265625,99.99039657592773
2025-11-27 18:28:05.822251,s5-eth3,0.009603424072265625,99.99039657592773
2025-11-27 18:28:06.824307,s1-eth2,0.01023345947265625,99.98976654052734
2025-11-27 18:28:06.824888,s4-eth2,0.01023345947265625,99.98976654052734
2025-11-27 18:28:06.825074,s5-eth3,0.009593887329101563,99.9904061126709
2025-11-27 18:28:07.827217,s1-eth2,0.009700469970703125,99.99029953002929
2025-11-27 18:28:07.827752,s4-eth2,0.008954238891601563,99.9910457611084
2025-11-27 18:28:07.827938,s5-eth3,0.008954238891601563,99.9910457611084
2025-11-27 18:28:08.830066,s1-eth2,0.008954238891601563,99.9910457611084
2025-11-27 18:28:08.830618,s4-eth2,0.009700469970703125,99.99029953002929
2025-11-27 18:28:08.830805,s5-eth3,0.008954238891601563,99.9910457611084
2025-11-27 18:28:09.832976,s1-eth2,3.8061695098876953,96.1938304901123
2025-11-27 18:28:09.833545,s4-eth2,0.009593887329101563,99.9904061126709
2025-11-27 18:28:09.833732,s5-eth3,0.009593887329101563,99.9904061126709
2025-11-27 18:28:10.835945,s1-eth2,61.166595458984375,38.833404541015625
2025-11-27 18:28:10.836541,s4-eth2,0.008954238891601563,99.9910457611084
2025-11-27 18:28:10.836725,s5-eth3,0.008954238891601563,99.9910457611084
2025-11-27 18:28:11.838896,s1-eth2,0.008954238891601563,99.9910457611084
2025-11-27 18:28:11.839472,s4-eth2,0.008954238891601563,99.9910457611084
2025-11-27 18:28:11.839678,s5-eth3,19.419946670532227,80.58005332946777
2025-11-27 18:28:12.841860,s1-eth2,0.009593887329101563,99.9904061126709
2025-11-27 18:28:12.842445,s4-eth2,0.009593887329101563,99.9904061126709
2025-11-27 18:28:12.842653,s5-eth3,45.55343246459961,54.44656753540039
2025-11-27 18:28:13.844842,s1-eth2,0.008954238891601563,99.9910457611084
2025-11-27 18:28:13.845412,s4-eth2,0.008954238891601563,99.9910457611084
2025-11-27 18:28:13.845610,s5-eth3,0.008954238891601563,99.9910457611084
2025-11-27 18:28:14.847758,s1-eth2,0.008954238891601563,99.9910457611084
2025-11-27 18:28:14.848293,s4-eth2,0.008954238891601563,99.9910457611084
2025-11-27 18:28:14.848497,s5-eth3,0.008954238891601563,99.9910457611084
2025-11-27 18:28:15.849479,s1-eth2,0.008963241577148437,99.99103675842285
2025-11-27 18:28:15.849680,s4-eth2,0.008963241577148437,99.99103675842285
2025-11-27 18:28:15.849748,s5-eth3,0.008963241577148437,99.99103675842285
2025-11-27 18:28:16.851796,s1-eth2,0.008954238891601563,99.9910457611084
2025-11-27 18:28:16.852352,s4-eth2,0.008954238891601563,99.9910457611084
2025-11-27 18:28:16.852551,s5-eth3,0.008954238891601563,99.9910457611084
2025-11-27 18:28:17.854690,s1-eth2,0.008954238891601563,99.9910457611084
2025-11-27 18:28:17.855248,s4-eth2,0.008954238891601563,99.9910457611084
2025-11-27 18:28:17.855434,s5-eth3,0.009593887329101563,99.9904061126709
2025-11-27 18:28:18.857573,s1-eth2,9.65211296081543,90.34788703918457
2025-11-27 18:28:18.858137,s4-eth2,0.008954238891601563,99.9910457611084
2025-11-27 18:28:18.858324,s5-eth3,0.008954238891601563,99.9910457611084
2025-11-27 18:28:19.860515,s1-eth2,55.32078552246094,44.67921447753906
2025-11-27 18:28:19.861103,s4-eth2,0.8073605346679688,99.19263946533204
2025-11-27 18:28:19.861298,s5-eth3,0.9612123870849609,99.03878761291504
2025-11-27 18:28:20.863501,s1-eth2,0.008954238891601563,99.9910457611084
2025-11-27 18:28:20.864093,s4-eth2,93.70645904541016,6.293540954589844
2025-11-27 18:28:20.864304,s5-eth3,68.44287109375,31.55712890625
2025-11-27 18:28:21.866723,s1-eth2,0.0089453125,99.9910546875
2025-11-27 18:28:21.867338,s4-eth2,41.35257339477539,58.64742660522461
2025-11-27 18:28:21.867538,s5-eth3,0.0089453125,99.9910546875
2025-11-27 18:28:22.868489,s1-eth2,0.008963241577148437,99.99103675842285
2025-11-27 18:28:22.868683,s4-eth2,0.008963241577148437,99.99103675842285
2025-11-27 18:28:22.868759,s5-eth3,11.445174255371093,88.55482574462891
2025-11-27 18:28:23.870786,s1-eth2,0.009593887329101563,99.9904061126709
2025-11-27 18:28:23.871380,s4-eth2,0.010340042114257812,99.98965995788575
2025-11-27 18:28:23.871588,s5-eth3,53.53786849975586,46.46213150024414
2025-11-27 18:28:24.873730,s1-eth2,0.009700469970703125,99.99029953002929
2025-11-27 18:28:24.874269,s4-eth2,0.008954238891601563,99.9910457611084
2025-11-27 18:28:24.874455,s5-eth3,0.009593887329101563,99.9904061126709
2025-11-27 18:28:25.876576,s1-eth2,0.008954238891601563,99.9910457611084
2025-11-27 18:28:25.877133,s4-eth2,0.008954238891601563,99.9910457611084
2025-11-27 18:28:25.877320,s5-eth3,0.008954238891601563,99.9910457611084
2025-11-27 18:28:26.879447,s1-eth2,0.008954238891601563,99.9910457611084
2025-11-27 18:28:26.879983,s4-eth2,0.008954238891601563,99.9910457611084
2025-11-27 18:28:26.880169,s5-eth3,0.009593887329101563,99.9904061126709
2025-11-27 18:28:27.881129,s1-eth2,11.383590698242188,88.61640930175781
2025-11-27 18:28:27.881342,s4-eth2,0.008536376953125,99.99146362304687
2025-11-27 18:28:27.881408,s5-eth3,0.008963241577148437,99.99103675842285
2025-11-27 18:28:28.883505,s1-eth2,52.923824310302734,47.076175689697266
2025-11-27 18:28:28.884108,s4-eth2,0.010659866333007813,99.98934013366699
2025-11-27 18:28:28.884297,s5-eth3,0.009593887329101563,99.9904061126709
2025-11-27 18:28:29.886453,s1-eth2,0.008954238891601563,99.9910457611084
2025-11-27 18:28:29.887040,s4-eth2,0.008954238891601563,99.9910457611084
2025-11-27 18:28:29.887226,s5-eth3,0.008954238891601563,99.9910457611084
2025-11-27 18:28:30.888181,s1-eth2,0.00821624755859375,99.9917837524414
2025-11-27 18:28:30.888380,s4-eth2,6.504024505615234,93.49597549438477
2025-11-27 18:28:30.888453,s5-eth3,0.008963241577148437,99.99103675842285
2025-11-27 18:28:31.890466,s1-eth2,0.009700469970703125,99.99029953002929
2025-11-27 18:28:31.891084,s4-eth2,63.155330657958984,36.844669342041016
2025-11-27 18:28:31.891289,s5-eth3,0.008954238891601563,99.9910457611084
2025-11-27 18:28:32.893411,s1-eth2,0.008954238891601563,99.9910457611084
2025-11-27 18:28:32.893943,s4-eth2,0.008954238891601563,99.9910457611084
2025-11-27 18:28:32.894130,s5-eth3,0.008954238891601563,99.9910457611084
2025-11-27 18:28:33.896248,s1-eth2,0.008954238891601563,99.9910457611084
2025-11-27 18:28:33.896792,s4-eth2,0.008954238891601563,99.9910457611084
2025-11-27 18:28:33.896976,s5-eth3,0.008954238891601563,99.9910457611084
2025-11-27 18:28:34.897934,s1-eth2,0.008963241577148437,99.99103675842285
2025-11-27 18:28:34.898133,s4-eth2,0.008963241577148437,99.99103675842285
2025-11-27 18:28:34.898199,s5-eth3,0.008963241577148437,99.99103675842285
2025-11-27 18:28:35.900231,s1-eth2,0.008954238891601563,99.9910457611084
2025-11-27 18:28:35.900810,s4-eth2,0.008954238891601563,99.9910457611084
2025-11-27 18:28:35.900996,s5-eth3,0.008954238891601563,99.9910457611084
2025-11-27 18:28:36.903122,s1-eth2,0.008954238891601563,99.9910457611084
2025-11-27 18:28:36.903657,s4-eth2,0.008954238891601563,99.9910457611084
2025-11-27 18:28:36.903842,s5-eth3,0.008954238891601563,99.9910457611084
2025-11-27 18:28:37.905957,s1-eth2,0.009593887329101563,99.9904061126709
2025-11-27 18:28:37.906490,s4-eth2,0.009593887329101563,99.9904061126709
2025-11-27 18:28:37.906689,s5-eth3,0.008954238891601563,99.9910457611084
2025-11-27 18:28:38.908814,s1-eth2,0.009593887329101563,99.9904061126709
2025-11-27 18:28:38.909352,s4-eth2,0.009593887329101563,99.9904061126709
2025-11-27 18:28:38.909540,s5-eth3,0.009593887329101563,99.9904061126709
2025-11-27 18:28:39.910484,s1-eth2,0.008963241577148437,99.99103675842285
2025-11-27 18:28:39.910674,s4-eth2,0.008963241577148437,99.99103675842285
2025-11-27 18:28:39.910743,s5-eth3,0.008963241577148437,99.99103675842285
2025-11-27 18:28:40.912746,s1-eth2,0.009593887329101563,99.9904061126709
2025-11-27 18:28:40.913315,s4-eth2,0.009593887329101563,99.9904061126709
2025-11-27 18:28:40.913513,s5-eth3,0.008954238891601563,99.9910457611084
2025-11-27 18:28:41.915656,s1-eth2,0.008954238891601563,99.9910457611084
2025-11-27 18:28:41.916191,s4-eth2,0.008954238891601563,99.9910457611084
2025-11-27 18:28:41.916377,s5-eth3,0.008954238891601563,99.9910457611084
2025-11-27 18:28:42.917361,s1-eth2,0.018162689208984374,99.98183731079102
2025-11-27 18:28:42.917574,s4-eth2,0.010243682861328126,99.98975631713867
2025-11-27 18:28:42.917642,s5-eth3,0.010243682861328126,99.98975631713867
2025-11-27 18:28:43.919687,s1-eth2,64.27777862548828,35.72222137451172
2025-11-27 18:28:43.920260,s4-eth2,0.008954238891601563,99.9910457611084
2025-11-27 18:28:43.920455,s5-eth3,0.008954238891601563,99.9910457611084
2025-11-27 18:28:44.922605,s1-eth2,0.008954238891601563,99.9910457611084
2025-11-27 18:28:44.923195,s4-eth2,7.049073181152344,92.95092681884766
2025-11-27 18:28:44.923390,s5-eth3,6.828064422607422,93.17193557739257
2025-11-27 18:28:45.925562,s1-eth2,0.0192181396484375,99.98078186035156
2025-11-27 18:28:45.926119,s4-eth2,62.422054290771484,37.577945709228516
2025-11-27 18:28:45.926315,s5-eth3,62.643062591552734,37.356937408447266
2025-11-27 18:28:46.928527,s1-eth2,69.63373565673828,30.36626434326172
2025-11-27 18:28:46.929094,s4-eth2,0.008954238891601563,99.9910457611084
2025-11-27 18:28:46.929282,s5-eth3,0.009593887329101563,99.9904061126709
2025-11-27 18:28:47.931456,s1-eth2,0.009593887329101563,99.9904061126709
2025-11-27 18:28:47.931989,s4-eth2,0.009593887329101563,99.9904061126709
2025-11-27 18:28:47.932176,s5-eth3,0.008954238891601563,99.9910457611084
2025-11-27 18:28:48.934321,s1-eth2,0.008954238891601563,99.9910457611084
2025-11-27 18:28:48.934926,s4-eth2,0.008954238891601563,99.9910457611084
2025-11-27 18:28:48.935126,s5-eth3,0.008954238891601563,99.9910457611084
2025-11-27 18:28:49.937263,s1-eth2,0.008954238891601563,99.9910457611084
2025-11-27 18:28:49.937836,s4-eth2,0.008954238891601563,99.9910457611084
2025-11-27 18:28:49.938035,s5-eth3,0.008954238891601563,99.9910457611084
2025-11-27 18:28:50.940195,s1-eth2,0.01023345947265625,99.98976654052734
2025-11-27 18:28:50.940728,s4-eth2,0.01023345947265625,99.98976654052734
2025-11-27 18:28:50.940925,s5-eth3,0.01023345947265625,99.98976654052734
2025-11-27 18:28:51.943143,s1-eth2,0.008954238891601563,99.9910457611084
2025-11-27 18:28:51.943717,s4-eth2,0.008954238891601563,99.9910457611084
2025-11-27 18:28:51.943918,s5-eth3,0.008954238891601563,99.9910457611084
2025-11-27 18:28:52.946120,s1-eth2,0.009593887329101563,99.9904061126709
2025-11-27 18:28:52.946689,s4-eth2,0.009593887329101563,99.9904061126709
2025-11-27 18:28:52.946926,s5-eth3,0.010223236083984375,99.98977676391601
2025-11-27 18:28:53.949138,s1-eth2,0.0089453125,99.9910546875
2025-11-27 18:28:53.949695,s4-eth2,0.0089453125,99.9910546875
2025-11-27 18:28:53.949883,s5-eth3,0.008954238891601563,99.9910457611084
2025-11-27 18:28:54.952044,s1-eth2,0.008954238891601563,99.9910457611084
2025-11-27 18:28:54.952577,s4-eth2,0.008954238891601563,99.9910457611084
2025-11-27 18:28:54.952776,s5-eth3,0.008954238891601563,99.9910457611084
2025-11-27 18:28:55.954918,s1-eth2,0.008954238891601563,99.9910457611084
2025-11-27 18:28:55.955451,s4-eth2,0.008954238891601563,99.9910457611084
2025-11-27 18:28:55.955637,s5-eth3,0.008954238891601563,99.9910457611084
2025-11-27 18:28:56.957751,s1-eth2,0.008954238891601563,99.9910457611084
2025-11-27 18:28:56.958282,s4-eth2,0.008954238891601563,99.9910457611084
2025-11-27 18:28:56.958467,s5-eth3,0.008954238891601563,99.9910457611084
2025-11-27 18:28:57.960615,s1-eth2,0.008954238891601563,99.9910457611084
2025-11-27 18:28:57.961183,s4-eth2,0.008954238891601563,99.9910457611084
2025-11-27 18:28:57.961370,s5-eth3,0.008954238891601563,99.9910457611084
2025-11-27 18:28:58.963533,s1-eth2,0.008954238891601563,99.9910457611084
2025-11-27 18:28:58.964103,s4-eth2,0.008954238891601563,99.9910457611084
2025-11-27 18:28:58.964289,s5-eth3,0.008954238891601563,99.9910457611084
2025-11-27 18:28:59.966431,s1-eth2,0.008954238891601563,99.9910457611084
2025-11-27 18:28:59.966999,s4-eth2,0.008954238891601563,99.9910457611084
2025-11-27 18:28:59.967185,s5-eth3,0.008954238891601563,99.9910457611084
2025-11-27 18:29:00.969311,s1-eth2,0.008954238891601563,99.9910457611084
2025-11-27 18:29:00.969845,s4-eth2,0.008954238891601563,99.9910457611084
2025-11-27 18:29:00.970032,s5-eth3,0.008954238891601563,99.9910457611084
2025-11-27 18:29:01.972169,s1-eth2,0.008954238891601563,99.9910457611084
2025-11-27 18:29:01.972696,s4-eth2,0.008954238891601563,99.9910457611084
2025-11-27 18:29:01.972896,s5-eth3,0.008954238891601563,99.9910457611084
2025-11-27 18:29:02.975063,s1-eth2,0.009593887329101563,99.9904061126709
2025-11-27 18:29:02.975603,s4-eth2,0.009593887329101563,99.9904061126709
2025-11-27 18:29:02.975790,s5-eth3,0.008954238891601563,99.9910457611084
2025-11-27 18:29:03.976785,s1-eth2,0.008963241577148437,99.99103675842285
2025-11-27 18:29:03.976991,s4-eth2,0.008963241577148437,99.99103675842285
2025-11-27 18:29:03.977061,s5-eth3,0.008963241577148437,99.99103675842285
2025-11-27 18:29:04.977865,s1-eth2,0.010243682861328126,99.98975631713867
2025-11-27 18:29:04.978068,s4-eth2,0.010243682861328126,99.98975631713867
2025-11-27 18:29:04.978130,s5-eth3,0.010243682861328126,99.98975631713867
2025-11-27 18:29:05.980187,s1-eth2,0.008954238891601563,99.9910457611084
2025-11-27 18:29:05.980758,s4-eth2,0.008954238891601563,99.9910457611084
2025-11-27 18:29:05.980943,s5-eth3,0.008954238891601563,99.9910457611084
2025-11-27 18:29:06.983178,s1-eth2,21.855459213256836,78.14454078674316
2025-11-27 18:29:06.983754,s4-eth2,0.008954238891601563,99.9910457611084
2025-11-27 18:29:06.983942,s5-eth3,0.008954238891601563,99.9910457611084
2025-11-27 18:29:07.986150,s1-eth2,47.797786712646484,52.202213287353516
2025-11-27 18:29:07.986748,s4-eth2,0.009593887329101563,99.9904061126709
2025-11-27 18:29:07.986993,s5-eth3,0.0089453125,99.9910546875
2025-11-27 18:29:08.988019,s1-eth2,12.094336547851562,87.90566345214845
2025-11-27 18:29:08.988244,s4-eth2,0.008963241577148437,99.99103675842285
2025-11-27 18:29:08.988319,s5-eth3,0.009603424072265625,99.99039657592773
2025-11-27 18:29:09.990389,s1-eth2,53.03409957885742,46.96590042114258
2025-11-27 18:29:09.991010,s4-eth2,0.008954238891601563,99.9910457611084
2025-11-27 18:29:09.991200,s5-eth3,0.009593887329101563,99.9904061126709
2025-11-27 18:29:10.993381,s1-eth2,0.008954238891601563,99.9910457611084
2025-11-27 18:29:10.993956,s4-eth2,0.008954238891601563,99.9910457611084
2025-11-27 18:29:10.994146,s5-eth3,0.008954238891601563,99.9910457611084
2025-11-27 18:29:11.996317,s1-eth2,0.008954238891601563,99.9910457611084
2025-11-27 18:29:11.996901,s4-eth2,0.008954238891601563,99.9910457611084
2025-11-27 18:29:11.997088,s5-eth3,0.008954238891601563,99.9910457611084
2025-11-27 18:29:12.999255,s1-eth2,0.008954238891601563,99.9910457611084
2025-11-27 18:29:12.999789,s4-eth2,0.008954238891601563,99.9910457611084
2025-11-27 18:29:12.999975,s5-eth3,0.008954238891601563,99.9910457611084
2025-11-27 18:29:14.002148,s1-eth2,0.0089453125,99.9910546875
2025-11-27 18:29:14.002722,s4-eth2,0.0089453125,99.9910546875
2025-11-27 18:29:14.002946,s5-eth3,0.0089453125,99.9910546875
2025-11-27 18:29:15.005124,s1-eth2,0.008954238891601563,99.9910457611084
2025-11-27 18:29:15.005698,s4-eth2,0.008954238891601563,99.9910457611084
2025-11-27 18:29:15.005884,s5-eth3,0.008954238891601563,99.9910457611084
2025-11-27 18:29:16.008085,s1-eth2,0.009593887329101563,99.9904061126709
2025-11-27 18:29:16.008621,s4-eth2,0.009593887329101563,99.9904061126709
2025-11-27 18:29:16.008806,s5-eth3,0.010873031616210938,99.98912696838379
2025-11-27 18:29:17.009640,s1-eth2,0.008963241577148437,99.99103675842285
2025-11-27 18:29:17.009789,s4-eth2,0.008963241577148437,99.99103675842285
2025-11-27 18:29:17.009844,s5-eth3,32.19505310058594,67.80494689941406
2025-11-27 18:29:18.010475,s1-eth2,0.01025390625,99.98974609375
2025-11-27 18:29:18.010616,s4-eth2,0.01025390625,99.98974609375
2025-11-27 18:29:18.010668,s5-eth3,32.874847412109375,67.12515258789062
2025-11-27 18:29:19.011314,s1-eth2,0.009613037109375,99.99038696289062
2025-11-27 18:29:19.011465,s4-eth2,8.048065185546875,91.95193481445312
2025-11-27 18:29:19.011517,s5-eth3,8.157394409179688,91.84260559082031
2025-11-27 18:29:20.012139,s1-eth2,0.009613037109375,99.99038696289062
2025-11-27 18:29:20.012281,s4-eth2,61.519081115722656,38.480918884277344
2025-11-27 18:29:20.012331,s5-eth3,61.40911102294922,38.59088897705078
2025-11-27 18:29:21.013035,s1-eth2,18.096771240234375,81.90322875976562
2025-11-27 18:29:21.013192,s4-eth2,32.71282958984375,67.28717041015625
2025-11-27 18:29:21.013244,s5-eth3,0.00897216796875,99.99102783203125
2025-11-27 18:29:22.015296,s1-eth2,46.911495208740234,53.088504791259766
2025-11-27 18:29:22.015868,s4-eth2,37.00545120239258,62.99454879760742
2025-11-27 18:29:22.016069,s5-eth3,0.008954238891601563,99.9910457611084
2025-11-27 18:29:23.018203,s1-eth2,0.008954238891601563,99.9910457611084
2025-11-27 18:29:23.018787,s4-eth2,0.008954238891601563,99.9910457611084
2025-11-27 18:29:23.019008,s5-eth3,0.008954238891601563,99.9910457611084
2025-11-27 18:29:24.021161,s1-eth2,0.008954238891601563,99.9910457611084
2025-11-27 18:29:24.021728,s4-eth2,0.008954238891601563,99.9910457611084
2025-11-27 18:29:24.021926,s5-eth3,0.008954238891601563,99.9910457611084
2025-11-27 18:29:25.024076,s1-eth2,0.008954238891601563,99.9910457611084
2025-11-27 18:29:25.024625,s4-eth2,0.008954238891601563,99.9910457611084
2025-11-27 18:29:25.024810,s5-eth3,0.008954238891601563,99.9910457611084
2025-11-27 18:29:26.025673,s1-eth2,18.017536163330078,81.98246383666992
2025-11-27 18:29:26.025848,s4-eth2,12.87942413330078,87.12057586669923
2025-11-27 18:29:26.025908,s5-eth3,0.008963241577148437,99.99103675842285
2025-11-27 18:29:27.027975,s1-eth2,46.294960021972656,53.705039978027344
2025-11-27 18:29:27.028585,s4-eth2,56.78541564941406,43.21458435058594
2025-11-27 18:29:27.028787,s5-eth3,0.008954238891601563,99.9910457611084
2025-11-27 18:29:28.031016,s1-eth2,0.009584274291992188,99.990415725708
2025-11-27 18:29:28.031574,s4-eth2,0.009593887329101563,99.9904061126709
2025-11-27 18:29:28.031774,s5-eth3,0.009593887329101563,99.9904061126709
2025-11-27 18:29:29.033976,s1-eth2,0.009593887329101563,99.9904061126709
2025-11-27 18:29:29.034524,s4-eth2,0.009593887329101563,99.9904061126709
2025-11-27 18:29:29.034722,s5-eth3,0.008954238891601563,99.9910457611084
2025-11-27 18:29:30.036905,s1-eth2,0.009593887329101563,99.9904061126709
2025-11-27 18:29:30.037442,s4-eth2,0.009593887329101563,99.9904061126709
2025-11-27 18:29:30.037649,s5-eth3,19.64246368408203,80.35753631591797
2025-11-27 18:29:31.039831,s1-eth2,0.008954238891601563,99.9910457611084
2025-11-27 18:29:31.040384,s4-eth2,0.008954238891601563,99.9910457611084
2025-11-27 18:29:31.040589,s5-eth3,45.329803466796875,54.670196533203125
2025-11-27 18:29:32.042750,s1-eth2,0.008954238891601563,99.9910457611084
2025-11-27 18:29:32.043303,s4-eth2,0.008954238891601563,99.9910457611084
2025-11-27 18:29:32.043490,s5-eth3,0.008954238891601563,99.9910457611084
2025-11-27 18:29:33.045676,s1-eth2,0.008954238891601563,99.9910457611084
2025-11-27 18:29:33.046242,s4-eth2,0.008954238891601563,99.9910457611084
2025-11-27 18:29:33.046431,s5-eth3,0.008954238891601563,99.9910457611084
2025-11-27 18:29:34.048630,s1-eth2,0.008954238891601563,99.9910457611084
2025-11-27 18:29:34.049178,s4-eth2,0.008954238891601563,99.9910457611084
2025-11-27 18:29:34.049366,s5-eth3,0.009593887329101563,99.9904061126709
2025-11-27 18:29:35.051516,s1-eth2,0.009593887329101563,99.9904061126709
2025-11-27 18:29:35.052059,s4-eth2,0.009593887329101563,99.9904061126709
2025-11-27 18:29:35.052243,s5-eth3,0.008954238891601563,99.9910457611084
2025-11-27 18:29:36.054387,s1-eth2,0.008954238891601563,99.9910457611084
2025-11-27 18:29:36.054944,s4-eth2,0.008954238891601563,99.9910457611084
2025-11-27 18:29:36.055131,s5-eth3,0.008954238891601563,99.9910457611084
2025-11-27 18:29:37.057263,s1-eth2,0.009593887329101563,99.9904061126709
2025-11-27 18:29:37.057796,s4-eth2,0.009593887329101563,99.9904061126709
2025-11-27 18:29:37.057982,s5-eth3,0.008954238891601563,99.9910457611084
2025-11-27 18:29:38.060182,s1-eth2,0.008954238891601563,99.9910457611084
2025-11-27 18:29:38.060740,s4-eth2,0.008954238891601563,99.9910457611084
2025-11-27 18:29:38.060928,s5-eth3,0.008954238891601563,99.9910457611084
2025-11-27 18:29:39.063107,s1-eth2,0.008954238891601563,99.9910457611084
2025-11-27 18:29:39.063669,s4-eth2,0.008954238891601563,99.9910457611084
2025-11-27 18:29:39.063855,s5-eth3,0.008954238891601563,99.9910457611084
2025-11-27 18:29:40.066016,s1-eth2,0.009593887329101563,99.9904061126709
2025-11-27 18:29:40.066594,s4-eth2,13.576378784179688,86.4236212158203
2025-11-27 18:29:40.066791,s5-eth3,13.46676544189453,86.53323455810548
2025-11-27 18:29:41.068990,s1-eth2,0.008954238891601563,99.9910457611084
2025-11-27 18:29:41.069548,s4-eth2,55.895389556884766,44.104610443115234
2025-11-27 18:29:41.069746,s5-eth3,56.00564193725586,43.99435806274414
2025-11-27 18:29:42.071925,s1-eth2,0.008954238891601563,99.9910457611084
2025-11-27 18:29:42.072481,s4-eth2,0.008954238891601563,99.9910457611084
2025-11-27 18:29:42.072666,s5-eth3,0.009593887329101563,99.9904061126709
2025-11-27 18:29:43.075140,s1-eth2,0.0089453125,99.9910546875
2025-11-27 18:29:43.075809,s4-eth2,0.0089453125,99.9910546875
2025-11-27 18:29:43.076010,s5-eth3,0.0089453125,99.9910546875
2025-11-27 18:29:44.078206,s1-eth2,0.0089453125,99.9910546875
2025-11-27 18:29:44.078779,s4-eth2,0.008954238891601563,99.9910457611084
2025-11-27 18:29:44.078987,s5-eth3,0.009593887329101563,99.9904061126709
2025-11-27 18:29:45.080013,s1-eth2,6.521128158569336,93.47887184143066
2025-11-27 18:29:45.080235,s4-eth2,0.008963241577148437,99.99103675842285
2025-11-27 18:29:45.080311,s5-eth3,0.008963241577148437,99.99103675842285
2025-11-27 18:29:46.082582,s1-eth2,92.94535064697266,7.054649353027344
2025-11-27 18:29:46.083235,s4-eth2,0.009593887329101563,99.9904061126709
2025-11-27 18:29:46.083433,s5-eth3,0.0089453125,99.9910546875
2025-11-27 18:29:47.085672,s1-eth2,41.41435241699219,58.58564758300781
2025-11-27 18:29:47.086246,s4-eth2,0.0089453125,99.9910546875
2025-11-27 18:29:47.086452,s5-eth3,0.0089453125,99.9910546875
2025-11-27 18:29:48.088625,s1-eth2,0.008954238891601563,99.9910457611084
2025-11-27 18:29:48.089204,s4-eth2,0.008954238891601563,99.9910457611084
2025-11-27 18:29:48.089394,s5-eth3,0.008954238891601563,99.9910457611084
2025-11-27 18:29:49.091560,s1-eth2,0.008954238891601563,99.9910457611084
2025-11-27 18:29:49.092137,s4-eth2,0.008954238891601563,99.9910457611084
2025-11-27 18:29:49.092324,s5-eth3,0.008954238891601563,99.9910457611084
2025-11-27 18:29:50.094529,s1-eth2,17.17035675048828,82.82964324951172
2025-11-27 18:29:50.095118,s4-eth2,0.01023345947265625,99.98976654052734
2025-11-27 18:29:50.095307,s5-eth3,0.010873031616210938,99.98912696838379
2025-11-27 18:29:51.097477,s1-eth2,47.80255126953125,52.19744873046875
2025-11-27 18:29:51.098042,s4-eth2,0.008954238891601563,99.9910457611084
2025-11-27 18:29:51.098230,s5-eth3,0.008954238891601563,99.9910457611084
2025-11-27 18:29:52.100384,s1-eth2,0.008954238891601563,99.9910457611084
2025-11-27 18:29:52.100937,s4-eth2,0.008954238891601563,99.9910457611084
2025-11-27 18:29:52.101123,s5-eth3,0.008954238891601563,99.9910457611084
2025-11-27 18:29:53.103273,s1-eth2,0.008954238891601563,99.9910457611084
2025-11-27 18:29:53.103810,s4-eth2,0.008954238891601563,99.9910457611084
2025-11-27 18:29:53.103996,s5-eth3,0.008954238891601563,99.9910457611084
2025-11-27 18:29:54.106110,s1-eth2,0.008954238891601563,99.9910457611084
2025-11-27 18:29:54.106656,s4-eth2,0.008954238891601563,99.9910457611084
2025-11-27 18:29:54.106843,s5-eth3,0.008954238891601563,99.9910457611084
2025-11-27 18:29:55.108992,s1-eth2,0.009593887329101563,99.9904061126709
2025-11-27 18:29:55.109523,s4-eth2,0.009593887329101563,99.9904061126709
2025-11-27 18:29:55.109708,s5-eth3,0.008954238891601563,99.9910457611084
2025-11-27 18:29:56.111388,s1-eth2,0.009593887329101563,99.9904061126709
2025-11-27 18:29:56.111966,s4-eth2,0.009593887329101563,99.9904061126709
2025-11-27 18:29:56.112166,s5-eth3,0.008954238891601563,99.9910457611084
2025-11-27 18:29:57.114453,s1-eth2,0.009584274291992188,99.990415725708
2025-11-27 18:29:57.115045,s4-eth2,0.009584274291992188,99.990415725708
2025-11-27 18:29:57.115244,s5-eth3,0.009584274291992188,99.990415725708
2025-11-27 18:29:58.117447,s1-eth2,0.008954238891601563,99.9910457611084
2025-11-27 18:29:58.118041,s4-eth2,0.008954238891601563,99.9910457611084
2025-11-27 18:29:58.118240,s5-eth3,0.008954238891601563,99.9910457611084
2025-11-27 18:29:59.119273,s1-eth2,0.008963241577148437,99.99103675842285
2025-11-27 18:29:59.119497,s4-eth2,0.008963241577148437,99.99103675842285
2025-11-27 18:29:59.119575,s5-eth3,0.008963241577148437,99.99103675842285
2025-11-27 18:30:00.121619,s1-eth2,0.008954238891601563,99.9910457611084
2025-11-27 18:30:00.122213,s4-eth2,0.008954238891601563,99.9910457611084
2025-11-27 18:30:00.122400,s5-eth3,0.008954238891601563,99.9910457611084
2025-11-27 18:30:01.124587,s1-eth2,0.008954238891601563,99.9910457611084
2025-11-27 18:30:01.125162,s4-eth2,0.008954238891601563,99.9910457611084
2025-11-27 18:30:01.125348,s5-eth3,0.008954238891601563,99.9910457611084
2025-11-27 18:30:02.127659,s1-eth2,28.398386001586914,71.60161399841309
2025-11-27 18:30:02.128224,s4-eth2,0.0089453125,99.9910546875
2025-11-27 18:30:02.128408,s5-eth3,0.0089453125,99.9910546875
2025-11-27 18:30:03.130623,s1-eth2,41.22627258300781,58.77372741699219
2025-11-27 18:30:03.131222,s4-eth2,0.009593887329101563,99.9904061126709
2025-11-27 18:30:03.131411,s5-eth3,0.009584274291992188,99.990415725708
2025-11-27 18:30:04.133586,s1-eth2,0.008954238891601563,99.9910457611084
2025-11-27 18:30:04.134162,s4-eth2,0.008954238891601563,99.9910457611084
2025-11-27 18:30:04.134349,s5-eth3,0.008954238891601563,99.9910457611084
2025-11-27 18:30:05.136586,s1-eth2,0.009584274291992188,99.990415725708
2025-11-27 18:30:05.137136,s4-eth2,0.009593887329101563,99.9904061126709
2025-11-27 18:30:05.137322,s5-eth3,0.008954238891601563,99.9910457611084
2025-11-27 18:30:06.138290,s1-eth2,0.008963241577148437,99.99103675842285
2025-11-27 18:30:06.138496,s4-eth2,13.836627960205078,86.16337203979492
2025-11-27 18:30:06.138568,s5-eth3,13.946487426757812,86.05351257324219
2025-11-27 18:30:07.140741,s1-eth2,0.008954238891601563,99.9910457611084
2025-11-27 18:30:07.141297,s4-eth2,55.60456848144531,44.39543151855469
2025-11-27 18:30:07.141496,s5-eth3,55.49545669555664,44.50454330444336
2025-11-27 18:30:08.143707,s1-eth2,0.008954238891601563,99.9910457611084
2025-11-27 18:30:08.144305,s4-eth2,0.0089453125,99.9910546875
2025-11-27 18:30:08.144505,s5-eth3,0.0089453125,99.9910546875
2025-11-27 18:30:09.146668,s1-eth2,0.009593887329101563,99.9904061126709
2025-11-27 18:30:09.147266,s4-eth2,0.009593887329101563,99.9904061126709
2025-11-27 18:30:09.147468,s5-eth3,0.01023345947265625,99.98976654052734
2025-11-27 18:30:10.149626,s1-eth2,0.009593887329101563,99.9904061126709
2025-11-27 18:30:10.150175,s4-eth2,0.009593887329101563,99.9904061126709
2025-11-27 18:30:10.150382,s5-eth3,38.83543014526367,61.16456985473633
2025-11-27 18:30:11.152571,s1-eth2,0.008954238891601563,99.9910457611084
2025-11-27 18:30:11.153107,s4-eth2,0.008954238891601563,99.9910457611084
2025-11-27 18:30:11.153318,s5-eth3,26.136653900146484,73.86334609985352
2025-11-27 18:30:12.155648,s1-eth2,0.009584274291992188,99.990415725708
2025-11-27 18:30:12.156237,s4-eth2,0.009584274291992188,99.990415725708
2025-11-27 18:30:12.156424,s5-eth3,0.0089453125,99.9910546875
2025-11-27 18:30:13.158594,s1-eth2,0.009593887329101563,99.9904061126709
2025-11-27 18:30:13.159197,s4-eth2,0.009593887329101563,99.9904061126709
2025-11-27 18:30:13.159384,s5-eth3,0.01023345947265625,99.98976654052734
2025-11-27 18:30:14.161555,s1-eth2,0.009593887329101563,99.9904061126709
2025-11-27 18:30:14.162156,s4-eth2,0.009593887329101563,99.9904061126709
2025-11-27 18:30:14.162343,s5-eth3,0.008954238891601563,99.9910457611084
2025-11-27 18:30:15.164537,s1-eth2,0.008954238891601563,99.9910457611084
2025-11-27 18:30:15.165107,s4-eth2,0.008954238891601563,99.9910457611084
2025-11-27 18:30:15.165292,s5-eth3,0.009593887329101563,99.9904061126709
2025-11-27 18:30:16.167431,s1-eth2,0.008954238891601563,99.9910457611084
2025-11-27 18:30:16.167978,s4-eth2,0.008954238891601563,99.9910457611084
2025-11-27 18:30:16.168163,s5-eth3,0.008954238891601563,99.9910457611084
2025-11-27 18:30:17.170361,s1-eth2,0.008954238891601563,99.9910457611084
2025-11-27 18:30:17.170950,s4-eth2,0.008954238891601563,99.9910457611084
2025-11-27 18:30:17.171137,s5-eth3,0.008954238891601563,99.9910457611084
2025-11-27 18:30:18.173303,s1-eth2,26.073814392089844,73.92618560791016
2025-11-27 18:30:18.173881,s4-eth2,0.008954238891601563,99.9910457611084
2025-11-27 18:30:18.174090,s5-eth3,0.008954238891601563,99.9910457611084
2025-11-27 18:30:19.176233,s1-eth2,38.2208251953125,61.7791748046875
2025-11-27 18:30:19.176817,s4-eth2,0.008954238891601563,99.9910457611084
2025-11-27 18:30:19.177005,s5-eth3,0.009700469970703125,99.99029953002929
2025-11-27 18:30:20.179161,s1-eth2,0.008954238891601563,99.9910457611084
2025-11-27 18:30:20.179693,s4-eth2,0.008954238891601563,99.9910457611084
2025-11-27 18:30:20.179893,s5-eth3,0.008954238891601563,99.9910457611084
2025-11-27 18:30:21.182015,s1-eth2,26.972362518310547,73.02763748168945
2025-11-27 18:30:21.182579,s4-eth2,0.008954238891601563,99.9910457611084
2025-11-27 18:30:21.182767,s5-eth3,0.009700469970703125,99.99029953002929
2025-11-27 18:30:22.185084,s1-eth2,37.96186065673828,62.03813934326172
2025-11-27 18:30:22.185650,s4-eth2,0.0089453125,99.9910546875
2025-11-27 18:30:22.185835,s5-eth3,0.0089453125,99.9910546875
2025-11-27 18:30:23.188020,s1-eth2,0.008954238891601563,99.9910457611084
2025-11-27 18:30:23.188576,s4-eth2,0.008954238891601563,99.9910457611084
2025-11-27 18:30:23.188762,s5-eth3,0.008954238891601563,99.9910457611084
2025-11-27 18:30:24.190951,s1-eth2,0.008954238891601563,99.9910457611084
2025-11-27 18:30:24.191507,s4-eth2,21.41042709350586,78.58957290649414
2025-11-27 18:30:24.191711,s5-eth3,0.008954238891601563,99.9910457611084
2025-11-27 18:30:25.193823,s1-eth2,0.008954238891601563,99.9910457611084
2025-11-27 18:30:25.194388,s4-eth2,48.24252700805664,51.75747299194336
2025-11-27 18:30:25.194590,s5-eth3,0.008954238891601563,99.9910457611084
2025-11-27 18:30:26.196686,s1-eth2,0.008954238891601563,99.9910457611084
2025-11-27 18:30:26.197221,s4-eth2,0.008954238891601563,99.9910457611084
2025-11-27 18:30:26.197407,s5-eth3,0.008954238891601563,99.9910457611084
2025-11-27 18:30:27.199657,s1-eth2,0.009593887329101563,99.9904061126709
2025-11-27 18:30:27.200206,s4-eth2,0.009593887329101563,99.9904061126709
2025-11-27 18:30:27.200413,s5-eth3,27.946693420410156,72.05330657958984
2025-11-27 18:30:28.202605,s1-eth2,0.008954238891601563,99.9910457611084
2025-11-27 18:30:28.203189,s4-eth2,0.008954238891601563,99.9910457611084
2025-11-27 18:30:28.203394,s5-eth3,36.996185302734375,63.003814697265625
2025-11-27 18:30:29.205612,s1-eth2,0.0089453125,99.9910546875
2025-11-27 18:30:29.206206,s4-eth2,48.531105041503906,51.468894958496094
2025-11-27 18:30:29.206412,s5-eth3,0.010436248779296876,99.9895637512207
2025-11-27 18:30:30.208603,s1-eth2,0.008954238891601563,99.9910457611084
2025-11-27 18:30:30.209160,s4-eth2,21.06891632080078,78.93108367919922
2025-11-27 18:30:30.209364,s5-eth3,0.008954238891601563,99.9910457611084
2025-11-27 18:30:31.211525,s1-eth2,0.009593887329101563,99.9904061126709
2025-11-27 18:30:31.212083,s4-eth2,0.009593887329101563,99.9904061126709
2025-11-27 18:30:31.212270,s5-eth3,0.008954238891601563,99.9910457611084
2025-11-27 18:30:32.214447,s1-eth2,0.008954238891601563,99.9910457611084
2025-11-27 18:30:32.215033,s4-eth2,0.008954238891601563,99.9910457611084
2025-11-27 18:30:32.215220,s5-eth3,0.008954238891601563,99.9910457611084
2025-11-27 18:30:33.216176,s1-eth2,0.010243682861328126,99.98975631713867
2025-11-27 18:30:33.216374,s4-eth2,0.010243682861328126,99.98975631713867
2025-11-27 18:30:33.216449,s5-eth3,0.010883865356445312,99.98911613464355
2025-11-27 18:30:34.218477,s1-eth2,8.529541015625,91.470458984375
2025-11-27 18:30:34.219069,s4-eth2,0.008954238891601563,99.9910457611084
2025-11-27 18:30:34.219257,s5-eth3,0.008954238891601563,99.9910457611084
2025-11-27 18:30:35.221392,s1-eth2,55.76701354980469,44.23298645019531
2025-11-27 18:30:35.221974,s4-eth2,0.010873031616210938,99.98912696838379
2025-11-27 18:30:35.222174,s5-eth3,0.01023345947265625,99.98976654052734
2025-11-27 18:30:36.224341,s1-eth2,0.008954238891601563,99.9910457611084
2025-11-27 18:30:36.224874,s4-eth2,0.008954238891601563,99.9910457611084
2025-11-27 18:30:36.225058,s5-eth3,0.008954238891601563,99.9910457611084
2025-11-27 18:30:37.227658,s1-eth2,0.0089453125,99.9910546875
2025-11-27 18:30:37.228267,s4-eth2,0.0089453125,99.9910546875
2025-11-27 18:30:37.228454,s5-eth3,0.0089453125,99.9910546875
2025-11-27 18:30:38.230716,s1-eth2,0.0089453125,99.9910546875
2025-11-27 18:30:38.231314,s4-eth2,22.42997932434082,77.57002067565918
2025-11-27 18:30:38.231512,s5-eth3,22.319835662841797,77.6801643371582
2025-11-27 18:30:39.233681,s1-eth2,14.727899551391602,85.2721004486084
2025-11-27 18:30:39.234244,s4-eth2,46.97514343261719,53.02485656738281
2025-11-27 18:30:39.234452,s5-eth3,47.0867805480957,52.9132194519043
2025-11-27 18:30:40.236655,s1-eth2,54.925086975097656,45.074913024902344
2025-11-27 18:30:40.237212,s4-eth2,0.008954238891601563,99.9910457611084
2025-11-27 18:30:40.237399,s5-eth3,0.008954238891601563,99.9910457611084
2025-11-27 18:30:41.239650,s1-eth2,0.009593887329101563,99.9904061126709
2025-11-27 18:30:41.240184,s4-eth2,0.009593887329101563,99.9904061126709
2025-11-27 18:30:41.240374,s5-eth3,0.009700469970703125,99.99029953002929
2025-11-27 18:30:42.242625,s1-eth2,0.008954238891601563,99.9910457611084
2025-11-27 18:30:42.243232,s4-eth2,0.0089453125,99.9910546875
2025-11-27 18:30:42.243419,s5-eth3,0.009584274291992188,99.990415725708
2025-11-27 18:30:43.245526,s1-eth2,0.008954238891601563,99.9910457611084
2025-11-27 18:30:43.246058,s4-eth2,0.008954238891601563,99.9910457611084
2025-11-27 18:30:43.246245,s5-eth3,0.008954238891601563,99.9910457611084
2025-11-27 18:30:44.248423,s1-eth2,0.008954238891601563,99.9910457611084
2025-11-27 18:30:44.248981,s4-eth2,0.008954238891601563,99.9910457611084
2025-11-27 18:30:44.249167,s5-eth3,0.00746185302734375,99.99253814697266
2025-11-27 18:30:45.251356,s1-eth2,0.008954238891601563,99.9910457611084
2025-11-27 18:30:45.251905,s4-eth2,0.008954238891601563,99.9910457611084
2025-11-27 18:30:45.252093,s5-eth3,0.010446624755859375,99.98955337524414
2025-11-27 18:30:46.254254,s1-eth2,0.008954238891601563,99.9910457611084
2025-11-27 18:30:46.254906,s4-eth2,0.0089453125,99.9910546875
2025-11-27 18:30:46.255104,s5-eth3,0.0089453125,99.9910546875
2025-11-27 18:30:47.257255,s1-eth2,0.009584274291992188,99.990415725708
2025-11-27 18:30:47.257829,s4-eth2,0.009593887329101563,99.9904061126709
2025-11-27 18:30:47.258014,s5-eth3,0.008954238891601563,99.9910457611084
2025-11-27 18:30:48.259412,s1-eth2,0.009593887329101563,99.9904061126709
2025-11-27 18:30:48.259720,s4-eth2,0.009603424072265625,99.99039657592773
2025-11-27 18:30:48.259826,s5-eth3,0.009603424072265625,99.99039657592773
2025-11-27 18:30:49.261119,s1-eth2,0.008963241577148437,99.99103675842285
2025-11-27 18:30:49.261416,s4-eth2,0.008963241577148437,99.99103675842285
2025-11-27 18:30:49.261519,s5-eth3,0.008963241577148437,99.99103675842285
2025-11-27 18:30:50.262799,s1-eth2,0.009603424072265625,99.99039657592773
2025-11-27 18:30:50.263143,s4-eth2,0.009603424072265625,99.99039657592773
2025-11-27 18:30:50.263246,s5-eth3,0.009603424072265625,99.99039657592773
2025-11-27 18:30:51.263873,s1-eth2,0.009603424072265625,99.99039657592773
2025-11-27 18:30:51.263998,s4-eth2,0.009613037109375,99.99038696289062
2025-11-27 18:30:51.264037,s5-eth3,0.00897216796875,99.99102783203125
2025-11-27 18:30:52.265345,s1-eth2,0.008963241577148437,99.99103675842285
2025-11-27 18:30:52.265685,s4-eth2,21.115787506103516,78.88421249389648
2025-11-27 18:30:52.265797,s5-eth3,21.224153518676758,78.77584648132324
2025-11-27 18:30:53.267165,s1-eth2,0.008963241577148437,99.99103675842285
2025-11-27 18:30:53.267488,s4-eth2,48.424774169921875,51.575225830078125
2025-11-27 18:30:53.267598,s5-eth3,48.31640625,51.68359375
2025-11-27 18:30:54.268893,s1-eth2,0.008963241577148437,99.99103675842285
2025-11-27 18:30:54.269189,s4-eth2,0.008963241577148437,99.99103675842285
2025-11-27 18:30:54.269291,s5-eth3,0.008963241577148437,99.99103675842285
2025-11-27 18:30:55.270628,s1-eth2,26.385770797729492,73.61422920227051
2025-11-27 18:30:55.270995,s4-eth2,0.008963241577148437,99.99103675842285
2025-11-27 18:30:55.271101,s5-eth3,0.008963241577148437,99.99103675842285
2025-11-27 18:30:56.272407,s1-eth2,38.651283264160156,61.348716735839844
2025-11-27 18:30:56.272724,s4-eth2,0.008963241577148437,99.99103675842285
2025-11-27 18:30:56.272827,s5-eth3,0.009603424072265625,99.99039657592773
2025-11-27 18:30:57.274217,s1-eth2,0.008963241577148437,99.99103675842285
2025-11-27 18:30:57.274551,s4-eth2,0.008963241577148437,99.99103675842285
2025-11-27 18:30:57.274656,s5-eth3,0.008963241577148437,99.99103675842285
2025-11-27 18:30:58.275340,s1-eth2,0.009603424072265625,99.99039657592773
2025-11-27 18:30:58.275468,s4-eth2,0.009613037109375,99.99038696289062
2025-11-27 18:30:58.275511,s5-eth3,0.01025390625,99.98974609375
2025-11-27 18:30:59.276761,s1-eth2,0.008963241577148437,99.99103675842285
2025-11-27 18:30:59.277085,s4-eth2,0.008963241577148437,99.99103675842285
2025-11-27 18:30:59.277195,s5-eth3,0.008963241577148437,99.99103675842285
2025-11-27 18:31:00.278518,s1-eth2,0.008963241577148437,99.99103675842285
2025-11-27 18:31:00.278840,s4-eth2,0.008963241577148437,99.99103675842285
2025-11-27 18:31:00.279045,s5-eth3,0.008963241577148437,99.99103675842285
2025-11-27 18:31:01.280408,s1-eth2,0.009603424072265625,99.99039657592773
2025-11-27 18:31:01.280721,s4-eth2,0.009603424072265625,99.99039657592773
2025-11-27 18:31:01.280832,s5-eth3,0.008963241577148437,99.99103675842285
2025-11-27 18:31:02.282330,s1-eth2,0.008963241577148437,99.99103675842285
2025-11-27 18:31:02.282663,s4-eth2,0.008963241577148437,99.99103675842285
2025-11-27 18:31:02.282786,s5-eth3,0.007469329833984375,99.99253067016602
2025-11-27 18:31:03.284119,s1-eth2,0.008963241577148437,99.99103675842285
2025-11-27 18:31:03.284441,s4-eth2,0.008963241577148437,99.99103675842285
2025-11-27 18:31:03.284553,s5-eth3,0.010457077026367188,99.98954292297363
2025-11-27 18:31:04.285862,s1-eth2,0.008963241577148437,99.99103675842285
2025-11-27 18:31:04.286161,s4-eth2,0.008963241577148437,99.99103675842285
2025-11-27 18:31:04.286275,s5-eth3,0.008963241577148437,99.99103675842285
2025-11-27 18:31:05.287555,s1-eth2,0.008963241577148437,99.99103675842285
2025-11-27 18:31:05.287853,s4-eth2,0.008963241577148437,99.99103675842285
2025-11-27 18:31:05.287956,s5-eth3,0.008963241577148437,99.99103675842285
2025-11-27 18:31:06.289241,s1-eth2,0.008963241577148437,99.99103675842285
2025-11-27 18:31:06.289538,s4-eth2,0.008963241577148437,99.99103675842285
2025-11-27 18:31:06.289642,s5-eth3,0.008963241577148437,99.99103675842285
2025-11-27 18:31:07.291137,s1-eth2,0.009603424072265625,99.99039657592773
2025-11-27 18:31:07.291473,s4-eth2,0.009603424072265625,99.99039657592773
2025-11-27 18:31:07.291598,s5-eth3,0.008963241577148437,99.99103675842285
2025-11-27 18:31:08.292887,s1-eth2,0.009603424072265625,99.99039657592773
2025-11-27 18:31:08.293206,s4-eth2,0.009603424072265625,99.99039657592773
2025-11-27 18:31:08.293309,s5-eth3,0.008963241577148437,99.99103675842285
2025-11-27 18:31:09.294588,s1-eth2,0.008963241577148437,99.99103675842285
2025-11-27 18:31:09.294911,s4-eth2,0.008963241577148437,99.99103675842285
2025-11-27 18:31:09.295015,s5-eth3,0.008963241577148437,99.99103675842285
2025-11-27 18:31:10.296273,s1-eth2,0.009603424072265625,99.99039657592773
2025-11-27 18:31:10.296575,s4-eth2,0.009603424072265625,99.99039657592773
2025-11-27 18:31:10.296681,s5-eth3,0.010883865356445312,99.98911613464355
2025-11-27 18:31:11.297959,s1-eth2,0.008963241577148437,99.99103675842285
2025-11-27 18:31:11.298256,s4-eth2,0.008963241577148437,99.99103675842285
2025-11-27 18:31:11.298368,s5-eth3,0.008963241577148437,99.99103675842285
2025-11-27 18:31:12.299821,s1-eth2,0.008963241577148437,99.99103675842285
2025-11-27 18:31:12.300136,s4-eth2,0.008963241577148437,99.99103675842285
2025-11-27 18:31:12.300241,s5-eth3,0.008963241577148437,99.99103675842285
2025-11-27 18:31:13.301600,s1-eth2,37.48509979248047,62.51490020751953
2025-11-27 18:31:13.301945,s4-eth2,0.008963241577148437,99.99103675842285
2025-11-27 18:31:13.302058,s5-eth3,0.008963241577148437,99.99103675842285
2025-11-27 18:31:14.303417,s1-eth2,32.238590240478516,67.76140975952148
2025-11-27 18:31:14.303751,s4-eth2,0.010243682861328126,99.98975631713867
2025-11-27 18:31:14.303856,s5-eth3,0.009603424072265625,99.99039657592773
2025-11-27 18:31:15.305155,s1-eth2,32.084190368652344,67.91580963134766
2025-11-27 18:31:15.305479,s4-eth2,0.008963241577148437,99.99103675842285
2025-11-27 18:31:15.305585,s5-eth3,0.008963241577148437,99.99103675842285
2025-11-27 18:31:16.306883,s1-eth2,32.952842712402344,67.04715728759766
2025-11-27 18:31:16.307200,s4-eth2,0.008963241577148437,99.99103675842285
2025-11-27 18:31:16.307303,s5-eth3,0.009603424072265625,99.99039657592773
2025-11-27 18:31:17.308176,s1-eth2,6.695026397705078,93.30497360229492
2025-11-27 18:31:17.308345,s4-eth2,0.008963241577148437,99.99103675842285
2025-11-27 18:31:17.308401,s5-eth3,45.674312591552734,54.325687408447266
2025-11-27 18:31:18.309078,s1-eth2,59.690635681152344,40.309364318847656
2025-11-27 18:31:18.309236,s4-eth2,0.00897216796875,99.99102783203125
2025-11-27 18:31:18.309289,s5-eth3,19.381576538085938,80.61842346191406
2025-11-27 18:31:19.309947,s1-eth2,0.00897216796875,99.99102783203125
2025-11-27 18:31:19.310092,s4-eth2,0.00897216796875,99.99102783203125
2025-11-27 18:31:19.310141,s5-eth3,0.00897216796875,99.99102783203125
2025-11-27 18:31:20.310762,s1-eth2,0.01025390625,99.98974609375
2025-11-27 18:31:20.310907,s4-eth2,0.01025390625,99.98974609375
2025-11-27 18:31:20.310955,s5-eth3,0.01025390625,99.98974609375
2025-11-27 18:31:21.312273,s1-eth2,0.008963241577148437,99.99103675842285
2025-11-27 18:31:21.312579,s4-eth2,0.008963241577148437,99.99103675842285
2025-11-27 18:31:21.312694,s5-eth3,0.008963241577148437,99.99103675842285
2025-11-27 18:31:22.314133,s1-eth2,0.009603424072265625,99.99039657592773
2025-11-27 18:31:22.314444,s4-eth2,0.009603424072265625,99.99039657592773
2025-11-27 18:31:22.314548,s5-eth3,0.008963241577148437,99.99103675842285
2025-11-27 18:31:23.315876,s1-eth2,0.008963241577148437,99.99103675842285
2025-11-27 18:31:23.316177,s4-eth2,0.008963241577148437,99.99103675842285
2025-11-27 18:31:23.316281,s5-eth3,0.008963241577148437,99.99103675842285
2025-11-27 18:31:24.316910,s1-eth2,0.008963241577148437,99.99103675842285
2025-11-27 18:31:24.317031,s4-eth2,26.47491455078125,73.52508544921875
2025-11-27 18:31:24.317074,s5-eth3,0.009613037109375,99.99038696289062
2025-11-27 18:31:25.318365,s1-eth2,0.008963241577148437,99.99103675842285
2025-11-27 18:31:25.318674,s4-eth2,43.27361297607422,56.72638702392578
2025-11-27 18:31:25.318799,s5-eth3,31.849407196044922,68.15059280395508
2025-11-27 18:31:26.320155,s1-eth2,0.008963241577148437,99.99103675842285
2025-11-27 18:31:26.320454,s4-eth2,0.008963241577148437,99.99103675842285
2025-11-27 18:31:26.320576,s5-eth3,33.187095642089844,66.81290435791016
2025-11-27 18:31:27.322042,s1-eth2,0.009603424072265625,99.99039657592773
2025-11-27 18:31:27.322369,s4-eth2,0.009603424072265625,99.99039657592773
2025-11-27 18:31:27.322489,s5-eth3,0.008109588623046875,99.99189041137696
2025-11-27 18:31:28.323832,s1-eth2,0.008963241577148437,99.99103675842285
2025-11-27 18:31:28.324147,s4-eth2,0.008963241577148437,99.99103675842285
2025-11-27 18:31:28.324264,s5-eth3,0.010457077026367188,99.98954292297363
2025-11-27 18:31:29.325601,s1-eth2,0.008963241577148437,99.99103675842285
2025-11-27 18:31:29.325903,s4-eth2,0.008963241577148437,99.99103675842285
2025-11-27 18:31:29.326022,s5-eth3,0.008963241577148437,99.99103675842285
2025-11-27 18:31:30.327382,s1-eth2,0.009603424072265625,99.99039657592773
2025-11-27 18:31:30.327688,s4-eth2,0.009603424072265625,99.99039657592773
2025-11-27 18:31:30.327805,s5-eth3,0.008963241577148437,99.99103675842285
2025-11-27 18:31:31.329117,s1-eth2,0.008963241577148437,99.99103675842285
2025-11-27 18:31:31.329410,s4-eth2,0.008963241577148437,99.99103675842285
2025-11-27 18:31:31.329521,s5-eth3,0.008963241577148437,99.99103675842285
2025-11-27 18:31:32.330972,s1-eth2,0.009603424072265625,99.99039657592773
2025-11-27 18:31:32.331269,s4-eth2,0.009603424072265625,99.99039657592773
2025-11-27 18:31:32.331378,s5-eth3,0.008963241577148437,99.99103675842285
2025-11-27 18:31:33.332650,s1-eth2,0.008963241577148437,99.99103675842285
2025-11-27 18:31:33.332939,s4-eth2,0.008963241577148437,99.99103675842285
2025-11-27 18:31:33.333047,s5-eth3,0.008963241577148437,99.99103675842285
2025-11-27 18:31:34.334380,s1-eth2,0.008963241577148437,99.99103675842285
2025-11-27 18:31:34.334670,s4-eth2,0.008963241577148437,99.99103675842285
2025-11-27 18:31:34.334780,s5-eth3,0.008963241577148437,99.99103675842285
2025-11-27 18:31:35.336115,s1-eth2,0.008963241577148437,99.99103675842285
2025-11-27 18:31:35.336442,s4-eth2,0.008963241577148437,99.99103675842285
2025-11-27 18:31:35.336551,s5-eth3,0.008963241577148437,99.99103675842285
2025-11-27 18:31:36.337907,s1-eth2,0.009603424072265625,99.99039657592773
2025-11-27 18:31:36.338228,s4-eth2,0.009603424072265625,99.99039657592773
2025-11-27 18:31:36.338340,s5-eth3,0.008963241577148437,99.99103675842285
2025-11-27 18:31:37.339766,s1-eth2,0.009603424072265625,99.99039657592773
2025-11-27 18:31:37.340092,s4-eth2,53.26009750366211,46.73990249633789
2025-11-27 18:31:37.340213,s5-eth3,0.010243682861328126,99.98975631713867
2025-11-27 18:31:38.341771,s1-eth2,0.008954238891601563,99.9910457611084
2025-11-27 18:31:38.342091,s4-eth2,16.463106155395508,83.53689384460449
2025-11-27 18:31:38.342221,s5-eth3,0.009593887329101563,99.9904061126709
2025-11-27 18:31:39.343608,s1-eth2,0.008963241577148437,99.99103675842285
2025-11-27 18:31:39.343917,s4-eth2,0.008963241577148437,99.99103675842285
2025-11-27 18:31:39.344027,s5-eth3,0.009603424072265625,99.99039657592773
2025-11-27 18:31:40.344681,s1-eth2,50.64558410644531,49.35441589355469
2025-11-27 18:31:40.344804,s4-eth2,0.00897216796875,99.99102783203125
2025-11-27 18:31:40.344847,s5-eth3,0.00897216796875,99.99102783203125
2025-11-27 18:31:41.346124,s1-eth2,78.62396240234375,21.37603759765625
2025-11-27 18:31:41.346452,s4-eth2,25.740129470825195,74.2598705291748
2025-11-27 18:31:41.346567,s5-eth3,25.63027000427246,74.36972999572754
2025-11-27 18:31:42.348050,s1-eth2,0.008963241577148437,99.99103675842285
2025-11-27 18:31:42.348359,s4-eth2,43.80078125,56.19921875
2025-11-27 18:31:42.348477,s5-eth3,43.910640716552734,56.089359283447266
2025-11-27 18:31:43.349790,s1-eth2,0.009603424072265625,99.99039657592773
2025-11-27 18:31:43.350084,s4-eth2,0.009603424072265625,99.99039657592773
2025-11-27 18:31:43.350207,s5-eth3,0.009603424072265625,99.99039657592773
2025-11-27 18:31:44.351542,s1-eth2,0.009603424072265625,99.99039657592773
2025-11-27 18:31:44.351831,s4-eth2,0.009603424072265625,99.99039657592773
2025-11-27 18:31:44.351950,s5-eth3,0.008963241577148437,99.99103675842285
2025-11-27 18:31:45.353243,s1-eth2,0.008963241577148437,99.99103675842285
2025-11-27 18:31:45.353538,s4-eth2,0.008963241577148437,99.99103675842285
2025-11-27 18:31:45.353650,s5-eth3,0.008963241577148437,99.99103675842285
2025-11-27 18:31:46.354963,s1-eth2,0.008963241577148437,99.99103675842285
2025-11-27 18:31:46.355252,s4-eth2,0.008963241577148437,99.99103675842285
2025-11-27 18:31:46.355365,s5-eth3,0.008963241577148437,99.99103675842285
2025-11-27 18:31:47.356850,s1-eth2,0.009603424072265625,99.99039657592773
2025-11-27 18:31:47.357185,s4-eth2,0.009603424072265625,99.99039657592773
2025-11-27 18:31:47.357296,s5-eth3,0.009603424072265625,99.99039657592773
2025-11-27 18:31:48.358635,s1-eth2,0.008963241577148437,99.99103675842285
2025-11-27 18:31:48.358976,s4-eth2,0.008963241577148437,99.99103675842285
2025-11-27 18:31:48.359087,s5-eth3,0.009603424072265625,99.99039657592773
2025-11-27 18:31:49.360410,s1-eth2,0.008963241577148437,99.99103675842285
2025-11-27 18:31:49.360757,s4-eth2,0.008963241577148437,99.99103675842285
2025-11-27 18:31:49.360869,s5-eth3,0.008963241577148437,99.99103675842285
2025-11-27 18:31:50.361471,s1-eth2,0.008963241577148437,99.99103675842285
2025-11-27 18:31:50.361578,s4-eth2,0.00897216796875,99.99102783203125
2025-11-27 18:31:50.361618,s5-eth3,0.00897216796875,99.99102783203125
2025-11-27 18:31:51.362955,s1-eth2,0.008963241577148437,99.99103675842285
2025-11-27 18:31:51.363258,s4-eth2,0.008963241577148437,99.99103675842285
2025-11-27 18:31:51.363368,s5-eth3,0.008963241577148437,99.99103675842285
2025-11-27 18:31:52.364685,s1-eth2,0.009603424072265625,99.99039657592773
2025-11-27 18:31:52.364975,s4-eth2,0.009603424072265625,99.99039657592773
2025-11-27 18:31:52.365085,s5-eth3,0.008963241577148437,99.99103675842285
2025-11-27 18:31:53.366424,s1-eth2,0.008963241577148437,99.99103675842285
2025-11-27 18:31:53.366717,s4-eth2,0.008963241577148437,99.99103675842285
2025-11-27 18:31:53.366828,s5-eth3,0.008963241577148437,99.99103675842285
2025-11-27 18:31:54.368159,s1-eth2,0.008963241577148437,99.99103675842285
2025-11-27 18:31:54.368468,s4-eth2,0.008963241577148437,99.99103675842285
2025-11-27 18:31:54.368577,s5-eth3,0.008963241577148437,99.99103675842285
2025-11-27 18:31:55.369904,s1-eth2,28.615673065185547,71.38432693481445
2025-11-27 18:31:55.370216,s4-eth2,0.008963241577148437,99.99103675842285
2025-11-27 18:31:55.370326,s5-eth3,0.008963241577148437,99.99103675842285
2025-11-27 18:31:56.371672,s1-eth2,36.421382904052734,63.578617095947266
2025-11-27 18:31:56.371991,s4-eth2,0.008963241577148437,99.99103675842285
2025-11-27 18:31:56.372100,s5-eth3,0.008963241577148437,99.99103675842285
2025-11-27 18:31:57.373574,s1-eth2,0.009603424072265625,99.99039657592773
2025-11-27 18:31:57.373868,s4-eth2,0.009603424072265625,99.99039657592773
2025-11-27 18:31:57.373981,s5-eth3,0.008963241577148437,99.99103675842285
2025-11-27 18:31:58.375348,s1-eth2,39.20179748535156,60.79820251464844
2025-11-27 18:31:58.375662,s4-eth2,0.008963241577148437,99.99103675842285
2025-11-27 18:31:58.375774,s5-eth3,0.008963241577148437,99.99103675842285
2025-11-27 18:31:59.377144,s1-eth2,30.5208797454834,69.4791202545166
2025-11-27 18:31:59.377477,s4-eth2,24.405344009399414,75.59465599060059
2025-11-27 18:31:59.377603,s5-eth3,24.51520347595215,75.48479652404785
2025-11-27 18:32:00.379005,s1-eth2,0.008963241577148437,99.99103675842285
2025-11-27 18:32:00.379339,s4-eth2,45.13648223876953,54.86351776123047
2025-11-27 18:32:00.379465,s5-eth3,45.0266227722168,54.9733772277832
2025-11-27 18:32:01.380848,s1-eth2,0.009603424072265625,99.99039657592773
2025-11-27 18:32:01.381174,s4-eth2,0.009603424072265625,99.99039657592773
2025-11-27 18:32:01.381293,s5-eth3,0.009603424072265625,99.99039657592773
2025-11-27 18:32:02.382768,s1-eth2,0.008963241577148437,99.99103675842285
2025-11-27 18:32:02.383124,s4-eth2,0.008963241577148437,99.99103675842285
2025-11-27 18:32:02.383243,s5-eth3,0.008963241577148437,99.99103675842285
2025-11-27 18:32:03.384627,s1-eth2,0.009603424072265625,99.99039657592773
2025-11-27 18:32:03.384952,s4-eth2,0.009603424072265625,99.99039657592773
2025-11-27 18:32:03.385080,s5-eth3,0.008963241577148437,99.99103675842285
2025-11-27 18:32:04.386427,s1-eth2,0.008963241577148437,99.99103675842285
2025-11-27 18:32:04.386745,s4-eth2,0.008963241577148437,99.99103675842285
2025-11-27 18:32:04.386883,s5-eth3,0.008963241577148437,99.99103675842285
2025-11-27 18:32:05.387592,s1-eth2,0.010883865356445312,99.98911613464355
2025-11-27 18:32:05.387718,s4-eth2,0.010894775390625,99.98910522460938
2025-11-27 18:32:05.387766,s5-eth3,0.010894775390625,99.98910522460938
2025-11-27 18:32:06.388974,s1-eth2,0.008963241577148437,99.99103675842285
2025-11-27 18:32:06.389281,s4-eth2,0.008963241577148437,99.99103675842285
2025-11-27 18:32:06.389391,s5-eth3,0.008963241577148437,99.99103675842285
2025-11-27 18:32:07.390161,s1-eth2,15.170575103759766,84.82942489624023
2025-11-27 18:32:07.390288,s4-eth2,0.008963241577148437,99.99103675842285
2025-11-27 18:32:07.390332,s5-eth3,0.00897216796875,99.99102783203125
2025-11-27 18:32:08.391624,s1-eth2,49.18779754638672,50.81220245361328
2025-11-27 18:32:08.391970,s4-eth2,0.008963241577148437,99.99103675842285
2025-11-27 18:32:08.392081,s5-eth3,0.009603424072265625,99.99039657592773
2025-11-27 18:32:09.392725,s1-eth2,34.637664794921875,65.36233520507812
2025-11-27 18:32:09.392850,s4-eth2,0.00897216796875,99.99102783203125
2025-11-27 18:32:09.392894,s5-eth3,0.009613037109375,99.99038696289062
2025-11-27 18:32:10.394157,s1-eth2,30.39887809753418,69.60112190246582
2025-11-27 18:32:10.394468,s4-eth2,0.008963241577148437,99.99103675842285
2025-11-27 18:32:10.394589,s5-eth3,48.07276153564453,51.92723846435547
2025-11-27 18:32:11.395889,s1-eth2,0.008963241577148437,99.99103675842285
2025-11-27 18:32:11.396178,s4-eth2,0.008963241577148437,99.99103675842285
2025-11-27 18:32:11.396306,s5-eth3,16.963787078857422,83.03621292114258
2025-11-27 18:32:12.397753,s1-eth2,0.008963241577148437,99.99103675842285
2025-11-27 18:32:12.398043,s4-eth2,0.008963241577148437,99.99103675842285
2025-11-27 18:32:12.398150,s5-eth3,0.008963241577148437,99.99103675842285
2025-11-27 18:32:13.399433,s1-eth2,0.009603424072265625,99.99039657592773
2025-11-27 18:32:13.399748,s4-eth2,0.009603424072265625,99.99039657592773
2025-11-27 18:32:13.399864,s5-eth3,0.008963241577148437,99.99103675842285
2025-11-27 18:32:14.401131,s1-eth2,0.008963241577148437,99.99103675842285
2025-11-27 18:32:14.401461,s4-eth2,0.008963241577148437,99.99103675842285
2025-11-27 18:32:14.401579,s5-eth3,0.009603424072265625,99.99039657592773
2025-11-27 18:32:15.402817,s1-eth2,0.008963241577148437,99.99103675842285
2025-11-27 18:32:15.403120,s4-eth2,0.008963241577148437,99.99103675842285
2025-11-27 18:32:15.403228,s5-eth3,0.008963241577148437,99.99103675842285
2025-11-27 18:32:16.404454,s1-eth2,0.008963241577148437,99.99103675842285
2025-11-27 18:32:16.404749,s4-eth2,0.008963241577148437,99.99103675842285
2025-11-27 18:32:16.404856,s5-eth3,0.008963241577148437,99.99103675842285
2025-11-27 18:32:17.406279,s1-eth2,0.008963241577148437,99.99103675842285
2025-11-27 18:32:17.406583,s4-eth2,32.79151916503906,67.20848083496094
2025-11-27 18:32:17.406705,s5-eth3,0.008963241577148437,99.99103675842285
2025-11-27 18:32:18.407924,s1-eth2,0.008963241577148437,99.99103675842285
2025-11-27 18:32:18.408234,s4-eth2,36.93107223510742,63.06892776489258
2025-11-27 18:32:18.408351,s5-eth3,0.008963241577148437,99.99103675842285
2025-11-27 18:32:19.409016,s1-eth2,0.008963241577148437,99.99103675842285
2025-11-27 18:32:19.409145,s4-eth2,0.00897216796875,99.99102783203125
2025-11-27 18:32:19.409194,s5-eth3,0.00897216796875,99.99102783203125
2025-11-27 18:32:20.410462,s1-eth2,0.008963241577148437,99.99103675842285
2025-11-27 18:32:20.410793,s4-eth2,0.008963241577148437,99.99103675842285
2025-11-27 18:32:20.410928,s5-eth3,0.009603424072265625,99.99039657592773
2025-11-27 18:32:21.412213,s1-eth2,0.009603424072265625,99.99039657592773
2025-11-27 18:32:21.412528,s4-eth2,0.009603424072265625,99.99039657592773
2025-11-27 18:32:21.412638,s5-eth3,0.008963241577148437,99.99103675842285
2025-11-27 18:32:22.414201,s1-eth2,0.008963241577148437,99.99103675842285
2025-11-27 18:32:22.414525,s4-eth2,0.008963241577148437,99.99103675842285
2025-11-27 18:32:22.414635,s5-eth3,0.008963241577148437,99.99103675842285
2025-11-27 18:32:23.415967,s1-eth2,0.008963241577148437,99.99103675842285
2025-11-27 18:32:23.416284,s4-eth2,0.008963241577148437,99.99103675842285
2025-11-27 18:32:23.416392,s5-eth3,0.008963241577148437,99.99103675842285
2025-11-27 18:32:24.417708,s1-eth2,0.010243682861328126,99.98975631713867
2025-11-27 18:32:24.418009,s4-eth2,0.010243682861328126,99.98975631713867
2025-11-27 18:32:24.418119,s5-eth3,0.010243682861328126,99.98975631713867
2025-11-27 18:32:25.419429,s1-eth2,0.008963241577148437,99.99103675842285
2025-11-27 18:32:25.419718,s4-eth2,0.008963241577148437,99.99103675842285
2025-11-27 18:32:25.419827,s5-eth3,0.008963241577148437,99.99103675842285
2025-11-27 18:32:26.421113,s1-eth2,0.008963241577148437,99.99103675842285
2025-11-27 18:32:26.421402,s4-eth2,0.008963241577148437,99.99103675842285
2025-11-27 18:32:26.421511,s5-eth3,0.008963241577148437,99.99103675842285
2025-11-27 18:32:27.422786,s1-eth2,0.008963241577148437,99.99103675842285
2025-11-27 18:32:27.423116,s4-eth2,0.008963241577148437,99.99103675842285
2025-11-27 18:32:27.423226,s5-eth3,0.008963241577148437,99.99103675842285
2025-11-27 18:32:28.424549,s1-eth2,0.009603424072265625,99.99039657592773
2025-11-27 18:32:28.424862,s4-eth2,0.009603424072265625,99.99039657592773
2025-11-27 18:32:28.424979,s5-eth3,0.009603424072265625,99.99039657592773
2025-11-27 18:32:29.426301,s1-eth2,0.009603424072265625,99.99039657592773
2025-11-27 18:32:29.426638,s4-eth2,59.65933609008789,40.34066390991211
2025-11-27 18:32:29.426758,s5-eth3,0.008963241577148437,99.99103675842285
2025-11-27 18:32:30.427365,s1-eth2,0.008963241577148437,99.99103675842285
2025-11-27 18:32:30.427470,s4-eth2,10.073966979980469,89.92603302001953
2025-11-27 18:32:30.427509,s5-eth3,0.00897216796875,99.99102783203125
2025-11-27 18:32:31.428766,s1-eth2,22.34777069091797,77.65222930908203
2025-11-27 18:32:31.429085,s4-eth2,0.010883865356445312,99.98911613464355
2025-11-27 18:32:31.429196,s5-eth3,0.008963241577148437,99.99103675842285
2025-11-27 18:32:32.430513,s1-eth2,47.376216888427734,52.623783111572266
2025-11-27 18:32:32.430815,s4-eth2,0.008963241577148437,99.99103675842285
2025-11-27 18:32:32.430970,s5-eth3,0.008963241577148437,99.99103675842285
2025-11-27 18:32:33.431619,s1-eth2,34.46061325073242,65.53938674926758
2025-11-27 18:32:33.431749,s4-eth2,0.00897216796875,99.99102783203125
2025-11-27 18:32:33.431790,s5-eth3,0.00897216796875,99.99102783203125
2025-11-27 18:32:34.433060,s1-eth2,29.898378372192383,70.10162162780762
2025-11-27 18:32:34.433386,s4-eth2,0.008963241577148437,99.99103675842285
2025-11-27 18:32:34.433495,s5-eth3,0.008963241577148437,99.99103675842285
2025-11-27 18:32:35.434840,s1-eth2,0.008963241577148437,99.99103675842285
2025-11-27 18:32:35.435215,s4-eth2,0.008963241577148437,99.99103675842285
2025-11-27 18:32:35.435326,s5-eth3,0.009603424072265625,99.99039657592773
2025-11-27 18:32:36.436677,s1-eth2,0.008963241577148437,99.99103675842285
2025-11-27 18:32:36.436993,s4-eth2,0.008963241577148437,99.99103675842285
2025-11-27 18:32:36.437104,s5-eth3,0.008963241577148437,99.99103675842285
2025-11-27 18:32:37.438491,s1-eth2,0.008963241577148437,99.99103675842285
2025-11-27 18:32:37.438871,s4-eth2,0.008963241577148437,99.99103675842285
2025-11-27 18:32:37.439017,s5-eth3,35.23916244506836,64.76083755493164
2025-11-27 18:32:38.440323,s1-eth2,0.008963241577148437,99.99103675842285
2025-11-27 18:32:38.440614,s4-eth2,0.008963241577148437,99.99103675842285
2025-11-27 18:32:38.440735,s5-eth3,29.797374725341797,70.2026252746582
2025-11-27 18:32:39.442018,s1-eth2,0.008963241577148437,99.99103675842285
2025-11-27 18:32:39.442323,s4-eth2,0.008963241577148437,99.99103675842285
2025-11-27 18:32:39.442433,s5-eth3,0.008963241577148437,99.99103675842285
2025-11-27 18:32:40.443750,s1-eth2,0.008963241577148437,99.99103675842285
2025-11-27 18:32:40.444041,s4-eth2,0.008963241577148437,99.99103675842285
2025-11-27 18:32:40.444152,s5-eth3,0.010243682861328126,99.98975631713867
2025-11-27 18:32:41.445444,s1-eth2,0.008963241577148437,99.99103675842285
2025-11-27 18:32:41.445741,s4-eth2,0.008963241577148437,99.99103675842285
2025-11-27 18:32:41.445850,s5-eth3,0.008963241577148437,99.99103675842285
2025-11-27 18:32:42.447165,s1-eth2,0.008963241577148437,99.99103675842285
2025-11-27 18:32:42.447455,s4-eth2,0.008963241577148437,99.99103675842285
2025-11-27 18:32:42.447564,s5-eth3,0.009603424072265625,99.99039657592773
2025-11-27 18:32:43.448834,s1-eth2,0.008963241577148437,99.99103675842285
2025-11-27 18:32:43.449123,s4-eth2,0.008963241577148437,99.99103675842285
2025-11-27 18:32:43.449242,s5-eth3,0.008963241577148437,99.99103675842285
2025-11-27 18:32:44.449847,s1-eth2,29.73101234436035,70.26898765563965
2025-11-27 18:32:44.449969,s4-eth2,28.301956176757812,71.69804382324219
2025-11-27 18:32:44.450014,s5-eth3,28.191482543945312,71.80851745605469
2025-11-27 18:32:45.451298,s1-eth2,35.30680465698242,64.69319534301758
2025-11-27 18:32:45.451614,s4-eth2,40.3441162109375,59.6558837890625
2025-11-27 18:32:45.451739,s5-eth3,40.4544792175293,59.5455207824707
2025-11-27 18:32:46.453061,s1-eth2,0.008963241577148437,99.99103675842285
2025-11-27 18:32:46.453350,s4-eth2,0.008963241577148437,99.99103675842285
2025-11-27 18:32:46.453464,s5-eth3,0.008963241577148437,99.99103675842285
2025-11-27 18:32:47.454066,s1-eth2,0.008963241577148437,99.99103675842285
2025-11-27 18:32:47.454178,s4-eth2,0.00897216796875,99.99102783203125
2025-11-27 18:32:47.454217,s5-eth3,0.00897216796875,99.99102783203125
2025-11-27 18:32:48.455486,s1-eth2,40.60709762573242,59.39290237426758
2025-11-27 18:32:48.455811,s4-eth2,0.009603424072265625,99.99039657592773
2025-11-27 18:32:48.455921,s5-eth3,0.009603424072265625,99.99039657592773
2025-11-27 18:32:49.457278,s1-eth2,29.116132736206055,70.88386726379395
2025-11-27 18:32:49.457606,s4-eth2,25.876087188720703,74.1239128112793
2025-11-27 18:32:49.457732,s5-eth3,25.9864501953125,74.0135498046875
2025-11-27 18:32:50.459089,s1-eth2,0.010243682861328126,99.98975631713867
2025-11-27 18:32:50.459409,s4-eth2,43.62211227416992,56.37788772583008
2025-11-27 18:32:50.459525,s5-eth3,43.511749267578125,56.488250732421875
2025-11-27 18:32:51.460859,s1-eth2,0.008963241577148437,99.99103675842285
2025-11-27 18:32:51.461149,s4-eth2,0.008963241577148437,99.99103675842285
2025-11-27 18:32:51.461267,s5-eth3,0.008963241577148437,99.99103675842285
2025-11-27 18:32:52.462592,s1-eth2,0.008963241577148437,99.99103675842285
2025-11-27 18:32:52.462923,s4-eth2,0.008963241577148437,99.99103675842285
2025-11-27 18:32:52.463040,s5-eth3,0.008963241577148437,99.99103675842285
2025-11-27 18:32:53.464375,s1-eth2,0.008963241577148437,99.99103675842285
2025-11-27 18:32:53.464683,s4-eth2,0.008963241577148437,99.99103675842285
2025-11-27 18:32:53.464801,s5-eth3,0.008963241577148437,99.99103675842285
2025-11-27 18:32:54.466160,s1-eth2,16.28591537475586,83.71408462524414
2025-11-27 18:32:54.466483,s4-eth2,0.009603424072265625,99.99039657592773
2025-11-27 18:32:54.466601,s5-eth3,0.008963241577148437,99.99103675842285
2025-11-27 18:32:55.467925,s1-eth2,48.073577880859375,51.926422119140625
2025-11-27 18:32:55.468246,s4-eth2,0.008963241577148437,99.99103675842285
2025-11-27 18:32:55.468370,s5-eth3,0.008963241577148437,99.99103675842285
2025-11-27 18:32:56.469689,s1-eth2,0.008963241577148437,99.99103675842285
2025-11-27 18:32:56.470007,s4-eth2,0.008963241577148437,99.99103675842285
2025-11-27 18:32:56.470117,s5-eth3,0.008963241577148437,99.99103675842285
2025-11-27 18:32:57.471436,s1-eth2,0.008963241577148437,99.99103675842285
2025-11-27 18:32:57.471751,s4-eth2,0.008963241577148437,99.99103675842285
2025-11-27 18:32:57.471868,s5-eth3,0.008963241577148437,99.99103675842285
2025-11-27 18:32:58.473202,s1-eth2,35.75236511230469,64.24763488769531
2025-11-27 18:32:58.473513,s4-eth2,0.008963241577148437,99.99103675842285
2025-11-27 18:32:58.473623,s5-eth3,0.008963241577148437,99.99103675842285
2025-11-27 18:32:59.475003,s1-eth2,29.284818649291992,70.71518135070801
2025-11-27 18:32:59.475340,s4-eth2,0.009603424072265625,99.99039657592773
2025-11-27 18:32:59.475451,s5-eth3,0.008963241577148437,99.99103675842285
2025-11-27 18:33:00.476883,s1-eth2,0.008963241577148437,99.99103675842285
2025-11-27 18:33:00.477238,s4-eth2,0.008963241577148437,99.99103675842285
2025-11-27 18:33:00.477348,s5-eth3,0.008963241577148437,99.99103675842285
2025-11-27 18:33:01.478684,s1-eth2,0.009603424072265625,99.99039657592773
2025-11-27 18:33:01.479024,s4-eth2,0.009603424072265625,99.99039657592773
2025-11-27 18:33:01.479134,s5-eth3,0.009603424072265625,99.99039657592773
2025-11-27 18:33:02.480463,s1-eth2,0.008963241577148437,99.99103675842285
2025-11-27 18:33:02.480763,s4-eth2,0.008963241577148437,99.99103675842285
2025-11-27 18:33:02.480873,s5-eth3,0.008963241577148437,99.99103675842285
2025-11-27 18:33:03.482247,s1-eth2,0.008963241577148437,99.99103675842285
2025-11-27 18:33:03.482576,s4-eth2,0.008963241577148437,99.99103675842285
2025-11-27 18:33:03.482698,s5-eth3,49.578399658203125,50.421600341796875
2025-11-27 18:33:04.483981,s1-eth2,0.008963241577148437,99.99103675842285
2025-11-27 18:33:04.484297,s4-eth2,0.008963241577148437,99.99103675842285
2025-11-27 18:33:04.484420,s5-eth3,15.459257125854492,84.54074287414551
2025-11-27 18:33:05.485740,s1-eth2,0.008963241577148437,99.99103675842285
2025-11-27 18:33:05.486040,s4-eth2,0.008963241577148437,99.99103675842285
2025-11-27 18:33:05.486150,s5-eth3,0.009603424072265625,99.99039657592773
2025-11-27 18:33:06.487494,s1-eth2,0.008963241577148437,99.99103675842285
2025-11-27 18:33:06.487783,s4-eth2,0.008963241577148437,99.99103675842285
2025-11-27 18:33:06.487891,s5-eth3,0.008963241577148437,99.99103675842285
2025-11-27 18:33:07.489208,s1-eth2,0.008963241577148437,99.99103675842285
2025-11-27 18:33:07.489496,s4-eth2,0.008963241577148437,99.99103675842285
2025-11-27 18:33:07.489604,s5-eth3,0.008963241577148437,99.99103675842285
2025-11-27 18:33:08.490913,s1-eth2,0.009603424072265625,99.99039657592773
2025-11-27 18:33:08.491219,s4-eth2,0.009603424072265625,99.99039657592773
2025-11-27 18:33:08.491328,s5-eth3,0.008963241577148437,99.99103675842285
2025-11-27 18:33:09.492618,s1-eth2,0.008963241577148437,99.99103675842285
2025-11-27 18:33:09.492908,s4-eth2,0.008963241577148437,99.99103675842285
2025-11-27 18:33:09.493018,s5-eth3,0.008963241577148437,99.99103675842285
2025-11-27 18:33:10.494296,s1-eth2,0.008963241577148437,99.99103675842285
2025-11-27 18:33:10.494593,s4-eth2,0.008963241577148437,99.99103675842285
2025-11-27 18:33:10.494701,s5-eth3,0.008963241577148437,99.99103675842285
2025-11-27 18:33:11.496002,s1-eth2,0.009603424072265625,99.99039657592773
2025-11-27 18:33:11.496321,s4-eth2,0.009603424072265625,99.99039657592773
2025-11-27 18:33:11.496439,s5-eth3,0.009603424072265625,99.99039657592773
2025-11-27 18:33:12.497741,s1-eth2,0.008963241577148437,99.99103675842285
2025-11-27 18:33:12.498064,s4-eth2,0.008963241577148437,99.99103675842285
2025-11-27 18:33:12.498181,s5-eth3,0.008963241577148437,99.99103675842285
2025-11-27 18:33:13.499628,s1-eth2,0.009603424072265625,99.99039657592773
2025-11-27 18:33:13.499975,s4-eth2,38.09877395629883,61.90122604370117
2025-11-27 18:33:13.500113,s5-eth3,0.009603424072265625,99.99039657592773
2025-11-27 18:33:14.501464,s1-eth2,0.009603424072265625,99.99039657592773
2025-11-27 18:33:14.501783,s4-eth2,31.625099182128906,68.3749008178711
2025-11-27 18:33:14.501903,s5-eth3,0.008963241577148437,99.99103675842285
2025-11-27 18:33:15.503234,s1-eth2,0.008963241577148437,99.99103675842285
2025-11-27 18:33:15.503525,s4-eth2,0.008963241577148437,99.99103675842285
2025-11-27 18:33:15.503634,s5-eth3,0.008963241577148437,99.99103675842285
2025-11-27 18:33:16.504934,s1-eth2,0.009603424072265625,99.99039657592773
2025-11-27 18:33:16.505222,s4-eth2,0.009603424072265625,99.99039657592773
2025-11-27 18:33:16.505339,s5-eth3,0.008963241577148437,99.99103675842285
2025-11-27 18:33:17.506608,s1-eth2,0.008963241577148437,99.99103675842285
2025-11-27 18:33:17.506911,s4-eth2,0.008963241577148437,99.99103675842285
2025-11-27 18:33:17.507019,s5-eth3,0.008963241577148437,99.99103675842285
2025-11-27 18:33:18.508310,s1-eth2,0.009603424072265625,99.99039657592773
2025-11-27 18:33:18.508600,s4-eth2,0.009603424072265625,99.99039657592773
2025-11-27 18:33:18.508709,s5-eth3,0.009603424072265625,99.99039657592773
2025-11-27 18:33:19.509988,s1-eth2,0.008963241577148437,99.99103675842285
2025-11-27 18:33:19.510288,s4-eth2,0.008963241577148437,99.99103675842285
2025-11-27 18:33:19.510397,s5-eth3,0.008963241577148437,99.99103675842285
2025-11-27 18:33:20.511010,s1-eth2,0.008963241577148437,99.99103675842285
2025-11-27 18:33:20.511125,s4-eth2,0.00897216796875,99.99102783203125
2025-11-27 18:33:20.511166,s5-eth3,0.00897216796875,99.99102783203125
2025-11-27 18:33:21.512425,s1-eth2,0.009603424072265625,99.99039657592773
2025-11-27 18:33:21.512765,s4-eth2,0.009603424072265625,99.99039657592773
2025-11-27 18:33:21.512877,s5-eth3,0.008963241577148437,99.99103675842285
2025-11-27 18:33:22.514160,s1-eth2,0.008963241577148437,99.99103675842285
2025-11-27 18:33:22.514472,s4-eth2,0.008963241577148437,99.99103675842285
2025-11-27 18:33:22.514580,s5-eth3,0.008963241577148437,99.99103675842285
2025-11-27 18:33:23.515881,s1-eth2,0.009603424072265625,99.99039657592773
2025-11-27 18:33:23.516178,s4-eth2,0.009603424072265625,99.99039657592773
2025-11-27 18:33:23.516288,s5-eth3,0.009603424072265625,99.99039657592773
2025-11-27 18:33:24.517599,s1-eth2,0.008963241577148437,99.99103675842285
2025-11-27 18:33:24.517919,s4-eth2,0.008963241577148437,99.99103675842285
2025-11-27 18:33:24.518028,s5-eth3,0.008963241577148437,99.99103675842285
2025-11-27 18:33:25.518678,s1-eth2,0.009603424072265625,99.99039657592773
2025-11-27 18:33:25.518803,s4-eth2,0.009613037109375,99.99038696289062
2025-11-27 18:33:25.518852,s5-eth3,0.010894775390625,99.98910522460938
2025-11-27 18:33:26.520113,s1-eth2,0.008963241577148437,99.99103675842285
2025-11-27 18:33:26.520412,s4-eth2,0.008963241577148437,99.99103675842285
2025-11-27 18:33:26.520521,s5-eth3,0.008963241577148437,99.99103675842285
2025-11-27 18:33:27.521797,s1-eth2,0.008963241577148437,99.99103675842285
2025-11-27 18:33:27.522087,s4-eth2,0.008963241577148437,99.99103675842285
2025-11-27 18:33:27.522205,s5-eth3,0.008963241577148437,99.99103675842285
2025-11-27 18:33:28.523543,s1-eth2,0.008963241577148437,99.99103675842285
2025-11-27 18:33:28.523848,s4-eth2,61.67588806152344,38.32411193847656
2025-11-27 18:33:28.523970,s5-eth3,0.008963241577148437,99.99103675842285
2025-11-27 18:33:29.525313,s1-eth2,0.009603424072265625,99.99039657592773
2025-11-27 18:33:29.525634,s4-eth2,8.047311782836914,91.95268821716309
2025-11-27 18:33:29.525770,s5-eth3,37.258365631103516,62.741634368896484
2025-11-27 18:33:30.527106,s1-eth2,0.008963241577148437,99.99103675842285
2025-11-27 18:33:30.527416,s4-eth2,0.008963241577148437,99.99103675842285
2025-11-27 18:33:30.527540,s5-eth3,27.780424118041992,72.21957588195801
2025-11-27 18:33:31.528195,s1-eth2,0.009603424072265625,99.99039657592773
2025-11-27 18:33:31.528313,s4-eth2,33.29951477050781,66.70048522949219
2025-11-27 18:33:31.528361,s5-eth3,33.18904113769531,66.81095886230469
2025-11-27 18:33:32.529712,s1-eth2,0.009603424072265625,99.99039657592773
2025-11-27 18:33:32.530032,s4-eth2,36.275569915771484,63.724430084228516
2025-11-27 18:33:32.530151,s5-eth3,36.38593292236328,63.61406707763672
2025-11-27 18:33:33.531500,s1-eth2,0.008963241577148437,99.99103675842285
2025-11-27 18:33:33.531815,s4-eth2,0.008963241577148437,99.99103675842285
2025-11-27 18:33:33.531924,s5-eth3,0.008963241577148437,99.99103675842285
2025-11-27 18:33:34.533271,s1-eth2,44.45222091674805,55.54777908325195
2025-11-27 18:33:34.533573,s4-eth2,0.008963241577148437,99.99103675842285
2025-11-27 18:33:34.533683,s5-eth3,0.008963241577148437,99.99103675842285
2025-11-27 18:33:35.535022,s1-eth2,25.270994186401367,74.72900581359863
2025-11-27 18:33:35.535333,s4-eth2,0.009603424072265625,99.99039657592773
2025-11-27 18:33:35.535445,s5-eth3,0.009603424072265625,99.99039657592773
2025-11-27 18:33:36.536745,s1-eth2,0.008963241577148437,99.99103675842285
2025-11-27 18:33:36.537036,s4-eth2,0.008963241577148437,99.99103675842285
2025-11-27 18:33:36.537145,s5-eth3,0.009603424072265625,99.99039657592773
2025-11-27 18:33:37.538425,s1-eth2,0.008963241577148437,99.99103675842285
2025-11-27 18:33:37.538714,s4-eth2,0.008963241577148437,99.99103675842285
2025-11-27 18:33:37.538821,s5-eth3,0.008963241577148437,99.99103675842285
2025-11-27 18:33:38.540098,s1-eth2,0.008963241577148437,99.99103675842285
2025-11-27 18:33:38.540403,s4-eth2,0.008963241577148437,99.99103675842285
2025-11-27 18:33:38.540511,s5-eth3,0.008963241577148437,99.99103675842285
2025-11-27 18:33:39.541844,s1-eth2,0.008963241577148437,99.99103675842285
2025-11-27 18:33:39.542152,s4-eth2,0.008963241577148437,99.99103675842285
2025-11-27 18:33:39.542261,s5-eth3,0.008963241577148437,99.99103675842285
2025-11-27 18:33:40.542880,s1-eth2,25.44513702392578,74.55486297607422
2025-11-27 18:33:40.542991,s4-eth2,0.00897216796875,99.99102783203125
2025-11-27 18:33:40.543028,s5-eth3,0.00897216796875,99.99102783203125
2025-11-27 18:33:41.544299,s1-eth2,82.13934326171875,17.86065673828125
2025-11-27 18:33:41.544615,s4-eth2,0.008963241577148437,99.99103675842285
2025-11-27 18:33:41.544726,s5-eth3,0.008963241577148437,99.99103675842285
2025-11-27 18:33:42.546077,s1-eth2,27.165149688720703,72.8348503112793
2025-11-27 18:33:42.546409,s4-eth2,0.008963241577148437,99.99103675842285
2025-11-27 18:33:42.546524,s5-eth3,0.008963241577148437,99.99103675842285
2025-11-27 18:33:43.547861,s1-eth2,0.008963241577148437,99.99103675842285
2025-11-27 18:33:43.548159,s4-eth2,0.008963241577148437,99.99103675842285
2025-11-27 18:33:43.548274,s5-eth3,0.008963241577148437,99.99103675842285
2025-11-27 18:33:44.549590,s1-eth2,0.008963241577148437,99.99103675842285
2025-11-27 18:33:44.549917,s4-eth2,0.008963241577148437,99.99103675842285
2025-11-27 18:33:44.550033,s5-eth3,0.008963241577148437,99.99103675842285
2025-11-27 18:33:45.551383,s1-eth2,0.008963241577148437,99.99103675842285
2025-11-27 18:33:45.551710,s4-eth2,28.239431381225586,71.76056861877441
2025-11-27 18:33:45.551836,s5-eth3,28.416515350341797,71.5834846496582
2025-11-27 18:33:46.553189,s1-eth2,32.51812744140625,67.48187255859375
2025-11-27 18:33:46.553538,s4-eth2,41.301090240478516,58.698909759521484
2025-11-27 18:33:46.553655,s5-eth3,41.12400817871094,58.87599182128906
2025-11-27 18:33:47.555027,s1-eth2,39.751869201660156,60.248130798339844
2025-11-27 18:33:47.555370,s4-eth2,0.009603424072265625,99.99039657592773
2025-11-27 18:33:47.555482,s5-eth3,0.008963241577148437,99.99103675842285
2025-11-27 18:33:48.556792,s1-eth2,53.28754806518555,46.71245193481445
2025-11-27 18:33:48.557120,s4-eth2,0.008963241577148437,99.99103675842285
2025-11-27 18:33:48.557228,s5-eth3,0.008963241577148437,99.99103675842285
2025-11-27 18:33:49.558529,s1-eth2,8.378988265991211,91.62101173400879
2025-11-27 18:33:49.558865,s4-eth2,0.008963241577148437,99.99103675842285
2025-11-27 18:33:49.558975,s5-eth3,0.008963241577148437,99.99103675842285
2025-11-27 18:33:50.560256,s1-eth2,0.009603424072265625,99.99039657592773
2025-11-27 18:33:50.560546,s4-eth2,0.009603424072265625,99.99039657592773
2025-11-27 18:33:50.560655,s5-eth3,0.009603424072265625,99.99039657592773
2025-11-27 18:33:51.561959,s1-eth2,0.009603424072265625,99.99039657592773
2025-11-27 18:33:51.562251,s4-eth2,0.009603424072265625,99.99039657592773
2025-11-27 18:33:51.562361,s5-eth3,0.009603424072265625,99.99039657592773
2025-11-27 18:33:52.563657,s1-eth2,0.008963241577148437,99.99103675842285
2025-11-27 18:33:52.563980,s4-eth2,0.008963241577148437,99.99103675842285
2025-11-27 18:33:52.564089,s5-eth3,0.008963241577148437,99.99103675842285
2025-11-27 18:33:53.565363,s1-eth2,0.009603424072265625,99.99039657592773
2025-11-27 18:33:53.565670,s4-eth2,0.009603424072265625,99.99039657592773
2025-11-27 18:33:53.565778,s5-eth3,0.009603424072265625,99.99039657592773
2025-11-27 18:33:54.567063,s1-eth2,0.008963241577148437,99.99103675842285
2025-11-27 18:33:54.567374,s4-eth2,0.008963241577148437,99.99103675842285
2025-11-27 18:33:54.567483,s5-eth3,0.009603424072265625,99.99039657592773
2025-11-27 18:33:55.568740,s1-eth2,0.009603424072265625,99.99039657592773
2025-11-27 18:33:55.569028,s4-eth2,0.009603424072265625,99.99039657592773
2025-11-27 18:33:55.569136,s5-eth3,0.008963241577148437,99.99103675842285
2025-11-27 18:33:56.570493,s1-eth2,0.008963241577148437,99.99103675842285
2025-11-27 18:33:56.570810,s4-eth2,0.008963241577148437,99.99103675842285
2025-11-27 18:33:56.570936,s5-eth3,0.008963241577148437,99.99103675842285
2025-11-27 18:33:57.572411,s1-eth2,10.155707397460937,89.84429260253907
2025-11-27 18:33:57.572756,s4-eth2,0.010243682861328126,99.98975631713867
2025-11-27 18:33:57.572878,s5-eth3,0.008963241577148437,99.99103675842285
2025-11-27 18:33:58.574222,s1-eth2,54.20394515991211,45.79605484008789
2025-11-27 18:33:58.574553,s4-eth2,0.008963241577148437,99.99103675842285
2025-11-27 18:33:58.574663,s5-eth3,0.009603424072265625,99.99039657592773
2025-11-27 18:33:59.575938,s1-eth2,0.008963241577148437,99.99103675842285
2025-11-27 18:33:59.576227,s4-eth2,0.008963241577148437,99.99103675842285
2025-11-27 18:33:59.576337,s5-eth3,0.008963241577148437,99.99103675842285
2025-11-27 18:34:00.577648,s1-eth2,0.009603424072265625,99.99039657592773
2025-11-27 18:34:00.577944,s4-eth2,0.009603424072265625,99.99039657592773
2025-11-27 18:34:00.578053,s5-eth3,0.010243682861328126,99.98975631713867
2025-11-27 18:34:01.579373,s1-eth2,0.009603424072265625,99.99039657592773
2025-11-27 18:34:01.579662,s4-eth2,0.009603424072265625,99.99039657592773
2025-11-27 18:34:01.579771,s5-eth3,0.008963241577148437,99.99103675842285
2025-11-27 18:34:02.581051,s1-eth2,0.008963241577148437,99.99103675842285
2025-11-27 18:34:02.581341,s4-eth2,0.008963241577148437,99.99103675842285
2025-11-27 18:34:02.581450,s5-eth3,0.008963241577148437,99.99103675842285
2025-11-27 18:34:03.582721,s1-eth2,0.008963241577148437,99.99103675842285
2025-11-27 18:34:03.583037,s4-eth2,0.008963241577148437,99.99103675842285
2025-11-27 18:34:03.583145,s5-eth3,0.008963241577148437,99.99103675842285
2025-11-27 18:34:04.584421,s1-eth2,0.008963241577148437,99.99103675842285
2025-11-27 18:34:04.584712,s4-eth2,0.008963241577148437,99.99103675842285
2025-11-27 18:34:04.584820,s5-eth3,0.008963241577148437,99.99103675842285
2025-11-27 18:34:05.586193,s1-eth2,0.008963241577148437,99.99103675842285
2025-11-27 18:34:05.586497,s4-eth2,0.008963241577148437,99.99103675842285
2025-11-27 18:34:05.586608,s5-eth3,0.008963241577148437,99.99103675842285
2025-11-27 18:34:06.587961,s1-eth2,0.008963241577148437,99.99103675842285
2025-11-27 18:34:06.588260,s4-eth2,0.008963241577148437,99.99103675842285
2025-11-27 18:34:06.588368,s5-eth3,0.008963241577148437,99.99103675842285
2025-11-27 18:34:07.589850,s1-eth2,0.009603424072265625,99.99039657592773
2025-11-27 18:34:07.590214,s4-eth2,0.009603424072265625,99.99039657592773
2025-11-27 18:34:07.590330,s5-eth3,0.009283294677734375,99.99071670532227
2025-11-27 18:34:08.590983,s1-eth2,0.008963241577148437,99.99103675842285
2025-11-27 18:34:08.591110,s4-eth2,40.66462707519531,59.33537292480469
2025-11-27 18:34:08.591157,s5-eth3,51.848236083984375,48.151763916015625
2025-11-27 18:34:09.592406,s1-eth2,0.008963241577148437,99.99103675842285
2025-11-27 18:34:09.592925,s4-eth2,25.88344955444336,74.11655044555664
2025-11-27 18:34:09.593125,s5-eth3,13.240901947021484,86.75909805297852
2025-11-27 18:34:10.594751,s1-eth2,0.008954238891601563,99.9910457611084
2025-11-27 18:34:10.595068,s4-eth2,0.008954238891601563,99.9910457611084
2025-11-27 18:34:10.595184,s5-eth3,0.008954238891601563,99.9910457611084
2025-11-27 18:34:11.596879,s1-eth2,0.008954238891601563,99.9910457611084
2025-11-27 18:34:11.597189,s4-eth2,0.008954238891601563,99.9910457611084
2025-11-27 18:34:11.597305,s5-eth3,0.008954238891601563,99.9910457611084
2025-11-27 18:34:12.597880,s1-eth2,0.009603424072265625,99.99039657592773
2025-11-27 18:34:12.597981,s4-eth2,0.009613037109375,99.99038696289062
2025-11-27 18:34:12.598018,s5-eth3,0.009613037109375,99.99038696289062
2025-11-27 18:34:13.599259,s1-eth2,0.008963241577148437,99.99103675842285
2025-11-27 18:34:13.599556,s4-eth2,0.008963241577148437,99.99103675842285
2025-11-27 18:34:13.599665,s5-eth3,0.009603424072265625,99.99039657592773
2025-11-27 18:34:14.600931,s1-eth2,0.010883865356445312,99.98911613464355
2025-11-27 18:34:14.601223,s4-eth2,0.010883865356445312,99.98911613464355
2025-11-27 18:34:14.601333,s5-eth3,0.010243682861328126,99.98975631713867
2025-11-27 18:34:15.602613,s1-eth2,0.008963241577148437,99.99103675842285
2025-11-27 18:34:15.602918,s4-eth2,0.008963241577148437,99.99103675842285
2025-11-27 18:34:15.603028,s5-eth3,0.008963241577148437,99.99103675842285
2025-11-27 18:34:16.604306,s1-eth2,0.008963241577148437,99.99103675842285
2025-11-27 18:34:16.604612,s4-eth2,0.008963241577148437,99.99103675842285
2025-11-27 18:34:16.604721,s5-eth3,0.008963241577148437,99.99103675842285
2025-11-27 18:34:17.606032,s1-eth2,0.008963241577148437,99.99103675842285
2025-11-27 18:34:17.606347,s4-eth2,0.008963241577148437,99.99103675842285
2025-11-27 18:34:17.606463,s5-eth3,0.008963241577148437,99.99103675842285
2025-11-27 18:34:18.607816,s1-eth2,0.008963241577148437,99.99103675842285
2025-11-27 18:34:18.608158,s4-eth2,63.508453369140625,36.491546630859375
2025-11-27 18:34:18.608282,s5-eth3,0.008963241577148437,99.99103675842285
2025-11-27 18:34:19.609568,s1-eth2,0.008963241577148437,99.99103675842285
2025-11-27 18:34:19.609867,s4-eth2,6.206600189208984,93.79339981079102
2025-11-27 18:34:19.609987,s5-eth3,0.008963241577148437,99.99103675842285
2025-11-27 18:34:20.611318,s1-eth2,0.008963241577148437,99.99103675842285
2025-11-27 18:34:20.611643,s4-eth2,0.008963241577148437,99.99103675842285
2025-11-27 18:34:20.611751,s5-eth3,0.008963241577148437,99.99103675842285
2025-11-27 18:34:21.613059,s1-eth2,0.008963241577148437,99.99103675842285
2025-11-27 18:34:21.613376,s4-eth2,0.008963241577148437,99.99103675842285
2025-11-27 18:34:21.613484,s5-eth3,0.009603424072265625,99.99039657592773
2025-11-27 18:34:22.614778,s1-eth2,0.008963241577148437,99.99103675842285
2025-11-27 18:34:22.615095,s4-eth2,0.008963241577148437,99.99103675842285
2025-11-27 18:34:22.615205,s5-eth3,0.008963241577148437,99.99103675842285
2025-11-27 18:34:23.615853,s1-eth2,46.625938415527344,53.374061584472656
2025-11-27 18:34:23.615989,s4-eth2,0.00897216796875,99.99102783203125
2025-11-27 18:34:23.616032,s5-eth3,0.00897216796875,99.99102783203125
2025-11-27 18:34:24.616554,s1-eth2,49.91974639892578,50.08025360107422
2025-11-27 18:34:24.616664,s4-eth2,0.00897216796875,99.99102783203125
2025-11-27 18:34:24.616702,s5-eth3,0.00897216796875,99.99102783203125
2025-11-27 18:34:25.617190,s1-eth2,42.98242950439453,57.01757049560547
2025-11-27 18:34:25.617289,s4-eth2,0.00897216796875,99.99102783203125
2025-11-27 18:34:25.617325,s5-eth3,0.00897216796875,99.99102783203125
2025-11-27 18:34:26.618546,s1-eth2,0.009603424072265625,99.99039657592773
2025-11-27 18:34:26.618857,s4-eth2,0.009603424072265625,99.99039657592773
2025-11-27 18:34:26.618969,s5-eth3,0.008963241577148437,99.99103675842285
2025-11-27 18:34:27.620293,s1-eth2,0.009603424072265625,99.99039657592773
2025-11-27 18:34:27.620599,s4-eth2,0.009603424072265625,99.99039657592773
2025-11-27 18:34:27.620708,s5-eth3,0.009603424072265625,99.99039657592773
2025-11-27 18:34:28.621501,s1-eth2,0.008963241577148437,99.99103675842285
2025-11-27 18:34:28.621666,s4-eth2,0.008963241577148437,99.99103675842285
2025-11-27 18:34:28.621725,s5-eth3,0.008963241577148437,99.99103675842285
2025-11-27 18:34:29.622992,s1-eth2,0.008963241577148437,99.99103675842285
2025-11-27 18:34:29.623291,s4-eth2,0.008963241577148437,99.99103675842285
2025-11-27 18:34:29.623404,s5-eth3,0.008963241577148437,99.99103675842285
2025-11-27 18:34:30.624707,s1-eth2,0.009603424072265625,99.99039657592773
2025-11-27 18:34:30.625005,s4-eth2,0.009603424072265625,99.99039657592773
2025-11-27 18:34:30.625114,s5-eth3,0.009603424072265625,99.99039657592773
2025-11-27 18:34:31.626460,s1-eth2,34.126441955566406,65.8735580444336
2025-11-27 18:34:31.626778,s4-eth2,35.01591873168945,64.98408126831055
2025-11-27 18:34:31.626910,s5-eth3,34.79533004760742,65.20466995239258
2025-11-27 18:34:32.628259,s1-eth2,30.900915145874023,69.09908485412598
2025-11-27 18:34:32.628591,s4-eth2,34.480960845947266,65.51903915405273
2025-11-27 18:34:32.628705,s5-eth3,34.70219039916992,65.29780960083008
2025-11-27 18:34:33.630071,s1-eth2,39.22037887573242,60.77962112426758
2025-11-27 18:34:33.630398,s4-eth2,0.008963241577148437,99.99103675842285
2025-11-27 18:34:33.630507,s5-eth3,0.008963241577148437,99.99103675842285
2025-11-27 18:34:34.631907,s1-eth2,25.816652297973633,74.18334770202637
2025-11-27 18:34:34.632261,s4-eth2,0.008963241577148437,99.99103675842285
2025-11-27 18:34:34.632385,s5-eth3,40.156986236572266,59.843013763427734
2025-11-27 18:34:35.633728,s1-eth2,0.009603424072265625,99.99039657592773
2025-11-27 18:34:35.634029,s4-eth2,0.009603424072265625,99.99039657592773
2025-11-27 18:34:35.634148,s5-eth3,24.88019561767578,75.11980438232422
2025-11-27 18:34:36.635471,s1-eth2,0.008963241577148437,99.99103675842285
2025-11-27 18:34:36.635779,s4-eth2,0.008963241577148437,99.99103675842285
2025-11-27 18:34:36.635888,s5-eth3,0.008963241577148437,99.99103675842285
2025-11-27 18:34:37.637202,s1-eth2,0.009603424072265625,99.99039657592773
2025-11-27 18:34:37.637514,s4-eth2,0.009603424072265625,99.99039657592773
2025-11-27 18:34:37.637630,s5-eth3,0.009603424072265625,99.99039657592773
2025-11-27 18:34:38.638977,s1-eth2,0.008963241577148437,99.99103675842285
2025-11-27 18:34:38.639318,s4-eth2,0.008963241577148437,99.99103675842285
2025-11-27 18:34:38.639436,s5-eth3,0.009603424072265625,99.99039657592773
2025-11-27 18:34:39.640770,s1-eth2,0.009603424072265625,99.99039657592773
2025-11-27 18:34:39.641091,s4-eth2,0.009603424072265625,99.99039657592773
2025-11-27 18:34:39.641201,s5-eth3,0.009603424072265625,99.99039657592773
2025-11-27 18:34:40.642525,s1-eth2,0.010243682861328126,99.98975631713867
2025-11-27 18:34:40.642828,s4-eth2,0.010243682861328126,99.98975631713867
2025-11-27 18:34:40.642956,s5-eth3,0.009603424072265625,99.99039657592773
2025-11-27 18:34:41.644259,s1-eth2,0.008963241577148437,99.99103675842285
2025-11-27 18:34:41.644548,s4-eth2,0.008963241577148437,99.99103675842285
2025-11-27 18:34:41.644656,s5-eth3,0.008963241577148437,99.99103675842285
2025-11-27 18:34:42.645976,s1-eth2,0.009603424072265625,99.99039657592773
2025-11-27 18:34:42.646302,s4-eth2,0.009603424072265625,99.99039657592773
2025-11-27 18:34:42.646412,s5-eth3,0.008963241577148437,99.99103675842285
2025-11-27 18:34:43.647737,s1-eth2,0.008963241577148437,99.99103675842285
2025-11-27 18:34:43.648056,s4-eth2,0.008963241577148437,99.99103675842285
2025-11-27 18:34:43.648167,s5-eth3,0.009603424072265625,99.99039657592773
2025-11-27 18:34:44.649438,s1-eth2,0.008963241577148437,99.99103675842285
2025-11-27 18:34:44.649725,s4-eth2,0.008963241577148437,99.99103675842285
2025-11-27 18:34:44.649843,s5-eth3,0.008963241577148437,99.99103675842285
2025-11-27 18:34:45.651163,s1-eth2,0.008963241577148437,99.99103675842285
2025-11-27 18:34:45.651455,s4-eth2,0.008963241577148437,99.99103675842285
2025-11-27 18:34:45.651563,s5-eth3,0.008963241577148437,99.99103675842285
2025-11-27 18:34:46.652903,s1-eth2,40.76015853881836,59.23984146118164
2025-11-27 18:34:46.653227,s4-eth2,31.005250930786133,68.99474906921387
2025-11-27 18:34:46.653341,s5-eth3,31.114471435546875,68.88552856445312
2025-11-27 18:34:47.654691,s1-eth2,23.59734535217285,76.40265464782715
2025-11-27 18:34:47.655093,s4-eth2,38.491783142089844,61.508216857910156
2025-11-27 18:34:47.655219,s5-eth3,38.38192367553711,61.61807632446289
2025-11-27 18:34:48.656578,s1-eth2,0.008963241577148437,99.99103675842285
2025-11-27 18:34:48.656889,s4-eth2,0.008963241577148437,99.99103675842285
2025-11-27 18:34:48.657014,s5-eth3,0.008963241577148437,99.99103675842285
2025-11-27 18:34:49.658331,s1-eth2,0.008963241577148437,99.99103675842285
2025-11-27 18:34:49.658619,s4-eth2,0.008963241577148437,99.99103675842285
2025-11-27 18:34:49.658729,s5-eth3,0.008963241577148437,99.99103675842285
2025-11-27 18:34:50.660180,s1-eth2,0.008963241577148437,99.99103675842285
2025-11-27 18:34:50.660534,s4-eth2,0.008963241577148437,99.99103675842285
2025-11-27 18:34:50.660654,s5-eth3,0.008963241577148437,99.99103675842285
2025-11-27 18:34:51.662030,s1-eth2,0.008963241577148437,99.99103675842285
2025-11-27 18:34:51.662370,s4-eth2,0.008963241577148437,99.99103675842285
2025-11-27 18:34:51.662479,s5-eth3,0.008963241577148437,99.99103675842285
2025-11-27 18:34:52.663847,s1-eth2,0.008963241577148437,99.99103675842285
2025-11-27 18:34:52.664193,s4-eth2,0.008963241577148437,99.99103675842285
2025-11-27 18:34:52.664308,s5-eth3,0.008963241577148437,99.99103675842285
2025-11-27 18:34:53.665663,s1-eth2,0.009603424072265625,99.99039657592773
2025-11-27 18:34:53.665977,s4-eth2,42.33483123779297,57.66516876220703
2025-11-27 18:34:53.666097,s5-eth3,0.009603424072265625,99.99039657592773
2025-11-27 18:34:54.667452,s1-eth2,21.180160522460938,78.81983947753906
2025-11-27 18:34:54.667780,s4-eth2,27.388498306274414,72.61150169372559
2025-11-27 18:34:54.667899,s5-eth3,0.008963241577148437,99.99103675842285
2025-11-27 18:34:55.669238,s1-eth2,43.17947006225586,56.82052993774414
2025-11-27 18:34:55.669553,s4-eth2,0.009603424072265625,99.99039657592773
2025-11-27 18:34:55.669663,s5-eth3,0.008963241577148437,99.99103675842285
2025-11-27 18:34:56.671023,s1-eth2,0.009603424072265625,99.99039657592773
2025-11-27 18:34:56.671341,s4-eth2,0.009603424072265625,99.99039657592773
2025-11-27 18:34:56.671450,s5-eth3,0.009603424072265625,99.99039657592773
2025-11-27 18:34:57.672761,s1-eth2,0.008963241577148437,99.99103675842285
2025-11-27 18:34:57.673068,s4-eth2,0.008963241577148437,99.99103675842285
2025-11-27 18:34:57.673176,s5-eth3,0.008963241577148437,99.99103675842285
2025-11-27 18:34:58.674480,s1-eth2,0.008963241577148437,99.99103675842285
2025-11-27 18:34:58.674769,s4-eth2,0.008963241577148437,99.99103675842285
2025-11-27 18:34:58.674912,s5-eth3,0.008963241577148437,99.99103675842285
2025-11-27 18:34:59.676214,s1-eth2,0.008963241577148437,99.99103675842285
2025-11-27 18:34:59.676506,s4-eth2,0.008963241577148437,99.99103675842285
2025-11-27 18:34:59.676627,s5-eth3,53.379878997802734,46.620121002197266
2025-11-27 18:35:00.677959,s1-eth2,0.008963241577148437,99.99103675842285
2025-11-27 18:35:00.678279,s4-eth2,0.008963241577148437,99.99103675842285
2025-11-27 18:35:00.678402,s5-eth3,11.6566552734375,88.34334472656249
2025-11-27 18:35:01.679768,s1-eth2,0.008963241577148437,99.99103675842285
2025-11-27 18:35:01.680104,s4-eth2,0.008963241577148437,99.99103675842285
2025-11-27 18:35:01.680222,s5-eth3,0.008963241577148437,99.99103675842285
2025-11-27 18:35:02.681513,s1-eth2,0.008963241577148437,99.99103675842285
2025-11-27 18:35:02.681805,s4-eth2,0.008963241577148437,99.99103675842285
2025-11-27 18:35:02.681914,s5-eth3,0.008963241577148437,99.99103675842285
2025-11-27 18:35:03.683239,s1-eth2,0.009603424072265625,99.99039657592773
2025-11-27 18:35:03.683548,s4-eth2,0.009603424072265625,99.99039657592773
2025-11-27 18:35:03.683658,s5-eth3,0.010883865356445312,99.98911613464355
2025-11-27 18:35:04.684963,s1-eth2,0.008963241577148437,99.99103675842285
2025-11-27 18:35:04.685253,s4-eth2,0.008963241577148437,99.99103675842285
2025-11-27 18:35:04.685361,s5-eth3,0.008963241577148437,99.99103675842285
2025-11-27 18:35:05.686659,s1-eth2,0.008963241577148437,99.99103675842285
2025-11-27 18:35:05.686982,s4-eth2,0.008963241577148437,99.99103675842285
2025-11-27 18:35:05.687090,s5-eth3,0.008963241577148437,99.99103675842285
2025-11-27 18:35:06.688410,s1-eth2,0.008963241577148437,99.99103675842285
2025-11-27 18:35:06.688699,s4-eth2,0.008963241577148437,99.99103675842285
2025-11-27 18:35:06.688807,s5-eth3,0.008963241577148437,99.99103675842285
2025-11-27 18:35:07.690090,s1-eth2,0.009603424072265625,99.99039657592773
2025-11-27 18:35:07.690379,s4-eth2,0.009603424072265625,99.99039657592773
2025-11-27 18:35:07.690488,s5-eth3,0.008963241577148437,99.99103675842285
2025-11-27 18:35:08.691783,s1-eth2,0.008963241577148437,99.99103675842285
2025-11-27 18:35:08.692074,s4-eth2,0.008963241577148437,99.99103675842285
2025-11-27 18:35:08.692181,s5-eth3,0.008963241577148437,99.99103675842285
2025-11-27 18:35:09.693526,s1-eth2,0.009603424072265625,99.99039657592773
2025-11-27 18:35:09.693855,s4-eth2,65.18818664550781,34.81181335449219
2025-11-27 18:35:09.693980,s5-eth3,0.009603424072265625,99.99039657592773
2025-11-27 18:35:10.695331,s1-eth2,0.008963241577148437,99.99103675842285
2025-11-27 18:35:10.695673,s4-eth2,4.535008392333984,95.46499160766602
2025-11-27 18:35:10.695792,s5-eth3,0.010243682861328126,99.98975631713867
2025-11-27 18:35:11.697094,s1-eth2,0.008963241577148437,99.99103675842285
2025-11-27 18:35:11.697385,s4-eth2,0.008963241577148437,99.99103675842285
2025-11-27 18:35:11.697495,s5-eth3,0.008963241577148437,99.99103675842285
2025-11-27 18:35:12.698774,s1-eth2,0.008963241577148437,99.99103675842285
2025-11-27 18:35:12.699099,s4-eth2,0.008963241577148437,99.99103675842285
2025-11-27 18:35:12.699208,s5-eth3,0.008963241577148437,99.99103675842285
2025-11-27 18:35:13.700500,s1-eth2,0.008963241577148437,99.99103675842285
2025-11-27 18:35:13.700791,s4-eth2,0.008963241577148437,99.99103675842285
2025-11-27 18:35:13.700921,s5-eth3,0.009710159301757813,99.99028984069824
2025-11-27 18:35:14.702193,s1-eth2,0.009603424072265625,99.99039657592773
2025-11-27 18:35:14.702517,s4-eth2,0.009603424072265625,99.99039657592773
2025-11-27 18:35:14.702626,s5-eth3,0.009603424072265625,99.99039657592773
2025-11-27 18:35:15.703927,s1-eth2,0.008963241577148437,99.99103675842285
2025-11-27 18:35:15.704225,s4-eth2,0.008963241577148437,99.99103675842285
2025-11-27 18:35:15.704340,s5-eth3,0.008963241577148437,99.99103675842285
2025-11-27 18:35:16.705662,s1-eth2,0.008963241577148437,99.99103675842285
2025-11-27 18:35:16.705971,s4-eth2,0.008963241577148437,99.99103675842285
2025-11-27 18:35:16.706094,s5-eth3,0.008963241577148437,99.99103675842285
2025-11-27 18:35:17.707446,s1-eth2,0.009603424072265625,99.99039657592773
2025-11-27 18:35:17.707745,s4-eth2,0.009603424072265625,99.99039657592773
2025-11-27 18:35:17.707853,s5-eth3,0.009603424072265625,99.99039657592773
2025-11-27 18:35:18.709181,s1-eth2,0.009603424072265625,99.99039657592773
2025-11-27 18:35:18.709471,s4-eth2,0.009603424072265625,99.99039657592773
2025-11-27 18:35:18.709579,s5-eth3,0.009603424072265625,99.99039657592773
2025-11-27 18:35:19.710915,s1-eth2,0.008963241577148437,99.99103675842285
2025-11-27 18:35:19.711206,s4-eth2,0.008963241577148437,99.99103675842285
2025-11-27 18:35:19.711313,s5-eth3,0.008963241577148437,99.99103675842285
2025-11-27 18:35:20.711962,s1-eth2,29.29090118408203,70.70909881591797
2025-11-27 18:35:20.712101,s4-eth2,0.00897216796875,99.99102783203125
2025-11-27 18:35:20.712144,s5-eth3,0.00897216796875,99.99102783203125
2025-11-27 18:35:21.713413,s1-eth2,83.42514038085938,16.574859619140625
2025-11-27 18:35:21.713787,s4-eth2,0.008963241577148437,99.99103675842285
2025-11-27 18:35:21.713899,s5-eth3,0.009603424072265625,99.99039657592773
2025-11-27 18:35:22.715270,s1-eth2,26.718658447265625,73.28134155273438
2025-11-27 18:35:22.715592,s4-eth2,0.008963241577148437,99.99103675842285
2025-11-27 18:35:22.715702,s5-eth3,0.008963241577148437,99.99103675842285
2025-11-27 18:35:23.717022,s1-eth2,0.009603424072265625,99.99039657592773
2025-11-27 18:35:23.717323,s4-eth2,0.009603424072265625,99.99039657592773
2025-11-27 18:35:23.717436,s5-eth3,0.008963241577148437,99.99103675842285
2025-11-27 18:35:24.718775,s1-eth2,0.008963241577148437,99.99103675842285
2025-11-27 18:35:24.719108,s4-eth2,0.008963241577148437,99.99103675842285
2025-11-27 18:35:24.719220,s5-eth3,0.008963241577148437,99.99103675842285
2025-11-27 18:35:25.720563,s1-eth2,0.009603424072265625,99.99039657592773
2025-11-27 18:35:25.720891,s4-eth2,0.009603424072265625,99.99039657592773
2025-11-27 18:35:25.721001,s5-eth3,0.008963241577148437,99.99103675842285
2025-11-27 18:35:26.722330,s1-eth2,42.55495071411133,57.44504928588867
2025-11-27 18:35:26.722653,s4-eth2,0.008963241577148437,99.99103675842285
2025-11-27 18:35:26.722764,s5-eth3,0.009710159301757813,99.99028984069824
2025-11-27 18:35:27.724165,s1-eth2,22.481935501098633,77.51806449890137
2025-11-27 18:35:27.724523,s4-eth2,0.008963241577148437,99.99103675842285
2025-11-27 18:35:27.724634,s5-eth3,0.008963241577148437,99.99103675842285
2025-11-27 18:35:28.725998,s1-eth2,0.009603424072265625,99.99039657592773
2025-11-27 18:35:28.726308,s4-eth2,0.009603424072265625,99.99039657592773
2025-11-27 18:35:28.726416,s5-eth3,0.009603424072265625,99.99039657592773
2025-11-27 18:35:29.727728,s1-eth2,0.009603424072265625,99.99039657592773
2025-11-27 18:35:29.728029,s4-eth2,0.009603424072265625,99.99039657592773
2025-11-27 18:35:29.728138,s5-eth3,0.008963241577148437,99.99103675842285
2025-11-27 18:35:30.729494,s1-eth2,0.008963241577148437,99.99103675842285
2025-11-27 18:35:30.729802,s4-eth2,0.008963241577148437,99.99103675842285
2025-11-27 18:35:30.729923,s5-eth3,0.007469329833984375,99.99253067016602
2025-11-27 18:35:31.731317,s1-eth2,0.009603424072265625,99.99039657592773
2025-11-27 18:35:31.731652,s4-eth2,0.009603424072265625,99.99039657592773
2025-11-27 18:35:31.731802,s5-eth3,0.010457077026367188,99.98954292297363
2025-11-27 18:35:32.732508,s1-eth2,42.25347900390625,57.74652099609375
2025-11-27 18:35:32.732633,s4-eth2,0.00897216796875,99.99102783203125
2025-11-27 18:35:32.732675,s5-eth3,0.009613037109375,99.99038696289062
2025-11-27 18:35:33.733917,s1-eth2,22.10554313659668,77.89445686340332
2025-11-27 18:35:33.734263,s4-eth2,0.009603424072265625,99.99039657592773
2025-11-27 18:35:33.734378,s5-eth3,0.008963241577148437,99.99103675842285
2025-11-27 18:35:34.735716,s1-eth2,0.009603424072265625,99.99039657592773
2025-11-27 18:35:34.736032,s4-eth2,0.009603424072265625,99.99039657592773
2025-11-27 18:35:34.736140,s5-eth3,0.009603424072265625,99.99039657592773
2025-11-27 18:35:35.737439,s1-eth2,0.008963241577148437,99.99103675842285
2025-11-27 18:35:35.737747,s4-eth2,0.008963241577148437,99.99103675842285
2025-11-27 18:35:35.737856,s5-eth3,0.008963241577148437,99.99103675842285
2025-11-27 18:35:36.739179,s1-eth2,0.008963241577148437,99.99103675842285
2025-11-27 18:35:36.739470,s4-eth2,0.008963241577148437,99.99103675842285
2025-11-27 18:35:36.739622,s5-eth3,0.009603424072265625,99.99039657592773
2025-11-27 18:35:37.740300,s1-eth2,37.64765548706055,62.35234451293945
2025-11-27 18:35:37.740415,s4-eth2,0.00897216796875,99.99102783203125
2025-11-27 18:35:37.740457,s5-eth3,42.7750244140625,57.2249755859375
2025-11-27 18:35:38.741745,s1-eth2,27.389541625976562,72.61045837402344
2025-11-27 18:35:38.742120,s4-eth2,0.009603424072265625,99.99039657592773
2025-11-27 18:35:38.742240,s5-eth3,22.305400848388672,77.69459915161133
2025-11-27 18:35:39.743624,s1-eth2,0.008963241577148437,99.99103675842285
2025-11-27 18:35:39.743948,s4-eth2,38.73978042602539,61.26021957397461
2025-11-27 18:35:39.744065,s5-eth3,38.62792205810547,61.37207794189453
2025-11-27 18:35:40.745428,s1-eth2,0.008963241577148437,99.99103675842285
2025-11-27 18:35:40.745747,s4-eth2,30.756750106811523,69.24324989318848
2025-11-27 18:35:40.745870,s5-eth3,30.868606567382812,69.13139343261719
2025-11-27 18:35:41.747221,s1-eth2,0.008963241577148437,99.99103675842285
2025-11-27 18:35:41.747548,s4-eth2,0.008963241577148437,99.99103675842285
2025-11-27 18:35:41.747664,s5-eth3,0.008963241577148437,99.99103675842285
2025-11-27 18:35:42.748988,s1-eth2,0.009603424072265625,99.99039657592773
2025-11-27 18:35:42.749277,s4-eth2,0.009603424072265625,99.99039657592773
2025-11-27 18:35:42.749390,s5-eth3,0.009603424072265625,99.99039657592773
2025-11-27 18:35:43.750691,s1-eth2,0.008963241577148437,99.99103675842285
2025-11-27 18:35:43.751015,s4-eth2,0.008963241577148437,99.99103675842285
2025-11-27 18:35:43.751126,s5-eth3,0.008963241577148437,99.99103675842285
2025-11-27 18:35:44.752423,s1-eth2,0.008963241577148437,99.99103675842285
2025-11-27 18:35:44.752730,s4-eth2,34.22630310058594,65.77369689941406
2025-11-27 18:35:44.752846,s5-eth3,34.324378967285156,65.67562103271484
2025-11-27 18:35:45.754207,s1-eth2,0.008963241577148437,99.99103675842285
2025-11-27 18:35:45.754533,s4-eth2,35.31418991088867,64.68581008911133
2025-11-27 18:35:45.754656,s5-eth3,84.78291320800781,15.217086791992188
2025-11-27 18:35:46.756014,s1-eth2,0.008963241577148437,99.99103675842285
2025-11-27 18:35:46.756322,s4-eth2,0.008963241577148437,99.99103675842285
2025-11-27 18:35:46.756441,s5-eth3,15.573042907714843,84.42695709228516
2025-11-27 18:35:47.757766,s1-eth2,0.008963241577148437,99.99103675842285
2025-11-27 18:35:47.758068,s4-eth2,0.008963241577148437,99.99103675842285
2025-11-27 18:35:47.758177,s5-eth3,0.008963241577148437,99.99103675842285
2025-11-27 18:35:48.759540,s1-eth2,0.009603424072265625,99.99039657592773
2025-11-27 18:35:48.759858,s4-eth2,0.009603424072265625,99.99039657592773
2025-11-27 18:35:48.759970,s5-eth3,0.008109588623046875,99.99189041137696
2025-11-27 18:35:49.761325,s1-eth2,22.762775421142578,77.23722457885742
2025-11-27 18:35:49.761660,s4-eth2,0.008963241577148437,99.99103675842285
2025-11-27 18:35:49.761772,s5-eth3,0.010457077026367188,99.98954292297363
2025-11-27 18:35:50.763145,s1-eth2,41.596717834472656,58.403282165527344
2025-11-27 18:35:50.763466,s4-eth2,0.009603424072265625,99.99039657592773
2025-11-27 18:35:50.763576,s5-eth3,0.009603424072265625,99.99039657592773
2025-11-27 18:35:51.764927,s1-eth2,0.008963241577148437,99.99103675842285
2025-11-27 18:35:51.765257,s4-eth2,0.008963241577148437,99.99103675842285
2025-11-27 18:35:51.765374,s5-eth3,0.008963241577148437,99.99103675842285
2025-11-27 18:35:52.766948,s1-eth2,0.009593887329101563,99.9904061126709
2025-11-27 18:35:52.767276,s4-eth2,0.009593887329101563,99.9904061126709
2025-11-27 18:35:52.767391,s5-eth3,0.009593887329101563,99.9904061126709
2025-11-27 18:35:53.768720,s1-eth2,0.008963241577148437,99.99103675842285
2025-11-27 18:35:53.769040,s4-eth2,0.008963241577148437,99.99103675842285
2025-11-27 18:35:53.769149,s5-eth3,0.009603424072265625,99.99039657592773
2025-11-27 18:35:54.770474,s1-eth2,0.009603424072265625,99.99039657592773
2025-11-27 18:35:54.770784,s4-eth2,0.009603424072265625,99.99039657592773
2025-11-27 18:35:54.770920,s5-eth3,0.008963241577148437,99.99103675842285
2025-11-27 18:35:55.772233,s1-eth2,0.009710159301757813,99.99028984069824
2025-11-27 18:35:55.772532,s4-eth2,0.008963241577148437,99.99103675842285
2025-11-27 18:35:55.772640,s5-eth3,0.008963241577148437,99.99103675842285
2025-11-27 18:35:56.773950,s1-eth2,0.008963241577148437,99.99103675842285
2025-11-27 18:35:56.774243,s4-eth2,0.009710159301757813,99.99028984069824
2025-11-27 18:35:56.774352,s5-eth3,0.008963241577148437,99.99103675842285
2025-11-27 18:35:57.775657,s1-eth2,0.008963241577148437,99.99103675842285
2025-11-27 18:35:57.775947,s4-eth2,0.008963241577148437,99.99103675842285
2025-11-27 18:35:57.776061,s5-eth3,0.008963241577148437,99.99103675842285
2025-11-27 18:35:58.777365,s1-eth2,0.008963241577148437,99.99103675842285
2025-11-27 18:35:58.777657,s4-eth2,0.008963241577148437,99.99103675842285
2025-11-27 18:35:58.777765,s5-eth3,0.009603424072265625,99.99039657592773
2025-11-27 18:35:59.779060,s1-eth2,0.008963241577148437,99.99103675842285
2025-11-27 18:35:59.779349,s4-eth2,0.008963241577148437,99.99103675842285
2025-11-27 18:35:59.779456,s5-eth3,0.008963241577148437,99.99103675842285
2025-11-27 18:36:00.780941,s1-eth2,0.010243682861328126,99.98975631713867
2025-11-27 18:36:00.781302,s4-eth2,0.010243682861328126,99.98975631713867
2025-11-27 18:36:00.781448,s5-eth3,0.010350341796875,99.98964965820312
2025-11-27 18:36:01.782792,s1-eth2,0.008963241577148437,99.99103675842285
2025-11-27 18:36:01.783149,s4-eth2,0.008963241577148437,99.99103675842285
2025-11-27 18:36:01.783285,s5-eth3,0.008963241577148437,99.99103675842285
2025-11-27 18:36:02.784726,s1-eth2,0.008963241577148437,99.99103675842285
2025-11-27 18:36:02.785069,s4-eth2,66.9155044555664,33.084495544433594
2025-11-27 18:36:02.785191,s5-eth3,0.008536376953125,99.99146362304687
2025-11-27 18:36:03.786522,s1-eth2,0.008963241577148437,99.99103675842285
2025-11-27 18:36:03.786822,s4-eth2,2.806435852050781,97.19356414794922
2025-11-27 18:36:03.786959,s5-eth3,0.010030288696289063,99.98996971130371
2025-11-27 18:36:04.788242,s1-eth2,0.008963241577148437,99.99103675842285
2025-11-27 18:36:04.788548,s4-eth2,0.008963241577148437,99.99103675842285
2025-11-27 18:36:04.788656,s5-eth3,0.008963241577148437,99.99103675842285
2025-11-27 18:36:05.789949,s1-eth2,0.008963241577148437,99.99103675842285
2025-11-27 18:36:05.790247,s4-eth2,0.008963241577148437,99.99103675842285
2025-11-27 18:36:05.790356,s5-eth3,0.008963241577148437,99.99103675842285
2025-11-27 18:36:06.791689,s1-eth2,0.008963241577148437,99.99103675842285
2025-11-27 18:36:06.791988,s4-eth2,0.008963241577148437,99.99103675842285
2025-11-27 18:36:06.792099,s5-eth3,0.009710159301757813,99.99028984069824
2025-11-27 18:36:07.793414,s1-eth2,0.008963241577148437,99.99103675842285
2025-11-27 18:36:07.793703,s4-eth2,0.008963241577148437,99.99103675842285
2025-11-27 18:36:07.793811,s5-eth3,0.008963241577148437,99.99103675842285
2025-11-27 18:36:08.795283,s1-eth2,51.66053009033203,48.33946990966797
2025-11-27 18:36:08.795609,s4-eth2,47.32866287231445,52.67133712768555
2025-11-27 18:36:08.795760,s5-eth3,0.007469329833984375,99.99253067016602
2025-11-27 18:36:09.797126,s1-eth2,14.84780792236328,85.15219207763673
2025-11-27 18:36:09.797442,s4-eth2,22.396045684814453,77.60395431518555
2025-11-27 18:36:09.797563,s5-eth3,0.011737518310546875,99.98826248168945
2025-11-27 18:36:10.798974,s1-eth2,0.008963241577148437,99.99103675842285
2025-11-27 18:36:10.799502,s4-eth2,0.008954238891601563,99.9910457611084
2025-11-27 18:36:10.799699,s5-eth3,0.008954238891601563,99.9910457611084
2025-11-27 18:36:11.801235,s1-eth2,0.009700469970703125,99.99029953002929
2025-11-27 18:36:11.801526,s4-eth2,0.008954238891601563,99.9910457611084
2025-11-27 18:36:11.801636,s5-eth3,0.008963241577148437,99.99103675842285
2025-11-27 18:36:12.802976,s1-eth2,0.008963241577148437,99.99103675842285
2025-11-27 18:36:12.803265,s4-eth2,0.008963241577148437,99.99103675842285
2025-11-27 18:36:12.803375,s5-eth3,0.009603424072265625,99.99039657592773
2025-11-27 18:36:13.804654,s1-eth2,0.008963241577148437,99.99103675842285
2025-11-27 18:36:13.804960,s4-eth2,0.008963241577148437,99.99103675842285
2025-11-27 18:36:13.805068,s5-eth3,0.008963241577148437,99.99103675842285
2025-11-27 18:36:14.806345,s1-eth2,0.008963241577148437,99.99103675842285
2025-11-27 18:36:14.806634,s4-eth2,0.008963241577148437,99.99103675842285
2025-11-27 18:36:14.806743,s5-eth3,0.008963241577148437,99.99103675842285
2025-11-27 18:36:15.807457,s1-eth2,0.009603424072265625,99.99039657592773
2025-11-27 18:36:15.807597,s4-eth2,0.009613037109375,99.99038696289062
2025-11-27 18:36:15.807648,s5-eth3,0.009613037109375,99.99038696289062
2025-11-27 18:36:16.808263,s1-eth2,0.01025390625,99.98974609375
2025-11-27 18:36:16.808401,s4-eth2,0.01025390625,99.98974609375
2025-11-27 18:36:16.808451,s5-eth3,0.00897216796875,99.99102783203125
2025-11-27 18:36:17.809087,s1-eth2,0.009613037109375,99.99038696289062
2025-11-27 18:36:17.809227,s4-eth2,0.009613037109375,99.99038696289062
2025-11-27 18:36:17.809286,s5-eth3,0.009613037109375,99.99038696289062
2025-11-27 18:36:18.809905,s1-eth2,0.00897216796875,99.99102783203125
2025-11-27 18:36:18.810044,s4-eth2,0.00897216796875,99.99102783203125
2025-11-27 18:36:18.810097,s5-eth3,0.00897216796875,99.99102783203125
2025-11-27 18:36:19.810697,s1-eth2,0.00897216796875,99.99102783203125
2025-11-27 18:36:19.810833,s4-eth2,0.00897216796875,99.99102783203125
2025-11-27 18:36:19.810893,s5-eth3,0.00897216796875,99.99102783203125
2025-11-27 18:36:20.811484,s1-eth2,0.00897216796875,99.99102783203125
2025-11-27 18:36:20.811617,s4-eth2,0.00897216796875,99.99102783203125
2025-11-27 18:36:20.811667,s5-eth3,0.00897216796875,99.99102783203125
2025-11-27 18:36:21.812308,s1-eth2,0.009613037109375,99.99038696289062
2025-11-27 18:36:21.812455,s4-eth2,0.009613037109375,99.99038696289062
2025-11-27 18:36:21.812506,s5-eth3,0.01025390625,99.98974609375
2025-11-27 18:36:22.813111,s1-eth2,0.0082244873046875,99.99177551269531
2025-11-27 18:36:22.813260,s4-eth2,0.00897216796875,99.99102783203125
2025-11-27 18:36:22.813310,s5-eth3,0.00897216796875,99.99102783203125
2025-11-27 18:36:23.813906,s1-eth2,0.009613037109375,99.99038696289062
2025-11-27 18:36:23.814041,s4-eth2,0.009613037109375,99.99038696289062
2025-11-27 18:36:23.814090,s5-eth3,0.00897216796875,99.99102783203125
2025-11-27 18:36:24.814722,s1-eth2,74.84945678710938,25.150543212890625
2025-11-27 18:36:24.814878,s4-eth2,0.0082244873046875,99.99177551269531
2025-11-27 18:36:24.814928,s5-eth3,0.0082244873046875,99.99177551269531
2025-11-27 18:36:25.815547,s1-eth2,56.986297607421875,43.013702392578125
2025-11-27 18:36:25.815693,s4-eth2,0.009613037109375,99.99038696289062
2025-11-27 18:36:25.815745,s5-eth3,0.0103607177734375,99.98963928222656
2025-11-27 18:36:26.816349,s1-eth2,0.00897216796875,99.99102783203125
2025-11-27 18:36:26.816487,s4-eth2,0.00897216796875,99.99102783203125
2025-11-27 18:36:26.816537,s5-eth3,0.00897216796875,99.99102783203125
2025-11-27 18:36:27.817200,s1-eth2,16.113037109375,83.886962890625
2025-11-27 18:36:27.817350,s4-eth2,0.01025390625,99.98974609375
2025-11-27 18:36:27.817405,s5-eth3,0.0088653564453125,99.99113464355469
2025-11-27 18:36:28.818026,s1-eth2,48.37543487548828,51.62456512451172
2025-11-27 18:36:28.818177,s4-eth2,0.00897216796875,99.99102783203125
2025-11-27 18:36:28.818229,s5-eth3,0.0097198486328125,99.99028015136719
2025-11-27 18:36:29.818870,s1-eth2,0.00897216796875,99.99102783203125
2025-11-27 18:36:29.819014,s4-eth2,0.00897216796875,99.99102783203125
2025-11-27 18:36:29.819066,s5-eth3,0.0082244873046875,99.99177551269531
2025-11-27 18:36:30.819713,s1-eth2,0.00897216796875,99.99102783203125
2025-11-27 18:36:30.819872,s4-eth2,0.00897216796875,99.99102783203125
2025-11-27 18:36:30.819927,s5-eth3,0.007476806640625,99.99252319335938
2025-11-27 18:36:31.820563,s1-eth2,0.009613037109375,99.99038696289062
2025-11-27 18:36:31.820712,s4-eth2,0.009613037109375,99.99038696289062
2025-11-27 18:36:31.820766,s5-eth3,0.010467529296875,99.98953247070312
2025-11-27 18:36:32.821419,s1-eth2,27.006561279296875,72.99343872070312
2025-11-27 18:36:32.821568,s4-eth2,0.00897216796875,99.99102783203125
2025-11-27 18:36:32.821620,s5-eth3,0.007476806640625,99.99252319335938
2025-11-27 18:36:33.822246,s1-eth2,44.35316467285156,55.64683532714844
2025-11-27 18:36:33.822390,s4-eth2,0.00897216796875,99.99102783203125
2025-11-27 18:36:33.822441,s5-eth3,0.00897216796875,99.99102783203125
2025-11-27 18:36:34.823061,s1-eth2,0.00897216796875,99.99102783203125
2025-11-27 18:36:34.823198,s4-eth2,0.00897216796875,99.99102783203125
2025-11-27 18:36:34.823248,s5-eth3,0.010467529296875,99.98953247070312
2025-11-27 18:36:35.823876,s1-eth2,0.00897216796875,99.99102783203125
2025-11-27 18:36:35.824016,s4-eth2,39.882537841796875,60.117462158203125
2025-11-27 18:36:35.824070,s5-eth3,39.71632385253906,60.28367614746094
2025-11-27 18:36:36.824679,s1-eth2,0.00897216796875,99.99102783203125
2025-11-27 18:36:36.824824,s4-eth2,29.728050231933594,70.2719497680664
2025-11-27 18:36:36.824877,s5-eth3,29.893516540527344,70.10648345947266
2025-11-27 18:36:37.825496,s1-eth2,0.00897216796875,99.99102783203125
2025-11-27 18:36:37.825631,s4-eth2,0.00897216796875,99.99102783203125
2025-11-27 18:36:37.825681,s5-eth3,0.00897216796875,99.99102783203125
2025-11-27 18:36:38.826290,s1-eth2,0.00897216796875,99.99102783203125
2025-11-27 18:36:38.826430,s4-eth2,0.00897216796875,99.99102783203125
2025-11-27 18:36:38.826480,s5-eth3,0.00897216796875,99.99102783203125
2025-11-27 18:36:39.827132,s1-eth2,0.00897216796875,99.99102783203125
2025-11-27 18:36:39.827281,s4-eth2,0.00897216796875,99.99102783203125
2025-11-27 18:36:39.827335,s5-eth3,0.007476806640625,99.99252319335938
2025-11-27 18:36:40.827979,s1-eth2,0.00897216796875,99.99102783203125
2025-11-27 18:36:40.828136,s4-eth2,0.0082244873046875,99.99177551269531
2025-11-27 18:36:40.828191,s5-eth3,0.010467529296875,99.98953247070312
2025-11-27 18:36:41.828806,s1-eth2,0.009613037109375,99.99038696289062
2025-11-27 18:36:41.828947,s4-eth2,0.009613037109375,99.99038696289062
2025-11-27 18:36:41.828997,s5-eth3,0.010894775390625,99.98910522460938
2025-11-27 18:36:42.829605,s1-eth2,0.009613037109375,99.99038696289062
2025-11-27 18:36:42.829744,s4-eth2,0.009613037109375,99.99038696289062
2025-11-27 18:36:42.829794,s5-eth3,0.009613037109375,99.99038696289062
2025-11-27 18:36:43.830431,s1-eth2,0.00897216796875,99.99102783203125
2025-11-27 18:36:43.830584,s4-eth2,34.7847900390625,65.2152099609375
2025-11-27 18:36:43.830639,s5-eth3,34.9736328125,65.0263671875
2025-11-27 18:36:44.831278,s1-eth2,0.0082244873046875,99.99177551269531
2025-11-27 18:36:44.831437,s4-eth2,34.825645446777344,65.17435455322266
2025-11-27 18:36:44.831494,s5-eth3,34.638084411621094,65.3619155883789
2025-11-27 18:36:45.832123,s1-eth2,0.00897216796875,99.99102783203125
2025-11-27 18:36:45.832267,s4-eth2,0.00897216796875,99.99102783203125
2025-11-27 18:36:45.832322,s5-eth3,44.2142333984375,55.7857666015625
2025-11-27 18:36:46.832935,s1-eth2,0.00897216796875,99.99102783203125
2025-11-27 18:36:46.833070,s4-eth2,0.00897216796875,99.99102783203125
2025-11-27 18:36:46.833124,s5-eth3,20.887794494628906,79.1122055053711
2025-11-27 18:36:47.833740,s1-eth2,22.897018432617188,77.10298156738281
2025-11-27 18:36:47.833883,s4-eth2,0.00897216796875,99.99102783203125
2025-11-27 18:36:47.833934,s5-eth3,0.00897216796875,99.99102783203125
2025-11-27 18:36:48.834559,s1-eth2,41.525665283203125,58.474334716796875
2025-11-27 18:36:48.834705,s4-eth2,0.00897216796875,99.99102783203125
2025-11-27 18:36:48.834755,s5-eth3,0.009613037109375,99.99038696289062
2025-11-27 18:36:49.835354,s1-eth2,0.00897216796875,99.99102783203125
2025-11-27 18:36:49.835488,s4-eth2,0.00897216796875,99.99102783203125
2025-11-27 18:36:49.835539,s5-eth3,0.00897216796875,99.99102783203125
2025-11-27 18:36:50.836172,s1-eth2,0.00897216796875,99.99102783203125
2025-11-27 18:36:50.836315,s4-eth2,0.00897216796875,99.99102783203125
2025-11-27 18:36:50.836371,s5-eth3,56.36592102050781,43.63407897949219
2025-11-27 18:36:51.836985,s1-eth2,0.00897216796875,99.99102783203125
2025-11-27 18:36:51.837120,s4-eth2,0.00897216796875,99.99102783203125
2025-11-27 18:36:51.837174,s5-eth3,8.735496520996094,91.2645034790039
2025-11-27 18:36:52.837809,s1-eth2,0.00897216796875,99.99102783203125
2025-11-27 18:36:52.837957,s4-eth2,0.00897216796875,99.99102783203125
2025-11-27 18:36:52.838008,s5-eth3,0.00897216796875,99.99102783203125
2025-11-27 18:36:53.838636,s1-eth2,0.010894775390625,99.98910522460938
2025-11-27 18:36:53.838778,s4-eth2,0.010894775390625,99.98910522460938
2025-11-27 18:36:53.838828,s5-eth3,0.00897216796875,99.99102783203125
2025-11-27 18:36:54.839443,s1-eth2,0.00897216796875,99.99102783203125
2025-11-27 18:36:54.839582,s4-eth2,0.00897216796875,99.99102783203125
2025-11-27 18:36:54.839632,s5-eth3,0.00897216796875,99.99102783203125
2025-11-27 18:36:55.840273,s1-eth2,0.00897216796875,99.99102783203125
2025-11-27 18:36:55.840415,s4-eth2,0.00897216796875,99.99102783203125
2025-11-27 18:36:55.840466,s5-eth3,0.00897216796875,99.99102783203125
2025-11-27 18:36:56.841115,s1-eth2,0.009613037109375,99.99038696289062
2025-11-27 18:36:56.841269,s4-eth2,0.009613037109375,99.99038696289062
2025-11-27 18:36:56.841321,s5-eth3,0.00811767578125,99.99188232421875
2025-11-27 18:36:57.841946,s1-eth2,0.00897216796875,99.99102783203125
2025-11-27 18:36:57.842086,s4-eth2,0.00897216796875,99.99102783203125
2025-11-27 18:36:57.842135,s5-eth3,0.010467529296875,99.98953247070312
2025-11-27 18:36:58.842745,s1-eth2,0.00897216796875,99.99102783203125
2025-11-27 18:36:58.842889,s4-eth2,0.00897216796875,99.99102783203125
2025-11-27 18:36:58.842940,s5-eth3,0.0082244873046875,99.99177551269531
2025-11-27 18:36:59.843547,s1-eth2,0.00897216796875,99.99102783203125
2025-11-27 18:36:59.843680,s4-eth2,0.00897216796875,99.99102783203125
2025-11-27 18:36:59.843730,s5-eth3,0.00897216796875,99.99102783203125
2025-11-27 18:37:00.844338,s1-eth2,0.009613037109375,99.99038696289062
2025-11-27 18:37:00.844475,s4-eth2,0.009613037109375,99.99038696289062
2025-11-27 18:37:00.844525,s5-eth3,0.009613037109375,99.99038696289062
2025-11-27 18:37:01.845148,s1-eth2,0.009613037109375,99.99038696289062
2025-11-27 18:37:01.845301,s4-eth2,65.14239501953125,34.85760498046875
2025-11-27 18:37:01.845356,s5-eth3,0.00897216796875,99.99102783203125
2025-11-27 18:37:02.845976,s1-eth2,0.009613037109375,99.99038696289062
2025-11-27 18:37:02.846115,s4-eth2,4.651191711425781,95.34880828857422
2025-11-27 18:37:02.846169,s5-eth3,0.009613037109375,99.99038696289062
2025-11-27 18:37:03.846780,s1-eth2,0.01025390625,99.98974609375
2025-11-27 18:37:03.846927,s4-eth2,0.01025390625,99.98974609375
2025-11-27 18:37:03.846978,s5-eth3,0.009613037109375,99.99038696289062
2025-11-27 18:37:04.847619,s1-eth2,0.00897216796875,99.99102783203125
2025-11-27 18:37:04.847765,s4-eth2,0.00897216796875,99.99102783203125
2025-11-27 18:37:04.847819,s5-eth3,0.00897216796875,99.99102783203125
2025-11-27 18:37:05.848520,s1-eth2,50.684356689453125,49.315643310546875
2025-11-27 18:37:05.848680,s4-eth2,0.00897216796875,99.99102783203125
2025-11-27 18:37:05.848736,s5-eth3,0.0082244873046875,99.99177551269531
2025-11-27 18:37:06.849385,s1-eth2,19.102561950683594,80.8974380493164
2025-11-27 18:37:06.849529,s4-eth2,0.01025390625,99.98974609375
2025-11-27 18:37:06.849580,s5-eth3,0.01025390625,99.98974609375
2025-11-27 18:37:07.850201,s1-eth2,0.00897216796875,99.99102783203125
2025-11-27 18:37:07.850340,s4-eth2,0.00897216796875,99.99102783203125
2025-11-27 18:37:07.850391,s5-eth3,0.00897216796875,99.99102783203125
2025-11-27 18:37:08.851031,s1-eth2,0.00897216796875,99.99102783203125
2025-11-27 18:37:08.851176,s4-eth2,0.00897216796875,99.99102783203125
2025-11-27 18:37:08.851227,s5-eth3,0.00897216796875,99.99102783203125
2025-11-27 18:37:09.851842,s1-eth2,0.00897216796875,99.99102783203125
2025-11-27 18:37:09.851989,s4-eth2,0.00897216796875,99.99102783203125
2025-11-27 18:37:09.852039,s5-eth3,0.00897216796875,99.99102783203125
2025-11-27 18:37:10.852661,s1-eth2,0.00897216796875,99.99102783203125
2025-11-27 18:37:10.852797,s4-eth2,0.00897216796875,99.99102783203125
2025-11-27 18:37:10.852848,s5-eth3,0.009613037109375,99.99038696289062
2025-11-27 18:37:11.853507,s1-eth2,0.00897216796875,99.99102783203125
2025-11-27 18:37:11.853657,s4-eth2,45.278045654296875,54.721954345703125
2025-11-27 18:37:11.853712,s5-eth3,0.00897216796875,99.99102783203125
2025-11-27 18:37:12.854350,s1-eth2,0.00897216796875,99.99102783203125
2025-11-27 18:37:12.854494,s4-eth2,24.51372528076172,75.48627471923828
2025-11-27 18:37:12.854550,s5-eth3,0.00897216796875,99.99102783203125
2025-11-27 18:37:13.855168,s1-eth2,0.00897216796875,99.99102783203125
2025-11-27 18:37:13.855307,s4-eth2,0.00897216796875,99.99102783203125
2025-11-27 18:37:13.855358,s5-eth3,0.00897216796875,99.99102783203125
2025-11-27 18:37:14.855965,s1-eth2,0.00897216796875,99.99102783203125
2025-11-27 18:37:14.856099,s4-eth2,0.00897216796875,99.99102783203125
2025-11-27 18:37:14.856149,s5-eth3,0.009613037109375,99.99038696289062
2025-11-27 18:37:15.856759,s1-eth2,0.00897216796875,99.99102783203125
2025-11-27 18:37:15.856894,s4-eth2,0.00897216796875,99.99102783203125
2025-11-27 18:37:15.856944,s5-eth3,0.009613037109375,99.99038696289062
2025-11-27 18:37:16.857552,s1-eth2,0.00897216796875,99.99102783203125
2025-11-27 18:37:16.857694,s4-eth2,0.00897216796875,99.99102783203125
2025-11-27 18:37:16.857744,s5-eth3,0.00897216796875,99.99102783203125
2025-11-27 18:37:17.858381,s1-eth2,0.00897216796875,99.99102783203125
2025-11-27 18:37:17.858524,s4-eth2,0.00897216796875,99.99102783203125
2025-11-27 18:37:17.858575,s5-eth3,0.00897216796875,99.99102783203125
2025-11-27 18:37:18.859213,s1-eth2,0.00897216796875,99.99102783203125
2025-11-27 18:37:18.859359,s4-eth2,0.00897216796875,99.99102783203125
2025-11-27 18:37:18.859410,s5-eth3,0.00897216796875,99.99102783203125
2025-11-27 18:37:19.860032,s1-eth2,0.00897216796875,99.99102783203125
2025-11-27 18:37:19.860174,s4-eth2,0.00897216796875,99.99102783203125
2025-11-27 18:37:19.860225,s5-eth3,0.00897216796875,99.99102783203125
2025-11-27 18:37:20.860847,s1-eth2,0.01025390625,99.98974609375
2025-11-27 18:37:20.860995,s4-eth2,0.01025390625,99.98974609375
2025-11-27 18:37:20.861045,s5-eth3,0.00897216796875,99.99102783203125
2025-11-27 18:37:21.861681,s1-eth2,0.00897216796875,99.99102783203125
2025-11-27 18:37:21.861819,s4-eth2,0.00897216796875,99.99102783203125
2025-11-27 18:37:21.861872,s5-eth3,0.00897216796875,99.99102783203125
2025-11-27 18:37:22.862503,s1-eth2,0.009613037109375,99.99038696289062
2025-11-27 18:37:22.862643,s4-eth2,0.009613037109375,99.99038696289062
2025-11-27 18:37:22.862695,s5-eth3,0.00897216796875,99.99102783203125
2025-11-27 18:37:23.863327,s1-eth2,0.00897216796875,99.99102783203125
2025-11-27 18:37:23.863472,s4-eth2,0.00897216796875,99.99102783203125
2025-11-27 18:37:23.863527,s5-eth3,0.00897216796875,99.99102783203125
2025-11-27 18:37:24.864162,s1-eth2,41.83940124511719,58.16059875488281
2025-11-27 18:37:24.864315,s4-eth2,0.009613037109375,99.99038696289062
2025-11-27 18:37:24.864369,s5-eth3,0.01025390625,99.98974609375
2025-11-27 18:37:25.864985,s1-eth2,24.66938018798828,75.33061981201172
2025-11-27 18:37:25.865130,s4-eth2,0.00897216796875,99.99102783203125
2025-11-27 18:37:25.865181,s5-eth3,0.00897216796875,99.99102783203125
2025-11-27 18:37:26.865811,s1-eth2,0.00897216796875,99.99102783203125
2025-11-27 18:37:26.865951,s4-eth2,0.00897216796875,99.99102783203125
2025-11-27 18:37:26.866001,s5-eth3,0.00897216796875,99.99102783203125
2025-11-27 18:37:27.866601,s1-eth2,0.00897216796875,99.99102783203125
2025-11-27 18:37:27.866735,s4-eth2,0.00897216796875,99.99102783203125
2025-11-27 18:37:27.866785,s5-eth3,0.00897216796875,99.99102783203125
2025-11-27 18:37:28.867374,s1-eth2,0.00897216796875,99.99102783203125
2025-11-27 18:37:28.867516,s4-eth2,0.00897216796875,99.99102783203125
2025-11-27 18:37:28.867566,s5-eth3,0.00897216796875,99.99102783203125
2025-11-27 18:37:29.868192,s1-eth2,36.5684814453125,63.4315185546875
2025-11-27 18:37:29.868339,s4-eth2,0.00897216796875,99.99102783203125
2025-11-27 18:37:29.868390,s5-eth3,0.00897216796875,99.99102783203125
2025-11-27 18:37:30.869005,s1-eth2,70.91021728515625,29.08978271484375
2025-11-27 18:37:30.869150,s4-eth2,0.00897216796875,99.99102783203125
2025-11-27 18:37:30.869200,s5-eth3,0.009613037109375,99.99038696289062
2025-11-27 18:37:31.869816,s1-eth2,22.71674346923828,77.28325653076172
2025-11-27 18:37:31.869964,s4-eth2,0.009613037109375,99.99038696289062
2025-11-27 18:37:31.870014,s5-eth3,0.009613037109375,99.99038696289062
2025-11-27 18:37:32.870674,s1-eth2,0.00897216796875,99.99102783203125
2025-11-27 18:37:32.870830,s4-eth2,0.00897216796875,99.99102783203125
2025-11-27 18:37:32.870891,s5-eth3,0.00897216796875,99.99102783203125
2025-11-27 18:37:33.871527,s1-eth2,0.00897216796875,99.99102783203125
2025-11-27 18:37:33.871676,s4-eth2,0.00897216796875,99.99102783203125
2025-11-27 18:37:33.871731,s5-eth3,0.00897216796875,99.99102783203125
