datetime,interface,taxa_total_Mbps,banda_disponivel
2025-11-26 18:56:11.361181952,s1-eth1,0.0,100.0
2025-11-26 18:56:11.361249024,s2-eth2,0.0,100.0
2025-11-26 18:56:11.361347840,s3-eth2,0.0,100.0
2025-11-26 18:56:12.362117120,s1-eth1,92.28445434570312,7.715545654296875
2025-11-26 18:56:12.362157056,s2-eth2,92.18495178222656,7.8150482177734375
2025-11-26 18:56:12.362216960,s3-eth2,92.27383422851562,7.726165771484375
2025-11-26 18:56:13.362808064,s1-eth1,92.1787109375,7.8212890625
2025-11-26 18:56:13.362905856,s2-eth2,92.1787109375,7.8212890625
2025-11-26 18:56:13.362988032,s3-eth2,92.11192321777344,7.8880767822265625
2025-11-26 18:56:14.363745024,s1-eth1,92.2490234375,7.7509765625
2025-11-26 18:56:14.363819008,s2-eth2,92.23797607421875,7.76202392578125
2025-11-26 18:56:14.363924992,s3-eth2,92.23847961425781,7.7615203857421875
2025-11-26 18:56:15.364502016,s1-eth1,92.18374633789062,7.816253662109375
2025-11-26 18:56:15.364608000,s2-eth2,92.21688842773438,7.783111572265625
2025-11-26 18:56:15.364752896,s3-eth2,92.29472351074219,7.7052764892578125
2025-11-26 18:56:16.365658112,s1-eth1,92.2026596069336,7.797340393066406
2025-11-26 18:56:16.365771008,s2-eth2,92.18008422851562,7.819915771484375
2025-11-26 18:56:16.365937920,s3-eth2,92.09129333496094,7.9087066650390625
2025-11-26 18:56:17.366880000,s1-eth1,92.09394073486328,7.906059265136719
2025-11-26 18:56:17.366991104,s2-eth2,92.19377136230469,7.8062286376953125
2025-11-26 18:56:17.367153920,s3-eth2,92.14888000488281,7.8511199951171875
2025-11-26 18:56:18.368110848,s1-eth1,92.14583587646484,7.854164123535156
2025-11-26 18:56:18.368224000,s2-eth2,92.0796127319336,7.920387268066406
2025-11-26 18:56:18.368402944,s3-eth2,92.20101165771484,7.798988342285156
2025-11-26 18:56:19.369486080,s1-eth1,92.2030258178711,7.796974182128906
2025-11-26 18:56:19.369600000,s2-eth2,92.1919937133789,7.808006286621094
2025-11-26 18:56:19.369775104,s3-eth2,92.20352935791016,7.796470642089844
2025-11-26 18:56:20.370665984,s1-eth1,92.2115478515625,7.7884521484375
2025-11-26 18:56:20.370788096,s2-eth2,92.17793273925781,7.8220672607421875
2025-11-26 18:56:20.370976000,s3-eth2,92.14432525634766,7.855674743652344
2025-11-26 18:56:21.371883008,s1-eth1,92.13177490234375,7.86822509765625
2025-11-26 18:56:21.372009984,s2-eth2,92.13227844238281,7.8677215576171875
2025-11-26 18:56:21.372175104,s3-eth2,92.088134765625,7.911865234375
2025-11-26 18:56:22.373076992,s1-eth1,92.08914184570312,7.910858154296875
2025-11-26 18:56:22.373202176,s2-eth2,92.14432525634766,7.855674743652344
2025-11-26 18:56:22.373362944,s3-eth2,92.20000457763672,7.799995422363281
2025-11-26 18:56:23.374259968,s1-eth1,92.23311614990234,7.766883850097656
2025-11-26 18:56:23.374372096,s2-eth2,92.19950866699219,7.8004913330078125
2025-11-26 18:56:23.374528768,s3-eth2,92.20000457763672,7.799995422363281
2025-11-26 18:56:24.375590912,s1-eth1,92.17793273925781,7.8220672607421875
2025-11-26 18:56:24.375702016,s2-eth2,92.20000457763672,7.799995422363281
2025-11-26 18:56:24.375859968,s3-eth2,92.1438217163086,7.856178283691406
2025-11-26 18:56:25.376776960,s1-eth1,92.1337890625,7.8662109375
2025-11-26 18:56:25.376899072,s2-eth2,92.14533233642578,7.854667663574219
2025-11-26 18:56:25.377059840,s3-eth2,92.08964538574219,7.9103546142578125
2025-11-26 18:56:26.377976832,s1-eth1,92.14281463623047,7.857185363769531
2025-11-26 18:56:26.378089984,s2-eth2,92.08688354492188,7.913116455078125
2025-11-26 18:56:26.378253824,s3-eth2,92.14331817626953,7.856681823730469
2025-11-26 18:56:27.379193088,s1-eth1,92.19900512695312,7.800994873046875
2025-11-26 18:56:27.379303936,s2-eth2,92.19850158691406,7.8014984130859375
2025-11-26 18:56:27.379462912,s3-eth2,92.19900512695312,7.800994873046875
2025-11-26 18:56:28.380392192,s1-eth1,92.08914184570312,7.910858154296875
2025-11-26 18:56:28.380503808,s2-eth2,92.14432525634766,7.855674743652344
2025-11-26 18:56:28.380665088,s3-eth2,92.19950866699219,7.8004913330078125
2025-11-26 18:56:29.381592064,s1-eth1,92.14281463623047,7.857185363769531
2025-11-26 18:56:29.381704192,s2-eth2,92.19850158691406,7.8014984130859375
2025-11-26 18:56:29.381863168,s3-eth2,92.08763122558594,7.9123687744140625
2025-11-26 18:56:30.382759168,s1-eth1,92.19950866699219,7.8004913330078125
2025-11-26 18:56:30.382919936,s2-eth2,92.08914184570312,7.910858154296875
2025-11-26 18:56:30.383081984,s3-eth2,92.14432525634766,7.855674743652344
2025-11-26 18:56:31.383994112,s1-eth1,92.088134765625,7.911865234375
2025-11-26 18:56:31.384104960,s2-eth2,92.14281463623047,7.857185363769531
2025-11-26 18:56:31.384269056,s3-eth2,92.19850158691406,7.8014984130859375
2025-11-26 18:56:32.385182976,s1-eth1,92.19950866699219,7.8004913330078125
2025-11-26 18:56:32.385294848,s2-eth2,92.20000457763672,7.799995422363281
2025-11-26 18:56:32.385453824,s3-eth2,92.20000457763672,7.799995422363281
2025-11-26 18:56:33.386363904,s1-eth1,92.14331817626953,7.856681823730469
2025-11-26 18:56:33.386476032,s2-eth2,92.08763122558594,7.9123687744140625
2025-11-26 18:56:33.386646016,s3-eth2,92.14281463623047,7.857185363769531
2025-11-26 18:56:34.387584000,s1-eth1,92.19850158691406,7.8014984130859375
2025-11-26 18:56:34.387696896,s2-eth2,92.19850158691406,7.8014984130859375
2025-11-26 18:56:34.387970048,s3-eth2,92.08763122558594,7.9123687744140625
2025-11-26 18:56:35.388862976,s1-eth1,92.08863830566406,7.9113616943359375
2025-11-26 18:56:35.388986112,s2-eth2,92.14432525634766,7.855674743652344
2025-11-26 18:56:35.389158912,s3-eth2,92.20000457763672,7.799995422363281
2025-11-26 18:56:36.390046976,s1-eth1,92.25418090820312,7.745819091796875
2025-11-26 18:56:36.390175232,s2-eth2,92.19914245605469,7.8008575439453125
2025-11-26 18:56:36.390342912,s3-eth2,92.14395904541016,7.856040954589844
2025-11-26 18:56:37.391247872,s1-eth1,92.08914184570312,7.910858154296875
2025-11-26 18:56:37.391379200,s2-eth2,92.08914184570312,7.910858154296875
2025-11-26 18:56:37.391537920,s3-eth2,92.19950866699219,7.8004913330078125
2025-11-26 18:56:38.392455936,s1-eth1,92.19850158691406,7.8014984130859375
2025-11-26 18:56:38.392569088,s2-eth2,92.25367736816406,7.7463226318359375
2025-11-26 18:56:38.392728064,s3-eth2,92.08763122558594,7.9123687744140625
2025-11-26 18:56:39.393637888,s1-eth1,92.1438217163086,7.856178283691406
2025-11-26 18:56:39.393750784,s2-eth2,92.08863830566406,7.9113616943359375
2025-11-26 18:56:39.393910784,s3-eth2,92.14432525634766,7.855674743652344
2025-11-26 18:56:40.394818048,s1-eth1,92.088134765625,7.911865234375
2025-11-26 18:56:40.394949888,s2-eth2,92.19900512695312,7.800994873046875
2025-11-26 18:56:40.395109888,s3-eth2,92.19850158691406,7.8014984130859375
2025-11-26 18:56:41.396028928,s1-eth1,92.19850158691406,7.8014984130859375
2025-11-26 18:56:41.396142080,s2-eth2,92.14331817626953,7.856681823730469
2025-11-26 18:56:41.396302080,s3-eth2,92.19900512695312,7.800994873046875
2025-11-26 18:56:42.397208832,s1-eth1,92.14446258544922,7.855537414550781
2025-11-26 18:56:42.397321984,s2-eth2,92.08863830566406,7.9113616943359375
2025-11-26 18:56:42.397483008,s3-eth2,92.08863830566406,7.9113616943359375
2025-11-26 18:56:43.398382848,s1-eth1,92.19900512695312,7.800994873046875
2025-11-26 18:56:43.398496000,s2-eth2,92.19850158691406,7.8014984130859375
2025-11-26 18:56:43.398656000,s3-eth2,92.14331817626953,7.856681823730469
2025-11-26 18:56:44.399586048,s1-eth1,92.08914184570312,7.910858154296875
2025-11-26 18:56:44.399698944,s2-eth2,92.14432525634766,7.855674743652344
2025-11-26 18:56:44.399857920,s3-eth2,92.19950866699219,7.8004913330078125
2025-11-26 18:56:45.400760832,s1-eth1,92.14281463623047,7.857185363769531
2025-11-26 18:56:45.400872960,s2-eth2,92.19900512695312,7.800994873046875
2025-11-26 18:56:45.401034240,s3-eth2,92.08763122558594,7.9123687744140625
2025-11-26 18:56:46.401957120,s1-eth1,92.19850158691406,7.8014984130859375
2025-11-26 18:56:46.402070016,s2-eth2,92.08763122558594,7.9123687744140625
2025-11-26 18:56:46.402232832,s3-eth2,92.14331817626953,7.856681823730469
2025-11-26 18:56:47.403156992,s1-eth1,92.20000457763672,7.799995422363281
2025-11-26 18:56:47.403269888,s2-eth2,92.1438217163086,7.856178283691406
2025-11-26 18:56:47.403429888,s3-eth2,92.19950866699219,7.8004913330078125
2025-11-26 18:56:48.404331008,s1-eth1,92.08763122558594,7.9123687744140625
2025-11-26 18:56:48.404443904,s2-eth2,92.19900512695312,7.800994873046875
2025-11-26 18:56:48.404617984,s3-eth2,92.19900512695312,7.800994873046875
2025-11-26 18:56:49.405522176,s1-eth1,92.14432525634766,7.855674743652344
2025-11-26 18:56:49.405634048,s2-eth2,92.19950866699219,7.8004913330078125
2025-11-26 18:56:49.405807104,s3-eth2,92.1438217163086,7.856178283691406
2025-11-26 18:56:50.406728960,s1-eth1,92.19850158691406,7.8014984130859375
2025-11-26 18:56:50.406855936,s2-eth2,92.08763122558594,7.9123687744140625
2025-11-26 18:56:50.407033856,s3-eth2,92.08763122558594,7.9123687744140625
2025-11-26 18:56:51.407932928,s1-eth1,92.08863830566406,7.9113616943359375
2025-11-26 18:56:51.408062976,s2-eth2,92.14432525634766,7.855674743652344
2025-11-26 18:56:51.408224000,s3-eth2,92.20000457763672,7.799995422363281
2025-11-26 18:56:52.409113856,s1-eth1,92.14395904541016,7.856040954589844
2025-11-26 18:56:52.409241088,s2-eth2,92.19914245605469,7.8008575439453125
2025-11-26 18:56:52.409401856,s3-eth2,92.14395904541016,7.856040954589844
2025-11-26 18:56:53.410332928,s1-eth1,92.19850158691406,7.8014984130859375
2025-11-26 18:56:53.410448128,s2-eth2,92.088134765625,7.911865234375
2025-11-26 18:56:53.410608128,s3-eth2,92.19850158691406,7.8014984130859375
2025-11-26 18:56:54.411557888,s1-eth1,92.20242309570312,7.797576904296875
2025-11-26 18:56:54.411674112,s2-eth2,92.2571029663086,7.742897033691406
2025-11-26 18:56:54.411841024,s3-eth2,92.08863830566406,7.9113616943359375
2025-11-26 18:56:55.412784128,s1-eth1,92.14631652832031,7.8536834716796875
2025-11-26 18:56:55.412904960,s2-eth2,92.09050750732422,7.909492492675781
2025-11-26 18:56:55.413072128,s3-eth2,92.14363861083984,7.856361389160156
2025-11-26 18:56:56.413995008,s1-eth1,92.09571838378906,7.9042816162109375
2025-11-26 18:56:56.414113024,s2-eth2,92.20378112792969,7.7962188720703125
2025-11-26 18:56:56.414279936,s3-eth2,92.1998291015625,7.8001708984375
2025-11-26 18:56:57.415255040,s1-eth1,92.20427703857422,7.795722961425781
2025-11-26 18:56:57.415378176,s2-eth2,92.14517211914062,7.854827880859375
2025-11-26 18:56:57.415545088,s3-eth2,92.19900512695312,7.800994873046875
2025-11-26 18:56:58.416913920,s1-eth1,92.26136016845703,7.738639831542969
2025-11-26 18:56:58.417143040,s2-eth2,92.31541442871094,7.6845855712890625
2025-11-26 18:56:58.417445888,s3-eth2,92.20000457763672,7.799995422363281
2025-11-26 18:56:59.418317056,s1-eth1,92.43109130859375,7.56890869140625
2025-11-26 18:56:59.418368000,s2-eth2,92.42727661132812,7.572723388671875
2025-11-26 18:56:59.418441984,s3-eth2,92.23495483398438,7.765045166015625
2025-11-26 18:57:00.419215872,s1-eth1,92.75273132324219,7.2472686767578125
2025-11-26 18:57:00.419339776,s2-eth2,92.47178649902344,7.5282135009765625
2025-11-26 18:57:00.419512064,s3-eth2,91.97754669189453,8.022453308105469
2025-11-26 18:57:01.420443136,s1-eth1,94.7837905883789,5.216209411621094
2025-11-26 18:57:01.420571136,s2-eth2,94.66236114501953,5.337638854980469
2025-11-26 18:57:01.420759040,s3-eth2,91.92108154296875,8.07891845703125
2025-11-26 18:57:02.421690112,s1-eth1,94.25971984863281,5.7402801513671875
2025-11-26 18:57:02.421835776,s2-eth2,94.01696014404297,5.983039855957031
2025-11-26 18:57:02.422010880,s3-eth2,147.02459716796875,-47.02459716796875
2025-11-26 18:57:03.423005952,s1-eth1,96.83369445800781,3.1663055419921875
2025-11-26 18:57:03.423137792,s2-eth2,97.26909637451172,2.7309036254882812
2025-11-26 18:57:03.423321088,s3-eth2,92.60945129394531,7.3905487060546875
2025-11-26 18:57:04.424300800,s1-eth1,94.81759643554688,5.182403564453125
2025-11-26 18:57:04.424432896,s2-eth2,98.13262939453125,1.86737060546875
2025-11-26 18:57:04.424614912,s3-eth2,92.86839294433594,7.1316070556640625
2025-11-26 18:57:05.425498880,s1-eth1,97.93883514404297,2.0611648559570312
2025-11-26 18:57:05.425605888,s2-eth2,103.1974105834961,-3.1974105834960938
2025-11-26 18:57:05.425754112,s3-eth2,92.84546661376953,7.154533386230469
2025-11-26 18:57:06.426647808,s1-eth1,98.26380157470703,1.7361984252929688
2025-11-26 18:57:06.426779904,s2-eth2,110.16442108154297,-10.164421081542969
2025-11-26 18:57:06.427001856,s3-eth2,92.76519012451172,7.234809875488281
2025-11-26 18:57:07.427609856,s1-eth1,96.06621551513672,3.9337844848632812
2025-11-26 18:57:07.427665920,s2-eth2,103.2251205444336,-3.2251205444335938
2025-11-26 18:57:07.427735040,s3-eth2,92.99608612060547,7.003913879394531
2025-11-26 18:57:08.428145920,s1-eth1,99.27643585205078,0.7235641479492188
2025-11-26 18:57:08.428193024,s2-eth2,110.68743896484375,-10.68743896484375
2025-11-26 18:57:08.428275968,s3-eth2,92.97294616699219,7.0270538330078125
2025-11-26 18:57:09.429044992,s1-eth1,100.28731536865234,-0.28731536865234375
2025-11-26 18:57:09.429168896,s2-eth2,108.58638000488281,-8.586380004882812
2025-11-26 18:57:09.429368064,s3-eth2,92.96499633789062,7.035003662109375
2025-11-26 18:57:10.430350080,s1-eth1,97.23271942138672,2.7672805786132812
2025-11-26 18:57:10.430479104,s2-eth2,107.1286849975586,-7.128684997558594
2025-11-26 18:57:10.430660864,s3-eth2,92.65711975097656,7.3428802490234375
2025-11-26 18:57:11.431603968,s1-eth1,103.32040405273438,-3.320404052734375
2025-11-26 18:57:11.431727872,s2-eth2,114.76891326904297,-14.768913269042969
2025-11-26 18:57:11.431906048,s3-eth2,88.43535614013672,11.564643859863281
2025-11-26 18:57:12.432883968,s1-eth1,99.53197479248047,0.46802520751953125
2025-11-26 18:57:12.433007104,s2-eth2,100.96542358398438,-0.965423583984375
2025-11-26 18:57:12.433232896,s3-eth2,91.52740478515625,8.47259521484375
2025-11-26 18:57:13.434163968,s1-eth1,94.37777709960938,5.622222900390625
2025-11-26 18:57:13.434308096,s2-eth2,94.39439392089844,5.6056060791015625
2025-11-26 18:57:13.434479872,s3-eth2,91.42970275878906,8.570297241210938
2025-11-26 18:57:14.435398144,s1-eth1,92.59374237060547,7.406257629394531
2025-11-26 18:57:14.435523072,s2-eth2,94.19894409179688,5.801055908203125
2025-11-26 18:57:14.435693056,s3-eth2,90.56876373291016,9.431236267089844
2025-11-26 18:57:15.436288000,s1-eth1,92.86677551269531,7.1332244873046875
2025-11-26 18:57:15.436336128,s2-eth2,107.22019958496094,-7.2201995849609375
2025-11-26 18:57:15.436400896,s3-eth2,90.86095428466797,9.139045715332031
2025-11-26 18:57:16.437112064,s1-eth1,94.08988189697266,5.910118103027344
2025-11-26 18:57:16.437236992,s2-eth2,135.01528930664062,-35.015289306640625
2025-11-26 18:57:16.437403904,s3-eth2,87.45558166503906,12.544418334960938
2025-11-26 18:57:17.438325760,s1-eth1,93.80207824707031,6.1979217529296875
2025-11-26 18:57:17.438467072,s2-eth2,93.74664306640625,6.25335693359375
2025-11-26 18:57:17.438648832,s3-eth2,87.813232421875,12.186767578125
2025-11-26 18:57:18.439568128,s1-eth1,93.77255249023438,6.227447509765625
2025-11-26 18:57:18.439696128,s2-eth2,93.760009765625,6.239990234375
2025-11-26 18:57:18.439879936,s3-eth2,86.42597961425781,13.574020385742188
2025-11-26 18:57:19.440752896,s1-eth1,94.9218521118164,5.078147888183594
2025-11-26 18:57:19.440891136,s2-eth2,94.8721694946289,5.127830505371094
2025-11-26 18:57:19.441060096,s3-eth2,84.68862915039062,15.311370849609375
2025-11-26 18:57:20.441963008,s1-eth1,103.67892456054688,-3.678924560546875
2025-11-26 18:57:20.442092800,s2-eth2,96.50917053222656,3.4908294677734375
2025-11-26 18:57:20.442262784,s3-eth2,78.58830261230469,21.411697387695312
2025-11-26 18:57:21.443234048,s1-eth1,103.26538848876953,-3.2653884887695312
2025-11-26 18:57:21.443365120,s2-eth2,97.26837921142578,2.7316207885742188
2025-11-26 18:57:21.443535104,s3-eth2,72.13672637939453,27.86327362060547
2025-11-26 18:57:22.444473088,s1-eth1,101.78711700439453,-1.7871170043945312
2025-11-26 18:57:22.444601088,s2-eth2,98.06415557861328,1.9358444213867188
2025-11-26 18:57:22.444773888,s3-eth2,75.58452606201172,24.41547393798828
2025-11-26 18:57:23.445671936,s1-eth1,130.30503845214844,-30.305038452148438
2025-11-26 18:57:23.445801984,s2-eth2,104.47216033935547,-4.472160339355469
2025-11-26 18:57:23.445970944,s3-eth2,74.78416442871094,25.215835571289062
2025-11-26 18:57:24.446899968,s1-eth1,129.58749389648438,-29.587493896484375
2025-11-26 18:57:24.447041024,s2-eth2,107.4328842163086,-7.432884216308594
2025-11-26 18:57:24.447225088,s3-eth2,81.27145385742188,18.728546142578125
2025-11-26 18:57:25.448162048,s1-eth1,168.02798461914062,-68.02798461914062
2025-11-26 18:57:25.448314880,s2-eth2,118.30619812011719,-18.306198120117188
2025-11-26 18:57:25.448491008,s3-eth2,97.99951934814453,2.0004806518554688
2025-11-26 18:57:26.449394944,s1-eth1,128.32879638671875,-28.32879638671875
2025-11-26 18:57:26.449538048,s2-eth2,126.70635223388672,-26.70635223388672
2025-11-26 18:57:26.449712896,s3-eth2,105.84484100341797,-5.844841003417969
2025-11-26 18:57:27.450683136,s1-eth1,152.81459045410156,-52.81459045410156
2025-11-26 18:57:27.450809088,s2-eth2,124.37513732910156,-24.375137329101562
2025-11-26 18:57:27.451019008,s3-eth2,110.65575408935547,-10.655754089355469
2025-11-26 18:57:28.451921920,s1-eth1,131.1784210205078,-31.178421020507812
2025-11-26 18:57:28.452049920,s2-eth2,116.0436782836914,-16.043678283691406
2025-11-26 18:57:28.452224000,s3-eth2,114.99231719970703,-14.992317199707031
2025-11-26 18:57:29.453146880,s1-eth1,95.14614868164062,4.853851318359375
2025-11-26 18:57:29.453277184,s2-eth2,105.36334991455078,-5.363349914550781
2025-11-26 18:57:29.453447936,s3-eth2,103.79902648925781,-3.7990264892578125
2025-11-26 18:57:30.454371072,s1-eth1,92.1666259765625,7.8333740234375
2025-11-26 18:57:30.454499072,s2-eth2,104.07022094726562,-4.070220947265625
2025-11-26 18:57:30.454684928,s3-eth2,102.47979736328125,-2.47979736328125
2025-11-26 18:57:31.455640064,s1-eth1,92.24983978271484,7.750160217285156
2025-11-26 18:57:31.455784192,s2-eth2,111.23509216308594,-11.235092163085938
2025-11-26 18:57:31.455954176,s3-eth2,109.51219940185547,-9.512199401855469
2025-11-26 18:57:32.456867840,s1-eth1,92.20626068115234,7.793739318847656
2025-11-26 18:57:32.456998144,s2-eth2,92.98848724365234,7.011512756347656
2025-11-26 18:57:32.457169152,s3-eth2,90.4869613647461,9.513038635253906
2025-11-26 18:57:33.458087936,s1-eth1,92.30279541015625,7.69720458984375
2025-11-26 18:57:33.458211840,s2-eth2,92.26264190673828,7.737358093261719
2025-11-26 18:57:33.458381824,s3-eth2,89.10035705566406,10.899642944335938
2025-11-26 18:57:34.459328000,s1-eth1,92.2867431640625,7.7132568359375
2025-11-26 18:57:34.459449088,s2-eth2,92.24608612060547,7.753913879394531
2025-11-26 18:57:34.459620096,s3-eth2,87.69404602050781,12.305953979492188
2025-11-26 18:57:35.460540160,s1-eth1,92.36109924316406,7.6389007568359375
2025-11-26 18:57:35.460662016,s2-eth2,92.44844818115234,7.551551818847656
2025-11-26 18:57:35.460832000,s3-eth2,85.68738555908203,14.312614440917969
2025-11-26 18:57:36.461734144,s1-eth1,92.64218139648438,7.357818603515625
2025-11-26 18:57:36.461857024,s2-eth2,92.56533813476562,7.434661865234375
2025-11-26 18:57:36.462028032,s3-eth2,84.2845687866211,15.715431213378906
2025-11-26 18:57:37.462974976,s1-eth1,92.72574615478516,7.274253845214844
2025-11-26 18:57:37.463098880,s2-eth2,92.60572814941406,7.3942718505859375
2025-11-26 18:57:37.463269888,s3-eth2,82.5308609008789,17.469139099121094
2025-11-26 18:57:38.464188928,s1-eth1,92.80724334716797,7.192756652832031
2025-11-26 18:57:38.464312064,s2-eth2,92.88360595703125,7.11639404296875
2025-11-26 18:57:38.464497152,s3-eth2,77.74044036865234,22.259559631347656
2025-11-26 18:57:39.465398016,s1-eth1,92.46488189697266,7.535118103027344
2025-11-26 18:57:39.465532160,s2-eth2,92.4720230102539,7.527976989746094
2025-11-26 18:57:39.465702912,s3-eth2,85.81477355957031,14.185226440429688
2025-11-26 18:57:40.466584832,s1-eth1,92.11998748779297,7.880012512207031
2025-11-26 18:57:40.466725120,s2-eth2,92.24188995361328,7.758110046386719
2025-11-26 18:57:40.466932992,s3-eth2,92.1694107055664,7.830589294433594
2025-11-26 18:57:41.467822080,s1-eth1,92.20852661132812,7.791473388671875
2025-11-26 18:57:41.467936000,s2-eth2,92.10970306396484,7.890296936035156
2025-11-26 18:57:41.468097024,s3-eth2,92.10970306396484,7.890296936035156
2025-11-26 18:57:42.468979968,s1-eth1,92.10919952392578,7.890800476074219
2025-11-26 18:57:42.469093120,s2-eth2,92.10869598388672,7.891304016113281
2025-11-26 18:57:42.469253120,s3-eth2,92.20852661132812,7.791473388671875
2025-11-26 18:57:43.470174976,s1-eth1,92.20916748046875,7.79083251953125
2025-11-26 18:57:43.470289920,s2-eth2,92.20967102050781,7.7903289794921875
2025-11-26 18:57:43.470449920,s3-eth2,92.1098403930664,7.890159606933594
2025-11-26 18:57:44.471376896,s1-eth1,92.10919952392578,7.890800476074219
2025-11-26 18:57:44.471489792,s2-eth2,92.10869598388672,7.891304016113281
2025-11-26 18:57:44.471649024,s3-eth2,92.20852661132812,7.791473388671875
2025-11-26 18:57:45.472539904,s1-eth1,92.20852661132812,7.791473388671875
2025-11-26 18:57:45.472652032,s2-eth2,92.20852661132812,7.791473388671875
2025-11-26 18:57:45.472809984,s3-eth2,92.10869598388672,7.891304016113281
2025-11-26 18:57:46.473690880,s1-eth1,92.10869598388672,7.891304016113281
2025-11-26 18:57:46.473801984,s2-eth2,92.10919952392578,7.890800476074219
2025-11-26 18:57:46.473961216,s3-eth2,92.20903015136719,7.7909698486328125
2025-11-26 18:57:47.474867968,s1-eth1,92.11431121826172,7.885688781738281
2025-11-26 18:57:47.474987008,s2-eth2,92.21427917480469,7.7857208251953125
2025-11-26 18:57:47.475152128,s3-eth2,92.10997772216797,7.890022277832031
2025-11-26 18:57:48.476075008,s1-eth1,92.21305084228516,7.786949157714844
2025-11-26 18:57:48.476188928,s2-eth2,92.1131591796875,7.8868408203125
2025-11-26 18:57:48.476353024,s3-eth2,92.10919952392578,7.890800476074219
2025-11-26 18:57:49.477273088,s1-eth1,92.1131591796875,7.8868408203125
2025-11-26 18:57:49.477388032,s2-eth2,92.11206817626953,7.887931823730469
2025-11-26 18:57:49.477554176,s3-eth2,92.20852661132812,7.791473388671875
2025-11-26 18:57:50.478455040,s1-eth1,92.97412109375,7.02587890625
2025-11-26 18:57:50.478582016,s2-eth2,92.9746322631836,7.025367736816406
2025-11-26 18:57:50.478766080,s3-eth2,92.10869598388672,7.891304016113281
2025-11-26 18:57:51.479708928,s1-eth1,93.06596374511719,6.9340362548828125
2025-11-26 18:57:51.479825920,s2-eth2,93.05542755126953,6.944572448730469
2025-11-26 18:57:51.480009984,s3-eth2,92.2200698852539,7.779930114746094
2025-11-26 18:57:52.480904960,s1-eth1,92.5833511352539,7.416648864746094
2025-11-26 18:57:52.481035008,s2-eth2,92.57964324951172,7.420356750488281
2025-11-26 18:57:52.481206784,s3-eth2,92.1423110961914,7.857688903808594
2025-11-26 18:57:53.482181120,s1-eth1,93.1512680053711,6.848731994628906
2025-11-26 18:57:53.482317824,s2-eth2,93.20438385009766,6.795616149902344
2025-11-26 18:57:53.482496000,s3-eth2,91.97777557373047,8.022224426269531
2025-11-26 18:57:54.483433984,s1-eth1,93.65189361572266,6.348106384277344
2025-11-26 18:57:54.483549952,s2-eth2,93.734375,6.265625
2025-11-26 18:57:54.483730176,s3-eth2,88.80274200439453,11.197257995605469
2025-11-26 18:57:55.484631040,s1-eth1,93.20198059082031,6.7980194091796875
2025-11-26 18:57:55.484744960,s2-eth2,93.6400375366211,6.359962463378906
2025-11-26 18:57:55.484921856,s3-eth2,85.70304107666016,14.296958923339844
2025-11-26 18:57:56.485827072,s1-eth1,93.40909576416016,6.590904235839844
2025-11-26 18:57:56.485941760,s2-eth2,94.2738037109375,5.7261962890625
2025-11-26 18:57:56.486118912,s3-eth2,84.7142105102539,15.285789489746094
2025-11-26 18:57:57.487066112,s1-eth1,95.88594055175781,4.1140594482421875
2025-11-26 18:57:57.487181056,s2-eth2,97.00543212890625,2.99456787109375
2025-11-26 18:57:57.487360000,s3-eth2,86.5096664428711,13.490333557128906
2025-11-26 18:57:58.487974912,s1-eth1,94.89173889160156,5.1082611083984375
2025-11-26 18:57:58.488019968,s2-eth2,95.99298095703125,4.00701904296875
2025-11-26 18:57:58.488102912,s3-eth2,92.22686767578125,7.77313232421875
2025-11-26 18:57:59.489016064,s1-eth1,99.71280670166016,0.28719329833984375
2025-11-26 18:57:59.489137920,s2-eth2,100.58853149414062,-0.588531494140625
2025-11-26 18:57:59.489331968,s3-eth2,92.68313598632812,7.316864013671875
2025-11-26 18:58:00.490291200,s1-eth1,97.5552978515625,2.4447021484375
2025-11-26 18:58:00.490434048,s2-eth2,99.67202758789062,0.327972412109375
2025-11-26 18:58:00.490614016,s3-eth2,92.7534408569336,7.246559143066406
2025-11-26 18:58:01.491571968,s1-eth1,104.43145751953125,-4.43145751953125
2025-11-26 18:58:01.491694080,s2-eth2,107.84651947021484,-7.846519470214844
2025-11-26 18:58:01.491872000,s3-eth2,92.84439086914062,7.155609130859375
2025-11-26 18:58:02.492476928,s1-eth1,107.94793701171875,-7.94793701171875
2025-11-26 18:58:02.492521984,s2-eth2,112.28428649902344,-12.284286499023438
2025-11-26 18:58:02.492590848,s3-eth2,93.25276947021484,6.747230529785156
2025-11-26 18:58:03.493012992,s1-eth1,105.15123748779297,-5.151237487792969
2025-11-26 18:58:03.493056000,s2-eth2,112.65669250488281,-12.656692504882812
2025-11-26 18:58:03.493123072,s3-eth2,93.95068359375,6.04931640625
2025-11-26 18:58:04.493539072,s1-eth1,92.21119689941406,7.7888031005859375
2025-11-26 18:58:04.493640960,s2-eth2,100.56460571289062,-0.564605712890625
2025-11-26 18:58:04.493818880,s3-eth2,94.1671142578125,5.8328857421875
2025-11-26 18:58:05.494443008,s1-eth1,92.22311401367188,7.776885986328125
2025-11-26 18:58:05.494491136,s2-eth2,106.2125244140625,-6.2125244140625
2025-11-26 18:58:05.494565888,s3-eth2,94.07600402832031,5.9239959716796875
2025-11-26 18:58:06.495383040,s1-eth1,92.59088897705078,7.409111022949219
2025-11-26 18:58:06.495529984,s2-eth2,115.14207458496094,-15.142074584960938
2025-11-26 18:58:06.495708928,s3-eth2,95.07527160644531,4.9247283935546875
2025-11-26 18:58:07.496712960,s1-eth1,92.54454040527344,7.4554595947265625
2025-11-26 18:58:07.496844032,s2-eth2,92.562744140625,7.437255859375
2025-11-26 18:58:07.497021952,s3-eth2,96.50910949707031,3.4908905029296875
2025-11-26 18:58:08.498060032,s1-eth1,92.44111633300781,7.5588836669921875
2025-11-26 18:58:08.498192128,s2-eth2,92.87325286865234,7.126747131347656
2025-11-26 18:58:08.498372096,s3-eth2,116.90281677246094,-16.902816772460938
2025-11-26 18:58:09.499418880,s1-eth1,92.46783447265625,7.53216552734375
2025-11-26 18:58:09.499550976,s2-eth2,93.09139251708984,6.908607482910156
2025-11-26 18:58:09.499730944,s3-eth2,114.91010284423828,-14.910102844238281
2025-11-26 18:58:10.500729088,s1-eth1,93.27775573730469,6.7222442626953125
2025-11-26 18:58:10.500861952,s2-eth2,92.94523620605469,7.0547637939453125
2025-11-26 18:58:10.501058048,s3-eth2,85.74993133544922,14.250068664550781
2025-11-26 18:58:11.502039808,s1-eth1,92.73358154296875,7.26641845703125
2025-11-26 18:58:11.502192896,s2-eth2,93.44068908691406,6.5593109130859375
2025-11-26 18:58:11.502374912,s3-eth2,78.22911834716797,21.77088165283203
2025-11-26 18:58:12.503379200,s1-eth1,93.02423858642578,6.975761413574219
2025-11-26 18:58:12.503511808,s2-eth2,93.64875793457031,6.3512420654296875
2025-11-26 18:58:12.503695104,s3-eth2,81.68624114990234,18.313758850097656
2025-11-26 18:58:13.504795136,s1-eth1,92.74299621582031,7.2570037841796875
2025-11-26 18:58:13.504925952,s2-eth2,142.39822387695312,-42.398223876953125
2025-11-26 18:58:13.505106944,s3-eth2,92.10969543457031,7.8903045654296875
2025-11-26 18:58:14.506088960,s1-eth1,92.24480438232422,7.755195617675781
2025-11-26 18:58:14.506220032,s2-eth2,113.68804168701172,-13.688041687011719
2025-11-26 18:58:14.506392064,s3-eth2,113.87525939941406,-13.875259399414062
2025-11-26 18:58:15.507361792,s1-eth1,92.61636352539062,7.383636474609375
2025-11-26 18:58:15.507486976,s2-eth2,130.56895446777344,-30.568954467773438
2025-11-26 18:58:15.507654912,s3-eth2,130.35606384277344,-30.356063842773438
2025-11-26 18:58:16.508626944,s1-eth1,92.65638732910156,7.3436126708984375
2025-11-26 18:58:16.508755968,s2-eth2,92.8891372680664,7.110862731933594
2025-11-26 18:58:16.508945920,s3-eth2,92.92657470703125,7.07342529296875
2025-11-26 18:58:17.509890048,s1-eth1,93.38258361816406,6.6174163818359375
2025-11-26 18:58:17.510038016,s2-eth2,92.81517791748047,7.184822082519531
2025-11-26 18:58:17.510209024,s3-eth2,92.69889831542969,7.3011016845703125
2025-11-26 18:58:18.511288832,s1-eth1,94.04483032226562,5.955169677734375
2025-11-26 18:58:18.511437824,s2-eth2,93.30778503417969,6.6922149658203125
2025-11-26 18:58:18.511609088,s3-eth2,92.64212036132812,7.357879638671875
2025-11-26 18:58:19.512550144,s1-eth1,94.23958587646484,5.760414123535156
2025-11-26 18:58:19.512677888,s2-eth2,93.80964660644531,6.1903533935546875
2025-11-26 18:58:19.512849152,s3-eth2,93.39421844482422,6.605781555175781
2025-11-26 18:58:20.513803008,s1-eth1,94.91439819335938,5.085601806640625
2025-11-26 18:58:20.513933824,s2-eth2,93.9114761352539,6.088523864746094
2025-11-26 18:58:20.514107904,s3-eth2,92.87142181396484,7.128578186035156
2025-11-26 18:58:21.515092992,s1-eth1,95.7060775756836,4.293922424316406
2025-11-26 18:58:21.515223040,s2-eth2,95.19539642333984,4.804603576660156
2025-11-26 18:58:21.515394048,s3-eth2,93.99479675292969,6.0052032470703125
2025-11-26 18:58:22.516408064,s1-eth1,96.5759048461914,3.4240951538085938
2025-11-26 18:58:22.516540928,s2-eth2,94.76714324951172,5.232856750488281
2025-11-26 18:58:22.516717056,s3-eth2,93.74916076660156,6.2508392333984375
2025-11-26 18:58:23.517846016,s1-eth1,97.75806427001953,2.2419357299804688
2025-11-26 18:58:23.517976064,s2-eth2,96.54719543457031,3.4528045654296875
2025-11-26 18:58:23.518167040,s3-eth2,93.60116577148438,6.398834228515625
2025-11-26 18:58:24.519143168,s1-eth1,103.66002655029297,-3.6600265502929688
2025-11-26 18:58:24.519290880,s2-eth2,100.07086181640625,-0.07086181640625
2025-11-26 18:58:24.519463936,s3-eth2,98.02238464355469,1.9776153564453125
2025-11-26 18:58:25.520441088,s1-eth1,121.95983123779297,-21.95983123779297
2025-11-26 18:58:25.520574208,s2-eth2,109.89550018310547,-9.895500183105469
2025-11-26 18:58:25.520747776,s3-eth2,96.5829086303711,3.4170913696289062
2025-11-26 18:58:26.521744896,s1-eth1,127.0237045288086,-27.023704528808594
2025-11-26 18:58:26.521876224,s2-eth2,109.38401794433594,-9.384017944335938
2025-11-26 18:58:26.522049792,s3-eth2,101.19940185546875,-1.19940185546875
2025-11-26 18:58:27.523076096,s1-eth1,150.63845825195312,-50.638458251953125
2025-11-26 18:58:27.523207936,s2-eth2,125.4935073852539,-25.493507385253906
2025-11-26 18:58:27.523385088,s3-eth2,107.41834259033203,-7.418342590332031
2025-11-26 18:58:28.524736000,s1-eth1,125.07054138183594,-25.070541381835938
2025-11-26 18:58:28.524868096,s2-eth2,109.31652069091797,-9.316520690917969
2025-11-26 18:58:28.525046016,s3-eth2,84.41287994384766,15.587120056152344
2025-11-26 18:58:29.526045184,s1-eth1,106.63431549072266,-6.634315490722656
2025-11-26 18:58:29.526177024,s2-eth2,101.47396087646484,-1.4739608764648438
2025-11-26 18:58:29.526370048,s3-eth2,83.99423217773438,16.005767822265625
2025-11-26 18:58:30.527357184,s1-eth1,99.17039489746094,0.8296051025390625
2025-11-26 18:58:30.527504896,s2-eth2,92.47303771972656,7.5269622802734375
2025-11-26 18:58:30.527678976,s3-eth2,82.71045684814453,17.28954315185547
2025-11-26 18:58:31.528666880,s1-eth1,101.34111785888672,-1.3411178588867188
2025-11-26 18:58:31.528798976,s2-eth2,92.59381103515625,7.40618896484375
2025-11-26 18:58:31.528974080,s3-eth2,81.07752227783203,18.92247772216797
2025-11-26 18:58:32.529975040,s1-eth1,103.26782989501953,-3.2678298950195312
2025-11-26 18:58:32.530107136,s2-eth2,92.5352783203125,7.4647216796875
2025-11-26 18:58:32.530283008,s3-eth2,80.78870391845703,19.21129608154297
2025-11-26 18:58:33.531435008,s1-eth1,106.73808288574219,-6.7380828857421875
2025-11-26 18:58:33.531567104,s2-eth2,92.41980743408203,7.580192565917969
2025-11-26 18:58:33.531742976,s3-eth2,80.34158325195312,19.658416748046875
2025-11-26 18:58:34.532743936,s1-eth1,110.22420501708984,-10.224205017089844
2025-11-26 18:58:34.532875008,s2-eth2,92.47624969482422,7.523750305175781
2025-11-26 18:58:34.533070080,s3-eth2,78.74390411376953,21.25609588623047
2025-11-26 18:58:35.534046976,s1-eth1,119.21212768554688,-19.212127685546875
2025-11-26 18:58:35.534194944,s2-eth2,92.22067260742188,7.779327392578125
2025-11-26 18:58:35.534369024,s3-eth2,81.44175720214844,18.558242797851562
2025-11-26 18:58:36.535535104,s1-eth1,122.05529022216797,-22.05529022216797
2025-11-26 18:58:36.535662848,s2-eth2,91.56657409667969,8.433425903320312
2025-11-26 18:58:36.535837952,s3-eth2,87.54161071777344,12.458389282226562
2025-11-26 18:58:37.536824832,s1-eth1,92.42902374267578,7.570976257324219
2025-11-26 18:58:37.536945152,s2-eth2,92.30447387695312,7.695526123046875
2025-11-26 18:58:37.537118976,s3-eth2,85.68990325927734,14.310096740722656
2025-11-26 18:58:38.538228992,s1-eth1,92.49447631835938,7.505523681640625
2025-11-26 18:58:38.538347008,s2-eth2,92.54354858398438,7.456451416015625
2025-11-26 18:58:38.538516992,s3-eth2,84.63908386230469,15.360916137695312
2025-11-26 18:58:39.539486976,s1-eth1,92.7452392578125,7.2547607421875
2025-11-26 18:58:39.539604992,s2-eth2,92.66197967529297,7.338020324707031
2025-11-26 18:58:39.539773952,s3-eth2,82.08538055419922,17.91461944580078
2025-11-26 18:58:40.540740096,s1-eth1,92.65804290771484,7.341957092285156
2025-11-26 18:58:40.540855808,s2-eth2,92.7107162475586,7.289283752441406
2025-11-26 18:58:40.541022976,s3-eth2,81.14424896240234,18.855751037597656
2025-11-26 18:58:41.541997824,s1-eth1,92.54279327392578,7.457206726074219
2025-11-26 18:58:41.542115072,s2-eth2,92.5177001953125,7.4822998046875
2025-11-26 18:58:41.542287104,s3-eth2,86.5847396850586,13.415260314941406
2025-11-26 18:58:42.543360000,s1-eth1,92.12529754638672,7.874702453613281
2025-11-26 18:58:42.543476224,s2-eth2,92.12479400634766,7.875205993652344
2025-11-26 18:58:42.543752960,s3-eth2,92.2115478515625,7.7884521484375
2025-11-26 18:58:43.545005056,s1-eth1,93.01341247558594,6.9865875244140625
2025-11-26 18:58:43.545121024,s2-eth2,93.01327514648438,6.986724853515625
2025-11-26 18:58:43.545430784,s3-eth2,92.21305847167969,7.7869415283203125
2025-11-26 18:58:44.546612992,s1-eth1,95.34978485107422,4.650215148925781
2025-11-26 18:58:44.546749184,s2-eth2,95.73481750488281,4.2651824951171875
2025-11-26 18:58:44.546940928,s3-eth2,81.29097747802734,18.709022521972656
2025-11-26 18:58:45.547843840,s1-eth1,96.12776947021484,3.8722305297851562
2025-11-26 18:58:45.547975936,s2-eth2,96.48981475830078,3.5101852416992188
2025-11-26 18:58:45.548150016,s3-eth2,84.4537582397461,15.546241760253906
2025-11-26 18:58:46.549099008,s1-eth1,96.73383331298828,3.2661666870117188
2025-11-26 18:58:46.549214976,s2-eth2,96.89640808105469,3.1035919189453125
2025-11-26 18:58:46.549391104,s3-eth2,85.52862548828125,14.47137451171875
2025-11-26 18:58:47.550313984,s1-eth1,93.86289978027344,6.1371002197265625
2025-11-26 18:58:47.550427904,s2-eth2,95.77882385253906,4.2211761474609375
2025-11-26 18:58:47.550599168,s3-eth2,85.79778289794922,14.202217102050781
2025-11-26 18:58:48.551302912,s1-eth1,92.663330078125,7.336669921875
2025-11-26 18:58:48.551369984,s2-eth2,98.10392761230469,1.8960723876953125
2025-11-26 18:58:48.551467776,s3-eth2,85.67666625976562,14.323333740234375
2025-11-26 18:58:49.552207872,s1-eth1,92.19036865234375,7.80963134765625
2025-11-26 18:58:49.552320000,s2-eth2,99.01751708984375,0.98248291015625
2025-11-26 18:58:49.552486912,s3-eth2,84.68757629394531,15.312423706054688
2025-11-26 18:58:50.553384192,s1-eth1,92.33689880371094,7.6631011962890625
2025-11-26 18:58:50.553505792,s2-eth2,97.36581420898438,2.634185791015625
2025-11-26 18:58:50.553689088,s3-eth2,84.68606567382812,15.313934326171875
2025-11-26 18:58:51.554562048,s1-eth1,92.17090606689453,7.829093933105469
2025-11-26 18:58:51.554676992,s2-eth2,97.92879486083984,2.0712051391601562
2025-11-26 18:58:51.554876160,s3-eth2,84.08406829833984,15.915931701660156
2025-11-26 18:58:52.555838208,s1-eth1,93.72919464111328,6.270805358886719
2025-11-26 18:58:52.555970048,s2-eth2,99.1012954711914,0.8987045288085938
2025-11-26 18:58:52.556143872,s3-eth2,85.38688659667969,14.613113403320312
2025-11-26 18:58:53.557206016,s1-eth1,104.70459747314453,-4.704597473144531
2025-11-26 18:58:53.557321984,s2-eth2,105.37123107910156,-5.3712310791015625
2025-11-26 18:58:53.557490176,s3-eth2,91.91004180908203,8.089958190917969
2025-11-26 18:58:54.558388992,s1-eth1,98.34944915771484,1.6505508422851562
2025-11-26 18:58:54.558502912,s2-eth2,98.36080932617188,1.639190673828125
2025-11-26 18:58:54.558667008,s3-eth2,91.93010711669922,8.069892883300781
2025-11-26 18:58:55.559278080,s1-eth1,92.24008178710938,7.759918212890625
2025-11-26 18:58:55.559320064,s2-eth2,92.30807495117188,7.691925048828125
2025-11-26 18:58:55.559384064,s3-eth2,92.18035888671875,7.81964111328125
2025-11-26 18:58:56.559822080,s1-eth1,92.24425506591797,7.755744934082031
2025-11-26 18:58:56.559874048,s2-eth2,92.19137573242188,7.808624267578125
2025-11-26 18:58:56.559951104,s3-eth2,92.23809814453125,7.76190185546875
2025-11-26 18:58:57.560695040,s1-eth1,92.24166107177734,7.758338928222656
2025-11-26 18:58:57.560806144,s2-eth2,92.13695526123047,7.863044738769531
2025-11-26 18:58:57.560965888,s3-eth2,92.09563446044922,7.904365539550781
2025-11-26 18:58:58.561507072,s1-eth1,92.1838150024414,7.816184997558594
2025-11-26 18:58:58.561538816,s2-eth2,92.40042114257812,7.599578857421875
2025-11-26 18:58:58.561587200,s3-eth2,92.2428207397461,7.757179260253906
2025-11-26 18:58:59.561952000,s1-eth1,92.16455078125,7.83544921875
2025-11-26 18:58:59.561990912,s2-eth2,92.82496643066406,7.1750335693359375
2025-11-26 18:58:59.562052096,s3-eth2,163.35604858398438,-63.356048583984375
2025-11-26 18:59:00.562491904,s1-eth1,92.23719024658203,7.762809753417969
2025-11-26 18:59:00.562544128,s2-eth2,94.99927520751953,5.000724792480469
2025-11-26 18:59:00.562685952,s3-eth2,92.26033020019531,7.7396697998046875
2025-11-26 18:59:01.563648000,s1-eth1,92.2172622680664,7.782737731933594
2025-11-26 18:59:01.563767808,s2-eth2,110.51628875732422,-10.516288757324219
2025-11-26 18:59:01.563961088,s3-eth2,92.24845123291016,7.751548767089844
2025-11-26 18:59:02.564614912,s1-eth1,92.37982177734375,7.62017822265625
2025-11-26 18:59:02.564680960,s2-eth2,131.30398559570312,-31.303985595703125
2025-11-26 18:59:02.564762112,s3-eth2,92.03732299804688,7.962677001953125
2025-11-26 18:59:03.565730048,s1-eth1,92.17017364501953,7.829826354980469
2025-11-26 18:59:03.565859072,s2-eth2,92.27737426757812,7.722625732421875
2025-11-26 18:59:03.566029056,s3-eth2,92.22569274902344,7.7743072509765625
2025-11-26 18:59:04.567009024,s1-eth1,92.4893798828125,7.5106201171875
2025-11-26 18:59:04.567140096,s2-eth2,92.11680603027344,7.8831939697265625
2025-11-26 18:59:04.567308800,s3-eth2,92.61287689208984,7.387123107910156
2025-11-26 18:59:05.568260864,s1-eth1,93.22928619384766,6.770713806152344
2025-11-26 18:59:05.568393984,s2-eth2,92.39305114746094,7.6069488525390625
2025-11-26 18:59:05.568561152,s3-eth2,92.69369506835938,7.306304931640625
2025-11-26 18:59:06.569524992,s1-eth1,93.07718658447266,6.922813415527344
2025-11-26 18:59:06.569658112,s2-eth2,82.23109436035156,17.768905639648438
2025-11-26 18:59:06.569825792,s3-eth2,92.61741638183594,7.3825836181640625
2025-11-26 18:59:07.570801920,s1-eth1,92.83863830566406,7.1613616943359375
2025-11-26 18:59:07.570950912,s2-eth2,77.64972686767578,22.35027313232422
2025-11-26 18:59:07.571139072,s3-eth2,92.71976470947266,7.280235290527344
2025-11-26 18:59:08.572261120,s1-eth1,92.88105773925781,7.1189422607421875
2025-11-26 18:59:08.572406016,s2-eth2,90.59100341796875,9.40899658203125
2025-11-26 18:59:08.572581120,s3-eth2,93.20018005371094,6.7998199462890625
2025-11-26 18:59:09.573517056,s1-eth1,76.40741729736328,23.59258270263672
2025-11-26 18:59:09.573646080,s2-eth2,113.70467376708984,-13.704673767089844
2025-11-26 18:59:09.573812992,s3-eth2,93.54744720458984,6.452552795410156
2025-11-26 18:59:10.574435072,s1-eth1,92.25785827636719,7.7421417236328125
2025-11-26 18:59:10.574479104,s2-eth2,107.19876861572266,-7.198768615722656
2025-11-26 18:59:10.574541056,s3-eth2,92.3720932006836,7.627906799316406
2025-11-26 18:59:11.575324160,s1-eth1,92.54601287841797,7.453987121582031
2025-11-26 18:59:11.575453952,s2-eth2,94.23185729980469,5.7681427001953125
2025-11-26 18:59:11.575627008,s3-eth2,92.36808013916016,7.631919860839844
2025-11-26 18:59:12.576577792,s1-eth1,94.22095489501953,5.779045104980469
2025-11-26 18:59:12.576706816,s2-eth2,92.29306030273438,7.706939697265625
2025-11-26 18:59:12.576870912,s3-eth2,92.2754898071289,7.724510192871094
2025-11-26 18:59:13.577918976,s1-eth1,94.63432312011719,5.3656768798828125
2025-11-26 18:59:13.578051072,s2-eth2,92.3027114868164,7.697288513183594
2025-11-26 18:59:13.578231040,s3-eth2,92.28254699707031,7.7174530029296875
2025-11-26 18:59:14.578868992,s1-eth1,95.49684143066406,4.5031585693359375
2025-11-26 18:59:14.578941184,s2-eth2,92.9873046875,7.0126953125
2025-11-26 18:59:14.579025152,s3-eth2,92.28480529785156,7.7151947021484375
2025-11-26 18:59:15.579392000,s1-eth1,95.82955169677734,4.170448303222656
2025-11-26 18:59:15.579433984,s2-eth2,92.76148223876953,7.238517761230469
2025-11-26 18:59:15.579479040,s3-eth2,92.32453155517578,7.675468444824219
2025-11-26 18:59:16.579858944,s1-eth1,96.05087280273438,3.949127197265625
2025-11-26 18:59:16.579904000,s2-eth2,93.80259704589844,6.1974029541015625
2025-11-26 18:59:16.579963904,s3-eth2,92.900146484375,7.099853515625
2025-11-26 18:59:17.580385024,s1-eth1,97.49300384521484,2.5069961547851562
2025-11-26 18:59:17.580441088,s2-eth2,93.73805236816406,6.2619476318359375
2025-11-26 18:59:17.580514816,s3-eth2,92.74266052246094,7.2573394775390625
2025-11-26 18:59:18.581385984,s1-eth1,98.59674835205078,1.4032516479492188
2025-11-26 18:59:18.581518848,s2-eth2,93.82762145996094,6.1723785400390625
2025-11-26 18:59:18.581688832,s3-eth2,93.1076889038086,6.892311096191406
2025-11-26 18:59:19.582616064,s1-eth1,99.35873413085938,0.641265869140625
2025-11-26 18:59:19.582745088,s2-eth2,94.732666015625,5.267333984375
2025-11-26 18:59:19.582932992,s3-eth2,92.81536102294922,7.184638977050781
2025-11-26 18:59:20.583867136,s1-eth1,100.42765045166016,-0.42765045166015625
2025-11-26 18:59:20.583997952,s2-eth2,94.43800354003906,5.5619964599609375
2025-11-26 18:59:20.584184832,s3-eth2,93.0109634399414,6.989036560058594
2025-11-26 18:59:21.585128192,s1-eth1,108.14730072021484,-8.147300720214844
2025-11-26 18:59:21.585273088,s2-eth2,96.50513458251953,3.4948654174804688
2025-11-26 18:59:21.585447168,s3-eth2,84.58055114746094,15.419448852539062
2025-11-26 18:59:22.586401024,s1-eth1,110.13561248779297,-10.135612487792969
2025-11-26 18:59:22.586530816,s2-eth2,99.58716583251953,0.41283416748046875
2025-11-26 18:59:22.586704896,s3-eth2,78.99533081054688,21.004669189453125
2025-11-26 18:59:23.587721216,s1-eth1,138.762939453125,-38.762939453125
2025-11-26 18:59:23.587855104,s2-eth2,111.55321502685547,-11.553215026855469
2025-11-26 18:59:23.588030976,s3-eth2,81.0213394165039,18.978660583496094
2025-11-26 18:59:24.588655104,s1-eth1,115.53105926513672,-15.531059265136719
2025-11-26 18:59:24.588702976,s2-eth2,174.87423706054688,-74.87423706054688
2025-11-26 18:59:24.588769024,s3-eth2,159.5321502685547,-59.53215026855469
2025-11-26 18:59:25.589415936,s1-eth1,115.1614761352539,-15.161476135253906
2025-11-26 18:59:25.589492992,s2-eth2,111.48709869384766,-11.487098693847656
2025-11-26 18:59:25.589616128,s3-eth2,98.84745788574219,1.1525421142578125
2025-11-26 18:59:26.590547200,s1-eth1,122.47290802001953,-22.47290802001953
2025-11-26 18:59:26.590686976,s2-eth2,115.49197387695312,-15.491973876953125
2025-11-26 18:59:26.590888960,s3-eth2,107.32936096191406,-7.3293609619140625
2025-11-26 18:59:27.591870976,s1-eth1,110.13552856445312,-10.135528564453125
2025-11-26 18:59:27.591988992,s2-eth2,105.16857147216797,-5.168571472167969
2025-11-26 18:59:27.592165120,s3-eth2,104.80307006835938,-4.803070068359375
2025-11-26 18:59:28.593276928,s1-eth1,111.60455322265625,-11.60455322265625
2025-11-26 18:59:28.593394944,s2-eth2,103.75982666015625,-3.75982666015625
2025-11-26 18:59:28.593569024,s3-eth2,101.97723388671875,-1.97723388671875
2025-11-26 18:59:29.594531072,s1-eth1,99.39278411865234,0.6072158813476562
2025-11-26 18:59:29.594649088,s2-eth2,92.10244750976562,7.897552490234375
2025-11-26 18:59:29.594824960,s3-eth2,90.51253509521484,9.487464904785156
2025-11-26 18:59:30.595768832,s1-eth1,103.592529296875,-3.592529296875
2025-11-26 18:59:30.595887872,s2-eth2,92.01254272460938,7.987457275390625
2025-11-26 18:59:30.596064000,s3-eth2,89.50406646728516,10.495933532714844
2025-11-26 18:59:31.596973824,s1-eth1,92.18057250976562,7.819427490234375
2025-11-26 18:59:31.597091840,s2-eth2,92.10126495361328,7.898735046386719
2025-11-26 18:59:31.597282048,s3-eth2,90.30320739746094,9.696792602539062
2025-11-26 18:59:32.598176000,s1-eth1,92.300537109375,7.699462890625
2025-11-26 18:59:32.598292224,s2-eth2,92.2954330444336,7.704566955566406
2025-11-26 18:59:32.598472960,s3-eth2,90.10203552246094,9.897964477539062
2025-11-26 18:59:33.599560960,s1-eth1,92.31027221679688,7.689727783203125
2025-11-26 18:59:33.599697152,s2-eth2,92.31027221679688,7.689727783203125
2025-11-26 18:59:33.599862016,s3-eth2,88.09537506103516,11.904624938964844
2025-11-26 18:59:34.600771072,s1-eth1,92.3148193359375,7.6851806640625
2025-11-26 18:59:34.600909056,s2-eth2,92.3148193359375,7.6851806640625
2025-11-26 18:59:34.601076992,s3-eth2,87.69404602050781,12.305953979492188
2025-11-26 18:59:35.601660928,s1-eth1,92.41481018066406,7.5851898193359375
2025-11-26 18:59:35.601707008,s2-eth2,92.41531372070312,7.584686279296875
2025-11-26 18:59:35.601769984,s3-eth2,86.27574157714844,13.724258422851562
2025-11-26 18:59:36.602202880,s1-eth1,92.50111389160156,7.4988861083984375
2025-11-26 18:59:36.602260224,s2-eth2,92.55238342285156,7.4476165771484375
2025-11-26 18:59:36.602338048,s3-eth2,84.71533203125,15.28466796875
2025-11-26 18:59:37.602888192,s1-eth1,92.67818450927734,7.321815490722656
2025-11-26 18:59:37.602962944,s2-eth2,92.64108276367188,7.358917236328125
2025-11-26 18:59:37.603063040,s3-eth2,82.70277404785156,17.297225952148438
2025-11-26 18:59:38.603667968,s1-eth1,92.8313980102539,7.168601989746094
2025-11-26 18:59:38.603714816,s2-eth2,92.8280258178711,7.171974182128906
2025-11-26 18:59:38.603777792,s3-eth2,80.24214172363281,19.757858276367188
2025-11-26 18:59:39.604301056,s1-eth1,93.27328491210938,6.726715087890625
2025-11-26 18:59:39.604427008,s2-eth2,92.9302749633789,7.069725036621094
2025-11-26 18:59:39.604590848,s3-eth2,76.75407409667969,23.245925903320312
2025-11-26 18:59:40.605257984,s1-eth1,93.50349426269531,6.4965057373046875
2025-11-26 18:59:40.605385984,s2-eth2,92.72306823730469,7.2769317626953125
2025-11-26 18:59:40.605568768,s3-eth2,81.09193420410156,18.908065795898438
2025-11-26 18:59:41.606157056,s1-eth1,93.3951644897461,6.604835510253906
2025-11-26 18:59:41.606211840,s2-eth2,92.50121307373047,7.498786926269531
2025-11-26 18:59:41.606273792,s3-eth2,88.09184265136719,11.908157348632812
2025-11-26 18:59:42.606684928,s1-eth1,95.01485443115234,4.985145568847656
2025-11-26 18:59:42.606738944,s2-eth2,94.01982879638672,5.980171203613281
2025-11-26 18:59:42.606800128,s3-eth2,86.68754577636719,13.312454223632812
2025-11-26 18:59:43.607222016,s1-eth1,95.87582397460938,4.124176025390625
2025-11-26 18:59:43.607269888,s2-eth2,94.72274780273438,5.277252197265625
2025-11-26 18:59:43.607331072,s3-eth2,85.07673645019531,14.923263549804688
2025-11-26 18:59:44.607750912,s1-eth1,96.64830017089844,3.3516998291015625
2025-11-26 18:59:44.607798016,s2-eth2,95.10350036621094,4.8964996337890625
2025-11-26 18:59:44.607860992,s3-eth2,82.93778991699219,17.062210083007812
2025-11-26 18:59:45.608477184,s1-eth1,97.68048095703125,2.31951904296875
2025-11-26 18:59:45.608524032,s2-eth2,95.53654479980469,4.4634552001953125
2025-11-26 18:59:45.608585984,s3-eth2,80.24214172363281,19.757858276367188
2025-11-26 18:59:46.609366016,s1-eth1,97.40226745605469,2.5977325439453125
2025-11-26 18:59:46.609494016,s2-eth2,94.24903869628906,5.7509613037109375
2025-11-26 18:59:46.609662976,s3-eth2,79.69356536865234,20.306434631347656
2025-11-26 18:59:47.610327040,s1-eth1,101.50088500976562,-1.500885009765625
2025-11-26 18:59:47.610373888,s2-eth2,97.08847045898438,2.911529541015625
2025-11-26 18:59:47.610444032,s3-eth2,92.17454528808594,7.8254547119140625
2025-11-26 18:59:48.610920960,s1-eth1,101.77799224853516,-1.7779922485351562
2025-11-26 18:59:48.611060992,s2-eth2,95.82279205322266,4.177207946777344
2025-11-26 18:59:48.611227904,s3-eth2,92.00144958496094,7.9985504150390625
2025-11-26 18:59:49.611859200,s1-eth1,104.6646728515625,-4.6646728515625
2025-11-26 18:59:49.611912960,s2-eth2,96.71318054199219,3.2868194580078125
2025-11-26 18:59:49.611977216,s3-eth2,91.99993896484375,8.00006103515625
2025-11-26 18:59:50.612553984,s1-eth1,108.22433471679688,-8.224334716796875
2025-11-26 18:59:50.612683008,s2-eth2,98.00738525390625,1.99261474609375
2025-11-26 18:59:50.612848128,s3-eth2,91.89950561523438,8.100494384765625
2025-11-26 18:59:51.613455104,s1-eth1,109.84687805175781,-9.846878051757812
2025-11-26 18:59:51.613500160,s2-eth2,96.35122680664062,3.648773193359375
2025-11-26 18:59:51.613563904,s3-eth2,81.05171203613281,18.948287963867188
2025-11-26 18:59:52.614244096,s1-eth1,111.38697814941406,-11.386978149414062
2025-11-26 18:59:52.614365952,s2-eth2,101.80465698242188,-1.804656982421875
2025-11-26 18:59:52.614536960,s3-eth2,84.43983459472656,15.560165405273438
2025-11-26 18:59:53.615205120,s1-eth1,90.76914978027344,9.230850219726562
2025-11-26 18:59:53.615328000,s2-eth2,104.84760284423828,-4.847602844238281
2025-11-26 18:59:53.615500800,s3-eth2,83.46728515625,16.53271484375
2025-11-26 18:59:54.616099072,s1-eth1,94.59479522705078,5.405204772949219
2025-11-26 18:59:54.616142080,s2-eth2,95.02104949951172,4.978950500488281
2025-11-26 18:59:54.616215040,s3-eth2,81.78364562988281,18.216354370117188
2025-11-26 18:59:55.616745984,s1-eth1,92.21565246582031,7.7843475341796875
2025-11-26 18:59:55.616868864,s2-eth2,92.622314453125,7.377685546875
2025-11-26 18:59:55.617059840,s3-eth2,84.40753173828125,15.59246826171875
2025-11-26 18:59:56.617654016,s1-eth1,92.17764282226562,7.822357177734375
2025-11-26 18:59:56.617705216,s2-eth2,92.43484497070312,7.565155029296875
2025-11-26 18:59:56.617769984,s3-eth2,84.98773193359375,15.01226806640625
2025-11-26 18:59:57.618184192,s1-eth1,92.1685791015625,7.8314208984375
2025-11-26 18:59:57.618226944,s2-eth2,92.62434387207031,7.3756561279296875
2025-11-26 18:59:57.618290944,s3-eth2,85.17449951171875,14.82550048828125
2025-11-26 18:59:58.619200000,s1-eth1,138.3403778076172,-38.34037780761719
2025-11-26 18:59:58.619333120,s2-eth2,92.9787368774414,7.021263122558594
2025-11-26 18:59:58.619510016,s3-eth2,84.89336395263672,15.106636047363281
2025-11-26 18:59:59.620128000,s1-eth1,92.34808349609375,7.65191650390625
2025-11-26 18:59:59.620173824,s2-eth2,93.23155975341797,6.768440246582031
2025-11-26 18:59:59.620239104,s3-eth2,90.25972747802734,9.740272521972656
2025-11-26 19:00:00.620652800,s1-eth1,92.25297546386719,7.7470245361328125
2025-11-26 19:00:00.620697088,s2-eth2,93.21819305419922,6.781806945800781
2025-11-26 19:00:00.620763904,s3-eth2,92.2674560546875,7.7325439453125
2025-11-26 19:00:01.621541120,s1-eth1,92.25761413574219,7.7423858642578125
2025-11-26 19:00:01.621659136,s2-eth2,93.3277816772461,6.672218322753906
2025-11-26 19:00:01.621854976,s3-eth2,153.28619384765625,-53.28619384765625
2025-11-26 19:00:02.622461952,s1-eth1,92.37445831298828,7.625541687011719
2025-11-26 19:00:02.622507008,s2-eth2,94.28114318847656,5.7188568115234375
2025-11-26 19:00:02.622579200,s3-eth2,92.3531494140625,7.6468505859375
2025-11-26 19:00:03.623058176,s1-eth1,92.69024658203125,7.30975341796875
2025-11-26 19:00:03.623110912,s2-eth2,94.5450439453125,5.4549560546875
2025-11-26 19:00:03.623173888,s3-eth2,92.44781494140625,7.55218505859375
2025-11-26 19:00:04.623579136,s1-eth1,93.36865234375,6.63134765625
2025-11-26 19:00:04.623624192,s2-eth2,95.897705078125,4.102294921875
2025-11-26 19:00:04.623687936,s3-eth2,93.24908447265625,6.75091552734375
2025-11-26 19:00:05.624464128,s1-eth1,92.961181640625,7.038818359375
2025-11-26 19:00:05.624587008,s2-eth2,96.69689178466797,3.3031082153320312
2025-11-26 19:00:05.624761088,s3-eth2,93.02762603759766,6.972373962402344
2025-11-26 19:00:06.625742080,s1-eth1,94.289306640625,5.710693359375
2025-11-26 19:00:06.625867008,s2-eth2,98.5304183959961,1.4695816040039062
2025-11-26 19:00:06.626040832,s3-eth2,93.60014343261719,6.3998565673828125
2025-11-26 19:00:07.627019008,s1-eth1,82.20109558105469,17.798904418945312
2025-11-26 19:00:07.627148032,s2-eth2,145.0328826904297,-45.03288269042969
2025-11-26 19:00:07.627325952,s3-eth2,93.53192901611328,6.468070983886719
2025-11-26 19:00:08.628048896,s1-eth1,94.48247528076172,5.517524719238281
2025-11-26 19:00:08.628099072,s2-eth2,145.6858673095703,-45.68586730957031
2025-11-26 19:00:08.628175104,s3-eth2,93.3557357788086,6.644264221191406
2025-11-26 19:00:09.628585216,s1-eth1,94.97053527832031,5.0294647216796875
2025-11-26 19:00:09.628630016,s2-eth2,94.99134063720703,5.008659362792969
2025-11-26 19:00:09.628700928,s3-eth2,94.25538635253906,5.7446136474609375
2025-11-26 19:00:10.629111040,s1-eth1,96.60641479492188,3.393585205078125
2025-11-26 19:00:10.629164032,s2-eth2,96.59527587890625,3.40472412109375
2025-11-26 19:00:10.629227008,s3-eth2,95.33723449707031,4.6627655029296875
2025-11-26 19:00:11.629657088,s1-eth1,97.72776794433594,2.2722320556640625
2025-11-26 19:00:11.629702144,s2-eth2,97.85130310058594,2.1486968994140625
2025-11-26 19:00:11.629765120,s3-eth2,96.28079223632812,3.719207763671875
2025-11-26 19:00:12.630161920,s1-eth1,99.33355712890625,0.66644287109375
2025-11-26 19:00:12.630206976,s2-eth2,99.26051330566406,0.7394866943359375
2025-11-26 19:00:12.630268160,s3-eth2,98.19009399414062,1.809906005859375
2025-11-26 19:00:13.631303936,s1-eth1,103.96910858154297,-3.9691085815429688
2025-11-26 19:00:13.631435008,s2-eth2,103.9459228515625,-3.9459228515625
2025-11-26 19:00:13.631609088,s3-eth2,100.69503784179688,-0.695037841796875
2025-11-26 19:00:14.632542976,s1-eth1,108.99278259277344,-8.992782592773438
2025-11-26 19:00:14.632672000,s2-eth2,98.94320678710938,1.056793212890625
2025-11-26 19:00:14.632836096,s3-eth2,103.19477844238281,-3.1947784423828125
2025-11-26 19:00:15.633844992,s1-eth1,106.13370513916016,-6.133705139160156
2025-11-26 19:00:15.633976832,s2-eth2,85.81085968017578,14.189140319824219
2025-11-26 19:00:15.634167040,s3-eth2,102.86615753173828,-2.8661575317382812
2025-11-26 19:00:16.634789888,s1-eth1,121.01395416259766,-21.013954162597656
2025-11-26 19:00:16.634841088,s2-eth2,102.63763427734375,-2.63763427734375
2025-11-26 19:00:16.634903808,s3-eth2,105.1180419921875,-5.1180419921875
2025-11-26 19:00:17.635660800,s1-eth1,114.09310913085938,-14.093109130859375
2025-11-26 19:00:17.635782912,s2-eth2,114.14087677001953,-14.140876770019531
2025-11-26 19:00:17.635952896,s3-eth2,92.55430603027344,7.4456939697265625
2025-11-26 19:00:18.637022976,s1-eth1,97.54464721679688,2.455352783203125
2025-11-26 19:00:18.637146112,s2-eth2,96.2281494140625,3.7718505859375
2025-11-26 19:00:18.637319168,s3-eth2,92.4966049194336,7.503395080566406
2025-11-26 19:00:19.638302976,s1-eth1,92.90058898925781,7.0994110107421875
2025-11-26 19:00:19.638418944,s2-eth2,91.01183319091797,8.988166809082031
2025-11-26 19:00:19.638593792,s3-eth2,92.68252563476562,7.317474365234375
2025-11-26 19:00:20.639646976,s1-eth1,92.9609375,7.0390625
2025-11-26 19:00:20.639771904,s2-eth2,155.34071350097656,-55.34071350097656
2025-11-26 19:00:20.639945984,s3-eth2,154.00253295898438,-54.002532958984375
2025-11-26 19:00:21.640531968,s1-eth1,93.17927551269531,6.8207244873046875
2025-11-26 19:00:21.640566016,s2-eth2,91.25460815429688,8.745391845703125
2025-11-26 19:00:21.640625920,s3-eth2,88.27296447753906,11.727035522460938
2025-11-26 19:00:22.640952064,s1-eth1,93.23007202148438,6.769927978515625
2025-11-26 19:00:22.640992000,s2-eth2,90.33027648925781,9.669723510742188
2025-11-26 19:00:22.641043968,s3-eth2,86.76963806152344,13.230361938476562
2025-11-26 19:00:23.641383936,s1-eth1,97.90227508544922,2.0977249145507812
2025-11-26 19:00:23.641421056,s2-eth2,89.61589813232422,10.384101867675781
2025-11-26 19:00:23.641470976,s3-eth2,85.59939575195312,14.400604248046875
2025-11-26 19:00:24.641801984,s1-eth1,124.40286254882812,-24.402862548828125
2025-11-26 19:00:24.641836032,s2-eth2,88.52387237548828,11.476127624511719
2025-11-26 19:00:24.641885952,s3-eth2,83.49066162109375,16.50933837890625
2025-11-26 19:00:25.642235136,s1-eth1,106.46438598632812,-6.464385986328125
2025-11-26 19:00:25.642273792,s2-eth2,87.26666259765625,12.73333740234375
2025-11-26 19:00:25.642332160,s3-eth2,79.59434509277344,20.405654907226562
2025-11-26 19:00:26.642673920,s1-eth1,92.91393280029297,7.086067199707031
2025-11-26 19:00:26.642710016,s2-eth2,90.99252319335938,9.007476806640625
2025-11-26 19:00:26.642759936,s3-eth2,56.34660339355469,43.65339660644531
2025-11-26 19:00:27.643478016,s1-eth1,93.70361328125,6.29638671875
2025-11-26 19:00:27.643603968,s2-eth2,93.77285766601562,6.227142333984375
2025-11-26 19:00:27.643773184,s3-eth2,58.9451904296875,41.0548095703125
2025-11-26 19:00:28.644859136,s1-eth1,93.682373046875,6.317626953125
2025-11-26 19:00:28.644990976,s2-eth2,93.48969268798828,6.510307312011719
2025-11-26 19:00:28.645186816,s3-eth2,68.15083312988281,31.849166870117188
2025-11-26 19:00:29.646174976,s1-eth1,93.01942443847656,6.9805755615234375
2025-11-26 19:00:29.646321920,s2-eth2,93.03504180908203,6.964958190917969
2025-11-26 19:00:29.646490112,s3-eth2,75.25240325927734,24.747596740722656
2025-11-26 19:00:30.647432960,s1-eth1,92.54053497314453,7.459465026855469
2025-11-26 19:00:30.647566080,s2-eth2,92.45912170410156,7.5408782958984375
2025-11-26 19:00:30.647732992,s3-eth2,87.41448211669922,12.585517883300781
2025-11-26 19:00:31.648323072,s1-eth1,123.169189453125,-23.169189453125
2025-11-26 19:00:31.648369920,s2-eth2,92.57264709472656,7.4273529052734375
2025-11-26 19:00:31.648431104,s3-eth2,85.27197265625,14.72802734375
2025-11-26 19:00:32.649158912,s1-eth1,111.47808837890625,-11.47808837890625
2025-11-26 19:00:32.649286912,s2-eth2,92.46232604980469,7.5376739501953125
2025-11-26 19:00:32.649451008,s3-eth2,85.13125610351562,14.868743896484375
2025-11-26 19:00:33.650522112,s1-eth1,92.6611099243164,7.338890075683594
2025-11-26 19:00:33.650646016,s2-eth2,92.66987609863281,7.3301239013671875
2025-11-26 19:00:33.650813184,s3-eth2,83.5051040649414,16.494895935058594
2025-11-26 19:00:34.651772928,s1-eth1,92.73426055908203,7.265739440917969
2025-11-26 19:00:34.651895040,s2-eth2,92.71562194824219,7.2843780517578125
2025-11-26 19:00:34.652075008,s3-eth2,82.3853759765625,17.6146240234375
2025-11-26 19:00:35.652650240,s1-eth1,92.83299255371094,7.1670074462890625
2025-11-26 19:00:35.652695040,s2-eth2,92.83746337890625,7.16253662109375
2025-11-26 19:00:35.652762880,s3-eth2,79.32518005371094,20.674819946289062
2025-11-26 19:00:36.653142016,s1-eth1,92.43333435058594,7.5666656494140625
2025-11-26 19:00:36.653192960,s2-eth2,92.46745300292969,7.5325469970703125
2025-11-26 19:00:36.653254144,s3-eth2,87.25384521484375,12.74615478515625
2025-11-26 19:00:37.653636864,s1-eth1,92.2032241821289,7.796775817871094
2025-11-26 19:00:37.653678848,s2-eth2,92.20282745361328,7.797172546386719
2025-11-26 19:00:37.653737984,s3-eth2,92.20030212402344,7.7996978759765625
2025-11-26 19:00:38.654580224,s1-eth1,92.2008056640625,7.7991943359375
2025-11-26 19:00:38.654692864,s2-eth2,92.10919952392578,7.890800476074219
2025-11-26 19:00:38.654870016,s3-eth2,92.10919952392578,7.890800476074219
2025-11-26 19:00:39.655781120,s1-eth1,92.00887298583984,7.991127014160156
2025-11-26 19:00:39.655894016,s2-eth2,92.10869598388672,7.891304016113281
2025-11-26 19:00:39.656048128,s3-eth2,92.20852661132812,7.791473388671875
2025-11-26 19:00:40.656979968,s1-eth1,92.20903015136719,7.7909698486328125
2025-11-26 19:00:40.657094912,s2-eth2,92.20852661132812,7.791473388671875
2025-11-26 19:00:40.657252096,s3-eth2,92.10869598388672,7.891304016113281
2025-11-26 19:00:41.658163968,s1-eth1,92.10795593261719,7.8920440673828125
2025-11-26 19:00:41.658276096,s2-eth2,92.10919952392578,7.890800476074219
2025-11-26 19:00:41.658430976,s3-eth2,92.20903015136719,7.7909698486328125
2025-11-26 19:00:42.659360000,s1-eth1,92.20903015136719,7.7909698486328125
2025-11-26 19:00:42.659475200,s2-eth2,92.20852661132812,7.791473388671875
2025-11-26 19:00:42.659630080,s3-eth2,92.10869598388672,7.891304016113281
2025-11-26 19:00:43.660527872,s1-eth1,92.13077545166016,7.869224548339844
2025-11-26 19:00:43.660640000,s2-eth2,92.11973571777344,7.8802642822265625
2025-11-26 19:00:43.660794880,s3-eth2,92.1423110961914,7.857688903808594
2025-11-26 19:00:44.661686016,s1-eth1,92.20000457763672,7.799995422363281
2025-11-26 19:00:44.661799936,s2-eth2,92.14432525634766,7.855674743652344
2025-11-26 19:00:44.661956096,s3-eth2,92.19950866699219,7.8004913330078125
2025-11-26 19:00:45.662889984,s1-eth1,92.1463394165039,7.853660583496094
2025-11-26 19:00:45.663054848,s2-eth2,92.19098663330078,7.809013366699219
2025-11-26 19:00:45.663214080,s3-eth2,92.09065246582031,7.9093475341796875
2025-11-26 19:00:46.664144128,s1-eth1,92.14824676513672,7.851753234863281
2025-11-26 19:00:46.664268032,s2-eth2,92.10466766357422,7.895332336425781
2025-11-26 19:00:46.664429824,s3-eth2,92.20201873779297,7.797981262207031
2025-11-26 19:00:47.665385984,s1-eth1,92.14875030517578,7.851249694824219
2025-11-26 19:00:47.665501952,s2-eth2,92.21378326416016,7.786216735839844
2025-11-26 19:00:47.665689088,s3-eth2,92.14446258544922,7.855537414550781
2025-11-26 19:00:48.666785024,s1-eth1,92.14439392089844,7.8556060791015625
2025-11-26 19:00:48.666946816,s2-eth2,95.6899185180664,4.310081481933594
2025-11-26 19:00:48.667124992,s3-eth2,92.19900512695312,7.800994873046875
2025-11-26 19:00:49.668057088,s1-eth1,92.20690155029297,7.793098449707031
2025-11-26 19:00:49.668189952,s2-eth2,141.06011962890625,-41.06011962890625
2025-11-26 19:00:49.668366080,s3-eth2,91.81072235107422,8.189277648925781
2025-11-26 19:00:50.668963072,s1-eth1,92.3380355834961,7.661964416503906
2025-11-26 19:00:50.669004800,s2-eth2,92.36177825927734,7.638221740722656
2025-11-26 19:00:50.669067008,s3-eth2,92.19491577148438,7.805084228515625
2025-11-26 19:00:51.669469952,s1-eth1,92.51445007324219,7.4855499267578125
2025-11-26 19:00:51.669511936,s2-eth2,92.49520874023438,7.504791259765625
2025-11-26 19:00:51.669573120,s3-eth2,92.31089782714844,7.6891021728515625
2025-11-26 19:00:52.669961984,s1-eth1,93.61567687988281,6.3843231201171875
2025-11-26 19:00:52.670003968,s2-eth2,93.61215209960938,6.387847900390625
2025-11-26 19:00:52.670063872,s3-eth2,92.18289184570312,7.817108154296875
2025-11-26 19:00:53.670465024,s1-eth1,94.02197265625,5.97802734375
2025-11-26 19:00:53.670507008,s2-eth2,94.03103637695312,5.968963623046875
2025-11-26 19:00:53.670567936,s3-eth2,92.25726318359375,7.74273681640625
2025-11-26 19:00:54.671315968,s1-eth1,103.0966796875,-3.0966796875
2025-11-26 19:00:54.671435008,s2-eth2,103.10164642333984,-3.1016464233398438
2025-11-26 19:00:54.671600128,s3-eth2,92.0109634399414,7.989036560058594
2025-11-26 19:00:55.672209920,s1-eth1,106.75569152832031,-6.7556915283203125
2025-11-26 19:00:55.672254976,s2-eth2,106.71710968017578,-6.717109680175781
2025-11-26 19:00:55.672321024,s3-eth2,92.14649200439453,7.853507995605469
2025-11-26 19:00:56.673099008,s1-eth1,101.73094177246094,-1.7309417724609375
2025-11-26 19:00:56.673219072,s2-eth2,107.96727752685547,-7.967277526855469
2025-11-26 19:00:56.673404928,s3-eth2,92.24456787109375,7.75543212890625
2025-11-26 19:00:57.674348032,s1-eth1,85.39811706542969,14.601882934570312
2025-11-26 19:00:57.674489088,s2-eth2,101.17694854736328,-1.1769485473632812
2025-11-26 19:00:57.674658048,s3-eth2,92.25878143310547,7.741218566894531
2025-11-26 19:00:58.675781120,s1-eth1,92.21670532226562,7.783294677734375
2025-11-26 19:00:58.675920128,s2-eth2,92.55651092529297,7.443489074707031
2025-11-26 19:00:58.676083968,s3-eth2,92.64278411865234,7.357215881347656
2025-11-26 19:00:59.676669952,s1-eth1,93.28707885742188,6.712921142578125
2025-11-26 19:00:59.676715008,s2-eth2,93.19023895263672,6.809761047363281
2025-11-26 19:00:59.676777984,s3-eth2,93.16361236572266,6.836387634277344
2025-11-26 19:01:00.677531904,s1-eth1,93.84628295898438,6.153717041015625
2025-11-26 19:01:00.677654016,s2-eth2,93.63092803955078,6.369071960449219
2025-11-26 19:01:00.677819904,s3-eth2,93.53770446777344,6.4622955322265625
2025-11-26 19:01:01.678811904,s1-eth1,93.72817993164062,6.271820068359375
2025-11-26 19:01:01.679030016,s2-eth2,93.37376403808594,6.6262359619140625
2025-11-26 19:01:01.679256832,s3-eth2,79.70890045166016,20.291099548339844
2025-11-26 19:01:02.680308992,s1-eth1,94.36100769042969,5.6389923095703125
2025-11-26 19:01:02.680440064,s2-eth2,93.91986846923828,6.080131530761719
2025-11-26 19:01:02.680644096,s3-eth2,116.18087768554688,-16.180877685546875
2025-11-26 19:01:03.681360896,s1-eth1,127.11932373046875,-27.11932373046875
2025-11-26 19:01:03.681410048,s2-eth2,94.88081359863281,5.1191864013671875
2025-11-26 19:01:03.681485056,s3-eth2,118.73980712890625,-18.73980712890625
2025-11-26 19:01:04.682096128,s1-eth1,77.92459106445312,22.075408935546875
2025-11-26 19:01:04.682208000,s2-eth2,97.50382232666016,2.4961776733398438
2025-11-26 19:01:04.682345984,s3-eth2,112.70506286621094,-12.705062866210938
2025-11-26 19:01:05.682830080,s1-eth1,127.04463195800781,-27.044631958007812
2025-11-26 19:01:05.682877952,s2-eth2,147.72134399414062,-47.721343994140625
2025-11-26 19:01:05.682929152,s3-eth2,94.98664093017578,5.013359069824219
2025-11-26 19:01:06.683655936,s1-eth1,95.75926971435547,4.240730285644531
2025-11-26 19:01:06.683783168,s2-eth2,156.9053955078125,-56.9053955078125
2025-11-26 19:01:06.683947008,s3-eth2,95.78461456298828,4.215385437011719
2025-11-26 19:01:07.684932096,s1-eth1,98.0657730102539,1.9342269897460938
2025-11-26 19:01:07.685056000,s2-eth2,98.28250122070312,1.717498779296875
2025-11-26 19:01:07.685223936,s3-eth2,98.24427032470703,1.7557296752929688
2025-11-26 19:01:08.686209792,s1-eth1,100.08154296875,-0.08154296875
2025-11-26 19:01:08.686333952,s2-eth2,99.86531829833984,0.13468170166015625
2025-11-26 19:01:08.686500096,s3-eth2,99.75131225585938,0.248687744140625
2025-11-26 19:01:09.687474944,s1-eth1,101.05999755859375,-1.05999755859375
2025-11-26 19:01:09.687596032,s2-eth2,100.98274230957031,-0.9827423095703125
2025-11-26 19:01:09.687776000,s3-eth2,100.95492553710938,-0.954925537109375
2025-11-26 19:01:10.688376064,s1-eth1,104.45256042480469,-4.4525604248046875
2025-11-26 19:01:10.688429056,s2-eth2,104.45280456542969,-4.4528045654296875
2025-11-26 19:01:10.688492032,s3-eth2,104.29515075683594,-4.2951507568359375
2025-11-26 19:01:11.688870912,s1-eth1,106.43721008300781,-6.4372100830078125
2025-11-26 19:01:11.688905984,s2-eth2,106.43162536621094,-6.4316253662109375
2025-11-26 19:01:11.688952832,s3-eth2,106.31494140625,-6.31494140625
2025-11-26 19:01:12.689281024,s1-eth1,92.34143829345703,7.658561706542969
2025-11-26 19:01:12.689351936,s2-eth2,92.44795989990234,7.552040100097656
2025-11-26 19:01:12.689512960,s3-eth2,91.51802825927734,8.481971740722656
2025-11-26 19:01:13.690646784,s1-eth1,92.5279769897461,7.472023010253906
2025-11-26 19:01:13.690771200,s2-eth2,92.41761016845703,7.582389831542969
2025-11-26 19:01:13.690952960,s3-eth2,87.98095703125,12.01904296875
2025-11-26 19:01:14.691878144,s1-eth1,92.63587951660156,7.3641204833984375
2025-11-26 19:01:14.691997952,s2-eth2,92.74674987792969,7.2532501220703125
2025-11-26 19:01:14.692162048,s3-eth2,86.79344177246094,13.206558227539062
2025-11-26 19:01:15.693062144,s1-eth1,92.81726837158203,7.182731628417969
2025-11-26 19:01:15.693185024,s2-eth2,92.72645568847656,7.2735443115234375
2025-11-26 19:01:15.693350144,s3-eth2,85.50932312011719,14.490676879882812
2025-11-26 19:01:16.694307072,s1-eth1,92.68218994140625,7.31781005859375
2025-11-26 19:01:16.694437888,s2-eth2,93.03709411621094,6.9629058837890625
2025-11-26 19:01:16.694621952,s3-eth2,73.54253387451172,26.45746612548828
2025-11-26 19:01:17.695621888,s1-eth1,93.21699523925781,6.7830047607421875
2025-11-26 19:01:17.695772928,s2-eth2,93.4893798828125,6.5106201171875
2025-11-26 19:01:17.695945984,s3-eth2,74.00338745117188,25.996612548828125
2025-11-26 19:01:18.696495104,s1-eth1,93.27936553955078,6.720634460449219
2025-11-26 19:01:18.696537088,s2-eth2,93.3978271484375,6.6021728515625
2025-11-26 19:01:18.696584960,s3-eth2,75.29946899414062,24.700531005859375
2025-11-26 19:01:19.696903936,s1-eth1,93.78215789794922,6.217842102050781
2025-11-26 19:01:19.696939008,s2-eth2,93.48763275146484,6.512367248535156
2025-11-26 19:01:19.696986880,s3-eth2,83.2891845703125,16.7108154296875
2025-11-26 19:01:20.697719040,s1-eth1,136.5701446533203,-36.57014465332031
2025-11-26 19:01:20.697846784,s2-eth2,92.85884094238281,7.1411590576171875
2025-11-26 19:01:20.698018048,s3-eth2,86.3189926147461,13.681007385253906
2025-11-26 19:01:21.698676992,s1-eth1,94.5699462890625,5.4300537109375
2025-11-26 19:01:21.698742016,s2-eth2,92.66593933105469,7.3340606689453125
2025-11-26 19:01:21.698831104,s3-eth2,83.7728042602539,16.227195739746094
2025-11-26 19:01:22.699233024,s1-eth1,92.85013580322266,7.149864196777344
2025-11-26 19:01:22.699269120,s2-eth2,92.72645568847656,7.2735443115234375
2025-11-26 19:01:22.699322880,s3-eth2,79.37108612060547,20.62891387939453
2025-11-26 19:01:23.699721984,s1-eth1,92.89833068847656,7.1016693115234375
2025-11-26 19:01:23.699785984,s2-eth2,92.67102813720703,7.328971862792969
2025-11-26 19:01:23.699862016,s3-eth2,82.31190490722656,17.688095092773438
2025-11-26 19:01:24.700457216,s1-eth1,92.76864624023438,7.231353759765625
2025-11-26 19:01:24.700558848,s2-eth2,92.36743927001953,7.632560729980469
2025-11-26 19:01:24.700681984,s3-eth2,91.49501037597656,8.504989624023438
2025-11-26 19:01:25.701515008,s1-eth1,92.24256896972656,7.7574310302734375
2025-11-26 19:01:25.701633024,s2-eth2,92.21415710449219,7.7858428955078125
2025-11-26 19:01:25.701804032,s3-eth2,91.3140869140625,8.6859130859375
2025-11-26 19:01:26.702770944,s1-eth1,92.20838165283203,7.791618347167969
2025-11-26 19:01:26.702907136,s2-eth2,92.10523986816406,7.8947601318359375
2025-11-26 19:01:26.703079936,s3-eth2,91.7083740234375,8.2916259765625
2025-11-26 19:01:27.704062976,s1-eth1,92.26602935791016,7.733970642089844
2025-11-26 19:01:27.704188160,s2-eth2,149.3857421875,-49.3857421875
2025-11-26 19:01:27.704364032,s3-eth2,148.44703674316406,-48.44703674316406
2025-11-26 19:01:28.705495040,s1-eth1,92.30168151855469,7.6983184814453125
2025-11-26 19:01:28.705614080,s2-eth2,90.86884307861328,9.131156921386719
2025-11-26 19:01:28.705786880,s3-eth2,89.51524353027344,10.484756469726562
2025-11-26 19:01:29.706723072,s1-eth1,92.33757781982422,7.662422180175781
2025-11-26 19:01:29.706838016,s2-eth2,89.5616226196289,10.438377380371094
2025-11-26 19:01:29.707115008,s3-eth2,88.74079132080078,11.259208679199219
2025-11-26 19:01:30.708013056,s1-eth1,92.62205505371094,7.3779449462890625
2025-11-26 19:01:30.708126976,s2-eth2,88.15129089355469,11.848709106445312
2025-11-26 19:01:30.708311040,s3-eth2,84.669921875,15.330078125
2025-11-26 19:01:31.709223936,s1-eth1,92.45940399169922,7.540596008300781
2025-11-26 19:01:31.709358080,s2-eth2,88.66880798339844,11.331192016601562
2025-11-26 19:01:31.709531136,s3-eth2,86.50884246826172,13.491157531738281
2025-11-26 19:01:32.710444800,s1-eth1,92.94151306152344,7.0584869384765625
2025-11-26 19:01:32.710560000,s2-eth2,80.7861557006836,19.213844299316406
2025-11-26 19:01:32.710735104,s3-eth2,75.9506607055664,24.049339294433594
2025-11-26 19:01:33.711847168,s1-eth1,92.0450439453125,7.9549560546875
2025-11-26 19:01:33.711962112,s2-eth2,85.46656799316406,14.533432006835938
2025-11-26 19:01:33.712136960,s3-eth2,82.337890625,17.662109375
2025-11-26 19:01:34.713064960,s1-eth1,92.42658996582031,7.5734100341796875
2025-11-26 19:01:34.713180160,s2-eth2,85.88826751708984,14.111732482910156
2025-11-26 19:01:34.713353984,s3-eth2,84.20352172851562,15.796478271484375
2025-11-26 19:01:35.714267136,s1-eth1,92.57772827148438,7.422271728515625
2025-11-26 19:01:35.714381056,s2-eth2,85.63555908203125,14.36444091796875
2025-11-26 19:01:35.714553088,s3-eth2,82.28461456298828,17.71538543701172
2025-11-26 19:01:36.715501056,s1-eth1,92.54331970214844,7.4566802978515625
2025-11-26 19:01:36.715617024,s2-eth2,85.31867218017578,14.681327819824219
2025-11-26 19:01:36.715794176,s3-eth2,83.65248107910156,16.347518920898438
2025-11-26 19:01:37.716766976,s1-eth1,92.65167999267578,7.348320007324219
2025-11-26 19:01:37.716881920,s2-eth2,86.0849838256836,13.915016174316406
2025-11-26 19:01:37.717058048,s3-eth2,82.59707641601562,17.402923583984375
2025-11-26 19:01:38.718106880,s1-eth1,92.42488861083984,7.575111389160156
2025-11-26 19:01:38.718221824,s2-eth2,92.39717102050781,7.6028289794921875
2025-11-26 19:01:38.718408960,s3-eth2,90.6331558227539,9.366844177246094
2025-11-26 19:01:39.719571968,s1-eth1,92.30780029296875,7.69219970703125
2025-11-26 19:01:39.719689984,s2-eth2,92.30181884765625,7.69818115234375
2025-11-26 19:01:39.719877888,s3-eth2,88.80488586425781,11.195114135742188
2025-11-26 19:01:40.720470784,s1-eth1,92.25707244873047,7.742927551269531
2025-11-26 19:01:40.720521984,s2-eth2,92.25521850585938,7.744781494140625
2025-11-26 19:01:40.720583936,s3-eth2,90.39552307128906,9.604476928710938
2025-11-26 19:01:41.721299968,s1-eth1,92.31108856201172,7.688911437988281
2025-11-26 19:01:41.721415168,s2-eth2,92.26434326171875,7.73565673828125
2025-11-26 19:01:41.721574912,s3-eth2,89.591552734375,10.408447265625
2025-11-26 19:01:42.722465024,s1-eth1,92.2559585571289,7.744041442871094
2025-11-26 19:01:42.722583040,s2-eth2,92.2966537475586,7.703346252441406
2025-11-26 19:01:42.722748160,s3-eth2,88.7992172241211,11.200782775878906
2025-11-26 19:01:43.723758848,s1-eth1,92.24272918701172,7.757270812988281
2025-11-26 19:01:43.723879168,s2-eth2,92.24101257324219,7.7589874267578125
2025-11-26 19:01:43.724043008,s3-eth2,89.70235443115234,10.297645568847656
2025-11-26 19:01:44.724929024,s1-eth1,92.38569641113281,7.6143035888671875
2025-11-26 19:01:44.725047040,s2-eth2,92.38468170166016,7.615318298339844
2025-11-26 19:01:44.725210880,s3-eth2,86.29139709472656,13.708602905273438
2025-11-26 19:01:45.726155008,s1-eth1,92.63575744628906,7.3642425537109375
2025-11-26 19:01:45.726278912,s2-eth2,92.2930908203125,7.7069091796875
2025-11-26 19:01:45.726445824,s3-eth2,88.29705047607422,11.702949523925781
2025-11-26 19:01:46.727094016,s1-eth1,92.6592788696289,7.340721130371094
2025-11-26 19:01:46.727154944,s2-eth2,92.42523956298828,7.574760437011719
2025-11-26 19:01:46.727240960,s3-eth2,87.78274536132812,12.217254638671875
2025-11-26 19:01:47.728020992,s1-eth1,93.34481811523438,6.655181884765625
2025-11-26 19:01:47.728142080,s2-eth2,155.62127685546875,-55.62127685546875
2025-11-26 19:01:47.728331008,s3-eth2,85.37202453613281,14.627975463867188
2025-11-26 19:01:48.729443072,s1-eth1,92.79640197753906,7.2035980224609375
2025-11-26 19:01:48.729566976,s2-eth2,92.2997055053711,7.700294494628906
2025-11-26 19:01:48.729746944,s3-eth2,92.24791717529297,7.752082824707031
2025-11-26 19:01:49.730664960,s1-eth1,93.41818237304688,6.581817626953125
2025-11-26 19:01:49.730806016,s2-eth2,92.2968521118164,7.703147888183594
2025-11-26 19:01:49.730987008,s3-eth2,92.21286010742188,7.787139892578125
2025-11-26 19:01:50.731589120,s1-eth1,93.58512115478516,6.414878845214844
2025-11-26 19:01:50.731633920,s2-eth2,92.66558074951172,7.334419250488281
2025-11-26 19:01:50.731691008,s3-eth2,92.35470581054688,7.645294189453125
2025-11-26 19:01:51.732450048,s1-eth1,93.98532104492188,6.014678955078125
2025-11-26 19:01:51.732572160,s2-eth2,93.22164916992188,6.778350830078125
2025-11-26 19:01:51.732739072,s3-eth2,92.7040786743164,7.295921325683594
2025-11-26 19:01:52.733664000,s1-eth1,95.95164489746094,4.0483551025390625
2025-11-26 19:01:52.733787136,s2-eth2,93.21373748779297,6.786262512207031
2025-11-26 19:01:52.733952000,s3-eth2,92.53693389892578,7.463066101074219
2025-11-26 19:01:53.734999808,s1-eth1,100.30896759033203,-0.30896759033203125
2025-11-26 19:01:53.735122944,s2-eth2,94.06803131103516,5.931968688964844
2025-11-26 19:01:53.735287808,s3-eth2,92.63764953613281,7.3623504638671875
2025-11-26 19:01:54.736224000,s1-eth1,102.1229019165039,-2.1229019165039062
2025-11-26 19:01:54.736346880,s2-eth2,93.3028793334961,6.697120666503906
2025-11-26 19:01:54.736513024,s3-eth2,92.57539367675781,7.4246063232421875
2025-11-26 19:01:55.737436160,s1-eth1,105.06189727783203,-5.061897277832031
2025-11-26 19:01:55.737560064,s2-eth2,93.29012298583984,6.709877014160156
2025-11-26 19:01:55.737724928,s3-eth2,92.3694839477539,7.630516052246094
2025-11-26 19:01:56.738637056,s1-eth1,119.84521484375,-19.84521484375
2025-11-26 19:01:56.738758144,s2-eth2,94.63986206054688,5.360137939453125
2025-11-26 19:01:56.738953216,s3-eth2,92.46294403076172,7.537055969238281
2025-11-26 19:01:57.739835904,s1-eth1,95.61799621582031,4.3820037841796875
2025-11-26 19:01:57.739970816,s2-eth2,93.92996978759766,6.070030212402344
2025-11-26 19:01:57.740134912,s3-eth2,92.40278625488281,7.5972137451171875
2025-11-26 19:01:58.740812032,s1-eth1,106.38092041015625,-6.38092041015625
2025-11-26 19:01:58.740866816,s2-eth2,94.28731536865234,5.712684631347656
2025-11-26 19:01:58.740931072,s3-eth2,92.42109680175781,7.5789031982421875
2025-11-26 19:01:59.741687040,s1-eth1,115.99596405029297,-15.995964050292969
2025-11-26 19:01:59.741815040,s2-eth2,97.80863952636719,2.1913604736328125
2025-11-26 19:01:59.741982976,s3-eth2,142.508544921875,-42.508544921875
2025-11-26 19:02:00.742580992,s1-eth1,95.86029815673828,4.139701843261719
2025-11-26 19:02:00.742624000,s2-eth2,95.91345977783203,4.086540222167969
2025-11-26 19:02:00.742685952,s3-eth2,92.32311248779297,7.676887512207031
2025-11-26 19:02:01.743456000,s1-eth1,94.84375762939453,5.156242370605469
2025-11-26 19:02:01.743572992,s2-eth2,101.54381561279297,-1.5438156127929688
2025-11-26 19:02:01.743740928,s3-eth2,92.53857421875,7.46142578125
2025-11-26 19:02:02.744695808,s1-eth1,93.65811157226562,6.341888427734375
2025-11-26 19:02:02.744820992,s2-eth2,103.95746612548828,-3.9574661254882812
2025-11-26 19:02:02.744993024,s3-eth2,92.7396469116211,7.260353088378906
2025-11-26 19:02:03.746063104,s1-eth1,105.89351654052734,-5.893516540527344
2025-11-26 19:02:03.746190080,s2-eth2,107.4305648803711,-7.430564880371094
2025-11-26 19:02:03.746376960,s3-eth2,92.5926284790039,7.407371520996094
2025-11-26 19:02:04.747320832,s1-eth1,104.23417663574219,-4.2341766357421875
2025-11-26 19:02:04.747450112,s2-eth2,116.44280242919922,-16.44280242919922
2025-11-26 19:02:04.747639040,s3-eth2,92.81329345703125,7.18670654296875
2025-11-26 19:02:05.748595968,s1-eth1,94.35646057128906,5.6435394287109375
2025-11-26 19:02:05.748748032,s2-eth2,137.70556640625,-37.70556640625
2025-11-26 19:02:05.748923136,s3-eth2,93.12588500976562,6.874114990234375
2025-11-26 19:02:06.749868032,s1-eth1,94.30821990966797,5.691780090332031
2025-11-26 19:02:06.749996032,s2-eth2,94.59283447265625,5.40716552734375
2025-11-26 19:02:06.750170112,s3-eth2,93.38261413574219,6.6173858642578125
2025-11-26 19:02:07.751128832,s1-eth1,94.52556610107422,5.474433898925781
2025-11-26 19:02:07.751257856,s2-eth2,94.6286392211914,5.371360778808594
2025-11-26 19:02:07.751431936,s3-eth2,93.1295166015625,6.8704833984375
2025-11-26 19:02:08.752132864,s1-eth1,93.7030258178711,6.296974182128906
2025-11-26 19:02:08.752177920,s2-eth2,94.27926635742188,5.720733642578125
2025-11-26 19:02:08.752239872,s3-eth2,86.60871887207031,13.391281127929688
2025-11-26 19:02:09.753057024,s1-eth1,94.76335906982422,5.236640930175781
2025-11-26 19:02:09.753184000,s2-eth2,94.62376403808594,5.3762359619140625
2025-11-26 19:02:09.753374976,s3-eth2,90.97348022460938,9.026519775390625
2025-11-26 19:02:10.754309888,s1-eth1,95.33379364013672,4.666206359863281
2025-11-26 19:02:10.754456064,s2-eth2,95.34725189208984,4.652748107910156
2025-11-26 19:02:10.754625024,s3-eth2,91.47769165039062,8.522308349609375
2025-11-26 19:02:11.755590912,s1-eth1,95.19254302978516,4.807456970214844
2025-11-26 19:02:11.755723008,s2-eth2,95.39594268798828,4.604057312011719
2025-11-26 19:02:11.755889920,s3-eth2,90.60260772705078,9.397392272949219
2025-11-26 19:02:12.756845824,s1-eth1,98.1279067993164,1.8720932006835938
2025-11-26 19:02:12.756978944,s2-eth2,98.09041595458984,1.9095840454101562
2025-11-26 19:02:12.757147136,s3-eth2,88.80072784423828,11.199272155761719
2025-11-26 19:02:13.758269952,s1-eth1,97.97502899169922,2.0249710083007812
2025-11-26 19:02:13.758401024,s2-eth2,98.10035705566406,1.8996429443359375
2025-11-26 19:02:13.758573056,s3-eth2,86.10560607910156,13.894393920898438
2025-11-26 19:02:14.759538944,s1-eth1,99.9865951538086,0.01340484619140625
2025-11-26 19:02:14.759668992,s2-eth2,118.7603759765625,-18.7603759765625
2025-11-26 19:02:14.759845120,s3-eth2,81.95047760009766,18.049522399902344
2025-11-26 19:02:15.760508160,s1-eth1,123.5444107055664,-23.544410705566406
2025-11-26 19:02:15.760556032,s2-eth2,113.99188232421875,-13.99188232421875
2025-11-26 19:02:15.760628992,s3-eth2,78.70066833496094,21.299331665039062
2025-11-26 19:02:16.761025024,s1-eth1,138.71978759765625,-38.71978759765625
2025-11-26 19:02:16.761080064,s2-eth2,122.21346282958984,-22.213462829589844
2025-11-26 19:02:16.761145088,s3-eth2,89.40511322021484,10.594886779785156
2025-11-26 19:02:17.761889024,s1-eth1,122.86678314208984,-22.866783142089844
2025-11-26 19:02:17.762017024,s2-eth2,117.88690185546875,-17.88690185546875
2025-11-26 19:02:17.762191104,s3-eth2,88.10050201416016,11.899497985839844
2025-11-26 19:02:18.763143168,s1-eth1,86.02459716796875,13.97540283203125
2025-11-26 19:02:18.763273984,s2-eth2,100.59426879882812,-0.594268798828125
2025-11-26 19:02:18.763438080,s3-eth2,78.03317260742188,21.966827392578125
2025-11-26 19:02:19.764358144,s1-eth1,91.86686706542969,8.133132934570312
2025-11-26 19:02:19.764488960,s2-eth2,92.99800109863281,7.0019989013671875
2025-11-26 19:02:19.764655104,s3-eth2,74.95806884765625,25.04193115234375
2025-11-26 19:02:20.765566976,s1-eth1,91.99754333496094,8.002456665039062
2025-11-26 19:02:20.765693952,s2-eth2,92.7103500366211,7.289649963378906
2025-11-26 19:02:20.765875200,s3-eth2,81.6721420288086,18.327857971191406
2025-11-26 19:02:21.766767872,s1-eth1,92.69506072998047,7.304939270019531
2025-11-26 19:02:21.766920192,s2-eth2,92.66697692871094,7.3330230712890625
2025-11-26 19:02:21.767087104,s3-eth2,82.2062759399414,17.793724060058594
2025-11-26 19:02:22.768009984,s1-eth1,92.93787384033203,7.062126159667969
2025-11-26 19:02:22.768156928,s2-eth2,92.72822570800781,7.2717742919921875
2025-11-26 19:02:22.768323072,s3-eth2,81.5811996459961,18.418800354003906
2025-11-26 19:02:23.769527040,s1-eth1,92.9993667602539,7.000633239746094
2025-11-26 19:02:23.769658112,s2-eth2,92.68557739257812,7.314422607421875
2025-11-26 19:02:23.769822976,s3-eth2,81.61580657958984,18.384193420410156
2025-11-26 19:02:24.770746112,s1-eth1,92.90238189697266,7.097618103027344
2025-11-26 19:02:24.770898176,s2-eth2,91.67820739746094,8.321792602539062
2025-11-26 19:02:24.771065088,s3-eth2,80.84375,19.15625
2025-11-26 19:02:25.772006912,s1-eth1,93.00312805175781,6.9968719482421875
2025-11-26 19:02:25.772139008,s2-eth2,86.26555633544922,13.734443664550781
2025-11-26 19:02:25.772304896,s3-eth2,76.27574920654297,23.72425079345703
2025-11-26 19:02:26.773235968,s1-eth1,92.84806060791016,7.151939392089844
2025-11-26 19:02:26.773366016,s2-eth2,84.45687866210938,15.543121337890625
2025-11-26 19:02:26.773531904,s3-eth2,78.0300521850586,21.969947814941406
2025-11-26 19:02:27.774475008,s1-eth1,92.85520935058594,7.1447906494140625
2025-11-26 19:02:27.774606080,s2-eth2,82.78062438964844,17.219375610351562
2025-11-26 19:02:27.774789120,s3-eth2,78.3369369506836,21.663063049316406
2025-11-26 19:02:28.775813120,s1-eth1,92.75359344482422,7.246406555175781
2025-11-26 19:02:28.775962112,s2-eth2,80.29301452636719,19.706985473632812
2025-11-26 19:02:28.776129024,s3-eth2,80.2542953491211,19.745704650878906
2025-11-26 19:02:29.777021952,s1-eth1,92.74575805664062,7.254241943359375
2025-11-26 19:02:29.777165824,s2-eth2,77.91651916503906,22.083480834960938
2025-11-26 19:02:29.777331968,s3-eth2,77.91651916503906,22.083480834960938
2025-11-26 19:02:30.778289152,s1-eth1,92.7760238647461,7.223976135253906
2025-11-26 19:02:30.778411008,s2-eth2,76.56857299804688,23.431427001953125
2025-11-26 19:02:30.778579968,s3-eth2,76.83345031738281,23.166549682617188
2025-11-26 19:02:31.779527936,s1-eth1,93.43360900878906,6.5663909912109375
2025-11-26 19:02:31.779648000,s2-eth2,63.26417541503906,36.73582458496094
2025-11-26 19:02:31.779814912,s3-eth2,63.26417541503906,36.73582458496094
2025-11-26 19:02:32.780733952,s1-eth1,93.1309814453125,6.8690185546875
2025-11-26 19:02:32.780849920,s2-eth2,140.90768432617188,-40.907684326171875
2025-11-26 19:02:32.781022976,s3-eth2,76.26026153564453,23.73973846435547
2025-11-26 19:02:33.781943040,s1-eth1,92.21734619140625,7.78265380859375
2025-11-26 19:02:33.782062080,s2-eth2,92.80120849609375,7.19879150390625
2025-11-26 19:02:33.782233856,s3-eth2,92.22377014160156,7.7762298583984375
2025-11-26 19:02:34.783160832,s1-eth1,92.10869598388672,7.891304016113281
2025-11-26 19:02:34.783273984,s2-eth2,92.20852661132812,7.791473388671875
2025-11-26 19:02:34.783431168,s3-eth2,92.10869598388672,7.891304016113281
2025-11-26 19:02:35.784015872,s1-eth1,92.30130004882812,7.698699951171875
2025-11-26 19:02:35.784059136,s2-eth2,92.20130920410156,7.7986907958984375
2025-11-26 19:02:35.784125952,s3-eth2,92.20130920410156,7.7986907958984375
2025-11-26 19:02:36.784836096,s1-eth1,92.20658874511719,7.7934112548828125
2025-11-26 19:02:36.784951040,s2-eth2,92.2008056640625,7.7991943359375
2025-11-26 19:02:36.785126912,s3-eth2,92.21299743652344,7.7870025634765625
2025-11-26 19:02:37.785681920,s1-eth1,93.96640014648438,6.033599853515625
2025-11-26 19:02:37.785720064,s2-eth2,92.32075500488281,7.6792449951171875
2025-11-26 19:02:37.785780992,s3-eth2,92.67103576660156,7.3289642333984375
2025-11-26 19:02:38.786487040,s1-eth1,126.84318542480469,-26.843185424804688
2025-11-26 19:02:38.786622976,s2-eth2,67.1734619140625,32.8265380859375
2025-11-26 19:02:38.786784768,s3-eth2,92.9240951538086,7.075904846191406
2025-11-26 19:02:39.787769088,s1-eth1,91.90755462646484,8.092445373535156
2025-11-26 19:02:39.787889920,s2-eth2,92.10904693603516,7.890953063964844
2025-11-26 19:02:39.788057088,s3-eth2,92.6478042602539,7.352195739746094
2025-11-26 19:02:40.788960000,s1-eth1,82.87396240234375,17.12603759765625
2025-11-26 19:02:40.789072896,s2-eth2,82.839599609375,17.160400390625
2025-11-26 19:02:40.789238016,s3-eth2,92.76720428466797,7.232795715332031
2025-11-26 19:02:41.790117120,s1-eth1,89.74785614013672,10.252143859863281
2025-11-26 19:02:41.790235136,s2-eth2,89.73075103759766,10.269248962402344
2025-11-26 19:02:41.790395904,s3-eth2,92.3602523803711,7.639747619628906
2025-11-26 19:02:42.791284992,s1-eth1,92.1199951171875,7.8800048828125
2025-11-26 19:02:42.791401984,s2-eth2,92.15992736816406,7.8400726318359375
2025-11-26 19:02:42.791559936,s3-eth2,92.11754608154297,7.882453918457031
2025-11-26 19:02:43.792434944,s1-eth1,92.19863891601562,7.801361083984375
2025-11-26 19:02:43.792556032,s2-eth2,92.51422882080078,7.485771179199219
2025-11-26 19:02:43.792710912,s3-eth2,92.56407165527344,7.4359283447265625
2025-11-26 19:02:44.793585920,s1-eth1,92.09867095947266,7.901329040527344
2025-11-26 19:02:44.793714944,s2-eth2,95.09990692138672,4.900093078613281
2025-11-26 19:02:44.793872128,s3-eth2,95.19851684570312,4.801483154296875
2025-11-26 19:02:45.794774016,s1-eth1,92.13127136230469,7.8687286376953125
2025-11-26 19:02:45.794910976,s2-eth2,115.39129638671875,-15.39129638671875
2025-11-26 19:02:45.795069952,s3-eth2,115.42462921142578,-15.424629211425781
2025-11-26 19:02:46.795970816,s1-eth1,92.214599609375,7.785400390625
2025-11-26 19:02:46.796093952,s2-eth2,127.51547241210938,-27.515472412109375
2025-11-26 19:02:46.796264960,s3-eth2,127.37632751464844,-27.376327514648438
2025-11-26 19:02:47.797137920,s1-eth1,92.12773895263672,7.872261047363281
2025-11-26 19:02:47.797255936,s2-eth2,92.20187377929688,7.798126220703125
2025-11-26 19:02:47.797426944,s3-eth2,92.12631225585938,7.873687744140625
2025-11-26 19:02:48.798359040,s1-eth1,92.19145965576172,7.808540344238281
2025-11-26 19:02:48.798501888,s2-eth2,158.22085571289062,-58.220855712890625
2025-11-26 19:02:48.798669056,s3-eth2,92.20863342285156,7.7913665771484375
2025-11-26 19:02:49.799570176,s1-eth1,92.13780975341797,7.862190246582031
2025-11-26 19:02:49.799702784,s2-eth2,92.19303131103516,7.806968688964844
2025-11-26 19:02:49.799865856,s3-eth2,92.11759185791016,7.882408142089844
2025-11-26 19:02:50.800770048,s1-eth1,92.16221618652344,7.8377838134765625
2025-11-26 19:02:50.800889856,s2-eth2,92.10647583007812,7.893524169921875
2025-11-26 19:02:50.801056000,s3-eth2,92.82766723632812,7.172332763671875
2025-11-26 19:02:51.802004224,s1-eth1,92.35016632080078,7.649833679199219
2025-11-26 19:02:51.802125056,s2-eth2,92.35147857666016,7.648521423339844
2025-11-26 19:02:51.802292992,s3-eth2,97.72271728515625,2.27728271484375
2025-11-26 19:02:52.803281152,s1-eth1,92.88993072509766,7.110069274902344
2025-11-26 19:02:52.803406080,s2-eth2,92.94235229492188,7.057647705078125
2025-11-26 19:02:52.803576832,s3-eth2,128.1461181640625,-28.1461181640625
2025-11-26 19:02:53.804507136,s1-eth1,96.2364730834961,3.7635269165039062
2025-11-26 19:02:53.804632832,s2-eth2,96.23530578613281,3.7646942138671875
2025-11-26 19:02:53.804796928,s3-eth2,114.4952621459961,-14.495262145996094
2025-11-26 19:02:54.805701888,s1-eth1,95.94609832763672,4.053901672363281
2025-11-26 19:02:54.805828096,s2-eth2,95.88699340820312,4.113006591796875
2025-11-26 19:02:54.805990912,s3-eth2,92.15805053710938,7.841949462890625
2025-11-26 19:02:55.806888960,s1-eth1,94.3455581665039,5.654441833496094
2025-11-26 19:02:55.807015936,s2-eth2,94.29927825927734,5.700721740722656
2025-11-26 19:02:55.807195904,s3-eth2,92.23119354248047,7.768806457519531
2025-11-26 19:02:56.808083968,s1-eth1,96.46139526367188,3.538604736328125
2025-11-26 19:02:56.808221952,s2-eth2,96.50310516357422,3.4968948364257812
2025-11-26 19:02:56.808387072,s3-eth2,92.17267608642578,7.827323913574219
2025-11-26 19:02:57.809432064,s1-eth1,94.73125457763672,5.268745422363281
2025-11-26 19:02:57.809572096,s2-eth2,94.69358825683594,5.3064117431640625
2025-11-26 19:02:57.809735168,s3-eth2,91.61649322509766,8.383506774902344
2025-11-26 19:02:58.810612992,s1-eth1,97.23172760009766,2.7682723999023438
2025-11-26 19:02:58.810738944,s2-eth2,97.23971557617188,2.760284423828125
2025-11-26 19:02:58.810915840,s3-eth2,87.7107162475586,12.289283752441406
2025-11-26 19:02:59.811799040,s1-eth1,94.94575500488281,5.0542449951171875
2025-11-26 19:02:59.811927040,s2-eth2,94.78179168701172,5.218208312988281
2025-11-26 19:02:59.812097024,s3-eth2,86.64396667480469,13.356033325195312
2025-11-26 19:03:00.813012992,s1-eth1,101.44791412353516,-1.4479141235351562
2025-11-26 19:03:00.813143040,s2-eth2,100.05607604980469,-0.0560760498046875
2025-11-26 19:03:00.813307136,s3-eth2,82.19837951660156,17.801620483398438
2025-11-26 19:03:01.814210048,s1-eth1,99.64348602294922,0.35651397705078125
2025-11-26 19:03:01.814338048,s2-eth2,98.45751190185547,1.5424880981445312
2025-11-26 19:03:01.814503936,s3-eth2,84.42759704589844,15.572402954101562
2025-11-26 19:03:02.815571968,s1-eth1,97.0098648071289,2.9901351928710938
2025-11-26 19:03:02.815700992,s2-eth2,95.5550537109375,4.4449462890625
2025-11-26 19:03:02.815883008,s3-eth2,84.61038970947266,15.389610290527344
2025-11-26 19:03:03.816848128,s1-eth1,103.48699188232422,-3.4869918823242188
2025-11-26 19:03:03.816997120,s2-eth2,103.74948120117188,-3.749481201171875
2025-11-26 19:03:03.817171200,s3-eth2,76.15481567382812,23.845184326171875
2025-11-26 19:03:04.818120960,s1-eth1,100.67288970947266,-0.6728897094726562
2025-11-26 19:03:04.818252032,s2-eth2,100.29930877685547,-0.29930877685546875
2025-11-26 19:03:04.818427136,s3-eth2,78.08036804199219,21.919631958007812
2025-11-26 19:03:05.819395072,s1-eth1,123.80094146728516,-23.800941467285156
2025-11-26 19:03:05.819525120,s2-eth2,112.23802947998047,-12.238029479980469
2025-11-26 19:03:05.819699968,s3-eth2,64.9339599609375,35.0660400390625
2025-11-26 19:03:06.820676096,s1-eth1,131.37411499023438,-31.374114990234375
2025-11-26 19:03:06.820806912,s2-eth2,104.68926239013672,-4.689262390136719
2025-11-26 19:03:06.820980992,s3-eth2,85.92801666259766,14.071983337402344
2025-11-26 19:03:07.822125824,s1-eth1,116.27874755859375,-16.27874755859375
2025-11-26 19:03:07.822257152,s2-eth2,107.76193237304688,-7.761932373046875
2025-11-26 19:03:07.822444032,s3-eth2,104.55948638916016,-4.559486389160156
2025-11-26 19:03:08.823405056,s1-eth1,105.66809844970703,-5.668098449707031
2025-11-26 19:03:08.823553024,s2-eth2,105.17599487304688,-5.175994873046875
2025-11-26 19:03:08.823720960,s3-eth2,101.78643798828125,-1.78643798828125
2025-11-26 19:03:09.824670976,s1-eth1,106.27460479736328,-6.274604797363281
2025-11-26 19:03:09.824815872,s2-eth2,106.54729461669922,-6.547294616699219
2025-11-26 19:03:09.824982784,s3-eth2,102.90287017822266,-2.9028701782226562
2025-11-26 19:03:10.825937152,s1-eth1,102.89596557617188,-2.895965576171875
2025-11-26 19:03:10.826066944,s2-eth2,103.00021362304688,-3.000213623046875
2025-11-26 19:03:10.826234112,s3-eth2,98.30821990966797,1.6917800903320312
2025-11-26 19:03:11.827250944,s1-eth1,93.89777374267578,6.102226257324219
2025-11-26 19:03:11.827382016,s2-eth2,95.30345153808594,4.6965484619140625
2025-11-26 19:03:11.827550976,s3-eth2,88.95680236816406,11.043197631835938
2025-11-26 19:03:12.828536064,s1-eth1,77.17469787597656,22.825302124023438
2025-11-26 19:03:12.828665088,s2-eth2,97.50697326660156,2.4930267333984375
2025-11-26 19:03:12.828832000,s3-eth2,86.5672607421875,13.4327392578125
2025-11-26 19:03:13.829801984,s1-eth1,99.83100128173828,0.16899871826171875
2025-11-26 19:03:13.829932032,s2-eth2,99.69647216796875,0.30352783203125
2025-11-26 19:03:13.830117888,s3-eth2,84.69781494140625,15.30218505859375
2025-11-26 19:03:14.831065856,s1-eth1,101.99278259277344,-1.9927825927734375
2025-11-26 19:03:14.831203072,s2-eth2,102.02079772949219,-2.0207977294921875
2025-11-26 19:03:14.831371008,s3-eth2,84.73536682128906,15.264633178710938
2025-11-26 19:03:15.832310016,s1-eth1,105.16161346435547,-5.161613464355469
2025-11-26 19:03:15.832434944,s2-eth2,105.23930358886719,-5.2393035888671875
2025-11-26 19:03:15.832599040,s3-eth2,84.28843688964844,15.711563110351562
2025-11-26 19:03:16.833494784,s1-eth1,108.76852416992188,-8.768524169921875
2025-11-26 19:03:16.833622016,s2-eth2,108.75614929199219,-8.756149291992188
2025-11-26 19:03:16.833786880,s3-eth2,84.85537719726562,15.144622802734375
2025-11-26 19:03:17.834925056,s1-eth1,104.81615447998047,-4.816154479980469
2025-11-26 19:03:17.835055104,s2-eth2,104.79553985595703,-4.795539855957031
2025-11-26 19:03:17.835223808,s3-eth2,83.9560546875,16.0439453125
2025-11-26 19:03:18.836165888,s1-eth1,120.90132904052734,-20.901329040527344
2025-11-26 19:03:18.836292864,s2-eth2,92.93797302246094,7.0620269775390625
2025-11-26 19:03:18.836466944,s3-eth2,82.96669006347656,17.033309936523438
2025-11-26 19:03:19.837399040,s1-eth1,105.7816162109375,-5.7816162109375
2025-11-26 19:03:19.837522944,s2-eth2,92.9076919555664,7.092308044433594
2025-11-26 19:03:19.837709056,s3-eth2,82.66302490234375,17.33697509765625
2025-11-26 19:03:20.838601216,s1-eth1,80.11455535888672,19.88544464111328
2025-11-26 19:03:20.838736128,s2-eth2,92.80084228515625,7.19915771484375
2025-11-26 19:03:20.838916096,s3-eth2,80.03028869628906,19.969711303710938
2025-11-26 19:03:21.839785216,s1-eth1,88.58463287353516,11.415367126464844
2025-11-26 19:03:21.839926016,s2-eth2,92.85603332519531,7.1439666748046875
2025-11-26 19:03:21.840090112,s3-eth2,77.41434478759766,22.585655212402344
2025-11-26 19:03:22.841204992,s1-eth1,93.13603973388672,6.863960266113281
2025-11-26 19:03:22.841337856,s2-eth2,93.06204986572266,6.937950134277344
2025-11-26 19:03:22.841506048,s3-eth2,72.51353454589844,27.486465454101562
2025-11-26 19:03:23.842449920,s1-eth1,93.09423828125,6.90576171875
2025-11-26 19:03:23.842582016,s2-eth2,92.53804779052734,7.461952209472656
2025-11-26 19:03:23.842749184,s3-eth2,88.60894775390625,11.39105224609375
2025-11-26 19:03:24.843715840,s1-eth1,92.62013244628906,7.3798675537109375
2025-11-26 19:03:24.843849984,s2-eth2,85.37890625,14.62109375
2025-11-26 19:03:24.844007936,s3-eth2,85.44512176513672,14.554878234863281
2025-11-26 19:03:25.844937984,s1-eth1,92.2527847290039,7.747215270996094
2025-11-26 19:03:25.845060096,s2-eth2,92.21527862548828,7.784721374511719
2025-11-26 19:03:25.845218816,s3-eth2,92.2483901977539,7.751609802246094
2025-11-26 19:03:26.846123008,s1-eth1,92.16030883789062,7.839691162109375
2025-11-26 19:03:26.846240000,s2-eth2,91.80770111083984,8.192298889160156
2025-11-26 19:03:26.846402048,s3-eth2,91.80770111083984,8.192298889160156
2025-11-26 19:03:27.847532032,s1-eth1,92.2624740600586,7.737525939941406
2025-11-26 19:03:27.847645952,s2-eth2,89.59986877441406,10.400131225585938
2025-11-26 19:03:27.847826944,s3-eth2,89.50003814697266,10.499961853027344
2025-11-26 19:03:28.848761088,s1-eth1,92.53367614746094,7.4663238525390625
2025-11-26 19:03:28.848879104,s2-eth2,143.1348419189453,-43.13484191894531
2025-11-26 19:03:28.849070080,s3-eth2,83.44364166259766,16.556358337402344
2025-11-26 19:03:29.849988864,s1-eth1,92.67240905761719,7.3275909423828125
2025-11-26 19:03:29.850119168,s2-eth2,82.98222351074219,17.017776489257812
2025-11-26 19:03:29.850290944,s3-eth2,83.07000732421875,16.92999267578125
2025-11-26 19:03:30.851249920,s1-eth1,92.71640014648438,7.283599853515625
2025-11-26 19:03:30.851367936,s2-eth2,79.33624267578125,20.66375732421875
2025-11-26 19:03:30.851536128,s3-eth2,79.24694061279297,20.75305938720703
2025-11-26 19:03:31.852456192,s1-eth1,92.7816390991211,7.218360900878906
2025-11-26 19:03:31.852571136,s2-eth2,78.92437744140625,21.07562255859375
2025-11-26 19:03:31.852736000,s3-eth2,78.92437744140625,21.07562255859375
2025-11-26 19:03:32.853838848,s1-eth1,92.81427764892578,7.185722351074219
2025-11-26 19:03:32.853963008,s2-eth2,148.68194580078125,-48.68194580078125
2025-11-26 19:03:32.854129920,s3-eth2,148.62677001953125,-48.62677001953125
2025-11-26 19:03:33.855067136,s1-eth1,92.35478973388672,7.645210266113281
2025-11-26 19:03:33.855185920,s2-eth2,92.34558868408203,7.654411315917969
2025-11-26 19:03:33.855345920,s3-eth2,92.27886962890625,7.72113037109375
2025-11-26 19:03:34.856254976,s1-eth1,92.12329864501953,7.876701354980469
2025-11-26 19:03:34.856369920,s2-eth2,92.12026977539062,7.879730224609375
2025-11-26 19:03:34.856528896,s3-eth2,92.22010040283203,7.779899597167969
2025-11-26 19:03:35.857435904,s1-eth1,92.21104431152344,7.7889556884765625
2025-11-26 19:03:35.857549056,s2-eth2,92.21104431152344,7.7889556884765625
2025-11-26 19:03:35.857705216,s3-eth2,92.11121368408203,7.888786315917969
2025-11-26 19:03:36.858604800,s1-eth1,92.10795593261719,7.8920440673828125
2025-11-26 19:03:36.858717952,s2-eth2,92.10919952392578,7.890800476074219
2025-11-26 19:03:36.858887936,s3-eth2,92.20903015136719,7.7909698486328125
2025-11-26 19:03:37.859944960,s1-eth1,92.21339416503906,7.7866058349609375
2025-11-26 19:03:37.860059136,s2-eth2,92.21214294433594,7.7878570556640625
2025-11-26 19:03:37.860233984,s3-eth2,92.11231231689453,7.887687683105469
2025-11-26 19:03:38.861154048,s1-eth1,92.06718444824219,7.9328155517578125
2025-11-26 19:03:38.861270016,s2-eth2,92.07747650146484,7.922523498535156
2025-11-26 19:03:38.861451008,s3-eth2,92.5716781616211,7.428321838378906
2025-11-26 19:03:39.862337024,s1-eth1,92.68187713623047,7.318122863769531
2025-11-26 19:03:39.862469888,s2-eth2,92.68138885498047,7.318611145019531
2025-11-26 19:03:39.862636032,s3-eth2,92.68508911132812,7.314910888671875
2025-11-26 19:03:40.863534848,s1-eth1,98.68663787841797,1.3133621215820312
2025-11-26 19:03:40.863663872,s2-eth2,98.97254943847656,1.0274505615234375
2025-11-26 19:03:40.863827968,s3-eth2,92.60536193847656,7.3946380615234375
2025-11-26 19:03:41.864761088,s1-eth1,134.277099609375,-34.277099609375
2025-11-26 19:03:41.864877824,s2-eth2,134.07948303222656,-34.07948303222656
2025-11-26 19:03:41.865044992,s3-eth2,92.40042877197266,7.599571228027344
2025-11-26 19:03:42.866095104,s1-eth1,92.18980407714844,7.8101959228515625
2025-11-26 19:03:42.866210816,s2-eth2,92.08946990966797,7.910530090332031
2025-11-26 19:03:42.866379008,s3-eth2,92.56129455566406,7.4387054443359375
2025-11-26 19:03:43.867321856,s1-eth1,92.1949462890625,7.8050537109375
2025-11-26 19:03:43.867436032,s2-eth2,92.1949462890625,7.8050537109375
2025-11-26 19:03:43.867599872,s3-eth2,92.44326782226562,7.556732177734375
2025-11-26 19:03:44.868516864,s1-eth1,92.11493682861328,7.885063171386719
2025-11-26 19:03:44.868637952,s2-eth2,91.98673248291016,8.013267517089844
2025-11-26 19:03:44.868801024,s3-eth2,92.41387176513672,7.586128234863281
2025-11-26 19:03:45.869724928,s1-eth1,92.6765365600586,7.323463439941406
2025-11-26 19:03:45.869848064,s2-eth2,76.17906951904297,23.82093048095703
2025-11-26 19:03:45.870016000,s3-eth2,92.15861511230469,7.8413848876953125
2025-11-26 19:03:46.870955008,s1-eth1,92.70158386230469,7.2984161376953125
2025-11-26 19:03:46.871081984,s2-eth2,79.45632934570312,20.543670654296875
2025-11-26 19:03:46.871244800,s3-eth2,92.17140197753906,7.8285980224609375
2025-11-26 19:03:47.872286208,s1-eth1,92.55487060546875,7.44512939453125
2025-11-26 19:03:47.872409088,s2-eth2,82.23125457763672,17.76874542236328
2025-11-26 19:03:47.872584960,s3-eth2,92.21939849853516,7.780601501464844
2025-11-26 19:03:48.873538048,s1-eth1,92.51640319824219,7.4835968017578125
2025-11-26 19:03:48.873668864,s2-eth2,82.7276382446289,17.272361755371094
2025-11-26 19:03:48.873856000,s3-eth2,95.24213409423828,4.757865905761719
2025-11-26 19:03:49.874814976,s1-eth1,92.55824279785156,7.4417572021484375
2025-11-26 19:03:49.874987008,s2-eth2,83.70550537109375,16.29449462890625
2025-11-26 19:03:49.875159040,s3-eth2,144.1338348388672,-44.13383483886719
2025-11-26 19:03:50.876104960,s1-eth1,92.60552215576172,7.394477844238281
2025-11-26 19:03:50.876233216,s2-eth2,83.62808990478516,16.371910095214844
2025-11-26 19:03:50.876398080,s3-eth2,84.61402893066406,15.385971069335938
2025-11-26 19:03:51.877330944,s1-eth1,92.7597885131836,7.240211486816406
2025-11-26 19:03:51.877458944,s2-eth2,89.27268981933594,10.727310180664062
2025-11-26 19:03:51.877622016,s3-eth2,88.81222534179688,11.187774658203125
2025-11-26 19:03:52.878727936,s1-eth1,92.85372924804688,7.146270751953125
2025-11-26 19:03:52.878889984,s2-eth2,159.434814453125,-59.434814453125
2025-11-26 19:03:52.879076864,s3-eth2,91.28702545166016,8.712974548339844
2025-11-26 19:03:53.880029952,s1-eth1,94.22673034667969,5.7732696533203125
2025-11-26 19:03:53.880158976,s2-eth2,92.37108612060547,7.628913879394531
2025-11-26 19:03:53.880323840,s3-eth2,91.84330749511719,8.156692504882812
2025-11-26 19:03:54.881263104,s1-eth1,93.61698913574219,6.3830108642578125
2025-11-26 19:03:54.881392128,s2-eth2,92.33547973632812,7.664520263671875
2025-11-26 19:03:54.881558784,s3-eth2,91.0987548828125,8.9012451171875
2025-11-26 19:03:55.882492928,s1-eth1,93.55811309814453,6.441886901855469
2025-11-26 19:03:55.882622976,s2-eth2,92.36804962158203,7.631950378417969
2025-11-26 19:03:55.882803968,s3-eth2,91.18852233886719,8.811477661132812
2025-11-26 19:03:56.883742976,s1-eth1,94.90665435791016,5.093345642089844
2025-11-26 19:03:56.883888128,s2-eth2,92.68276977539062,7.317230224609375
2025-11-26 19:03:56.884062976,s3-eth2,79.88594818115234,20.114051818847656
2025-11-26 19:03:57.885162240,s1-eth1,95.47813415527344,4.5218658447265625
2025-11-26 19:03:57.885289984,s2-eth2,92.71144104003906,7.2885589599609375
2025-11-26 19:03:57.885463040,s3-eth2,82.56982421875,17.43017578125
2025-11-26 19:03:58.886455040,s1-eth1,95.10459899902344,4.8954010009765625
2025-11-26 19:03:58.886585856,s2-eth2,92.7553939819336,7.244606018066406
2025-11-26 19:03:58.886761984,s3-eth2,80.99526977539062,19.004730224609375
2025-11-26 19:03:59.887758080,s1-eth1,97.17286682128906,2.8271331787109375
2025-11-26 19:03:59.887887104,s2-eth2,92.6159896850586,7.384010314941406
2025-11-26 19:03:59.888058880,s3-eth2,81.50908660888672,18.49091339111328
2025-11-26 19:04:00.889032960,s1-eth1,97.39958190917969,2.6004180908203125
2025-11-26 19:04:00.889164800,s2-eth2,92.57450866699219,7.4254913330078125
2025-11-26 19:04:00.889357056,s3-eth2,81.47965240478516,18.520347595214844
2025-11-26 19:04:01.890291968,s1-eth1,102.6839828491211,-2.6839828491210938
2025-11-26 19:04:01.890440960,s2-eth2,92.79776000976562,7.202239990234375
2025-11-26 19:04:01.890615040,s3-eth2,78.75634002685547,21.24365997314453
2025-11-26 19:04:02.891681792,s1-eth1,111.04615783691406,-11.046157836914062
2025-11-26 19:04:02.891810816,s2-eth2,92.97534942626953,7.024650573730469
2025-11-26 19:04:02.891984896,s3-eth2,74.22538757324219,25.774612426757812
2025-11-26 19:04:03.892570880,s1-eth1,126.68426513671875,-26.68426513671875
2025-11-26 19:04:03.892617984,s2-eth2,92.88809204101562,7.111907958984375
2025-11-26 19:04:03.892683008,s3-eth2,77.29241943359375,22.70758056640625
2025-11-26 19:04:04.893469184,s1-eth1,66.88236999511719,33.11763000488281
2025-11-26 19:04:04.893594112,s2-eth2,93.32635498046875,6.67364501953125
2025-11-26 19:04:04.893768192,s3-eth2,58.592960357666016,41.407039642333984
2025-11-26 19:04:05.894708992,s1-eth1,93.10246276855469,6.8975372314453125
2025-11-26 19:04:05.894833920,s2-eth2,93.32057189941406,6.6794281005859375
2025-11-26 19:04:05.895085056,s3-eth2,90.21037292480469,9.789627075195312
2025-11-26 19:04:06.896019968,s1-eth1,93.55841827392578,6.441581726074219
2025-11-26 19:04:06.896143872,s2-eth2,93.9888687133789,6.011131286621094
2025-11-26 19:04:06.896326144,s3-eth2,90.93756866455078,9.062431335449219
2025-11-26 19:04:07.897387008,s1-eth1,93.7521743774414,6.247825622558594
2025-11-26 19:04:07.897510912,s2-eth2,94.10326385498047,5.896736145019531
2025-11-26 19:04:07.897691904,s3-eth2,90.9856948852539,9.014305114746094
2025-11-26 19:04:08.898628864,s1-eth1,93.723388671875,6.276611328125
2025-11-26 19:04:08.898770176,s2-eth2,94.0382308959961,5.961769104003906
2025-11-26 19:04:08.898951168,s3-eth2,91.0150375366211,8.984962463378906
2025-11-26 19:04:09.899867136,s1-eth1,89.63391876220703,10.366081237792969
2025-11-26 19:04:09.899993856,s2-eth2,94.52989959716797,5.470100402832031
2025-11-26 19:04:09.900161024,s3-eth2,91.07009887695312,8.929901123046875
2025-11-26 19:04:10.901127936,s1-eth1,88.21556091308594,11.784439086914062
2025-11-26 19:04:10.901259776,s2-eth2,95.04093170166016,4.959068298339844
2025-11-26 19:04:10.901430016,s3-eth2,91.4642333984375,8.5357666015625
2025-11-26 19:04:11.902384128,s1-eth1,65.46257019042969,34.53742980957031
2025-11-26 19:04:11.902514944,s2-eth2,97.74879455566406,2.2512054443359375
2025-11-26 19:04:11.902682112,s3-eth2,92.37640380859375,7.62359619140625
2025-11-26 19:04:12.903780096,s1-eth1,99.85328674316406,0.1467132568359375
2025-11-26 19:04:12.903909888,s2-eth2,100.14901733398438,-0.149017333984375
2025-11-26 19:04:12.904075008,s3-eth2,93.32882690429688,6.671173095703125
2025-11-26 19:04:13.905014016,s1-eth1,100.75238800048828,-0.7523880004882812
2025-11-26 19:04:13.905140992,s2-eth2,100.66030883789062,-0.660308837890625
2025-11-26 19:04:13.905307904,s3-eth2,93.94439697265625,6.05560302734375
2025-11-26 19:04:14.906245120,s1-eth1,105.79415130615234,-5.794151306152344
2025-11-26 19:04:14.906366976,s2-eth2,105.84343719482422,-5.843437194824219
2025-11-26 19:04:14.906555904,s3-eth2,95.83831024169922,4.161689758300781
2025-11-26 19:04:15.907571200,s1-eth1,104.52632141113281,-4.5263214111328125
2025-11-26 19:04:15.907728896,s2-eth2,104.22309875488281,-4.2230987548828125
2025-11-26 19:04:15.907904000,s3-eth2,94.72318267822266,5.276817321777344
2025-11-26 19:04:16.908866816,s1-eth1,114.63370513916016,-14.633705139160156
2025-11-26 19:04:16.908996096,s2-eth2,114.40130615234375,-14.40130615234375
2025-11-26 19:04:16.909168896,s3-eth2,101.73511505126953,-1.7351150512695312
2025-11-26 19:04:17.910331136,s1-eth1,102.66923522949219,-2.6692352294921875
2025-11-26 19:04:17.910460928,s2-eth2,102.462890625,-2.462890625
2025-11-26 19:04:17.910635008,s3-eth2,88.34053039550781,11.659469604492188
2025-11-26 19:04:18.911632896,s1-eth1,98.10942077636719,1.8905792236328125
2025-11-26 19:04:18.911763968,s2-eth2,98.48396301269531,1.5160369873046875
2025-11-26 19:04:18.911940096,s3-eth2,71.59339904785156,28.406600952148438
2025-11-26 19:04:19.912905984,s1-eth1,100.9671401977539,-0.9671401977539062
2025-11-26 19:04:19.913038848,s2-eth2,100.1511459350586,-0.15114593505859375
2025-11-26 19:04:19.913232128,s3-eth2,73.14956665039062,26.850433349609375
2025-11-26 19:04:20.914191104,s1-eth1,123.70063018798828,-23.70063018798828
2025-11-26 19:04:20.914338048,s2-eth2,102.04613494873047,-2.0461349487304688
2025-11-26 19:04:20.914513152,s3-eth2,79.04959869384766,20.950401306152344
2025-11-26 19:04:21.915433984,s1-eth1,143.27183532714844,-43.27183532714844
2025-11-26 19:04:21.915565056,s2-eth2,109.93704986572266,-9.937049865722656
2025-11-26 19:04:21.915739136,s3-eth2,91.9818115234375,8.0181884765625
2025-11-26 19:04:22.916820992,s1-eth1,97.54680633544922,2.4531936645507812
2025-11-26 19:04:22.916950016,s2-eth2,97.37340545654297,2.6265945434570312
2025-11-26 19:04:22.917121792,s3-eth2,91.91873168945312,8.081268310546875
2025-11-26 19:04:23.918072832,s1-eth1,92.36649322509766,7.633506774902344
2025-11-26 19:04:23.918205952,s2-eth2,89.31218719482422,10.687812805175781
2025-11-26 19:04:23.918373120,s3-eth2,89.30541229248047,10.694587707519531
2025-11-26 19:04:24.919316992,s1-eth1,92.41939544677734,7.580604553222656
2025-11-26 19:04:24.919449088,s2-eth2,85.28656005859375,14.71343994140625
2025-11-26 19:04:24.919621888,s3-eth2,85.28656005859375,14.71343994140625
2025-11-26 19:04:25.920523008,s1-eth1,92.49905395507812,7.500946044921875
2025-11-26 19:04:25.920654080,s2-eth2,84.65779113769531,15.342208862304688
2025-11-26 19:04:25.920826880,s3-eth2,84.59107208251953,15.408927917480469
2025-11-26 19:04:26.921730048,s1-eth1,92.76692962646484,7.233070373535156
2025-11-26 19:04:26.921874944,s2-eth2,80.84375,19.15625
2025-11-26 19:04:26.922032128,s3-eth2,80.84375,19.15625
2025-11-26 19:04:27.923062016,s1-eth1,92.63080596923828,7.369194030761719
2025-11-26 19:04:27.923206144,s2-eth2,82.35125732421875,17.64874267578125
2025-11-26 19:04:27.923363840,s3-eth2,82.38487243652344,17.615127563476562
2025-11-26 19:04:28.924308992,s1-eth1,92.2403564453125,7.7596435546875
2025-11-26 19:04:28.924433920,s2-eth2,92.20823669433594,7.7917633056640625
2025-11-26 19:04:28.924592128,s3-eth2,92.24134826660156,7.7586517333984375
2025-11-26 19:04:29.925168128,s1-eth1,92.20779418945312,7.792205810546875
2025-11-26 19:04:29.925208064,s2-eth2,92.30754089355469,7.6924591064453125
2025-11-26 19:04:29.925262848,s3-eth2,92.20314025878906,7.7968597412109375
2025-11-26 19:04:30.925995008,s1-eth1,92.20792388916016,7.792076110839844
2025-11-26 19:04:30.926106880,s2-eth2,92.20760345458984,7.792396545410156
2025-11-26 19:04:30.926265088,s3-eth2,92.11153411865234,7.888465881347656
2025-11-26 19:04:31.926863872,s1-eth1,92.4181137084961,7.581886291503906
2025-11-26 19:04:31.926903040,s2-eth2,92.31818389892578,7.681816101074219
2025-11-26 19:04:31.926959872,s3-eth2,92.2008056640625,7.7991943359375
2025-11-26 19:04:32.927727104,s1-eth1,93.49346923828125,6.50653076171875
2025-11-26 19:04:32.927853056,s2-eth2,162.29058837890625,-62.29058837890625
2025-11-26 19:04:32.928029952,s3-eth2,160.9359130859375,-60.9359130859375
2025-11-26 19:04:33.928961024,s1-eth1,94.2204360961914,5.779563903808594
2025-11-26 19:04:33.929081088,s2-eth2,94.23072814941406,5.7692718505859375
2025-11-26 19:04:33.929249024,s3-eth2,92.13207244873047,7.867927551269531
2025-11-26 19:04:34.930160896,s1-eth1,94.3835220336914,5.616477966308594
2025-11-26 19:04:34.930275072,s2-eth2,94.3835220336914,5.616477966308594
2025-11-26 19:04:34.930455808,s3-eth2,92.13435363769531,7.8656463623046875
2025-11-26 19:04:35.931351808,s1-eth1,95.79328155517578,4.206718444824219
2025-11-26 19:04:35.931474944,s2-eth2,95.89360809326172,4.106391906738281
2025-11-26 19:04:35.931653120,s3-eth2,92.1117172241211,7.888282775878906
2025-11-26 19:04:36.932581888,s1-eth1,95.05029296875,4.94970703125
2025-11-26 19:04:36.932719104,s2-eth2,95.05029296875,4.94970703125
2025-11-26 19:04:36.932883968,s3-eth2,154.01698303222656,-54.01698303222656
2025-11-26 19:04:37.933792000,s1-eth1,95.27363586425781,4.7263641357421875
2025-11-26 19:04:37.933907968,s2-eth2,95.27238464355469,4.7276153564453125
2025-11-26 19:04:37.934073088,s3-eth2,92.1207275390625,7.8792724609375
2025-11-26 19:04:38.935017216,s1-eth1,95.59025573730469,4.4097442626953125
2025-11-26 19:04:38.935133952,s2-eth2,95.59021759033203,4.409782409667969
2025-11-26 19:04:38.935301120,s3-eth2,92.12272644042969,7.8772735595703125
2025-11-26 19:04:39.936252160,s1-eth1,96.3377456665039,3.6622543334960938
2025-11-26 19:04:39.936374016,s2-eth2,96.34249877929688,3.657501220703125
2025-11-26 19:04:39.936541952,s3-eth2,92.5995864868164,7.400413513183594
2025-11-26 19:04:40.937470976,s1-eth1,97.84613800048828,2.1538619995117188
2025-11-26 19:04:40.937594880,s2-eth2,161.73207092285156,-61.73207092285156
2025-11-26 19:04:40.937769984,s3-eth2,92.48863220214844,7.5113677978515625
2025-11-26 19:04:41.938704128,s1-eth1,102.87357330322266,-2.8735733032226562
2025-11-26 19:04:41.938827008,s2-eth2,102.8891830444336,-2.8891830444335938
2025-11-26 19:04:41.939009792,s3-eth2,92.52449798583984,7.475502014160156
2025-11-26 19:04:42.940126976,s1-eth1,101.84251403808594,-1.8425140380859375
2025-11-26 19:04:42.940252928,s2-eth2,101.88618469238281,-1.8861846923828125
2025-11-26 19:04:42.940421120,s3-eth2,92.49372100830078,7.506278991699219
2025-11-26 19:04:43.941368064,s1-eth1,110.18257904052734,-10.182579040527344
2025-11-26 19:04:43.941495808,s2-eth2,110.1357421875,-10.1357421875
2025-11-26 19:04:43.941680896,s3-eth2,92.3607177734375,7.6392822265625
2025-11-26 19:04:44.942610944,s1-eth1,92.48462677001953,7.515373229980469
2025-11-26 19:04:44.942758912,s2-eth2,92.44563293457031,7.5543670654296875
2025-11-26 19:04:44.942940928,s3-eth2,92.43546295166016,7.564537048339844
2025-11-26 19:04:45.943890944,s1-eth1,93.22530364990234,6.774696350097656
2025-11-26 19:04:45.944022784,s2-eth2,89.4713134765625,10.5286865234375
2025-11-26 19:04:45.944189184,s3-eth2,92.35066223144531,7.6493377685546875
2025-11-26 19:04:46.945125120,s1-eth1,95.60189056396484,4.398109436035156
2025-11-26 19:04:46.945256960,s2-eth2,77.37136840820312,22.628631591796875
2025-11-26 19:04:46.945421824,s3-eth2,92.53189086914062,7.468109130859375
2025-11-26 19:04:47.946525184,s1-eth1,95.3315658569336,4.668434143066406
2025-11-26 19:04:47.946657792,s2-eth2,77.26390838623047,22.73609161376953
2025-11-26 19:04:47.946824192,s3-eth2,92.39554595947266,7.604454040527344
2025-11-26 19:04:48.947779840,s1-eth1,95.43382263183594,4.5661773681640625
2025-11-26 19:04:48.947910144,s2-eth2,80.04780578613281,19.952194213867188
2025-11-26 19:04:48.948077824,s3-eth2,92.22216033935547,7.777839660644531
2025-11-26 19:04:49.949012992,s1-eth1,95.87306213378906,4.1269378662109375
2025-11-26 19:04:49.949143808,s2-eth2,78.06085968017578,21.93914031982422
2025-11-26 19:04:49.949312000,s3-eth2,74.33111572265625,25.66888427734375
2025-11-26 19:04:50.950277120,s1-eth1,95.34029388427734,4.659706115722656
2025-11-26 19:04:50.950407936,s2-eth2,92.00237274169922,7.997627258300781
2025-11-26 19:04:50.950592000,s3-eth2,87.6277847290039,12.372215270996094
2025-11-26 19:04:51.951544064,s1-eth1,95.93840789794922,4.061592102050781
2025-11-26 19:04:51.951693056,s2-eth2,92.28887939453125,7.71112060546875
2025-11-26 19:04:51.951860992,s3-eth2,86.91754150390625,13.08245849609375
2025-11-26 19:04:52.952961024,s1-eth1,96.2632064819336,3.7367935180664062
2025-11-26 19:04:52.953090816,s2-eth2,92.26055908203125,7.73944091796875
2025-11-26 19:04:52.953260032,s3-eth2,88.80726623535156,11.192733764648438
2025-11-26 19:04:53.953874944,s1-eth1,94.92176055908203,5.078239440917969
2025-11-26 19:04:53.953923072,s2-eth2,92.3651123046875,7.6348876953125
2025-11-26 19:04:53.953984000,s3-eth2,86.78300476074219,13.216995239257812
2025-11-26 19:04:54.954391040,s1-eth1,98.36517333984375,1.63482666015625
2025-11-26 19:04:54.954438912,s2-eth2,157.0988311767578,-57.09883117675781
2025-11-26 19:04:54.954503168,s3-eth2,88.28827667236328,11.711723327636719
2025-11-26 19:04:55.955249920,s1-eth1,96.43849182128906,3.5615081787109375
2025-11-26 19:04:55.955378176,s2-eth2,92.42388916015625,7.57611083984375
2025-11-26 19:04:55.955544064,s3-eth2,86.80768585205078,13.192314147949219
2025-11-26 19:04:56.956486912,s1-eth1,102.25684356689453,-2.2568435668945312
2025-11-26 19:04:56.956617984,s2-eth2,92.21731567382812,7.782684326171875
2025-11-26 19:04:56.956798976,s3-eth2,89.00836944580078,10.991630554199219
2025-11-26 19:04:57.957876992,s1-eth1,99.30806732177734,0.6919326782226562
2025-11-26 19:04:57.958023936,s2-eth2,92.32560729980469,7.6743927001953125
2025-11-26 19:04:57.958190848,s3-eth2,85.57088470458984,14.429115295410156
2025-11-26 19:04:58.959144960,s1-eth1,102.87504577636719,-2.8750457763671875
2025-11-26 19:04:58.959273984,s2-eth2,92.36476135253906,7.6352386474609375
2025-11-26 19:04:58.959439872,s3-eth2,82.34581756591797,17.65418243408203
2025-11-26 19:04:59.960354048,s1-eth1,94.44071960449219,5.5592803955078125
2025-11-26 19:04:59.960481792,s2-eth2,92.7689437866211,7.231056213378906
2025-11-26 19:04:59.960647168,s3-eth2,87.45027160644531,12.549728393554688
2025-11-26 19:05:00.961595136,s1-eth1,94.86709594726562,5.132904052734375
2025-11-26 19:05:00.961724928,s2-eth2,93.22030639648438,6.779693603515625
2025-11-26 19:05:00.961891840,s3-eth2,87.15841674804688,12.841583251953125
2025-11-26 19:05:01.962960128,s1-eth1,94.99684143066406,5.0031585693359375
2025-11-26 19:05:01.963098112,s2-eth2,93.36595153808594,6.6340484619140625
2025-11-26 19:05:01.963272192,s3-eth2,89.97576141357422,10.024238586425781
2025-11-26 19:05:02.964379904,s1-eth1,95.121826171875,4.878173828125
2025-11-26 19:05:02.964543232,s2-eth2,93.4155044555664,6.584495544433594
2025-11-26 19:05:02.964728064,s3-eth2,92.0231704711914,7.976829528808594
2025-11-26 19:05:03.965712128,s1-eth1,94.74166107177734,5.258338928222656
2025-11-26 19:05:03.965853952,s2-eth2,93.16529846191406,6.8347015380859375
2025-11-26 19:05:03.966039040,s3-eth2,91.48906707763672,8.510932922363281
2025-11-26 19:05:04.967016960,s1-eth1,97.6010971069336,2.3989028930664062
2025-11-26 19:05:04.967164928,s2-eth2,95.12039184570312,4.879608154296875
2025-11-26 19:05:04.967331840,s3-eth2,93.10502624511719,6.8949737548828125
2025-11-26 19:05:05.968302080,s1-eth1,98.19102478027344,1.8089752197265625
2025-11-26 19:05:05.968448000,s2-eth2,94.35995483398438,5.640045166015625
2025-11-26 19:05:05.968612864,s3-eth2,93.216552734375,6.783447265625
2025-11-26 19:05:06.969590016,s1-eth1,105.54981231689453,-5.549812316894531
2025-11-26 19:05:06.969721088,s2-eth2,97.4432144165039,2.5567855834960938
2025-11-26 19:05:06.969888000,s3-eth2,95.20250701904297,4.797492980957031
2025-11-26 19:05:07.971045120,s1-eth1,107.50728607177734,-7.507286071777344
2025-11-26 19:05:07.971175936,s2-eth2,96.03475952148438,3.965240478515625
2025-11-26 19:05:07.971348992,s3-eth2,94.32357025146484,5.676429748535156
2025-11-26 19:05:08.972288000,s1-eth1,123.74275970458984,-23.742759704589844
2025-11-26 19:05:08.972418048,s2-eth2,101.36962127685547,-1.3696212768554688
2025-11-26 19:05:08.972583936,s3-eth2,98.36783599853516,1.6321640014648438
2025-11-26 19:05:09.973529088,s1-eth1,108.9015121459961,-8.901512145996094
2025-11-26 19:05:09.973658112,s2-eth2,98.49828338623047,1.5017166137695312
2025-11-26 19:05:09.973839104,s3-eth2,95.81317138671875,4.18682861328125
2025-11-26 19:05:10.974445056,s1-eth1,107.94190979003906,-7.9419097900390625
2025-11-26 19:05:10.974492928,s2-eth2,107.71864318847656,-7.7186431884765625
2025-11-26 19:05:10.974566912,s3-eth2,103.26271057128906,-3.2627105712890625
2025-11-26 19:05:11.975323904,s1-eth1,103.52151489257812,-3.521514892578125
2025-11-26 19:05:11.975467008,s2-eth2,98.24740600585938,1.752593994140625
2025-11-26 19:05:11.975636992,s3-eth2,81.18345642089844,18.816543579101562
2025-11-26 19:05:12.976615936,s1-eth1,93.70369720458984,6.296302795410156
2025-11-26 19:05:12.976745984,s2-eth2,93.8926773071289,6.107322692871094
2025-11-26 19:05:12.976913920,s3-eth2,65.59809112548828,34.40190887451172
2025-11-26 19:05:13.977833984,s1-eth1,87.56988525390625,12.43011474609375
2025-11-26 19:05:13.977961984,s2-eth2,94.7535171508789,5.246482849121094
2025-11-26 19:05:13.978128896,s3-eth2,75.25859069824219,24.741409301757812
2025-11-26 19:05:14.979108096,s1-eth1,81.1750259399414,18.824974060058594
2025-11-26 19:05:14.979237120,s2-eth2,94.34294128417969,5.6570587158203125
2025-11-26 19:05:14.979403008,s3-eth2,75.07579040527344,24.924209594726562
2025-11-26 19:05:15.980353024,s1-eth1,85.0335464477539,14.966453552246094
2025-11-26 19:05:15.980484096,s2-eth2,95.22421264648438,4.775787353515625
2025-11-26 19:05:15.980654848,s3-eth2,78.69097900390625,21.30902099609375
2025-11-26 19:05:16.981580032,s1-eth1,94.71841430664062,5.281585693359375
2025-11-26 19:05:16.981709056,s2-eth2,94.84066009521484,5.159339904785156
2025-11-26 19:05:16.981897216,s3-eth2,87.14917755126953,12.850822448730469
2025-11-26 19:05:17.982510080,s1-eth1,92.76895141601562,7.231048583984375
2025-11-26 19:05:17.982562048,s2-eth2,97.05354309082031,2.9464569091796875
2025-11-26 19:05:17.982626048,s3-eth2,87.22329711914062,12.776702880859375
2025-11-26 19:05:18.983424000,s1-eth1,136.56394958496094,-36.56394958496094
2025-11-26 19:05:18.983546880,s2-eth2,97.13220977783203,2.8677902221679688
2025-11-26 19:05:18.983725056,s3-eth2,76.31856536865234,23.681434631347656
2025-11-26 19:05:19.984679936,s1-eth1,87.84119415283203,12.158805847167969
2025-11-26 19:05:19.984802048,s2-eth2,99.10089874267578,0.8991012573242188
2025-11-26 19:05:19.984976128,s3-eth2,74.74425506591797,25.25574493408203
2025-11-26 19:05:20.985879808,s1-eth1,83.55500030517578,16.44499969482422
2025-11-26 19:05:20.986000896,s2-eth2,104.27576446533203,-4.275764465332031
2025-11-26 19:05:20.986172928,s3-eth2,76.161865234375,23.838134765625
2025-11-26 19:05:21.987111168,s1-eth1,110.5830078125,-10.5830078125
2025-11-26 19:05:21.987232000,s2-eth2,113.22161865234375,-13.22161865234375
2025-11-26 19:05:21.987417856,s3-eth2,90.67932891845703,9.320671081542969
2025-11-26 19:05:22.988552960,s1-eth1,108.30734252929688,-8.307342529296875
2025-11-26 19:05:22.988694784,s2-eth2,107.9350814819336,-7.935081481933594
2025-11-26 19:05:22.988871936,s3-eth2,92.3455810546875,7.6544189453125
2025-11-26 19:05:23.989844992,s1-eth1,92.7682113647461,7.231788635253906
2025-11-26 19:05:23.989963008,s2-eth2,92.5802001953125,7.4197998046875
2025-11-26 19:05:23.990135808,s3-eth2,92.4898452758789,7.510154724121094
2025-11-26 19:05:24.991094016,s1-eth1,92.47479248046875,7.52520751953125
2025-11-26 19:05:24.991208960,s2-eth2,89.44963836669922,10.550361633300781
2025-11-26 19:05:24.991378944,s3-eth2,89.47120666503906,10.528793334960938
2025-11-26 19:05:25.992283136,s1-eth1,92.39323425292969,7.6067657470703125
2025-11-26 19:05:25.992397056,s2-eth2,85.9888916015625,14.0111083984375
2025-11-26 19:05:25.992562944,s3-eth2,86.08821868896484,13.911781311035156
2025-11-26 19:05:26.993165056,s1-eth1,92.47337341308594,7.5266265869140625
2025-11-26 19:05:26.993207808,s2-eth2,84.94111633300781,15.058883666992188
2025-11-26 19:05:26.993272064,s3-eth2,84.90847778320312,15.091522216796875
2025-11-26 19:05:27.994151168,s1-eth1,92.74296569824219,7.2570343017578125
2025-11-26 19:05:27.994276096,s2-eth2,148.53468322753906,-48.53468322753906
2025-11-26 19:05:27.994445056,s3-eth2,148.58985900878906,-48.58985900878906
2025-11-26 19:05:28.995395840,s1-eth1,92.6060791015625,7.3939208984375
2025-11-26 19:05:28.995511040,s2-eth2,82.71231842041016,17.287681579589844
2025-11-26 19:05:28.995676928,s3-eth2,82.65713500976562,17.342864990234375
2025-11-26 19:05:29.996584960,s1-eth1,92.7197036743164,7.280296325683594
2025-11-26 19:05:29.996699136,s2-eth2,81.52552032470703,18.47447967529297
2025-11-26 19:05:29.996880128,s3-eth2,81.58069610595703,18.41930389404297
2025-11-26 19:05:30.997769984,s1-eth1,92.42770385742188,7.572296142578125
2025-11-26 19:05:30.997884160,s2-eth2,87.47374725341797,12.526252746582031
2025-11-26 19:05:30.998061824,s3-eth2,87.45167541503906,12.548324584960938
2025-11-26 19:05:31.998966016,s1-eth1,92.21551513671875,7.78448486328125
2025-11-26 19:05:31.999106048,s2-eth2,92.2135009765625,7.7864990234375
2025-11-26 19:05:31.999269120,s3-eth2,92.10919952392578,7.890800476074219
2025-11-26 19:05:33.000342016,s1-eth1,92.02459716796875,7.97540283203125
2025-11-26 19:05:33.000470016,s2-eth2,92.02409362792969,7.9759063720703125
2025-11-26 19:05:33.000633856,s3-eth2,92.11650848388672,7.883491516113281
2025-11-26 19:05:34.001518848,s1-eth1,92.88433074951172,7.115669250488281
2025-11-26 19:05:34.001638912,s2-eth2,92.88433074951172,7.115669250488281
2025-11-26 19:05:34.001810944,s3-eth2,92.10919952392578,7.890800476074219
2025-11-26 19:05:35.002700032,s1-eth1,97.0286636352539,2.9713363647460938
2025-11-26 19:05:35.002818048,s2-eth2,97.27931213378906,2.7206878662109375
2025-11-26 19:05:35.002998016,s3-eth2,92.10820007324219,7.8917999267578125
2025-11-26 19:05:36.003875072,s1-eth1,129.38462829589844,-29.384628295898438
2025-11-26 19:05:36.003988992,s2-eth2,129.7789764404297,-29.778976440429688
2025-11-26 19:05:36.004152064,s3-eth2,91.7134017944336,8.286598205566406
2025-11-26 19:05:37.004733184,s1-eth1,99.19971466064453,0.8002853393554688
2025-11-26 19:05:37.004775168,s2-eth2,98.65335845947266,1.3466415405273438
2025-11-26 19:05:37.004837888,s3-eth2,92.09684753417969,7.9031524658203125
2025-11-26 19:05:38.005719808,s1-eth1,92.30699157714844,7.6930084228515625
2025-11-26 19:05:38.005841920,s2-eth2,92.11495208740234,7.885047912597656
2025-11-26 19:05:38.006004992,s3-eth2,92.10970306396484,7.890296936035156
2025-11-26 19:05:39.006944768,s1-eth1,92.1127700805664,7.887229919433594
2025-11-26 19:05:39.007060992,s2-eth2,92.11327362060547,7.886726379394531
2025-11-26 19:05:39.007222784,s3-eth2,92.20967102050781,7.7903289794921875
2025-11-26 19:05:40.008096000,s1-eth1,92.11922454833984,7.880775451660156
2025-11-26 19:05:40.008217088,s2-eth2,92.2140884399414,7.785911560058594
2025-11-26 19:05:40.008388096,s3-eth2,92.10869598388672,7.891304016113281
2025-11-26 19:05:41.009259008,s1-eth1,92.23321533203125,7.76678466796875
2025-11-26 19:05:41.009383936,s2-eth2,92.12757873535156,7.8724212646484375
2025-11-26 19:05:41.009558016,s3-eth2,92.00887298583984,7.991127014160156
2025-11-26 19:05:42.010430976,s1-eth1,92.46646881103516,7.533531188964844
2025-11-26 19:05:42.010575104,s2-eth2,156.87245178222656,-56.87245178222656
2025-11-26 19:05:42.010742016,s3-eth2,90.71143341064453,9.288566589355469
2025-11-26 19:05:43.011815168,s1-eth1,94.5940933227539,5.405906677246094
2025-11-26 19:05:43.011943936,s2-eth2,92.28266143798828,7.717338562011719
2025-11-26 19:05:43.012108032,s3-eth2,92.63654327392578,7.363456726074219
2025-11-26 19:05:44.012698880,s1-eth1,95.71337127685547,4.286628723144531
2025-11-26 19:05:44.012745984,s2-eth2,92.5393295288086,7.460670471191406
2025-11-26 19:05:44.012809984,s3-eth2,92.74590301513672,7.254096984863281
2025-11-26 19:05:45.013562880,s1-eth1,98.59591674804688,1.404083251953125
2025-11-26 19:05:45.013689088,s2-eth2,156.67864990234375,-56.67864990234375
2025-11-26 19:05:45.013863168,s3-eth2,92.6087646484375,7.3912353515625
2025-11-26 19:05:46.014782976,s1-eth1,99.1331558227539,0.8668441772460938
2025-11-26 19:05:46.014923008,s2-eth2,92.4854736328125,7.5145263671875
2025-11-26 19:05:46.015089152,s3-eth2,92.61968994140625,7.38031005859375
2025-11-26 19:05:47.016002816,s1-eth1,101.0962142944336,-1.0962142944335938
2025-11-26 19:05:47.016132096,s2-eth2,92.67449188232422,7.325508117675781
2025-11-26 19:05:47.016310016,s3-eth2,92.75796508789062,7.242034912109375
2025-11-26 19:05:48.017331968,s1-eth1,103.318603515625,-3.318603515625
2025-11-26 19:05:48.017474048,s2-eth2,92.66877746582031,7.3312225341796875
2025-11-26 19:05:48.017638912,s3-eth2,92.84435272216797,7.155647277832031
2025-11-26 19:05:49.018528000,s1-eth1,100.65885162353516,-0.6588516235351562
2025-11-26 19:05:49.018670080,s2-eth2,92.53768157958984,7.462318420410156
2025-11-26 19:05:49.018834944,s3-eth2,92.371826171875,7.628173828125
2025-11-26 19:05:50.019746048,s1-eth1,101.32967376708984,-1.3296737670898438
2025-11-26 19:05:50.019875072,s2-eth2,92.37328338623047,7.626716613769531
2025-11-26 19:05:50.020037888,s3-eth2,93.72689819335938,6.273101806640625
2025-11-26 19:05:51.020941056,s1-eth1,99.28302001953125,0.71697998046875
2025-11-26 19:05:51.021069056,s2-eth2,92.36380004882812,7.636199951171875
2025-11-26 19:05:51.021235968,s3-eth2,151.89645385742188,-51.896453857421875
2025-11-26 19:05:52.022139136,s1-eth1,96.74810791015625,3.25189208984375
2025-11-26 19:05:52.022265856,s2-eth2,92.36732482910156,7.6326751708984375
2025-11-26 19:05:52.022432000,s3-eth2,92.24029541015625,7.75970458984375
2025-11-26 19:05:53.023504896,s1-eth1,95.90892791748047,4.091072082519531
2025-11-26 19:05:53.023632896,s2-eth2,91.2446517944336,8.755348205566406
2025-11-26 19:05:53.023808000,s3-eth2,92.23560333251953,7.764396667480469
2025-11-26 19:05:54.024756992,s1-eth1,92.79447174072266,7.205528259277344
2025-11-26 19:05:54.024884992,s2-eth2,91.60739135742188,8.392608642578125
2025-11-26 19:05:54.025064960,s3-eth2,91.83663177490234,8.163368225097656
2025-11-26 19:05:55.025958912,s1-eth1,93.67250061035156,6.3274993896484375
2025-11-26 19:05:55.026096128,s2-eth2,91.55712890625,8.44287109375
2025-11-26 19:05:55.026254848,s3-eth2,91.63426208496094,8.365737915039062
2025-11-26 19:05:56.027132928,s1-eth1,93.17584228515625,6.82415771484375
2025-11-26 19:05:56.027275008,s2-eth2,91.9381103515625,8.0618896484375
2025-11-26 19:05:56.027435008,s3-eth2,91.96536254882812,8.034637451171875
2025-11-26 19:05:57.028374784,s1-eth1,94.01143646240234,5.988563537597656
2025-11-26 19:05:57.028498944,s2-eth2,91.5364761352539,8.463523864746094
2025-11-26 19:05:57.028662016,s3-eth2,91.42523956298828,8.574760437011719
2025-11-26 19:05:58.029753856,s1-eth1,93.54083251953125,6.45916748046875
2025-11-26 19:05:58.029875968,s2-eth2,91.96531677246094,8.034683227539062
2025-11-26 19:05:58.030036992,s3-eth2,91.99513244628906,8.004867553710938
2025-11-26 19:05:59.030644992,s1-eth1,96.96144104003906,3.0385589599609375
2025-11-26 19:05:59.030690048,s2-eth2,90.38082885742188,9.619171142578125
2025-11-26 19:05:59.030752000,s3-eth2,89.61432647705078,10.385673522949219
2025-11-26 19:06:00.031734016,s1-eth1,94.83043670654297,5.169563293457031
2025-11-26 19:06:00.031857920,s2-eth2,90.33091735839844,9.669082641601562
2025-11-26 19:06:00.032026112,s3-eth2,88.89849853515625,11.10150146484375
2025-11-26 19:06:01.032926976,s1-eth1,95.81910705566406,4.1808929443359375
2025-11-26 19:06:01.033050112,s2-eth2,90.92091369628906,9.079086303710938
2025-11-26 19:06:01.033217024,s3-eth2,89.43183135986328,10.568168640136719
2025-11-26 19:06:02.034408192,s1-eth1,96.90668487548828,3.0933151245117188
2025-11-26 19:06:02.034533888,s2-eth2,90.82597351074219,9.174026489257812
2025-11-26 19:06:02.034720000,s3-eth2,89.30928039550781,10.690719604492188
2025-11-26 19:06:03.035316992,s1-eth1,98.3863296508789,1.6136703491210938
2025-11-26 19:06:03.035351040,s2-eth2,91.2232894897461,8.776710510253906
2025-11-26 19:06:03.035404800,s3-eth2,89.43189239501953,10.568107604980469
2025-11-26 19:06:04.035860992,s1-eth1,100.61611938476562,-0.616119384765625
2025-11-26 19:06:04.035960832,s2-eth2,91.69938659667969,8.300613403320312
2025-11-26 19:06:04.036109056,s3-eth2,89.61219787597656,10.387802124023438
2025-11-26 19:06:05.037178112,s1-eth1,101.91719055175781,-1.9171905517578125
2025-11-26 19:06:05.037317120,s2-eth2,91.18286895751953,8.817131042480469
2025-11-26 19:06:05.037481984,s3-eth2,89.15945434570312,10.840545654296875
2025-11-26 19:06:06.038362880,s1-eth1,105.42452239990234,-5.424522399902344
2025-11-26 19:06:06.038484992,s2-eth2,91.78669738769531,8.213302612304688
2025-11-26 19:06:06.038675968,s3-eth2,89.34286499023438,10.657135009765625
2025-11-26 19:06:07.039773952,s1-eth1,99.37499237060547,0.6250076293945312
2025-11-26 19:06:07.039897088,s2-eth2,93.23233032226562,6.767669677734375
2025-11-26 19:06:07.040061952,s3-eth2,89.91600799560547,10.083992004394531
2025-11-26 19:06:08.041207040,s1-eth1,93.47605895996094,6.5239410400390625
2025-11-26 19:06:08.041328896,s2-eth2,93.6371841430664,6.362815856933594
2025-11-26 19:06:08.041495040,s3-eth2,88.49864959716797,11.501350402832031
2025-11-26 19:06:09.042424832,s1-eth1,94.77448272705078,5.225517272949219
2025-11-26 19:06:09.042552064,s2-eth2,94.99507904052734,5.004920959472656
2025-11-26 19:06:09.042718976,s3-eth2,90.85446166992188,9.145538330078125
2025-11-26 19:06:10.043625984,s1-eth1,95.96710205078125,4.03289794921875
2025-11-26 19:06:10.043752960,s2-eth2,96.05265045166016,3.9473495483398438
2025-11-26 19:06:10.043940096,s3-eth2,86.86026763916016,13.139732360839844
2025-11-26 19:06:11.044819968,s1-eth1,95.55223083496094,4.4477691650390625
2025-11-26 19:06:11.044948992,s2-eth2,95.39591217041016,4.604087829589844
2025-11-26 19:06:11.045124096,s3-eth2,89.08893585205078,10.911064147949219
2025-11-26 19:06:12.046003200,s1-eth1,96.23506164550781,3.7649383544921875
2025-11-26 19:06:12.046145024,s2-eth2,96.18419647216797,3.8158035278320312
2025-11-26 19:06:12.046310912,s3-eth2,81.88217163085938,18.117828369140625
2025-11-26 19:06:13.047364864,s1-eth1,113.30623626708984,-13.306236267089844
2025-11-26 19:06:13.047494912,s2-eth2,112.80244445800781,-12.802444458007812
2025-11-26 19:06:13.047662080,s3-eth2,76.53589630126953,23.46410369873047
2025-11-26 19:06:14.048264960,s1-eth1,104.75049591064453,-4.750495910644531
2025-11-26 19:06:14.048312832,s2-eth2,105.01726531982422,-5.017265319824219
2025-11-26 19:06:14.048378112,s3-eth2,79.33116149902344,20.668838500976562
2025-11-26 19:06:15.048798976,s1-eth1,108.33375549316406,-8.333755493164062
2025-11-26 19:06:15.048867072,s2-eth2,108.45109558105469,-8.451095581054688
2025-11-26 19:06:15.048932096,s3-eth2,89.96878814697266,10.031211853027344
2025-11-26 19:06:16.049336832,s1-eth1,92.61066436767578,7.389335632324219
2025-11-26 19:06:16.049392896,s2-eth2,98.46751403808594,1.5324859619140625
2025-11-26 19:06:16.049463040,s3-eth2,98.0846176147461,1.9153823852539062
2025-11-26 19:06:17.049822976,s1-eth1,90.54100036621094,9.458999633789062
2025-11-26 19:06:17.049896960,s2-eth2,155.35101318359375,-55.35101318359375
2025-11-26 19:06:17.049957120,s3-eth2,147.90533447265625,-47.90533447265625
2025-11-26 19:06:18.050434048,s1-eth1,117.09696960449219,-17.096969604492188
2025-11-26 19:06:18.050506240,s2-eth2,117.2533950805664,-17.253395080566406
2025-11-26 19:06:18.050568960,s3-eth2,91.63220977783203,8.367790222167969
2025-11-26 19:06:19.050985216,s1-eth1,118.24800872802734,-18.248008728027344
2025-11-26 19:06:19.051028992,s2-eth2,117.66051483154297,-17.66051483154297
2025-11-26 19:06:19.051089920,s3-eth2,89.19837951660156,10.801620483398438
2025-11-26 19:06:20.051475968,s1-eth1,100.64651489257812,-0.646514892578125
2025-11-26 19:06:20.051518976,s2-eth2,100.8984375,-0.8984375
2025-11-26 19:06:20.051579904,s3-eth2,83.648193359375,16.351806640625
2025-11-26 19:06:21.051968000,s1-eth1,92.24502563476562,7.754974365234375
2025-11-26 19:06:21.052009984,s2-eth2,92.61395263671875,7.38604736328125
2025-11-26 19:06:21.052071936,s3-eth2,85.2457275390625,14.7542724609375
2025-11-26 19:06:22.052491008,s1-eth1,138.71311950683594,-38.71311950683594
2025-11-26 19:06:22.052530944,s2-eth2,92.49147033691406,7.5085296630859375
2025-11-26 19:06:22.052599040,s3-eth2,85.75578308105469,14.244216918945312
2025-11-26 19:06:23.052999936,s1-eth1,104.69792938232422,-4.697929382324219
2025-11-26 19:06:23.053040896,s2-eth2,92.52511596679688,7.474884033203125
2025-11-26 19:06:23.053144832,s3-eth2,84.85330200195312,15.146697998046875
2025-11-26 19:06:24.053556992,s1-eth1,92.87966918945312,7.120330810546875
2025-11-26 19:06:24.053606144,s2-eth2,92.75614929199219,7.2438507080078125
2025-11-26 19:06:24.053668096,s3-eth2,80.60359191894531,19.396408081054688
2025-11-26 19:06:25.054075904,s1-eth1,92.99227905273438,7.007720947265625
2025-11-26 19:06:25.054141952,s2-eth2,92.88142395019531,7.1185760498046875
2025-11-26 19:06:25.054204928,s3-eth2,76.48616027832031,23.513839721679688
2025-11-26 19:06:26.054585856,s1-eth1,93.164794921875,6.835205078125
2025-11-26 19:06:26.054626816,s2-eth2,92.79450225830078,7.205497741699219
2025-11-26 19:06:26.054696192,s3-eth2,84.05441284179688,15.945587158203125
2025-11-26 19:06:27.055106048,s1-eth1,92.20612335205078,7.793876647949219
2025-11-26 19:06:27.055149056,s2-eth2,92.15261840820312,7.847381591796875
2025-11-26 19:06:27.055210240,s3-eth2,92.21890258789062,7.781097412109375
2025-11-26 19:06:28.055616000,s1-eth1,92.20333099365234,7.796669006347656
2025-11-26 19:06:28.055655936,s2-eth2,92.20130920410156,7.7986907958984375
2025-11-26 19:06:28.055728896,s3-eth2,92.20130920410156,7.7986907958984375
2025-11-26 19:06:29.056111104,s1-eth1,92.2008056640625,7.7991943359375
2025-11-26 19:06:29.056154880,s2-eth2,92.2008056640625,7.7991943359375
2025-11-26 19:06:29.056210944,s3-eth2,92.10087585449219,7.8991241455078125
2025-11-26 19:06:30.056577024,s1-eth1,92.2008056640625,7.7991943359375
2025-11-26 19:06:30.056616192,s2-eth2,92.20030212402344,7.7996978759765625
2025-11-26 19:06:30.056677120,s3-eth2,92.20030212402344,7.7996978759765625
2025-11-26 19:06:31.057073152,s1-eth1,92.2008056640625,7.7991943359375
2025-11-26 19:06:31.057112832,s2-eth2,92.2008056640625,7.7991943359375
2025-11-26 19:06:31.057169920,s3-eth2,92.20527648925781,7.7947235107421875
2025-11-26 19:06:32.057562112,s1-eth1,92.18736267089844,7.8126373291015625
2025-11-26 19:06:32.057602816,s2-eth2,92.13890075683594,7.8610992431640625
2025-11-26 19:06:32.057678848,s3-eth2,92.64482116699219,7.3551788330078125
2025-11-26 19:06:33.058231040,s1-eth1,92.36187744140625,7.63812255859375
2025-11-26 19:06:33.058274048,s2-eth2,92.39552307128906,7.6044769287109375
2025-11-26 19:06:33.058355200,s3-eth2,92.69137573242188,7.308624267578125
2025-11-26 19:06:34.058751232,s1-eth1,87.53358459472656,12.466415405273438
2025-11-26 19:06:34.058804992,s2-eth2,90.76800537109375,9.23199462890625
2025-11-26 19:06:34.058888960,s3-eth2,92.65251159667969,7.3474884033203125
2025-11-26 19:06:35.059278848,s1-eth1,85.76522827148438,14.234771728515625
2025-11-26 19:06:35.059335936,s2-eth2,85.79736328125,14.20263671875
2025-11-26 19:06:35.059395072,s3-eth2,92.64474487304688,7.355255126953125
2025-11-26 19:06:36.059796992,s1-eth1,98.06721496582031,1.9327850341796875
2025-11-26 19:06:36.059841024,s2-eth2,97.98249816894531,2.0175018310546875
2025-11-26 19:06:36.059900928,s3-eth2,92.62300109863281,7.3769989013671875
2025-11-26 19:06:37.060295168,s1-eth1,100.85621643066406,-0.8562164306640625
2025-11-26 19:06:37.060344064,s2-eth2,100.89939880371094,-0.8993988037109375
2025-11-26 19:06:37.060403968,s3-eth2,92.69549560546875,7.30450439453125
2025-11-26 19:06:38.060834816,s1-eth1,99.14436340332031,0.8556365966796875
2025-11-26 19:06:38.060882944,s2-eth2,99.46495056152344,0.5350494384765625
2025-11-26 19:06:38.060969216,s3-eth2,92.49430084228516,7.505699157714844
2025-11-26 19:06:39.061388032,s1-eth1,97.57673645019531,2.4232635498046875
2025-11-26 19:06:39.061431040,s2-eth2,163.8334197998047,-63.83341979980469
2025-11-26 19:06:39.061496064,s3-eth2,92.10202026367188,7.897979736328125
2025-11-26 19:06:40.061918976,s1-eth1,96.60549926757812,3.394500732421875
2025-11-26 19:06:40.061961984,s2-eth2,96.53527069091797,3.4647293090820312
2025-11-26 19:06:40.062028032,s3-eth2,91.09553527832031,8.904464721679688
2025-11-26 19:06:41.062417152,s1-eth1,96.86026000976562,3.139739990234375
2025-11-26 19:06:41.062458880,s2-eth2,96.83651733398438,3.163482666015625
2025-11-26 19:06:41.062532864,s3-eth2,85.19364929199219,14.806350708007812
2025-11-26 19:06:42.062941184,s1-eth1,96.6185073852539,3.3814926147460938
2025-11-26 19:06:42.062992128,s2-eth2,96.84257507324219,3.1574249267578125
2025-11-26 19:06:42.063051008,s3-eth2,88.60537719726562,11.394622802734375
2025-11-26 19:06:43.063478016,s1-eth1,95.4442138671875,4.5557861328125
2025-11-26 19:06:43.063520000,s2-eth2,95.18216705322266,4.817832946777344
2025-11-26 19:06:43.063592960,s3-eth2,92.13404846191406,7.8659515380859375
2025-11-26 19:06:44.063997952,s1-eth1,98.14756774902344,1.8524322509765625
2025-11-26 19:06:44.064039936,s2-eth2,98.13201904296875,1.86798095703125
2025-11-26 19:06:44.064110080,s3-eth2,156.98931884765625,-56.98931884765625
2025-11-26 19:06:45.064496896,s1-eth1,96.23213958740234,3.7678604125976562
2025-11-26 19:06:45.064544000,s2-eth2,96.33668518066406,3.6633148193359375
2025-11-26 19:06:45.064604160,s3-eth2,92.19718170166016,7.802818298339844
2025-11-26 19:06:46.064992000,s1-eth1,99.21638488769531,0.7836151123046875
2025-11-26 19:06:46.065035008,s2-eth2,99.63825988769531,0.3617401123046875
2025-11-26 19:06:46.065094912,s3-eth2,92.2552490234375,7.7447509765625
2025-11-26 19:06:47.065671936,s1-eth1,99.95723724365234,0.04276275634765625
2025-11-26 19:06:47.065792000,s2-eth2,98.70643615722656,1.2935638427734375
2025-11-26 19:06:47.065956096,s3-eth2,92.06134033203125,7.93865966796875
2025-11-26 19:06:48.066561024,s1-eth1,93.4170913696289,6.582908630371094
2025-11-26 19:06:48.066607872,s2-eth2,92.29817962646484,7.701820373535156
2025-11-26 19:06:48.066669056,s3-eth2,92.20619201660156,7.7938079833984375
2025-11-26 19:06:49.067096832,s1-eth1,94.1801986694336,5.819801330566406
2025-11-26 19:06:49.067142912,s2-eth2,92.23316192626953,7.766838073730469
2025-11-26 19:06:49.067217152,s3-eth2,92.22654724121094,7.7734527587890625
2025-11-26 19:06:50.067631104,s1-eth1,104.29551696777344,-4.2955169677734375
2025-11-26 19:06:50.067686144,s2-eth2,92.30818176269531,7.6918182373046875
2025-11-26 19:06:50.067747072,s3-eth2,92.36383056640625,7.63616943359375
2025-11-26 19:06:51.068486912,s1-eth1,108.22293090820312,-8.222930908203125
2025-11-26 19:06:51.068613888,s2-eth2,157.07127380371094,-57.07127380371094
2025-11-26 19:06:51.068780032,s3-eth2,91.77629852294922,8.223701477050781
2025-11-26 19:06:52.069715968,s1-eth1,134.37998962402344,-34.37998962402344
2025-11-26 19:06:52.069844992,s2-eth2,67.42627716064453,32.57372283935547
2025-11-26 19:06:52.070008064,s3-eth2,67.41352844238281,32.58647155761719
2025-11-26 19:06:53.071054080,s1-eth1,103.97709655761719,-3.9770965576171875
2025-11-26 19:06:53.071168000,s2-eth2,91.76376342773438,8.236236572265625
2025-11-26 19:06:53.071312896,s3-eth2,91.79192352294922,8.208076477050781
2025-11-26 19:06:54.072196096,s1-eth1,92.21388244628906,7.7861175537109375
2025-11-26 19:06:54.072316928,s2-eth2,92.20890808105469,7.7910919189453125
2025-11-26 19:06:54.072481024,s3-eth2,91.52607727050781,8.473922729492188
2025-11-26 19:06:55.073437952,s1-eth1,92.18466186523438,7.815338134765625
2025-11-26 19:06:55.073553920,s2-eth2,92.28348541259766,7.716514587402344
2025-11-26 19:06:55.073723136,s3-eth2,91.42705535888672,8.572944641113281
2025-11-26 19:06:56.074670080,s1-eth1,92.2973861694336,7.702613830566406
2025-11-26 19:06:56.074786816,s2-eth2,92.17572784423828,7.824272155761719
2025-11-26 19:06:56.074984960,s3-eth2,90.87879180908203,9.121208190917969
2025-11-26 19:06:57.075924992,s1-eth1,92.23436737060547,7.765632629394531
2025-11-26 19:06:57.076054016,s2-eth2,92.25694274902344,7.7430572509765625
2025-11-26 19:06:57.076220160,s3-eth2,91.10149383544922,8.898506164550781
2025-11-26 19:06:58.077275904,s1-eth1,92.24368286132812,7.756317138671875
2025-11-26 19:06:58.077415936,s2-eth2,92.3442611694336,7.655738830566406
2025-11-26 19:06:58.077581056,s3-eth2,90.95101165771484,9.048988342285156
2025-11-26 19:06:59.078488064,s1-eth1,92.31119537353516,7.688804626464844
2025-11-26 19:06:59.078610944,s2-eth2,92.58284759521484,7.417152404785156
2025-11-26 19:06:59.078778880,s3-eth2,90.91866302490234,9.081336975097656
2025-11-26 19:07:00.079750912,s1-eth1,92.57320404052734,7.426795959472656
2025-11-26 19:07:00.079875840,s2-eth2,92.83541870117188,7.164581298828125
2025-11-26 19:07:00.080054016,s3-eth2,90.46733856201172,9.532661437988281
2025-11-26 19:07:01.081014016,s1-eth1,92.53864288330078,7.461357116699219
2025-11-26 19:07:01.081135872,s2-eth2,92.8609390258789,7.139060974121094
2025-11-26 19:07:01.081300992,s3-eth2,89.42777252197266,10.572227478027344
2025-11-26 19:07:02.081906944,s1-eth1,92.83766174316406,7.1623382568359375
2025-11-26 19:07:02.081952000,s2-eth2,92.9413833618164,7.058616638183594
2025-11-26 19:07:02.082016000,s3-eth2,88.13790893554688,11.862091064453125
2025-11-26 19:07:03.082940928,s1-eth1,93.36912536621094,6.6308746337890625
2025-11-26 19:07:03.083066112,s2-eth2,93.13672637939453,6.863273620605469
2025-11-26 19:07:03.083233024,s3-eth2,86.40322875976562,13.596771240234375
2025-11-26 19:07:04.083955968,s1-eth1,93.40630340576172,6.593696594238281
2025-11-26 19:07:04.084034048,s2-eth2,93.44457244873047,6.555427551269531
2025-11-26 19:07:04.084158976,s3-eth2,82.74030303955078,17.25969696044922
2025-11-26 19:07:05.085058048,s1-eth1,89.55685424804688,10.443145751953125
2025-11-26 19:07:05.085208064,s2-eth2,93.96572875976562,6.034271240234375
2025-11-26 19:07:05.085377024,s3-eth2,62.807891845703125,37.192108154296875
2025-11-26 19:07:06.086311936,s1-eth1,93.8325424194336,6.167457580566406
2025-11-26 19:07:06.086460160,s2-eth2,94.37711334228516,5.622886657714844
2025-11-26 19:07:06.086626048,s3-eth2,57.538265228271484,42.461734771728516
2025-11-26 19:07:07.087569920,s1-eth1,95.24124908447266,4.758750915527344
2025-11-26 19:07:07.087697920,s2-eth2,94.92828369140625,5.07171630859375
2025-11-26 19:07:07.087863040,s3-eth2,73.97482299804688,26.025177001953125
2025-11-26 19:07:08.088869120,s1-eth1,94.241455078125,5.758544921875
2025-11-26 19:07:08.088998912,s2-eth2,82.49481201171875,17.50518798828125
2025-11-26 19:07:08.089161984,s3-eth2,82.48919677734375,17.51080322265625
2025-11-26 19:07:09.090071808,s1-eth1,94.58828735351562,5.411712646484375
2025-11-26 19:07:09.090193152,s2-eth2,94.5546646118164,5.445335388183594
2025-11-26 19:07:09.090351104,s3-eth2,94.58777618408203,5.412223815917969
2025-11-26 19:07:10.091258112,s1-eth1,95.0151138305664,4.984886169433594
2025-11-26 19:07:10.091372032,s2-eth2,95.01661682128906,4.9833831787109375
2025-11-26 19:07:10.091526912,s3-eth2,94.91678619384766,5.083213806152344
2025-11-26 19:07:11.092428032,s1-eth1,95.52787017822266,4.472129821777344
2025-11-26 19:07:11.092542976,s2-eth2,95.62783813476562,4.372161865234375
2025-11-26 19:07:11.092699904,s3-eth2,95.62783813476562,4.372161865234375
2025-11-26 19:07:12.093609216,s1-eth1,96.70687103271484,3.2931289672851562
2025-11-26 19:07:12.093723904,s2-eth2,96.6075439453125,3.3924560546875
2025-11-26 19:07:12.093893888,s3-eth2,96.7073745727539,3.2926254272460938
2025-11-26 19:07:13.094930944,s1-eth1,98.5777587890625,1.4222412109375
2025-11-26 19:07:13.095060224,s2-eth2,98.67708587646484,1.3229141235351562
2025-11-26 19:07:13.095232000,s3-eth2,98.57725524902344,1.4227447509765625
2025-11-26 19:07:14.096105216,s1-eth1,101.36625671386719,-1.3662567138671875
2025-11-26 19:07:14.096235008,s2-eth2,101.35723114013672,-1.3572311401367188
2025-11-26 19:07:14.096391936,s3-eth2,101.45706176757812,-1.457061767578125
2025-11-26 19:07:15.097313792,s1-eth1,104.26918029785156,-4.2691802978515625
2025-11-26 19:07:15.097445888,s2-eth2,104.84259033203125,-4.84259033203125
2025-11-26 19:07:15.097601024,s3-eth2,104.95248413085938,-4.952484130859375
2025-11-26 19:07:16.098494976,s1-eth1,106.18867492675781,-6.1886749267578125
2025-11-26 19:07:16.098608896,s2-eth2,105.52495574951172,-5.524955749511719
2025-11-26 19:07:16.098764032,s3-eth2,105.31523132324219,-5.3152313232421875
2025-11-26 19:07:17.099372032,s1-eth1,104.15460968017578,-4.154609680175781
2025-11-26 19:07:17.099414016,s2-eth2,104.15467071533203,-4.154670715332031
2025-11-26 19:07:17.099473920,s3-eth2,104.15410614013672,-4.154106140136719
2025-11-26 19:07:18.100435968,s1-eth1,92.1211929321289,7.878807067871094
2025-11-26 19:07:18.100562944,s2-eth2,158.65440368652344,-58.65440368652344
2025-11-26 19:07:18.100728064,s3-eth2,158.64703369140625,-58.64703369140625
2025-11-26 19:07:19.101316096,s1-eth1,92.3247299194336,7.675270080566406
2025-11-26 19:07:19.101357824,s2-eth2,92.33041381835938,7.669586181640625
2025-11-26 19:07:19.101414912,s3-eth2,92.21253204345703,7.787467956542969
2025-11-26 19:07:20.101861888,s1-eth1,95.38577270507812,4.614227294921875
2025-11-26 19:07:20.101916160,s2-eth2,95.38627624511719,4.6137237548828125
2025-11-26 19:07:20.101990912,s3-eth2,92.2008056640625,7.7991943359375
2025-11-26 19:07:21.102781952,s1-eth1,103.59688568115234,-3.5968856811523438
2025-11-26 19:07:21.102919936,s2-eth2,103.79805755615234,-3.7980575561523438
2025-11-26 19:07:21.103097856,s3-eth2,82.18374633789062,17.816253662109375
2025-11-26 19:07:22.104034816,s1-eth1,109.63919830322266,-9.639198303222656
2025-11-26 19:07:22.104159232,s2-eth2,110.24126434326172,-10.241264343261719
2025-11-26 19:07:22.104347904,s3-eth2,84.3627700805664,15.637229919433594
2025-11-26 19:07:23.105433856,s1-eth1,108.91529083251953,-8.915290832519531
2025-11-26 19:07:23.105572096,s2-eth2,108.9403305053711,-8.940330505371094
2025-11-26 19:07:23.105742848,s3-eth2,76.55563354492188,23.444366455078125
2025-11-26 19:07:24.106705920,s1-eth1,106.39373016357422,-6.393730163574219
2025-11-26 19:07:24.106828800,s2-eth2,105.88941192626953,-5.889411926269531
2025-11-26 19:07:24.107019008,s3-eth2,64.61869049072266,35.381309509277344
2025-11-26 19:07:25.107964160,s1-eth1,101.75809478759766,-1.7580947875976562
2025-11-26 19:07:25.108086016,s2-eth2,101.7688217163086,-1.7688217163085938
2025-11-26 19:07:25.108258048,s3-eth2,81.62509155273438,18.374908447265625
2025-11-26 19:07:26.109149952,s1-eth1,92.11900329589844,7.8809967041015625
2025-11-26 19:07:26.109268992,s2-eth2,92.11900329589844,7.8809967041015625
2025-11-26 19:07:26.109430016,s3-eth2,92.21205139160156,7.7879486083984375
2025-11-26 19:07:27.110336000,s1-eth1,92.11034393310547,7.889656066894531
2025-11-26 19:07:27.110456064,s2-eth2,92.20903015136719,7.7909698486328125
2025-11-26 19:07:27.110620928,s3-eth2,92.10919952392578,7.890800476074219
2025-11-26 19:07:28.111371008,s1-eth1,92.20852661132812,7.791473388671875
2025-11-26 19:07:28.111412992,s2-eth2,92.20130920410156,7.7986907958984375
2025-11-26 19:07:28.111483136,s3-eth2,92.20474243164062,7.795257568359375
2025-11-26 19:07:29.112229120,s1-eth1,92.17124938964844,7.8287506103515625
2025-11-26 19:07:29.112343040,s2-eth2,92.19407653808594,7.8059234619140625
2025-11-26 19:07:29.112525056,s3-eth2,92.580322265625,7.419677734375
2025-11-26 19:07:30.113444096,s1-eth1,92.3686752319336,7.631324768066406
2025-11-26 19:07:30.113579008,s2-eth2,92.277587890625,7.722412109375
2025-11-26 19:07:30.113746944,s3-eth2,92.7036361694336,7.296363830566406
2025-11-26 19:07:31.114667008,s1-eth1,89.94327545166016,10.056724548339844
2025-11-26 19:07:31.114808064,s2-eth2,92.47235870361328,7.527641296386719
2025-11-26 19:07:31.114990848,s3-eth2,92.57530212402344,7.4246978759765625
2025-11-26 19:07:32.115916032,s1-eth1,92.78116607666016,7.218833923339844
2025-11-26 19:07:32.116038912,s2-eth2,92.7831802368164,7.216819763183594
2025-11-26 19:07:32.116205056,s3-eth2,92.53314208984375,7.46685791015625
2025-11-26 19:07:33.116816896,s1-eth1,92.8904037475586,7.109596252441406
2025-11-26 19:07:33.116861952,s2-eth2,92.90768432617188,7.092315673828125
2025-11-26 19:07:33.116924928,s3-eth2,92.87492370605469,7.1250762939453125
2025-11-26 19:07:34.117327872,s1-eth1,93.02240753173828,6.977592468261719
2025-11-26 19:07:34.117371136,s2-eth2,94.54791259765625,5.45208740234375
2025-11-26 19:07:34.117434112,s3-eth2,92.5398941040039,7.460105895996094
2025-11-26 19:07:35.117979136,s1-eth1,93.65473175048828,6.345268249511719
2025-11-26 19:07:35.118102016,s2-eth2,142.560546875,-42.560546875
2025-11-26 19:07:35.118273024,s3-eth2,92.27274322509766,7.727256774902344
2025-11-26 19:07:36.119243008,s1-eth1,93.06698608398438,6.933013916015625
2025-11-26 19:07:36.119364864,s2-eth2,92.63159942626953,7.368400573730469
2025-11-26 19:07:36.119554048,s3-eth2,88.74606323242188,11.253936767578125
2025-11-26 19:07:37.120489984,s1-eth1,93.81587982177734,6.184120178222656
2025-11-26 19:07:37.120624128,s2-eth2,92.9729995727539,7.027000427246094
2025-11-26 19:07:37.120798208,s3-eth2,92.23169708251953,7.768302917480469
2025-11-26 19:07:38.121757952,s1-eth1,93.68136596679688,6.318634033203125
2025-11-26 19:07:38.121917952,s2-eth2,92.51786804199219,7.4821319580078125
2025-11-26 19:07:38.122093056,s3-eth2,92.10624694824219,7.8937530517578125
2025-11-26 19:07:39.123083008,s1-eth1,94.01837158203125,5.98162841796875
2025-11-26 19:07:39.123204864,s2-eth2,93.22325897216797,6.776741027832031
2025-11-26 19:07:39.123380992,s3-eth2,92.16255187988281,7.8374481201171875
2025-11-26 19:07:40.124324096,s1-eth1,94.73307800292969,5.2669219970703125
2025-11-26 19:07:40.124442112,s2-eth2,92.88467407226562,7.115325927734375
2025-11-26 19:07:40.124613120,s3-eth2,92.2168960571289,7.783103942871094
2025-11-26 19:07:41.125596160,s1-eth1,96.75830841064453,3.2416915893554688
2025-11-26 19:07:41.125716992,s2-eth2,94.09642028808594,5.9035797119140625
2025-11-26 19:07:41.125893120,s3-eth2,92.11067199707031,7.8893280029296875
2025-11-26 19:07:42.126880000,s1-eth1,96.15713500976562,3.842864990234375
2025-11-26 19:07:42.127009024,s2-eth2,93.54875946044922,6.451240539550781
2025-11-26 19:07:42.127182080,s3-eth2,92.19225311279297,7.807746887207031
2025-11-26 19:07:43.128279040,s1-eth1,101.32542419433594,-1.3254241943359375
2025-11-26 19:07:43.128406016,s2-eth2,95.79058837890625,4.20941162109375
2025-11-26 19:07:43.128595968,s3-eth2,92.07231903076172,7.927680969238281
2025-11-26 19:07:44.129498112,s1-eth1,101.0926742553711,-1.0926742553710938
2025-11-26 19:07:44.129643008,s2-eth2,94.90625762939453,5.093742370605469
2025-11-26 19:07:44.129814016,s3-eth2,92.15991973876953,7.840080261230469
2025-11-26 19:07:45.130728960,s1-eth1,107.9126205444336,-7.912620544433594
2025-11-26 19:07:45.130868992,s2-eth2,95.30915832519531,4.6908416748046875
2025-11-26 19:07:45.131041024,s3-eth2,92.11026763916016,7.889732360839844
2025-11-26 19:07:46.132000000,s1-eth1,118.10662078857422,-18.10662078857422
2025-11-26 19:07:46.132129024,s2-eth2,82.92607879638672,17.07392120361328
2025-11-26 19:07:46.132299008,s3-eth2,71.94839477539062,28.051605224609375
2025-11-26 19:07:47.133257984,s1-eth1,122.66604614257812,-22.666046142578125
2025-11-26 19:07:47.133385984,s2-eth2,80.72117614746094,19.278823852539062
2025-11-26 19:07:47.133560064,s3-eth2,57.32643508911133,42.67356491088867
2025-11-26 19:07:48.134519040,s1-eth1,111.16182708740234,-11.161827087402344
2025-11-26 19:07:48.134641920,s2-eth2,109.73285675048828,-9.732856750488281
2025-11-26 19:07:48.134828032,s3-eth2,162.5553741455078,-62.55537414550781
2025-11-26 19:07:49.135484928,s1-eth1,93.78802490234375,6.21197509765625
2025-11-26 19:07:49.135528960,s2-eth2,92.28572082519531,7.7142791748046875
2025-11-26 19:07:49.135597824,s3-eth2,92.20706176757812,7.792938232421875
2025-11-26 19:07:50.136315136,s1-eth1,93.56126403808594,6.4387359619140625
2025-11-26 19:07:50.136451072,s2-eth2,92.30070495605469,7.6992950439453125
2025-11-26 19:07:50.136649984,s3-eth2,92.10293579101562,7.897064208984375
2025-11-26 19:07:51.137590016,s1-eth1,93.66119384765625,6.33880615234375
2025-11-26 19:07:51.137726976,s2-eth2,92.17110443115234,7.828895568847656
2025-11-26 19:07:51.137883904,s3-eth2,92.27093505859375,7.72906494140625
2025-11-26 19:07:52.138820864,s1-eth1,94.93839263916016,5.061607360839844
2025-11-26 19:07:52.138991104,s2-eth2,92.2006607055664,7.799339294433594
2025-11-26 19:07:52.139190016,s3-eth2,92.2006607055664,7.799339294433594
2025-11-26 19:07:53.140305920,s1-eth1,95.00365447998047,4.996345520019531
2025-11-26 19:07:53.140429056,s2-eth2,92.24433898925781,7.7556610107421875
2025-11-26 19:07:53.140588032,s3-eth2,92.1445083618164,7.855491638183594
2025-11-26 19:07:54.141541888,s1-eth1,97.35417175292969,2.6458282470703125
2025-11-26 19:07:54.141664000,s2-eth2,156.8795928955078,-56.87959289550781
2025-11-26 19:07:54.141830912,s3-eth2,91.86407470703125,8.13592529296875
2025-11-26 19:07:55.142835968,s1-eth1,98.45435333251953,1.5456466674804688
2025-11-26 19:07:55.143003904,s2-eth2,91.96292114257812,8.037078857421875
2025-11-26 19:07:55.143166976,s3-eth2,92.05717468261719,7.9428253173828125
2025-11-26 19:07:56.144079872,s1-eth1,99.87431335449219,0.1256866455078125
2025-11-26 19:07:56.144201984,s2-eth2,91.0161361694336,8.983863830566406
2025-11-26 19:07:56.144359168,s3-eth2,91.0161361694336,8.983863830566406
2025-11-26 19:07:57.144961024,s1-eth1,102.2835693359375,-2.2835693359375
2025-11-26 19:07:57.145005824,s2-eth2,88.85719299316406,11.142807006835938
2025-11-26 19:07:57.145070080,s3-eth2,88.75726318359375,11.24273681640625
2025-11-26 19:07:58.145943040,s1-eth1,105.08314514160156,-5.0831451416015625
2025-11-26 19:07:58.146065920,s2-eth2,88.46090698242188,11.539093017578125
2025-11-26 19:07:58.146248192,s3-eth2,88.43238067626953,11.567619323730469
2025-11-26 19:07:59.146982912,s1-eth1,100.40874481201172,-0.40874481201171875
2025-11-26 19:07:59.147069952,s2-eth2,88.17805480957031,11.821945190429688
2025-11-26 19:07:59.147187968,s3-eth2,88.32098388671875,11.67901611328125
2025-11-26 19:08:00.148147200,s1-eth1,92.79149627685547,7.208503723144531
2025-11-26 19:08:00.148289024,s2-eth2,87.91607666015625,12.08392333984375
2025-11-26 19:08:00.148451072,s3-eth2,87.91070556640625,12.08929443359375
2025-11-26 19:08:01.149390848,s1-eth1,92.69929504394531,7.3007049560546875
2025-11-26 19:08:01.149512960,s2-eth2,87.09217071533203,12.907829284667969
2025-11-26 19:08:01.149677056,s3-eth2,86.43191528320312,13.568084716796875
2025-11-26 19:08:02.150598912,s1-eth1,92.77557373046875,7.22442626953125
2025-11-26 19:08:02.150722048,s2-eth2,88.59329223632812,11.406707763671875
2025-11-26 19:08:02.150910976,s3-eth2,87.71428680419922,12.285713195800781
2025-11-26 19:08:03.151832064,s1-eth1,92.76010131835938,7.239898681640625
2025-11-26 19:08:03.151954944,s2-eth2,86.27095794677734,13.729042053222656
2025-11-26 19:08:03.152119040,s3-eth2,85.3247299194336,14.675270080566406
2025-11-26 19:08:04.153175040,s1-eth1,92.75540924072266,7.244590759277344
2025-11-26 19:08:04.153295872,s2-eth2,88.32365417480469,11.676345825195312
2025-11-26 19:08:04.153460992,s3-eth2,86.81098937988281,13.189010620117188
2025-11-26 19:08:05.154356992,s1-eth1,92.44857025146484,7.551429748535156
2025-11-26 19:08:05.154479104,s2-eth2,88.01393127441406,11.986068725585938
2025-11-26 19:08:05.154643968,s3-eth2,86.6171646118164,13.382835388183594
2025-11-26 19:08:06.155569920,s1-eth1,92.42951965332031,7.5704803466796875
2025-11-26 19:08:06.155692032,s2-eth2,86.23590087890625,13.76409912109375
2025-11-26 19:08:06.155855872,s3-eth2,84.69613647460938,15.303863525390625
2025-11-26 19:08:07.156775936,s1-eth1,92.46021270751953,7.539787292480469
2025-11-26 19:08:07.156899072,s2-eth2,87.42841339111328,12.571586608886719
2025-11-26 19:08:07.157079808,s3-eth2,85.19930267333984,14.800697326660156
2025-11-26 19:08:08.157982208,s1-eth1,92.51828002929688,7.481719970703125
2025-11-26 19:08:08.158121216,s2-eth2,92.73628997802734,7.263710021972656
2025-11-26 19:08:08.158287104,s3-eth2,77.92964172363281,22.070358276367188
2025-11-26 19:08:09.159440896,s1-eth1,92.78450775146484,7.215492248535156
2025-11-26 19:08:09.159582976,s2-eth2,92.92183685302734,7.078163146972656
2025-11-26 19:08:09.159752960,s3-eth2,77.90258026123047,22.09741973876953
2025-11-26 19:08:10.160435968,s1-eth1,92.76470947265625,7.23529052734375
2025-11-26 19:08:10.160489984,s2-eth2,92.97087097167969,7.0291290283203125
2025-11-26 19:08:10.160552960,s3-eth2,75.90313720703125,24.09686279296875
2025-11-26 19:08:11.160933888,s1-eth1,92.77848052978516,7.221519470214844
2025-11-26 19:08:11.160971008,s2-eth2,94.22509765625,5.77490234375
2025-11-26 19:08:11.161024000,s3-eth2,75.74966430664062,24.250335693359375
2025-11-26 19:08:12.161417984,s1-eth1,92.8343505859375,7.1656494140625
2025-11-26 19:08:12.161463040,s2-eth2,94.46530151367188,5.534698486328125
2025-11-26 19:08:12.161524992,s3-eth2,75.15618896484375,24.84381103515625
2025-11-26 19:08:13.161943040,s1-eth1,92.915771484375,7.084228515625
2025-11-26 19:08:13.161987072,s2-eth2,94.24461364746094,5.7553863525390625
2025-11-26 19:08:13.162053120,s3-eth2,72.76373291015625,27.23626708984375
2025-11-26 19:08:14.162899968,s1-eth1,80.52737426757812,19.472625732421875
2025-11-26 19:08:14.163023104,s2-eth2,94.60212707519531,5.3978729248046875
2025-11-26 19:08:14.163194880,s3-eth2,78.67317962646484,21.326820373535156
2025-11-26 19:08:15.164127232,s1-eth1,80.42155456542969,19.578445434570312
2025-11-26 19:08:15.164257024,s2-eth2,95.45121765136719,4.5487823486328125
2025-11-26 19:08:15.164439808,s3-eth2,91.90020751953125,8.09979248046875
2025-11-26 19:08:16.165400064,s1-eth1,92.58655548095703,7.413444519042969
2025-11-26 19:08:16.165533184,s2-eth2,98.0989990234375,1.9010009765625
2025-11-26 19:08:16.165715968,s3-eth2,98.09843444824219,1.9015655517578125
2025-11-26 19:08:17.166630912,s1-eth1,93.39359283447266,6.606407165527344
2025-11-26 19:08:17.166775040,s2-eth2,98.27304077148438,1.726959228515625
2025-11-26 19:08:17.166951936,s3-eth2,98.21546173095703,1.7845382690429688
2025-11-26 19:08:18.167928832,s1-eth1,92.88784790039062,7.112152099609375
2025-11-26 19:08:18.168064000,s2-eth2,98.67091369628906,1.3290863037109375
2025-11-26 19:08:18.168230144,s3-eth2,98.7381820678711,1.2618179321289062
2025-11-26 19:08:19.169282816,s1-eth1,92.2438735961914,7.756126403808594
2025-11-26 19:08:19.169413120,s2-eth2,104.97644805908203,-4.976448059082031
2025-11-26 19:08:19.169575936,s3-eth2,104.85469818115234,-4.854698181152344
2025-11-26 19:08:20.170492928,s1-eth1,92.90169525146484,7.098304748535156
2025-11-26 19:08:20.170620928,s2-eth2,110.59925842285156,-10.599258422851562
2025-11-26 19:08:20.170785024,s3-eth2,109.9234619140625,-9.9234619140625
2025-11-26 19:08:21.171712000,s1-eth1,93.67742156982422,6.322578430175781
2025-11-26 19:08:21.171842048,s2-eth2,109.27535247802734,-9.275352478027344
2025-11-26 19:08:21.172009984,s3-eth2,108.42144012451172,-8.421440124511719
2025-11-26 19:08:22.172965888,s1-eth1,95.63812255859375,4.36187744140625
2025-11-26 19:08:22.173093120,s2-eth2,95.6550521850586,4.344947814941406
2025-11-26 19:08:22.173284096,s3-eth2,94.19373321533203,5.806266784667969
2025-11-26 19:08:23.174196992,s1-eth1,94.91224670410156,5.0877532958984375
2025-11-26 19:08:23.174319104,s2-eth2,94.71404266357422,5.285957336425781
2025-11-26 19:08:23.174505984,s3-eth2,93.36600494384766,6.633995056152344
2025-11-26 19:08:24.175576832,s1-eth1,95.3984375,4.6015625
2025-11-26 19:08:24.175718144,s2-eth2,95.47648620605469,4.5235137939453125
2025-11-26 19:08:24.175894016,s3-eth2,81.97586059570312,18.024139404296875
2025-11-26 19:08:25.176858880,s1-eth1,95.83367156982422,4.166328430175781
2025-11-26 19:08:25.176980992,s2-eth2,96.55976867675781,3.4402313232421875
2025-11-26 19:08:25.177155072,s3-eth2,92.91139221191406,7.0886077880859375
2025-11-26 19:08:26.178228992,s1-eth1,97.78649139404297,2.2135086059570312
2025-11-26 19:08:26.178377984,s2-eth2,97.064697265625,2.935302734375
2025-11-26 19:08:26.178566912,s3-eth2,94.47870635986328,5.521293640136719
2025-11-26 19:08:27.179641856,s1-eth1,101.58757019042969,-1.5875701904296875
2025-11-26 19:08:27.179766016,s2-eth2,101.28095245361328,-1.2809524536132812
2025-11-26 19:08:27.179940864,s3-eth2,96.01432800292969,3.9856719970703125
2025-11-26 19:08:28.180905984,s1-eth1,106.35921478271484,-6.359214782714844
2025-11-26 19:08:28.181030144,s2-eth2,106.37676239013672,-6.376762390136719
2025-11-26 19:08:28.181214208,s3-eth2,96.25707244873047,3.7429275512695312
2025-11-26 19:08:29.182341120,s1-eth1,111.06194305419922,-11.061943054199219
2025-11-26 19:08:29.182481920,s2-eth2,111.01368713378906,-11.013687133789062
2025-11-26 19:08:29.182651136,s3-eth2,97.19539642333984,2.8046035766601562
2025-11-26 19:08:30.183699968,s1-eth1,113.93791198730469,-13.937911987304688
2025-11-26 19:08:30.183851008,s2-eth2,114.60210418701172,-14.602104187011719
2025-11-26 19:08:30.184019968,s3-eth2,102.5774917602539,-2.5774917602539062
2025-11-26 19:08:31.184971008,s1-eth1,117.34928894042969,-17.349288940429688
2025-11-26 19:08:31.185094144,s2-eth2,116.7148666381836,-16.714866638183594
2025-11-26 19:08:31.185264128,s3-eth2,101.60010528564453,-1.6001052856445312
2025-11-26 19:08:32.186241024,s1-eth1,105.72049713134766,-5.720497131347656
2025-11-26 19:08:32.186363904,s2-eth2,105.6842041015625,-5.6842041015625
2025-11-26 19:08:32.186532864,s3-eth2,99.16593933105469,0.8340606689453125
2025-11-26 19:08:33.187582976,s1-eth1,101.20864868164062,-1.208648681640625
2025-11-26 19:08:33.187709184,s2-eth2,100.5897216796875,-0.5897216796875
2025-11-26 19:08:33.187885056,s3-eth2,93.46392059326172,6.536079406738281
2025-11-26 19:08:34.188920064,s1-eth1,94.57535552978516,5.424644470214844
2025-11-26 19:08:34.189047040,s2-eth2,92.80699157714844,7.1930084228515625
2025-11-26 19:08:34.189233152,s3-eth2,86.71068572998047,13.289314270019531
2025-11-26 19:08:35.190209024,s1-eth1,94.40514373779297,5.594856262207031
2025-11-26 19:08:35.190352896,s2-eth2,92.84395599365234,7.156044006347656
2025-11-26 19:08:35.190528000,s3-eth2,85.40157318115234,14.598426818847656
2025-11-26 19:08:36.191484928,s1-eth1,95.4599380493164,4.540061950683594
2025-11-26 19:08:36.191616000,s2-eth2,92.88479614257812,7.115203857421875
2025-11-26 19:08:36.191791104,s3-eth2,86.74384307861328,13.256156921386719
2025-11-26 19:08:37.192745984,s1-eth1,96.16081237792969,3.8391876220703125
2025-11-26 19:08:37.192877056,s2-eth2,92.82342529296875,7.17657470703125
2025-11-26 19:08:37.193048832,s3-eth2,86.56556701660156,13.434432983398438
2025-11-26 19:08:38.194013952,s1-eth1,97.01360321044922,2.9863967895507812
2025-11-26 19:08:38.194142208,s2-eth2,92.86341857910156,7.1365814208984375
2025-11-26 19:08:38.194313984,s3-eth2,86.45765686035156,13.542343139648438
2025-11-26 19:08:39.195456000,s1-eth1,97.14492797851562,2.855072021484375
2025-11-26 19:08:39.195588096,s2-eth2,92.6988754272461,7.301124572753906
2025-11-26 19:08:39.195761920,s3-eth2,86.82502746582031,13.174972534179688
2025-11-26 19:08:40.196695040,s1-eth1,101.34973907470703,-1.3497390747070312
2025-11-26 19:08:40.196824064,s2-eth2,92.27974700927734,7.720252990722656
2025-11-26 19:08:40.197007872,s3-eth2,92.2453384399414,7.754661560058594
2025-11-26 19:08:41.197910016,s1-eth1,103.94187927246094,-3.9418792724609375
2025-11-26 19:08:41.198051840,s2-eth2,92.5572509765625,7.4427490234375
2025-11-26 19:08:41.198224128,s3-eth2,92.11222839355469,7.8877716064453125
2025-11-26 19:08:42.199148032,s1-eth1,114.00872039794922,-14.008720397949219
2025-11-26 19:08:42.199275008,s2-eth2,93.22999572753906,6.7700042724609375
2025-11-26 19:08:42.199444992,s3-eth2,92.20903015136719,7.7909698486328125
2025-11-26 19:08:43.200384000,s1-eth1,129.20213317871094,-29.202133178710938
2025-11-26 19:08:43.200515072,s2-eth2,103.04472351074219,-3.0447235107421875
2025-11-26 19:08:43.200687872,s3-eth2,92.00836944580078,7.991630554199219
2025-11-26 19:08:44.201327104,s1-eth1,156.03402709960938,-56.034027099609375
2025-11-26 19:08:44.201457920,s2-eth2,125.789306640625,-25.789306640625
2025-11-26 19:08:44.201630208,s3-eth2,86.98857116699219,13.011428833007812
2025-11-26 19:08:45.202564096,s1-eth1,129.955810546875,-29.955810546875
2025-11-26 19:08:45.202693888,s2-eth2,142.81005859375,-42.81005859375
2025-11-26 19:08:45.202915072,s3-eth2,76.4131088256836,23.586891174316406
2025-11-26 19:08:46.204096000,s1-eth1,108.63078308105469,-8.630783081054688
2025-11-26 19:08:46.204248832,s2-eth2,91.74027252197266,8.259727478027344
2025-11-26 19:08:46.204413952,s3-eth2,91.73503112792969,8.264968872070312
2025-11-26 19:08:47.205370880,s1-eth1,103.1773452758789,-3.1773452758789062
2025-11-26 19:08:47.205521152,s2-eth2,91.92161560058594,8.078384399414062
2025-11-26 19:08:47.205681152,s3-eth2,91.82178497314453,8.178215026855469
2025-11-26 19:08:48.206614016,s1-eth1,92.20794677734375,7.79205322265625
2025-11-26 19:08:48.206734848,s2-eth2,92.11071014404297,7.889289855957031
2025-11-26 19:08:48.206907136,s3-eth2,92.11071014404297,7.889289855957031
2025-11-26 19:08:49.208007936,s1-eth1,92.12174987792969,7.8782501220703125
2025-11-26 19:08:49.208128000,s2-eth2,92.20903015136719,7.7909698486328125
2025-11-26 19:08:49.208285952,s3-eth2,92.20903015136719,7.7909698486328125
2025-11-26 19:08:50.209180160,s1-eth1,92.20702362060547,7.792976379394531
2025-11-26 19:08:50.209294080,s2-eth2,92.10719299316406,7.8928070068359375
2025-11-26 19:08:50.209459968,s3-eth2,156.9138641357422,-56.91386413574219
2025-11-26 19:08:51.210360064,s1-eth1,92.1318359375,7.8681640625
2025-11-26 19:08:51.210472960,s2-eth2,92.13233947753906,7.8676605224609375
2025-11-26 19:08:51.210628096,s3-eth2,92.23217010498047,7.767829895019531
2025-11-26 19:08:52.211518976,s1-eth1,92.22161102294922,7.778388977050781
2025-11-26 19:08:52.211632128,s2-eth2,92.22110748291016,7.778892517089844
2025-11-26 19:08:52.211787008,s3-eth2,92.12127685546875,7.87872314453125
2025-11-26 19:08:53.212706048,s1-eth1,92.11286163330078,7.887138366699219
2025-11-26 19:08:53.212820992,s2-eth2,92.11336517333984,7.886634826660156
2025-11-26 19:08:53.212976896,s3-eth2,92.21319580078125,7.78680419921875
2025-11-26 19:08:54.214044928,s1-eth1,92.20903015136719,7.7909698486328125
2025-11-26 19:08:54.214159872,s2-eth2,92.20916748046875,7.79083251953125
2025-11-26 19:08:54.214315776,s3-eth2,92.10933685302734,7.890663146972656
2025-11-26 19:08:55.215235840,s1-eth1,92.11212921142578,7.887870788574219
2025-11-26 19:08:55.215354880,s2-eth2,92.10919952392578,7.890800476074219
2025-11-26 19:08:55.215510016,s3-eth2,92.20903015136719,7.7909698486328125
2025-11-26 19:08:56.216429056,s1-eth1,92.21459197998047,7.785408020019531
2025-11-26 19:08:56.216547840,s2-eth2,92.20852661132812,7.791473388671875
2025-11-26 19:08:56.216721152,s3-eth2,92.10869598388672,7.891304016113281
2025-11-26 19:08:57.217617152,s1-eth1,92.12808227539062,7.871917724609375
2025-11-26 19:08:57.217737984,s2-eth2,92.010009765625,7.989990234375
2025-11-26 19:08:57.217911040,s3-eth2,92.1098403930664,7.890159606933594
2025-11-26 19:08:58.218796032,s1-eth1,92.17498016357422,7.825019836425781
2025-11-26 19:08:58.218961920,s2-eth2,91.60803985595703,8.391960144042969
2025-11-26 19:08:58.219119104,s3-eth2,91.90753173828125,8.09246826171875
2025-11-26 19:08:59.219790080,s1-eth1,92.36454772949219,7.6354522705078125
2025-11-26 19:08:59.219846912,s2-eth2,86.87733459472656,13.122665405273438
2025-11-26 19:08:59.219907072,s3-eth2,86.77740478515625,13.22259521484375
2025-11-26 19:09:00.220713984,s1-eth1,92.61953735351562,7.380462646484375
2025-11-26 19:09:00.220837120,s2-eth2,91.9827880859375,8.0172119140625
2025-11-26 19:09:00.221005056,s3-eth2,78.14818572998047,21.85181427001953
2025-11-26 19:09:01.221968896,s1-eth1,92.72467041015625,7.27532958984375
2025-11-26 19:09:01.222095104,s2-eth2,92.84747314453125,7.15252685546875
2025-11-26 19:09:01.222263040,s3-eth2,77.98332977294922,22.01667022705078
2025-11-26 19:09:02.223227136,s1-eth1,92.86444854736328,7.135551452636719
2025-11-26 19:09:02.223350016,s2-eth2,93.0881118774414,6.911888122558594
2025-11-26 19:09:02.223516928,s3-eth2,76.21161651611328,23.78838348388672
2025-11-26 19:09:03.224483840,s1-eth1,92.9686508178711,7.031349182128906
2025-11-26 19:09:03.224613888,s2-eth2,96.4858169555664,3.5141830444335938
2025-11-26 19:09:03.224790016,s3-eth2,77.2757568359375,22.7242431640625
2025-11-26 19:09:04.225846016,s1-eth1,93.0484619140625,6.9515380859375
2025-11-26 19:09:04.225974016,s2-eth2,101.27752685546875,-1.27752685546875
2025-11-26 19:09:04.226138112,s3-eth2,93.87800598144531,6.1219940185546875
2025-11-26 19:09:05.227005952,s1-eth1,92.42239379882812,7.577606201171875
2025-11-26 19:09:05.227136000,s2-eth2,143.50218200683594,-43.50218200683594
2025-11-26 19:09:05.227309824,s3-eth2,142.80003356933594,-42.80003356933594
2025-11-26 19:09:06.228156160,s1-eth1,92.46827697753906,7.5317230224609375
2025-11-26 19:09:06.228293888,s2-eth2,85.91191864013672,14.088081359863281
2025-11-26 19:09:06.228457984,s3-eth2,84.75421142578125,15.24578857421875
2025-11-26 19:09:07.229295104,s1-eth1,92.68544006347656,7.3145599365234375
2025-11-26 19:09:07.229433088,s2-eth2,84.32090759277344,15.679092407226562
2025-11-26 19:09:07.229594112,s3-eth2,83.268310546875,16.731689453125
2025-11-26 19:09:08.230434048,s1-eth1,92.63236236572266,7.367637634277344
2025-11-26 19:09:08.230562048,s2-eth2,83.53582000732422,16.46417999267578
2025-11-26 19:09:08.230724096,s3-eth2,82.11748504638672,17.88251495361328
2025-11-26 19:09:09.231872000,s1-eth1,92.73307800292969,7.2669219970703125
2025-11-26 19:09:09.232003840,s2-eth2,153.48629760742188,-53.486297607421875
2025-11-26 19:09:09.232173056,s3-eth2,80.74341583251953,19.25658416748047
2025-11-26 19:09:10.232805120,s1-eth1,92.82901000976562,7.170989990234375
2025-11-26 19:09:10.232851968,s2-eth2,92.90852355957031,7.0914764404296875
2025-11-26 19:09:10.232916992,s3-eth2,90.10391235351562,9.896087646484375
2025-11-26 19:09:11.233295872,s1-eth1,92.78040313720703,7.219596862792969
2025-11-26 19:09:11.233344000,s2-eth2,93.00287628173828,6.997123718261719
2025-11-26 19:09:11.233409024,s3-eth2,91.0869369506836,8.913063049316406
2025-11-26 19:09:12.233814016,s1-eth1,92.68525695800781,7.3147430419921875
2025-11-26 19:09:12.233872896,s2-eth2,93.00862884521484,6.991371154785156
2025-11-26 19:09:12.233954816,s3-eth2,87.93375396728516,12.066246032714844
2025-11-26 19:09:13.234662144,s1-eth1,92.52567291259766,7.474327087402344
2025-11-26 19:09:13.234792960,s2-eth2,92.87041473388672,7.129585266113281
2025-11-26 19:09:13.234968064,s3-eth2,89.36900329589844,10.630996704101562
2025-11-26 19:09:14.236006912,s1-eth1,92.4759292602539,7.524070739746094
2025-11-26 19:09:14.236144128,s2-eth2,92.88864135742188,7.111358642578125
2025-11-26 19:09:14.236311040,s3-eth2,83.70079040527344,16.299209594726562
2025-11-26 19:09:15.236888832,s1-eth1,92.78948974609375,7.21051025390625
2025-11-26 19:09:15.236933120,s2-eth2,92.81491088867188,7.185089111328125
2025-11-26 19:09:15.236995840,s3-eth2,86.38958740234375,13.61041259765625
2025-11-26 19:09:16.237761024,s1-eth1,92.87029266357422,7.129707336425781
2025-11-26 19:09:16.237878016,s2-eth2,92.87980651855469,7.1201934814453125
2025-11-26 19:09:16.238054144,s3-eth2,85.1710433959961,14.828956604003906
2025-11-26 19:09:17.238691072,s1-eth1,93.08505249023438,6.914947509765625
2025-11-26 19:09:17.238734080,s2-eth2,93.11550903320312,6.884490966796875
2025-11-26 19:09:17.238800128,s3-eth2,78.46211242675781,21.537887573242188
2025-11-26 19:09:18.239219968,s1-eth1,93.02799224853516,6.972007751464844
2025-11-26 19:09:18.239262976,s2-eth2,92.96607208251953,7.033927917480469
2025-11-26 19:09:18.239328000,s3-eth2,83.32870483398438,16.671295166015625
2025-11-26 19:09:19.239736064,s1-eth1,93.16878509521484,6.831214904785156
2025-11-26 19:09:19.239783168,s2-eth2,93.18600463867188,6.813995361328125
2025-11-26 19:09:19.239852032,s3-eth2,93.146728515625,6.853271484375
2025-11-26 19:09:20.240247040,s1-eth1,93.57262420654297,6.427375793457031
2025-11-26 19:09:20.240300032,s2-eth2,92.73614501953125,7.26385498046875
2025-11-26 19:09:20.240365056,s3-eth2,92.80245971679688,7.197540283203125
2025-11-26 19:09:21.240999936,s1-eth1,97.29242706298828,2.7075729370117188
2025-11-26 19:09:21.241105152,s2-eth2,92.87214660644531,7.1278533935546875
2025-11-26 19:09:21.241244160,s3-eth2,93.33905029296875,6.66094970703125
2025-11-26 19:09:22.242099968,s1-eth1,103.33887481689453,-3.3388748168945312
2025-11-26 19:09:22.242228992,s2-eth2,94.61844635009766,5.381553649902344
2025-11-26 19:09:22.242400000,s3-eth2,94.83480834960938,5.165191650390625
2025-11-26 19:09:23.243331072,s1-eth1,107.384521484375,-7.384521484375
2025-11-26 19:09:23.243462144,s2-eth2,95.4135513305664,4.586448669433594
2025-11-26 19:09:23.243633920,s3-eth2,94.22392272949219,5.7760772705078125
2025-11-26 19:09:24.244252928,s1-eth1,120.06854248046875,-20.06854248046875
2025-11-26 19:09:24.244302080,s2-eth2,107.09332275390625,-7.09332275390625
2025-11-26 19:09:24.244374016,s3-eth2,94.64340209960938,5.356597900390625
2025-11-26 19:09:25.244787968,s1-eth1,138.4478302001953,-38.44783020019531
2025-11-26 19:09:25.244855040,s2-eth2,128.36581420898438,-28.365814208984375
2025-11-26 19:09:25.244921088,s3-eth2,98.388427734375,1.611572265625
2025-11-26 19:09:26.245683968,s1-eth1,108.5529556274414,-8.552955627441406
2025-11-26 19:09:26.245812992,s2-eth2,102.29293060302734,-2.2929306030273438
2025-11-26 19:09:26.245984000,s3-eth2,97.5450210571289,2.4549789428710938
2025-11-26 19:09:27.246578944,s1-eth1,101.84211730957031,-1.8421173095703125
2025-11-26 19:09:27.246624000,s2-eth2,102.95682525634766,-2.9568252563476562
2025-11-26 19:09:27.246689024,s3-eth2,73.75213623046875,26.24786376953125
2025-11-26 19:09:28.247427072,s1-eth1,105.10514831542969,-5.1051483154296875
2025-11-26 19:09:28.247548160,s2-eth2,105.53653717041016,-5.536537170410156
2025-11-26 19:09:28.247793920,s3-eth2,91.3463363647461,8.653663635253906
2025-11-26 19:09:29.248950016,s1-eth1,105.29017639160156,-5.2901763916015625
2025-11-26 19:09:29.249072128,s2-eth2,105.22899627685547,-5.228996276855469
2025-11-26 19:09:29.249253120,s3-eth2,95.59745788574219,4.4025421142578125
2025-11-26 19:09:30.250169088,s1-eth1,104.90328979492188,-4.903289794921875
2025-11-26 19:09:30.250309888,s2-eth2,104.87200164794922,-4.872001647949219
2025-11-26 19:09:30.250475008,s3-eth2,96.30780792236328,3.6921920776367188
2025-11-26 19:09:31.251372032,s1-eth1,96.50852966308594,3.4914703369140625
2025-11-26 19:09:31.251512064,s2-eth2,96.375,3.625
2025-11-26 19:09:31.251674880,s3-eth2,85.44470977783203,14.555290222167969
2025-11-26 19:09:32.252262144,s1-eth1,94.9017562866211,5.098243713378906
2025-11-26 19:09:32.252308992,s2-eth2,94.65290832519531,5.3470916748046875
2025-11-26 19:09:32.252370176,s3-eth2,85.77922058105469,14.220779418945312
2025-11-26 19:09:33.252769024,s1-eth1,98.18167114257812,1.818328857421875
2025-11-26 19:09:33.252814080,s2-eth2,96.9483642578125,3.0516357421875
2025-11-26 19:09:33.252873984,s3-eth2,89.38917541503906,10.610824584960938
2025-11-26 19:09:34.253267968,s1-eth1,96.20824432373047,3.7917556762695312
2025-11-26 19:09:34.253314048,s2-eth2,94.6948013305664,5.305198669433594
2025-11-26 19:09:34.253374976,s3-eth2,92.10150146484375,7.89849853515625
2025-11-26 19:09:35.253761024,s1-eth1,99.71160125732422,0.28839874267578125
2025-11-26 19:09:35.253806080,s2-eth2,97.72193145751953,2.2780685424804688
2025-11-26 19:09:35.253870080,s3-eth2,92.00274658203125,7.99725341796875
2025-11-26 19:09:36.254259968,s1-eth1,100.5937728881836,-0.5937728881835938
2025-11-26 19:09:36.254304768,s2-eth2,95.67652130126953,4.323478698730469
2025-11-26 19:09:36.254375936,s3-eth2,92.20423126220703,7.795768737792969
2025-11-26 19:09:37.254739968,s1-eth1,109.12256622314453,-9.122566223144531
2025-11-26 19:09:37.254782976,s2-eth2,96.12269592285156,3.8773040771484375
2025-11-26 19:09:37.254867968,s3-eth2,92.10200500488281,7.8979949951171875
2025-11-26 19:09:38.255578112,s1-eth1,151.45755004882812,-51.457550048828125
2025-11-26 19:09:38.255712000,s2-eth2,101.97525787353516,-1.9752578735351562
2025-11-26 19:09:38.255881984,s3-eth2,91.9119873046875,8.0880126953125
2025-11-26 19:09:39.256928000,s1-eth1,102.0575942993164,-2.0575942993164062
2025-11-26 19:09:39.257049088,s2-eth2,98.26180267333984,1.7381973266601562
2025-11-26 19:09:39.257217792,s3-eth2,92.02507019042969,7.9749298095703125
2025-11-26 19:09:40.258089984,s1-eth1,114.47212982177734,-14.472129821777344
2025-11-26 19:09:40.258212096,s2-eth2,107.47917175292969,-7.4791717529296875
2025-11-26 19:09:40.258376960,s3-eth2,91.97537994384766,8.024620056152344
2025-11-26 19:09:41.259289856,s1-eth1,102.26483917236328,-2.2648391723632812
2025-11-26 19:09:41.259411200,s2-eth2,92.44587707519531,7.5541229248046875
2025-11-26 19:09:41.259574784,s3-eth2,92.06121826171875,7.93878173828125
2025-11-26 19:09:42.260452864,s1-eth1,101.2695083618164,-1.2695083618164062
2025-11-26 19:09:42.260574208,s2-eth2,92.23406219482422,7.765937805175781
2025-11-26 19:09:42.260737024,s3-eth2,92.22480773925781,7.7751922607421875
2025-11-26 19:09:43.261660160,s1-eth1,109.33367919921875,-9.33367919921875
2025-11-26 19:09:43.261784064,s2-eth2,92.52033233642578,7.479667663574219
2025-11-26 19:09:43.261946880,s3-eth2,92.47991180419922,7.520088195800781
2025-11-26 19:09:44.262970880,s1-eth1,97.2142333984375,2.7857666015625
2025-11-26 19:09:44.263092992,s2-eth2,92.57361602783203,7.426383972167969
2025-11-26 19:09:44.263257088,s3-eth2,92.50337219238281,7.4966278076171875
2025-11-26 19:09:45.264125184,s1-eth1,92.69223022460938,7.307769775390625
2025-11-26 19:09:45.264241920,s2-eth2,92.51859283447266,7.481407165527344
2025-11-26 19:09:45.264414976,s3-eth2,92.57861328125,7.42138671875
2025-11-26 19:09:46.265256960,s1-eth1,92.54828643798828,7.451713562011719
2025-11-26 19:09:46.265373952,s2-eth2,93.35363006591797,6.646369934082031
2025-11-26 19:09:46.265556224,s3-eth2,92.52908325195312,7.470916748046875
2025-11-26 19:09:47.266415104,s1-eth1,92.70914459228516,7.290855407714844
2025-11-26 19:09:47.266542848,s2-eth2,98.715087890625,1.284912109375
2025-11-26 19:09:47.266712832,s3-eth2,92.77474975585938,7.225250244140625
2025-11-26 19:09:48.267618048,s1-eth1,92.64501953125,7.35498046875
2025-11-26 19:09:48.267736064,s2-eth2,118.02066040039062,-18.020660400390625
2025-11-26 19:09:48.267905024,s3-eth2,92.35102844238281,7.6489715576171875
2025-11-26 19:09:49.268922112,s1-eth1,92.54534149169922,7.454658508300781
2025-11-26 19:09:49.269041920,s2-eth2,124.31539916992188,-24.315399169921875
2025-11-26 19:09:49.269211136,s3-eth2,92.26285552978516,7.737144470214844
2025-11-26 19:09:50.270073856,s1-eth1,92.25922393798828,7.740776062011719
2025-11-26 19:09:50.270194944,s2-eth2,92.17916107177734,7.820838928222656
2025-11-26 19:09:50.270358016,s3-eth2,92.23910522460938,7.760894775390625
2025-11-26 19:09:51.271218944,s1-eth1,92.326904296875,7.673095703125
2025-11-26 19:09:51.271337984,s2-eth2,92.24777221679688,7.752227783203125
2025-11-26 19:09:51.271491072,s3-eth2,92.14794158935547,7.852058410644531
2025-11-26 19:09:52.272377856,s1-eth1,92.3477783203125,7.6522216796875
2025-11-26 19:09:52.272502784,s2-eth2,92.15628814697266,7.843711853027344
2025-11-26 19:09:52.272659968,s3-eth2,92.15628814697266,7.843711853027344
2025-11-26 19:09:53.273536000,s1-eth1,92.31670379638672,7.683296203613281
2025-11-26 19:09:53.273657088,s2-eth2,92.25369262695312,7.746307373046875
2025-11-26 19:09:53.273821184,s3-eth2,157.07943725585938,-57.079437255859375
2025-11-26 19:09:54.274413056,s1-eth1,92.31484985351562,7.685150146484375
2025-11-26 19:09:54.274457856,s2-eth2,98.27361297607422,1.7263870239257812
2025-11-26 19:09:54.274525952,s3-eth2,98.27222442626953,1.7277755737304688
2025-11-26 19:09:55.275315968,s1-eth1,92.4198989868164,7.580101013183594
2025-11-26 19:09:55.275460096,s2-eth2,137.13473510742188,-37.134735107421875
2025-11-26 19:09:55.275627008,s3-eth2,136.6171417236328,-36.61714172363281
2025-11-26 19:09:56.276531968,s1-eth1,92.3997573852539,7.600242614746094
2025-11-26 19:09:56.276674048,s2-eth2,92.70878601074219,7.2912139892578125
2025-11-26 19:09:56.276840960,s3-eth2,77.88899230957031,22.111007690429688
2025-11-26 19:09:57.277735936,s1-eth1,92.49178314208984,7.508216857910156
2025-11-26 19:09:57.277863936,s2-eth2,92.80519104003906,7.1948089599609375
2025-11-26 19:09:57.278031104,s3-eth2,78.7140884399414,21.285911560058594
2025-11-26 19:09:58.279001088,s1-eth1,92.68364715576172,7.316352844238281
2025-11-26 19:09:58.279131904,s2-eth2,92.71793365478516,7.282066345214844
2025-11-26 19:09:58.279299072,s3-eth2,79.4381103515625,20.5618896484375
2025-11-26 19:09:59.280395008,s1-eth1,92.77239990234375,7.22760009765625
2025-11-26 19:09:59.280524032,s2-eth2,92.89238739013672,7.107612609863281
2025-11-26 19:09:59.280688896,s3-eth2,78.09712219238281,21.902877807617188
2025-11-26 19:10:00.281615104,s1-eth1,92.85486602783203,7.145133972167969
2025-11-26 19:10:00.281744128,s2-eth2,92.52481842041016,7.475181579589844
2025-11-26 19:10:00.281917952,s3-eth2,84.5997314453125,15.4002685546875
2025-11-26 19:10:01.282859008,s1-eth1,92.36079406738281,7.6392059326171875
2025-11-26 19:10:01.282991872,s2-eth2,92.3315200805664,7.668479919433594
2025-11-26 19:10:01.283174912,s3-eth2,91.94499969482422,8.055000305175781
2025-11-26 19:10:02.283749120,s1-eth1,92.3447265625,7.6552734375
2025-11-26 19:10:02.283795968,s2-eth2,92.2650375366211,7.734962463378906
2025-11-26 19:10:02.283865856,s3-eth2,91.80199432373047,8.198005676269531
2025-11-26 19:10:03.284580864,s1-eth1,92.4565200805664,7.543479919433594
2025-11-26 19:10:03.284722176,s2-eth2,92.2221450805664,7.777854919433594
2025-11-26 19:10:03.284885760,s3-eth2,90.20794677734375,9.79205322265625
2025-11-26 19:10:04.286045184,s1-eth1,92.44497680664062,7.555023193359375
2025-11-26 19:10:04.286176000,s2-eth2,92.34539031982422,7.654609680175781
2025-11-26 19:10:04.286343936,s3-eth2,87.899658203125,12.100341796875
2025-11-26 19:10:05.287336960,s1-eth1,92.53641510009766,7.463584899902344
2025-11-26 19:10:05.287476992,s2-eth2,92.34355926513672,7.656440734863281
2025-11-26 19:10:05.287645952,s3-eth2,88.1990737915039,11.800926208496094
2025-11-26 19:10:06.288544000,s1-eth1,92.62010955810547,7.379890441894531
2025-11-26 19:10:06.288672000,s2-eth2,92.44317626953125,7.55682373046875
2025-11-26 19:10:06.288837888,s3-eth2,83.78458404541016,16.215415954589844
2025-11-26 19:10:07.289808896,s1-eth1,92.97018432617188,7.029815673828125
2025-11-26 19:10:07.289942016,s2-eth2,89.09085083007812,10.909149169921875
2025-11-26 19:10:07.290114048,s3-eth2,84.68648529052734,15.313514709472656
2025-11-26 19:10:08.291120896,s1-eth1,93.9330062866211,6.066993713378906
2025-11-26 19:10:08.291250944,s2-eth2,83.25896453857422,16.74103546142578
2025-11-26 19:10:08.291440128,s3-eth2,71.75719451904297,28.24280548095703
2025-11-26 19:10:09.292509952,s1-eth1,94.5416259765625,5.4583740234375
2025-11-26 19:10:09.292654080,s2-eth2,85.98815155029297,14.011848449707031
2025-11-26 19:10:09.292823040,s3-eth2,81.72100067138672,18.27899932861328
2025-11-26 19:10:10.293438976,s1-eth1,95.1473159790039,4.852684020996094
2025-11-26 19:10:10.293487104,s2-eth2,87.34505462646484,12.654945373535156
2025-11-26 19:10:10.293556992,s3-eth2,79.96141052246094,20.038589477539062
2025-11-26 19:10:11.293996032,s1-eth1,97.66561889648438,2.334381103515625
2025-11-26 19:10:11.294043136,s2-eth2,161.93499755859375,-61.93499755859375
2025-11-26 19:10:11.294174976,s3-eth2,82.34297180175781,17.657028198242188
2025-11-26 19:10:12.295258880,s1-eth1,98.43730163574219,1.5626983642578125
2025-11-26 19:10:12.295399936,s2-eth2,97.16165924072266,2.8383407592773438
2025-11-26 19:10:12.295586048,s3-eth2,97.04977416992188,2.950225830078125
2025-11-26 19:10:13.296598016,s1-eth1,101.22248077392578,-1.2224807739257812
2025-11-26 19:10:13.296720896,s2-eth2,99.64208984375,0.35791015625
2025-11-26 19:10:13.296893952,s3-eth2,96.21398162841797,3.7860183715820312
2025-11-26 19:10:14.297553920,s1-eth1,119.43089294433594,-19.430892944335938
2025-11-26 19:10:14.297600000,s2-eth2,118.06651306152344,-18.066513061523438
2025-11-26 19:10:14.297689088,s3-eth2,99.25567626953125,0.74432373046875
2025-11-26 19:10:15.298147072,s1-eth1,127.78942108154297,-27.78942108154297
2025-11-26 19:10:15.298206208,s2-eth2,126.68399810791016,-26.683998107910156
2025-11-26 19:10:15.298270976,s3-eth2,97.74293518066406,2.2570648193359375
2025-11-26 19:10:16.298701056,s1-eth1,110.09347534179688,-10.093475341796875
2025-11-26 19:10:16.298752000,s2-eth2,108.04066467285156,-8.040664672851562
2025-11-26 19:10:16.298818048,s3-eth2,99.62315368652344,0.3768463134765625
2025-11-26 19:10:17.299591168,s1-eth1,102.97388458251953,-2.9738845825195312
2025-11-26 19:10:17.299712000,s2-eth2,101.37239074707031,-1.3723907470703125
2025-11-26 19:10:17.299884032,s3-eth2,101.24853515625,-1.24853515625
2025-11-26 19:10:18.300792064,s1-eth1,106.83306121826172,-6.833061218261719
2025-11-26 19:10:18.300918016,s2-eth2,103.73362731933594,-3.7336273193359375
2025-11-26 19:10:18.301086976,s3-eth2,102.94119262695312,-2.941192626953125
2025-11-26 19:10:19.302160128,s1-eth1,103.12364196777344,-3.1236419677734375
2025-11-26 19:10:19.302288128,s2-eth2,94.23834228515625,5.76165771484375
2025-11-26 19:10:19.302472960,s3-eth2,88.76312255859375,11.23687744140625
2025-11-26 19:10:20.303421952,s1-eth1,152.13275146484375,-52.13275146484375
2025-11-26 19:10:20.303566080,s2-eth2,116.16104888916016,-16.161048889160156
2025-11-26 19:10:20.303739136,s3-eth2,87.02950286865234,12.970497131347656
2025-11-26 19:10:21.304718848,s1-eth1,122.1718521118164,-22.171852111816406
2025-11-26 19:10:21.304851968,s2-eth2,109.28986358642578,-9.289863586425781
2025-11-26 19:10:21.305025024,s3-eth2,89.67235565185547,10.327644348144531
2025-11-26 19:10:22.305936128,s1-eth1,92.7602310180664,7.239768981933594
2025-11-26 19:10:22.306063872,s2-eth2,92.90907287597656,7.0909271240234375
2025-11-26 19:10:22.306235136,s3-eth2,91.88294219970703,8.117057800292969
2025-11-26 19:10:23.307159040,s1-eth1,93.07823181152344,6.9217681884765625
2025-11-26 19:10:23.307287040,s2-eth2,93.07068634033203,6.929313659667969
2025-11-26 19:10:23.307457024,s3-eth2,91.58261108398438,8.417388916015625
2025-11-26 19:10:24.308537856,s1-eth1,92.93597412109375,7.06402587890625
2025-11-26 19:10:24.308664064,s2-eth2,93.23733520507812,6.762664794921875
2025-11-26 19:10:24.308832768,s3-eth2,92.1429214477539,7.857078552246094
2025-11-26 19:10:25.309700864,s1-eth1,95.24092864990234,4.759071350097656
2025-11-26 19:10:25.309827072,s2-eth2,92.5559310913086,7.444068908691406
2025-11-26 19:10:25.310007040,s3-eth2,90.8011245727539,9.198875427246094
2025-11-26 19:10:26.310898176,s1-eth1,147.8433380126953,-47.84333801269531
2025-11-26 19:10:26.311037184,s2-eth2,92.18067169189453,7.819328308105469
2025-11-26 19:10:26.311212032,s3-eth2,90.00624084472656,9.993759155273438
2025-11-26 19:10:27.312115968,s1-eth1,129.00375366210938,-29.003753662109375
2025-11-26 19:10:27.312242944,s2-eth2,92.40326690673828,7.596733093261719
2025-11-26 19:10:27.312408064,s3-eth2,91.79876708984375,8.20123291015625
2025-11-26 19:10:28.313290240,s1-eth1,113.18572998046875,-13.18572998046875
2025-11-26 19:10:28.313416960,s2-eth2,92.69086456298828,7.309135437011719
2025-11-26 19:10:28.313580032,s3-eth2,92.79839324951172,7.201606750488281
2025-11-26 19:10:29.314467072,s1-eth1,92.74201965332031,7.2579803466796875
2025-11-26 19:10:29.314588928,s2-eth2,92.7665786743164,7.233421325683594
2025-11-26 19:10:29.314750976,s3-eth2,92.84090423583984,7.159095764160156
2025-11-26 19:10:30.315644928,s1-eth1,92.92142486572266,7.078575134277344
2025-11-26 19:10:30.315766016,s2-eth2,92.92742919921875,7.07257080078125
2025-11-26 19:10:30.315931136,s3-eth2,92.8882827758789,7.111717224121094
2025-11-26 19:10:31.316797952,s1-eth1,92.9790267944336,7.020973205566406
2025-11-26 19:10:31.316916992,s2-eth2,93.02145385742188,6.978546142578125
2025-11-26 19:10:31.317092864,s3-eth2,92.6253890991211,7.374610900878906
2025-11-26 19:10:32.317946880,s1-eth1,92.2583236694336,7.741676330566406
2025-11-26 19:10:32.318084096,s2-eth2,92.33770751953125,7.66229248046875
2025-11-26 19:10:32.318253056,s3-eth2,92.11676788330078,7.883232116699219
2025-11-26 19:10:33.319143168,s1-eth1,92.11450958251953,7.885490417480469
2025-11-26 19:10:33.319268096,s2-eth2,110.48760223388672,-10.487602233886719
2025-11-26 19:10:33.319437056,s3-eth2,92.21184539794922,7.788154602050781
2025-11-26 19:10:34.320456960,s1-eth1,92.26992797851562,7.730072021484375
2025-11-26 19:10:34.320570112,s2-eth2,125.35264587402344,-25.352645874023438
2025-11-26 19:10:34.320736768,s3-eth2,92.21521759033203,7.784782409667969
2025-11-26 19:10:35.321598976,s1-eth1,92.15503692626953,7.844963073730469
2025-11-26 19:10:35.321713920,s2-eth2,92.23100280761719,7.7689971923828125
2025-11-26 19:10:35.321880064,s3-eth2,92.19412231445312,7.805877685546875
2025-11-26 19:10:36.322736128,s1-eth1,92.26939392089844,7.7306060791015625
2025-11-26 19:10:36.322875136,s2-eth2,92.35385131835938,7.646148681640625
2025-11-26 19:10:36.323048960,s3-eth2,92.20368194580078,7.796318054199219
2025-11-26 19:10:37.323928064,s1-eth1,92.18154907226562,7.818450927734375
2025-11-26 19:10:37.324041984,s2-eth2,92.55075073242188,7.449249267578125
2025-11-26 19:10:37.324210944,s3-eth2,83.30413055419922,16.69586944580078
2025-11-26 19:10:38.325062912,s1-eth1,92.28221893310547,7.717781066894531
2025-11-26 19:10:38.325176064,s2-eth2,92.65280151367188,7.347198486328125
2025-11-26 19:10:38.325345024,s3-eth2,84.68812561035156,15.311874389648438
2025-11-26 19:10:39.326224128,s1-eth1,92.18077087402344,7.8192291259765625
2025-11-26 19:10:39.326338048,s2-eth2,92.58119201660156,7.4188079833984375
2025-11-26 19:10:39.326516992,s3-eth2,84.66669464111328,15.333305358886719
2025-11-26 19:10:40.327454976,s1-eth1,92.21443939208984,7.785560607910156
2025-11-26 19:10:40.327575808,s2-eth2,92.42449951171875,7.57550048828125
2025-11-26 19:10:40.327766016,s3-eth2,85.59169006347656,14.408309936523438
2025-11-26 19:10:41.328640000,s1-eth1,92.4868392944336,7.513160705566406
2025-11-26 19:10:41.328773120,s2-eth2,92.46381378173828,7.536186218261719
2025-11-26 19:10:41.328942080,s3-eth2,86.1046142578125,13.8953857421875
2025-11-26 19:10:42.329811968,s1-eth1,92.7851333618164,7.214866638183594
2025-11-26 19:10:42.329933056,s2-eth2,92.57669067382812,7.423309326171875
2025-11-26 19:10:42.330105088,s3-eth2,84.96121215820312,15.038787841796875
2025-11-26 19:10:43.330993920,s1-eth1,92.80877685546875,7.19122314453125
2025-11-26 19:10:43.331115008,s2-eth2,92.5242691040039,7.475730895996094
2025-11-26 19:10:43.331284992,s3-eth2,82.86431121826172,17.13568878173828
2025-11-26 19:10:44.332300800,s1-eth1,92.94245910644531,7.0575408935546875
2025-11-26 19:10:44.332423936,s2-eth2,92.73208618164062,7.267913818359375
2025-11-26 19:10:44.332592896,s3-eth2,82.3233642578125,17.6766357421875
2025-11-26 19:10:45.333457920,s1-eth1,93.027099609375,6.972900390625
2025-11-26 19:10:45.333579008,s2-eth2,92.66980743408203,7.330192565917969
2025-11-26 19:10:45.333740032,s3-eth2,92.62680053710938,7.373199462890625
2025-11-26 19:10:46.334600960,s1-eth1,92.48928833007812,7.510711669921875
2025-11-26 19:10:46.334720000,s2-eth2,92.4194564819336,7.580543518066406
2025-11-26 19:10:46.334908928,s3-eth2,92.48567199707031,7.5143280029296875
2025-11-26 19:10:47.335761152,s1-eth1,92.3882064819336,7.611793518066406
2025-11-26 19:10:47.335883008,s2-eth2,92.46517181396484,7.534828186035156
2025-11-26 19:10:47.336049920,s3-eth2,92.36534118652344,7.6346588134765625
2025-11-26 19:10:48.336891904,s1-eth1,92.56370544433594,7.4362945556640625
2025-11-26 19:10:48.337017088,s2-eth2,92.42049407958984,7.579505920410156
2025-11-26 19:10:48.337182976,s3-eth2,92.52032470703125,7.47967529296875
2025-11-26 19:10:49.338108160,s1-eth1,92.37159729003906,7.6284027099609375
2025-11-26 19:10:49.338247936,s2-eth2,92.46808624267578,7.531913757324219
2025-11-26 19:10:49.338403072,s3-eth2,92.36875915527344,7.6312408447265625
2025-11-26 19:10:50.339283968,s1-eth1,92.15767669677734,7.842323303222656
2025-11-26 19:10:50.339410176,s2-eth2,92.16500091552734,7.834999084472656
2025-11-26 19:10:50.339566080,s3-eth2,92.24225616455078,7.757743835449219
2025-11-26 19:10:51.340423936,s1-eth1,89.55345916748047,10.446540832519531
2025-11-26 19:10:51.340553984,s2-eth2,92.76831817626953,7.231681823730469
2025-11-26 19:10:51.340708864,s3-eth2,92.76831817626953,7.231681823730469
2025-11-26 19:10:52.341580032,s1-eth1,70.3526382446289,29.647361755371094
2025-11-26 19:10:52.341708800,s2-eth2,80.3907699584961,19.609230041503906
2025-11-26 19:10:52.341869056,s3-eth2,80.61149597167969,19.388504028320312
2025-11-26 19:10:53.342731008,s1-eth1,62.93449020385742,37.06550979614258
2025-11-26 19:10:53.342871808,s2-eth2,62.65153884887695,37.34846115112305
2025-11-26 19:10:53.343030016,s3-eth2,62.65153884887695,37.34846115112305
2025-11-26 19:10:54.343897088,s1-eth1,0.012408218383789062,99.98759178161622
2025-11-26 19:10:54.344003840,s2-eth2,0.012911300659179687,99.98708869934082
2025-11-26 19:10:54.344151040,s3-eth2,0.012911300659179687,99.98708869934082
2025-11-26 19:10:55.344989184,s1-eth1,0.0029877471923828126,99.99701225280762
2025-11-26 19:10:55.345101056,s2-eth2,0.0029877471923828126,99.99701225280762
2025-11-26 19:10:55.345254912,s3-eth2,0.0029877471923828126,99.99701225280762
2025-11-26 19:10:56.345829120,s1-eth1,0.004119873046875,99.99588012695312
2025-11-26 19:10:56.345873152,s2-eth2,65.07923126220703,34.92076873779297
2025-11-26 19:10:56.345933824,s3-eth2,0.00299072265625,99.99700927734375
2025-11-26 19:10:57.346668032,s1-eth1,65.54833984375,34.45166015625
2025-11-26 19:10:57.346790144,s2-eth2,65.55684661865234,34.443153381347656
2025-11-26 19:10:57.346988800,s3-eth2,0.0029877471923828126,99.99701225280762
2025-11-26 19:10:58.347865088,s1-eth1,0.012774124145507812,99.98722587585449
2025-11-26 19:10:58.347971840,s2-eth2,0.012774124145507812,99.98722587585449
2025-11-26 19:10:58.348125952,s3-eth2,0.0029877471923828126,99.99701225280762
2025-11-26 19:10:59.349091072,s1-eth1,0.0035517120361328123,99.99644828796387
2025-11-26 19:10:59.349196800,s2-eth2,0.004115753173828125,99.99588424682617
2025-11-26 19:10:59.349349120,s3-eth2,0.0029877471923828126,99.99701225280762
2025-11-26 19:11:00.350222080,s1-eth1,64.88758087158203,35.11241912841797
2025-11-26 19:11:00.350336000,s2-eth2,64.88701629638672,35.11298370361328
2025-11-26 19:11:00.350493952,s3-eth2,0.0029877471923828126,99.99701225280762
2025-11-26 19:11:01.351337984,s1-eth1,0.009611053466796875,99.9903889465332
2025-11-26 19:11:01.351450880,s2-eth2,0.009931182861328125,99.99006881713868
2025-11-26 19:11:01.351602944,s3-eth2,0.0029877471923828126,99.99701225280762
2025-11-26 19:11:02.352148992,s1-eth1,0.003631591796875,99.99636840820312
2025-11-26 19:11:02.352189952,s2-eth2,0.0039520263671875,99.99604797363281
2025-11-26 19:11:02.352304896,s3-eth2,0.0042724609375,99.9957275390625
2025-11-26 19:11:03.352868096,s1-eth1,59.99566650390625,40.00433349609375
2025-11-26 19:11:03.352907776,s2-eth2,0.00299072265625,99.99700927734375
2025-11-26 19:11:03.352972032,s3-eth2,69.58953857421875,30.41046142578125
2025-11-26 19:11:04.353463040,s1-eth1,5.561065673828125,94.43893432617188
2025-11-26 19:11:04.353501952,s2-eth2,0.00299072265625,99.99700927734375
2025-11-26 19:11:04.353563136,s3-eth2,0.0085601806640625,99.99143981933594
2025-11-26 19:11:05.354292992,s1-eth1,0.00299072265625,99.99700927734375
2025-11-26 19:11:05.354397184,s2-eth2,0.00299072265625,99.99700927734375
2025-11-26 19:11:05.354543872,s3-eth2,0.00299072265625,99.99700927734375
2025-11-26 19:11:06.355435008,s1-eth1,0.0036279296875,99.9963720703125
2025-11-26 19:11:06.355540992,s2-eth2,0.0036279296875,99.9963720703125
2025-11-26 19:11:06.355688192,s3-eth2,0.0036279296875,99.9963720703125
2025-11-26 19:11:07.356422912,s1-eth1,0.00299072265625,99.99700927734375
2025-11-26 19:11:07.356527104,s2-eth2,0.00299072265625,99.99700927734375
2025-11-26 19:11:07.356673024,s3-eth2,0.00299072265625,99.99700927734375
2025-11-26 19:11:08.357575936,s1-eth1,0.0029877471923828126,99.99701225280762
2025-11-26 19:11:08.357692928,s2-eth2,65.0159912109375,34.9840087890625
2025-11-26 19:11:08.357850112,s3-eth2,0.0029877471923828126,99.99701225280762
2025-11-26 19:11:09.358958848,s1-eth1,0.0029877471923828126,99.99701225280762
2025-11-26 19:11:09.359070976,s2-eth2,0.00854400634765625,99.99145599365234
2025-11-26 19:11:09.359236096,s3-eth2,0.0029877471923828126,99.99701225280762
2025-11-26 19:11:10.360135168,s1-eth1,0.0036279296875,99.9963720703125
2025-11-26 19:11:10.360251904,s2-eth2,0.0029877471923828126,99.99701225280762
2025-11-26 19:11:10.360410880,s3-eth2,0.0029877471923828126,99.99701225280762
2025-11-26 19:11:11.361329920,s1-eth1,0.0029877471923828126,99.99701225280762
2025-11-26 19:11:11.361447936,s2-eth2,0.0029877471923828126,99.99701225280762
2025-11-26 19:11:11.361615872,s3-eth2,0.0029877471923828126,99.99701225280762
2025-11-26 19:11:12.362451968,s1-eth1,0.0029877471923828126,99.99701225280762
2025-11-26 19:11:12.362556928,s2-eth2,0.0033078765869140624,99.99669212341308
2025-11-26 19:11:12.362713088,s3-eth2,0.0033078765869140624,99.99669212341308
2025-11-26 19:11:13.363561984,s1-eth1,0.0029877471923828126,99.99701225280762
2025-11-26 19:11:13.363666176,s2-eth2,0.0033078765869140624,99.99669212341308
2025-11-26 19:11:13.363821056,s3-eth2,0.0033078765869140624,99.99669212341308
2025-11-26 19:11:14.364773120,s1-eth1,56.84197998046875,43.15802001953125
2025-11-26 19:11:14.364893952,s2-eth2,56.62326431274414,43.37673568725586
2025-11-26 19:11:14.365062912,s3-eth2,0.0029877471923828126,99.99701225280762
2025-11-26 19:11:15.365874944,s1-eth1,8.65478988647461,91.34521011352538
2025-11-26 19:11:15.365993984,s2-eth2,8.873504638671875,91.12649536132812
2025-11-26 19:11:15.366159872,s3-eth2,0.0029877471923828126,99.99701225280762
2025-11-26 19:11:16.366700032,s1-eth1,0.00299072265625,99.99700927734375
2025-11-26 19:11:16.366738944,s2-eth2,0.00299072265625,99.99700927734375
2025-11-26 19:11:16.366800128,s3-eth2,0.00299072265625,99.99700927734375
2025-11-26 19:11:17.367502848,s1-eth1,0.00299072265625,99.99700927734375
2025-11-26 19:11:17.367607040,s2-eth2,0.00299072265625,99.99700927734375
2025-11-26 19:11:17.367769088,s3-eth2,0.00299072265625,99.99700927734375
2025-11-26 19:11:18.368303104,s1-eth1,0.003631591796875,99.99636840820312
2025-11-26 19:11:18.368342016,s2-eth2,0.00299072265625,99.99700927734375
2025-11-26 19:11:18.368396032,s3-eth2,0.00299072265625,99.99700927734375
2025-11-26 19:11:19.369158144,s1-eth1,0.00299072265625,99.99700927734375
2025-11-26 19:11:19.369262080,s2-eth2,0.00299072265625,99.99700927734375
2025-11-26 19:11:19.369408000,s3-eth2,0.0029877471923828126,99.99701225280762
2025-11-26 19:11:20.370336000,s1-eth1,69.10945129394531,30.890548706054688
2025-11-26 19:11:20.370465024,s2-eth2,7.377373199462891,92.6226268005371
2025-11-26 19:11:20.370626048,s3-eth2,0.0029877471923828126,99.99701225280762
2025-11-26 19:11:21.371251968,s1-eth1,85.37020111083984,14.629798889160156
2025-11-26 19:11:21.371299072,s2-eth2,46.635650634765625,53.364349365234375
2025-11-26 19:11:21.371367936,s3-eth2,0.00299072265625,99.99700927734375
2025-11-26 19:11:22.371730944,s1-eth1,85.99576568603516,14.004234313964844
2025-11-26 19:11:22.371782144,s2-eth2,17.29761505126953,82.70238494873047
2025-11-26 19:11:22.371843072,s3-eth2,0.00299072265625,99.99700927734375
2025-11-26 19:11:23.372220160,s1-eth1,100.72579956054688,-0.725799560546875
2025-11-26 19:11:23.372271104,s2-eth2,0.00299072265625,99.99700927734375
2025-11-26 19:11:23.372338944,s3-eth2,0.00299072265625,99.99700927734375
2025-11-26 19:11:24.372718080,s1-eth1,1.1772537231445312,98.82274627685547
2025-11-26 19:11:24.372760064,s2-eth2,0.00299072265625,99.99700927734375
2025-11-26 19:11:24.372816128,s3-eth2,0.00299072265625,99.99700927734375
2025-11-26 19:11:25.373171200,s1-eth1,0.00299072265625,99.99700927734375
2025-11-26 19:11:25.373214976,s2-eth2,0.00299072265625,99.99700927734375
2025-11-26 19:11:25.373270016,s3-eth2,0.00299072265625,99.99700927734375
2025-11-26 19:11:26.373668864,s1-eth1,0.00299072265625,99.99700927734375
2025-11-26 19:11:26.373786880,s2-eth2,0.00299072265625,99.99700927734375
2025-11-26 19:11:26.373934080,s3-eth2,0.00299072265625,99.99700927734375
2025-11-26 19:11:27.374462976,s1-eth1,0.00299072265625,99.99700927734375
2025-11-26 19:11:27.374505984,s2-eth2,0.00299072265625,99.99700927734375
2025-11-26 19:11:27.374560000,s3-eth2,0.00299072265625,99.99700927734375
2025-11-26 19:11:28.374923008,s1-eth1,0.00299072265625,99.99700927734375
2025-11-26 19:11:28.374959872,s2-eth2,0.00299072265625,99.99700927734375
2025-11-26 19:11:28.375020032,s3-eth2,0.00299072265625,99.99700927734375
2025-11-26 19:11:29.375524096,s1-eth1,0.00299072265625,99.99700927734375
2025-11-26 19:11:29.375566848,s2-eth2,64.39796447753906,35.60203552246094
2025-11-26 19:11:29.375632128,s3-eth2,64.39796447753906,35.60203552246094
2025-11-26 19:11:30.376008960,s1-eth1,0.00299072265625,99.99700927734375
2025-11-26 19:11:30.376048128,s2-eth2,0.0172271728515625,99.98277282714844
2025-11-26 19:11:30.376112896,s3-eth2,0.01275634765625,99.98724365234375
2025-11-26 19:11:31.376840960,s1-eth1,0.00299072265625,99.99700927734375
2025-11-26 19:11:31.376967936,s2-eth2,64.96023559570312,35.039764404296875
2025-11-26 19:11:31.377139968,s3-eth2,70.71306610107422,29.28693389892578
2025-11-26 19:11:32.377733120,s1-eth1,0.00299072265625,99.99700927734375
2025-11-26 19:11:32.377839104,s2-eth2,0.00299072265625,99.99700927734375
2025-11-26 19:11:32.377989120,s3-eth2,0.00856781005859375,99.9914321899414
2025-11-26 19:11:33.378807040,s1-eth1,0.0036279296875,99.9963720703125
2025-11-26 19:11:33.378956032,s2-eth2,0.0036279296875,99.9963720703125
2025-11-26 19:11:33.379102976,s3-eth2,0.0036279296875,99.9963720703125
2025-11-26 19:11:34.379631872,s1-eth1,0.00299072265625,99.99700927734375
2025-11-26 19:11:34.379674880,s2-eth2,0.00299072265625,99.99700927734375
2025-11-26 19:11:34.379729152,s3-eth2,0.00299072265625,99.99700927734375
2025-11-26 19:11:35.380374016,s1-eth1,0.00299072265625,99.99700927734375
2025-11-26 19:11:35.380486912,s2-eth2,0.00299072265625,99.99700927734375
2025-11-26 19:11:35.380633088,s3-eth2,0.00299072265625,99.99700927734375
2025-11-26 19:11:36.381447168,s1-eth1,0.0029877471923828126,99.99701225280762
2025-11-26 19:11:36.381551104,s2-eth2,0.0029877471923828126,99.99701225280762
2025-11-26 19:11:36.381708032,s3-eth2,0.0029877471923828126,99.99701225280762
2025-11-26 19:11:37.382502144,s1-eth1,0.0029877471923828126,99.99701225280762
2025-11-26 19:11:37.382605056,s2-eth2,0.0029877471923828126,99.99701225280762
2025-11-26 19:11:37.382759936,s3-eth2,0.0029877471923828126,99.99701225280762
2025-11-26 19:11:38.383595008,s1-eth1,0.0029877471923828126,99.99701225280762
2025-11-26 19:11:38.383697920,s2-eth2,0.0029877471923828126,99.99701225280762
2025-11-26 19:11:38.383853824,s3-eth2,0.0029877471923828126,99.99701225280762
2025-11-26 19:11:39.384658944,s1-eth1,0.0036279296875,99.9963720703125
2025-11-26 19:11:39.384763904,s2-eth2,0.0036279296875,99.9963720703125
2025-11-26 19:11:39.384908032,s3-eth2,0.0036279296875,99.9963720703125
2025-11-26 19:11:40.385713152,s1-eth1,0.0029877471923828126,99.99701225280762
2025-11-26 19:11:40.385816064,s2-eth2,0.0029877471923828126,99.99701225280762
2025-11-26 19:11:40.385960192,s3-eth2,0.0029877471923828126,99.99701225280762
2025-11-26 19:11:41.386787840,s1-eth1,62.21735763549805,37.78264236450195
2025-11-26 19:11:41.386946048,s2-eth2,0.0029877471923828126,99.99701225280762
2025-11-26 19:11:41.387095808,s3-eth2,0.0029877471923828126,99.99701225280762
2025-11-26 19:11:42.387772928,s1-eth1,2.848388671875,97.151611328125
2025-11-26 19:11:42.387851008,s2-eth2,0.00299072265625,99.99700927734375
2025-11-26 19:11:42.387970048,s3-eth2,0.00299072265625,99.99700927734375
2025-11-26 19:11:43.388781056,s1-eth1,0.0029877471923828126,99.99701225280762
2025-11-26 19:11:43.388883968,s2-eth2,0.0029877471923828126,99.99701225280762
2025-11-26 19:11:43.389029120,s3-eth2,0.0029877471923828126,99.99701225280762
2025-11-26 19:11:44.390043904,s1-eth1,59.582828521728516,40.417171478271484
2025-11-26 19:11:44.390157056,s2-eth2,124.91565704345703,-24.91565704345703
2025-11-26 19:11:44.390337024,s3-eth2,60.690670013427734,39.309329986572266
2025-11-26 19:11:45.391247104,s1-eth1,2.4457888793945313,97.55421112060547
2025-11-26 19:11:45.391360000,s2-eth2,1.841771011352539,98.15822898864747
2025-11-26 19:11:45.391535104,s3-eth2,1.3373849487304688,98.66261505126953
2025-11-26 19:11:46.392378112,s1-eth1,81.21026611328125,18.78973388671875
2025-11-26 19:11:46.392499968,s2-eth2,80.98853302001953,19.01146697998047
2025-11-26 19:11:46.392673024,s3-eth2,15.353589019775391,84.6464109802246
2025-11-26 19:11:47.393504000,s1-eth1,55.394351959228516,44.605648040771484
2025-11-26 19:11:47.393636864,s2-eth2,122.22379302978516,-22.223793029785156
2025-11-26 19:11:47.393795840,s3-eth2,122.3686294555664,-22.368629455566406
2025-11-26 19:11:48.394624000,s1-eth1,0.00551055908203125,99.99448944091797
2025-11-26 19:11:48.394736896,s2-eth2,0.011600341796875,99.98839965820312
2025-11-26 19:11:48.394921984,s3-eth2,0.012636871337890624,99.98736312866211
2025-11-26 19:11:49.395832064,s1-eth1,0.0029877471923828126,99.99701225280762
2025-11-26 19:11:49.395936000,s2-eth2,0.0036279296875,99.9963720703125
2025-11-26 19:11:49.396081920,s3-eth2,0.0036279296875,99.9963720703125
2025-11-26 19:11:50.397011968,s1-eth1,58.43073654174805,41.56926345825195
2025-11-26 19:11:50.397135104,s2-eth2,65.01180267333984,34.988197326660156
2025-11-26 19:11:50.397304064,s3-eth2,0.0029877471923828126,99.99701225280762
2025-11-26 19:11:51.398201856,s1-eth1,7.060467681884766,92.93953231811524
2025-11-26 19:11:51.398319104,s2-eth2,0.012751235961914062,99.98724876403809
2025-11-26 19:11:51.398478080,s3-eth2,0.0029877471923828126,99.99701225280762
2025-11-26 19:11:52.399386880,s1-eth1,0.0029877471923828126,99.99701225280762
2025-11-26 19:11:52.399491072,s2-eth2,0.0029877471923828126,99.99701225280762
2025-11-26 19:11:52.399636992,s3-eth2,0.0029877471923828126,99.99701225280762
2025-11-26 19:11:53.400461056,s1-eth1,0.0029877471923828126,99.99701225280762
2025-11-26 19:11:53.400566016,s2-eth2,0.0029877471923828126,99.99701225280762
2025-11-26 19:11:53.400711936,s3-eth2,0.0029877471923828126,99.99701225280762
2025-11-26 19:11:54.401591040,s1-eth1,0.0029877471923828126,99.99701225280762
2025-11-26 19:11:54.401694976,s2-eth2,0.0029877471923828126,99.99701225280762
2025-11-26 19:11:54.401839872,s3-eth2,0.0029877471923828126,99.99701225280762
2025-11-26 19:11:55.402637056,s1-eth1,0.0029877471923828126,99.99701225280762
2025-11-26 19:11:55.402750976,s2-eth2,0.0029877471923828126,99.99701225280762
2025-11-26 19:11:55.402912000,s3-eth2,0.0029877471923828126,99.99701225280762
2025-11-26 19:11:56.403707904,s1-eth1,0.0029877471923828126,99.99701225280762
2025-11-26 19:11:56.403821824,s2-eth2,0.0029877471923828126,99.99701225280762
2025-11-26 19:11:56.403968000,s3-eth2,0.0029877471923828126,99.99701225280762
2025-11-26 19:11:57.404503040,s1-eth1,0.00299072265625,99.99700927734375
2025-11-26 19:11:57.404551936,s2-eth2,0.00299072265625,99.99700927734375
2025-11-26 19:11:57.404609024,s3-eth2,0.00299072265625,99.99700927734375
2025-11-26 19:11:58.405268992,s1-eth1,0.00299072265625,99.99700927734375
2025-11-26 19:11:58.405387008,s2-eth2,0.00299072265625,99.99700927734375
2025-11-26 19:11:58.405533184,s3-eth2,0.00299072265625,99.99700927734375
2025-11-26 19:11:59.406488832,s1-eth1,0.0042681884765625,99.99573181152344
2025-11-26 19:11:59.406609152,s2-eth2,0.0036279296875,99.9963720703125
2025-11-26 19:11:59.406757120,s3-eth2,0.0036279296875,99.9963720703125
2025-11-26 19:12:00.407630080,s1-eth1,0.0029877471923828126,99.99701225280762
2025-11-26 19:12:00.407747072,s2-eth2,0.0029877471923828126,99.99701225280762
2025-11-26 19:12:00.407894016,s3-eth2,0.0029877471923828126,99.99701225280762
2025-11-26 19:12:01.408737792,s1-eth1,0.0029877471923828126,99.99701225280762
2025-11-26 19:12:01.408840960,s2-eth2,0.0029877471923828126,99.99701225280762
2025-11-26 19:12:01.408987136,s3-eth2,0.0029877471923828126,99.99701225280762
2025-11-26 19:12:02.409518848,s1-eth1,0.00299072265625,99.99700927734375
2025-11-26 19:12:02.409564928,s2-eth2,0.00299072265625,99.99700927734375
2025-11-26 19:12:02.409619968,s3-eth2,0.00299072265625,99.99700927734375
2025-11-26 19:12:03.410344960,s1-eth1,65.54393005371094,34.45606994628906
2025-11-26 19:12:03.410476032,s2-eth2,65.54443359375,34.45556640625
2025-11-26 19:12:03.410636800,s3-eth2,0.0029877471923828126,99.99701225280762
2025-11-26 19:12:04.411721984,s1-eth1,0.012911300659179687,99.98708869934082
2025-11-26 19:12:04.411832064,s2-eth2,0.012408218383789062,99.98759178161622
2025-11-26 19:12:04.411986176,s3-eth2,0.0029877471923828126,99.99701225280762
2025-11-26 19:12:05.412840960,s1-eth1,0.0029877471923828126,99.99701225280762
2025-11-26 19:12:05.412945152,s2-eth2,0.0029877471923828126,99.99701225280762
2025-11-26 19:12:05.413091840,s3-eth2,0.0029877471923828126,99.99701225280762
2025-11-26 19:12:06.413903104,s1-eth1,0.0029877471923828126,99.99701225280762
2025-11-26 19:12:06.414028032,s2-eth2,0.0029877471923828126,99.99701225280762
2025-11-26 19:12:06.414173952,s3-eth2,0.0029877471923828126,99.99701225280762
2025-11-26 19:12:07.415081984,s1-eth1,0.0029877471923828126,99.99701225280762
2025-11-26 19:12:07.415215872,s2-eth2,65.01400756835938,34.985992431640625
2025-11-26 19:12:07.415385088,s3-eth2,0.0029877471923828126,99.99701225280762
2025-11-26 19:12:08.416224000,s1-eth1,0.0029877471923828126,99.99701225280762
2025-11-26 19:12:08.416344832,s2-eth2,0.00855926513671875,99.99144073486327
2025-11-26 19:12:08.416498944,s3-eth2,0.0029877471923828126,99.99701225280762
2025-11-26 19:12:09.417403904,s1-eth1,0.0029877471923828126,99.99701225280762
2025-11-26 19:12:09.417519104,s2-eth2,0.0029877471923828126,99.99701225280762
2025-11-26 19:12:09.417665024,s3-eth2,0.0029877471923828126,99.99701225280762
2025-11-26 19:12:10.418469888,s1-eth1,0.0029877471923828126,99.99701225280762
2025-11-26 19:12:10.418586112,s2-eth2,0.0029877471923828126,99.99701225280762
2025-11-26 19:12:10.418746112,s3-eth2,69.51997375488281,30.480026245117188
2025-11-26 19:12:11.419603200,s1-eth1,67.08285522460938,32.917144775390625
2025-11-26 19:12:11.419742208,s2-eth2,6.690575103759766,93.30942489624023
2025-11-26 19:12:11.419902976,s3-eth2,0.00857452392578125,99.99142547607421
2025-11-26 19:12:12.420745984,s1-eth1,131.9432830810547,-31.943283081054688
2025-11-26 19:12:12.420871936,s2-eth2,62.33247375488281,37.66752624511719
2025-11-26 19:12:12.421037056,s3-eth2,0.0029877471923828126,99.99701225280762
2025-11-26 19:12:13.421873152,s1-eth1,5.3265753173828125,94.67342468261718
2025-11-26 19:12:13.421982976,s2-eth2,0.008711700439453124,99.99128829956055
2025-11-26 19:12:13.422141184,s3-eth2,0.0029877471923828126,99.99701225280762
2025-11-26 19:12:14.423001088,s1-eth1,0.0029877471923828126,99.99701225280762
2025-11-26 19:12:14.423113984,s2-eth2,0.0029877471923828126,99.99701225280762
2025-11-26 19:12:14.423260928,s3-eth2,0.0029877471923828126,99.99701225280762
2025-11-26 19:12:15.424101120,s1-eth1,0.0029877471923828126,99.99701225280762
2025-11-26 19:12:15.424206848,s2-eth2,0.0029877471923828126,99.99701225280762
2025-11-26 19:12:15.424352768,s3-eth2,0.0029877471923828126,99.99701225280762
2025-11-26 19:12:16.425182208,s1-eth1,66.08755493164062,33.912445068359375
2025-11-26 19:12:16.425302016,s2-eth2,0.0029877471923828126,99.99701225280762
2025-11-26 19:12:16.425447936,s3-eth2,0.0029877471923828126,99.99701225280762
2025-11-26 19:12:17.426268160,s1-eth1,0.013300018310546875,99.98669998168945
2025-11-26 19:12:17.426380032,s2-eth2,0.0036279296875,99.9963720703125
2025-11-26 19:12:17.426525952,s3-eth2,0.0036279296875,99.9963720703125
2025-11-26 19:12:18.427341824,s1-eth1,55.11136245727539,44.88863754272461
2025-11-26 19:12:18.427454976,s2-eth2,55.831241607666016,44.168758392333984
2025-11-26 19:12:18.427609856,s3-eth2,0.0036279296875,99.9963720703125
2025-11-26 19:12:19.428582912,s1-eth1,10.380625762939452,89.61937423706055
2025-11-26 19:12:19.428695040,s2-eth2,9.660749435424805,90.3392505645752
2025-11-26 19:12:19.428850944,s3-eth2,0.0029877471923828126,99.99701225280762
2025-11-26 19:12:20.429656064,s1-eth1,0.0029877471923828126,99.99701225280762
2025-11-26 19:12:20.429758976,s2-eth2,0.0029877471923828126,99.99701225280762
2025-11-26 19:12:20.429903872,s3-eth2,0.0029877471923828126,99.99701225280762
2025-11-26 19:12:21.430733056,s1-eth1,67.84402465820312,32.155975341796875
2025-11-26 19:12:21.430857984,s2-eth2,0.0029877471923828126,99.99701225280762
2025-11-26 19:12:21.431005952,s3-eth2,0.0029877471923828126,99.99701225280762
2025-11-26 19:12:22.431820032,s1-eth1,0.6848772430419922,99.315122756958
2025-11-26 19:12:22.431931904,s2-eth2,0.0029877471923828126,99.99701225280762
2025-11-26 19:12:22.432077056,s3-eth2,0.0029877471923828126,99.99701225280762
2025-11-26 19:12:23.432889856,s1-eth1,0.0029877471923828126,99.99701225280762
2025-11-26 19:12:23.432993792,s2-eth2,0.0029877471923828126,99.99701225280762
2025-11-26 19:12:23.433149184,s3-eth2,69.52000427246094,30.479995727539062
2025-11-26 19:12:24.433982976,s1-eth1,0.0029877471923828126,99.99701225280762
2025-11-26 19:12:24.434087936,s2-eth2,0.0029877471923828126,99.99701225280762
2025-11-26 19:12:24.434238976,s3-eth2,0.00857452392578125,99.99142547607421
2025-11-26 19:12:25.435079936,s1-eth1,0.0029877471923828126,99.99701225280762
2025-11-26 19:12:25.435184896,s2-eth2,0.0029877471923828126,99.99701225280762
2025-11-26 19:12:25.435329792,s3-eth2,0.0029877471923828126,99.99701225280762
2025-11-26 19:12:26.436156160,s1-eth1,0.0036279296875,99.9963720703125
2025-11-26 19:12:26.436260096,s2-eth2,0.0036279296875,99.9963720703125
2025-11-26 19:12:26.436406016,s3-eth2,0.0036279296875,99.9963720703125
2025-11-26 19:12:27.437211136,s1-eth1,0.0029877471923828126,99.99701225280762
2025-11-26 19:12:27.437314048,s2-eth2,0.0029877471923828126,99.99701225280762
2025-11-26 19:12:27.437458944,s3-eth2,0.0029877471923828126,99.99701225280762
2025-11-26 19:12:28.438263040,s1-eth1,0.0029877471923828126,99.99701225280762
2025-11-26 19:12:28.438365952,s2-eth2,0.0029877471923828126,99.99701225280762
2025-11-26 19:12:28.438510848,s3-eth2,0.0029877471923828126,99.99701225280762
2025-11-26 19:12:29.439374848,s1-eth1,0.0029877471923828126,99.99701225280762
2025-11-26 19:12:29.439479040,s2-eth2,0.0029877471923828126,99.99701225280762
2025-11-26 19:12:29.439624192,s3-eth2,0.0029877471923828126,99.99701225280762
2025-11-26 19:12:30.440424960,s1-eth1,0.0029877471923828126,99.99701225280762
2025-11-26 19:12:30.440530176,s2-eth2,0.0029877471923828126,99.99701225280762
2025-11-26 19:12:30.440676096,s3-eth2,0.0029877471923828126,99.99701225280762
2025-11-26 19:12:31.441478912,s1-eth1,0.0029877471923828126,99.99701225280762
2025-11-26 19:12:31.441582080,s2-eth2,0.0029877471923828126,99.99701225280762
2025-11-26 19:12:31.441728000,s3-eth2,0.0029877471923828126,99.99701225280762
2025-11-26 19:12:32.442269952,s1-eth1,60.708251953125,39.291748046875
2025-11-26 19:12:32.442318080,s2-eth2,0.00299072265625,99.99700927734375
2025-11-26 19:12:32.442375936,s3-eth2,0.00299072265625,99.99700927734375
2025-11-26 19:12:33.442733056,s1-eth1,4.420692443847656,95.57930755615234
2025-11-26 19:12:33.442775040,s2-eth2,0.00299072265625,99.99700927734375
2025-11-26 19:12:33.442828800,s3-eth2,0.00299072265625,99.99700927734375
2025-11-26 19:12:34.443613952,s1-eth1,0.00299072265625,99.99700927734375
2025-11-26 19:12:34.443717120,s2-eth2,0.00299072265625,99.99700927734375
2025-11-26 19:12:34.443862016,s3-eth2,0.0029877471923828126,99.99701225280762
2025-11-26 19:12:35.444672000,s1-eth1,0.0029877471923828126,99.99701225280762
2025-11-26 19:12:35.444786176,s2-eth2,64.33363342285156,35.66636657714844
2025-11-26 19:12:35.444939008,s3-eth2,64.33363342285156,35.66636657714844
2025-11-26 19:12:36.445720832,s1-eth1,0.0029877471923828126,99.99701225280762
2025-11-26 19:12:36.445833984,s2-eth2,0.013269500732421875,99.98673049926758
2025-11-26 19:12:36.445986048,s3-eth2,0.013269500732421875,99.98673049926758
2025-11-26 19:12:37.446541056,s1-eth1,0.00299072265625,99.99700927734375
2025-11-26 19:12:37.446578944,s2-eth2,0.0074615478515625,99.99253845214844
2025-11-26 19:12:37.446715136,s3-eth2,0.00299072265625,99.99700927734375
2025-11-26 19:12:38.447268864,s1-eth1,0.00299072265625,99.99700927734375
2025-11-26 19:12:38.447315968,s2-eth2,69.306640625,30.693359375
2025-11-26 19:12:38.447377920,s3-eth2,0.00299072265625,99.99700927734375
2025-11-26 19:12:39.448262912,s1-eth1,0.00299072265625,99.99700927734375
2025-11-26 19:12:39.448375040,s2-eth2,0.0029877471923828126,99.99701225280762
2025-11-26 19:12:39.448525824,s3-eth2,0.0029877471923828126,99.99701225280762
2025-11-26 19:12:40.449510144,s1-eth1,65.78512573242188,34.214874267578125
2025-11-26 19:12:40.449632768,s2-eth2,65.78448486328125,34.21551513671875
2025-11-26 19:12:40.449794048,s3-eth2,0.0029877471923828126,99.99701225280762
2025-11-26 19:12:41.450743808,s1-eth1,0.012926559448242187,99.98707344055175
2025-11-26 19:12:41.450886912,s2-eth2,0.012926559448242187,99.98707344055175
2025-11-26 19:12:41.451055104,s3-eth2,0.0029877471923828126,99.99701225280762
2025-11-26 19:12:42.451993088,s1-eth1,0.0029877471923828126,99.99701225280762
2025-11-26 19:12:42.452104960,s2-eth2,64.72621154785156,35.27378845214844
2025-11-26 19:12:42.452274944,s3-eth2,0.0029877471923828126,99.99701225280762
2025-11-26 19:12:43.453231104,s1-eth1,0.0029877471923828126,99.99701225280762
2025-11-26 19:12:43.453350144,s2-eth2,65.01738739013672,34.98261260986328
2025-11-26 19:12:43.453512960,s3-eth2,0.0029877471923828126,99.99701225280762
2025-11-26 19:12:44.454600960,s1-eth1,0.0029877471923828126,99.99701225280762
2025-11-26 19:12:44.454713088,s2-eth2,0.012659759521484374,99.98734024047852
2025-11-26 19:12:44.454892032,s3-eth2,0.0029877471923828126,99.99701225280762
2025-11-26 19:12:45.456065792,s1-eth1,59.27509307861328,40.72490692138672
2025-11-26 19:12:45.456182016,s2-eth2,59.98393249511719,40.01606750488281
2025-11-26 19:12:45.456339968,s3-eth2,60.16051483154297,39.83948516845703
2025-11-26 19:12:46.457282048,s1-eth1,66.24775695800781,33.75224304199219
2025-11-26 19:12:46.457395968,s2-eth2,65.35330963134766,34.646690368652344
2025-11-26 19:12:46.457552896,s3-eth2,65.01118469238281,34.98881530761719
2025-11-26 19:12:47.458576896,s1-eth1,66.22557830810547,33.77442169189453
2025-11-26 19:12:47.458694912,s2-eth2,8.853824615478516,91.14617538452148
2025-11-26 19:12:47.458895872,s3-eth2,9.0193701171875,90.98062988281251
2025-11-26 19:12:48.459842048,s1-eth1,7.931529541015625,92.06847045898438
2025-11-26 19:12:48.459952128,s2-eth2,0.0029877471923828126,99.99701225280762
2025-11-26 19:12:48.460109056,s3-eth2,0.0029877471923828126,99.99701225280762
2025-11-26 19:12:49.461224960,s1-eth1,0.0029877471923828126,99.99701225280762
2025-11-26 19:12:49.461339904,s2-eth2,0.0029877471923828126,99.99701225280762
2025-11-26 19:12:49.461488896,s3-eth2,0.0029877471923828126,99.99701225280762
2025-11-26 19:12:50.462449920,s1-eth1,0.0029877471923828126,99.99701225280762
2025-11-26 19:12:50.462558976,s2-eth2,0.0036279296875,99.9963720703125
2025-11-26 19:12:50.462706944,s3-eth2,0.0036279296875,99.9963720703125
2025-11-26 19:12:51.463635968,s1-eth1,0.0029877471923828126,99.99701225280762
2025-11-26 19:12:51.463741184,s2-eth2,0.0029877471923828126,99.99701225280762
2025-11-26 19:12:51.463888896,s3-eth2,0.0029877471923828126,99.99701225280762
2025-11-26 19:12:52.464754176,s1-eth1,0.0036279296875,99.9963720703125
2025-11-26 19:12:52.464859904,s2-eth2,0.0036279296875,99.9963720703125
2025-11-26 19:12:52.465007104,s3-eth2,0.0036279296875,99.9963720703125
2025-11-26 19:12:53.465864960,s1-eth1,0.0029877471923828126,99.99701225280762
2025-11-26 19:12:53.465969920,s2-eth2,0.0029877471923828126,99.99701225280762
2025-11-26 19:12:53.466118144,s3-eth2,0.0029877471923828126,99.99701225280762
2025-11-26 19:12:54.467107072,s1-eth1,0.0029877471923828126,99.99701225280762
2025-11-26 19:12:54.467212800,s2-eth2,0.0029877471923828126,99.99701225280762
2025-11-26 19:12:54.467358976,s3-eth2,0.0029877471923828126,99.99701225280762
2025-11-26 19:12:55.468226048,s1-eth1,0.0029877471923828126,99.99701225280762
2025-11-26 19:12:55.468333056,s2-eth2,0.0029877471923828126,99.99701225280762
2025-11-26 19:12:55.468477952,s3-eth2,0.0029877471923828126,99.99701225280762
2025-11-26 19:12:56.469336064,s1-eth1,0.0029877471923828126,99.99701225280762
2025-11-26 19:12:56.469441024,s2-eth2,0.0029877471923828126,99.99701225280762
2025-11-26 19:12:56.469587968,s3-eth2,0.0029877471923828126,99.99701225280762
2025-11-26 19:12:57.470501888,s1-eth1,0.0036279296875,99.9963720703125
2025-11-26 19:12:57.470621952,s2-eth2,65.01665496826172,34.98334503173828
2025-11-26 19:12:57.470781184,s3-eth2,0.0036279296875,99.9963720703125
2025-11-26 19:12:58.471718144,s1-eth1,65.79463195800781,34.20536804199219
2025-11-26 19:12:58.471836928,s2-eth2,0.009077529907226562,99.99092247009277
2025-11-26 19:12:58.471991040,s3-eth2,0.0029877471923828126,99.99701225280762
2025-11-26 19:12:59.472896000,s1-eth1,2.734250030517578,97.26574996948243
2025-11-26 19:12:59.473017856,s2-eth2,64.33783721923828,35.66216278076172
2025-11-26 19:12:59.473175040,s3-eth2,64.33783721923828,35.66216278076172
2025-11-26 19:13:00.474095104,s1-eth1,0.0029877471923828126,99.99701225280762
2025-11-26 19:13:00.474208000,s2-eth2,0.0085516357421875,99.9914483642578
2025-11-26 19:13:00.474360832,s3-eth2,0.0085516357421875,99.9914483642578
2025-11-26 19:13:01.475271936,s1-eth1,0.0029877471923828126,99.99701225280762
2025-11-26 19:13:01.475377152,s2-eth2,0.0029877471923828126,99.99701225280762
2025-11-26 19:13:01.475523840,s3-eth2,0.0029877471923828126,99.99701225280762
2025-11-26 19:13:02.476387072,s1-eth1,0.0029877471923828126,99.99701225280762
2025-11-26 19:13:02.476492032,s2-eth2,0.0029877471923828126,99.99701225280762
2025-11-26 19:13:02.476638976,s3-eth2,0.0029877471923828126,99.99701225280762
2025-11-26 19:13:03.477498112,s1-eth1,0.0029877471923828126,99.99701225280762
2025-11-26 19:13:03.477603840,s2-eth2,0.0029877471923828126,99.99701225280762
2025-11-26 19:13:03.477751040,s3-eth2,0.0029877471923828126,99.99701225280762
2025-11-26 19:13:04.478612992,s1-eth1,0.0029877471923828126,99.99701225280762
2025-11-26 19:13:04.478718976,s2-eth2,0.0029877471923828126,99.99701225280762
2025-11-26 19:13:04.478904064,s3-eth2,0.0029877471923828126,99.99701225280762
2025-11-26 19:13:05.479813120,s1-eth1,54.8317985534668,45.1682014465332
2025-11-26 19:13:05.479928064,s2-eth2,55.551673889160156,44.448326110839844
2025-11-26 19:13:05.480088832,s3-eth2,0.0029877471923828126,99.99701225280762
2025-11-26 19:13:06.481020928,s1-eth1,10.659583129882812,89.3404168701172
2025-11-26 19:13:06.481137920,s2-eth2,9.939706802368164,90.06029319763184
2025-11-26 19:13:06.481297920,s3-eth2,0.0029877471923828126,99.99701225280762
2025-11-26 19:13:07.482172928,s1-eth1,0.0036279296875,99.9963720703125
2025-11-26 19:13:07.482278144,s2-eth2,0.0029877471923828126,99.99701225280762
2025-11-26 19:13:07.482425088,s3-eth2,0.0029877471923828126,99.99701225280762
2025-11-26 19:13:08.483307008,s1-eth1,0.0029877471923828126,99.99701225280762
2025-11-26 19:13:08.483411968,s2-eth2,0.0029877471923828126,99.99701225280762
2025-11-26 19:13:08.483574016,s3-eth2,69.52000427246094,30.479995727539062
2025-11-26 19:13:09.484517120,s1-eth1,65.47845458984375,34.52154541015625
2025-11-26 19:13:09.484631040,s2-eth2,65.47845458984375,34.52154541015625
2025-11-26 19:13:09.484792064,s3-eth2,0.00857452392578125,99.99142547607421
2025-11-26 19:13:10.485702144,s1-eth1,0.012728347778320312,99.98727165222168
2025-11-26 19:13:10.485809152,s2-eth2,0.012728347778320312,99.98727165222168
2025-11-26 19:13:10.485961984,s3-eth2,0.0029877471923828126,99.99701225280762
2025-11-26 19:13:11.487015936,s1-eth1,61.373016357421875,38.626983642578125
2025-11-26 19:13:11.487126016,s2-eth2,0.0029877471923828126,99.99701225280762
2025-11-26 19:13:11.487281920,s3-eth2,0.0029877471923828126,99.99701225280762
2025-11-26 19:13:12.488152064,s1-eth1,3.524589767456055,96.47541023254395
2025-11-26 19:13:12.488267008,s2-eth2,0.0029877471923828126,99.99701225280762
2025-11-26 19:13:12.488423936,s3-eth2,0.0029877471923828126,99.99701225280762
2025-11-26 19:13:13.489270016,s1-eth1,0.0029877471923828126,99.99701225280762
2025-11-26 19:13:13.489377024,s2-eth2,0.0029877471923828126,99.99701225280762
2025-11-26 19:13:13.489527040,s3-eth2,0.0029877471923828126,99.99701225280762
2025-11-26 19:13:14.490465024,s1-eth1,61.0172233581543,38.9827766418457
2025-11-26 19:13:14.490582016,s2-eth2,0.0029877471923828126,99.99701225280762
2025-11-26 19:13:14.490792960,s3-eth2,0.0029877471923828126,99.99701225280762
2025-11-26 19:13:15.491709952,s1-eth1,0.009611053466796875,99.9903889465332
2025-11-26 19:13:15.491820032,s2-eth2,0.0029877471923828126,99.99701225280762
2025-11-26 19:13:15.491966976,s3-eth2,0.0029877471923828126,99.99701225280762
2025-11-26 19:13:16.492847872,s1-eth1,0.0029877471923828126,99.99701225280762
2025-11-26 19:13:16.492961024,s2-eth2,0.0029877471923828126,99.99701225280762
2025-11-26 19:13:16.493110016,s3-eth2,0.0029877471923828126,99.99701225280762
2025-11-26 19:13:17.494029056,s1-eth1,54.74551773071289,45.25448226928711
2025-11-26 19:13:17.494153984,s2-eth2,54.52680587768555,45.47319412231445
2025-11-26 19:13:17.494316032,s3-eth2,0.0029877471923828126,99.99701225280762
2025-11-26 19:13:18.495227136,s1-eth1,11.051746368408203,88.9482536315918
2025-11-26 19:13:18.495347968,s2-eth2,11.27046012878418,88.72953987121582
2025-11-26 19:13:18.495507968,s3-eth2,0.0029877471923828126,99.99701225280762
2025-11-26 19:13:19.496392960,s1-eth1,0.0036279296875,99.9963720703125
2025-11-26 19:13:19.496498944,s2-eth2,0.0036279296875,99.9963720703125
2025-11-26 19:13:19.496648960,s3-eth2,0.0036279296875,99.9963720703125
2025-11-26 19:13:20.497522176,s1-eth1,0.0029877471923828126,99.99701225280762
2025-11-26 19:13:20.497627904,s2-eth2,0.0029877471923828126,99.99701225280762
2025-11-26 19:13:20.497775104,s3-eth2,0.0029877471923828126,99.99701225280762
2025-11-26 19:13:21.498738944,s1-eth1,0.0029877471923828126,99.99701225280762
2025-11-26 19:13:21.498855168,s2-eth2,0.0029877471923828126,99.99701225280762
2025-11-26 19:13:21.499005184,s3-eth2,0.0029877471923828126,99.99701225280762
2025-11-26 19:13:22.499891968,s1-eth1,0.0029877471923828126,99.99701225280762
2025-11-26 19:13:22.499996928,s2-eth2,0.0042681884765625,99.99573181152344
2025-11-26 19:13:22.500145920,s3-eth2,0.0042681884765625,99.99573181152344
2025-11-26 19:13:23.501025792,s1-eth1,65.48197174072266,34.518028259277344
2025-11-26 19:13:23.501148928,s2-eth2,65.48197174072266,34.518028259277344
2025-11-26 19:13:23.501308928,s3-eth2,0.0029877471923828126,99.99701225280762
2025-11-26 19:13:24.502212096,s1-eth1,0.01278167724609375,99.9872183227539
2025-11-26 19:13:24.502320128,s2-eth2,0.01278167724609375,99.9872183227539
2025-11-26 19:13:24.502481920,s3-eth2,69.52000427246094,30.479995727539062
2025-11-26 19:13:25.503386880,s1-eth1,0.0029877471923828126,99.99701225280762
2025-11-26 19:13:25.503492096,s2-eth2,0.0029877471923828126,99.99701225280762
2025-11-26 19:13:25.503644928,s3-eth2,0.008704071044921874,99.99129592895508
2025-11-26 19:13:26.504534016,s1-eth1,0.0029877471923828126,99.99701225280762
2025-11-26 19:13:26.504638976,s2-eth2,0.0029877471923828126,99.99701225280762
2025-11-26 19:13:26.504786944,s3-eth2,0.0029877471923828126,99.99701225280762
2025-11-26 19:13:27.505667840,s1-eth1,65.05010986328125,34.94989013671875
2025-11-26 19:13:27.505792000,s2-eth2,0.0029877471923828126,99.99701225280762
2025-11-26 19:13:27.505939968,s3-eth2,0.0029877471923828126,99.99701225280762
2025-11-26 19:13:28.506823936,s1-eth1,0.012774124145507812,99.98722587585449
2025-11-26 19:13:28.506956032,s2-eth2,0.0029877471923828126,99.99701225280762
2025-11-26 19:13:28.507102976,s3-eth2,0.0029877471923828126,99.99701225280762
2025-11-26 19:13:29.507966976,s1-eth1,0.0029877471923828126,99.99701225280762
2025-11-26 19:13:29.508071936,s2-eth2,0.0029877471923828126,99.99701225280762
2025-11-26 19:13:29.508218880,s3-eth2,0.0029877471923828126,99.99701225280762
2025-11-26 19:13:30.509068032,s1-eth1,0.0029877471923828126,99.99701225280762
2025-11-26 19:13:30.509172992,s2-eth2,0.0029877471923828126,99.99701225280762
2025-11-26 19:13:30.509320960,s3-eth2,0.0029877471923828126,99.99701225280762
2025-11-26 19:13:31.510308096,s1-eth1,0.0029877471923828126,99.99701225280762
2025-11-26 19:13:31.510412032,s2-eth2,0.0029877471923828126,99.99701225280762
2025-11-26 19:13:31.510557952,s3-eth2,0.0029877471923828126,99.99701225280762
2025-11-26 19:13:32.511400960,s1-eth1,0.0029877471923828126,99.99701225280762
2025-11-26 19:13:32.511507968,s2-eth2,0.005403823852539062,99.99459617614747
2025-11-26 19:13:32.511662080,s3-eth2,0.0029877471923828126,99.99701225280762
2025-11-26 19:13:33.512587008,s1-eth1,0.0029877471923828126,99.99701225280762
2025-11-26 19:13:33.512708864,s2-eth2,112.62403869628906,-12.624038696289062
2025-11-26 19:13:33.512882944,s3-eth2,26.99697494506836,73.00302505493164
2025-11-26 19:13:34.513799936,s1-eth1,0.0029877471923828126,99.99701225280762
2025-11-26 19:13:34.513920000,s2-eth2,115.61857604980469,-15.618576049804688
2025-11-26 19:13:34.514096128,s3-eth2,36.78522872924805,63.21477127075195
2025-11-26 19:13:35.515023872,s1-eth1,0.0042681884765625,99.99573181152344
2025-11-26 19:13:35.515142912,s2-eth2,45.99274444580078,54.00725555419922
2025-11-26 19:13:35.515315968,s3-eth2,3.861959915161133,96.13804008483886
2025-11-26 19:13:36.516377856,s1-eth1,0.0029877471923828126,99.99701225280762
2025-11-26 19:13:36.516483072,s2-eth2,0.0029877471923828126,99.99701225280762
2025-11-26 19:13:36.516630784,s3-eth2,0.0029877471923828126,99.99701225280762
2025-11-26 19:13:37.517515776,s1-eth1,0.0036279296875,99.9963720703125
2025-11-26 19:13:37.517672960,s2-eth2,0.0029877471923828126,99.99701225280762
2025-11-26 19:13:37.517923072,s3-eth2,0.0029877471923828126,99.99701225280762
2025-11-26 19:13:38.518959872,s1-eth1,60.36867141723633,39.63132858276367
2025-11-26 19:13:38.519084032,s2-eth2,0.0029877471923828126,99.99701225280762
2025-11-26 19:13:38.519233024,s3-eth2,0.0029877471923828126,99.99701225280762
2025-11-26 19:13:39.520113920,s1-eth1,4.695210418701172,95.30478958129883
2025-11-26 19:13:39.520235008,s2-eth2,0.0029877471923828126,99.99701225280762
2025-11-26 19:13:39.520393984,s3-eth2,0.0029877471923828126,99.99701225280762
2025-11-26 19:13:40.521240832,s1-eth1,0.0029877471923828126,99.99701225280762
2025-11-26 19:13:40.521345024,s2-eth2,0.0029877471923828126,99.99701225280762
2025-11-26 19:13:40.521501952,s3-eth2,0.0029877471923828126,99.99701225280762
2025-11-26 19:13:41.522466816,s1-eth1,0.0029877471923828126,99.99701225280762
2025-11-26 19:13:41.522572032,s2-eth2,0.0029877471923828126,99.99701225280762
2025-11-26 19:13:41.522716928,s3-eth2,0.0029877471923828126,99.99701225280762
2025-11-26 19:13:42.523598080,s1-eth1,58.49449920654297,41.50550079345703
2025-11-26 19:13:42.523710976,s2-eth2,59.15919494628906,40.84080505371094
2025-11-26 19:13:42.523866880,s3-eth2,59.379920959472656,40.620079040527344
2025-11-26 19:13:43.524758016,s1-eth1,7.594098052978516,92.40590194702149
2025-11-26 19:13:43.524879104,s2-eth2,6.929403305053711,93.07059669494629
2025-11-26 19:13:43.525048064,s3-eth2,6.708676834106445,93.29132316589356
2025-11-26 19:13:44.525899008,s1-eth1,0.0029877471923828126,99.99701225280762
2025-11-26 19:13:44.526006016,s2-eth2,0.0029877471923828126,99.99701225280762
2025-11-26 19:13:44.526164992,s3-eth2,0.0029877471923828126,99.99701225280762
2025-11-26 19:13:45.527026944,s1-eth1,0.0029877471923828126,99.99701225280762
2025-11-26 19:13:45.527132160,s2-eth2,0.0029877471923828126,99.99701225280762
2025-11-26 19:13:45.527290112,s3-eth2,0.0029877471923828126,99.99701225280762
2025-11-26 19:13:46.528253184,s1-eth1,0.0036279296875,99.9963720703125
2025-11-26 19:13:46.528357888,s2-eth2,0.0036279296875,99.9963720703125
2025-11-26 19:13:46.528505088,s3-eth2,0.0036279296875,99.9963720703125
2025-11-26 19:13:47.529349120,s1-eth1,0.0029877471923828126,99.99701225280762
2025-11-26 19:13:47.529453056,s2-eth2,0.0029877471923828126,99.99701225280762
2025-11-26 19:13:47.529600000,s3-eth2,0.0029877471923828126,99.99701225280762
2025-11-26 19:13:48.530427904,s1-eth1,0.0029877471923828126,99.99701225280762
2025-11-26 19:13:48.530533120,s2-eth2,0.0029877471923828126,99.99701225280762
2025-11-26 19:13:48.530679040,s3-eth2,0.0029877471923828126,99.99701225280762
2025-11-26 19:13:49.531537152,s1-eth1,0.0029877471923828126,99.99701225280762
2025-11-26 19:13:49.531640064,s2-eth2,0.0029877471923828126,99.99701225280762
2025-11-26 19:13:49.531785984,s3-eth2,0.0029877471923828126,99.99701225280762
2025-11-26 19:13:50.532630016,s1-eth1,0.0029877471923828126,99.99701225280762
2025-11-26 19:13:50.532735232,s2-eth2,0.0029877471923828126,99.99701225280762
2025-11-26 19:13:50.532880896,s3-eth2,0.0029877471923828126,99.99701225280762
2025-11-26 19:13:51.533854976,s1-eth1,0.0029877471923828126,99.99701225280762
2025-11-26 19:13:51.533974016,s2-eth2,65.0160140991211,34.983985900878906
2025-11-26 19:13:51.534132992,s3-eth2,0.0029877471923828126,99.99701225280762
2025-11-26 19:13:52.535053056,s1-eth1,0.0029877471923828126,99.99701225280762
2025-11-26 19:13:52.535164160,s2-eth2,0.00856689453125,99.99143310546874
2025-11-26 19:13:52.535314944,s3-eth2,0.0029877471923828126,99.99701225280762
2025-11-26 19:13:53.536189184,s1-eth1,0.0029877471923828126,99.99701225280762
2025-11-26 19:13:53.536293888,s2-eth2,0.0029877471923828126,99.99701225280762
2025-11-26 19:13:53.536442880,s3-eth2,0.0029877471923828126,99.99701225280762
2025-11-26 19:13:54.537300992,s1-eth1,0.0029877471923828126,99.99701225280762
2025-11-26 19:13:54.537406976,s2-eth2,0.0029877471923828126,99.99701225280762
2025-11-26 19:13:54.537553920,s3-eth2,0.0029877471923828126,99.99701225280762
2025-11-26 19:13:55.538428928,s1-eth1,0.0029877471923828126,99.99701225280762
2025-11-26 19:13:55.538536192,s2-eth2,0.0036279296875,99.9963720703125
2025-11-26 19:13:55.538682880,s3-eth2,0.0036279296875,99.9963720703125
2025-11-26 19:13:56.539799808,s1-eth1,65.35124969482422,34.64875030517578
2025-11-26 19:13:56.539917824,s2-eth2,0.0029877471923828126,99.99701225280762
2025-11-26 19:13:56.540077056,s3-eth2,0.0029877471923828126,99.99701225280762
2025-11-26 19:13:57.541004032,s1-eth1,65.84199523925781,34.15800476074219
2025-11-26 19:13:57.541122048,s2-eth2,0.0029877471923828126,99.99701225280762
2025-11-26 19:13:57.541278976,s3-eth2,0.0029877471923828126,99.99701225280762
2025-11-26 19:13:58.542216960,s1-eth1,65.87885284423828,34.12114715576172
2025-11-26 19:13:58.542341120,s2-eth2,7.391427536010742,92.60857246398926
2025-11-26 19:13:58.542499072,s3-eth2,0.0029877471923828126,99.99701225280762
2025-11-26 19:13:59.543397888,s1-eth1,72.14820098876953,27.85179901123047
2025-11-26 19:13:59.543521024,s2-eth2,61.10295486450195,38.89704513549805
2025-11-26 19:13:59.543694080,s3-eth2,0.0029877471923828126,99.99701225280762
2025-11-26 19:14:00.544595968,s1-eth1,0.008711700439453124,99.99128829956055
2025-11-26 19:14:00.544704000,s2-eth2,0.008711700439453124,99.99128829956055
2025-11-26 19:14:00.544857088,s3-eth2,0.0029877471923828126,99.99701225280762
2025-11-26 19:14:01.545876992,s1-eth1,0.0029877471923828126,99.99701225280762
2025-11-26 19:14:01.545979904,s2-eth2,0.0029877471923828126,99.99701225280762
2025-11-26 19:14:01.546127104,s3-eth2,0.0029877471923828126,99.99701225280762
2025-11-26 19:14:02.546996992,s1-eth1,0.0036279296875,99.9963720703125
2025-11-26 19:14:02.547101952,s2-eth2,0.0029877471923828126,99.99701225280762
2025-11-26 19:14:02.547250944,s3-eth2,0.0029877471923828126,99.99701225280762
2025-11-26 19:14:03.548116992,s1-eth1,0.0029877471923828126,99.99701225280762
2025-11-26 19:14:03.548221184,s2-eth2,0.0029877471923828126,99.99701225280762
2025-11-26 19:14:03.548367872,s3-eth2,0.0029877471923828126,99.99701225280762
2025-11-26 19:14:04.549240064,s1-eth1,0.0029877471923828126,99.99701225280762
2025-11-26 19:14:04.549345024,s2-eth2,0.0029877471923828126,99.99701225280762
2025-11-26 19:14:04.549508096,s3-eth2,69.51998138427734,30.480018615722656
2025-11-26 19:14:05.550359040,s1-eth1,0.0029877471923828126,99.99701225280762
2025-11-26 19:14:05.550464000,s2-eth2,0.0029877471923828126,99.99701225280762
2025-11-26 19:14:05.550615040,s3-eth2,0.00857452392578125,99.99142547607421
2025-11-26 19:14:06.551506944,s1-eth1,0.0029877471923828126,99.99701225280762
2025-11-26 19:14:06.551611904,s2-eth2,0.0029877471923828126,99.99701225280762
2025-11-26 19:14:06.551758080,s3-eth2,0.0029877471923828126,99.99701225280762
2025-11-26 19:14:07.552592896,s1-eth1,0.0029877471923828126,99.99701225280762
2025-11-26 19:14:07.552696832,s2-eth2,0.0029877471923828126,99.99701225280762
2025-11-26 19:14:07.552841984,s3-eth2,0.0029877471923828126,99.99701225280762
2025-11-26 19:14:08.553690880,s1-eth1,59.83540725708008,40.16459274291992
2025-11-26 19:14:08.553801984,s2-eth2,0.0029877471923828126,99.99701225280762
2025-11-26 19:14:08.553957888,s3-eth2,0.0029877471923828126,99.99701225280762
2025-11-26 19:14:09.554833920,s1-eth1,5.062213897705078,94.93778610229492
2025-11-26 19:14:09.554960896,s2-eth2,0.0036279296875,99.9963720703125
2025-11-26 19:14:09.555118080,s3-eth2,0.0036279296875,99.9963720703125
2025-11-26 19:14:10.556003072,s1-eth1,0.0035517120361328123,99.99644828796387
2025-11-26 19:14:10.556109824,s2-eth2,0.0035517120361328123,99.99644828796387
2025-11-26 19:14:10.556258816,s3-eth2,0.0035517120361328123,99.99644828796387
2025-11-26 19:14:11.557321984,s1-eth1,65.09904479980469,34.90095520019531
2025-11-26 19:14:11.557436928,s2-eth2,64.88018798828125,35.11981201171875
2025-11-26 19:14:11.557594112,s3-eth2,64.59255981445312,35.407440185546875
2025-11-26 19:14:12.558504960,s1-eth1,69.43978881835938,30.560211181640625
2025-11-26 19:14:12.558629120,s2-eth2,134.8835906982422,-34.88359069824219
2025-11-26 19:14:12.558793984,s3-eth2,68.73703002929688,31.262969970703125
2025-11-26 19:14:13.559698176,s1-eth1,0.01401641845703125,99.98598358154297
2025-11-26 19:14:13.559812096,s2-eth2,0.01835319519042969,99.98164680480957
2025-11-26 19:14:13.559968000,s3-eth2,0.00855926513671875,99.99144073486327
2025-11-26 19:14:14.560889088,s1-eth1,0.0029877471923828126,99.99701225280762
2025-11-26 19:14:14.561000960,s2-eth2,0.0029877471923828126,99.99701225280762
2025-11-26 19:14:14.561177088,s3-eth2,0.0029877471923828126,99.99701225280762
2025-11-26 19:14:15.562042112,s1-eth1,0.0029877471923828126,99.99701225280762
2025-11-26 19:14:15.562153216,s2-eth2,0.0029877471923828126,99.99701225280762
2025-11-26 19:14:15.562321920,s3-eth2,0.0029877471923828126,99.99701225280762
2025-11-26 19:14:16.563347968,s1-eth1,0.0029877471923828126,99.99701225280762
2025-11-26 19:14:16.563453952,s2-eth2,0.0029877471923828126,99.99701225280762
2025-11-26 19:14:16.563612928,s3-eth2,0.0029877471923828126,99.99701225280762
2025-11-26 19:14:17.564449024,s1-eth1,0.0029877471923828126,99.99701225280762
2025-11-26 19:14:17.564555008,s2-eth2,0.0029877471923828126,99.99701225280762
2025-11-26 19:14:17.564713984,s3-eth2,0.0029877471923828126,99.99701225280762
2025-11-26 19:14:18.565561088,s1-eth1,13.12630844116211,86.87369155883789
2025-11-26 19:14:18.565683968,s2-eth2,12.90960693359375,87.09039306640625
2025-11-26 19:14:18.565854976,s3-eth2,0.0029877471923828126,99.99701225280762
2025-11-26 19:14:19.566713088,s1-eth1,55.8138313293457,44.1861686706543
2025-11-26 19:14:19.566859008,s2-eth2,56.03053283691406,43.96946716308594
2025-11-26 19:14:19.567020800,s3-eth2,0.0029877471923828126,99.99701225280762
2025-11-26 19:14:20.567876096,s1-eth1,0.0029877471923828126,99.99701225280762
2025-11-26 19:14:20.567992832,s2-eth2,0.0029877471923828126,99.99701225280762
2025-11-26 19:14:20.568140032,s3-eth2,0.0029877471923828126,99.99701225280762
2025-11-26 19:14:21.569129984,s1-eth1,0.0029877471923828126,99.99701225280762
2025-11-26 19:14:21.569232896,s2-eth2,0.0029877471923828126,99.99701225280762
2025-11-26 19:14:21.569391872,s3-eth2,0.0029877471923828126,99.99701225280762
2025-11-26 19:14:22.570228224,s1-eth1,66.43856811523438,33.561431884765625
2025-11-26 19:14:22.570349824,s2-eth2,67.04776000976562,32.952239990234375
2025-11-26 19:14:22.570521088,s3-eth2,0.0029877471923828126,99.99701225280762
2025-11-26 19:14:23.571356928,s1-eth1,2.0228567504882813,97.97714324951171
2025-11-26 19:14:23.571488000,s2-eth2,1.4136636352539063,98.58633636474609
2025-11-26 19:14:23.571644160,s3-eth2,0.0029877471923828126,99.99701225280762
2025-11-26 19:14:24.572474880,s1-eth1,0.0029877471923828126,99.99701225280762
2025-11-26 19:14:24.572590080,s2-eth2,0.0029877471923828126,99.99701225280762
2025-11-26 19:14:24.572736000,s3-eth2,0.0029877471923828126,99.99701225280762
2025-11-26 19:14:25.573592832,s1-eth1,0.0029877471923828126,99.99701225280762
2025-11-26 19:14:25.573713152,s2-eth2,64.50873565673828,35.49126434326172
2025-11-26 19:14:25.573883136,s3-eth2,0.0029877471923828126,99.99701225280762
2025-11-26 19:14:26.574449152,s1-eth1,65.11579895019531,34.88420104980469
2025-11-26 19:14:26.574502912,s2-eth2,0.516357421875,99.483642578125
2025-11-26 19:14:26.574563072,s3-eth2,0.00299072265625,99.99700927734375
2025-11-26 19:14:27.575258880,s1-eth1,0.0128021240234375,99.98719787597656
2025-11-26 19:14:27.575383040,s2-eth2,0.00299072265625,99.99700927734375
2025-11-26 19:14:27.575529216,s3-eth2,0.00299072265625,99.99700927734375
2025-11-26 19:14:28.576383232,s1-eth1,0.0029877471923828126,99.99701225280762
2025-11-26 19:14:28.576502016,s2-eth2,0.0029877471923828126,99.99701225280762
2025-11-26 19:14:28.576647936,s3-eth2,0.0029877471923828126,99.99701225280762
2025-11-26 19:14:29.577481984,s1-eth1,0.0029877471923828126,99.99701225280762
2025-11-26 19:14:29.577601024,s2-eth2,0.0036279296875,99.9963720703125
2025-11-26 19:14:29.577747968,s3-eth2,0.0036279296875,99.9963720703125
2025-11-26 19:14:30.578586112,s1-eth1,0.0036279296875,99.9963720703125
2025-11-26 19:14:30.578691072,s2-eth2,0.0029877471923828126,99.99701225280762
2025-11-26 19:14:30.578864128,s3-eth2,0.0029877471923828126,99.99701225280762
2025-11-26 19:14:31.579834880,s1-eth1,0.0029877471923828126,99.99701225280762
2025-11-26 19:14:31.579938048,s2-eth2,0.0029877471923828126,99.99701225280762
2025-11-26 19:14:31.580097024,s3-eth2,0.0029877471923828126,99.99701225280762
2025-11-26 19:14:32.580625920,s1-eth1,0.00299072265625,99.99700927734375
2025-11-26 19:14:32.580663808,s2-eth2,0.00299072265625,99.99700927734375
2025-11-26 19:14:32.580723968,s3-eth2,0.00299072265625,99.99700927734375
2025-11-26 19:14:33.581371904,s1-eth1,0.00299072265625,99.99700927734375
2025-11-26 19:14:33.581476096,s2-eth2,0.00299072265625,99.99700927734375
2025-11-26 19:14:33.581633024,s3-eth2,0.00299072265625,99.99700927734375
2025-11-26 19:14:34.582159104,s1-eth1,0.00299072265625,99.99700927734375
2025-11-26 19:14:34.582198016,s2-eth2,0.00299072265625,99.99700927734375
2025-11-26 19:14:34.582257152,s3-eth2,69.54533386230469,30.454666137695312
2025-11-26 19:14:35.583010816,s1-eth1,0.00299072265625,99.99700927734375
2025-11-26 19:14:35.583128064,s2-eth2,72.24147033691406,27.758529663085938
2025-11-26 19:14:35.583319040,s3-eth2,28.340824127197266,71.65917587280273
2025-11-26 19:14:36.584350208,s1-eth1,0.0029877471923828126,99.99701225280762
2025-11-26 19:14:36.584468992,s2-eth2,95.36455535888672,4.635444641113281
2025-11-26 19:14:36.584656896,s3-eth2,40.21266555786133,59.78733444213867
2025-11-26 19:14:37.585544960,s1-eth1,0.0029877471923828126,99.99701225280762
2025-11-26 19:14:37.585669120,s2-eth2,34.805335998535156,65.19466400146484
2025-11-26 19:14:37.585833984,s3-eth2,0.0029877471923828126,99.99701225280762
2025-11-26 19:14:38.586686976,s1-eth1,0.0029877471923828126,99.99701225280762
2025-11-26 19:14:38.586804992,s2-eth2,0.0029877471923828126,99.99701225280762
2025-11-26 19:14:38.586966016,s3-eth2,0.0029877471923828126,99.99701225280762
2025-11-26 19:14:39.587781888,s1-eth1,0.0036279296875,99.9963720703125
2025-11-26 19:14:39.587897088,s2-eth2,0.0036279296875,99.9963720703125
2025-11-26 19:14:39.588044800,s3-eth2,0.0036279296875,99.9963720703125
2025-11-26 19:14:40.588869120,s1-eth1,10.55475326538086,89.44524673461913
2025-11-26 19:14:40.589004032,s2-eth2,0.0029877471923828126,99.99701225280762
2025-11-26 19:14:40.589150976,s3-eth2,0.0029877471923828126,99.99701225280762
2025-11-26 19:14:41.590146048,s1-eth1,59.45832824707031,40.54167175292969
2025-11-26 19:14:41.590279168,s2-eth2,0.0029877471923828126,99.99701225280762
2025-11-26 19:14:41.590426880,s3-eth2,0.0029877471923828126,99.99701225280762
2025-11-26 19:14:42.591268096,s1-eth1,0.0029877471923828126,99.99701225280762
2025-11-26 19:14:42.591383808,s2-eth2,0.0029877471923828126,99.99701225280762
2025-11-26 19:14:42.591529984,s3-eth2,0.0029877471923828126,99.99701225280762
2025-11-26 19:14:43.592375040,s1-eth1,66.21808624267578,33.78191375732422
2025-11-26 19:14:43.592503040,s2-eth2,0.0029877471923828126,99.99701225280762
2025-11-26 19:14:43.592649984,s3-eth2,0.0029877471923828126,99.99701225280762
2025-11-26 19:14:44.593466112,s1-eth1,2.3106549072265623,97.68934509277344
2025-11-26 19:14:44.593588992,s2-eth2,0.0029877471923828126,99.99701225280762
2025-11-26 19:14:44.593734144,s3-eth2,0.0029877471923828126,99.99701225280762
2025-11-26 19:14:45.594530048,s1-eth1,0.0029877471923828126,99.99701225280762
2025-11-26 19:14:45.594656000,s2-eth2,0.0029877471923828126,99.99701225280762
2025-11-26 19:14:45.594803200,s3-eth2,0.0029877471923828126,99.99701225280762
2025-11-26 19:14:46.595643136,s1-eth1,0.0029877471923828126,99.99701225280762
2025-11-26 19:14:46.595747072,s2-eth2,0.0029877471923828126,99.99701225280762
2025-11-26 19:14:46.595901952,s3-eth2,0.0029877471923828126,99.99701225280762
2025-11-26 19:14:47.596707072,s1-eth1,0.0029877471923828126,99.99701225280762
2025-11-26 19:14:47.596812032,s2-eth2,0.0029877471923828126,99.99701225280762
2025-11-26 19:14:47.596969984,s3-eth2,0.0029877471923828126,99.99701225280762
2025-11-26 19:14:48.597812992,s1-eth1,0.0029877471923828126,99.99701225280762
2025-11-26 19:14:48.597918976,s2-eth2,0.0029877471923828126,99.99701225280762
2025-11-26 19:14:48.598076160,s3-eth2,0.0029877471923828126,99.99701225280762
2025-11-26 19:14:49.598944000,s1-eth1,114.67459106445312,-14.674591064453125
2025-11-26 19:14:49.599069952,s2-eth2,57.88844680786133,42.11155319213867
2025-11-26 19:14:49.599233024,s3-eth2,57.88762664794922,42.11237335205078
2025-11-26 19:14:50.600114944,s1-eth1,10.07228759765625,89.92771240234376
2025-11-26 19:14:50.600240896,s2-eth2,0.02767463684082031,99.97232536315919
2025-11-26 19:14:50.600403968,s3-eth2,0.028497772216796877,99.9715022277832
2025-11-26 19:14:51.601442048,s1-eth1,0.0029877471923828126,99.99701225280762
2025-11-26 19:14:51.601545984,s2-eth2,0.0029877471923828126,99.99701225280762
2025-11-26 19:14:51.601691904,s3-eth2,0.0029877471923828126,99.99701225280762
2025-11-26 19:14:52.602552832,s1-eth1,0.0029877471923828126,99.99701225280762
2025-11-26 19:14:52.602658048,s2-eth2,0.0029877471923828126,99.99701225280762
2025-11-26 19:14:52.602803968,s3-eth2,0.0029877471923828126,99.99701225280762
2025-11-26 19:14:53.603651072,s1-eth1,0.0029877471923828126,99.99701225280762
2025-11-26 19:14:53.603769088,s2-eth2,0.0029877471923828126,99.99701225280762
2025-11-26 19:14:53.603916032,s3-eth2,0.0029877471923828126,99.99701225280762
2025-11-26 19:14:54.604766976,s1-eth1,53.50489044189453,46.49510955810547
2025-11-26 19:14:54.604895232,s2-eth2,54.102867126464844,45.897132873535156
2025-11-26 19:14:54.605053952,s3-eth2,0.0029877471923828126,99.99701225280762
2025-11-26 19:14:55.605926144,s1-eth1,90.94927215576172,9.050727844238281
2025-11-26 19:14:55.606061824,s2-eth2,11.388499298095702,88.6115007019043
2025-11-26 19:14:55.606231040,s3-eth2,0.0029877471923828126,99.99701225280762
2025-11-26 19:14:56.607397120,s1-eth1,60.98516082763672,39.01483917236328
2025-11-26 19:14:56.607515136,s2-eth2,0.0029877471923828126,99.99701225280762
2025-11-26 19:14:56.607675136,s3-eth2,0.0029877471923828126,99.99701225280762
2025-11-26 19:14:57.608561920,s1-eth1,0.0036279296875,99.9963720703125
2025-11-26 19:14:57.608666880,s2-eth2,0.0036279296875,99.9963720703125
2025-11-26 19:14:57.608814080,s3-eth2,0.0036279296875,99.9963720703125
2025-11-26 19:14:58.609689088,s1-eth1,0.0029877471923828126,99.99701225280762
2025-11-26 19:14:58.609795072,s2-eth2,0.0029877471923828126,99.99701225280762
2025-11-26 19:14:58.609942016,s3-eth2,0.0029877471923828126,99.99701225280762
2025-11-26 19:14:59.610825984,s1-eth1,0.0029877471923828126,99.99701225280762
2025-11-26 19:14:59.610960128,s2-eth2,65.0215835571289,34.978416442871094
2025-11-26 19:14:59.611120896,s3-eth2,0.0029877471923828126,99.99701225280762
2025-11-26 19:15:00.611995904,s1-eth1,0.0029877471923828126,99.99701225280762
2025-11-26 19:15:00.612101120,s2-eth2,0.0029877471923828126,99.99701225280762
2025-11-26 19:15:00.612248832,s3-eth2,0.0029877471923828126,99.99701225280762
2025-11-26 19:15:01.613250048,s1-eth1,0.0029877471923828126,99.99701225280762
2025-11-26 19:15:01.613369088,s2-eth2,0.0029877471923828126,99.99701225280762
2025-11-26 19:15:01.613517056,s3-eth2,0.0029877471923828126,99.99701225280762
2025-11-26 19:15:02.614060032,s1-eth1,0.00540924072265625,99.99459075927734
2025-11-26 19:15:02.614112000,s2-eth2,0.00605010986328125,99.99394989013672
2025-11-26 19:15:02.614170112,s3-eth2,0.0070648193359375,99.99293518066406
2025-11-26 19:15:03.614893824,s1-eth1,67.50420379638672,32.49579620361328
2025-11-26 19:15:03.615022848,s2-eth2,67.2289810180664,32.771018981933594
2025-11-26 19:15:03.615179008,s3-eth2,66.99507904052734,33.004920959472656
2025-11-26 19:15:04.615740928,s1-eth1,0.6666793823242188,99.33332061767578
2025-11-26 19:15:04.615820800,s2-eth2,0.9419021606445312,99.05809783935547
2025-11-26 19:15:04.615976192,s3-eth2,1.1077957153320312,98.89220428466797
2025-11-26 19:15:05.616547072,s1-eth1,53.16133117675781,46.83866882324219
2025-11-26 19:15:05.616591104,s2-eth2,52.99763488769531,47.00236511230469
2025-11-26 19:15:05.616648960,s3-eth2,0.003631591796875,99.99636840820312
2025-11-26 19:15:06.617542144,s1-eth1,12.401710510253906,87.5982894897461
2025-11-26 19:15:06.617664000,s2-eth2,12.552854537963867,87.44714546203613
2025-11-26 19:15:06.617824000,s3-eth2,0.0029877471923828126,99.99701225280762
2025-11-26 19:15:07.618736896,s1-eth1,0.0029877471923828126,99.99701225280762
2025-11-26 19:15:07.618856960,s2-eth2,0.0029877471923828126,99.99701225280762
2025-11-26 19:15:07.619010048,s3-eth2,0.0029877471923828126,99.99701225280762
2025-11-26 19:15:08.619954944,s1-eth1,0.0029877471923828126,99.99701225280762
2025-11-26 19:15:08.620076800,s2-eth2,64.34105682373047,35.65894317626953
2025-11-26 19:15:08.620236032,s3-eth2,64.34257507324219,35.65742492675781
2025-11-26 19:15:09.621143040,s1-eth1,0.0029877471923828126,99.99701225280762
2025-11-26 19:15:09.621253120,s2-eth2,0.00551055908203125,99.99448944091797
2025-11-26 19:15:09.621401088,s3-eth2,0.00399383544921875,99.99600616455078
2025-11-26 19:15:10.622253056,s1-eth1,0.0029877471923828126,99.99701225280762
2025-11-26 19:15:10.622358016,s2-eth2,0.0029877471923828126,99.99701225280762
2025-11-26 19:15:10.622515968,s3-eth2,69.5199966430664,30.480003356933594
2025-11-26 19:15:11.623537152,s1-eth1,0.0029877471923828126,99.99701225280762
2025-11-26 19:15:11.623641856,s2-eth2,0.0029877471923828126,99.99701225280762
2025-11-26 19:15:11.623794176,s3-eth2,0.008704071044921874,99.99129592895508
2025-11-26 19:15:12.624273920,s1-eth1,0.00299072265625,99.99700927734375
2025-11-26 19:15:12.624301824,s2-eth2,0.00299072265625,99.99700927734375
2025-11-26 19:15:12.624343040,s3-eth2,0.00299072265625,99.99700927734375
2025-11-26 19:15:13.625012992,s1-eth1,0.003631591796875,99.99636840820312
2025-11-26 19:15:13.625117952,s2-eth2,0.00299072265625,99.99700927734375
2025-11-26 19:15:13.625264896,s3-eth2,0.00299072265625,99.99700927734375
2025-11-26 19:15:14.626123008,s1-eth1,0.0029877471923828126,99.99701225280762
2025-11-26 19:15:14.626227968,s2-eth2,0.0029877471923828126,99.99701225280762
2025-11-26 19:15:14.626374912,s3-eth2,0.0029877471923828126,99.99701225280762
2025-11-26 19:15:15.627273984,s1-eth1,64.89252471923828,35.10747528076172
2025-11-26 19:15:15.627397120,s2-eth2,64.89252471923828,35.10747528076172
2025-11-26 19:15:15.627554048,s3-eth2,0.0029877471923828126,99.99701225280762
2025-11-26 19:15:16.628556032,s1-eth1,0.01278167724609375,99.9872183227539
2025-11-26 19:15:16.628664064,s2-eth2,0.01278167724609375,99.9872183227539
2025-11-26 19:15:16.628814848,s3-eth2,0.0029877471923828126,99.99701225280762
2025-11-26 19:15:17.629641984,s1-eth1,0.0029877471923828126,99.99701225280762
2025-11-26 19:15:17.629744896,s2-eth2,0.0029877471923828126,99.99701225280762
2025-11-26 19:15:17.629890048,s3-eth2,0.0029877471923828126,99.99701225280762
2025-11-26 19:15:18.630731008,s1-eth1,0.0029877471923828126,99.99701225280762
2025-11-26 19:15:18.630841088,s2-eth2,0.0029877471923828126,99.99701225280762
2025-11-26 19:15:18.631012864,s3-eth2,0.0029877471923828126,99.99701225280762
2025-11-26 19:15:19.631872000,s1-eth1,0.0029877471923828126,99.99701225280762
2025-11-26 19:15:19.631979008,s2-eth2,0.0029877471923828126,99.99701225280762
2025-11-26 19:15:19.632126976,s3-eth2,0.0029877471923828126,99.99701225280762
2025-11-26 19:15:20.632966912,s1-eth1,64.86717224121094,35.13282775878906
2025-11-26 19:15:20.633088000,s2-eth2,65.47636413574219,34.52363586425781
2025-11-26 19:15:20.633244160,s3-eth2,0.0029877471923828126,99.99701225280762
2025-11-26 19:15:21.634244864,s1-eth1,0.6296270751953125,99.37037292480468
2025-11-26 19:15:21.634361856,s2-eth2,0.0204339599609375,99.97956604003906
2025-11-26 19:15:21.634514944,s3-eth2,0.0029877471923828126,99.99701225280762
2025-11-26 19:15:22.635092992,s1-eth1,0.00299072265625,99.99700927734375
2025-11-26 19:15:22.635132160,s2-eth2,0.003631591796875,99.99636840820312
2025-11-26 19:15:22.635188224,s3-eth2,0.003631591796875,99.99636840820312
2025-11-26 19:15:23.635920896,s1-eth1,0.00299072265625,99.99700927734375
2025-11-26 19:15:23.636027136,s2-eth2,0.00299072265625,99.99700927734375
2025-11-26 19:15:23.636174848,s3-eth2,0.00299072265625,99.99700927734375
2025-11-26 19:15:24.637089024,s1-eth1,0.0029877471923828126,99.99701225280762
2025-11-26 19:15:24.637192960,s2-eth2,0.0029877471923828126,99.99701225280762
2025-11-26 19:15:24.637340160,s3-eth2,0.0029877471923828126,99.99701225280762
2025-11-26 19:15:25.638257920,s1-eth1,0.0029877471923828126,99.99701225280762
2025-11-26 19:15:25.638362880,s2-eth2,0.0029877471923828126,99.99701225280762
2025-11-26 19:15:25.638511872,s3-eth2,0.0029877471923828126,99.99701225280762
2025-11-26 19:15:26.639586816,s1-eth1,0.0042681884765625,99.99573181152344
2025-11-26 19:15:26.639693056,s2-eth2,0.0036279296875,99.9963720703125
2025-11-26 19:15:26.639842048,s3-eth2,0.0036279296875,99.9963720703125
2025-11-26 19:15:27.640777984,s1-eth1,0.0029877471923828126,99.99701225280762
2025-11-26 19:15:27.640898816,s2-eth2,64.11880493164062,35.881195068359375
2025-11-26 19:15:27.641069824,s3-eth2,69.51897430419922,30.48102569580078
2025-11-26 19:15:28.641989888,s1-eth1,0.0029877471923828126,99.99701225280762
2025-11-26 19:15:28.642108928,s2-eth2,65.32815551757812,34.671844482421875
2025-11-26 19:15:28.642281984,s3-eth2,0.009725418090820313,99.99027458190918
2025-11-26 19:15:29.643212032,s1-eth1,62.442138671875,37.557861328125
2025-11-26 19:15:29.643337984,s2-eth2,0.02677528381347656,99.97322471618652
2025-11-26 19:15:29.643503872,s3-eth2,0.0029877471923828126,99.99701225280762
2025-11-26 19:15:30.644367872,s1-eth1,0.0133990478515625,99.98660095214844
2025-11-26 19:15:30.644481024,s2-eth2,0.0036279296875,99.9963720703125
2025-11-26 19:15:30.644628992,s3-eth2,0.0036279296875,99.9963720703125
2025-11-26 19:15:31.645647104,s1-eth1,0.0029877471923828126,99.99701225280762
2025-11-26 19:15:31.645764096,s2-eth2,64.3297119140625,35.6702880859375
2025-11-26 19:15:31.645921024,s3-eth2,64.0531234741211,35.946876525878906
2025-11-26 19:15:32.646779136,s1-eth1,0.0029877471923828126,99.99701225280762
2025-11-26 19:15:32.646936832,s2-eth2,0.017331924438476563,99.98266807556152
2025-11-26 19:15:32.647094016,s3-eth2,0.2939260864257813,99.70607391357422
2025-11-26 19:15:33.647588096,s1-eth1,0.00299072265625,99.99700927734375
2025-11-26 19:15:33.647617024,s2-eth2,0.00299072265625,99.99700927734375
2025-11-26 19:15:33.647659008,s3-eth2,0.00299072265625,99.99700927734375
2025-11-26 19:15:34.648300032,s1-eth1,0.00299072265625,99.99700927734375
2025-11-26 19:15:34.648402944,s2-eth2,0.00299072265625,99.99700927734375
2025-11-26 19:15:34.648547840,s3-eth2,0.00299072265625,99.99700927734375
2025-11-26 19:15:35.649379072,s1-eth1,0.0029877471923828126,99.99701225280762
2025-11-26 19:15:35.649484032,s2-eth2,0.0029877471923828126,99.99701225280762
2025-11-26 19:15:35.649629952,s3-eth2,0.0029877471923828126,99.99701225280762
2025-11-26 19:15:36.650703872,s1-eth1,0.0029877471923828126,99.99701225280762
2025-11-26 19:15:36.650810112,s2-eth2,0.0029877471923828126,99.99701225280762
2025-11-26 19:15:36.651001088,s3-eth2,0.0029877471923828126,99.99701225280762
2025-11-26 19:15:37.651952896,s1-eth1,0.0029877471923828126,99.99701225280762
2025-11-26 19:15:37.652067840,s2-eth2,0.0029877471923828126,99.99701225280762
2025-11-26 19:15:37.652219136,s3-eth2,0.0029877471923828126,99.99701225280762
2025-11-26 19:15:38.653091072,s1-eth1,0.0029877471923828126,99.99701225280762
2025-11-26 19:15:38.653198080,s2-eth2,0.0029877471923828126,99.99701225280762
2025-11-26 19:15:38.653345024,s3-eth2,0.0029877471923828126,99.99701225280762
2025-11-26 19:15:39.654194176,s1-eth1,63.13290023803711,36.86709976196289
2025-11-26 19:15:39.654316800,s2-eth2,0.0029877471923828126,99.99701225280762
2025-11-26 19:15:39.654464000,s3-eth2,0.0029877471923828126,99.99701225280762
2025-11-26 19:15:40.654968064,s1-eth1,2.9705352783203125,97.02946472167969
2025-11-26 19:15:40.655002112,s2-eth2,0.00299072265625,99.99700927734375
2025-11-26 19:15:40.655042816,s3-eth2,0.00299072265625,99.99700927734375
2025-11-26 19:15:41.655846144,s1-eth1,0.00299072265625,99.99700927734375
2025-11-26 19:15:41.655951104,s2-eth2,0.00299072265625,99.99700927734375
2025-11-26 19:15:41.656097792,s3-eth2,0.0029877471923828126,99.99701225280762
2025-11-26 19:15:42.656980992,s1-eth1,0.0029877471923828126,99.99701225280762
2025-11-26 19:15:42.657100032,s2-eth2,65.02147674560547,34.97852325439453
2025-11-26 19:15:42.657260032,s3-eth2,0.0029877471923828126,99.99701225280762
2025-11-26 19:15:43.658098944,s1-eth1,0.0029877471923828126,99.99701225280762
2025-11-26 19:15:43.658202880,s2-eth2,0.0029877471923828126,99.99701225280762
2025-11-26 19:15:43.658349056,s3-eth2,0.0029877471923828126,99.99701225280762
2025-11-26 19:15:44.659234048,s1-eth1,0.0029877471923828126,99.99701225280762
2025-11-26 19:15:44.659344896,s2-eth2,64.89409637451172,35.10590362548828
2025-11-26 19:15:44.659511040,s3-eth2,0.0029877471923828126,99.99701225280762
2025-11-26 19:15:45.660372992,s1-eth1,0.0029877471923828126,99.99701225280762
2025-11-26 19:15:45.660478976,s2-eth2,0.00857452392578125,99.99142547607421
2025-11-26 19:15:45.660634112,s3-eth2,0.0029877471923828126,99.99701225280762
2025-11-26 19:15:46.661618944,s1-eth1,0.0029877471923828126,99.99701225280762
2025-11-26 19:15:46.661724160,s2-eth2,0.0029877471923828126,99.99701225280762
2025-11-26 19:15:46.661870848,s3-eth2,0.0029877471923828126,99.99701225280762
2025-11-26 19:15:47.662749952,s1-eth1,58.88429260253906,41.11570739746094
2025-11-26 19:15:47.662883072,s2-eth2,59.49330520629883,40.50669479370117
2025-11-26 19:15:47.663041024,s3-eth2,59.65884780883789,40.34115219116211
2025-11-26 19:15:48.664005120,s1-eth1,71.9269027709961,28.073097229003906
2025-11-26 19:15:48.664129024,s2-eth2,6.596431274414062,93.40356872558594
2025-11-26 19:15:48.664286976,s3-eth2,6.43088623046875,93.56911376953126
2025-11-26 19:15:49.665261056,s1-eth1,55.834320068359375,44.165679931640625
2025-11-26 19:15:49.665384960,s2-eth2,52.7092399597168,47.2907600402832
2025-11-26 19:15:49.665544960,s3-eth2,0.0029877471923828126,99.99701225280762
2025-11-26 19:15:50.666518016,s1-eth1,76.56414031982422,23.43585968017578
2025-11-26 19:15:50.666641920,s2-eth2,12.782643280029298,87.2173567199707
2025-11-26 19:15:50.666806016,s3-eth2,0.0036279296875,99.9963720703125
2025-11-26 19:15:51.667879936,s1-eth1,5.420139770507813,94.57986022949218
2025-11-26 19:15:51.667996928,s2-eth2,0.0029877471923828126,99.99701225280762
2025-11-26 19:15:51.668145920,s3-eth2,0.0029877471923828126,99.99701225280762
2025-11-26 19:15:52.669012992,s1-eth1,0.0029877471923828126,99.99701225280762
2025-11-26 19:15:52.669116928,s2-eth2,0.0029877471923828126,99.99701225280762
2025-11-26 19:15:52.669264128,s3-eth2,0.0029877471923828126,99.99701225280762
2025-11-26 19:15:53.669754880,s1-eth1,0.00299072265625,99.99700927734375
2025-11-26 19:15:53.669784064,s2-eth2,0.00299072265625,99.99700927734375
2025-11-26 19:15:53.669826048,s3-eth2,0.00299072265625,99.99700927734375
2025-11-26 19:15:54.670723840,s1-eth1,59.01470947265625,40.98529052734375
2025-11-26 19:15:54.670834944,s2-eth2,0.0029877471923828126,99.99701225280762
2025-11-26 19:15:54.671008000,s3-eth2,0.0029877471923828126,99.99701225280762
2025-11-26 19:15:55.671597056,s1-eth1,6.5463409423828125,93.45365905761719
2025-11-26 19:15:55.671636992,s2-eth2,0.00605010986328125,99.99394989013672
2025-11-26 19:15:55.671696896,s3-eth2,0.0047607421875,99.9952392578125
2025-11-26 19:15:56.672578048,s1-eth1,66.13616180419922,33.86383819580078
2025-11-26 19:15:56.672691968,s2-eth2,66.07256317138672,33.92743682861328
2025-11-26 19:15:56.672849920,s3-eth2,66.07467651367188,33.925323486328125
2025-11-26 19:15:57.673767936,s1-eth1,0.01606666564941406,99.98393333435058
2025-11-26 19:15:57.673878784,s2-eth2,0.013597259521484375,99.98640274047851
2025-11-26 19:15:57.674031104,s3-eth2,0.012774124145507812,99.98722587585449
2025-11-26 19:15:58.674913024,s1-eth1,0.0029877471923828126,99.99701225280762
2025-11-26 19:15:58.675017984,s2-eth2,0.0029877471923828126,99.99701225280762
2025-11-26 19:15:58.675166976,s3-eth2,0.0029877471923828126,99.99701225280762
2025-11-26 19:15:59.676071936,s1-eth1,58.56568908691406,41.43431091308594
2025-11-26 19:15:59.676183040,s2-eth2,0.0029877471923828126,99.99701225280762
2025-11-26 19:15:59.676343040,s3-eth2,0.0029877471923828126,99.99701225280762
2025-11-26 19:16:00.677249792,s1-eth1,8.26300048828125,91.73699951171875
2025-11-26 19:16:00.677360128,s2-eth2,0.0036279296875,99.9963720703125
2025-11-26 19:16:00.677517056,s3-eth2,0.0036279296875,99.9963720703125
2025-11-26 19:16:01.678525952,s1-eth1,0.0029877471923828126,99.99701225280762
2025-11-26 19:16:01.678631168,s2-eth2,0.0029877471923828126,99.99701225280762
2025-11-26 19:16:01.678778880,s3-eth2,0.0029877471923828126,99.99701225280762
2025-11-26 19:16:02.679663872,s1-eth1,0.0029877471923828126,99.99701225280762
2025-11-26 19:16:02.679770112,s2-eth2,0.0029877471923828126,99.99701225280762
2025-11-26 19:16:02.679918080,s3-eth2,0.0029877471923828126,99.99701225280762
2025-11-26 19:16:03.680822016,s1-eth1,0.0029877471923828126,99.99701225280762
2025-11-26 19:16:03.680941056,s2-eth2,64.33782196044922,35.66217803955078
2025-11-26 19:16:03.681099008,s3-eth2,64.33782196044922,35.66217803955078
2025-11-26 19:16:04.682012160,s1-eth1,52.86978530883789,47.13021469116211
2025-11-26 19:16:04.682137856,s2-eth2,52.76801300048828,47.23198699951172
2025-11-26 19:16:04.682302976,s3-eth2,69.52555847167969,30.474441528320312
2025-11-26 19:16:05.682889984,s1-eth1,10.951522827148438,89.04847717285156
2025-11-26 19:16:05.682936064,s2-eth2,11.058975219726562,88.94102478027344
2025-11-26 19:16:05.683002880,s3-eth2,0.00858306884765625,99.99141693115234
2025-11-26 19:16:06.683380992,s1-eth1,0.00299072265625,99.99700927734375
2025-11-26 19:16:06.683419904,s2-eth2,0.00299072265625,99.99700927734375
2025-11-26 19:16:06.683481856,s3-eth2,0.00299072265625,99.99700927734375
2025-11-26 19:16:07.684190976,s1-eth1,0.00299072265625,99.99700927734375
2025-11-26 19:16:07.684302080,s2-eth2,0.00299072265625,99.99700927734375
2025-11-26 19:16:07.684472064,s3-eth2,0.00299072265625,99.99700927734375
2025-11-26 19:16:08.684966144,s1-eth1,0.00299072265625,99.99700927734375
2025-11-26 19:16:08.684995840,s2-eth2,0.00299072265625,99.99700927734375
2025-11-26 19:16:08.685043200,s3-eth2,0.00299072265625,99.99700927734375
2025-11-26 19:16:09.685683968,s1-eth1,0.00299072265625,99.99700927734375
2025-11-26 19:16:09.685787904,s2-eth2,0.00299072265625,99.99700927734375
2025-11-26 19:16:09.685947904,s3-eth2,0.00299072265625,99.99700927734375
2025-11-26 19:16:10.686784000,s1-eth1,0.0029877471923828126,99.99701225280762
2025-11-26 19:16:10.686900992,s2-eth2,0.0029877471923828126,99.99701225280762
2025-11-26 19:16:10.687063040,s3-eth2,0.0029877471923828126,99.99701225280762
2025-11-26 19:16:11.688072960,s1-eth1,0.0029877471923828126,99.99701225280762
2025-11-26 19:16:11.688177152,s2-eth2,0.0029877471923828126,99.99701225280762
2025-11-26 19:16:11.688324864,s3-eth2,0.0029877471923828126,99.99701225280762
2025-11-26 19:16:12.688876032,s1-eth1,0.00299072265625,99.99700927734375
2025-11-26 19:16:12.688919040,s2-eth2,0.00299072265625,99.99700927734375
2025-11-26 19:16:12.688973824,s3-eth2,0.00299072265625,99.99700927734375
2025-11-26 19:16:13.689344000,s1-eth1,0.003631591796875,99.99636840820312
2025-11-26 19:16:13.689382912,s2-eth2,0.003631591796875,99.99636840820312
2025-11-26 19:16:13.689436928,s3-eth2,0.003631591796875,99.99636840820312
2025-11-26 19:16:14.690105088,s1-eth1,64.53237915039062,35.467620849609375
2025-11-26 19:16:14.690226944,s2-eth2,0.00299072265625,99.99700927734375
2025-11-26 19:16:14.690373888,s3-eth2,0.00299072265625,99.99700927734375
2025-11-26 19:16:15.691273984,s1-eth1,1.6322789001464844,98.36772109985351
2025-11-26 19:16:15.691395072,s2-eth2,0.0036279296875,99.9963720703125
2025-11-26 19:16:15.691542016,s3-eth2,0.0036279296875,99.9963720703125
2025-11-26 19:16:16.692559872,s1-eth1,0.0029877471923828126,99.99701225280762
2025-11-26 19:16:16.692663808,s2-eth2,0.0029877471923828126,99.99701225280762
2025-11-26 19:16:16.692812032,s3-eth2,0.0029877471923828126,99.99701225280762
2025-11-26 19:16:17.693404928,s1-eth1,0.00540924072265625,99.99459075927734
2025-11-26 19:16:17.693444096,s2-eth2,0.00540924072265625,99.99459075927734
2025-11-26 19:16:17.693500928,s3-eth2,0.00299072265625,99.99700927734375
2025-11-26 19:16:18.694274048,s1-eth1,64.95166778564453,35.04833221435547
2025-11-26 19:16:18.694387968,s2-eth2,64.95166778564453,35.04833221435547
2025-11-26 19:16:18.694564096,s3-eth2,0.0029877471923828126,99.99701225280762
2025-11-26 19:16:19.695467008,s1-eth1,0.009199447631835937,99.99080055236817
2025-11-26 19:16:19.695575040,s2-eth2,0.009199447631835937,99.99080055236817
2025-11-26 19:16:19.695756032,s3-eth2,0.0036279296875,99.9963720703125
2025-11-26 19:16:20.696346112,s1-eth1,64.15139770507812,35.848602294921875
2025-11-26 19:16:20.696389888,s2-eth2,64.81694030761719,35.18305969238281
2025-11-26 19:16:20.696459008,s3-eth2,0.00299072265625,99.99700927734375
2025-11-26 19:16:21.697315072,s1-eth1,1.4108810424804688,98.58911895751953
2025-11-26 19:16:21.697433088,s2-eth2,69.97791290283203,30.02208709716797
2025-11-26 19:16:21.697616128,s3-eth2,0.0029877471923828126,99.99701225280762
2025-11-26 19:16:22.698482944,s1-eth1,0.0029877471923828126,99.99701225280762
2025-11-26 19:16:22.698609152,s2-eth2,0.00857452392578125,99.99142547607421
2025-11-26 19:16:22.698776064,s3-eth2,0.0029877471923828126,99.99701225280762
2025-11-26 19:16:23.699628032,s1-eth1,0.0036279296875,99.9963720703125
2025-11-26 19:16:23.699734016,s2-eth2,0.0029877471923828126,99.99701225280762
2025-11-26 19:16:23.699894016,s3-eth2,0.0029877471923828126,99.99701225280762
2025-11-26 19:16:24.700717824,s1-eth1,0.0029877471923828126,99.99701225280762
2025-11-26 19:16:24.700823040,s2-eth2,0.0029877471923828126,99.99701225280762
2025-11-26 19:16:24.700994048,s3-eth2,69.51580047607422,30.48419952392578
2025-11-26 19:16:25.701828096,s1-eth1,0.0029877471923828126,99.99701225280762
2025-11-26 19:16:25.701932032,s2-eth2,0.0029877471923828126,99.99701225280762
2025-11-26 19:16:25.702096896,s3-eth2,0.012789306640625,99.98721069335937
2025-11-26 19:16:26.703074816,s1-eth1,0.0029877471923828126,99.99701225280762
2025-11-26 19:16:26.703179008,s2-eth2,0.0029877471923828126,99.99701225280762
2025-11-26 19:16:26.703336960,s3-eth2,0.0029877471923828126,99.99701225280762
2025-11-26 19:16:27.704178176,s1-eth1,0.0029877471923828126,99.99701225280762
2025-11-26 19:16:27.704283904,s2-eth2,0.0029877471923828126,99.99701225280762
2025-11-26 19:16:27.704430080,s3-eth2,0.0029877471923828126,99.99701225280762
2025-11-26 19:16:28.705338880,s1-eth1,0.0029877471923828126,99.99701225280762
2025-11-26 19:16:28.705459200,s2-eth2,63.7960090637207,36.2039909362793
2025-11-26 19:16:28.705619200,s3-eth2,0.0029877471923828126,99.99701225280762
2025-11-26 19:16:29.706525184,s1-eth1,0.0029877471923828126,99.99701225280762
2025-11-26 19:16:29.706641920,s2-eth2,1.2285840606689453,98.77141593933105
2025-11-26 19:16:29.706813952,s3-eth2,0.0029877471923828126,99.99701225280762
2025-11-26 19:16:30.707706880,s1-eth1,0.0029877471923828126,99.99701225280762
2025-11-26 19:16:30.707813120,s2-eth2,0.0036279296875,99.9963720703125
2025-11-26 19:16:30.707973120,s3-eth2,0.0036279296875,99.9963720703125
2025-11-26 19:16:31.708956928,s1-eth1,0.0029877471923828126,99.99701225280762
2025-11-26 19:16:31.709060864,s2-eth2,0.0029877471923828126,99.99701225280762
2025-11-26 19:16:31.709207040,s3-eth2,0.0029877471923828126,99.99701225280762
2025-11-26 19:16:32.710053888,s1-eth1,0.0029877471923828126,99.99701225280762
2025-11-26 19:16:32.710164992,s2-eth2,0.0029877471923828126,99.99701225280762
2025-11-26 19:16:32.710320896,s3-eth2,0.0029877471923828126,99.99701225280762
2025-11-26 19:16:33.711188992,s1-eth1,0.0029877471923828126,99.99701225280762
2025-11-26 19:16:33.711294976,s2-eth2,0.0029877471923828126,99.99701225280762
2025-11-26 19:16:33.711446016,s3-eth2,0.0029877471923828126,99.99701225280762
2025-11-26 19:16:34.712288000,s1-eth1,0.0029877471923828126,99.99701225280762
2025-11-26 19:16:34.712390912,s2-eth2,0.0029877471923828126,99.99701225280762
2025-11-26 19:16:34.712538112,s3-eth2,0.0029877471923828126,99.99701225280762
2025-11-26 19:16:35.713404928,s1-eth1,0.0036279296875,99.9963720703125
2025-11-26 19:16:35.713510144,s2-eth2,0.0029877471923828126,99.99701225280762
2025-11-26 19:16:35.713658112,s3-eth2,0.0029877471923828126,99.99701225280762
2025-11-26 19:16:36.714684928,s1-eth1,62.1304817199707,37.8695182800293
2025-11-26 19:16:36.714809856,s2-eth2,0.0029877471923828126,99.99701225280762
2025-11-26 19:16:36.714971136,s3-eth2,0.0029877471923828126,99.99701225280762
2025-11-26 19:16:37.715843072,s1-eth1,64.98107147216797,35.01892852783203
2025-11-26 19:16:37.715965952,s2-eth2,0.0029877471923828126,99.99701225280762
2025-11-26 19:16:37.716113920,s3-eth2,0.0029877471923828126,99.99701225280762
2025-11-26 19:16:38.716994048,s1-eth1,0.01342193603515625,99.98657806396484
2025-11-26 19:16:38.717106176,s2-eth2,0.0036279296875,99.9963720703125
2025-11-26 19:16:38.717252864,s3-eth2,0.0036279296875,99.9963720703125
2025-11-26 19:16:39.718106112,s1-eth1,0.0029877471923828126,99.99701225280762
2025-11-26 19:16:39.718223104,s2-eth2,65.02210235595703,34.97789764404297
2025-11-26 19:16:39.718380032,s3-eth2,0.0029877471923828126,99.99701225280762
2025-11-26 19:16:40.719240960,s1-eth1,0.0029877471923828126,99.99701225280762
2025-11-26 19:16:40.719345920,s2-eth2,0.0036279296875,99.9963720703125
2025-11-26 19:16:40.719491840,s3-eth2,0.0036279296875,99.9963720703125
2025-11-26 19:16:41.720495104,s1-eth1,0.0029877471923828126,99.99701225280762
2025-11-26 19:16:41.720599040,s2-eth2,0.0029877471923828126,99.99701225280762
2025-11-26 19:16:41.720747008,s3-eth2,0.0029877471923828126,99.99701225280762
2025-11-26 19:16:42.721654016,s1-eth1,57.994346618652344,42.005653381347656
2025-11-26 19:16:42.721767936,s2-eth2,58.65903854370117,41.34096145629883
2025-11-26 19:16:42.721923072,s3-eth2,58.879764556884766,41.120235443115234
2025-11-26 19:16:43.722838016,s1-eth1,8.095740356445312,91.9042596435547
2025-11-26 19:16:43.722966016,s2-eth2,7.4310455322265625,92.56895446777344
2025-11-26 19:16:43.723123968,s3-eth2,7.2103190612792964,92.7896809387207
2025-11-26 19:16:44.724008192,s1-eth1,0.0036279296875,99.9963720703125
2025-11-26 19:16:44.724123904,s2-eth2,0.0036279296875,99.9963720703125
2025-11-26 19:16:44.724284928,s3-eth2,0.0036279296875,99.9963720703125
2025-11-26 19:16:45.725115136,s1-eth1,0.0029877471923828126,99.99701225280762
2025-11-26 19:16:45.725220864,s2-eth2,0.0029877471923828126,99.99701225280762
2025-11-26 19:16:45.725368064,s3-eth2,0.0029877471923828126,99.99701225280762
2025-11-26 19:16:46.726430976,s1-eth1,57.83977508544922,42.16022491455078
2025-11-26 19:16:46.726543872,s2-eth2,0.0029877471923828126,99.99701225280762
2025-11-26 19:16:46.726720000,s3-eth2,0.0029877471923828126,99.99701225280762
2025-11-26 19:16:47.727649024,s1-eth1,7.65146728515625,92.34853271484376
2025-11-26 19:16:47.727760128,s2-eth2,0.0029877471923828126,99.99701225280762
2025-11-26 19:16:47.727931904,s3-eth2,0.0029877471923828126,99.99701225280762
2025-11-26 19:16:48.728823040,s1-eth1,66.61904907226562,33.380950927734375
2025-11-26 19:16:48.728940032,s2-eth2,0.0029877471923828126,99.99701225280762
2025-11-26 19:16:48.729104128,s3-eth2,0.0029877471923828126,99.99701225280762
2025-11-26 19:16:49.729968128,s1-eth1,1.9099705505371094,98.09002944946289
2025-11-26 19:16:49.730083840,s2-eth2,0.0029877471923828126,99.99701225280762
2025-11-26 19:16:49.730246144,s3-eth2,0.0029877471923828126,99.99701225280762
2025-11-26 19:16:50.731126016,s1-eth1,0.0029877471923828126,99.99701225280762
2025-11-26 19:16:50.731230976,s2-eth2,0.0029877471923828126,99.99701225280762
2025-11-26 19:16:50.731389952,s3-eth2,0.0029877471923828126,99.99701225280762
2025-11-26 19:16:51.732433152,s1-eth1,0.0029877471923828126,99.99701225280762
2025-11-26 19:16:51.732552960,s2-eth2,64.21802520751953,35.78197479248047
2025-11-26 19:16:51.732728832,s3-eth2,63.94184112548828,36.05815887451172
2025-11-26 19:16:52.733645056,s1-eth1,0.0036279296875,99.9963720703125
2025-11-26 19:16:52.733760000,s2-eth2,0.12826683044433593,99.87173316955567
2025-11-26 19:16:52.733933056,s3-eth2,0.40444938659667967,99.59555061340332
2025-11-26 19:16:53.734860800,s1-eth1,63.19890213012695,36.80109786987305
2025-11-26 19:16:53.734988032,s2-eth2,63.84806442260742,36.15193557739258
2025-11-26 19:16:53.735165952,s3-eth2,0.0029877471923828126,99.99701225280762
2025-11-26 19:16:54.735724032,s1-eth1,73.52935028076172,26.47064971923828
2025-11-26 19:16:54.735774976,s2-eth2,72.8795394897461,27.120460510253906
2025-11-26 19:16:54.735833856,s3-eth2,0.00299072265625,99.99700927734375
2025-11-26 19:16:55.736197120,s1-eth1,0.00299072265625,99.99700927734375
2025-11-26 19:16:55.736241152,s2-eth2,0.00299072265625,99.99700927734375
2025-11-26 19:16:55.736294912,s3-eth2,0.00299072265625,99.99700927734375
2025-11-26 19:16:56.736683008,s1-eth1,0.00299072265625,99.99700927734375
2025-11-26 19:16:56.736721920,s2-eth2,0.00299072265625,99.99700927734375
2025-11-26 19:16:56.736784896,s3-eth2,0.00299072265625,99.99700927734375
2025-11-26 19:16:57.737155840,s1-eth1,0.00299072265625,99.99700927734375
2025-11-26 19:16:57.737201920,s2-eth2,64.95527648925781,35.04472351074219
2025-11-26 19:16:57.737263872,s3-eth2,0.00299072265625,99.99700927734375
2025-11-26 19:16:58.737936128,s1-eth1,0.00299072265625,99.99700927734375
2025-11-26 19:16:58.738057984,s2-eth2,0.01230621337890625,99.9876937866211
2025-11-26 19:16:58.738210048,s3-eth2,0.00299072265625,99.99700927734375
2025-11-26 19:16:59.738756864,s1-eth1,0.00299072265625,99.99700927734375
2025-11-26 19:16:59.738800896,s2-eth2,0.00299072265625,99.99700927734375
2025-11-26 19:16:59.738874880,s3-eth2,0.00299072265625,99.99700927734375
2025-11-26 19:17:00.739613184,s1-eth1,0.00299072265625,99.99700927734375
2025-11-26 19:17:00.739748096,s2-eth2,64.40132141113281,35.59867858886719
2025-11-26 19:17:00.739908864,s3-eth2,64.33698272705078,35.66301727294922
2025-11-26 19:17:01.740489984,s1-eth1,0.00299072265625,99.99700927734375
2025-11-26 19:17:01.740536832,s2-eth2,0.00859832763671875,99.99140167236328
2025-11-26 19:17:01.740592896,s3-eth2,0.00859832763671875,99.99140167236328
2025-11-26 19:17:02.740964864,s1-eth1,51.76873016357422,48.23126983642578
2025-11-26 19:17:02.741017088,s2-eth2,51.56134796142578,48.43865203857422
2025-11-26 19:17:02.741075968,s3-eth2,0.0047607421875,99.9952392578125
2025-11-26 19:17:03.741841920,s1-eth1,90.29318237304688,9.706817626953125
2025-11-26 19:17:03.741965056,s2-eth2,80.05412292480469,19.945877075195312
2025-11-26 19:17:03.742137856,s3-eth2,65.8216781616211,34.178321838378906
2025-11-26 19:17:04.743108864,s1-eth1,58.21342468261719,41.78657531738281
2025-11-26 19:17:04.743223040,s2-eth2,0.015228271484375,99.98477172851562
2025-11-26 19:17:04.743386880,s3-eth2,0.1819927215576172,99.81800727844238
2025-11-26 19:17:05.744311040,s1-eth1,0.0029877471923828126,99.99701225280762
2025-11-26 19:17:05.744416000,s2-eth2,0.0029877471923828126,99.99701225280762
2025-11-26 19:17:05.744564992,s3-eth2,0.0029877471923828126,99.99701225280762
2025-11-26 19:17:06.745625856,s1-eth1,0.0029877471923828126,99.99701225280762
2025-11-26 19:17:06.745733120,s2-eth2,0.0036279296875,99.9963720703125
2025-11-26 19:17:06.745893888,s3-eth2,69.52064514160156,30.479354858398438
2025-11-26 19:17:07.746782976,s1-eth1,0.0029877471923828126,99.99701225280762
2025-11-26 19:17:07.746913024,s2-eth2,0.0029877471923828126,99.99701225280762
2025-11-26 19:17:07.747066880,s3-eth2,0.00854400634765625,99.99145599365234
2025-11-26 19:17:08.747919104,s1-eth1,0.0036279296875,99.9963720703125
2025-11-26 19:17:08.748024064,s2-eth2,0.0036279296875,99.9963720703125
2025-11-26 19:17:08.748171008,s3-eth2,0.0036279296875,99.9963720703125
2025-11-26 19:17:09.748662016,s1-eth1,0.00299072265625,99.99700927734375
2025-11-26 19:17:09.748691200,s2-eth2,0.00299072265625,99.99700927734375
2025-11-26 19:17:09.748732928,s3-eth2,0.00299072265625,99.99700927734375
2025-11-26 19:17:10.749412096,s1-eth1,0.00299072265625,99.99700927734375
2025-11-26 19:17:10.749516032,s2-eth2,0.00299072265625,99.99700927734375
2025-11-26 19:17:10.749663232,s3-eth2,0.00299072265625,99.99700927734375
2025-11-26 19:17:11.750763776,s1-eth1,0.0029877471923828126,99.99701225280762
2025-11-26 19:17:11.750894080,s2-eth2,0.0029877471923828126,99.99701225280762
2025-11-26 19:17:11.751044096,s3-eth2,0.0029877471923828126,99.99701225280762
2025-11-26 19:17:12.751624192,s1-eth1,0.00299072265625,99.99700927734375
2025-11-26 19:17:12.751663872,s2-eth2,0.00540924072265625,99.99459075927734
2025-11-26 19:17:12.751720960,s3-eth2,0.00299072265625,99.99700927734375
2025-11-26 19:17:13.752446976,s1-eth1,0.00299072265625,99.99700927734375
2025-11-26 19:17:13.752557056,s2-eth2,69.30872344970703,30.69127655029297
2025-11-26 19:17:13.752721920,s3-eth2,0.0029877471923828126,99.99701225280762
2025-11-26 19:17:14.753609984,s1-eth1,0.0029877471923828126,99.99701225280762
2025-11-26 19:17:14.753720064,s2-eth2,0.0029877471923828126,99.99701225280762
2025-11-26 19:17:14.753876992,s3-eth2,0.0029877471923828126,99.99701225280762
2025-11-26 19:17:15.754777856,s1-eth1,0.0029877471923828126,99.99701225280762
2025-11-26 19:17:15.754901760,s2-eth2,0.0029877471923828126,99.99701225280762
2025-11-26 19:17:15.755057152,s3-eth2,0.0029877471923828126,99.99701225280762
2025-11-26 19:17:16.755625984,s1-eth1,0.0041961669921875,99.99580383300781
2025-11-26 19:17:16.755665152,s2-eth2,0.004119873046875,99.99588012695312
2025-11-26 19:17:16.755724032,s3-eth2,0.00299072265625,99.99700927734375
2025-11-26 19:17:17.756470016,s1-eth1,64.95248413085938,35.047515869140625
2025-11-26 19:17:17.756584960,s2-eth2,64.94923400878906,35.05076599121094
2025-11-26 19:17:17.756742912,s3-eth2,0.0029877471923828126,99.99701225280762
2025-11-26 19:17:18.757671168,s1-eth1,0.010098876953125,99.98990112304688
2025-11-26 19:17:18.757779968,s2-eth2,0.01278167724609375,99.9872183227539
2025-11-26 19:17:18.757934080,s3-eth2,0.0029877471923828126,99.99701225280762
2025-11-26 19:17:19.758825984,s1-eth1,0.0029877471923828126,99.99701225280762
2025-11-26 19:17:19.758985984,s2-eth2,0.0029877471923828126,99.99701225280762
2025-11-26 19:17:19.759136000,s3-eth2,0.0029877471923828126,99.99701225280762
2025-11-26 19:17:20.760036864,s1-eth1,0.0036279296875,99.9963720703125
2025-11-26 19:17:20.760157952,s2-eth2,65.01180267333984,34.988197326660156
2025-11-26 19:17:20.760317184,s3-eth2,0.0029877471923828126,99.99701225280762
2025-11-26 19:17:21.761182976,s1-eth1,0.0029877471923828126,99.99701225280762
2025-11-26 19:17:21.761293824,s2-eth2,0.012766494750976562,99.98723350524902
2025-11-26 19:17:21.761446912,s3-eth2,0.0029877471923828126,99.99701225280762
2025-11-26 19:17:22.762288128,s1-eth1,62.631202697753906,37.368797302246094
2025-11-26 19:17:22.762412032,s2-eth2,0.0029877471923828126,99.99701225280762
2025-11-26 19:17:22.762558976,s3-eth2,0.0029877471923828126,99.99701225280762
2025-11-26 19:17:23.763462144,s1-eth1,65.86214447021484,34.137855529785156
2025-11-26 19:17:23.763590144,s2-eth2,0.0029877471923828126,99.99701225280762
2025-11-26 19:17:23.763751936,s3-eth2,69.51580047607422,30.48419952392578
2025-11-26 19:17:24.764689920,s1-eth1,6.133507232666016,93.86649276733398
2025-11-26 19:17:24.764807936,s2-eth2,0.0037346649169921874,99.99626533508301
2025-11-26 19:17:24.764962816,s3-eth2,0.013246612548828125,99.98675338745117
2025-11-26 19:17:25.765842944,s1-eth1,0.0036279296875,99.9963720703125
2025-11-26 19:17:25.765948928,s2-eth2,0.0036279296875,99.9963720703125
2025-11-26 19:17:25.766097152,s3-eth2,0.0036279296875,99.9963720703125
2025-11-26 19:17:26.767107840,s1-eth1,0.0029877471923828126,99.99701225280762
2025-11-26 19:17:26.767212032,s2-eth2,0.0029877471923828126,99.99701225280762
2025-11-26 19:17:26.767358976,s3-eth2,0.0037346649169921874,99.99626533508301
2025-11-26 19:17:27.768237056,s1-eth1,0.0029877471923828126,99.99701225280762
2025-11-26 19:17:27.768343040,s2-eth2,0.0029877471923828126,99.99701225280762
2025-11-26 19:17:27.768489984,s3-eth2,0.0029877471923828126,99.99701225280762
2025-11-26 19:17:28.769437184,s1-eth1,0.0029877471923828126,99.99701225280762
2025-11-26 19:17:28.769553920,s2-eth2,0.0029877471923828126,99.99701225280762
2025-11-26 19:17:28.769712896,s3-eth2,0.0029877471923828126,99.99701225280762
2025-11-26 19:17:29.770633984,s1-eth1,0.0029877471923828126,99.99701225280762
2025-11-26 19:17:29.770744064,s2-eth2,0.0036279296875,99.9963720703125
2025-11-26 19:17:29.770910976,s3-eth2,0.004374923706054687,99.99562507629395
2025-11-26 19:17:30.771784960,s1-eth1,0.0029877471923828126,99.99701225280762
2025-11-26 19:17:30.771889920,s2-eth2,0.0036279296875,99.9963720703125
2025-11-26 19:17:30.772037888,s3-eth2,0.0036279296875,99.9963720703125
2025-11-26 19:17:31.773040128,s1-eth1,0.0029877471923828126,99.99701225280762
2025-11-26 19:17:31.773145088,s2-eth2,0.0037346649169921874,99.99626533508301
2025-11-26 19:17:31.773293056,s3-eth2,0.0029877471923828126,99.99701225280762
2025-11-26 19:17:32.774158848,s1-eth1,0.0029877471923828126,99.99701225280762
2025-11-26 19:17:32.774262784,s2-eth2,0.0029877471923828126,99.99701225280762
2025-11-26 19:17:32.774412032,s3-eth2,0.0029877471923828126,99.99701225280762
2025-11-26 19:17:33.775345152,s1-eth1,0.0036279296875,99.9963720703125
2025-11-26 19:17:33.775463168,s2-eth2,65.01664733886719,34.98335266113281
2025-11-26 19:17:33.775620864,s3-eth2,0.0036279296875,99.9963720703125
2025-11-26 19:17:34.776505856,s1-eth1,56.632015228271484,43.367984771728516
2025-11-26 19:17:34.776620032,s2-eth2,0.007080612182617188,99.99291938781738
2025-11-26 19:17:34.776779776,s3-eth2,0.00149383544921875,99.99850616455078
2025-11-26 19:17:35.777647104,s1-eth1,8.266239166259766,91.73376083374023
2025-11-26 19:17:35.777755904,s2-eth2,0.004481582641601562,99.9955184173584
2025-11-26 19:17:35.777911040,s3-eth2,0.004481582641601562,99.9955184173584
2025-11-26 19:17:36.778935040,s1-eth1,61.07100296020508,38.92899703979492
2025-11-26 19:17:36.779059968,s2-eth2,0.0029877471923828126,99.99701225280762
2025-11-26 19:17:36.779206912,s3-eth2,0.0029877471923828126,99.99701225280762
2025-11-26 19:17:37.780062976,s1-eth1,5.029310684204102,94.9706893157959
2025-11-26 19:17:37.780186880,s2-eth2,0.0029877471923828126,99.99701225280762
2025-11-26 19:17:37.780334080,s3-eth2,0.0029877471923828126,99.99701225280762
2025-11-26 19:17:38.781192192,s1-eth1,0.0037346649169921874,99.99626533508301
2025-11-26 19:17:38.781296896,s2-eth2,0.0029877471923828126,99.99701225280762
2025-11-26 19:17:38.781444096,s3-eth2,0.0029877471923828126,99.99701225280762
2025-11-26 19:17:39.782284032,s1-eth1,0.0029877471923828126,99.99701225280762
2025-11-26 19:17:39.782388992,s2-eth2,0.0029877471923828126,99.99701225280762
2025-11-26 19:17:39.782533888,s3-eth2,0.0029877471923828126,99.99701225280762
2025-11-26 19:17:40.783373056,s1-eth1,65.33648681640625,34.66351318359375
2025-11-26 19:17:40.783488000,s2-eth2,0.00149383544921875,99.99850616455078
2025-11-26 19:17:40.783634944,s3-eth2,0.00149383544921875,99.99850616455078
2025-11-26 19:17:41.784640000,s1-eth1,3.192890167236328,96.80710983276367
2025-11-26 19:17:41.784754944,s2-eth2,0.004481582641601562,99.9955184173584
2025-11-26 19:17:41.784903168,s3-eth2,0.004481582641601562,99.9955184173584
2025-11-26 19:17:42.785783040,s1-eth1,0.0029877471923828126,99.99701225280762
2025-11-26 19:17:42.785890048,s2-eth2,0.0029877471923828126,99.99701225280762
2025-11-26 19:17:42.786038016,s3-eth2,0.0029877471923828126,99.99701225280762
2025-11-26 19:17:43.786923008,s1-eth1,0.0029877471923828126,99.99701225280762
2025-11-26 19:17:43.787027968,s2-eth2,0.0029877471923828126,99.99701225280762
2025-11-26 19:17:43.787174912,s3-eth2,0.0029877471923828126,99.99701225280762
2025-11-26 19:17:44.788080896,s1-eth1,0.0029877471923828126,99.99701225280762
2025-11-26 19:17:44.788186112,s2-eth2,0.0029877471923828126,99.99701225280762
2025-11-26 19:17:44.788333056,s3-eth2,0.0029877471923828126,99.99701225280762
2025-11-26 19:17:45.789193984,s1-eth1,0.0029877471923828126,99.99701225280762
2025-11-26 19:17:45.789298944,s2-eth2,0.0029877471923828126,99.99701225280762
2025-11-26 19:17:45.789444864,s3-eth2,0.0029877471923828126,99.99701225280762
2025-11-26 19:17:46.790558976,s1-eth1,52.93525695800781,47.06474304199219
2025-11-26 19:17:46.790673920,s2-eth2,53.5001220703125,46.4998779296875
2025-11-26 19:17:46.790833920,s3-eth2,0.0029877471923828126,99.99701225280762
2025-11-26 19:17:47.792100864,s1-eth1,12.555986404418945,87.44401359558105
2025-11-26 19:17:47.792217856,s2-eth2,11.991122283935546,88.00887771606446
2025-11-26 19:17:47.792380928,s3-eth2,0.0029877471923828126,99.99701225280762
2025-11-26 19:17:48.793315840,s1-eth1,0.0029877471923828126,99.99701225280762
2025-11-26 19:17:48.793422080,s2-eth2,0.0029877471923828126,99.99701225280762
2025-11-26 19:17:48.793570048,s3-eth2,0.0029877471923828126,99.99701225280762
2025-11-26 19:17:49.794480128,s1-eth1,0.0042681884765625,99.99573181152344
2025-11-26 19:17:49.794586880,s2-eth2,0.0036279296875,99.9963720703125
2025-11-26 19:17:49.794735872,s3-eth2,0.0036279296875,99.9963720703125
2025-11-26 19:17:50.795628032,s1-eth1,0.0029877471923828126,99.99701225280762
2025-11-26 19:17:50.795741952,s2-eth2,0.0029877471923828126,99.99701225280762
2025-11-26 19:17:50.795890176,s3-eth2,0.0029877471923828126,99.99701225280762
2025-11-26 19:17:51.796762112,s1-eth1,61.85917663574219,38.14082336425781
2025-11-26 19:17:51.796883200,s2-eth2,62.55716323852539,37.44283676147461
2025-11-26 19:17:51.797041920,s3-eth2,0.0029877471923828126,99.99701225280762
2025-11-26 19:17:52.797900800,s1-eth1,59.768184661865234,40.231815338134766
2025-11-26 19:17:52.798022912,s2-eth2,59.71231460571289,40.28768539428711
2025-11-26 19:17:52.798185984,s3-eth2,56.963165283203125,43.036834716796875
2025-11-26 19:17:53.799083008,s1-eth1,11.30593963623047,88.69406036376952
2025-11-26 19:17:53.799204096,s2-eth2,73.26361846923828,26.73638153076172
2025-11-26 19:17:53.799358976,s3-eth2,72.79899597167969,27.201004028320312
2025-11-26 19:17:54.800314880,s1-eth1,56.72783660888672,43.27216339111328
2025-11-26 19:17:54.800436992,s2-eth2,1.7445094299316406,98.25549057006836
2025-11-26 19:17:54.800604160,s3-eth2,2.021515121459961,97.97848487854004
2025-11-26 19:17:55.801552128,s1-eth1,8.76414680480957,91.23585319519043
2025-11-26 19:17:55.801664000,s2-eth2,0.0029877471923828126,99.99701225280762
2025-11-26 19:17:55.801821952,s3-eth2,0.0029877471923828126,99.99701225280762
2025-11-26 19:17:56.802865920,s1-eth1,0.0029877471923828126,99.99701225280762
2025-11-26 19:17:56.802970880,s2-eth2,0.0029877471923828126,99.99701225280762
2025-11-26 19:17:56.803118848,s3-eth2,0.0029877471923828126,99.99701225280762
2025-11-26 19:17:57.803951872,s1-eth1,0.0042681884765625,99.99573181152344
2025-11-26 19:17:57.804058112,s2-eth2,0.0042681884765625,99.99573181152344
2025-11-26 19:17:57.804205056,s3-eth2,0.0042681884765625,99.99573181152344
2025-11-26 19:17:58.805042944,s1-eth1,0.0029877471923828126,99.99701225280762
2025-11-26 19:17:58.805147904,s2-eth2,0.0029877471923828126,99.99701225280762
2025-11-26 19:17:58.805295104,s3-eth2,0.0029877471923828126,99.99701225280762
2025-11-26 19:17:59.805864192,s1-eth1,0.0074615478515625,99.99253845214844
2025-11-26 19:17:59.805902848,s2-eth2,0.0081024169921875,99.99189758300781
2025-11-26 19:17:59.805961984,s3-eth2,0.0081024169921875,99.99189758300781
2025-11-26 19:18:00.806690816,s1-eth1,66.13740539550781,33.86259460449219
2025-11-26 19:18:00.806802944,s2-eth2,66.13740539550781,33.86259460449219
2025-11-26 19:18:00.806971904,s3-eth2,66.07183837890625,33.92816162109375
2025-11-26 19:18:01.807879936,s1-eth1,51.222103118896484,48.777896881103516
2025-11-26 19:18:01.807998976,s2-eth2,51.058570861816406,48.941429138183594
2025-11-26 19:18:01.808161024,s3-eth2,0.012293930053710938,99.98770606994628
2025-11-26 19:18:02.809071104,s1-eth1,14.284337997436523,85.71566200256348
2025-11-26 19:18:02.809193984,s2-eth2,79.33527374267578,20.66472625732422
2025-11-26 19:18:02.809377792,s3-eth2,0.0029877471923828126,99.99701225280762
2025-11-26 19:18:03.809948928,s1-eth1,0.00299072265625,99.99700927734375
2025-11-26 19:18:03.809988096,s2-eth2,0.0166015625,99.9833984375
2025-11-26 19:18:03.810054144,s3-eth2,0.00299072265625,99.99700927734375
2025-11-26 19:18:04.810760960,s1-eth1,0.0022430419921875,99.99775695800781
2025-11-26 19:18:04.810894080,s2-eth2,81.56581115722656,18.434188842773438
2025-11-26 19:18:04.811084032,s3-eth2,28.63266944885254,71.36733055114746
2025-11-26 19:18:05.811994112,s1-eth1,0.0037346649169921874,99.99626533508301
2025-11-26 19:18:05.812113152,s2-eth2,53.6413459777832,46.3586540222168
2025-11-26 19:18:05.812300800,s3-eth2,41.235897064208984,58.764102935791016
2025-11-26 19:18:06.813259008,s1-eth1,0.0029877471923828126,99.99701225280762
2025-11-26 19:18:06.813390080,s2-eth2,0.0029877471923828126,99.99701225280762
2025-11-26 19:18:06.813553152,s3-eth2,69.52110290527344,30.478897094726562
2025-11-26 19:18:07.814439936,s1-eth1,0.0029877471923828126,99.99701225280762
2025-11-26 19:18:07.814558976,s2-eth2,0.0029877471923828126,99.99701225280762
2025-11-26 19:18:07.814706944,s3-eth2,0.0029877471923828126,99.99701225280762
2025-11-26 19:18:08.815546112,s1-eth1,0.0029877471923828126,99.99701225280762
2025-11-26 19:18:08.815663104,s2-eth2,0.0029877471923828126,99.99701225280762
2025-11-26 19:18:08.815809024,s3-eth2,0.0029877471923828126,99.99701225280762
2025-11-26 19:18:09.816632064,s1-eth1,0.0029877471923828126,99.99701225280762
2025-11-26 19:18:09.816747776,s2-eth2,0.0029877471923828126,99.99701225280762
2025-11-26 19:18:09.816893952,s3-eth2,0.0029877471923828126,99.99701225280762
2025-11-26 19:18:10.817702912,s1-eth1,0.0029877471923828126,99.99701225280762
2025-11-26 19:18:10.817806848,s2-eth2,0.0029877471923828126,99.99701225280762
2025-11-26 19:18:10.817965056,s3-eth2,0.0029877471923828126,99.99701225280762
2025-11-26 19:18:11.818764800,s1-eth1,0.0029877471923828126,99.99701225280762
2025-11-26 19:18:11.818882048,s2-eth2,0.0029877471923828126,99.99701225280762
2025-11-26 19:18:11.819039232,s3-eth2,0.0029877471923828126,99.99701225280762
2025-11-26 19:18:12.819873024,s1-eth1,0.0036279296875,99.9963720703125
2025-11-26 19:18:12.819977984,s2-eth2,0.0036279296875,99.9963720703125
2025-11-26 19:18:12.820136960,s3-eth2,0.0036279296875,99.9963720703125
2025-11-26 19:18:13.820678912,s1-eth1,0.0074615478515625,99.99253845214844
2025-11-26 19:18:13.820718080,s2-eth2,0.0074615478515625,99.99253845214844
2025-11-26 19:18:13.820774144,s3-eth2,0.00299072265625,99.99700927734375
2025-11-26 19:18:14.821516032,s1-eth1,42.96282958984375,57.03717041015625
2025-11-26 19:18:14.821636864,s2-eth2,75.07646179199219,24.923538208007812
2025-11-26 19:18:14.821795072,s3-eth2,0.0,100.0
2025-11-26 19:18:15.822711040,s1-eth1,23.79590606689453,76.20409393310547
2025-11-26 19:18:15.822833152,s2-eth2,53.88225173950195,46.11774826049805
2025-11-26 19:18:15.823024896,s3-eth2,0.005975494384765625,99.99402450561523
2025-11-26 19:18:16.823856128,s1-eth1,0.0029877471923828126,99.99701225280762
2025-11-26 19:18:16.823960064,s2-eth2,0.0029877471923828126,99.99701225280762
2025-11-26 19:18:16.824118016,s3-eth2,0.0029877471923828126,99.99701225280762
2025-11-26 19:18:17.824976896,s1-eth1,0.0029877471923828126,99.99701225280762
2025-11-26 19:18:17.825082112,s2-eth2,0.0029877471923828126,99.99701225280762
2025-11-26 19:18:17.825231104,s3-eth2,0.0029877471923828126,99.99701225280762
2025-11-26 19:18:18.826152192,s1-eth1,0.0036279296875,99.9963720703125
2025-11-26 19:18:18.826257920,s2-eth2,0.0029877471923828126,99.99701225280762
2025-11-26 19:18:18.826437888,s3-eth2,69.51580047607422,30.48419952392578
2025-11-26 19:18:19.827356928,s1-eth1,0.0029877471923828126,99.99701225280762
2025-11-26 19:18:19.827469056,s2-eth2,0.0029877471923828126,99.99701225280762
2025-11-26 19:18:19.827645184,s3-eth2,0.01279693603515625,99.98720306396484
2025-11-26 19:18:20.828492032,s1-eth1,0.0029877471923828126,99.99701225280762
2025-11-26 19:18:20.828613120,s2-eth2,0.0029877471923828126,99.99701225280762
2025-11-26 19:18:20.828761088,s3-eth2,0.0029877471923828126,99.99701225280762
2025-11-26 19:18:21.829581056,s1-eth1,0.0029877471923828126,99.99701225280762
2025-11-26 19:18:21.829684992,s2-eth2,0.0029877471923828126,99.99701225280762
2025-11-26 19:18:21.829842176,s3-eth2,0.0029877471923828126,99.99701225280762
2025-11-26 19:18:22.830364928,s1-eth1,56.80201721191406,43.19798278808594
2025-11-26 19:18:22.830395904,s2-eth2,0.0042724609375,99.9957275390625
2025-11-26 19:18:22.830447872,s3-eth2,0.0042724609375,99.9957275390625
2025-11-26 19:18:23.831145984,s1-eth1,8.161361694335938,91.83863830566406
2025-11-26 19:18:23.831279104,s2-eth2,65.08098602294922,34.91901397705078
2025-11-26 19:18:23.831446016,s3-eth2,0.00299072265625,99.99700927734375
2025-11-26 19:18:24.832345856,s1-eth1,62.07356262207031,37.92643737792969
2025-11-26 19:18:24.832491008,s2-eth2,0.008696441650390624,99.99130355834961
2025-11-26 19:18:24.832647168,s3-eth2,0.0029877471923828126,99.99701225280762
2025-11-26 19:18:25.833494784,s1-eth1,4.026772994995117,95.97322700500489
2025-11-26 19:18:25.833630208,s2-eth2,0.0029877471923828126,99.99701225280762
2025-11-26 19:18:25.833786112,s3-eth2,0.0029877471923828126,99.99701225280762
2025-11-26 19:18:26.834625024,s1-eth1,0.0029877471923828126,99.99701225280762
2025-11-26 19:18:26.834745856,s2-eth2,0.0029877471923828126,99.99701225280762
2025-11-26 19:18:26.834909952,s3-eth2,0.0029877471923828126,99.99701225280762
2025-11-26 19:18:27.835907072,s1-eth1,60.067161560058594,39.932838439941406
2025-11-26 19:18:27.836041984,s2-eth2,0.0033078765869140624,99.99669212341308
2025-11-26 19:18:27.836188928,s3-eth2,0.0033078765869140624,99.99669212341308
2025-11-26 19:18:28.837086976,s1-eth1,6.033288955688477,93.96671104431152
2025-11-26 19:18:28.837210880,s2-eth2,0.0033078765869140624,99.99669212341308
2025-11-26 19:18:28.837361152,s3-eth2,0.0033078765869140624,99.99669212341308
2025-11-26 19:18:29.837865984,s1-eth1,0.00299072265625,99.99700927734375
2025-11-26 19:18:29.837894912,s2-eth2,0.00299072265625,99.99700927734375
2025-11-26 19:18:29.837938944,s3-eth2,0.00299072265625,99.99700927734375
2025-11-26 19:18:30.838676992,s1-eth1,62.0555419921875,37.9444580078125
2025-11-26 19:18:30.838793984,s2-eth2,0.00299072265625,99.99700927734375
2025-11-26 19:18:30.838963968,s3-eth2,0.0029877471923828126,99.99701225280762
2025-11-26 19:18:31.839906816,s1-eth1,6.535350341796875,93.46464965820313
2025-11-26 19:18:31.840024832,s2-eth2,0.0029877471923828126,99.99701225280762
2025-11-26 19:18:31.840174080,s3-eth2,0.0029877471923828126,99.99701225280762
2025-11-26 19:18:32.841213952,s1-eth1,0.0029877471923828126,99.99701225280762
2025-11-26 19:18:32.841319168,s2-eth2,0.0029877471923828126,99.99701225280762
2025-11-26 19:18:32.841466880,s3-eth2,0.0029877471923828126,99.99701225280762
2025-11-26 19:18:33.842371072,s1-eth1,0.0029877471923828126,99.99701225280762
2025-11-26 19:18:33.842475008,s2-eth2,0.0029877471923828126,99.99701225280762
2025-11-26 19:18:33.842624000,s3-eth2,0.0029877471923828126,99.99701225280762
2025-11-26 19:18:34.843555840,s1-eth1,0.0029877471923828126,99.99701225280762
2025-11-26 19:18:34.843660032,s2-eth2,0.0029877471923828126,99.99701225280762
2025-11-26 19:18:34.843808000,s3-eth2,0.0029877471923828126,99.99701225280762
2025-11-26 19:18:35.844366080,s1-eth1,0.00299072265625,99.99700927734375
2025-11-26 19:18:35.844404992,s2-eth2,0.00299072265625,99.99700927734375
2025-11-26 19:18:35.844460032,s3-eth2,0.00299072265625,99.99700927734375
2025-11-26 19:18:36.844773120,s1-eth1,0.003631591796875,99.99636840820312
2025-11-26 19:18:36.844806912,s2-eth2,0.003631591796875,99.99636840820312
2025-11-26 19:18:36.844849152,s3-eth2,0.003631591796875,99.99636840820312
2025-11-26 19:18:37.845145856,s1-eth1,0.00299072265625,99.99700927734375
2025-11-26 19:18:37.845180160,s2-eth2,0.00299072265625,99.99700927734375
2025-11-26 19:18:37.845221888,s3-eth2,0.00299072265625,99.99700927734375
2025-11-26 19:18:38.845874944,s1-eth1,0.003631591796875,99.99636840820312
2025-11-26 19:18:38.845992192,s2-eth2,0.00299072265625,99.99700927734375
2025-11-26 19:18:38.846141184,s3-eth2,0.00299072265625,99.99700927734375
2025-11-26 19:18:39.847006208,s1-eth1,0.0029877471923828126,99.99701225280762
2025-11-26 19:18:39.847110912,s2-eth2,0.0029877471923828126,99.99701225280762
2025-11-26 19:18:39.847269888,s3-eth2,0.0029877471923828126,99.99701225280762
2025-11-26 19:18:40.848092928,s1-eth1,0.0029877471923828126,99.99701225280762
2025-11-26 19:18:40.848197888,s2-eth2,0.0029877471923828126,99.99701225280762
2025-11-26 19:18:40.848356096,s3-eth2,0.0029877471923828126,99.99701225280762
2025-11-26 19:18:41.849168896,s1-eth1,0.0029877471923828126,99.99701225280762
2025-11-26 19:18:41.849272064,s2-eth2,0.0029877471923828126,99.99701225280762
2025-11-26 19:18:41.849428992,s3-eth2,0.0029877471923828126,99.99701225280762
2025-11-26 19:18:42.850347008,s1-eth1,0.0029877471923828126,99.99701225280762
2025-11-26 19:18:42.850449920,s2-eth2,0.0029877471923828126,99.99701225280762
2025-11-26 19:18:42.850595840,s3-eth2,0.0029877471923828126,99.99701225280762
2025-11-26 19:18:43.851089920,s1-eth1,0.00299072265625,99.99700927734375
2025-11-26 19:18:43.851119104,s2-eth2,0.00299072265625,99.99700927734375
2025-11-26 19:18:43.851160064,s3-eth2,0.00299072265625,99.99700927734375
2025-11-26 19:18:44.851442944,s1-eth1,0.00299072265625,99.99700927734375
2025-11-26 19:18:44.851471872,s2-eth2,0.00299072265625,99.99700927734375
2025-11-26 19:18:44.851514112,s3-eth2,0.00299072265625,99.99700927734375
2025-11-26 19:18:45.852157952,s1-eth1,60.806190490722656,39.193809509277344
2025-11-26 19:18:45.852276992,s2-eth2,61.415809631347656,38.584190368652344
2025-11-26 19:18:45.852432896,s3-eth2,0.00299072265625,99.99700927734375
2025-11-26 19:18:46.853307136,s1-eth1,4.752083740234375,95.24791625976563
2025-11-26 19:18:46.853425920,s2-eth2,4.1424336242675786,95.85756637573242
2025-11-26 19:18:46.853595904,s3-eth2,0.0029877471923828126,99.99701225280762
2025-11-26 19:18:47.854170112,s1-eth1,61.0833740234375,38.9166259765625
2025-11-26 19:18:47.854213888,s2-eth2,0.0081024169921875,99.99189758300781
2025-11-26 19:18:47.854281984,s3-eth2,0.0081024169921875,99.99189758300781
2025-11-26 19:18:48.855045120,s1-eth1,66.14403533935547,33.85596466064453
2025-11-26 19:18:48.855163136,s2-eth2,66.13804626464844,33.86195373535156
2025-11-26 19:18:48.855339008,s3-eth2,66.07197570800781,33.92802429199219
2025-11-26 19:18:49.856254976,s1-eth1,0.012911300659179687,99.98708869934082
2025-11-26 19:18:49.856378112,s2-eth2,0.012911300659179687,99.98708869934082
2025-11-26 19:18:49.856528896,s3-eth2,0.012911300659179687,99.98708869934082
2025-11-26 19:18:50.857037056,s1-eth1,51.735015869140625,48.264984130859375
2025-11-26 19:18:50.857076992,s2-eth2,52.366729736328125,47.633270263671875
2025-11-26 19:18:50.857124096,s3-eth2,0.00299072265625,99.99700927734375
2025-11-26 19:18:51.857785856,s1-eth1,15.491714477539062,84.50828552246094
2025-11-26 19:18:51.857918976,s2-eth2,14.860000610351562,85.13999938964844
2025-11-26 19:18:51.858077952,s3-eth2,0.00299072265625,99.99700927734375
2025-11-26 19:18:52.859104000,s1-eth1,0.0029877471923828126,99.99701225280762
2025-11-26 19:18:52.859213056,s2-eth2,0.0029877471923828126,99.99701225280762
2025-11-26 19:18:52.859358976,s3-eth2,0.0029877471923828126,99.99701225280762
2025-11-26 19:18:53.860188928,s1-eth1,0.0029877471923828126,99.99701225280762
2025-11-26 19:18:53.860318976,s2-eth2,61.93495559692383,38.06504440307617
2025-11-26 19:18:53.860475136,s3-eth2,61.71404266357422,38.28595733642578
2025-11-26 19:18:54.861324032,s1-eth1,0.0029877471923828126,99.99701225280762
2025-11-26 19:18:54.861437952,s2-eth2,2.4114527893066406,97.58854721069336
2025-11-26 19:18:54.861593856,s3-eth2,2.63236213684082,97.36763786315917
2025-11-26 19:18:55.862454016,s1-eth1,50.710628509521484,49.289371490478516
2025-11-26 19:18:55.862575104,s2-eth2,50.547096252441406,49.452903747558594
2025-11-26 19:18:55.862735872,s3-eth2,0.007454071044921875,99.99254592895508
2025-11-26 19:18:56.863652864,s1-eth1,14.786155700683594,85.2138442993164
2025-11-26 19:18:56.863773952,s2-eth2,14.949688873291016,85.05031112670898
2025-11-26 19:18:56.863938048,s3-eth2,68.42386627197266,31.576133728027344
2025-11-26 19:18:57.864978944,s1-eth1,54.749603271484375,45.250396728515625
2025-11-26 19:18:57.865096192,s2-eth2,120.0772705078125,-20.0772705078125
2025-11-26 19:18:57.865267968,s3-eth2,55.856895446777344,44.143104553222656
2025-11-26 19:18:58.866180864,s1-eth1,8.207918167114258,91.79208183288574
2025-11-26 19:18:58.866301952,s2-eth2,71.94318389892578,28.05681610107422
2025-11-26 19:18:58.866467072,s3-eth2,71.43509674072266,28.564903259277344
2025-11-26 19:18:59.867367936,s1-eth1,0.0029877471923828126,99.99701225280762
2025-11-26 19:18:59.867478016,s2-eth2,0.00974822998046875,99.99025177001953
2025-11-26 19:18:59.867628032,s3-eth2,0.00974822998046875,99.99025177001953
2025-11-26 19:19:00.868577024,s1-eth1,55.33295822143555,44.66704177856445
2025-11-26 19:19:00.868689152,s2-eth2,0.0029877471923828126,99.99701225280762
2025-11-26 19:19:00.868848128,s3-eth2,0.0029877471923828126,99.99701225280762
2025-11-26 19:19:01.869736960,s1-eth1,10.158253631591798,89.8417463684082
2025-11-26 19:19:01.869848064,s2-eth2,0.0029877471923828126,99.99701225280762
2025-11-26 19:19:01.870004992,s3-eth2,0.0029877471923828126,99.99701225280762
2025-11-26 19:19:02.871025152,s1-eth1,0.0029877471923828126,99.99701225280762
2025-11-26 19:19:02.871130112,s2-eth2,0.0029877471923828126,99.99701225280762
2025-11-26 19:19:02.871278080,s3-eth2,0.0029877471923828126,99.99701225280762
2025-11-26 19:19:03.872133888,s1-eth1,0.0029877471923828126,99.99701225280762
2025-11-26 19:19:03.872237824,s2-eth2,0.0029877471923828126,99.99701225280762
2025-11-26 19:19:03.872385024,s3-eth2,0.0029877471923828126,99.99701225280762
2025-11-26 19:19:04.873233152,s1-eth1,0.0029877471923828126,99.99701225280762
2025-11-26 19:19:04.873346048,s2-eth2,0.0029877471923828126,99.99701225280762
2025-11-26 19:19:04.873501184,s3-eth2,0.0029877471923828126,99.99701225280762
2025-11-26 19:19:05.873990912,s1-eth1,0.00299072265625,99.99700927734375
2025-11-26 19:19:05.874020096,s2-eth2,0.00299072265625,99.99700927734375
2025-11-26 19:19:05.874061056,s3-eth2,0.00299072265625,99.99700927734375
2025-11-26 19:19:06.874700032,s1-eth1,0.00299072265625,99.99700927734375
2025-11-26 19:19:06.874803968,s2-eth2,0.00299072265625,99.99700927734375
2025-11-26 19:19:06.874964992,s3-eth2,0.00299072265625,99.99700927734375
2025-11-26 19:19:07.875971072,s1-eth1,0.0029877471923828126,99.99701225280762
2025-11-26 19:19:07.876076032,s2-eth2,0.0029877471923828126,99.99701225280762
2025-11-26 19:19:07.876222976,s3-eth2,0.0029877471923828126,99.99701225280762
2025-11-26 19:19:08.877070848,s1-eth1,0.0029877471923828126,99.99701225280762
2025-11-26 19:19:08.877176064,s2-eth2,0.0029877471923828126,99.99701225280762
2025-11-26 19:19:08.877323008,s3-eth2,0.0029877471923828126,99.99701225280762
2025-11-26 19:19:09.878163200,s1-eth1,0.0029877471923828126,99.99701225280762
2025-11-26 19:19:09.878267136,s2-eth2,0.0029877471923828126,99.99701225280762
2025-11-26 19:19:09.878415104,s3-eth2,0.0029877471923828126,99.99701225280762
2025-11-26 19:19:10.879300096,s1-eth1,0.0036279296875,99.9963720703125
2025-11-26 19:19:10.879404032,s2-eth2,0.0036279296875,99.9963720703125
2025-11-26 19:19:10.879553024,s3-eth2,0.0036279296875,99.9963720703125
2025-11-26 19:19:11.880392960,s1-eth1,0.0029877471923828126,99.99701225280762
2025-11-26 19:19:11.880496896,s2-eth2,0.0029877471923828126,99.99701225280762
2025-11-26 19:19:11.880644096,s3-eth2,0.0029877471923828126,99.99701225280762
2025-11-26 19:19:12.881565184,s1-eth1,0.0029877471923828126,99.99701225280762
2025-11-26 19:19:12.881673216,s2-eth2,0.007454071044921875,99.99254592895508
2025-11-26 19:19:12.881827072,s3-eth2,0.0029877471923828126,99.99701225280762
2025-11-26 19:19:13.882680064,s1-eth1,0.0029877471923828126,99.99701225280762
2025-11-26 19:19:13.882791936,s2-eth2,64.89532470703125,35.10467529296875
2025-11-26 19:19:13.882989824,s3-eth2,0.0029877471923828126,99.99701225280762
2025-11-26 19:19:14.883873024,s1-eth1,0.0029877471923828126,99.99701225280762
2025-11-26 19:19:14.883979008,s2-eth2,0.0029877471923828126,99.99701225280762
2025-11-26 19:19:14.884128000,s3-eth2,0.0029877471923828126,99.99701225280762
2025-11-26 19:19:15.885103104,s1-eth1,61.34956359863281,38.65043640136719
2025-11-26 19:19:15.885230080,s2-eth2,0.0036279296875,99.9963720703125
2025-11-26 19:19:15.885380864,s3-eth2,0.0036279296875,99.9963720703125
2025-11-26 19:19:16.885974016,s1-eth1,4.75616455078125,95.24383544921875
2025-11-26 19:19:16.886017024,s2-eth2,0.00299072265625,99.99700927734375
2025-11-26 19:19:16.886073088,s3-eth2,0.00299072265625,99.99700927734375
2025-11-26 19:19:17.886945024,s1-eth1,0.00299072265625,99.99700927734375
2025-11-26 19:19:17.887049984,s2-eth2,0.0029877471923828126,99.99701225280762
2025-11-26 19:19:17.887198976,s3-eth2,0.0029877471923828126,99.99701225280762
2025-11-26 19:19:18.888105984,s1-eth1,0.0029877471923828126,99.99701225280762
2025-11-26 19:19:18.888211968,s2-eth2,0.0029877471923828126,99.99701225280762
2025-11-26 19:19:18.888371968,s3-eth2,69.51580047607422,30.48419952392578
2025-11-26 19:19:19.889266944,s1-eth1,0.0036279296875,99.9963720703125
2025-11-26 19:19:19.889373184,s2-eth2,0.0029877471923828126,99.99701225280762
2025-11-26 19:19:19.889529088,s3-eth2,0.012751235961914062,99.98724876403809
2025-11-26 19:19:20.890404096,s1-eth1,0.0029877471923828126,99.99701225280762
2025-11-26 19:19:20.890508032,s2-eth2,0.0029877471923828126,99.99701225280762
2025-11-26 19:19:20.890656000,s3-eth2,0.0029877471923828126,99.99701225280762
2025-11-26 19:19:21.891531008,s1-eth1,0.0029877471923828126,99.99701225280762
2025-11-26 19:19:21.891635968,s2-eth2,0.0029877471923828126,99.99701225280762
2025-11-26 19:19:21.891784960,s3-eth2,0.0029877471923828126,99.99701225280762
2025-11-26 19:19:22.892784128,s1-eth1,0.0036279296875,99.9963720703125
2025-11-26 19:19:22.892889088,s2-eth2,0.0036279296875,99.9963720703125
2025-11-26 19:19:22.893037056,s3-eth2,0.0036279296875,99.9963720703125
2025-11-26 19:19:23.893883904,s1-eth1,0.0029877471923828126,99.99701225280762
2025-11-26 19:19:23.893987840,s2-eth2,0.0029877471923828126,99.99701225280762
2025-11-26 19:19:23.894136064,s3-eth2,0.0029877471923828126,99.99701225280762
2025-11-26 19:19:24.895087104,s1-eth1,61.714622497558594,38.285377502441406
2025-11-26 19:19:24.895206912,s2-eth2,0.0029877471923828126,99.99701225280762
2025-11-26 19:19:24.895356928,s3-eth2,0.0029877471923828126,99.99701225280762
2025-11-26 19:19:25.896288000,s1-eth1,6.814284362792969,93.18571563720702
2025-11-26 19:19:25.896410112,s2-eth2,65.02159118652344,34.97840881347656
2025-11-26 19:19:25.896569856,s3-eth2,0.0029877471923828126,99.99701225280762
2025-11-26 19:19:26.897445888,s1-eth1,59.1195182800293,40.8804817199707
2025-11-26 19:19:26.897569792,s2-eth2,0.0029877471923828126,99.99701225280762
2025-11-26 19:19:26.897718016,s3-eth2,0.0029877471923828126,99.99701225280762
2025-11-26 19:19:27.898232832,s1-eth1,61.5902099609375,38.4097900390625
2025-11-26 19:19:27.898267136,s2-eth2,0.00299072265625,99.99700927734375
2025-11-26 19:19:27.898312960,s3-eth2,0.00299072265625,99.99700927734375
2025-11-26 19:19:28.899079168,s1-eth1,10.951286315917969,89.04871368408203
2025-11-26 19:19:28.899187200,s2-eth2,0.003631591796875,99.99636840820312
2025-11-26 19:19:28.899344896,s3-eth2,0.0036279296875,99.9963720703125
2025-11-26 19:19:29.899912192,s1-eth1,0.00299072265625,99.99700927734375
2025-11-26 19:19:29.899952896,s2-eth2,0.00299072265625,99.99700927734375
2025-11-26 19:19:29.900011008,s3-eth2,0.00299072265625,99.99700927734375
2025-11-26 19:19:30.900704000,s1-eth1,0.00299072265625,99.99700927734375
2025-11-26 19:19:30.900812032,s2-eth2,0.00299072265625,99.99700927734375
2025-11-26 19:19:30.900962048,s3-eth2,0.00299072265625,99.99700927734375
2025-11-26 19:19:31.901526016,s1-eth1,0.0074615478515625,99.99253845214844
2025-11-26 19:19:31.901565184,s2-eth2,0.0064239501953125,99.99357604980469
2025-11-26 19:19:31.901620992,s3-eth2,0.00299072265625,99.99700927734375
2025-11-26 19:19:32.902356992,s1-eth1,65.54363250732422,34.45636749267578
2025-11-26 19:19:32.902470144,s2-eth2,65.54467010498047,34.45532989501953
2025-11-26 19:19:32.902630144,s3-eth2,0.0029877471923828126,99.99701225280762
2025-11-26 19:19:33.903588096,s1-eth1,0.00855926513671875,99.99144073486327
2025-11-26 19:19:33.903708928,s2-eth2,65.01696014404297,34.98303985595703
2025-11-26 19:19:33.903870208,s3-eth2,0.0029877471923828126,99.99701225280762
2025-11-26 19:19:34.904742912,s1-eth1,60.465003967285156,39.534996032714844
2025-11-26 19:19:34.904867840,s2-eth2,61.051597595214844,38.948402404785156
2025-11-26 19:19:34.905029120,s3-eth2,0.0029877471923828126,99.99701225280762
2025-11-26 19:19:35.905886976,s1-eth1,5.3322686767578125,94.6677313232422
2025-11-26 19:19:35.906007040,s2-eth2,4.755857009887695,95.24414299011231
2025-11-26 19:19:35.906167040,s3-eth2,0.0033078765869140624,99.99669212341308
2025-11-26 19:19:36.907041024,s1-eth1,0.0036279296875,99.9963720703125
2025-11-26 19:19:36.907147776,s2-eth2,0.0036279296875,99.9963720703125
2025-11-26 19:19:36.907296000,s3-eth2,0.0033078765869140624,99.99669212341308
2025-11-26 19:19:37.908305920,s1-eth1,0.0029877471923828126,99.99701225280762
2025-11-26 19:19:37.908420096,s2-eth2,0.0029877471923828126,99.99701225280762
2025-11-26 19:19:37.908569088,s3-eth2,0.0029877471923828126,99.99701225280762
2025-11-26 19:19:38.909136896,s1-eth1,0.0064239501953125,99.99357604980469
2025-11-26 19:19:38.909176064,s2-eth2,0.0064239501953125,99.99357604980469
2025-11-26 19:19:38.909230848,s3-eth2,0.0064239501953125,99.99357604980469
2025-11-26 19:19:39.909998848,s1-eth1,68.15376281738281,31.846237182617188
2025-11-26 19:19:39.910112000,s2-eth2,68.15623474121094,31.843765258789062
2025-11-26 19:19:39.910268160,s3-eth2,68.08897399902344,31.911026000976562
2025-11-26 19:19:40.911214080,s1-eth1,61.027164459228516,38.972835540771484
2025-11-26 19:19:40.911331840,s2-eth2,0.014245071411132813,99.98575492858886
2025-11-26 19:19:40.911483904,s3-eth2,0.01342193603515625,99.98657806396484
2025-11-26 19:19:41.912334848,s1-eth1,0.012766494750976562,99.98723350524902
2025-11-26 19:19:41.912445184,s2-eth2,0.0029877471923828126,99.99701225280762
2025-11-26 19:19:41.912592896,s3-eth2,0.0029877471923828126,99.99701225280762
2025-11-26 19:19:42.913122048,s1-eth1,0.00299072265625,99.99700927734375
2025-11-26 19:19:42.913153024,s2-eth2,0.00299072265625,99.99700927734375
2025-11-26 19:19:42.913197056,s3-eth2,0.00299072265625,99.99700927734375
2025-11-26 19:19:43.913865216,s1-eth1,0.003631591796875,99.99636840820312
2025-11-26 19:19:43.913971968,s2-eth2,0.00299072265625,99.99700927734375
2025-11-26 19:19:43.914120960,s3-eth2,0.00299072265625,99.99700927734375
2025-11-26 19:19:44.915000832,s1-eth1,0.0029877471923828126,99.99701225280762
2025-11-26 19:19:44.915106048,s2-eth2,0.0029877471923828126,99.99701225280762
2025-11-26 19:19:44.915252992,s3-eth2,0.0029877471923828126,99.99701225280762
2025-11-26 19:19:45.916086016,s1-eth1,0.0036279296875,99.9963720703125
2025-11-26 19:19:45.916192000,s2-eth2,0.0036279296875,99.9963720703125
2025-11-26 19:19:45.916338944,s3-eth2,0.0036279296875,99.9963720703125
2025-11-26 19:19:46.917216000,s1-eth1,50.92984390258789,49.07015609741211
2025-11-26 19:19:46.917330944,s2-eth2,51.594539642333984,48.405460357666016
2025-11-26 19:19:46.917490944,s3-eth2,0.0029877471923828126,99.99701225280762
2025-11-26 19:19:47.918492160,s1-eth1,14.561900177001952,85.43809982299805
2025-11-26 19:19:47.918606080,s2-eth2,13.897205352783203,86.1027946472168
2025-11-26 19:19:47.918765056,s3-eth2,0.0029877471923828126,99.99701225280762
2025-11-26 19:19:48.919624192,s1-eth1,0.0029877471923828126,99.99701225280762
2025-11-26 19:19:48.919728896,s2-eth2,0.0029877471923828126,99.99701225280762
2025-11-26 19:19:48.919876096,s3-eth2,0.0029877471923828126,99.99701225280762
2025-11-26 19:19:49.920610048,s1-eth1,0.00299072265625,99.99700927734375
2025-11-26 19:19:49.920640000,s2-eth2,0.00299072265625,99.99700927734375
2025-11-26 19:19:49.920683008,s3-eth2,0.00299072265625,99.99700927734375
2025-11-26 19:19:50.921349888,s1-eth1,0.00299072265625,99.99700927734375
2025-11-26 19:19:50.921454080,s2-eth2,0.00299072265625,99.99700927734375
2025-11-26 19:19:50.921602048,s3-eth2,0.00299072265625,99.99700927734375
2025-11-26 19:19:51.922575104,s1-eth1,103.69586944580078,-3.6958694458007812
2025-11-26 19:19:51.922699008,s2-eth2,104.14083862304688,-4.140838623046875
2025-11-26 19:19:51.922883072,s3-eth2,55.25321960449219,44.74678039550781
2025-11-26 19:19:52.923943168,s1-eth1,26.06065559387207,73.93934440612793
2025-11-26 19:19:52.924062976,s2-eth2,25.615680694580078,74.38431930541992
2025-11-26 19:19:52.924241920,s3-eth2,11.28184700012207,88.71815299987793
2025-11-26 19:19:53.925146112,s1-eth1,0.0029877471923828126,99.99701225280762
2025-11-26 19:19:53.925251072,s2-eth2,0.0029877471923828126,99.99701225280762
2025-11-26 19:19:53.925415936,s3-eth2,0.0029877471923828126,99.99701225280762
2025-11-26 19:19:54.926283008,s1-eth1,0.0029877471923828126,99.99701225280762
2025-11-26 19:19:54.926390016,s2-eth2,0.0029877471923828126,99.99701225280762
2025-11-26 19:19:54.926537984,s3-eth2,0.0029877471923828126,99.99701225280762
2025-11-26 19:19:55.927438848,s1-eth1,0.0029877471923828126,99.99701225280762
2025-11-26 19:19:55.927543040,s2-eth2,0.0029877471923828126,99.99701225280762
2025-11-26 19:19:55.927692032,s3-eth2,0.0029877471923828126,99.99701225280762
2025-11-26 19:19:56.928636160,s1-eth1,6.375994186401368,93.62400581359863
2025-11-26 19:19:56.928760064,s2-eth2,64.33212280273438,35.667877197265625
2025-11-26 19:19:56.928946944,s3-eth2,64.33212280273438,35.667877197265625
2025-11-26 19:19:57.930020096,s1-eth1,62.2071647644043,37.7928352355957
2025-11-26 19:19:57.930141952,s2-eth2,0.01310943603515625,99.98689056396485
2025-11-26 19:19:57.930320128,s3-eth2,0.01310943603515625,99.98689056396485
2025-11-26 19:19:58.931243776,s1-eth1,0.0029877471923828126,99.99701225280762
2025-11-26 19:19:58.931350016,s2-eth2,0.0033078765869140624,99.99669212341308
2025-11-26 19:19:58.931518976,s3-eth2,0.0038718414306640626,99.99612815856933
2025-11-26 19:19:59.932413952,s1-eth1,0.0029877471923828126,99.99701225280762
2025-11-26 19:19:59.932519936,s2-eth2,0.0029877471923828126,99.99701225280762
2025-11-26 19:19:59.932699904,s3-eth2,69.52452087402344,30.475479125976562
2025-11-26 19:20:00.933579008,s1-eth1,0.0042681884765625,99.99573181152344
2025-11-26 19:20:00.933686016,s2-eth2,0.0036279296875,99.9963720703125
2025-11-26 19:20:00.933854208,s3-eth2,0.004131011962890625,99.9958689880371
2025-11-26 19:20:01.934732032,s1-eth1,0.0029877471923828126,99.99701225280762
2025-11-26 19:20:01.934865920,s2-eth2,64.3383560180664,35.661643981933594
2025-11-26 19:20:01.935041792,s3-eth2,64.3383560180664,35.661643981933594
2025-11-26 19:20:02.936072192,s1-eth1,0.0029877471923828126,99.99701225280762
2025-11-26 19:20:02.936184832,s2-eth2,0.00857452392578125,99.99142547607421
2025-11-26 19:20:02.936354048,s3-eth2,0.00857452392578125,99.99142547607421
2025-11-26 19:20:03.937263872,s1-eth1,0.0029877471923828126,99.99701225280762
2025-11-26 19:20:03.937370112,s2-eth2,0.0029877471923828126,99.99701225280762
2025-11-26 19:20:03.937536000,s3-eth2,0.0029877471923828126,99.99701225280762
2025-11-26 19:20:04.938458880,s1-eth1,0.0029877471923828126,99.99701225280762
2025-11-26 19:20:04.938565120,s2-eth2,0.0029877471923828126,99.99701225280762
2025-11-26 19:20:04.938729984,s3-eth2,0.0029877471923828126,99.99701225280762
2025-11-26 19:20:05.939630080,s1-eth1,0.0029877471923828126,99.99701225280762
2025-11-26 19:20:05.939738112,s2-eth2,0.0036279296875,99.9963720703125
2025-11-26 19:20:05.939899904,s3-eth2,0.0036279296875,99.9963720703125
2025-11-26 19:20:06.940432128,s1-eth1,0.00299072265625,99.99700927734375
2025-11-26 19:20:06.940470016,s2-eth2,0.0074615478515625,99.99253845214844
2025-11-26 19:20:06.940530944,s3-eth2,0.00299072265625,99.99700927734375
2025-11-26 19:20:07.941349888,s1-eth1,0.00299072265625,99.99700927734375
2025-11-26 19:20:07.941460992,s2-eth2,64.9601058959961,35.039894104003906
2025-11-26 19:20:07.941646080,s3-eth2,0.0029877471923828126,99.99701225280762
2025-11-26 19:20:08.942537984,s1-eth1,0.0029877471923828126,99.99701225280762
2025-11-26 19:20:08.942642944,s2-eth2,0.0029877471923828126,99.99701225280762
2025-11-26 19:20:08.942807040,s3-eth2,0.0029877471923828126,99.99701225280762
2025-11-26 19:20:09.943695104,s1-eth1,0.0029877471923828126,99.99701225280762
2025-11-26 19:20:09.943800064,s2-eth2,0.0029877471923828126,99.99701225280762
2025-11-26 19:20:09.943949824,s3-eth2,0.0029877471923828126,99.99701225280762
2025-11-26 19:20:10.944848128,s1-eth1,0.0036279296875,99.9963720703125
2025-11-26 19:20:10.944961024,s2-eth2,64.8905258178711,35.109474182128906
2025-11-26 19:20:10.945133824,s3-eth2,0.0036279296875,99.9963720703125
2025-11-26 19:20:11.946029824,s1-eth1,0.0029877471923828126,99.99701225280762
2025-11-26 19:20:11.946137856,s2-eth2,0.012774124145507812,99.98722587585449
2025-11-26 19:20:11.946295040,s3-eth2,0.0029877471923828126,99.99701225280762
2025-11-26 19:20:12.947365888,s1-eth1,0.0036279296875,99.9963720703125
2025-11-26 19:20:12.947484928,s2-eth2,65.02159881591797,34.97840118408203
2025-11-26 19:20:12.947644928,s3-eth2,0.0029877471923828126,99.99701225280762
2025-11-26 19:20:13.948530944,s1-eth1,0.0029877471923828126,99.99701225280762
2025-11-26 19:20:13.948635136,s2-eth2,0.0029877471923828126,99.99701225280762
2025-11-26 19:20:13.948784128,s3-eth2,0.0029877471923828126,99.99701225280762
2025-11-26 19:20:14.949676032,s1-eth1,0.0029877471923828126,99.99701225280762
2025-11-26 19:20:14.949780992,s2-eth2,0.0029877471923828126,99.99701225280762
2025-11-26 19:20:14.949929984,s3-eth2,0.0029877471923828126,99.99701225280762
2025-11-26 19:20:15.950820096,s1-eth1,0.0029877471923828126,99.99701225280762
2025-11-26 19:20:15.950941952,s2-eth2,0.0029877471923828126,99.99701225280762
2025-11-26 19:20:15.951090944,s3-eth2,0.0029877471923828126,99.99701225280762
2025-11-26 19:20:16.952019968,s1-eth1,0.0029877471923828126,99.99701225280762
2025-11-26 19:20:16.952125952,s2-eth2,0.0029877471923828126,99.99701225280762
2025-11-26 19:20:16.952274944,s3-eth2,0.0029877471923828126,99.99701225280762
2025-11-26 19:20:17.952878848,s1-eth1,60.2939453125,39.7060546875
2025-11-26 19:20:17.952925952,s2-eth2,0.00299072265625,99.99700927734375
2025-11-26 19:20:17.952982784,s3-eth2,0.00299072265625,99.99700927734375
2025-11-26 19:20:18.953705984,s1-eth1,5.872489929199219,94.12751007080078
2025-11-26 19:20:18.953826048,s2-eth2,0.00299072265625,99.99700927734375
2025-11-26 19:20:18.953975040,s3-eth2,0.00299072265625,99.99700927734375
2025-11-26 19:20:19.954896896,s1-eth1,0.0029877471923828126,99.99701225280762
2025-11-26 19:20:19.955002112,s2-eth2,0.0029877471923828126,99.99701225280762
2025-11-26 19:20:19.955164928,s3-eth2,0.0029877471923828126,99.99701225280762
2025-11-26 19:20:20.955802880,s1-eth1,112.82093811035156,-12.820938110351562
2025-11-26 19:20:20.955859968,s2-eth2,59.69688415527344,40.30311584472656
2025-11-26 19:20:20.955936000,s3-eth2,69.58531188964844,30.414688110351562
2025-11-26 19:20:21.956688896,s1-eth1,13.377601623535156,86.62239837646484
2025-11-26 19:20:21.956822016,s2-eth2,6.261131286621094,93.7388687133789
2025-11-26 19:20:21.956993024,s3-eth2,0.012774124145507812,99.98722587585449
2025-11-26 19:20:22.958024960,s1-eth1,0.0029877471923828126,99.99701225280762
2025-11-26 19:20:22.958146048,s2-eth2,0.0029877471923828126,99.99701225280762
2025-11-26 19:20:22.958295040,s3-eth2,0.0029877471923828126,99.99701225280762
2025-11-26 19:20:23.959165184,s1-eth1,0.0029877471923828126,99.99701225280762
2025-11-26 19:20:23.959283968,s2-eth2,0.0029877471923828126,99.99701225280762
2025-11-26 19:20:23.959431936,s3-eth2,0.0029877471923828126,99.99701225280762
2025-11-26 19:20:24.960411136,s1-eth1,60.7112922668457,39.2887077331543
2025-11-26 19:20:24.960547840,s2-eth2,0.0029877471923828126,99.99701225280762
2025-11-26 19:20:24.960699136,s3-eth2,0.0029877471923828126,99.99701225280762
2025-11-26 19:20:25.961262848,s1-eth1,7.8260498046875,92.1739501953125
2025-11-26 19:20:25.961318144,s2-eth2,0.003631591796875,99.99636840820312
2025-11-26 19:20:25.961373952,s3-eth2,0.003631591796875,99.99636840820312
2025-11-26 19:20:26.961744896,s1-eth1,0.00299072265625,99.99700927734375
2025-11-26 19:20:26.961790208,s2-eth2,0.00299072265625,99.99700927734375
2025-11-26 19:20:26.961844992,s3-eth2,0.00299072265625,99.99700927734375
2025-11-26 19:20:27.962718976,s1-eth1,58.57603454589844,41.42396545410156
2025-11-26 19:20:27.962880000,s2-eth2,0.0036279296875,99.9963720703125
2025-11-26 19:20:27.963031040,s3-eth2,0.0036279296875,99.9963720703125
2025-11-26 19:20:28.963918080,s1-eth1,7.582810363769531,92.41718963623048
2025-11-26 19:20:28.964057856,s2-eth2,0.0029877471923828126,99.99701225280762
2025-11-26 19:20:28.964206848,s3-eth2,0.0029877471923828126,99.99701225280762
2025-11-26 19:20:29.965105152,s1-eth1,0.0029877471923828126,99.99701225280762
2025-11-26 19:20:29.965224960,s2-eth2,0.0029877471923828126,99.99701225280762
2025-11-26 19:20:29.965373952,s3-eth2,0.0029877471923828126,99.99701225280762
2025-11-26 19:20:30.966306048,s1-eth1,0.005403823852539062,99.99459617614747
2025-11-26 19:20:30.966447104,s2-eth2,0.00641754150390625,99.99358245849609
2025-11-26 19:20:30.966608128,s3-eth2,0.00641754150390625,99.99358245849609
2025-11-26 19:20:31.967215104,s1-eth1,67.81668853759766,32.183311462402344
2025-11-26 19:20:31.967258880,s2-eth2,67.72926330566406,32.27073669433594
2025-11-26 19:20:31.967319040,s3-eth2,67.39715576171875,32.60284423828125
2025-11-26 19:20:32.968225024,s1-eth1,0.35383316040039064,99.64616683959962
2025-11-26 19:20:32.968343040,s2-eth2,0.4407976531982422,99.55920234680175
2025-11-26 19:20:32.968499968,s3-eth2,0.7725733947753907,99.22742660522461
2025-11-26 19:20:33.969069056,s1-eth1,0.00299072265625,99.99700927734375
2025-11-26 19:20:33.969108224,s2-eth2,0.00299072265625,99.99700927734375
2025-11-26 19:20:33.969163776,s3-eth2,0.00299072265625,99.99700927734375
2025-11-26 19:20:34.969894912,s1-eth1,0.00299072265625,99.99700927734375
2025-11-26 19:20:34.969999104,s2-eth2,0.00299072265625,99.99700927734375
2025-11-26 19:20:34.970146816,s3-eth2,0.00299072265625,99.99700927734375
2025-11-26 19:20:35.971100928,s1-eth1,0.0036279296875,99.9963720703125
2025-11-26 19:20:35.971206912,s2-eth2,0.0036279296875,99.9963720703125
2025-11-26 19:20:35.971357184,s3-eth2,0.0036279296875,99.9963720703125
2025-11-26 19:20:36.971909888,s1-eth1,0.00540924072265625,99.99459075927734
2025-11-26 19:20:36.971949056,s2-eth2,0.0064239501953125,99.99357604980469
2025-11-26 19:20:36.972006144,s3-eth2,0.00299072265625,99.99700927734375
2025-11-26 19:20:37.972887040,s1-eth1,64.95230102539062,35.047698974609375
2025-11-26 19:20:37.973001984,s2-eth2,64.8857650756836,35.114234924316406
2025-11-26 19:20:37.973164032,s3-eth2,0.0029877471923828126,99.99701225280762
2025-11-26 19:20:38.973721856,s1-eth1,0.00856781005859375,99.9914321899414
2025-11-26 19:20:38.973761024,s2-eth2,0.00856781005859375,99.9914321899414
2025-11-26 19:20:38.973817088,s3-eth2,0.00299072265625,99.99700927734375
2025-11-26 19:20:39.974566912,s1-eth1,0.00299072265625,99.99700927734375
2025-11-26 19:20:39.974683904,s2-eth2,63.97119140625,36.02880859375
2025-11-26 19:20:39.974888192,s3-eth2,0.0029877471923828126,99.99701225280762
2025-11-26 19:20:40.975476992,s1-eth1,0.00299072265625,99.99700927734375
2025-11-26 19:20:40.975518976,s2-eth2,1.1184005737304688,98.88159942626953
2025-11-26 19:20:40.975575808,s3-eth2,0.00299072265625,99.99700927734375
2025-11-26 19:20:41.975947008,s1-eth1,0.003631591796875,99.99636840820312
2025-11-26 19:20:41.975985152,s2-eth2,0.00299072265625,99.99700927734375
2025-11-26 19:20:41.976040960,s3-eth2,0.00299072265625,99.99700927734375
2025-11-26 19:20:42.976416000,s1-eth1,0.00299072265625,99.99700927734375
2025-11-26 19:20:42.976454912,s2-eth2,0.00299072265625,99.99700927734375
2025-11-26 19:20:42.976509952,s3-eth2,0.00299072265625,99.99700927734375
2025-11-26 19:20:43.976872960,s1-eth1,0.00299072265625,99.99700927734375
2025-11-26 19:20:43.976911104,s2-eth2,0.00299072265625,99.99700927734375
2025-11-26 19:20:43.976964864,s3-eth2,0.00299072265625,99.99700927734375
2025-11-26 19:20:44.977324032,s1-eth1,0.00299072265625,99.99700927734375
2025-11-26 19:20:44.977361920,s2-eth2,0.00299072265625,99.99700927734375
2025-11-26 19:20:44.977416960,s3-eth2,0.00299072265625,99.99700927734375
2025-11-26 19:20:45.977777920,s1-eth1,0.00299072265625,99.99700927734375
2025-11-26 19:20:45.977816064,s2-eth2,0.00299072265625,99.99700927734375
2025-11-26 19:20:45.977870848,s3-eth2,0.00299072265625,99.99700927734375
2025-11-26 19:20:46.978235904,s1-eth1,0.00299072265625,99.99700927734375
2025-11-26 19:20:46.978283776,s2-eth2,0.00299072265625,99.99700927734375
2025-11-26 19:20:46.978339840,s3-eth2,0.00299072265625,99.99700927734375
2025-11-26 19:20:47.979088896,s1-eth1,0.00299072265625,99.99700927734375
2025-11-26 19:20:47.979208960,s2-eth2,0.00299072265625,99.99700927734375
2025-11-26 19:20:47.979358976,s3-eth2,0.0029877471923828126,99.99701225280762
2025-11-26 19:20:48.980231168,s1-eth1,0.0029877471923828126,99.99701225280762
2025-11-26 19:20:48.980352000,s2-eth2,0.0029877471923828126,99.99701225280762
2025-11-26 19:20:48.980502016,s3-eth2,0.0029877471923828126,99.99701225280762
2025-11-26 19:20:49.981401856,s1-eth1,0.0036279296875,99.9963720703125
2025-11-26 19:20:49.981522176,s2-eth2,0.0042681884765625,99.99573181152344
2025-11-26 19:20:49.981671936,s3-eth2,0.0042681884765625,99.99573181152344
2025-11-26 19:20:50.982550016,s1-eth1,0.0029877471923828126,99.99701225280762
2025-11-26 19:20:50.982681088,s2-eth2,0.0029877471923828126,99.99701225280762
2025-11-26 19:20:50.982831872,s3-eth2,0.0029877471923828126,99.99701225280762
2025-11-26 19:20:51.983782144,s1-eth1,7.643815002441406,92.3561849975586
2025-11-26 19:20:51.983938816,s2-eth2,72.34368896484375,27.65631103515625
2025-11-26 19:20:51.984115968,s3-eth2,64.33212280273438,35.667877197265625
2025-11-26 19:20:52.985054976,s1-eth1,79.80288696289062,20.197113037109375
2025-11-26 19:20:52.985192960,s2-eth2,79.89897155761719,20.101028442382812
2025-11-26 19:20:52.985362176,s3-eth2,21.28693389892578,78.71306610107422
2025-11-26 19:20:53.985934848,s1-eth1,51.21208190917969,48.78791809082031
2025-11-26 19:20:53.985976832,s2-eth2,50.755104064941406,49.244895935058594
2025-11-26 19:20:53.986035968,s3-eth2,50.56629180908203,49.43370819091797
2025-11-26 19:20:54.986420992,s1-eth1,65.01300048828125,34.98699951171875
2025-11-26 19:20:54.986462976,s2-eth2,0.00299072265625,99.99700927734375
2025-11-26 19:20:54.986519040,s3-eth2,0.00299072265625,99.99700927734375
2025-11-26 19:20:55.986902016,s1-eth1,3.5844039916992188,96.41559600830078
2025-11-26 19:20:55.986944000,s2-eth2,0.00299072265625,99.99700927734375
2025-11-26 19:20:55.986999040,s3-eth2,0.00299072265625,99.99700927734375
2025-11-26 19:20:56.987365888,s1-eth1,0.00299072265625,99.99700927734375
2025-11-26 19:20:56.987405056,s2-eth2,0.00299072265625,99.99700927734375
2025-11-26 19:20:56.987459840,s3-eth2,0.00299072265625,99.99700927734375
2025-11-26 19:20:57.988325120,s1-eth1,0.00299072265625,99.99700927734375
2025-11-26 19:20:57.988431104,s2-eth2,0.0029877471923828126,99.99701225280762
2025-11-26 19:20:57.988580096,s3-eth2,0.0029877471923828126,99.99701225280762
2025-11-26 19:20:58.989474048,s1-eth1,0.0029877471923828126,99.99701225280762
2025-11-26 19:20:58.989579008,s2-eth2,0.0029877471923828126,99.99701225280762
2025-11-26 19:20:58.989726976,s3-eth2,0.0029877471923828126,99.99701225280762
2025-11-26 19:20:59.990302208,s1-eth1,47.346099853515625,52.653900146484375
2025-11-26 19:20:59.990360064,s2-eth2,111.35787963867188,-11.357879638671875
2025-11-26 19:20:59.990425088,s3-eth2,64.39595031738281,35.60404968261719
2025-11-26 19:21:00.991202048,s1-eth1,16.8670654296875,83.1329345703125
2025-11-26 19:21:00.991328000,s2-eth2,81.72612762451172,18.27387237548828
2025-11-26 19:21:00.991499008,s3-eth2,0.01404693603515625,99.98595306396484
2025-11-26 19:21:01.992485120,s1-eth1,53.829105377197266,46.170894622802734
2025-11-26 19:21:01.992595968,s2-eth2,0.0029877471923828126,99.99701225280762
2025-11-26 19:21:01.992753920,s3-eth2,0.0029877471923828126,99.99701225280762
2025-11-26 19:21:02.993359104,s1-eth1,11.6744384765625,88.3255615234375
2025-11-26 19:21:02.993400064,s2-eth2,0.00299072265625,99.99700927734375
2025-11-26 19:21:02.993458944,s3-eth2,0.00299072265625,99.99700927734375
2025-11-26 19:21:03.993822208,s1-eth1,0.00299072265625,99.99700927734375
2025-11-26 19:21:03.993860096,s2-eth2,0.00299072265625,99.99700927734375
2025-11-26 19:21:03.993916160,s3-eth2,0.00299072265625,99.99700927734375
2025-11-26 19:21:04.994277120,s1-eth1,0.00299072265625,99.99700927734375
2025-11-26 19:21:04.994316032,s2-eth2,0.00299072265625,99.99700927734375
2025-11-26 19:21:04.994370816,s3-eth2,0.00299072265625,99.99700927734375
2025-11-26 19:21:05.994744064,s1-eth1,0.00299072265625,99.99700927734375
2025-11-26 19:21:05.994782976,s2-eth2,0.00299072265625,99.99700927734375
2025-11-26 19:21:05.994850048,s3-eth2,69.58531188964844,30.414688110351562
2025-11-26 19:21:06.995222016,s1-eth1,0.00299072265625,99.99700927734375
2025-11-26 19:21:06.995260928,s2-eth2,0.00299072265625,99.99700927734375
2025-11-26 19:21:06.995318784,s3-eth2,0.01277923583984375,99.98722076416016
2025-11-26 19:21:07.995693824,s1-eth1,0.00299072265625,99.99700927734375
2025-11-26 19:21:07.995731968,s2-eth2,0.00299072265625,99.99700927734375
2025-11-26 19:21:07.995787008,s3-eth2,0.00299072265625,99.99700927734375
2025-11-26 19:21:08.996165888,s1-eth1,0.00299072265625,99.99700927734375
2025-11-26 19:21:08.996205056,s2-eth2,0.00299072265625,99.99700927734375
2025-11-26 19:21:08.996264960,s3-eth2,69.58940124511719,30.410598754882812
2025-11-26 19:21:09.996670976,s1-eth1,57.78324890136719,42.21675109863281
2025-11-26 19:21:09.996718848,s2-eth2,64.95477294921875,35.04522705078125
2025-11-26 19:21:09.996782080,s3-eth2,0.00908660888671875,99.99091339111328
2025-11-26 19:21:10.997175040,s1-eth1,8.383819580078125,91.61618041992188
2025-11-26 19:21:10.997220096,s2-eth2,0.01277923583984375,99.98722076416016
2025-11-26 19:21:10.997277952,s3-eth2,0.00299072265625,99.99700927734375
2025-11-26 19:21:11.997652992,s1-eth1,0.00299072265625,99.99700927734375
2025-11-26 19:21:11.997692160,s2-eth2,0.003631591796875,99.99636840820312
2025-11-26 19:21:11.997746944,s3-eth2,0.003631591796875,99.99636840820312
2025-11-26 19:21:12.998130944,s1-eth1,0.003631591796875,99.99636840820312
2025-11-26 19:21:12.998169856,s2-eth2,0.003631591796875,99.99636840820312
2025-11-26 19:21:12.998225920,s3-eth2,0.003631591796875,99.99636840820312
2025-11-26 19:21:13.998776832,s1-eth1,0.00299072265625,99.99700927734375
2025-11-26 19:21:13.998918912,s2-eth2,0.00299072265625,99.99700927734375
2025-11-26 19:21:13.999068928,s3-eth2,0.00299072265625,99.99700927734375
2025-11-26 19:21:14.999625984,s1-eth1,0.00299072265625,99.99700927734375
2025-11-26 19:21:14.999664128,s2-eth2,0.00299072265625,99.99700927734375
2025-11-26 19:21:14.999717888,s3-eth2,0.00299072265625,99.99700927734375
2025-11-26 19:21:16.000094976,s1-eth1,0.0029877471923828126,99.99701225280762
2025-11-26 19:21:16.000133888,s2-eth2,0.0029877471923828126,99.99701225280762
2025-11-26 19:21:16.000189952,s3-eth2,0.0029877471923828126,99.99701225280762
2025-11-26 19:21:17.000566016,s1-eth1,0.00299072265625,99.99700927734375
2025-11-26 19:21:17.000605184,s2-eth2,0.00299072265625,99.99700927734375
2025-11-26 19:21:17.000658944,s3-eth2,0.00299072265625,99.99700927734375
2025-11-26 19:21:18.001570048,s1-eth1,57.53302764892578,42.46697235107422
2025-11-26 19:21:18.001694976,s2-eth2,58.25365447998047,41.74634552001953
2025-11-26 19:21:18.001859072,s3-eth2,0.0029877471923828126,99.99701225280762
2025-11-26 19:21:19.002428928,s1-eth1,8.272499084472656,91.72750091552734
2025-11-26 19:21:19.002473216,s2-eth2,7.551155090332031,92.44884490966797
2025-11-26 19:21:19.002532864,s3-eth2,0.00299072265625,99.99700927734375
2025-11-26 19:21:20.002959872,s1-eth1,0.00299072265625,99.99700927734375
2025-11-26 19:21:20.003001856,s2-eth2,65.08670806884766,34.913291931152344
2025-11-26 19:21:20.003062016,s3-eth2,0.00299072265625,99.99700927734375
2025-11-26 19:21:21.003591936,s1-eth1,0.00299072265625,99.99700927734375
2025-11-26 19:21:21.003657216,s2-eth2,0.00299072265625,99.99700927734375
2025-11-26 19:21:21.003750144,s3-eth2,0.00299072265625,99.99700927734375
2025-11-26 19:21:22.004299008,s1-eth1,0.00299072265625,99.99700927734375
2025-11-26 19:21:22.004337920,s2-eth2,0.00299072265625,99.99700927734375
2025-11-26 19:21:22.004486912,s3-eth2,0.00299072265625,99.99700927734375
2025-11-26 19:21:23.005570048,s1-eth1,57.47781753540039,42.52218246459961
2025-11-26 19:21:23.005687040,s2-eth2,0.0029877471923828126,99.99701225280762
2025-11-26 19:21:23.005837056,s3-eth2,0.0029877471923828126,99.99701225280762
2025-11-26 19:21:24.006771200,s1-eth1,11.050953826904298,88.9490461730957
2025-11-26 19:21:24.006906880,s2-eth2,0.0029877471923828126,99.99701225280762
2025-11-26 19:21:24.007059200,s3-eth2,0.0029877471923828126,99.99701225280762
2025-11-26 19:21:25.007668992,s1-eth1,0.00299072265625,99.99700927734375
2025-11-26 19:21:25.007708160,s2-eth2,0.00299072265625,99.99700927734375
2025-11-26 19:21:25.007764224,s3-eth2,0.00299072265625,99.99700927734375
2025-11-26 19:21:26.008492032,s1-eth1,0.003631591796875,99.99636840820312
2025-11-26 19:21:26.008596992,s2-eth2,0.0042724609375,99.9957275390625
2025-11-26 19:21:26.008745984,s3-eth2,0.0042724609375,99.9957275390625
2025-11-26 19:21:27.009687808,s1-eth1,51.92854309082031,48.07145690917969
2025-11-26 19:21:27.009798912,s2-eth2,0.0029877471923828126,99.99701225280762
2025-11-26 19:21:27.009958912,s3-eth2,0.0029877471923828126,99.99701225280762
2025-11-26 19:21:28.011107840,s1-eth1,12.969071350097657,87.03092864990234
2025-11-26 19:21:28.011232000,s2-eth2,61.72404479980469,38.27595520019531
2025-11-26 19:21:28.011416832,s3-eth2,0.0029877471923828126,99.99701225280762
2025-11-26 19:21:29.011972864,s1-eth1,0.0037384033203125,99.99626159667969
2025-11-26 19:21:29.012015104,s2-eth2,3.3038253784179688,96.69617462158203
2025-11-26 19:21:29.012083968,s3-eth2,0.00299072265625,99.99700927734375
2025-11-26 19:21:30.012775936,s1-eth1,0.00299072265625,99.99700927734375
2025-11-26 19:21:30.012880128,s2-eth2,0.00299072265625,99.99700927734375
2025-11-26 19:21:30.013027072,s3-eth2,0.00299072265625,99.99700927734375
2025-11-26 19:21:31.013592832,s1-eth1,0.00299072265625,99.99700927734375
2025-11-26 19:21:31.013638144,s2-eth2,0.00299072265625,99.99700927734375
2025-11-26 19:21:31.013705984,s3-eth2,0.00299072265625,99.99700927734375
2025-11-26 19:21:32.014082816,s1-eth1,0.00299072265625,99.99700927734375
2025-11-26 19:21:32.014123008,s2-eth2,0.00299072265625,99.99700927734375
2025-11-26 19:21:32.014187008,s3-eth2,0.00299072265625,99.99700927734375
2025-11-26 19:21:33.014585856,s1-eth1,0.00299072265625,99.99700927734375
2025-11-26 19:21:33.014624000,s2-eth2,0.00299072265625,99.99700927734375
2025-11-26 19:21:33.014679808,s3-eth2,0.00299072265625,99.99700927734375
2025-11-26 19:21:34.015408896,s1-eth1,64.95036315917969,35.04963684082031
2025-11-26 19:21:34.015522048,s2-eth2,64.95100402832031,35.04899597167969
2025-11-26 19:21:34.015695104,s3-eth2,0.0036279296875,99.9963720703125
2025-11-26 19:21:35.016653056,s1-eth1,56.063148498535156,43.936851501464844
2025-11-26 19:21:35.016809984,s2-eth2,0.012293930053710938,99.98770606994628
2025-11-26 19:21:35.017009920,s3-eth2,0.0029877471923828126,99.99701225280762
2025-11-26 19:21:36.017620992,s1-eth1,10.057037353515625,89.94296264648438
2025-11-26 19:21:36.017667072,s2-eth2,0.00299072265625,99.99700927734375
2025-11-26 19:21:36.017731840,s3-eth2,0.00299072265625,99.99700927734375
2025-11-26 19:21:37.018120960,s1-eth1,0.0041961669921875,99.99580383300781
2025-11-26 19:21:37.018160128,s2-eth2,0.0047607421875,99.9952392578125
2025-11-26 19:21:37.018224896,s3-eth2,0.0047607421875,99.9952392578125
2025-11-26 19:21:38.018619136,s1-eth1,65.57548522949219,34.42451477050781
2025-11-26 19:21:38.018668032,s2-eth2,65.46641540527344,34.53358459472656
2025-11-26 19:21:38.018727168,s3-eth2,65.13430786132812,34.865692138671875
2025-11-26 19:21:39.019442176,s1-eth1,0.5792770385742188,99.42072296142578
2025-11-26 19:21:39.019568896,s2-eth2,0.6871414184570312,99.31285858154297
2025-11-26 19:21:39.019725056,s3-eth2,1.0192489624023438,98.98075103759766
2025-11-26 19:21:40.020275968,s1-eth1,0.00299072265625,99.99700927734375
2025-11-26 19:21:40.020320000,s2-eth2,0.00299072265625,99.99700927734375
2025-11-26 19:21:40.020375040,s3-eth2,0.00299072265625,99.99700927734375
2025-11-26 19:21:41.021009920,s1-eth1,0.00299072265625,99.99700927734375
2025-11-26 19:21:41.021115136,s2-eth2,0.00299072265625,99.99700927734375
2025-11-26 19:21:41.021277952,s3-eth2,0.00299072265625,99.99700927734375
2025-11-26 19:21:42.021806848,s1-eth1,0.00299072265625,99.99700927734375
2025-11-26 19:21:42.021846016,s2-eth2,0.00299072265625,99.99700927734375
2025-11-26 19:21:42.021904896,s3-eth2,0.00299072265625,99.99700927734375
2025-11-26 19:21:43.022272000,s1-eth1,0.00299072265625,99.99700927734375
2025-11-26 19:21:43.022310144,s2-eth2,0.00299072265625,99.99700927734375
2025-11-26 19:21:43.022371072,s3-eth2,0.00299072265625,99.99700927734375
2025-11-26 19:21:44.022730240,s1-eth1,0.00299072265625,99.99700927734375
2025-11-26 19:21:44.022768128,s2-eth2,0.00299072265625,99.99700927734375
2025-11-26 19:21:44.022821888,s3-eth2,0.00299072265625,99.99700927734375
2025-11-26 19:21:45.023222016,s1-eth1,49.717132568359375,50.282867431640625
2025-11-26 19:21:45.023264000,s2-eth2,50.394287109375,49.605712890625
2025-11-26 19:21:45.023322112,s3-eth2,50.492706298828125,49.507293701171875
2025-11-26 19:21:46.023695872,s1-eth1,17.790298461914062,82.20970153808594
2025-11-26 19:21:46.023737856,s2-eth2,17.113143920898438,82.88685607910156
2025-11-26 19:21:46.023801088,s3-eth2,17.014724731445312,82.98527526855469
2025-11-26 19:21:47.024166144,s1-eth1,0.00299072265625,99.99700927734375
2025-11-26 19:21:47.024207104,s2-eth2,0.00299072265625,99.99700927734375
2025-11-26 19:21:47.024271104,s3-eth2,0.00299072265625,99.99700927734375
2025-11-26 19:21:48.024655104,s1-eth1,0.0022430419921875,99.99775695800781
2025-11-26 19:21:48.024699904,s2-eth2,62.106781005859375,37.893218994140625
2025-11-26 19:21:48.024768000,s3-eth2,61.885650634765625,38.114349365234375
2025-11-26 19:21:49.025142016,s1-eth1,0.0037384033203125,99.99626159667969
2025-11-26 19:21:49.025191168,s2-eth2,66.69908905029297,33.30091094970703
2025-11-26 19:21:49.025250816,s3-eth2,66.92021942138672,33.07978057861328
2025-11-26 19:21:50.025618176,s1-eth1,0.00299072265625,99.99700927734375
2025-11-26 19:21:50.025664000,s2-eth2,0.0128021240234375,99.98719787597656
2025-11-26 19:21:50.025719040,s3-eth2,0.0128021240234375,99.98719787597656
2025-11-26 19:21:51.026088960,s1-eth1,0.003631591796875,99.99636840820312
2025-11-26 19:21:51.026137088,s2-eth2,0.00299072265625,99.99700927734375
2025-11-26 19:21:51.026196992,s3-eth2,0.00299072265625,99.99700927734375
2025-11-26 19:21:52.026560000,s1-eth1,0.003631591796875,99.99636840820312
2025-11-26 19:21:52.026604800,s2-eth2,0.003631591796875,99.99636840820312
2025-11-26 19:21:52.026660864,s3-eth2,0.003631591796875,99.99636840820312
2025-11-26 19:21:53.027043072,s1-eth1,0.00299072265625,99.99700927734375
2025-11-26 19:21:53.027080960,s2-eth2,0.00299072265625,99.99700927734375
2025-11-26 19:21:53.027143936,s3-eth2,0.00299072265625,99.99700927734375
2025-11-26 19:21:54.027500032,s1-eth1,0.00299072265625,99.99700927734375
2025-11-26 19:21:54.027538176,s2-eth2,0.003631591796875,99.99636840820312
2025-11-26 19:21:54.027599104,s3-eth2,0.003631591796875,99.99636840820312
2025-11-26 19:21:55.027977984,s1-eth1,61.049713134765625,38.950286865234375
2025-11-26 19:21:55.028020992,s2-eth2,0.001495361328125,99.99850463867188
2025-11-26 19:21:55.028083968,s3-eth2,0.001495361328125,99.99850463867188
2025-11-26 19:21:56.028822784,s1-eth1,54.11621856689453,45.88378143310547
2025-11-26 19:21:56.028943104,s2-eth2,47.12852478027344,52.87147521972656
2025-11-26 19:21:56.029123072,s3-eth2,0.005121841430664063,99.99487815856934
2025-11-26 19:21:57.029669120,s1-eth1,18.985328674316406,81.0146713256836
2025-11-26 19:21:57.029716992,s2-eth2,18.430442810058594,81.5695571899414
2025-11-26 19:21:57.029776128,s3-eth2,0.00299072265625,99.99700927734375
2025-11-26 19:21:58.030152960,s1-eth1,0.00299072265625,99.99700927734375
2025-11-26 19:21:58.030196992,s2-eth2,0.00299072265625,99.99700927734375
2025-11-26 19:21:58.030252032,s3-eth2,0.00299072265625,99.99700927734375
2025-11-26 19:21:59.030941952,s1-eth1,0.003631591796875,99.99636840820312
2025-11-26 19:21:59.031047168,s2-eth2,0.0033111572265625,99.99668884277344
2025-11-26 19:21:59.031207168,s3-eth2,0.0033111572265625,99.99668884277344
2025-11-26 19:22:00.032061952,s1-eth1,54.31180953979492,45.68819046020508
2025-11-26 19:22:00.032186880,s2-eth2,0.0033078765869140624,99.99669212341308
2025-11-26 19:22:00.032349952,s3-eth2,0.0033078765869140624,99.99669212341308
2025-11-26 19:22:01.033196032,s1-eth1,10.751082458496093,89.24891754150391
2025-11-26 19:22:01.033332224,s2-eth2,0.0029877471923828126,99.99701225280762
2025-11-26 19:22:01.033479936,s3-eth2,0.0029877471923828126,99.99701225280762
2025-11-26 19:22:02.034387200,s1-eth1,0.0022408294677734373,99.99775917053222
2025-11-26 19:22:02.034493952,s2-eth2,0.0022408294677734373,99.99775917053222
2025-11-26 19:22:02.034675968,s3-eth2,67.87455749511719,32.12544250488281
2025-11-26 19:22:03.035748864,s1-eth1,0.0037346649169921874,99.99626533508301
2025-11-26 19:22:03.035854080,s2-eth2,0.0037346649169921874,99.99626533508301
2025-11-26 19:22:03.036027904,s3-eth2,1.6540086364746094,98.34599136352539
2025-11-26 19:22:04.036923904,s1-eth1,0.0029877471923828126,99.99701225280762
2025-11-26 19:22:04.037030912,s2-eth2,0.0029877471923828126,99.99701225280762
2025-11-26 19:22:04.037196032,s3-eth2,0.0029877471923828126,99.99701225280762
2025-11-26 19:22:05.038102016,s1-eth1,53.93983459472656,46.06016540527344
2025-11-26 19:22:05.038213888,s2-eth2,0.0035517120361328123,99.99644828796387
2025-11-26 19:22:05.038392064,s3-eth2,0.0029877471923828126,99.99701225280762
2025-11-26 19:22:06.039272960,s1-eth1,11.551277160644531,88.44872283935547
2025-11-26 19:22:06.039407872,s2-eth2,68.43966674804688,31.560333251953125
2025-11-26 19:22:06.039578880,s3-eth2,0.0029877471923828126,99.99701225280762
2025-11-26 19:22:07.040115968,s1-eth1,0.00299072265625,99.99700927734375
2025-11-26 19:22:07.040153856,s2-eth2,63.140892028808594,36.859107971191406
2025-11-26 19:22:07.040201984,s3-eth2,0.00299072265625,99.99700927734375
2025-11-26 19:22:08.040527104,s1-eth1,0.003631591796875,99.99636840820312
2025-11-26 19:22:08.040556800,s2-eth2,1.8329010009765625,98.16709899902344
2025-11-26 19:22:08.040604160,s3-eth2,0.00299072265625,99.99700927734375
2025-11-26 19:22:09.041241856,s1-eth1,0.00299072265625,99.99700927734375
2025-11-26 19:22:09.041346048,s2-eth2,0.00299072265625,99.99700927734375
2025-11-26 19:22:09.041502976,s3-eth2,69.58953857421875,30.41046142578125
2025-11-26 19:22:10.042348032,s1-eth1,0.0029877471923828126,99.99701225280762
2025-11-26 19:22:10.042452224,s2-eth2,0.0029877471923828126,99.99701225280762
2025-11-26 19:22:10.042604032,s3-eth2,0.00857452392578125,99.99142547607421
2025-11-26 19:22:11.043440128,s1-eth1,0.0029877471923828126,99.99701225280762
2025-11-26 19:22:11.043545088,s2-eth2,0.0029877471923828126,99.99701225280762
2025-11-26 19:22:11.043691008,s3-eth2,0.0029877471923828126,99.99701225280762
2025-11-26 19:22:12.044620032,s1-eth1,61.01738357543945,38.98261642456055
2025-11-26 19:22:12.044766976,s2-eth2,5.939007263183594,94.0609927368164
2025-11-26 19:22:12.044929024,s3-eth2,0.0029877471923828126,99.99701225280762
2025-11-26 19:22:13.045958912,s1-eth1,75.24067687988281,24.759323120117188
2025-11-26 19:22:13.046086144,s2-eth2,61.796146392822266,38.203853607177734
2025-11-26 19:22:13.046245120,s3-eth2,0.0029877471923828126,99.99701225280762
2025-11-26 19:22:14.047142144,s1-eth1,0.012278671264648438,99.98772132873535
2025-11-26 19:22:14.047250944,s2-eth2,0.012278671264648438,99.98772132873535
2025-11-26 19:22:14.047405056,s3-eth2,0.0029877471923828126,99.99701225280762
2025-11-26 19:22:15.047931904,s1-eth1,0.00299072265625,99.99700927734375
2025-11-26 19:22:15.047961088,s2-eth2,0.00299072265625,99.99700927734375
2025-11-26 19:22:15.048003840,s3-eth2,0.00299072265625,99.99700927734375
2025-11-26 19:22:16.048752896,s1-eth1,0.003631591796875,99.99636840820312
2025-11-26 19:22:16.048857856,s2-eth2,0.00299072265625,99.99700927734375
2025-11-26 19:22:16.049006848,s3-eth2,0.0029877471923828126,99.99701225280762
2025-11-26 19:22:17.049946112,s1-eth1,0.0029877471923828126,99.99701225280762
2025-11-26 19:22:17.050065152,s2-eth2,65.01600646972656,34.98399353027344
2025-11-26 19:22:17.050224128,s3-eth2,0.0029877471923828126,99.99701225280762
2025-11-26 19:22:18.051280896,s1-eth1,55.470821380615234,44.529178619384766
2025-11-26 19:22:18.051407104,s2-eth2,56.20771789550781,43.79228210449219
2025-11-26 19:22:18.051568896,s3-eth2,0.0042681884765625,99.99573181152344
2025-11-26 19:22:19.052489984,s1-eth1,10.327091217041016,89.67290878295898
2025-11-26 19:22:19.052612096,s2-eth2,9.59642219543457,90.40357780456543
2025-11-26 19:22:19.052776192,s3-eth2,0.0029877471923828126,99.99701225280762
2025-11-26 19:22:20.053672960,s1-eth1,0.0029877471923828126,99.99701225280762
2025-11-26 19:22:20.053778944,s2-eth2,0.0036279296875,99.9963720703125
2025-11-26 19:22:20.053926912,s3-eth2,0.0036279296875,99.9963720703125
2025-11-26 19:22:21.054422016,s1-eth1,0.00299072265625,99.99700927734375
2025-11-26 19:22:21.054450944,s2-eth2,0.00299072265625,99.99700927734375
2025-11-26 19:22:21.054492928,s3-eth2,0.00299072265625,99.99700927734375
2025-11-26 19:22:22.055159040,s1-eth1,0.00299072265625,99.99700927734375
2025-11-26 19:22:22.055264000,s2-eth2,0.00299072265625,99.99700927734375
2025-11-26 19:22:22.055411200,s3-eth2,0.00299072265625,99.99700927734375
2025-11-26 19:22:23.056366080,s1-eth1,0.0029877471923828126,99.99701225280762
2025-11-26 19:22:23.056471040,s2-eth2,0.0029877471923828126,99.99701225280762
2025-11-26 19:22:23.056616960,s3-eth2,0.0029877471923828126,99.99701225280762
2025-11-26 19:22:24.057531136,s1-eth1,0.002881011962890625,99.99711898803712
2025-11-26 19:22:24.057652992,s2-eth2,58.990447998046875,41.009552001953125
2025-11-26 19:22:24.057813760,s3-eth2,0.00213409423828125,99.99786590576171
2025-11-26 19:22:25.058702848,s1-eth1,0.0037346649169921874,99.99626533508301
2025-11-26 19:22:25.058821888,s2-eth2,6.03477523803711,93.96522476196289
2025-11-26 19:22:25.058998016,s3-eth2,0.004481582641601562,99.9955184173584
2025-11-26 19:22:26.059566080,s1-eth1,0.00299072265625,99.99700927734375
2025-11-26 19:22:26.059604992,s2-eth2,0.00299072265625,99.99700927734375
2025-11-26 19:22:26.059662080,s3-eth2,0.00299072265625,99.99700927734375
2025-11-26 19:22:27.059995904,s1-eth1,0.00299072265625,99.99700927734375
2025-11-26 19:22:27.060025088,s2-eth2,0.00299072265625,99.99700927734375
2025-11-26 19:22:27.060066816,s3-eth2,0.00299072265625,99.99700927734375
2025-11-26 19:22:28.060962816,s1-eth1,49.34521484375,50.65478515625
2025-11-26 19:22:28.061075968,s2-eth2,0.00149383544921875,99.99850616455078
2025-11-26 19:22:28.061240064,s3-eth2,0.00149383544921875,99.99850616455078
2025-11-26 19:22:29.062146048,s1-eth1,73.45669555664062,26.543304443359375
2025-11-26 19:22:29.062259968,s2-eth2,57.64061737060547,42.35938262939453
2025-11-26 19:22:29.062429952,s3-eth2,0.0029877471923828126,99.99701225280762
2025-11-26 19:22:30.063323136,s1-eth1,7.039797286987305,92.96020271301269
2025-11-26 19:22:30.063436032,s2-eth2,7.258511505126953,92.74148849487305
2025-11-26 19:22:30.063591936,s3-eth2,0.004481582641601562,99.9955184173584
2025-11-26 19:22:31.064445952,s1-eth1,0.0029877471923828126,99.99701225280762
2025-11-26 19:22:31.064549888,s2-eth2,0.0029877471923828126,99.99701225280762
2025-11-26 19:22:31.064697856,s3-eth2,0.0029877471923828126,99.99701225280762
2025-11-26 19:22:32.065576960,s1-eth1,54.002532958984375,45.997467041015625
2025-11-26 19:22:32.065701888,s2-eth2,0.0029877471923828126,99.99701225280762
2025-11-26 19:22:32.065850880,s3-eth2,0.0029877471923828126,99.99701225280762
2025-11-26 19:22:33.066402048,s1-eth1,12.110397338867188,87.88960266113281
2025-11-26 19:22:33.066437120,s2-eth2,0.00299072265625,99.99700927734375
2025-11-26 19:22:33.066479872,s3-eth2,0.00299072265625,99.99700927734375
2025-11-26 19:22:34.067137024,s1-eth1,0.00299072265625,99.99700927734375
2025-11-26 19:22:34.067240960,s2-eth2,0.00299072265625,99.99700927734375
2025-11-26 19:22:34.067387136,s3-eth2,0.00299072265625,99.99700927734375
2025-11-26 19:22:35.068247040,s1-eth1,0.0029877471923828126,99.99701225280762
2025-11-26 19:22:35.068360192,s2-eth2,0.0029877471923828126,99.99701225280762
2025-11-26 19:22:35.068506880,s3-eth2,0.0029877471923828126,99.99701225280762
2025-11-26 19:22:36.069385984,s1-eth1,0.0036279296875,99.9963720703125
2025-11-26 19:22:36.069502208,s2-eth2,0.0029877471923828126,99.99701225280762
2025-11-26 19:22:36.069658112,s3-eth2,0.0029877471923828126,99.99701225280762
2025-11-26 19:22:37.070537216,s1-eth1,0.0029877471923828126,99.99701225280762
2025-11-26 19:22:37.070648064,s2-eth2,0.0029877471923828126,99.99701225280762
2025-11-26 19:22:37.070804224,s3-eth2,0.0029877471923828126,99.99701225280762
2025-11-26 19:22:38.071675136,s1-eth1,0.0029877471923828126,99.99701225280762
2025-11-26 19:22:38.071779072,s2-eth2,0.0029877471923828126,99.99701225280762
2025-11-26 19:22:38.071926016,s3-eth2,0.0029877471923828126,99.99701225280762
2025-11-26 19:22:39.072477184,s1-eth1,0.00299072265625,99.99700927734375
2025-11-26 19:22:39.072515840,s2-eth2,0.00299072265625,99.99700927734375
2025-11-26 19:22:39.072571904,s3-eth2,0.00299072265625,99.99700927734375
2025-11-26 19:22:40.073384960,s1-eth1,63.65766143798828,36.34233856201172
2025-11-26 19:22:40.073498880,s2-eth2,63.43965148925781,36.56034851074219
2025-11-26 19:22:40.073683968,s3-eth2,63.09968185424805,36.90031814575195
2025-11-26 19:22:41.074639104,s1-eth1,4.511723480224609,95.4882765197754
2025-11-26 19:22:41.074760960,s2-eth2,4.7295159912109375,95.27048400878907
2025-11-26 19:22:41.074934016,s3-eth2,5.0061102294921875,94.9938897705078
2025-11-26 19:22:42.075822080,s1-eth1,0.0029877471923828126,99.99701225280762
2025-11-26 19:22:42.075933952,s2-eth2,0.0022408294677734373,99.99775917053222
2025-11-26 19:22:42.076082944,s3-eth2,0.00149383544921875,99.99850616455078
2025-11-26 19:22:43.077120000,s1-eth1,0.0036279296875,99.9963720703125
2025-11-26 19:22:43.077225984,s2-eth2,0.004374923706054687,99.99562507629395
2025-11-26 19:22:43.077374976,s3-eth2,0.005121841430664063,99.99487815856934
2025-11-26 19:22:44.078251008,s1-eth1,0.0022408294677734373,99.99775917053222
2025-11-26 19:22:44.078366976,s2-eth2,61.01991271972656,38.98008728027344
2025-11-26 19:22:44.078524160,s3-eth2,60.79825973510742,39.20174026489258
2025-11-26 19:22:45.079372032,s1-eth1,0.0037346649169921874,99.99626533508301
2025-11-26 19:22:45.079486976,s2-eth2,3.326347579956055,96.67365242004395
2025-11-26 19:22:45.079642112,s3-eth2,3.548003921508789,96.4519960784912
2025-11-26 19:22:46.080486144,s1-eth1,0.0029877471923828126,99.99701225280762
2025-11-26 19:22:46.080590848,s2-eth2,0.0029877471923828126,99.99701225280762
2025-11-26 19:22:46.080738048,s3-eth2,0.0029877471923828126,99.99701225280762
2025-11-26 19:22:47.081587968,s1-eth1,0.0036279296875,99.9963720703125
2025-11-26 19:22:47.081692928,s2-eth2,0.0042681884765625,99.99573181152344
2025-11-26 19:22:47.081840128,s3-eth2,0.0042681884765625,99.99573181152344
2025-11-26 19:22:48.082338048,s1-eth1,0.00299072265625,99.99700927734375
2025-11-26 19:22:48.082366976,s2-eth2,0.00299072265625,99.99700927734375
2025-11-26 19:22:48.082408960,s3-eth2,0.00299072265625,99.99700927734375
2025-11-26 19:22:49.083086848,s1-eth1,0.00299072265625,99.99700927734375
2025-11-26 19:22:49.083191040,s2-eth2,0.00299072265625,99.99700927734375
2025-11-26 19:22:49.083337984,s3-eth2,0.00299072265625,99.99700927734375
2025-11-26 19:22:50.084206080,s1-eth1,0.0029877471923828126,99.99701225280762
2025-11-26 19:22:50.084310016,s2-eth2,0.0029877471923828126,99.99701225280762
2025-11-26 19:22:50.084456960,s3-eth2,0.0029877471923828126,99.99701225280762
2025-11-26 19:22:51.085324032,s1-eth1,54.00128173828125,45.99871826171875
2025-11-26 19:22:51.085449984,s2-eth2,0.0029877471923828126,99.99701225280762
2025-11-26 19:22:51.085598976,s3-eth2,0.0029877471923828126,99.99701225280762
2025-11-26 19:22:52.086457088,s1-eth1,12.09892463684082,87.90107536315918
2025-11-26 19:22:52.086582784,s2-eth2,0.0029877471923828126,99.99701225280762
2025-11-26 19:22:52.086729984,s3-eth2,0.0029877471923828126,99.99701225280762
2025-11-26 19:22:53.087749888,s1-eth1,0.0029877471923828126,99.99701225280762
2025-11-26 19:22:53.087853824,s2-eth2,0.0029877471923828126,99.99701225280762
2025-11-26 19:22:53.088000000,s3-eth2,0.0029877471923828126,99.99701225280762
2025-11-26 19:22:54.088848128,s1-eth1,0.0029877471923828126,99.99701225280762
2025-11-26 19:22:54.088960768,s2-eth2,0.0029877471923828126,99.99701225280762
2025-11-26 19:22:54.089117952,s3-eth2,0.0029877471923828126,99.99701225280762
2025-11-26 19:22:55.089966080,s1-eth1,0.0029877471923828126,99.99701225280762
2025-11-26 19:22:55.090075136,s2-eth2,0.0029877471923828126,99.99701225280762
2025-11-26 19:22:55.090226944,s3-eth2,0.0029877471923828126,99.99701225280762
2025-11-26 19:22:56.091113984,s1-eth1,0.0029877471923828126,99.99701225280762
2025-11-26 19:22:56.091217920,s2-eth2,0.0029877471923828126,99.99701225280762
2025-11-26 19:22:56.091365120,s3-eth2,0.0029877471923828126,99.99701225280762
2025-11-26 19:22:57.092293120,s1-eth1,49.45927047729492,50.54072952270508
2025-11-26 19:22:57.092410112,s2-eth2,50.0931282043457,49.9068717956543
2025-11-26 19:22:57.092577024,s3-eth2,43.071292877197266,56.928707122802734
2025-11-26 19:22:58.093616896,s1-eth1,73.71543884277344,26.284561157226562
2025-11-26 19:22:58.093732096,s2-eth2,73.08158111572266,26.918418884277344
2025-11-26 19:22:58.093897216,s3-eth2,11.220926284790039,88.77907371520996
2025-11-26 19:22:59.094752000,s1-eth1,0.0029877471923828126,99.99701225280762
2025-11-26 19:22:59.094872064,s2-eth2,0.0029877471923828126,99.99701225280762
2025-11-26 19:22:59.095019008,s3-eth2,0.0029877471923828126,99.99701225280762
2025-11-26 19:23:00.095873024,s1-eth1,0.0022408294677734373,99.99775917053222
2025-11-26 19:23:00.095990784,s2-eth2,64.21900177001953,35.78099822998047
2025-11-26 19:23:00.096147968,s3-eth2,64.33157348632812,35.668426513671875
2025-11-26 19:23:01.097011200,s1-eth1,60.7110481262207,39.2889518737793
2025-11-26 19:23:01.097131008,s2-eth2,0.12575164794921875,99.87424835205078
2025-11-26 19:23:01.097286912,s3-eth2,0.013178024291992187,99.98682197570801
2025-11-26 19:23:02.098191872,s1-eth1,7.818574905395508,92.18142509460449
2025-11-26 19:23:02.098309120,s2-eth2,0.005121841430664063,99.99487815856934
2025-11-26 19:23:02.098458112,s3-eth2,0.005121841430664063,99.99487815856934
2025-11-26 19:23:03.099502080,s1-eth1,0.0029877471923828126,99.99701225280762
2025-11-26 19:23:03.099608064,s2-eth2,0.0029877471923828126,99.99701225280762
2025-11-26 19:23:03.099756032,s3-eth2,0.0029877471923828126,99.99701225280762
2025-11-26 19:23:04.100600064,s1-eth1,0.0029877471923828126,99.99701225280762
2025-11-26 19:23:04.100704000,s2-eth2,0.0029877471923828126,99.99701225280762
2025-11-26 19:23:04.100850944,s3-eth2,0.0029877471923828126,99.99701225280762
2025-11-26 19:23:05.101811968,s1-eth1,7.832240600585937,92.16775939941407
2025-11-26 19:23:05.101982976,s2-eth2,54.69799041748047,45.30200958251953
2025-11-26 19:23:05.102253824,s3-eth2,0.00149383544921875,99.99850616455078
2025-11-26 19:23:06.103406080,s1-eth1,71.6385498046875,28.3614501953125
2025-11-26 19:23:06.103593984,s2-eth2,14.769555053710938,85.23044494628905
2025-11-26 19:23:06.103879936,s3-eth2,0.004481582641601562,99.9955184173584
2025-11-26 19:23:07.104918016,s1-eth1,54.32040023803711,45.67959976196289
2025-11-26 19:23:07.105068800,s2-eth2,0.007454071044921875,99.99254592895508
2025-11-26 19:23:07.105332992,s3-eth2,0.0029877471923828126,99.99701225280762
2025-11-26 19:23:08.106664960,s1-eth1,0.0029877471923828126,99.99701225280762
2025-11-26 19:23:08.106874112,s2-eth2,64.72734832763672,35.27265167236328
2025-11-26 19:23:08.107113984,s3-eth2,0.0029877471923828126,99.99701225280762
2025-11-26 19:23:09.108071168,s1-eth1,0.002881011962890625,99.99711898803712
2025-11-26 19:23:09.108190976,s2-eth2,58.09973907470703,41.90026092529297
2025-11-26 19:23:09.108353024,s3-eth2,0.00213409423828125,99.99786590576171
2025-11-26 19:23:10.109446912,s1-eth1,0.0037346649169921874,99.99626533508301
2025-11-26 19:23:10.109576960,s2-eth2,6.925463180541993,93.074536819458
2025-11-26 19:23:10.109741824,s3-eth2,69.52706909179688,30.472930908203125
2025-11-26 19:23:11.110656000,s1-eth1,0.0036279296875,99.9963720703125
2025-11-26 19:23:11.110831104,s2-eth2,0.0036279296875,99.9963720703125
2025-11-26 19:23:11.111095808,s3-eth2,0.0036279296875,99.9963720703125
2025-11-26 19:23:12.112059136,s1-eth1,48.77268600463867,51.22731399536133
2025-11-26 19:23:12.112168960,s2-eth2,0.00149383544921875,99.99850616455078
2025-11-26 19:23:12.112323072,s3-eth2,0.00149383544921875,99.99850616455078
2025-11-26 19:23:13.113396992,s1-eth1,16.124706268310547,83.87529373168945
2025-11-26 19:23:13.113508096,s2-eth2,0.0029877471923828126,99.99701225280762
2025-11-26 19:23:13.113681152,s3-eth2,68.1535415649414,31.846458435058594
2025-11-26 19:23:14.114651904,s1-eth1,61.60871124267578,38.39128875732422
2025-11-26 19:23:14.114774016,s2-eth2,62.21961212158203,37.78038787841797
2025-11-26 19:23:14.114958080,s3-eth2,1.3771553039550781,98.62284469604492
2025-11-26 19:23:15.115889920,s1-eth1,73.35549926757812,26.644500732421875
2025-11-26 19:23:15.116013056,s2-eth2,72.74598693847656,27.254013061523438
2025-11-26 19:23:15.116192000,s3-eth2,0.0029877471923828126,99.99701225280762
2025-11-26 19:23:16.117031168,s1-eth1,0.00856689453125,99.99143310546874
2025-11-26 19:23:16.117139200,s2-eth2,0.00856689453125,99.99143310546874
2025-11-26 19:23:16.117304064,s3-eth2,0.0029877471923828126,99.99701225280762
2025-11-26 19:23:17.118125824,s1-eth1,0.0029877471923828126,99.99701225280762
2025-11-26 19:23:17.118231040,s2-eth2,0.0029877471923828126,99.99701225280762
2025-11-26 19:23:17.118376960,s3-eth2,0.0029877471923828126,99.99701225280762
2025-11-26 19:23:18.119399168,s1-eth1,0.0029877471923828126,99.99701225280762
2025-11-26 19:23:18.119504896,s2-eth2,0.0029877471923828126,99.99701225280762
2025-11-26 19:23:18.119652864,s3-eth2,0.0029877471923828126,99.99701225280762
2025-11-26 19:23:19.120517120,s1-eth1,0.0029877471923828126,99.99701225280762
2025-11-26 19:23:19.120621824,s2-eth2,0.0029877471923828126,99.99701225280762
2025-11-26 19:23:19.120770048,s3-eth2,0.0029877471923828126,99.99701225280762
2025-11-26 19:23:20.121632000,s1-eth1,0.0029877471923828126,99.99701225280762
2025-11-26 19:23:20.121736960,s2-eth2,0.0029877471923828126,99.99701225280762
2025-11-26 19:23:20.121882880,s3-eth2,0.0029877471923828126,99.99701225280762
2025-11-26 19:23:21.122710016,s1-eth1,0.0029877471923828126,99.99701225280762
2025-11-26 19:23:21.122813952,s2-eth2,0.0029877471923828126,99.99701225280762
2025-11-26 19:23:21.122972928,s3-eth2,0.0029877471923828126,99.99701225280762
2025-11-26 19:23:22.123825152,s1-eth1,0.0029877471923828126,99.99701225280762
2025-11-26 19:23:22.123930880,s2-eth2,0.0029877471923828126,99.99701225280762
2025-11-26 19:23:22.124079104,s3-eth2,0.0029877471923828126,99.99701225280762
2025-11-26 19:23:23.125175040,s1-eth1,0.0029877471923828126,99.99701225280762
2025-11-26 19:23:23.125297152,s2-eth2,65.01602172851562,34.983978271484375
2025-11-26 19:23:23.125457920,s3-eth2,0.0029877471923828126,99.99701225280762
2025-11-26 19:23:24.126404096,s1-eth1,0.0029877471923828126,99.99701225280762
2025-11-26 19:23:24.126516224,s2-eth2,0.009336700439453125,99.99066329956055
2025-11-26 19:23:24.126669056,s3-eth2,0.0036279296875,99.9963720703125
2025-11-26 19:23:25.127536896,s1-eth1,0.0029877471923828126,99.99701225280762
2025-11-26 19:23:25.127643136,s2-eth2,0.0029877471923828126,99.99701225280762
2025-11-26 19:23:25.127790080,s3-eth2,0.0029877471923828126,99.99701225280762
2025-11-26 19:23:26.128658944,s1-eth1,0.0029877471923828126,99.99701225280762
2025-11-26 19:23:26.128763904,s2-eth2,0.0029877471923828126,99.99701225280762
2025-11-26 19:23:26.128911872,s3-eth2,0.0029877471923828126,99.99701225280762
2025-11-26 19:23:27.129776896,s1-eth1,0.0029877471923828126,99.99701225280762
2025-11-26 19:23:27.129880832,s2-eth2,0.0029877471923828126,99.99701225280762
2025-11-26 19:23:27.130029056,s3-eth2,0.0029877471923828126,99.99701225280762
2025-11-26 19:23:28.131002880,s1-eth1,0.0029877471923828126,99.99701225280762
2025-11-26 19:23:28.131107072,s2-eth2,0.0029877471923828126,99.99701225280762
2025-11-26 19:23:28.131254784,s3-eth2,0.0029877471923828126,99.99701225280762
2025-11-26 19:23:29.132145920,s1-eth1,8.329774856567383,91.67022514343262
2025-11-26 19:23:29.132270080,s2-eth2,0.0029877471923828126,99.99701225280762
2025-11-26 19:23:29.132421120,s3-eth2,0.0029877471923828126,99.99701225280762
2025-11-26 19:23:30.133276928,s1-eth1,60.76155090332031,39.23844909667969
2025-11-26 19:23:30.133400832,s2-eth2,0.0029877471923828126,99.99701225280762
2025-11-26 19:23:30.133548032,s3-eth2,0.0029877471923828126,99.99701225280762
2025-11-26 19:23:31.134403072,s1-eth1,0.0029877471923828126,99.99701225280762
2025-11-26 19:23:31.134507776,s2-eth2,0.0029877471923828126,99.99701225280762
2025-11-26 19:23:31.134656000,s3-eth2,0.0029877471923828126,99.99701225280762
2025-11-26 19:23:32.135531776,s1-eth1,0.0029877471923828126,99.99701225280762
2025-11-26 19:23:32.135638016,s2-eth2,0.0029877471923828126,99.99701225280762
2025-11-26 19:23:32.135783936,s3-eth2,0.0029877471923828126,99.99701225280762
2025-11-26 19:23:33.136643840,s1-eth1,0.0029877471923828126,99.99701225280762
2025-11-26 19:23:33.136747008,s2-eth2,0.0029877471923828126,99.99701225280762
2025-11-26 19:23:33.136894976,s3-eth2,0.0029877471923828126,99.99701225280762
2025-11-26 19:23:34.137756160,s1-eth1,0.004908447265625,99.99509155273438
2025-11-26 19:23:34.137861120,s2-eth2,0.003521270751953125,99.99647872924805
2025-11-26 19:23:34.138010112,s3-eth2,0.0042681884765625,99.99573181152344
2025-11-26 19:23:35.138878976,s1-eth1,0.0029877471923828126,99.99701225280762
2025-11-26 19:23:35.138983936,s2-eth2,0.0037346649169921874,99.99626533508301
2025-11-26 19:23:35.139132928,s3-eth2,0.0029877471923828126,99.99701225280762
2025-11-26 19:23:36.139993856,s1-eth1,0.0029877471923828126,99.99701225280762
2025-11-26 19:23:36.140098048,s2-eth2,0.0029877471923828126,99.99701225280762
2025-11-26 19:23:36.140243968,s3-eth2,0.0029877471923828126,99.99701225280762
2025-11-26 19:23:37.141071104,s1-eth1,0.0029877471923828126,99.99701225280762
2025-11-26 19:23:37.141175040,s2-eth2,0.0029877471923828126,99.99701225280762
2025-11-26 19:23:37.141321984,s3-eth2,0.0029877471923828126,99.99701225280762
2025-11-26 19:23:38.142139904,s1-eth1,0.0029877471923828126,99.99701225280762
2025-11-26 19:23:38.142242816,s2-eth2,0.0029877471923828126,99.99701225280762
2025-11-26 19:23:38.142388992,s3-eth2,0.0029877471923828126,99.99701225280762
2025-11-26 19:23:39.142867968,s1-eth1,0.00299072265625,99.99700927734375
2025-11-26 19:23:39.142896896,s2-eth2,0.003631591796875,99.99636840820312
2025-11-26 19:23:39.142939136,s3-eth2,0.003631591796875,99.99636840820312
2025-11-26 19:23:40.143603200,s1-eth1,0.00299072265625,99.99700927734375
2025-11-26 19:23:40.143707904,s2-eth2,0.00299072265625,99.99700927734375
2025-11-26 19:23:40.143853824,s3-eth2,0.00299072265625,99.99700927734375
2025-11-26 19:23:41.144856832,s1-eth1,0.0022408294677734373,99.99775917053222
2025-11-26 19:23:41.144975872,s2-eth2,59.8145751953125,40.1854248046875
2025-11-26 19:23:41.145134080,s3-eth2,59.53891372680664,40.46108627319336
2025-11-26 19:23:42.146085120,s1-eth1,0.0037346649169921874,99.99626533508301
2025-11-26 19:23:42.146210816,s2-eth2,4.531829833984375,95.46817016601562
2025-11-26 19:23:42.146372096,s3-eth2,4.807494201660156,95.19250579833984
2025-11-26 19:23:43.147365120,s1-eth1,65.47845458984375,34.52154541015625
2025-11-26 19:23:43.147494144,s2-eth2,65.47845458984375,34.52154541015625
2025-11-26 19:23:43.147664128,s3-eth2,0.0029877471923828126,99.99701225280762
2025-11-26 19:23:44.148587008,s1-eth1,0.012774124145507812,99.98722587585449
2025-11-26 19:23:44.148700928,s2-eth2,0.012774124145507812,99.98722587585449
2025-11-26 19:23:44.148865024,s3-eth2,0.0029877471923828126,99.99701225280762
2025-11-26 19:23:45.149710848,s1-eth1,0.0029877471923828126,99.99701225280762
2025-11-26 19:23:45.149815040,s2-eth2,0.0029877471923828126,99.99701225280762
2025-11-26 19:23:45.149961984,s3-eth2,0.0029877471923828126,99.99701225280762
2025-11-26 19:23:46.151004928,s1-eth1,0.0029877471923828126,99.99701225280762
2025-11-26 19:23:46.151112192,s2-eth2,0.0036279296875,99.9963720703125
2025-11-26 19:23:46.151259904,s3-eth2,0.0036279296875,99.9963720703125
2025-11-26 19:23:47.152123904,s1-eth1,0.0029877471923828126,99.99701225280762
2025-11-26 19:23:47.152229120,s2-eth2,0.0029877471923828126,99.99701225280762
2025-11-26 19:23:47.152378112,s3-eth2,0.0029877471923828126,99.99701225280762
2025-11-26 19:23:48.153259008,s1-eth1,49.4527473449707,50.5472526550293
2025-11-26 19:23:48.153372160,s2-eth2,50.128475189208984,49.871524810791016
2025-11-26 19:23:48.153528064,s3-eth2,50.34870147705078,49.65129852294922
2025-11-26 19:23:49.154099968,s1-eth1,16.65258026123047,83.34741973876953
2025-11-26 19:23:49.154141952,s2-eth2,15.976173400878906,84.0238265991211
2025-11-26 19:23:49.154201088,s3-eth2,15.755729675292969,84.24427032470703
2025-11-26 19:23:50.154959872,s1-eth1,64.12604522705078,35.87395477294922
2025-11-26 19:23:50.155226880,s2-eth2,63.87684631347656,36.12315368652344
2025-11-26 19:23:50.155406848,s3-eth2,63.65593338012695,36.34406661987305
2025-11-26 19:23:51.156559104,s1-eth1,56.04862976074219,43.95137023925781
2025-11-26 19:23:51.156675072,s2-eth2,4.227591552734375,95.77240844726562
2025-11-26 19:23:51.156843008,s3-eth2,4.449248352050781,95.55075164794921
2025-11-26 19:23:52.157732864,s1-eth1,12.889850616455078,87.11014938354492
2025-11-26 19:23:52.157844992,s2-eth2,0.0037346649169921874,99.99626533508301
2025-11-26 19:23:52.158003200,s3-eth2,0.0029877471923828126,99.99701225280762
2025-11-26 19:23:53.158888960,s1-eth1,0.0029877471923828126,99.99701225280762
2025-11-26 19:23:53.158994944,s2-eth2,0.0029877471923828126,99.99701225280762
2025-11-26 19:23:53.159145984,s3-eth2,0.0029877471923828126,99.99701225280762
2025-11-26 19:23:54.160028928,s1-eth1,0.0036279296875,99.9963720703125
2025-11-26 19:23:54.160134912,s2-eth2,0.0029877471923828126,99.99701225280762
2025-11-26 19:23:54.160284160,s3-eth2,0.0029877471923828126,99.99701225280762
2025-11-26 19:23:55.161156864,s1-eth1,0.0029877471923828126,99.99701225280762
2025-11-26 19:23:55.161273088,s2-eth2,0.0029877471923828126,99.99701225280762
2025-11-26 19:23:55.161431040,s3-eth2,0.0029877471923828126,99.99701225280762
2025-11-26 19:23:56.162302976,s1-eth1,0.0029877471923828126,99.99701225280762
2025-11-26 19:23:56.162412032,s2-eth2,0.0029877471923828126,99.99701225280762
2025-11-26 19:23:56.162561792,s3-eth2,0.0029877471923828126,99.99701225280762
2025-11-26 19:23:57.163479040,s1-eth1,0.0029877471923828126,99.99701225280762
2025-11-26 19:23:57.163584000,s2-eth2,0.0029877471923828126,99.99701225280762
2025-11-26 19:23:57.163732992,s3-eth2,0.0029877471923828126,99.99701225280762
2025-11-26 19:23:58.164705024,s1-eth1,54.41214370727539,45.58785629272461
2025-11-26 19:23:58.164825088,s2-eth2,0.0029877471923828126,99.99701225280762
2025-11-26 19:23:58.164982016,s3-eth2,0.0029877471923828126,99.99701225280762
2025-11-26 19:23:59.165946880,s1-eth1,14.11725326538086,85.88274673461913
2025-11-26 19:23:59.166070016,s2-eth2,61.94605255126953,38.05394744873047
2025-11-26 19:23:59.166233088,s3-eth2,0.0020273590087890626,99.99797264099121
2025-11-26 19:24:00.167115008,s1-eth1,0.0037346649169921874,99.99626533508301
2025-11-26 19:24:00.167232000,s2-eth2,3.079691619873047,96.92030838012695
2025-11-26 19:24:00.167392000,s3-eth2,0.005228500366210937,99.99477149963379
2025-11-26 19:24:01.168494080,s1-eth1,45.6897087097168,54.3102912902832
2025-11-26 19:24:01.168612864,s2-eth2,46.409584045410156,53.590415954589844
2025-11-26 19:24:01.168775936,s3-eth2,0.0029877471923828126,99.99701225280762
2025-11-26 19:24:02.169378048,s1-eth1,73.58195495605469,26.418045043945312
2025-11-26 19:24:02.169424896,s2-eth2,19.103111267089844,80.89688873291016
2025-11-26 19:24:02.169488896,s3-eth2,0.00299072265625,99.99700927734375
2025-11-26 19:24:03.170248960,s1-eth1,11.063133239746094,88.9368667602539
2025-11-26 19:24:03.170375936,s2-eth2,80.56079864501953,19.43920135498047
2025-11-26 19:24:03.170566912,s3-eth2,15.995586395263672,84.00441360473633
2025-11-26 19:24:04.171540992,s1-eth1,0.0029877471923828126,99.99701225280762
2025-11-26 19:24:04.171665920,s2-eth2,117.47816467285156,-17.478164672851562
2025-11-26 19:24:04.171854848,s3-eth2,54.58510971069336,45.41489028930664
2025-11-26 19:24:05.172765952,s1-eth1,59.59510040283203,40.40489959716797
2025-11-26 19:24:05.172905984,s2-eth2,6.533177871704101,93.4668221282959
2025-11-26 19:24:05.173073152,s3-eth2,0.0029877471923828126,99.99701225280762
2025-11-26 19:24:06.174123008,s1-eth1,8.933785400390626,91.06621459960937
2025-11-26 19:24:06.174264064,s2-eth2,0.004481582641601562,99.9955184173584
2025-11-26 19:24:06.174411008,s3-eth2,0.004481582641601562,99.9955184173584
2025-11-26 19:24:07.175260928,s1-eth1,0.0029877471923828126,99.99701225280762
2025-11-26 19:24:07.175378944,s2-eth2,0.0042681884765625,99.99573181152344
2025-11-26 19:24:07.175525888,s3-eth2,0.0042681884765625,99.99573181152344
2025-11-26 19:24:08.176001024,s1-eth1,0.00299072265625,99.99700927734375
2025-11-26 19:24:08.176034048,s2-eth2,0.00299072265625,99.99700927734375
2025-11-26 19:24:08.176075008,s3-eth2,0.00299072265625,99.99700927734375
2025-11-26 19:24:09.176729088,s1-eth1,0.00299072265625,99.99700927734375
2025-11-26 19:24:09.176833024,s2-eth2,0.00299072265625,99.99700927734375
2025-11-26 19:24:09.176992000,s3-eth2,0.00299072265625,99.99700927734375
2025-11-26 19:24:10.177897984,s1-eth1,0.0022408294677734373,99.99775917053222
2025-11-26 19:24:10.178004992,s2-eth2,0.00149383544921875,99.99850616455078
2025-11-26 19:24:10.178189056,s3-eth2,67.14888763427734,32.851112365722656
2025-11-26 19:24:11.179238912,s1-eth1,43.809967041015625,56.190032958984375
2025-11-26 19:24:11.179361024,s2-eth2,43.60303497314453,56.39696502685547
2025-11-26 19:24:11.179549952,s3-eth2,71.8525390625,28.1474609375
2025-11-26 19:24:12.180419840,s1-eth1,70.84904479980469,29.150955200195312
2025-11-26 19:24:12.180555008,s2-eth2,22.19422149658203,77.80577850341797
2025-11-26 19:24:12.180723968,s3-eth2,0.007080612182617188,99.99291938781738
2025-11-26 19:24:13.181623040,s1-eth1,16.627233505249023,83.37276649475098
2025-11-26 19:24:13.181746944,s2-eth2,0.004481582641601562,99.9955184173584
2025-11-26 19:24:13.181905920,s3-eth2,0.004481582641601562,99.9955184173584
2025-11-26 19:24:14.182801920,s1-eth1,53.6095085144043,46.3904914855957
2025-11-26 19:24:14.182960128,s2-eth2,54.21726989746094,45.78273010253906
2025-11-26 19:24:14.183121920,s3-eth2,0.0029877471923828126,99.99701225280762
2025-11-26 19:24:15.183852032,s1-eth1,11.887245178222656,88.11275482177734
2025-11-26 19:24:15.183973120,s2-eth2,11.27948471069336,88.72051528930663
2025-11-26 19:24:15.184133120,s3-eth2,0.0029877471923828126,99.99701225280762
2025-11-26 19:24:16.185106944,s1-eth1,0.0029877471923828126,99.99701225280762
2025-11-26 19:24:16.185211904,s2-eth2,0.0029877471923828126,99.99701225280762
2025-11-26 19:24:16.185358080,s3-eth2,0.0029877471923828126,99.99701225280762
2025-11-26 19:24:17.186206208,s1-eth1,0.0029877471923828126,99.99701225280762
2025-11-26 19:24:17.186310144,s2-eth2,0.0029877471923828126,99.99701225280762
2025-11-26 19:24:17.186456064,s3-eth2,0.0029877471923828126,99.99701225280762
2025-11-26 19:24:18.187350016,s1-eth1,0.0029877471923828126,99.99701225280762
2025-11-26 19:24:18.187454976,s2-eth2,0.0029877471923828126,99.99701225280762
2025-11-26 19:24:18.187602944,s3-eth2,0.0029877471923828126,99.99701225280762
2025-11-26 19:24:19.188491008,s1-eth1,0.0036279296875,99.9963720703125
2025-11-26 19:24:19.188596992,s2-eth2,0.0029877471923828126,99.99701225280762
2025-11-26 19:24:19.188744960,s3-eth2,0.0029877471923828126,99.99701225280762
2025-11-26 19:24:20.189604096,s1-eth1,0.0029877471923828126,99.99701225280762
2025-11-26 19:24:20.189709056,s2-eth2,0.0029877471923828126,99.99701225280762
2025-11-26 19:24:20.189854976,s3-eth2,0.0029877471923828126,99.99701225280762
2025-11-26 19:24:21.190721024,s1-eth1,0.0029877471923828126,99.99701225280762
2025-11-26 19:24:21.190825984,s2-eth2,0.0029877471923828126,99.99701225280762
2025-11-26 19:24:21.190988032,s3-eth2,0.0029877471923828126,99.99701225280762
2025-11-26 19:24:22.191465984,s1-eth1,0.00299072265625,99.99700927734375
2025-11-26 19:24:22.191499008,s2-eth2,0.00299072265625,99.99700927734375
2025-11-26 19:24:22.191540992,s3-eth2,0.00299072265625,99.99700927734375
2025-11-26 19:24:23.192200960,s1-eth1,52.06005859375,47.93994140625
2025-11-26 19:24:23.192337920,s2-eth2,0.003631591796875,99.99636840820312
2025-11-26 19:24:23.192488960,s3-eth2,0.003631591796875,99.99636840820312
2025-11-26 19:24:24.193339136,s1-eth1,14.093572616577148,85.90642738342285
2025-11-26 19:24:24.193475072,s2-eth2,0.0036279296875,99.9963720703125
2025-11-26 19:24:24.193624064,s3-eth2,0.0036279296875,99.9963720703125
2025-11-26 19:24:25.194464000,s1-eth1,0.0029877471923828126,99.99701225280762
2025-11-26 19:24:25.194586880,s2-eth2,0.0029877471923828126,99.99701225280762
2025-11-26 19:24:25.194734080,s3-eth2,0.0029877471923828126,99.99701225280762
2025-11-26 19:24:26.195677952,s1-eth1,0.0022408294677734373,99.99775917053222
2025-11-26 19:24:26.195808000,s2-eth2,59.312164306640625,40.687835693359375
2025-11-26 19:24:26.195965952,s3-eth2,59.09143829345703,40.90856170654297
2025-11-26 19:24:27.196826880,s1-eth1,0.0037346649169921874,99.99626533508301
2025-11-26 19:24:27.196955904,s2-eth2,5.034676513671875,94.96532348632813
2025-11-26 19:24:27.197114112,s3-eth2,5.2554030609130855,94.74459693908692
2025-11-26 19:24:28.198007040,s1-eth1,0.0029877471923828126,99.99701225280762
2025-11-26 19:24:28.198128896,s2-eth2,0.0036279296875,99.9963720703125
2025-11-26 19:24:28.198278912,s3-eth2,0.0036279296875,99.9963720703125
2025-11-26 19:24:29.198770944,s1-eth1,0.00299072265625,99.99700927734375
2025-11-26 19:24:29.198804992,s2-eth2,0.00299072265625,99.99700927734375
2025-11-26 19:24:29.198852096,s3-eth2,0.00299072265625,99.99700927734375
2025-11-26 19:24:30.199480064,s1-eth1,0.00299072265625,99.99700927734375
2025-11-26 19:24:30.199585024,s2-eth2,0.00299072265625,99.99700927734375
2025-11-26 19:24:30.199745024,s3-eth2,0.00299072265625,99.99700927734375
2025-11-26 19:24:31.200824064,s1-eth1,0.0036279296875,99.9963720703125
2025-11-26 19:24:31.200932864,s2-eth2,0.00149383544921875,99.99850616455078
2025-11-26 19:24:31.201102848,s3-eth2,0.00149383544921875,99.99850616455078
2025-11-26 19:24:32.202050048,s1-eth1,0.0029877471923828126,99.99701225280762
2025-11-26 19:24:32.202164992,s2-eth2,0.004481582641601562,99.9955184173584
2025-11-26 19:24:32.202331136,s3-eth2,0.004481582641601562,99.9955184173584
2025-11-26 19:24:33.203243008,s1-eth1,0.0029877471923828126,99.99701225280762
2025-11-26 19:24:33.203368960,s2-eth2,0.0036279296875,99.9963720703125
2025-11-26 19:24:33.203516928,s3-eth2,0.0036279296875,99.9963720703125
2025-11-26 19:24:34.204395008,s1-eth1,0.0029877471923828126,99.99701225280762
2025-11-26 19:24:34.204500992,s2-eth2,0.0029877471923828126,99.99701225280762
2025-11-26 19:24:34.204664832,s3-eth2,0.0029877471923828126,99.99701225280762
2025-11-26 19:24:35.205521152,s1-eth1,0.0029877471923828126,99.99701225280762
2025-11-26 19:24:35.205627904,s2-eth2,0.0022408294677734373,99.99775917053222
2025-11-26 19:24:35.205790976,s3-eth2,0.00149383544921875,99.99850616455078
2025-11-26 19:24:36.206854144,s1-eth1,0.0029877471923828126,99.99701225280762
2025-11-26 19:24:36.206974976,s2-eth2,0.0037346649169921874,99.99626533508301
2025-11-26 19:24:36.207143168,s3-eth2,0.004481582641601562,99.9955184173584
2025-11-26 19:24:37.208065024,s1-eth1,0.0029877471923828126,99.99701225280762
2025-11-26 19:24:37.208188928,s2-eth2,0.0029877471923828126,99.99701225280762
2025-11-26 19:24:37.208337152,s3-eth2,0.0029877471923828126,99.99701225280762
2025-11-26 19:24:38.209207040,s1-eth1,0.0029877471923828126,99.99701225280762
2025-11-26 19:24:38.209313024,s2-eth2,0.0029877471923828126,99.99701225280762
2025-11-26 19:24:38.209476096,s3-eth2,0.0029877471923828126,99.99701225280762
2025-11-26 19:24:39.210358016,s1-eth1,0.0029877471923828126,99.99701225280762
2025-11-26 19:24:39.210465024,s2-eth2,0.0029877471923828126,99.99701225280762
2025-11-26 19:24:39.210628864,s3-eth2,0.0029877471923828126,99.99701225280762
2025-11-26 19:24:40.211508992,s1-eth1,0.0029877471923828126,99.99701225280762
2025-11-26 19:24:40.211614976,s2-eth2,0.0029877471923828126,99.99701225280762
2025-11-26 19:24:40.211779072,s3-eth2,0.0029877471923828126,99.99701225280762
2025-11-26 19:24:41.212896000,s1-eth1,50.929344177246094,49.070655822753906
2025-11-26 19:24:41.213006848,s2-eth2,0.00149383544921875,99.99850616455078
2025-11-26 19:24:41.213186048,s3-eth2,0.00149383544921875,99.99850616455078
2025-11-26 19:24:42.214128128,s1-eth1,75.93345642089844,24.066543579101562
2025-11-26 19:24:42.214245120,s2-eth2,61.375911712646484,38.624088287353516
2025-11-26 19:24:42.214433024,s3-eth2,0.004481582641601562,99.9955184173584
2025-11-26 19:24:43.215336960,s1-eth1,0.01343719482421875,99.98656280517578
2025-11-26 19:24:43.215446016,s2-eth2,0.01279693603515625,99.98720306396484
2025-11-26 19:24:43.215622912,s3-eth2,0.0029877471923828126,99.99701225280762
2025-11-26 19:24:44.216546048,s1-eth1,0.0029877471923828126,99.99701225280762
2025-11-26 19:24:44.216669184,s2-eth2,65.02157592773438,34.978424072265625
2025-11-26 19:24:44.216857856,s3-eth2,0.0029877471923828126,99.99701225280762
2025-11-26 19:24:45.217753856,s1-eth1,0.0029877471923828126,99.99701225280762
2025-11-26 19:24:45.217868032,s2-eth2,0.0029877471923828126,99.99701225280762
2025-11-26 19:24:45.218044160,s3-eth2,0.0029877471923828126,99.99701225280762
2025-11-26 19:24:46.219102976,s1-eth1,0.0029877471923828126,99.99701225280762
2025-11-26 19:24:46.219207936,s2-eth2,0.0029877471923828126,99.99701225280762
2025-11-26 19:24:46.219369984,s3-eth2,0.0029877471923828126,99.99701225280762
2025-11-26 19:24:47.220326912,s1-eth1,54.87641525268555,45.12358474731445
2025-11-26 19:24:47.220452096,s2-eth2,66.00238800048828,33.99761199951172
2025-11-26 19:24:47.220630016,s3-eth2,66.20030975341797,33.79969024658203
2025-11-26 19:24:48.221668096,s1-eth1,68.1571044921875,31.8428955078125
2025-11-26 19:24:48.221817088,s2-eth2,56.790164947509766,43.209835052490234
2025-11-26 19:24:48.221977088,s3-eth2,56.81246566772461,43.18753433227539
2025-11-26 19:24:49.222940928,s1-eth1,12.223731079101562,87.77626892089845
2025-11-26 19:24:49.223072000,s2-eth2,11.67003921508789,88.32996078491212
2025-11-26 19:24:49.223233024,s3-eth2,11.44981575012207,88.55018424987793
2025-11-26 19:24:50.224112896,s1-eth1,62.758296966552734,37.241703033447266
2025-11-26 19:24:50.224226048,s2-eth2,62.4833869934082,37.5166130065918
2025-11-26 19:24:50.224383232,s3-eth2,62.26266098022461,37.73733901977539
2025-11-26 19:24:51.225393920,s1-eth1,5.3476643371582036,94.6523356628418
2025-11-26 19:24:51.225506048,s2-eth2,5.622574310302735,94.37742568969726
2025-11-26 19:24:51.225660928,s3-eth2,5.84330078125,94.15669921875
2025-11-26 19:24:52.226514176,s1-eth1,0.0029877471923828126,99.99701225280762
2025-11-26 19:24:52.226618112,s2-eth2,0.0029877471923828126,99.99701225280762
2025-11-26 19:24:52.226764800,s3-eth2,0.0029877471923828126,99.99701225280762
2025-11-26 19:24:53.227668992,s1-eth1,0.0022408294677734373,99.99775917053222
2025-11-26 19:24:53.227787008,s2-eth2,60.71629333496094,39.28370666503906
2025-11-26 19:24:53.227945216,s3-eth2,0.0,100.0
2025-11-26 19:24:54.228766976,s1-eth1,0.0037346649169921874,99.99626533508301
2025-11-26 19:24:54.228894976,s2-eth2,4.308298568725586,95.69170143127441
2025-11-26 19:24:54.229054976,s3-eth2,0.005975494384765625,99.99402450561523
2025-11-26 19:24:55.229868032,s1-eth1,0.0029877471923828126,99.99701225280762
2025-11-26 19:24:55.229984000,s2-eth2,0.0029877471923828126,99.99701225280762
2025-11-26 19:24:55.230130944,s3-eth2,0.0029877471923828126,99.99701225280762
2025-11-26 19:24:56.231059200,s1-eth1,0.0029877471923828126,99.99701225280762
2025-11-26 19:24:56.231173888,s2-eth2,0.0029877471923828126,99.99701225280762
2025-11-26 19:24:56.231321088,s3-eth2,0.0029877471923828126,99.99701225280762
2025-11-26 19:24:57.232156928,s1-eth1,0.0029877471923828126,99.99701225280762
2025-11-26 19:24:57.232274176,s2-eth2,0.0029877471923828126,99.99701225280762
2025-11-26 19:24:57.232420864,s3-eth2,0.0029877471923828126,99.99701225280762
2025-11-26 19:24:58.233244928,s1-eth1,0.0029877471923828126,99.99701225280762
2025-11-26 19:24:58.233349120,s2-eth2,0.0029877471923828126,99.99701225280762
2025-11-26 19:24:58.233506048,s3-eth2,0.0029877471923828126,99.99701225280762
2025-11-26 19:24:59.234402048,s1-eth1,44.427146911621094,55.572853088378906
2025-11-26 19:24:59.234516992,s2-eth2,45.04681396484375,54.95318603515625
2025-11-26 19:24:59.234694912,s3-eth2,0.0029877471923828126,99.99701225280762
2025-11-26 19:25:00.235634944,s1-eth1,20.471250534057617,79.52874946594238
2025-11-26 19:25:00.235773952,s2-eth2,19.851585388183594,80.1484146118164
2025-11-26 19:25:00.235943936,s3-eth2,0.0036279296875,99.9963720703125
2025-11-26 19:25:01.236929792,s1-eth1,0.0029877471923828126,99.99701225280762
2025-11-26 19:25:01.237051136,s2-eth2,0.0029877471923828126,99.99701225280762
2025-11-26 19:25:01.237201920,s3-eth2,0.0029877471923828126,99.99701225280762
2025-11-26 19:25:02.238059008,s1-eth1,0.0029877471923828126,99.99701225280762
2025-11-26 19:25:02.238166016,s2-eth2,0.0035517120361328123,99.99644828796387
2025-11-26 19:25:02.238332160,s3-eth2,0.0029877471923828126,99.99701225280762
2025-11-26 19:25:03.239226112,s1-eth1,0.0029877471923828126,99.99701225280762
2025-11-26 19:25:03.239335936,s2-eth2,64.89962768554688,35.100372314453125
2025-11-26 19:25:03.239531008,s3-eth2,0.007454071044921875,99.99254592895508
2025-11-26 19:25:04.240529152,s1-eth1,12.493946075439453,87.50605392456055
2025-11-26 19:25:04.240771072,s2-eth2,65.48360443115234,34.516395568847656
2025-11-26 19:25:04.240967936,s3-eth2,65.1650390625,34.8349609375
2025-11-26 19:25:05.241916928,s1-eth1,56.56166458129883,43.43833541870117
2025-11-26 19:25:05.242039808,s2-eth2,73.24604797363281,26.753952026367188
2025-11-26 19:25:05.242211072,s3-eth2,0.005975494384765625,99.99402450561523
2025-11-26 19:25:06.243237888,s1-eth1,0.0029877471923828126,99.99701225280762
2025-11-26 19:25:06.243341824,s2-eth2,0.0029877471923828126,99.99701225280762
2025-11-26 19:25:06.243490048,s3-eth2,0.0029877471923828126,99.99701225280762
2025-11-26 19:25:07.244312064,s1-eth1,0.0029877471923828126,99.99701225280762
2025-11-26 19:25:07.244416000,s2-eth2,0.0029877471923828126,99.99701225280762
2025-11-26 19:25:07.244563200,s3-eth2,0.0029877471923828126,99.99701225280762
2025-11-26 19:25:08.245417984,s1-eth1,0.0036279296875,99.9963720703125
2025-11-26 19:25:08.245522944,s2-eth2,0.0029877471923828126,99.99701225280762
2025-11-26 19:25:08.245670912,s3-eth2,0.0029877471923828126,99.99701225280762
2025-11-26 19:25:09.246490880,s1-eth1,0.0029877471923828126,99.99701225280762
2025-11-26 19:25:09.246607104,s2-eth2,0.0029877471923828126,99.99701225280762
2025-11-26 19:25:09.246754048,s3-eth2,0.0029877471923828126,99.99701225280762
2025-11-26 19:25:10.247618816,s1-eth1,0.0022408294677734373,99.99775917053222
2025-11-26 19:25:10.247739136,s2-eth2,0.00213409423828125,99.99786590576171
2025-11-26 19:25:10.247901952,s3-eth2,66.92697143554688,33.073028564453125
2025-11-26 19:25:11.248753920,s1-eth1,0.0037346649169921874,99.99626533508301
2025-11-26 19:25:11.248869888,s2-eth2,0.004481582641601562,99.9955184173584
2025-11-26 19:25:11.249028864,s3-eth2,2.602385787963867,97.39761421203613
2025-11-26 19:25:12.249921024,s1-eth1,73.36746215820312,26.632537841796875
2025-11-26 19:25:12.250059008,s2-eth2,0.0036279296875,99.9963720703125
2025-11-26 19:25:12.250219008,s3-eth2,0.0036279296875,99.9963720703125
2025-11-26 19:25:13.251130112,s1-eth1,60.465599060058594,39.534400939941406
2025-11-26 19:25:13.251255040,s2-eth2,0.0029877471923828126,99.99701225280762
2025-11-26 19:25:13.251411968,s3-eth2,0.0029877471923828126,99.99701225280762
2025-11-26 19:25:14.252260864,s1-eth1,0.0029877471923828126,99.99701225280762
2025-11-26 19:25:14.252365056,s2-eth2,0.0029877471923828126,99.99701225280762
2025-11-26 19:25:14.252510976,s3-eth2,0.0029877471923828126,99.99701225280762
2025-11-26 19:25:15.253328128,s1-eth1,0.0029877471923828126,99.99701225280762
2025-11-26 19:25:15.253433088,s2-eth2,0.0029877471923828126,99.99701225280762
2025-11-26 19:25:15.253577984,s3-eth2,0.0029877471923828126,99.99701225280762
2025-11-26 19:25:16.254610944,s1-eth1,59.785369873046875,40.214630126953125
2025-11-26 19:25:16.254740992,s2-eth2,0.00213409423828125,99.99786590576171
2025-11-26 19:25:16.254910976,s3-eth2,0.00213409423828125,99.99786590576171
2025-11-26 19:25:17.255787008,s1-eth1,8.855920791625977,91.14407920837402
2025-11-26 19:25:17.255905024,s2-eth2,0.004481582641601562,99.9955184173584
2025-11-26 19:25:17.256055040,s3-eth2,0.004481582641601562,99.9955184173584
2025-11-26 19:25:18.256953088,s1-eth1,53.83174514770508,46.16825485229492
2025-11-26 19:25:18.257091072,s2-eth2,54.429473876953125,45.570526123046875
2025-11-26 19:25:18.257252864,s3-eth2,0.0029877471923828126,99.99701225280762
2025-11-26 19:25:19.258189824,s1-eth1,11.665154418945313,88.33484558105468
2025-11-26 19:25:19.258313984,s2-eth2,11.067423858642577,88.93257614135743
2025-11-26 19:25:19.258477056,s3-eth2,0.0029877471923828126,99.99701225280762
2025-11-26 19:25:20.259396096,s1-eth1,0.0029877471923828126,99.99701225280762
2025-11-26 19:25:20.259500032,s2-eth2,0.0029877471923828126,99.99701225280762
2025-11-26 19:25:20.259648000,s3-eth2,0.0029877471923828126,99.99701225280762
2025-11-26 19:25:21.260690944,s1-eth1,0.0029877471923828126,99.99701225280762
2025-11-26 19:25:21.260793856,s2-eth2,0.0029877471923828126,99.99701225280762
2025-11-26 19:25:21.260942848,s3-eth2,0.0029877471923828126,99.99701225280762
2025-11-26 19:25:22.261811968,s1-eth1,0.0029877471923828126,99.99701225280762
2025-11-26 19:25:22.261924864,s2-eth2,0.0029877471923828126,99.99701225280762
2025-11-26 19:25:22.262074112,s3-eth2,0.0029877471923828126,99.99701225280762
2025-11-26 19:25:23.262969856,s1-eth1,0.0029877471923828126,99.99701225280762
2025-11-26 19:25:23.263094016,s2-eth2,65.02223205566406,34.97776794433594
2025-11-26 19:25:23.263254016,s3-eth2,0.0029877471923828126,99.99701225280762
2025-11-26 19:25:24.264118784,s1-eth1,0.0029877471923828126,99.99701225280762
2025-11-26 19:25:24.264224000,s2-eth2,0.0029877471923828126,99.99701225280762
2025-11-26 19:25:24.264372224,s3-eth2,0.0029877471923828126,99.99701225280762
2025-11-26 19:25:25.264892160,s1-eth1,52.059417724609375,47.940582275390625
2025-11-26 19:25:25.265014016,s2-eth2,0.00299072265625,99.99700927734375
2025-11-26 19:25:25.265161984,s3-eth2,0.00299072265625,99.99700927734375
2025-11-26 19:25:26.266227968,s1-eth1,13.057118377685548,86.94288162231445
2025-11-26 19:25:26.266352896,s2-eth2,0.0029877471923828126,99.99701225280762
2025-11-26 19:25:26.266504960,s3-eth2,0.0029877471923828126,99.99701225280762
2025-11-26 19:25:27.267469824,s1-eth1,0.0029877471923828126,99.99701225280762
2025-11-26 19:25:27.267576832,s2-eth2,0.00149383544921875,99.99850616455078
2025-11-26 19:25:27.267728128,s3-eth2,0.00149383544921875,99.99850616455078
2025-11-26 19:25:28.268654080,s1-eth1,0.0029877471923828126,99.99701225280762
2025-11-26 19:25:28.268762112,s2-eth2,0.004481582641601562,99.9955184173584
2025-11-26 19:25:28.268910848,s3-eth2,0.004481582641601562,99.9955184173584
2025-11-26 19:25:29.269782016,s1-eth1,0.0029877471923828126,99.99701225280762
2025-11-26 19:25:29.269888000,s2-eth2,0.00149383544921875,99.99850616455078
2025-11-26 19:25:29.270035968,s3-eth2,0.00149383544921875,99.99850616455078
2025-11-26 19:25:30.270936064,s1-eth1,0.0029877471923828126,99.99701225280762
2025-11-26 19:25:30.271043072,s2-eth2,0.004481582641601562,99.9955184173584
2025-11-26 19:25:30.271193088,s3-eth2,0.004481582641601562,99.9955184173584
2025-11-26 19:25:31.272280064,s1-eth1,0.0029877471923828126,99.99701225280762
2025-11-26 19:25:31.272395008,s2-eth2,0.0029877471923828126,99.99701225280762
2025-11-26 19:25:31.272544000,s3-eth2,0.0029877471923828126,99.99701225280762
2025-11-26 19:25:32.273075968,s1-eth1,51.690643310546875,48.309356689453125
2025-11-26 19:25:32.273108992,s2-eth2,52.4111328125,47.5888671875
2025-11-26 19:25:32.273155072,s3-eth2,52.52110290527344,47.47889709472656
2025-11-26 19:25:33.273817088,s1-eth1,14.465553283691406,85.5344467163086
2025-11-26 19:25:33.273929216,s2-eth2,13.745704650878906,86.2542953491211
2025-11-26 19:25:33.274085120,s3-eth2,13.635734558105469,86.36426544189453
2025-11-26 19:25:34.274967040,s1-eth1,0.0029877471923828126,99.99701225280762
2025-11-26 19:25:34.275073024,s2-eth2,0.0029877471923828126,99.99701225280762
2025-11-26 19:25:34.275220992,s3-eth2,0.0029877471923828126,99.99701225280762
2025-11-26 19:25:35.276055040,s1-eth1,0.0029877471923828126,99.99701225280762
2025-11-26 19:25:35.276160000,s2-eth2,0.0029877471923828126,99.99701225280762
2025-11-26 19:25:35.276307200,s3-eth2,0.0029877471923828126,99.99701225280762
2025-11-26 19:25:36.277248000,s1-eth1,53.7103157043457,46.2896842956543
2025-11-26 19:25:36.277366016,s2-eth2,0.0029877471923828126,99.99701225280762
2025-11-26 19:25:36.277515776,s3-eth2,0.0029877471923828126,99.99701225280762
2025-11-26 19:25:37.278422016,s1-eth1,7.316421966552735,92.68357803344726
2025-11-26 19:25:37.278537984,s2-eth2,0.0029877471923828126,99.99701225280762
2025-11-26 19:25:37.278686976,s3-eth2,0.0029877471923828126,99.99701225280762
2025-11-26 19:25:38.279617024,s1-eth1,0.0022408294677734373,99.99775917053222
2025-11-26 19:25:38.279737856,s2-eth2,59.01066207885742,40.98933792114258
2025-11-26 19:25:38.279897088,s3-eth2,58.701141357421875,41.298858642578125
2025-11-26 19:25:39.280829952,s1-eth1,65.06055450439453,34.93944549560547
2025-11-26 19:25:39.280955136,s2-eth2,70.19575500488281,29.804244995117188
2025-11-26 19:25:39.281121024,s3-eth2,5.643740158081055,94.35625984191894
2025-11-26 19:25:40.282012928,s1-eth1,0.4314380645751953,99.56856193542481
2025-11-26 19:25:40.282125056,s2-eth2,0.6282170104980469,99.37178298950195
2025-11-26 19:25:40.282284032,s3-eth2,0.004481582641601562,99.9955184173584
2025-11-26 19:25:41.283156992,s1-eth1,0.0029877471923828126,99.99701225280762
2025-11-26 19:25:41.283264000,s2-eth2,0.0029877471923828126,99.99701225280762
2025-11-26 19:25:41.283410176,s3-eth2,0.0029877471923828126,99.99701225280762
2025-11-26 19:25:42.284267008,s1-eth1,0.0029877471923828126,99.99701225280762
2025-11-26 19:25:42.284371968,s2-eth2,0.0029877471923828126,99.99701225280762
2025-11-26 19:25:42.284517888,s3-eth2,0.0029877471923828126,99.99701225280762
2025-11-26 19:25:43.285362944,s1-eth1,0.0029877471923828126,99.99701225280762
2025-11-26 19:25:43.285468160,s2-eth2,0.0029877471923828126,99.99701225280762
2025-11-26 19:25:43.285614080,s3-eth2,0.0029877471923828126,99.99701225280762
2025-11-26 19:25:44.286437120,s1-eth1,0.0029877471923828126,99.99701225280762
2025-11-26 19:25:44.286540032,s2-eth2,0.0029877471923828126,99.99701225280762
2025-11-26 19:25:44.286685952,s3-eth2,0.0029877471923828126,99.99701225280762
2025-11-26 19:25:45.287527168,s1-eth1,0.0029877471923828126,99.99701225280762
2025-11-26 19:25:45.287632896,s2-eth2,0.0036279296875,99.9963720703125
2025-11-26 19:25:45.287779072,s3-eth2,0.0036279296875,99.9963720703125
2025-11-26 19:25:46.288253184,s1-eth1,0.00299072265625,99.99700927734375
2025-11-26 19:25:46.288281856,s2-eth2,0.00299072265625,99.99700927734375
2025-11-26 19:25:46.288324096,s3-eth2,0.00299072265625,99.99700927734375
2025-11-26 19:25:47.289009920,s1-eth1,0.00299072265625,99.99700927734375
2025-11-26 19:25:47.289114880,s2-eth2,0.00299072265625,99.99700927734375
2025-11-26 19:25:47.289263872,s3-eth2,0.00299072265625,99.99700927734375
2025-11-26 19:25:48.290187008,s1-eth1,0.0029877471923828126,99.99701225280762
2025-11-26 19:25:48.290304000,s2-eth2,0.0029877471923828126,99.99701225280762
2025-11-26 19:25:48.290465024,s3-eth2,0.0029877471923828126,99.99701225280762
2025-11-26 19:25:49.291426816,s1-eth1,61.9544792175293,38.0455207824707
2025-11-26 19:25:49.291551232,s2-eth2,61.75783920288086,38.24216079711914
2025-11-26 19:25:49.291717888,s3-eth2,61.481929779052734,38.518070220947266
2025-11-26 19:25:50.292606976,s1-eth1,6.150831680297852,93.84916831970214
2025-11-26 19:25:50.292720128,s2-eth2,6.347473602294922,93.65252639770507
2025-11-26 19:25:50.292876032,s3-eth2,6.623381652832031,93.37661834716796
2025-11-26 19:25:51.293757952,s1-eth1,0.0036279296875,99.9963720703125
2025-11-26 19:25:51.293863936,s2-eth2,0.0036279296875,99.9963720703125
2025-11-26 19:25:51.294012160,s3-eth2,0.0036279296875,99.9963720703125
2025-11-26 19:25:52.294873088,s1-eth1,0.0029877471923828126,99.99701225280762
2025-11-26 19:25:52.294976000,s2-eth2,0.0029877471923828126,99.99701225280762
2025-11-26 19:25:52.295123968,s3-eth2,0.0029877471923828126,99.99701225280762
2025-11-26 19:25:53.296051968,s1-eth1,50.42946243286133,49.57053756713867
2025-11-26 19:25:53.296164096,s2-eth2,0.00213409423828125,99.99786590576171
2025-11-26 19:25:53.296322048,s3-eth2,0.00213409423828125,99.99786590576171
2025-11-26 19:25:54.297223168,s1-eth1,15.063199996948242,84.93680000305176
2025-11-26 19:25:54.297332992,s2-eth2,0.005121841430664063,99.99487815856934
2025-11-26 19:25:54.297488896,s3-eth2,0.005121841430664063,99.99487815856934
2025-11-26 19:25:55.298405888,s1-eth1,0.0022408294677734373,99.99775917053222
2025-11-26 19:25:55.298526976,s2-eth2,59.82483673095703,40.17516326904297
2025-11-26 19:25:55.298685952,s3-eth2,0.0,100.0
2025-11-26 19:25:56.299756032,s1-eth1,0.0037346649169921874,99.99626533508301
2025-11-26 19:25:56.299874048,s2-eth2,5.199741363525391,94.80025863647461
2025-11-26 19:25:56.300035840,s3-eth2,0.005975494384765625,99.99402450561523
2025-11-26 19:25:57.300900864,s1-eth1,0.0029877471923828126,99.99701225280762
2025-11-26 19:25:57.301006080,s2-eth2,0.0029877471923828126,99.99701225280762
2025-11-26 19:25:57.301156096,s3-eth2,0.0029877471923828126,99.99701225280762
2025-11-26 19:25:58.302031104,s1-eth1,0.0029877471923828126,99.99701225280762
2025-11-26 19:25:58.302136832,s2-eth2,0.0029877471923828126,99.99701225280762
2025-11-26 19:25:58.302284032,s3-eth2,0.0029877471923828126,99.99701225280762
2025-11-26 19:25:59.303236096,s1-eth1,0.0036279296875,99.9963720703125
2025-11-26 19:25:59.303351040,s2-eth2,0.0029877471923828126,99.99701225280762
2025-11-26 19:25:59.303510016,s3-eth2,0.0029877471923828126,99.99701225280762
2025-11-26 19:26:00.304456960,s1-eth1,0.0029877471923828126,99.99701225280762
2025-11-26 19:26:00.304566016,s2-eth2,0.0029877471923828126,99.99701225280762
2025-11-26 19:26:00.304719872,s3-eth2,0.0029877471923828126,99.99701225280762
2025-11-26 19:26:01.305777920,s1-eth1,0.0022408294677734373,99.99775917053222
2025-11-26 19:26:01.305900032,s2-eth2,78.65465545654297,21.34534454345703
2025-11-26 19:26:01.306076160,s3-eth2,15.888866424560547,84.11113357543945
2025-11-26 19:26:02.307009024,s1-eth1,39.11440658569336,60.88559341430664
2025-11-26 19:26:02.307138048,s2-eth2,95.3641357421875,4.6358642578125
2025-11-26 19:26:02.307311104,s3-eth2,54.782440185546875,45.217559814453125
2025-11-26 19:26:03.308284160,s1-eth1,64.05908203125,35.94091796875
2025-11-26 19:26:03.308409088,s2-eth2,128.79464721679688,-28.794647216796875
2025-11-26 19:26:03.308579840,s3-eth2,0.0029877471923828126,99.99701225280762
2025-11-26 19:26:04.309505024,s1-eth1,20.80553436279297,79.19446563720703
2025-11-26 19:26:04.309623040,s2-eth2,20.214038848876953,79.78596115112305
2025-11-26 19:26:04.309789952,s3-eth2,0.0029877471923828126,99.99701225280762
2025-11-26 19:26:05.310681088,s1-eth1,0.0029877471923828126,99.99701225280762
2025-11-26 19:26:05.310787840,s2-eth2,0.0029877471923828126,99.99701225280762
2025-11-26 19:26:05.310980096,s3-eth2,0.007454071044921875,99.99254592895508
2025-11-26 19:26:06.311840000,s1-eth1,0.0029877471923828126,99.99701225280762
2025-11-26 19:26:06.311943936,s2-eth2,0.0029877471923828126,99.99701225280762
2025-11-26 19:26:06.312103936,s3-eth2,69.5211181640625,30.4788818359375
2025-11-26 19:26:07.312946176,s1-eth1,0.0029877471923828126,99.99701225280762
2025-11-26 19:26:07.313050880,s2-eth2,0.0029877471923828126,99.99701225280762
2025-11-26 19:26:07.313198080,s3-eth2,0.0029877471923828126,99.99701225280762
2025-11-26 19:26:08.314026240,s1-eth1,0.0029877471923828126,99.99701225280762
2025-11-26 19:26:08.314130176,s2-eth2,0.0029877471923828126,99.99701225280762
2025-11-26 19:26:08.314276864,s3-eth2,0.0029877471923828126,99.99701225280762
2025-11-26 19:26:09.315171840,s1-eth1,0.0022408294677734373,99.99775917053222
2025-11-26 19:26:09.315278080,s2-eth2,0.00149383544921875,99.99850616455078
2025-11-26 19:26:09.315440896,s3-eth2,66.14646911621094,33.85353088378906
2025-11-26 19:26:10.316292096,s1-eth1,0.0037346649169921874,99.99626533508301
2025-11-26 19:26:10.316399104,s2-eth2,0.004481582641601562,99.9955184173584
2025-11-26 19:26:10.316557056,s3-eth2,3.3820703125,96.6179296875
2025-11-26 19:26:11.317560832,s1-eth1,0.0029877471923828126,99.99701225280762
2025-11-26 19:26:11.317665024,s2-eth2,0.0029877471923828126,99.99701225280762
2025-11-26 19:26:11.317812992,s3-eth2,0.0029877471923828126,99.99701225280762
2025-11-26 19:26:12.318639872,s1-eth1,0.0029877471923828126,99.99701225280762
2025-11-26 19:26:12.318744064,s2-eth2,0.0029877471923828126,99.99701225280762
2025-11-26 19:26:12.318958080,s3-eth2,0.0029877471923828126,99.99701225280762
2025-11-26 19:26:13.319811072,s1-eth1,0.0029877471923828126,99.99701225280762
2025-11-26 19:26:13.319916032,s2-eth2,0.0029877471923828126,99.99701225280762
2025-11-26 19:26:13.320064000,s3-eth2,0.0029877471923828126,99.99701225280762
2025-11-26 19:26:14.320926976,s1-eth1,0.0029877471923828126,99.99701225280762
2025-11-26 19:26:14.321031936,s2-eth2,0.0029877471923828126,99.99701225280762
2025-11-26 19:26:14.321178880,s3-eth2,0.0029877471923828126,99.99701225280762
2025-11-26 19:26:15.322030080,s1-eth1,0.0029877471923828126,99.99701225280762
2025-11-26 19:26:15.322135808,s2-eth2,0.0029877471923828126,99.99701225280762
2025-11-26 19:26:15.322281984,s3-eth2,0.0029877471923828126,99.99701225280762
2025-11-26 19:26:16.323260928,s1-eth1,0.0029877471923828126,99.99701225280762
2025-11-26 19:26:16.323367168,s2-eth2,0.0036279296875,99.9963720703125
2025-11-26 19:26:16.323513088,s3-eth2,0.0036279296875,99.9963720703125
2025-11-26 19:26:17.324080896,s1-eth1,59.26451110839844,40.73548889160156
2025-11-26 19:26:17.324124160,s2-eth2,0.0,100.0
2025-11-26 19:26:17.324179968,s3-eth2,0.0,100.0
2025-11-26 19:26:18.324913152,s1-eth1,9.332916259765625,90.66708374023438
2025-11-26 19:26:18.325027840,s2-eth2,0.0059814453125,99.9940185546875
2025-11-26 19:26:18.325176832,s3-eth2,0.0059814453125,99.9940185546875
2025-11-26 19:26:19.326068992,s1-eth1,48.30728530883789,51.69271469116211
2025-11-26 19:26:19.326179072,s2-eth2,0.00149383544921875,99.99850616455078
2025-11-26 19:26:19.326338048,s3-eth2,0.00149383544921875,99.99850616455078
2025-11-26 19:26:20.327235840,s1-eth1,17.1845760345459,82.8154239654541
2025-11-26 19:26:20.327346176,s2-eth2,0.004481582641601562,99.9955184173584
2025-11-26 19:26:20.327502080,s3-eth2,0.004481582641601562,99.9955184173584
2025-11-26 19:26:21.328370176,s1-eth1,53.14249038696289,46.85750961303711
2025-11-26 19:26:21.328485120,s2-eth2,53.72868347167969,46.27131652832031
2025-11-26 19:26:21.328641792,s3-eth2,53.94890594482422,46.05109405517578
2025-11-26 19:26:22.329508096,s1-eth1,12.946244201660157,87.05375579833984
2025-11-26 19:26:22.329624064,s2-eth2,12.360054016113281,87.63994598388672
2025-11-26 19:26:22.329780224,s3-eth2,12.139830627441405,87.8601693725586
2025-11-26 19:26:23.330621952,s1-eth1,0.0029877471923828126,99.99701225280762
2025-11-26 19:26:23.330727168,s2-eth2,0.0029877471923828126,99.99701225280762
2025-11-26 19:26:23.330918144,s3-eth2,0.0029877471923828126,99.99701225280762
2025-11-26 19:26:24.331788032,s1-eth1,0.0029877471923828126,99.99701225280762
2025-11-26 19:26:24.331895040,s2-eth2,0.00149383544921875,99.99850616455078
2025-11-26 19:26:24.332043776,s3-eth2,0.00149383544921875,99.99850616455078
2025-11-26 19:26:25.332905984,s1-eth1,0.0029877471923828126,99.99701225280762
2025-11-26 19:26:25.333012992,s2-eth2,0.004481582641601562,99.9955184173584
2025-11-26 19:26:25.333161984,s3-eth2,0.004481582641601562,99.9955184173584
2025-11-26 19:26:26.334057216,s1-eth1,51.89442825317383,48.10557174682617
2025-11-26 19:26:26.334182144,s2-eth2,0.0036279296875,99.9963720703125
2025-11-26 19:26:26.334331136,s3-eth2,0.0036279296875,99.9963720703125
2025-11-26 19:26:27.335213824,s1-eth1,14.20717529296875,85.79282470703126
2025-11-26 19:26:27.335339008,s2-eth2,0.0029877471923828126,99.99701225280762
2025-11-26 19:26:27.335489024,s3-eth2,0.0029877471923828126,99.99701225280762
2025-11-26 19:26:28.336344064,s1-eth1,0.0029877471923828126,99.99701225280762
2025-11-26 19:26:28.336457984,s2-eth2,0.0029877471923828126,99.99701225280762
2025-11-26 19:26:28.336605952,s3-eth2,0.0029877471923828126,99.99701225280762
2025-11-26 19:26:29.337487104,s1-eth1,51.42698287963867,48.57301712036133
2025-11-26 19:26:29.337608960,s2-eth2,0.0029877471923828126,99.99701225280762
2025-11-26 19:26:29.337757184,s3-eth2,0.0029877471923828126,99.99701225280762
2025-11-26 19:26:30.338639104,s1-eth1,14.673322677612305,85.3266773223877
2025-11-26 19:26:30.338763008,s2-eth2,0.0036279296875,99.9963720703125
2025-11-26 19:26:30.338960896,s3-eth2,0.0036279296875,99.9963720703125
2025-11-26 19:26:31.339847168,s1-eth1,52.961856842041016,47.038143157958984
2025-11-26 19:26:31.339966976,s2-eth2,53.62580490112305,46.37419509887695
2025-11-26 19:26:31.340141056,s3-eth2,0.0029877471923828126,99.99701225280762
2025-11-26 19:26:32.340980992,s1-eth1,12.835919342041016,87.16408065795898
2025-11-26 19:26:32.341100032,s2-eth2,12.171971282958985,87.82802871704101
2025-11-26 19:26:32.341270016,s3-eth2,0.0029877471923828126,99.99701225280762
2025-11-26 19:26:33.342089984,s1-eth1,0.0029877471923828126,99.99701225280762
2025-11-26 19:26:33.342194176,s2-eth2,0.0029877471923828126,99.99701225280762
2025-11-26 19:26:33.342364928,s3-eth2,0.0029877471923828126,99.99701225280762
2025-11-26 19:26:34.343255040,s1-eth1,0.002881011962890625,99.99711898803712
2025-11-26 19:26:34.343374080,s2-eth2,60.79573440551758,39.20426559448242
2025-11-26 19:26:34.343548160,s3-eth2,60.59800338745117,39.40199661254883
2025-11-26 19:26:35.344089088,s1-eth1,0.0037384033203125,99.99626159667969
2025-11-26 19:26:35.344131072,s2-eth2,3.5548553466796875,96.44514465332031
2025-11-26 19:26:35.344194048,s3-eth2,3.7527847290039062,96.2472152709961
2025-11-26 19:26:36.344603904,s1-eth1,50.25514221191406,49.74485778808594
2025-11-26 19:26:36.344645120,s2-eth2,0.001495361328125,99.99850463867188
2025-11-26 19:26:36.344712960,s3-eth2,0.001495361328125,99.99850463867188
2025-11-26 19:26:37.345441024,s1-eth1,78.55319213867188,21.446807861328125
2025-11-26 19:26:37.345555968,s2-eth2,63.25714111328125,36.74285888671875
2025-11-26 19:26:37.345741056,s3-eth2,0.004481582641601562,99.9955184173584
2025-11-26 19:26:38.346299904,s1-eth1,0.00960540771484375,99.99039459228516
2025-11-26 19:26:38.346345984,s2-eth2,0.00920867919921875,99.99079132080078
2025-11-26 19:26:38.346405120,s3-eth2,0.003631591796875,99.99636840820312
2025-11-26 19:26:39.346766848,s1-eth1,0.00299072265625,99.99700927734375
2025-11-26 19:26:39.346804992,s2-eth2,0.0022430419921875,99.99775695800781
2025-11-26 19:26:39.346875904,s3-eth2,0.00299072265625,99.99700927734375
2025-11-26 19:26:40.347252992,s1-eth1,102.90434265136719,-2.9043426513671875
2025-11-26 19:26:40.347297792,s2-eth2,59.539276123046875,40.460723876953125
2025-11-26 19:26:40.347363840,s3-eth2,59.539276123046875,40.460723876953125
2025-11-26 19:26:41.347744000,s1-eth1,24.09258270263672,75.90741729736328
2025-11-26 19:26:41.347793152,s2-eth2,0.01274871826171875,99.98725128173828
2025-11-26 19:26:41.347848960,s3-eth2,0.01200103759765625,99.98799896240234
2025-11-26 19:26:42.348215040,s1-eth1,0.00299072265625,99.99700927734375
2025-11-26 19:26:42.348264960,s2-eth2,0.00299072265625,99.99700927734375
2025-11-26 19:26:42.348320000,s3-eth2,0.00299072265625,99.99700927734375
2025-11-26 19:26:43.348678144,s1-eth1,0.00299072265625,99.99700927734375
2025-11-26 19:26:43.348722944,s2-eth2,0.00299072265625,99.99700927734375
2025-11-26 19:26:43.348777984,s3-eth2,0.0022430419921875,99.99775695800781
2025-11-26 19:26:44.349136128,s1-eth1,0.00299072265625,99.99700927734375
2025-11-26 19:26:44.349186048,s2-eth2,65.08660125732422,34.91339874267578
2025-11-26 19:26:44.349245184,s3-eth2,0.00299072265625,99.99700927734375
2025-11-26 19:26:45.349596928,s1-eth1,0.00299072265625,99.99700927734375
2025-11-26 19:26:45.349640960,s2-eth2,0.00299072265625,99.99700927734375
2025-11-26 19:26:45.349697024,s3-eth2,0.00299072265625,99.99700927734375
2025-11-26 19:26:46.350061824,s1-eth1,0.003631591796875,99.99636840820312
2025-11-26 19:26:46.350100992,s2-eth2,0.0022430419921875,99.99775695800781
2025-11-26 19:26:46.350161920,s3-eth2,0.00299072265625,99.99700927734375
2025-11-26 19:26:47.350519040,s1-eth1,0.00299072265625,99.99700927734375
2025-11-26 19:26:47.350557952,s2-eth2,0.00299072265625,99.99700927734375
2025-11-26 19:26:47.350619136,s3-eth2,0.00299072265625,99.99700927734375
2025-11-26 19:26:48.350971904,s1-eth1,0.00299072265625,99.99700927734375
2025-11-26 19:26:48.351010048,s2-eth2,0.00299072265625,99.99700927734375
2025-11-26 19:26:48.351069952,s3-eth2,0.00299072265625,99.99700927734375
2025-11-26 19:26:49.351422976,s1-eth1,0.00299072265625,99.99700927734375
2025-11-26 19:26:49.351461888,s2-eth2,0.00299072265625,99.99700927734375
2025-11-26 19:26:49.351516928,s3-eth2,0.00299072265625,99.99700927734375
2025-11-26 19:26:50.352178176,s1-eth1,0.0028839111328125,99.99711608886719
2025-11-26 19:26:50.352294912,s2-eth2,58.99330139160156,41.00669860839844
2025-11-26 19:26:50.352453120,s3-eth2,0.001495361328125,99.99850463867188
2025-11-26 19:26:51.353438976,s1-eth1,0.0037346649169921874,99.99626533508301
2025-11-26 19:26:51.353556992,s2-eth2,6.090718765258789,93.90928123474121
2025-11-26 19:26:51.353715968,s3-eth2,0.004481582641601562,99.9955184173584
2025-11-26 19:26:52.354580992,s1-eth1,0.0029877471923828126,99.99701225280762
2025-11-26 19:26:52.354695936,s2-eth2,0.0029877471923828126,99.99701225280762
2025-11-26 19:26:52.354924032,s3-eth2,0.0029877471923828126,99.99701225280762
2025-11-26 19:26:53.355812096,s1-eth1,41.70172119140625,58.29827880859375
2025-11-26 19:26:53.355938048,s2-eth2,41.48351287841797,58.51648712158203
2025-11-26 19:26:53.356119040,s3-eth2,0.0029877471923828126,99.99701225280762
2025-11-26 19:26:54.356993024,s1-eth1,66.88362884521484,33.116371154785156
2025-11-26 19:26:54.357112832,s2-eth2,67.79964447021484,32.200355529785156
2025-11-26 19:26:54.357285888,s3-eth2,0.0029877471923828126,99.99701225280762
2025-11-26 19:26:55.358130944,s1-eth1,22.700162887573242,77.29983711242676
2025-11-26 19:26:55.358254848,s2-eth2,22.00235939025879,77.99764060974121
2025-11-26 19:26:55.358413824,s3-eth2,0.0029877471923828126,99.99701225280762
2025-11-26 19:26:56.359433984,s1-eth1,0.0029877471923828126,99.99701225280762
2025-11-26 19:26:56.359549952,s2-eth2,0.0029877471923828126,99.99701225280762
2025-11-26 19:26:56.359697152,s3-eth2,0.0029877471923828126,99.99701225280762
2025-11-26 19:26:57.360549888,s1-eth1,0.0022408294677734373,99.99775917053222
2025-11-26 19:26:57.360656896,s2-eth2,0.0022408294677734373,99.99775917053222
2025-11-26 19:26:57.360835072,s3-eth2,64.86454772949219,35.13545227050781
2025-11-26 19:26:58.361683968,s1-eth1,0.0037346649169921874,99.99626533508301
2025-11-26 19:26:58.361790976,s2-eth2,0.0037346649169921874,99.99626533508301
2025-11-26 19:26:58.361963008,s3-eth2,4.664044876098632,95.33595512390137
2025-11-26 19:26:59.362788864,s1-eth1,0.0029877471923828126,99.99701225280762
2025-11-26 19:26:59.362905088,s2-eth2,0.0029877471923828126,99.99701225280762
2025-11-26 19:26:59.363063040,s3-eth2,0.0029877471923828126,99.99701225280762
2025-11-26 19:27:00.363887104,s1-eth1,0.0029877471923828126,99.99701225280762
2025-11-26 19:27:00.363992832,s2-eth2,0.0036279296875,99.9963720703125
2025-11-26 19:27:00.364152832,s3-eth2,0.0036279296875,99.9963720703125
2025-11-26 19:27:01.365103104,s1-eth1,0.0036279296875,99.9963720703125
2025-11-26 19:27:01.365207808,s2-eth2,0.0036279296875,99.9963720703125
2025-11-26 19:27:01.365364992,s3-eth2,0.0036279296875,99.9963720703125
2025-11-26 19:27:02.365901824,s1-eth1,0.0022430419921875,99.99775695800781
2025-11-26 19:27:02.365943040,s2-eth2,0.00299072265625,99.99700927734375
2025-11-26 19:27:02.365999872,s3-eth2,0.00299072265625,99.99700927734375
2025-11-26 19:27:03.366703104,s1-eth1,0.00299072265625,99.99700927734375
2025-11-26 19:27:03.366808064,s2-eth2,0.00299072265625,99.99700927734375
2025-11-26 19:27:03.366971136,s3-eth2,0.00299072265625,99.99700927734375
2025-11-26 19:27:04.367891968,s1-eth1,0.0029877471923828126,99.99701225280762
2025-11-26 19:27:04.367997952,s2-eth2,0.0029877471923828126,99.99701225280762
2025-11-26 19:27:04.368148992,s3-eth2,0.0029877471923828126,99.99701225280762
2025-11-26 19:27:05.369075968,s1-eth1,0.0029877471923828126,99.99701225280762
2025-11-26 19:27:05.369180928,s2-eth2,0.0029877471923828126,99.99701225280762
2025-11-26 19:27:05.369328896,s3-eth2,0.0029877471923828126,99.99701225280762
2025-11-26 19:27:06.370119936,s1-eth1,0.0029877471923828126,99.99701225280762
2025-11-26 19:27:06.370225920,s2-eth2,0.0029877471923828126,99.99701225280762
2025-11-26 19:27:06.370380032,s3-eth2,0.00641754150390625,99.99358245849609
2025-11-26 19:27:07.371418880,s1-eth1,0.0029877471923828126,99.99701225280762
2025-11-26 19:27:07.371532800,s2-eth2,91.0462646484375,8.9537353515625
2025-11-26 19:27:07.371709184,s3-eth2,69.52228546142578,30.47771453857422
2025-11-26 19:27:08.372670976,s1-eth1,0.0037346649169921874,99.99626533508301
2025-11-26 19:27:08.372782080,s2-eth2,42.49492263793945,57.50507736206055
2025-11-26 19:27:08.372966144,s3-eth2,0.0029877471923828126,99.99701225280762
2025-11-26 19:27:09.373556992,s1-eth1,0.0022430419921875,99.99775695800781
2025-11-26 19:27:09.373626112,s2-eth2,0.00299072265625,99.99700927734375
2025-11-26 19:27:09.373788160,s3-eth2,0.00299072265625,99.99700927734375
2025-11-26 19:27:10.374353920,s1-eth1,0.00299072265625,99.99700927734375
2025-11-26 19:27:10.374392064,s2-eth2,0.00299072265625,99.99700927734375
2025-11-26 19:27:10.374452224,s3-eth2,0.00299072265625,99.99700927734375
2025-11-26 19:27:11.375361024,s1-eth1,0.0029877471923828126,99.99701225280762
2025-11-26 19:27:11.375468032,s2-eth2,0.0029877471923828126,99.99701225280762
2025-11-26 19:27:11.375629824,s3-eth2,0.0029877471923828126,99.99701225280762
2025-11-26 19:27:12.376176128,s1-eth1,0.003631591796875,99.99636840820312
2025-11-26 19:27:12.376219136,s2-eth2,0.00299072265625,99.99700927734375
2025-11-26 19:27:12.376282880,s3-eth2,0.00299072265625,99.99700927734375
2025-11-26 19:27:13.376790016,s1-eth1,0.00299072265625,99.99700927734375
2025-11-26 19:27:13.376898048,s2-eth2,0.00299072265625,99.99700927734375
2025-11-26 19:27:13.377062912,s3-eth2,0.00299072265625,99.99700927734375
2025-11-26 19:27:14.377600000,s1-eth1,0.00299072265625,99.99700927734375
2025-11-26 19:27:14.377638144,s2-eth2,0.00299072265625,99.99700927734375
2025-11-26 19:27:14.377698048,s3-eth2,0.00299072265625,99.99700927734375
2025-11-26 19:27:15.378393856,s1-eth1,0.003631591796875,99.99636840820312
2025-11-26 19:27:15.378499072,s2-eth2,0.0042724609375,99.9957275390625
2025-11-26 19:27:15.378648064,s3-eth2,0.0042724609375,99.9957275390625
2025-11-26 19:27:16.379726848,s1-eth1,0.0029877471923828126,99.99701225280762
2025-11-26 19:27:16.379833856,s2-eth2,0.0029877471923828126,99.99701225280762
2025-11-26 19:27:16.379982848,s3-eth2,0.0029877471923828126,99.99701225280762
2025-11-26 19:27:17.380930816,s1-eth1,67.33329010009766,32.666709899902344
2025-11-26 19:27:17.381056000,s2-eth2,11.116645812988281,88.88335418701172
2025-11-26 19:27:17.381230080,s3-eth2,11.261123657226562,88.73887634277344
2025-11-26 19:27:18.382188032,s1-eth1,69.07965850830078,30.92034149169922
2025-11-26 19:27:18.382325760,s2-eth2,56.77338409423828,43.22661590576172
2025-11-26 19:27:18.382487040,s3-eth2,56.628902435302734,43.371097564697266
2025-11-26 19:27:19.383395840,s1-eth1,0.0029877471923828126,99.99701225280762
2025-11-26 19:27:19.383516160,s2-eth2,0.0029877471923828126,99.99701225280762
2025-11-26 19:27:19.383666944,s3-eth2,0.0029877471923828126,99.99701225280762
2025-11-26 19:27:20.384553984,s1-eth1,0.0029877471923828126,99.99701225280762
2025-11-26 19:27:20.384687872,s2-eth2,63.941097259521484,36.058902740478516
2025-11-26 19:27:20.384849152,s3-eth2,64.10682678222656,35.89317321777344
2025-11-26 19:27:21.385904128,s1-eth1,0.0029877471923828126,99.99701225280762
2025-11-26 19:27:21.386035968,s2-eth2,0.4053106689453125,99.59468933105468
2025-11-26 19:27:21.386193152,s3-eth2,0.23958282470703124,99.76041717529297
2025-11-26 19:27:22.387108096,s1-eth1,0.0029877471923828126,99.99701225280762
2025-11-26 19:27:22.387228928,s2-eth2,0.0036279296875,99.9963720703125
2025-11-26 19:27:22.387377920,s3-eth2,0.0036279296875,99.9963720703125
2025-11-26 19:27:23.388216064,s1-eth1,0.0029877471923828126,99.99701225280762
2025-11-26 19:27:23.388321024,s2-eth2,0.0029877471923828126,99.99701225280762
2025-11-26 19:27:23.388482048,s3-eth2,0.0029877471923828126,99.99701225280762
2025-11-26 19:27:24.389376000,s1-eth1,50.33159637451172,49.66840362548828
2025-11-26 19:27:24.389501952,s2-eth2,0.00149383544921875,99.99850616455078
2025-11-26 19:27:24.389673984,s3-eth2,0.00149383544921875,99.99850616455078
2025-11-26 19:27:25.390585856,s1-eth1,78.98519134521484,21.014808654785156
2025-11-26 19:27:25.390727168,s2-eth2,0.004481582641601562,99.9955184173584
2025-11-26 19:27:25.390903040,s3-eth2,0.004481582641601562,99.9955184173584
2025-11-26 19:27:26.391913984,s1-eth1,0.00399383544921875,99.99600616455078
2025-11-26 19:27:26.392032000,s2-eth2,0.0029877471923828126,99.99701225280762
2025-11-26 19:27:26.392179968,s3-eth2,0.0029877471923828126,99.99701225280762
2025-11-26 19:27:27.393084928,s1-eth1,0.0029877471923828126,99.99701225280762
2025-11-26 19:27:27.393205760,s2-eth2,0.0029877471923828126,99.99701225280762
2025-11-26 19:27:27.393357056,s3-eth2,0.0029877471923828126,99.99701225280762
2025-11-26 19:27:28.393955840,s1-eth1,0.00299072265625,99.99700927734375
2025-11-26 19:27:28.394000896,s2-eth2,0.00299072265625,99.99700927734375
2025-11-26 19:27:28.394056192,s3-eth2,0.00299072265625,99.99700927734375
2025-11-26 19:27:29.394733056,s1-eth1,0.00299072265625,99.99700927734375
2025-11-26 19:27:29.394860032,s2-eth2,0.00299072265625,99.99700927734375
2025-11-26 19:27:29.395009024,s3-eth2,0.00299072265625,99.99700927734375
2025-11-26 19:27:30.395896064,s1-eth1,0.0029877471923828126,99.99701225280762
2025-11-26 19:27:30.396024832,s2-eth2,0.0029877471923828126,99.99701225280762
2025-11-26 19:27:30.396174848,s3-eth2,0.0029877471923828126,99.99701225280762
2025-11-26 19:27:31.397239808,s1-eth1,0.0029877471923828126,99.99701225280762
2025-11-26 19:27:31.397363968,s2-eth2,0.0029877471923828126,99.99701225280762
2025-11-26 19:27:31.397512960,s3-eth2,0.0029877471923828126,99.99701225280762
2025-11-26 19:27:32.398392832,s1-eth1,0.0029877471923828126,99.99701225280762
2025-11-26 19:27:32.398510848,s2-eth2,0.0029877471923828126,99.99701225280762
2025-11-26 19:27:32.398658048,s3-eth2,0.0029877471923828126,99.99701225280762
2025-11-26 19:27:33.399617792,s1-eth1,70.9293441772461,29.070655822753906
2025-11-26 19:27:33.399750912,s2-eth2,64.88497924804688,35.115020751953125
2025-11-26 19:27:33.399919872,s3-eth2,0.0029877471923828126,99.99701225280762
2025-11-26 19:27:34.400855040,s1-eth1,80.53813171386719,19.461868286132812
2025-11-26 19:27:34.400999936,s2-eth2,0.013277130126953125,99.98672286987305
2025-11-26 19:27:34.401166080,s3-eth2,0.0029877471923828126,99.99701225280762
2025-11-26 19:27:35.402091008,s1-eth1,57.71949005126953,42.28050994873047
2025-11-26 19:27:35.402214144,s2-eth2,0.0036279296875,99.9963720703125
2025-11-26 19:27:35.402369024,s3-eth2,0.0036279296875,99.9963720703125
2025-11-26 19:27:36.403460096,s1-eth1,0.0029877471923828126,99.99701225280762
2025-11-26 19:27:36.403565056,s2-eth2,0.0029877471923828126,99.99701225280762
2025-11-26 19:27:36.403714048,s3-eth2,0.0029877471923828126,99.99701225280762
2025-11-26 19:27:37.404583936,s1-eth1,0.0029877471923828126,99.99701225280762
2025-11-26 19:27:37.404689152,s2-eth2,0.0029877471923828126,99.99701225280762
2025-11-26 19:27:37.404835840,s3-eth2,0.0029877471923828126,99.99701225280762
2025-11-26 19:27:38.405726976,s1-eth1,60.639862060546875,39.360137939453125
2025-11-26 19:27:38.405842944,s2-eth2,60.4760856628418,39.5239143371582
2025-11-26 19:27:38.406001152,s3-eth2,60.2553596496582,39.7446403503418
2025-11-26 19:27:39.406971904,s1-eth1,16.231151580810547,83.76884841918945
2025-11-26 19:27:39.407100928,s2-eth2,75.97681427001953,24.02318572998047
2025-11-26 19:27:39.407268096,s3-eth2,67.04813385009766,32.951866149902344
2025-11-26 19:27:40.407852800,s1-eth1,59.90217590332031,40.09782409667969
2025-11-26 19:27:40.407898880,s2-eth2,66.05561065673828,33.94438934326172
2025-11-26 19:27:40.407960064,s3-eth2,6.541542053222656,93.45845794677734
2025-11-26 19:27:41.408830976,s1-eth1,0.003631591796875,99.99636840820312
2025-11-26 19:27:41.408936960,s2-eth2,0.0029877471923828126,99.99701225280762
2025-11-26 19:27:41.409088000,s3-eth2,0.0029877471923828126,99.99701225280762
2025-11-26 19:27:42.409641984,s1-eth1,0.00299072265625,99.99700927734375
2025-11-26 19:27:42.409679872,s2-eth2,0.00299072265625,99.99700927734375
2025-11-26 19:27:42.409735936,s3-eth2,0.00299072265625,99.99700927734375
2025-11-26 19:27:43.410130944,s1-eth1,0.00299072265625,99.99700927734375
2025-11-26 19:27:43.410170112,s2-eth2,0.00299072265625,99.99700927734375
2025-11-26 19:27:43.410224896,s3-eth2,0.00299072265625,99.99700927734375
2025-11-26 19:27:44.410988032,s1-eth1,0.00299072265625,99.99700927734375
2025-11-26 19:27:44.411092992,s2-eth2,0.003631591796875,99.99636840820312
2025-11-26 19:27:44.411244032,s3-eth2,0.0036279296875,99.9963720703125
2025-11-26 19:27:45.412144896,s1-eth1,0.0029877471923828126,99.99701225280762
2025-11-26 19:27:45.412259072,s2-eth2,0.0029877471923828126,99.99701225280762
2025-11-26 19:27:45.412407040,s3-eth2,0.0029877471923828126,99.99701225280762
2025-11-26 19:27:46.413507072,s1-eth1,50.90073013305664,49.09926986694336
2025-11-26 19:27:46.413635072,s2-eth2,0.0029877471923828126,99.99701225280762
2025-11-26 19:27:46.413785856,s3-eth2,0.0029877471923828126,99.99701225280762
2025-11-26 19:27:47.414707968,s1-eth1,17.628162384033203,82.3718376159668
2025-11-26 19:27:47.414825984,s2-eth2,0.0029877471923828126,99.99701225280762
2025-11-26 19:27:47.414989056,s3-eth2,0.0029877471923828126,99.99701225280762
2025-11-26 19:27:48.415878144,s1-eth1,0.0029877471923828126,99.99701225280762
2025-11-26 19:27:48.415997952,s2-eth2,65.0215835571289,34.978416442871094
2025-11-26 19:27:48.416156928,s3-eth2,0.0029877471923828126,99.99701225280762
2025-11-26 19:27:49.417041152,s1-eth1,0.0029877471923828126,99.99701225280762
2025-11-26 19:27:49.417146880,s2-eth2,0.0029877471923828126,99.99701225280762
2025-11-26 19:27:49.417295104,s3-eth2,0.0029877471923828126,99.99701225280762
2025-11-26 19:27:50.417839104,s1-eth1,0.00299072265625,99.99700927734375
2025-11-26 19:27:50.417878016,s2-eth2,0.00299072265625,99.99700927734375
2025-11-26 19:27:50.417933056,s3-eth2,0.00299072265625,99.99700927734375
2025-11-26 19:27:51.418752000,s1-eth1,0.00299072265625,99.99700927734375
2025-11-26 19:27:51.418871040,s2-eth2,0.00299072265625,99.99700927734375
2025-11-26 19:27:51.419020800,s3-eth2,0.0029877471923828126,99.99701225280762
2025-11-26 19:27:52.419742976,s1-eth1,43.942413330078125,56.057586669921875
2025-11-26 19:27:52.419868928,s2-eth2,43.73503112792969,56.26496887207031
2025-11-26 19:27:52.420038912,s3-eth2,0.0029877471923828126,99.99701225280762
2025-11-26 19:27:53.420958976,s1-eth1,21.598215103149414,78.40178489685059
2025-11-26 19:27:53.421086976,s2-eth2,80.01236724853516,19.987632751464844
2025-11-26 19:27:53.421256960,s3-eth2,0.00149383544921875,99.99850616455078
2025-11-26 19:27:54.422151168,s1-eth1,0.0029877471923828126,99.99701225280762
2025-11-26 19:27:54.422267904,s2-eth2,6.814596633911133,93.18540336608886
2025-11-26 19:27:54.422429952,s3-eth2,0.004481582641601562,99.9955184173584
2025-11-26 19:27:55.423320064,s1-eth1,0.0029877471923828126,99.99701225280762
2025-11-26 19:27:55.423425024,s2-eth2,0.0022408294677734373,99.99775917053222
2025-11-26 19:27:55.423588096,s3-eth2,63.63848114013672,36.36151885986328
2025-11-26 19:27:56.424644096,s1-eth1,0.0036279296875,99.9963720703125
2025-11-26 19:27:56.424750080,s2-eth2,0.004374923706054687,99.99562507629395
2025-11-26 19:27:56.424911872,s3-eth2,5.8907389831542964,94.1092610168457
2025-11-26 19:27:57.425487104,s1-eth1,0.00299072265625,99.99700927734375
2025-11-26 19:27:57.425524992,s2-eth2,0.00299072265625,99.99700927734375
2025-11-26 19:27:57.425581056,s3-eth2,0.00299072265625,99.99700927734375
2025-11-26 19:27:58.425957888,s1-eth1,0.00299072265625,99.99700927734375
2025-11-26 19:27:58.425996032,s2-eth2,0.00299072265625,99.99700927734375
2025-11-26 19:27:58.426050048,s3-eth2,0.00299072265625,99.99700927734375
2025-11-26 19:27:59.426418944,s1-eth1,0.00299072265625,99.99700927734375
2025-11-26 19:27:59.426456832,s2-eth2,0.00299072265625,99.99700927734375
2025-11-26 19:27:59.426512128,s3-eth2,0.00299072265625,99.99700927734375
2025-11-26 19:28:00.427227136,s1-eth1,0.00299072265625,99.99700927734375
2025-11-26 19:28:00.427339008,s2-eth2,64.9649658203125,35.0350341796875
2025-11-26 19:28:00.427504896,s3-eth2,0.003631591796875,99.99636840820312
2025-11-26 19:28:01.428088832,s1-eth1,0.00299072265625,99.99700927734375
2025-11-26 19:28:01.428128000,s2-eth2,0.00299072265625,99.99700927734375
2025-11-26 19:28:01.428183040,s3-eth2,0.00299072265625,99.99700927734375
2025-11-26 19:28:02.428553984,s1-eth1,0.00299072265625,99.99700927734375
2025-11-26 19:28:02.428592896,s2-eth2,0.00299072265625,99.99700927734375
2025-11-26 19:28:02.428647168,s3-eth2,0.00299072265625,99.99700927734375
2025-11-26 19:28:03.429025024,s1-eth1,0.00299072265625,99.99700927734375
2025-11-26 19:28:03.429063168,s2-eth2,0.00299072265625,99.99700927734375
2025-11-26 19:28:03.429117952,s3-eth2,0.00299072265625,99.99700927734375
2025-11-26 19:28:04.429875968,s1-eth1,94.4771728515625,5.5228271484375
2025-11-26 19:28:04.430002944,s2-eth2,47.41679382324219,52.58320617675781
2025-11-26 19:28:04.430170112,s3-eth2,0.0022408294677734373,99.99775917053222
2025-11-26 19:28:05.431140864,s1-eth1,30.583545684814453,69.41645431518555
2025-11-26 19:28:05.431267072,s2-eth2,12.348567962646484,87.65143203735352
2025-11-26 19:28:05.431430144,s3-eth2,0.0037346649169921874,99.99626533508301
2025-11-26 19:28:06.432486144,s1-eth1,0.0036279296875,99.9963720703125
2025-11-26 19:28:06.432593152,s2-eth2,0.0036279296875,99.9963720703125
2025-11-26 19:28:06.432755968,s3-eth2,0.0036279296875,99.9963720703125
2025-11-26 19:28:07.433649920,s1-eth1,65.47845458984375,34.52154541015625
2025-11-26 19:28:07.433764864,s2-eth2,65.47845458984375,34.52154541015625
2025-11-26 19:28:07.433939968,s3-eth2,0.0029877471923828126,99.99701225280762
2025-11-26 19:28:08.434809088,s1-eth1,0.012659759521484374,99.98734024047852
2025-11-26 19:28:08.434945024,s2-eth2,0.012659759521484374,99.98734024047852
2025-11-26 19:28:08.435113984,s3-eth2,0.0029877471923828126,99.99701225280762
2025-11-26 19:28:09.435977984,s1-eth1,0.0029877471923828126,99.99701225280762
2025-11-26 19:28:09.436083200,s2-eth2,0.0029877471923828126,99.99701225280762
2025-11-26 19:28:09.436236032,s3-eth2,0.00641754150390625,99.99358245849609
2025-11-26 19:28:10.437138944,s1-eth1,0.0036279296875,99.9963720703125
2025-11-26 19:28:10.437246208,s2-eth2,0.0036279296875,99.9963720703125
2025-11-26 19:28:10.437412096,s3-eth2,69.52290344238281,30.477096557617188
2025-11-26 19:28:11.438441984,s1-eth1,0.0029877471923828126,99.99701225280762
2025-11-26 19:28:11.438553088,s2-eth2,62.82700729370117,37.17299270629883
2025-11-26 19:28:11.438735104,s3-eth2,0.0029877471923828126,99.99701225280762
2025-11-26 19:28:12.439534848,s1-eth1,0.0029877471923828126,99.99701225280762
2025-11-26 19:28:12.439646976,s2-eth2,1.9077831268310548,98.09221687316895
2025-11-26 19:28:12.439830016,s3-eth2,0.0029877471923828126,99.99701225280762
2025-11-26 19:28:13.440717824,s1-eth1,0.0029877471923828126,99.99701225280762
2025-11-26 19:28:13.440825856,s2-eth2,0.0029877471923828126,99.99701225280762
2025-11-26 19:28:13.440975872,s3-eth2,0.0029877471923828126,99.99701225280762
2025-11-26 19:28:14.441853952,s1-eth1,0.0029877471923828126,99.99701225280762
2025-11-26 19:28:14.441958912,s2-eth2,0.0029877471923828126,99.99701225280762
2025-11-26 19:28:14.442106880,s3-eth2,0.0029877471923828126,99.99701225280762
2025-11-26 19:28:15.442651136,s1-eth1,0.00299072265625,99.99700927734375
2025-11-26 19:28:15.442689024,s2-eth2,0.00299072265625,99.99700927734375
2025-11-26 19:28:15.442745088,s3-eth2,0.00299072265625,99.99700927734375
2025-11-26 19:28:16.443767040,s1-eth1,0.0029877471923828126,99.99701225280762
2025-11-26 19:28:16.443872000,s2-eth2,0.0029877471923828126,99.99701225280762
2025-11-26 19:28:16.444022016,s3-eth2,0.0029877471923828126,99.99701225280762
2025-11-26 19:28:17.444904192,s1-eth1,0.0029877471923828126,99.99701225280762
2025-11-26 19:28:17.445009920,s2-eth2,0.0029877471923828126,99.99701225280762
2025-11-26 19:28:17.445157888,s3-eth2,0.0029877471923828126,99.99701225280762
2025-11-26 19:28:18.445733120,s1-eth1,56.4752197265625,43.5247802734375
2025-11-26 19:28:18.445775872,s2-eth2,0.0022430419921875,99.99775695800781
2025-11-26 19:28:18.445831168,s3-eth2,0.001495361328125,99.99850463867188
2025-11-26 19:28:19.446546944,s1-eth1,12.122055053710938,87.87794494628906
2025-11-26 19:28:19.446662912,s2-eth2,0.0037384033203125,99.99626159667969
2025-11-26 19:28:19.446819072,s3-eth2,0.0037384033203125,99.99626159667969
2025-11-26 19:28:20.447755008,s1-eth1,50.058006286621094,49.941993713378906
2025-11-26 19:28:20.447876864,s2-eth2,50.667518615722656,49.332481384277344
2025-11-26 19:28:20.448039168,s3-eth2,50.88774108886719,49.11225891113281
2025-11-26 19:28:21.448638976,s1-eth1,17.399864196777344,82.60013580322266
2025-11-26 19:28:21.448681216,s2-eth2,16.78974151611328,83.21025848388672
2025-11-26 19:28:21.448887040,s3-eth2,16.569297790527344,83.43070220947266
2025-11-26 19:28:22.449253120,s1-eth1,0.00299072265625,99.99700927734375
2025-11-26 19:28:22.449291008,s2-eth2,0.00299072265625,99.99700927734375
2025-11-26 19:28:22.449351168,s3-eth2,0.00299072265625,99.99700927734375
2025-11-26 19:28:23.449707008,s1-eth1,0.00299072265625,99.99700927734375
2025-11-26 19:28:23.449750016,s2-eth2,0.00299072265625,99.99700927734375
2025-11-26 19:28:23.449804032,s3-eth2,0.00299072265625,99.99700927734375
2025-11-26 19:28:24.450454016,s1-eth1,0.00299072265625,99.99700927734375
2025-11-26 19:28:24.450557952,s2-eth2,0.00299072265625,99.99700927734375
2025-11-26 19:28:24.450715904,s3-eth2,0.00299072265625,99.99700927734375
2025-11-26 19:28:25.451597056,s1-eth1,48.71648406982422,51.28351593017578
2025-11-26 19:28:25.451723008,s2-eth2,0.0029877471923828126,99.99701225280762
2025-11-26 19:28:25.451886848,s3-eth2,0.0029877471923828126,99.99701225280762
2025-11-26 19:28:26.452914944,s1-eth1,16.346424102783203,83.6535758972168
2025-11-26 19:28:26.453058048,s2-eth2,62.549495697021484,37.450504302978516
2025-11-26 19:28:26.453216000,s3-eth2,62.714813232421875,37.285186767578125
2025-11-26 19:28:27.454195968,s1-eth1,51.4705810546875,48.5294189453125
2025-11-26 19:28:27.454343168,s2-eth2,49.91730880737305,50.08269119262695
2025-11-26 19:28:27.454514944,s3-eth2,1.6320883178710937,98.3679116821289
2025-11-26 19:28:28.455457024,s1-eth1,76.48826599121094,23.511734008789062
2025-11-26 19:28:28.455581952,s2-eth2,8.960301361083985,91.03969863891601
2025-11-26 19:28:28.455753984,s3-eth2,0.0036279296875,99.9963720703125
2025-11-26 19:28:29.456320000,s1-eth1,0.00299072265625,99.99700927734375
2025-11-26 19:28:29.456360192,s2-eth2,0.00299072265625,99.99700927734375
2025-11-26 19:28:29.456414976,s3-eth2,0.00299072265625,99.99700927734375
2025-11-26 19:28:30.456783104,s1-eth1,0.00299072265625,99.99700927734375
2025-11-26 19:28:30.456820992,s2-eth2,0.00299072265625,99.99700927734375
2025-11-26 19:28:30.456876032,s3-eth2,0.0022430419921875,99.99775695800781
2025-11-26 19:28:31.457246976,s1-eth1,0.00299072265625,99.99700927734375
2025-11-26 19:28:31.457285888,s2-eth2,0.00299072265625,99.99700927734375
2025-11-26 19:28:31.457341952,s3-eth2,0.00299072265625,99.99700927734375
2025-11-26 19:28:32.457737984,s1-eth1,59.908843994140625,40.091156005859375
2025-11-26 19:28:32.457778944,s2-eth2,53.11238098144531,46.88761901855469
2025-11-26 19:28:32.457927936,s3-eth2,52.914276123046875,47.085723876953125
2025-11-26 19:28:33.458512896,s1-eth1,78.3213119506836,21.678688049316406
2025-11-26 19:28:33.458554880,s2-eth2,15.196922302246094,84.8030776977539
2025-11-26 19:28:33.458616064,s3-eth2,15.395027160644531,84.60497283935547
2025-11-26 19:28:34.458993920,s1-eth1,0.0122833251953125,99.98771667480469
2025-11-26 19:28:34.459033088,s2-eth2,0.00299072265625,99.99700927734375
2025-11-26 19:28:34.459089152,s3-eth2,0.00299072265625,99.99700927734375
2025-11-26 19:28:35.459974144,s1-eth1,0.00299072265625,99.99700927734375
2025-11-26 19:28:35.460082176,s2-eth2,0.0029877471923828126,99.99701225280762
2025-11-26 19:28:35.460231936,s3-eth2,0.0029877471923828126,99.99701225280762
2025-11-26 19:28:36.460894208,s1-eth1,53.46246337890625,46.53753662109375
2025-11-26 19:28:36.460956928,s2-eth2,57.32989501953125,42.67010498046875
2025-11-26 19:28:36.461038080,s3-eth2,57.10969543457031,42.89030456542969
2025-11-26 19:28:37.461838848,s1-eth1,15.136070251464844,84.86392974853516
2025-11-26 19:28:37.461957888,s2-eth2,9.157255172729492,90.84274482727051
2025-11-26 19:28:37.462120960,s3-eth2,9.377235412597656,90.62276458740234
2025-11-26 19:28:38.463032064,s1-eth1,0.0029877471923828126,99.99701225280762
2025-11-26 19:28:38.463136000,s2-eth2,0.0029877471923828126,99.99701225280762
2025-11-26 19:28:38.463284992,s3-eth2,0.0029877471923828126,99.99701225280762
2025-11-26 19:28:39.464155904,s1-eth1,0.0029877471923828126,99.99701225280762
2025-11-26 19:28:39.464261888,s2-eth2,0.0029877471923828126,99.99701225280762
2025-11-26 19:28:39.464410112,s3-eth2,0.0029877471923828126,99.99701225280762
2025-11-26 19:28:40.465296896,s1-eth1,0.0029877471923828126,99.99701225280762
2025-11-26 19:28:40.465400832,s2-eth2,0.0029877471923828126,99.99701225280762
2025-11-26 19:28:40.465550848,s3-eth2,0.0029877471923828126,99.99701225280762
2025-11-26 19:28:41.466445824,s1-eth1,0.0029877471923828126,99.99701225280762
2025-11-26 19:28:41.466550016,s2-eth2,0.0029877471923828126,99.99701225280762
2025-11-26 19:28:41.466697984,s3-eth2,0.0029877471923828126,99.99701225280762
2025-11-26 19:28:42.467595008,s1-eth1,0.0029877471923828126,99.99701225280762
2025-11-26 19:28:42.467700992,s2-eth2,0.0029877471923828126,99.99701225280762
2025-11-26 19:28:42.467849984,s3-eth2,0.0029877471923828126,99.99701225280762
2025-11-26 19:28:43.468722944,s1-eth1,0.0029877471923828126,99.99701225280762
2025-11-26 19:28:43.468827904,s2-eth2,0.0029877471923828126,99.99701225280762
2025-11-26 19:28:43.468976128,s3-eth2,0.0029877471923828126,99.99701225280762
2025-11-26 19:28:44.469867008,s1-eth1,0.0029877471923828126,99.99701225280762
2025-11-26 19:28:44.469984000,s2-eth2,0.0029877471923828126,99.99701225280762
2025-11-26 19:28:44.470132992,s3-eth2,0.0029877471923828126,99.99701225280762
2025-11-26 19:28:45.471049984,s1-eth1,0.0036279296875,99.9963720703125
2025-11-26 19:28:45.471164928,s2-eth2,0.0042681884765625,99.99573181152344
2025-11-26 19:28:45.471313920,s3-eth2,0.0042681884765625,99.99573181152344
2025-11-26 19:28:46.472210944,s1-eth1,0.0029877471923828126,99.99701225280762
2025-11-26 19:28:46.472316928,s2-eth2,0.0029877471923828126,99.99701225280762
2025-11-26 19:28:46.472465152,s3-eth2,0.0029877471923828126,99.99701225280762
2025-11-26 19:28:47.473352960,s1-eth1,0.0029877471923828126,99.99701225280762
2025-11-26 19:28:47.473457152,s2-eth2,0.0029877471923828126,99.99701225280762
2025-11-26 19:28:47.473604864,s3-eth2,0.0029877471923828126,99.99701225280762
2025-11-26 19:28:48.474139904,s1-eth1,0.00299072265625,99.99700927734375
2025-11-26 19:28:48.474179072,s2-eth2,0.00299072265625,99.99700927734375
2025-11-26 19:28:48.474232832,s3-eth2,0.00299072265625,99.99700927734375
2025-11-26 19:28:49.474801152,s1-eth1,0.00299072265625,99.99700927734375
2025-11-26 19:28:49.474932992,s2-eth2,65.08485412597656,34.91514587402344
2025-11-26 19:28:49.475092992,s3-eth2,0.00299072265625,99.99700927734375
2025-11-26 19:28:50.475940864,s1-eth1,0.0029877471923828126,99.99701225280762
2025-11-26 19:28:50.476051200,s2-eth2,0.004634017944335937,99.99536598205566
2025-11-26 19:28:50.476200960,s3-eth2,0.0036279296875,99.9963720703125
2025-11-26 19:28:51.477076992,s1-eth1,41.813594818115234,58.186405181884766
2025-11-26 19:28:51.477200896,s2-eth2,41.594879150390625,58.405120849609375
2025-11-26 19:28:51.477361920,s3-eth2,0.0029877471923828126,99.99701225280762
2025-11-26 19:28:52.477908992,s1-eth1,24.007652282714844,75.99234771728516
2025-11-26 19:28:52.477953792,s2-eth2,24.226585388183594,75.7734146118164
2025-11-26 19:28:52.478012160,s3-eth2,0.00299072265625,99.99700927734375
2025-11-26 19:28:53.478374912,s1-eth1,0.00299072265625,99.99700927734375
2025-11-26 19:28:53.478415104,s2-eth2,0.00299072265625,99.99700927734375
2025-11-26 19:28:53.478472960,s3-eth2,62.42057800292969,37.57942199707031
2025-11-26 19:28:54.478938112,s1-eth1,0.00299072265625,99.99700927734375
2025-11-26 19:28:54.478977024,s2-eth2,0.00299072265625,99.99700927734375
2025-11-26 19:28:54.479036160,s3-eth2,7.177528381347656,92.82247161865234
2025-11-26 19:28:55.479438080,s1-eth1,45.311065673828125,54.688934326171875
2025-11-26 19:28:55.479552000,s2-eth2,45.95457458496094,54.04542541503906
2025-11-26 19:28:55.479710208,s3-eth2,0.00299072265625,99.99700927734375
2025-11-26 19:28:56.480253952,s1-eth1,20.244903564453125,79.75509643554688
2025-11-26 19:28:56.480294912,s2-eth2,84.55351257324219,15.446487426757812
2025-11-26 19:28:56.480356864,s3-eth2,0.00299072265625,99.99700927734375
2025-11-26 19:28:57.480717824,s1-eth1,0.00299072265625,99.99700927734375
2025-11-26 19:28:57.480758016,s2-eth2,0.01320648193359375,99.9867935180664
2025-11-26 19:28:57.480814080,s3-eth2,0.00299072265625,99.99700927734375
2025-11-26 19:28:58.481175808,s1-eth1,0.00299072265625,99.99700927734375
2025-11-26 19:28:58.481213952,s2-eth2,0.00299072265625,99.99700927734375
2025-11-26 19:28:58.481268992,s3-eth2,0.00299072265625,99.99700927734375
2025-11-26 19:28:59.481966848,s1-eth1,0.003631591796875,99.99636840820312
2025-11-26 19:28:59.482072064,s2-eth2,0.00299072265625,99.99700927734375
2025-11-26 19:28:59.482222080,s3-eth2,0.00299072265625,99.99700927734375
2025-11-26 19:29:00.483154944,s1-eth1,50.424156188964844,49.575843811035156
2025-11-26 19:29:00.483280896,s2-eth2,0.0029877471923828126,99.99701225280762
2025-11-26 19:29:00.483431936,s3-eth2,0.0029877471923828126,99.99701225280762
2025-11-26 19:29:01.484375040,s1-eth1,15.676058807373046,84.32394119262696
2025-11-26 19:29:01.484502016,s2-eth2,0.0029877471923828126,99.99701225280762
2025-11-26 19:29:01.484652032,s3-eth2,0.0029877471923828126,99.99701225280762
2025-11-26 19:29:02.485563136,s1-eth1,0.0029877471923828126,99.99701225280762
2025-11-26 19:29:02.485668864,s2-eth2,0.0029877471923828126,99.99701225280762
2025-11-26 19:29:02.485819136,s3-eth2,0.0029877471923828126,99.99701225280762
2025-11-26 19:29:03.486361856,s1-eth1,0.00299072265625,99.99700927734375
2025-11-26 19:29:03.486400000,s2-eth2,0.00299072265625,99.99700927734375
2025-11-26 19:29:03.486455040,s3-eth2,0.00299072265625,99.99700927734375
2025-11-26 19:29:04.486839040,s1-eth1,0.00299072265625,99.99700927734375
2025-11-26 19:29:04.486888960,s2-eth2,56.26100158691406,43.73899841308594
2025-11-26 19:29:04.486948864,s3-eth2,0.00299072265625,99.99700927734375
2025-11-26 19:29:05.487323904,s1-eth1,0.00299072265625,99.99700927734375
2025-11-26 19:29:05.487366912,s2-eth2,70.37845611572266,29.621543884277344
2025-11-26 19:29:05.487428864,s3-eth2,0.00299072265625,99.99700927734375
2025-11-26 19:29:06.487816192,s1-eth1,0.00299072265625,99.99700927734375
2025-11-26 19:29:06.487855872,s2-eth2,3.4152145385742188,96.58478546142578
2025-11-26 19:29:06.487917056,s3-eth2,0.00299072265625,99.99700927734375
2025-11-26 19:29:07.488662016,s1-eth1,65.54104614257812,34.458953857421875
2025-11-26 19:29:07.488780032,s2-eth2,65.54393005371094,34.45606994628906
2025-11-26 19:29:07.488948224,s3-eth2,0.0029877471923828126,99.99701225280762
2025-11-26 19:29:08.489518848,s1-eth1,0.01567840576171875,99.98432159423828
2025-11-26 19:29:08.489562112,s2-eth2,0.01279449462890625,99.9872055053711
2025-11-26 19:29:08.489625088,s3-eth2,0.00299072265625,99.99700927734375
2025-11-26 19:29:09.489989120,s1-eth1,0.00299072265625,99.99700927734375
2025-11-26 19:29:09.490031872,s2-eth2,61.16307067871094,38.83692932128906
2025-11-26 19:29:09.490088960,s3-eth2,61.38420104980469,38.61579895019531
2025-11-26 19:29:10.490833920,s1-eth1,57.313079833984375,42.686920166015625
2025-11-26 19:29:10.490968832,s2-eth2,3.2476959228515625,96.75230407714844
2025-11-26 19:29:10.491127040,s3-eth2,3.0235421752929685,96.97645782470703
2025-11-26 19:29:11.492166144,s1-eth1,60.197792053222656,39.802207946777344
2025-11-26 19:29:11.492311040,s2-eth2,49.5924072265625,50.4075927734375
2025-11-26 19:29:11.492512000,s3-eth2,0.0029877471923828126,99.99701225280762
2025-11-26 19:29:12.493478144,s1-eth1,16.56919288635254,83.43080711364746
2025-11-26 19:29:12.493601024,s2-eth2,15.905139007568359,84.09486099243165
2025-11-26 19:29:12.493794816,s3-eth2,0.0036279296875,99.9963720703125
2025-11-26 19:29:13.494652928,s1-eth1,0.0029877471923828126,99.99701225280762
2025-11-26 19:29:13.494757888,s2-eth2,0.0029877471923828126,99.99701225280762
2025-11-26 19:29:13.494947840,s3-eth2,0.0029877471923828126,99.99701225280762
2025-11-26 19:29:14.495857920,s1-eth1,0.0029877471923828126,99.99701225280762
2025-11-26 19:29:14.495963136,s2-eth2,0.0029877471923828126,99.99701225280762
2025-11-26 19:29:14.496114944,s3-eth2,0.007454071044921875,99.99254592895508
2025-11-26 19:29:15.497037824,s1-eth1,0.0029877471923828126,99.99701225280762
2025-11-26 19:29:15.497143040,s2-eth2,0.0029877471923828126,99.99701225280762
2025-11-26 19:29:15.497307904,s3-eth2,69.52123260498047,30.47876739501953
2025-11-26 19:29:16.498241792,s1-eth1,0.0029877471923828126,99.99701225280762
2025-11-26 19:29:16.498348032,s2-eth2,0.0029877471923828126,99.99701225280762
2025-11-26 19:29:16.498509056,s3-eth2,0.0029877471923828126,99.99701225280762
2025-11-26 19:29:17.499360000,s1-eth1,0.0029877471923828126,99.99701225280762
2025-11-26 19:29:17.499463936,s2-eth2,0.0029877471923828126,99.99701225280762
2025-11-26 19:29:17.499622144,s3-eth2,0.0029877471923828126,99.99701225280762
2025-11-26 19:29:18.500439808,s1-eth1,0.0036279296875,99.9963720703125
2025-11-26 19:29:18.500545024,s2-eth2,0.0036279296875,99.9963720703125
2025-11-26 19:29:18.500702976,s3-eth2,0.0036279296875,99.9963720703125
2025-11-26 19:29:19.501519872,s1-eth1,0.0029877471923828126,99.99701225280762
2025-11-26 19:29:19.501623040,s2-eth2,0.0029877471923828126,99.99701225280762
2025-11-26 19:29:19.501779200,s3-eth2,0.0029877471923828126,99.99701225280762
2025-11-26 19:29:20.502305024,s1-eth1,53.677093505859375,46.322906494140625
2025-11-26 19:29:20.502348032,s2-eth2,54.30931091308594,45.69068908691406
2025-11-26 19:29:20.502412032,s3-eth2,54.529754638671875,45.470245361328125
2025-11-26 19:29:21.502789888,s1-eth1,12.478843688964844,87.52115631103516
2025-11-26 19:29:21.502832896,s2-eth2,11.845985412597656,88.15401458740234
2025-11-26 19:29:21.502906112,s3-eth2,11.625541687011719,88.37445831298828
2025-11-26 19:29:22.503272960,s1-eth1,0.00299072265625,99.99700927734375
2025-11-26 19:29:22.503312128,s2-eth2,0.00299072265625,99.99700927734375
2025-11-26 19:29:22.503372032,s3-eth2,0.00299072265625,99.99700927734375
2025-11-26 19:29:23.503947008,s1-eth1,0.00299072265625,99.99700927734375
2025-11-26 19:29:23.504051968,s2-eth2,0.00299072265625,99.99700927734375
2025-11-26 19:29:23.504212992,s3-eth2,0.00299072265625,99.99700927734375
2025-11-26 19:29:24.505292032,s1-eth1,52.29486083984375,47.70513916015625
2025-11-26 19:29:24.505413120,s2-eth2,0.0029877471923828126,99.99701225280762
2025-11-26 19:29:24.505591040,s3-eth2,0.0029877471923828126,99.99701225280762
2025-11-26 19:29:25.506576896,s1-eth1,63.7632942199707,36.2367057800293
2025-11-26 19:29:25.506694912,s2-eth2,0.0029877471923828126,99.99701225280762
2025-11-26 19:29:25.506885888,s3-eth2,0.0029877471923828126,99.99701225280762
2025-11-26 19:29:26.507858944,s1-eth1,15.342644653320313,84.65735534667968
2025-11-26 19:29:26.507983872,s2-eth2,0.0029877471923828126,99.99701225280762
2025-11-26 19:29:26.508142080,s3-eth2,0.0029877471923828126,99.99701225280762
2025-11-26 19:29:27.509017856,s1-eth1,0.0029877471923828126,99.99701225280762
2025-11-26 19:29:27.509138176,s2-eth2,0.0029877471923828126,99.99701225280762
2025-11-26 19:29:27.509284864,s3-eth2,0.0029877471923828126,99.99701225280762
2025-11-26 19:29:28.510132992,s1-eth1,0.0029877471923828126,99.99701225280762
2025-11-26 19:29:28.510251008,s2-eth2,0.0029877471923828126,99.99701225280762
2025-11-26 19:29:28.510398976,s3-eth2,0.0029877471923828126,99.99701225280762
2025-11-26 19:29:29.511420928,s1-eth1,0.0029877471923828126,99.99701225280762
2025-11-26 19:29:29.511524864,s2-eth2,0.0029877471923828126,99.99701225280762
2025-11-26 19:29:29.511687168,s3-eth2,0.0029877471923828126,99.99701225280762
2025-11-26 19:29:30.512613888,s1-eth1,0.0029877471923828126,99.99701225280762
2025-11-26 19:29:30.512736000,s2-eth2,0.0036279296875,99.9963720703125
2025-11-26 19:29:30.512886016,s3-eth2,0.0036279296875,99.9963720703125
2025-11-26 19:29:31.513811200,s1-eth1,0.0029877471923828126,99.99701225280762
2025-11-26 19:29:31.513932032,s2-eth2,0.0029877471923828126,99.99701225280762
2025-11-26 19:29:31.514082816,s3-eth2,0.0029877471923828126,99.99701225280762
2025-11-26 19:29:32.515003904,s1-eth1,57.876434326171875,42.123565673828125
2025-11-26 19:29:32.515134976,s2-eth2,57.658226013183594,42.341773986816406
2025-11-26 19:29:32.515292928,s3-eth2,57.459571838378906,42.540428161621094
2025-11-26 19:29:33.516210944,s1-eth1,54.1204948425293,45.8795051574707
2025-11-26 19:29:33.516343040,s2-eth2,8.430511474609375,91.56948852539062
2025-11-26 19:29:33.516509952,s3-eth2,8.629165649414062,91.37083435058594
2025-11-26 19:29:34.517618944,s1-eth1,67.3814926147461,32.618507385253906
2025-11-26 19:29:34.517748992,s2-eth2,56.58321762084961,43.41678237915039
2025-11-26 19:29:34.517915904,s3-eth2,56.30680847167969,43.69319152832031
2025-11-26 19:29:35.518960896,s1-eth1,24.541431427001953,75.45856857299805
2025-11-26 19:29:35.519095040,s2-eth2,15.161231079101562,84.83876892089845
2025-11-26 19:29:35.519267072,s3-eth2,8.040238342285157,91.95976165771484
2025-11-26 19:29:36.520184064,s1-eth1,63.92380142211914,36.07619857788086
2025-11-26 19:29:36.520304896,s2-eth2,64.1083984375,35.8916015625
2025-11-26 19:29:36.520466176,s3-eth2,0.0029877471923828126,99.99701225280762
2025-11-26 19:29:37.521032960,s1-eth1,0.00299072265625,99.99700927734375
2025-11-26 19:29:37.521071872,s2-eth2,0.00299072265625,99.99700927734375
2025-11-26 19:29:37.521126912,s3-eth2,0.00299072265625,99.99700927734375
2025-11-26 19:29:38.521604096,s1-eth1,0.00299072265625,99.99700927734375
2025-11-26 19:29:38.521641984,s2-eth2,0.00299072265625,99.99700927734375
2025-11-26 19:29:38.521696000,s3-eth2,0.00299072265625,99.99700927734375
2025-11-26 19:29:39.522075904,s1-eth1,0.00299072265625,99.99700927734375
2025-11-26 19:29:39.522114048,s2-eth2,0.00299072265625,99.99700927734375
2025-11-26 19:29:39.522170112,s3-eth2,0.00299072265625,99.99700927734375
2025-11-26 19:29:40.522545152,s1-eth1,0.00299072265625,99.99700927734375
2025-11-26 19:29:40.522587904,s2-eth2,65.08090209960938,34.919097900390625
2025-11-26 19:29:40.522646784,s3-eth2,0.00299072265625,99.99700927734375
2025-11-26 19:29:41.523025920,s1-eth1,0.00299072265625,99.99700927734375
2025-11-26 19:29:41.523067904,s2-eth2,0.00858306884765625,99.99141693115234
2025-11-26 19:29:41.523125760,s3-eth2,0.00299072265625,99.99700927734375
2025-11-26 19:29:42.523495936,s1-eth1,0.00299072265625,99.99700927734375
2025-11-26 19:29:42.523534080,s2-eth2,0.00299072265625,99.99700927734375
2025-11-26 19:29:42.523653888,s3-eth2,0.00299072265625,99.99700927734375
2025-11-26 19:29:43.524178944,s1-eth1,0.00299072265625,99.99700927734375
2025-11-26 19:29:43.524256000,s2-eth2,0.00299072265625,99.99700927734375
2025-11-26 19:29:43.524401920,s3-eth2,0.00299072265625,99.99700927734375
2025-11-26 19:29:44.525464064,s1-eth1,0.0029877471923828126,99.99701225280762
2025-11-26 19:29:44.525569024,s2-eth2,0.0029877471923828126,99.99701225280762
2025-11-26 19:29:44.525718016,s3-eth2,0.0029877471923828126,99.99701225280762
2025-11-26 19:29:45.526679040,s1-eth1,43.29349899291992,56.70650100708008
2025-11-26 19:29:45.526796032,s2-eth2,44.01337432861328,55.98662567138672
2025-11-26 19:29:45.526969856,s3-eth2,0.0029877471923828126,99.99701225280762
2025-11-26 19:29:46.527919104,s1-eth1,22.19784927368164,77.80215072631836
2025-11-26 19:29:46.528043008,s2-eth2,21.47797393798828,78.52202606201172
2025-11-26 19:29:46.528204032,s3-eth2,0.0029877471923828126,99.99701225280762
2025-11-26 19:29:47.528804096,s1-eth1,0.00299072265625,99.99700927734375
2025-11-26 19:29:47.528916992,s2-eth2,0.00299072265625,99.99700927734375
2025-11-26 19:29:47.529063936,s3-eth2,0.00299072265625,99.99700927734375
2025-11-26 19:29:48.529916160,s1-eth1,0.0029877471923828126,99.99701225280762
2025-11-26 19:29:48.530020864,s2-eth2,0.0029877471923828126,99.99701225280762
2025-11-26 19:29:48.530168064,s3-eth2,0.0029877471923828126,99.99701225280762
2025-11-26 19:29:49.530738176,s1-eth1,0.00299072265625,99.99700927734375
2025-11-26 19:29:49.530777856,s2-eth2,0.00299072265625,99.99700927734375
2025-11-26 19:29:49.530839808,s3-eth2,60.2999267578125,39.7000732421875
2025-11-26 19:29:50.531575040,s1-eth1,0.00299072265625,99.99700927734375
2025-11-26 19:29:50.531685120,s2-eth2,64.79095458984375,35.20904541015625
2025-11-26 19:29:50.531853056,s3-eth2,9.288753509521484,90.71124649047852
2025-11-26 19:29:51.532434944,s1-eth1,0.00299072265625,99.99700927734375
2025-11-26 19:29:51.532474112,s2-eth2,0.00907135009765625,99.99092864990234
2025-11-26 19:29:51.532530944,s3-eth2,0.00299072265625,99.99700927734375
2025-11-26 19:29:52.533266944,s1-eth1,0.003631591796875,99.99636840820312
2025-11-26 19:29:52.533371904,s2-eth2,0.00299072265625,99.99700927734375
2025-11-26 19:29:52.533519872,s3-eth2,0.00299072265625,99.99700927734375
2025-11-26 19:29:53.534432768,s1-eth1,0.0029877471923828126,99.99701225280762
2025-11-26 19:29:53.534537984,s2-eth2,0.0029877471923828126,99.99701225280762
2025-11-26 19:29:53.534684928,s3-eth2,0.0029877471923828126,99.99701225280762
2025-11-26 19:29:54.535266048,s1-eth1,0.003631591796875,99.99636840820312
2025-11-26 19:29:54.535304192,s2-eth2,0.003631591796875,99.99636840820312
2025-11-26 19:29:54.535360000,s3-eth2,0.003631591796875,99.99636840820312
2025-11-26 19:29:55.536092160,s1-eth1,0.00299072265625,99.99700927734375
2025-11-26 19:29:55.536196864,s2-eth2,0.00299072265625,99.99700927734375
2025-11-26 19:29:55.536343040,s3-eth2,0.00299072265625,99.99700927734375
2025-11-26 19:29:56.537039104,s1-eth1,0.00299072265625,99.99700927734375
2025-11-26 19:29:56.537143040,s2-eth2,0.003631591796875,99.99636840820312
2025-11-26 19:29:56.537288960,s3-eth2,0.003631591796875,99.99636840820312
2025-11-26 19:29:57.538183936,s1-eth1,49.19858932495117,50.80141067504883
2025-11-26 19:29:57.538311936,s2-eth2,0.0029877471923828126,99.99701225280762
2025-11-26 19:29:57.538461952,s3-eth2,0.0029877471923828126,99.99701225280762
2025-11-26 19:29:58.539396096,s1-eth1,15.564955749511718,84.43504425048829
2025-11-26 19:29:58.539520000,s2-eth2,0.0029877471923828126,99.99701225280762
2025-11-26 19:29:58.539668992,s3-eth2,0.0029877471923828126,99.99701225280762
2025-11-26 19:29:59.540738048,s1-eth1,0.0036279296875,99.9963720703125
2025-11-26 19:29:59.540844032,s2-eth2,0.0036279296875,99.9963720703125
2025-11-26 19:29:59.540992000,s3-eth2,0.0036279296875,99.9963720703125
2025-11-26 19:30:00.541903872,s1-eth1,0.0029877471923828126,99.99701225280762
2025-11-26 19:30:00.542009088,s2-eth2,0.0029877471923828126,99.99701225280762
2025-11-26 19:30:00.542157056,s3-eth2,0.0029877471923828126,99.99701225280762
2025-11-26 19:30:01.542701056,s1-eth1,0.00299072265625,99.99700927734375
2025-11-26 19:30:01.542738944,s2-eth2,0.00299072265625,99.99700927734375
2025-11-26 19:30:01.542793984,s3-eth2,0.00299072265625,99.99700927734375
2025-11-26 19:30:02.543539968,s1-eth1,0.00299072265625,99.99700927734375
2025-11-26 19:30:02.543651072,s2-eth2,59.374969482421875,40.625030517578125
2025-11-26 19:30:02.543819008,s3-eth2,0.0029877471923828126,99.99701225280762
2025-11-26 19:30:03.544761856,s1-eth1,0.0029877471923828126,99.99701225280762
2025-11-26 19:30:03.544873984,s2-eth2,5.419149398803711,94.58085060119629
2025-11-26 19:30:03.545041920,s3-eth2,0.0029877471923828126,99.99701225280762
2025-11-26 19:30:04.546191104,s1-eth1,47.72270965576172,52.27729034423828
2025-11-26 19:30:04.546315008,s2-eth2,48.33171844482422,51.66828155517578
2025-11-26 19:30:04.546475776,s3-eth2,0.0029877471923828126,99.99701225280762
2025-11-26 19:30:05.547431936,s1-eth1,18.074554443359375,81.92544555664062
2025-11-26 19:30:05.547564032,s2-eth2,17.465543746948242,82.53445625305176
2025-11-26 19:30:05.547732224,s3-eth2,0.0029877471923828126,99.99701225280762
2025-11-26 19:30:06.548683008,s1-eth1,0.0029877471923828126,99.99701225280762
2025-11-26 19:30:06.548796928,s2-eth2,0.0029877471923828126,99.99701225280762
2025-11-26 19:30:06.548955904,s3-eth2,0.0029877471923828126,99.99701225280762
2025-11-26 19:30:07.549884928,s1-eth1,0.0029877471923828126,99.99701225280762
2025-11-26 19:30:07.550004992,s2-eth2,54.58843231201172,45.41156768798828
2025-11-26 19:30:07.550166016,s3-eth2,0.0029877471923828126,99.99701225280762
2025-11-26 19:30:08.551095040,s1-eth1,0.0029877471923828126,99.99701225280762
2025-11-26 19:30:08.551214848,s2-eth2,10.436158142089845,89.56384185791015
2025-11-26 19:30:08.551376128,s3-eth2,0.0029877471923828126,99.99701225280762
2025-11-26 19:30:09.552295936,s1-eth1,0.0029877471923828126,99.99701225280762
2025-11-26 19:30:09.552401152,s2-eth2,0.0029877471923828126,99.99701225280762
2025-11-26 19:30:09.552548864,s3-eth2,0.0029877471923828126,99.99701225280762
2025-11-26 19:30:10.553473024,s1-eth1,0.0036279296875,99.9963720703125
2025-11-26 19:30:10.553580032,s2-eth2,0.0029877471923828126,99.99701225280762
2025-11-26 19:30:10.553736960,s3-eth2,0.010906753540039062,99.98909324645996
2025-11-26 19:30:11.554672896,s1-eth1,65.24758911132812,34.752410888671875
2025-11-26 19:30:11.554790144,s2-eth2,65.02832794189453,34.97167205810547
2025-11-26 19:30:11.554972928,s3-eth2,69.47354125976562,30.526458740234375
2025-11-26 19:30:12.555923968,s1-eth1,1.8003466033935547,98.19965339660645
2025-11-26 19:30:12.556051968,s2-eth2,62.247318267822266,37.752681732177734
2025-11-26 19:30:12.556227072,s3-eth2,60.45092010498047,39.54907989501953
2025-11-26 19:30:13.557185024,s1-eth1,73.8346176147461,26.165382385253906
2025-11-26 19:30:13.557307904,s2-eth2,23.97013282775879,76.02986717224121
2025-11-26 19:30:13.557477120,s3-eth2,23.847225189208984,76.15277481079102
2025-11-26 19:30:14.558580992,s1-eth1,61.055118560791016,38.944881439208984
2025-11-26 19:30:14.558701056,s2-eth2,48.59309387207031,51.40690612792969
2025-11-26 19:30:14.558891008,s3-eth2,48.49577713012695,51.50422286987305
2025-11-26 19:30:15.559787008,s1-eth1,0.0029877471923828126,99.99701225280762
2025-11-26 19:30:15.559894016,s2-eth2,0.0036279296875,99.9963720703125
2025-11-26 19:30:15.560056832,s3-eth2,0.0036279296875,99.9963720703125
2025-11-26 19:30:16.560924928,s1-eth1,0.0029877471923828126,99.99701225280762
2025-11-26 19:30:16.561031936,s2-eth2,0.0029877471923828126,99.99701225280762
2025-11-26 19:30:16.561181952,s3-eth2,0.0029877471923828126,99.99701225280762
2025-11-26 19:30:17.562081024,s1-eth1,7.687930145263672,92.31206985473632
2025-11-26 19:30:17.562212864,s2-eth2,55.44034957885742,44.55965042114258
2025-11-26 19:30:17.562392832,s3-eth2,48.28870391845703,51.71129608154297
2025-11-26 19:30:18.563323136,s1-eth1,63.59442901611328,36.40557098388672
2025-11-26 19:30:18.563469056,s2-eth2,80.31239318847656,19.687606811523438
2025-11-26 19:30:18.563636992,s3-eth2,16.187654495239258,83.81234550476074
2025-11-26 19:30:19.564755968,s1-eth1,46.532073974609375,53.467926025390625
2025-11-26 19:30:19.564887040,s2-eth2,0.008696441650390624,99.99130355834961
2025-11-26 19:30:19.565052928,s3-eth2,0.0029877471923828126,99.99701225280762
2025-11-26 19:30:20.565984000,s1-eth1,18.965524673461914,81.03447532653809
2025-11-26 19:30:20.566096128,s2-eth2,0.0029877471923828126,99.99701225280762
2025-11-26 19:30:20.566253824,s3-eth2,0.0029877471923828126,99.99701225280762
2025-11-26 19:30:21.567155968,s1-eth1,0.0029877471923828126,99.99701225280762
2025-11-26 19:30:21.567260928,s2-eth2,0.0029877471923828126,99.99701225280762
2025-11-26 19:30:21.567409920,s3-eth2,0.0029877471923828126,99.99701225280762
2025-11-26 19:30:22.568304896,s1-eth1,0.0029877471923828126,99.99701225280762
2025-11-26 19:30:22.568411136,s2-eth2,0.0029877471923828126,99.99701225280762
2025-11-26 19:30:22.568558848,s3-eth2,0.0029877471923828126,99.99701225280762
2025-11-26 19:30:23.569442048,s1-eth1,0.0029877471923828126,99.99701225280762
2025-11-26 19:30:23.569561856,s2-eth2,0.0029877471923828126,99.99701225280762
2025-11-26 19:30:23.569710848,s3-eth2,0.0029877471923828126,99.99701225280762
2025-11-26 19:30:24.570710784,s1-eth1,0.0029877471923828126,99.99701225280762
2025-11-26 19:30:24.570832128,s2-eth2,0.0029877471923828126,99.99701225280762
2025-11-26 19:30:24.570998016,s3-eth2,0.0029877471923828126,99.99701225280762
2025-11-26 19:30:25.571915008,s1-eth1,56.482810974121094,43.517189025878906
2025-11-26 19:30:25.572047104,s2-eth2,56.264095306396484,43.735904693603516
2025-11-26 19:30:25.572206080,s3-eth2,56.04387283325195,43.95612716674805
2025-11-26 19:30:26.572781056,s1-eth1,56.236839294433594,43.763160705566406
2025-11-26 19:30:26.572835840,s2-eth2,9.834297180175781,90.16570281982422
2025-11-26 19:30:26.572896000,s3-eth2,10.054740905761719,89.94525909423828
2025-11-26 19:30:27.573633792,s1-eth1,69.15296936035156,30.847030639648438
2025-11-26 19:30:27.573758976,s2-eth2,0.003631591796875,99.99636840820312
2025-11-26 19:30:27.573911808,s3-eth2,0.0036279296875,99.9963720703125
2025-11-26 19:30:28.574862848,s1-eth1,17.628665924072266,82.37133407592773
2025-11-26 19:30:28.574982912,s2-eth2,0.0029877471923828126,99.99701225280762
2025-11-26 19:30:28.575133184,s3-eth2,0.0029877471923828126,99.99701225280762
2025-11-26 19:30:29.576174848,s1-eth1,0.0029877471923828126,99.99701225280762
2025-11-26 19:30:29.576279040,s2-eth2,0.0029877471923828126,99.99701225280762
2025-11-26 19:30:29.576428032,s3-eth2,0.0029877471923828126,99.99701225280762
2025-11-26 19:30:30.577012992,s1-eth1,45.28669738769531,54.71330261230469
2025-11-26 19:30:30.577053952,s2-eth2,0.00299072265625,99.99700927734375
2025-11-26 19:30:30.577112064,s3-eth2,0.00299072265625,99.99700927734375
2025-11-26 19:30:31.577852928,s1-eth1,21.60881805419922,78.39118194580078
2025-11-26 19:30:31.577960960,s2-eth2,0.00299072265625,99.99700927734375
2025-11-26 19:30:31.578115840,s3-eth2,0.0029877471923828126,99.99701225280762
2025-11-26 19:30:32.579047936,s1-eth1,0.0029877471923828126,99.99701225280762
2025-11-26 19:30:32.579153920,s2-eth2,0.0029877471923828126,99.99701225280762
2025-11-26 19:30:32.579302912,s3-eth2,0.0029877471923828126,99.99701225280762
2025-11-26 19:30:33.580200960,s1-eth1,0.0029877471923828126,99.99701225280762
2025-11-26 19:30:33.580306176,s2-eth2,0.0029877471923828126,99.99701225280762
2025-11-26 19:30:33.580455168,s3-eth2,0.0029877471923828126,99.99701225280762
2025-11-26 19:30:34.581527040,s1-eth1,0.0029877471923828126,99.99701225280762
2025-11-26 19:30:34.581632000,s2-eth2,0.0029877471923828126,99.99701225280762
2025-11-26 19:30:34.581782016,s3-eth2,0.0029877471923828126,99.99701225280762
2025-11-26 19:30:35.582387968,s1-eth1,0.00299072265625,99.99700927734375
2025-11-26 19:30:35.582430976,s2-eth2,65.08101654052734,34.918983459472656
2025-11-26 19:30:35.582499072,s3-eth2,0.00299072265625,99.99700927734375
2025-11-26 19:30:36.583277824,s1-eth1,0.00299072265625,99.99700927734375
2025-11-26 19:30:36.583386880,s2-eth2,0.008575439453125,99.99142456054688
2025-11-26 19:30:36.583542016,s3-eth2,0.0029877471923828126,99.99701225280762
2025-11-26 19:30:37.584134144,s1-eth1,0.00299072265625,99.99700927734375
2025-11-26 19:30:37.584173056,s2-eth2,0.00299072265625,99.99700927734375
2025-11-26 19:30:37.584229888,s3-eth2,0.00299072265625,99.99700927734375
2025-11-26 19:30:38.584961792,s1-eth1,0.00299072265625,99.99700927734375
2025-11-26 19:30:38.585067008,s2-eth2,0.00299072265625,99.99700927734375
2025-11-26 19:30:38.585214976,s3-eth2,0.00299072265625,99.99700927734375
2025-11-26 19:30:39.586291200,s1-eth1,0.0029877471923828126,99.99701225280762
2025-11-26 19:30:39.586396928,s2-eth2,0.0029877471923828126,99.99701225280762
2025-11-26 19:30:39.586545920,s3-eth2,0.0029877471923828126,99.99701225280762
2025-11-26 19:30:40.587469056,s1-eth1,0.0029877471923828126,99.99701225280762
2025-11-26 19:30:40.587585024,s2-eth2,0.0029877471923828126,99.99701225280762
2025-11-26 19:30:40.587732992,s3-eth2,0.0029877471923828126,99.99701225280762
2025-11-26 19:30:41.588643072,s1-eth1,0.0029877471923828126,99.99701225280762
2025-11-26 19:30:41.588756992,s2-eth2,0.0029877471923828126,99.99701225280762
2025-11-26 19:30:41.588907008,s3-eth2,0.0029877471923828126,99.99701225280762
2025-11-26 19:30:42.589833984,s1-eth1,0.0029877471923828126,99.99701225280762
2025-11-26 19:30:42.589947904,s2-eth2,0.0029877471923828126,99.99701225280762
2025-11-26 19:30:42.590096896,s3-eth2,0.0029877471923828126,99.99701225280762
2025-11-26 19:30:43.591016960,s1-eth1,0.0029877471923828126,99.99701225280762
2025-11-26 19:30:43.591127040,s2-eth2,0.0029877471923828126,99.99701225280762
2025-11-26 19:30:43.591276800,s3-eth2,0.0029877471923828126,99.99701225280762
2025-11-26 19:30:44.592296960,s1-eth1,0.0029877471923828126,99.99701225280762
2025-11-26 19:30:44.592401920,s2-eth2,0.0029877471923828126,99.99701225280762
2025-11-26 19:30:44.592549120,s3-eth2,0.0029877471923828126,99.99701225280762
2025-11-26 19:30:45.593459968,s1-eth1,0.0029877471923828126,99.99701225280762
2025-11-26 19:30:45.593564928,s2-eth2,0.0029877471923828126,99.99701225280762
2025-11-26 19:30:45.593713920,s3-eth2,0.0029877471923828126,99.99701225280762
2025-11-26 19:30:46.594595072,s1-eth1,0.0029877471923828126,99.99701225280762
2025-11-26 19:30:46.594699008,s2-eth2,0.0029877471923828126,99.99701225280762
2025-11-26 19:30:46.594857984,s3-eth2,0.0029877471923828126,99.99701225280762
2025-11-26 19:30:47.595763968,s1-eth1,48.30525588989258,51.69474411010742
2025-11-26 19:30:47.595889152,s2-eth2,0.0036279296875,99.9963720703125
2025-11-26 19:30:47.596039168,s3-eth2,0.0036279296875,99.9963720703125
2025-11-26 19:30:48.596954112,s1-eth1,16.75827407836914,83.24172592163086
2025-11-26 19:30:48.597079040,s2-eth2,0.0029877471923828126,99.99701225280762
2025-11-26 19:30:48.597228032,s3-eth2,0.0029877471923828126,99.99701225280762
2025-11-26 19:30:49.598278144,s1-eth1,0.0029877471923828126,99.99701225280762
2025-11-26 19:30:49.598382848,s2-eth2,0.0029877471923828126,99.99701225280762
2025-11-26 19:30:49.598531840,s3-eth2,0.0029877471923828126,99.99701225280762
2025-11-26 19:30:50.599463936,s1-eth1,6.264091491699219,93.73590850830078
2025-11-26 19:30:50.599580928,s2-eth2,71.38957977294922,28.61042022705078
2025-11-26 19:30:50.599750144,s3-eth2,0.0029877471923828126,99.99701225280762
2025-11-26 19:30:51.600688896,s1-eth1,64.16179656982422,35.83820343017578
2025-11-26 19:30:51.600804096,s2-eth2,63.8575553894043,36.1424446105957
2025-11-26 19:30:51.600967936,s3-eth2,0.0029877471923828126,99.99701225280762
2025-11-26 19:30:52.601524992,s1-eth1,0.00299072265625,99.99700927734375
2025-11-26 19:30:52.601563904,s2-eth2,0.003631591796875,99.99636840820312
2025-11-26 19:30:52.601618944,s3-eth2,0.003631591796875,99.99636840820312
2025-11-26 19:30:53.601985024,s1-eth1,0.00299072265625,99.99700927734375
2025-11-26 19:30:53.602022912,s2-eth2,0.00299072265625,99.99700927734375
2025-11-26 19:30:53.602077952,s3-eth2,0.00299072265625,99.99700927734375
2025-11-26 19:30:54.602465024,s1-eth1,0.00299072265625,99.99700927734375
2025-11-26 19:30:54.602505984,s2-eth2,61.88600158691406,38.11399841308594
2025-11-26 19:30:54.602567936,s3-eth2,0.00299072265625,99.99700927734375
2025-11-26 19:30:55.603324928,s1-eth1,47.07945251464844,52.92054748535156
2025-11-26 19:30:55.603446016,s2-eth2,50.655311584472656,49.344688415527344
2025-11-26 19:30:55.603617792,s3-eth2,0.0029877471923828126,99.99701225280762
2025-11-26 19:30:56.604197120,s1-eth1,18.482826232910156,81.51717376708984
2025-11-26 19:30:56.604242176,s2-eth2,17.817466735839844,82.18253326416016
2025-11-26 19:30:56.604304128,s3-eth2,0.00299072265625,99.99700927734375
2025-11-26 19:30:57.604690176,s1-eth1,0.003631591796875,99.99636840820312
2025-11-26 19:30:57.604729856,s2-eth2,0.00299072265625,99.99700927734375
2025-11-26 19:30:57.604859136,s3-eth2,0.00299072265625,99.99700927734375
2025-11-26 19:30:58.605406976,s1-eth1,0.00299072265625,99.99700927734375
2025-11-26 19:30:58.605446144,s2-eth2,0.00299072265625,99.99700927734375
2025-11-26 19:30:58.605499904,s3-eth2,0.00299072265625,99.99700927734375
2025-11-26 19:30:59.605879040,s1-eth1,0.003631591796875,99.99636840820312
2025-11-26 19:30:59.605917952,s2-eth2,0.00299072265625,99.99700927734375
2025-11-26 19:30:59.605972992,s3-eth2,0.00299072265625,99.99700927734375
2025-11-26 19:31:00.606738176,s1-eth1,0.003631591796875,99.99636840820312
2025-11-26 19:31:00.606842112,s2-eth2,0.0042724609375,99.9957275390625
2025-11-26 19:31:00.607008000,s3-eth2,0.0042681884765625,99.99573181152344
2025-11-26 19:31:01.607585024,s1-eth1,0.00299072265625,99.99700927734375
2025-11-26 19:31:01.607625984,s2-eth2,0.00299072265625,99.99700927734375
2025-11-26 19:31:01.607688960,s3-eth2,60.69061279296875,39.30938720703125
2025-11-26 19:31:02.608078080,s1-eth1,0.00299072265625,99.99700927734375
2025-11-26 19:31:02.608120064,s2-eth2,0.00299072265625,99.99700927734375
2025-11-26 19:31:02.608180992,s3-eth2,8.907493591308594,91.0925064086914
2025-11-26 19:31:03.608558848,s1-eth1,0.00299072265625,99.99700927734375
2025-11-26 19:31:03.608598016,s2-eth2,0.00299072265625,99.99700927734375
2025-11-26 19:31:03.608653056,s3-eth2,0.00299072265625,99.99700927734375
2025-11-26 19:31:04.609043968,s1-eth1,0.00299072265625,99.99700927734375
2025-11-26 19:31:04.609086976,s2-eth2,59.99113464355469,40.00886535644531
2025-11-26 19:31:04.609147136,s3-eth2,60.156341552734375,39.843658447265625
2025-11-26 19:31:05.609867008,s1-eth1,0.00299072265625,99.99700927734375
2025-11-26 19:31:05.609981952,s2-eth2,4.4196319580078125,95.58036804199219
2025-11-26 19:31:05.610137088,s3-eth2,4.254425048828125,95.74557495117188
2025-11-26 19:31:06.610956032,s1-eth1,0.0029877471923828126,99.99701225280762
2025-11-26 19:31:06.611062016,s2-eth2,0.0029877471923828126,99.99701225280762
2025-11-26 19:31:06.611211008,s3-eth2,0.0029877471923828126,99.99701225280762
2025-11-26 19:31:07.612086016,s1-eth1,0.0029877471923828126,99.99701225280762
2025-11-26 19:31:07.612190976,s2-eth2,0.0029877471923828126,99.99701225280762
2025-11-26 19:31:07.612339968,s3-eth2,0.0029877471923828126,99.99701225280762
2025-11-26 19:31:08.613209856,s1-eth1,0.0029877471923828126,99.99701225280762
2025-11-26 19:31:08.613317120,s2-eth2,0.0029877471923828126,99.99701225280762
2025-11-26 19:31:08.613465088,s3-eth2,0.0029877471923828126,99.99701225280762
2025-11-26 19:31:09.614322944,s1-eth1,0.0029877471923828126,99.99701225280762
2025-11-26 19:31:09.614427136,s2-eth2,0.0029877471923828126,99.99701225280762
2025-11-26 19:31:09.614574848,s3-eth2,0.0029877471923828126,99.99701225280762
2025-11-26 19:31:10.615118080,s1-eth1,0.00299072265625,99.99700927734375
2025-11-26 19:31:10.615155968,s2-eth2,0.00299072265625,99.99700927734375
2025-11-26 19:31:10.615211008,s3-eth2,0.00299072265625,99.99700927734375
2025-11-26 19:31:11.615569152,s1-eth1,0.00299072265625,99.99700927734375
2025-11-26 19:31:11.615607040,s2-eth2,0.00299072265625,99.99700927734375
2025-11-26 19:31:11.615660800,s3-eth2,0.00299072265625,99.99700927734375
2025-11-26 19:31:12.616033024,s1-eth1,0.00299072265625,99.99700927734375
2025-11-26 19:31:12.616071936,s2-eth2,0.00299072265625,99.99700927734375
2025-11-26 19:31:12.616129024,s3-eth2,0.0074615478515625,99.99253845214844
2025-11-26 19:31:13.616872960,s1-eth1,44.83876037597656,55.16123962402344
2025-11-26 19:31:13.617001984,s2-eth2,54.25233459472656,45.74766540527344
2025-11-26 19:31:13.617171968,s3-eth2,69.52164459228516,30.478355407714844
2025-11-26 19:31:14.617764864,s1-eth1,64.7909164428711,35.209083557128906
2025-11-26 19:31:14.617810944,s2-eth2,10.949661254882812,89.05033874511719
2025-11-26 19:31:14.617873920,s3-eth2,0.00299072265625,99.99700927734375
2025-11-26 19:31:15.618333952,s1-eth1,21.49744415283203,78.50255584716797
2025-11-26 19:31:15.618443008,s2-eth2,0.00299072265625,99.99700927734375
2025-11-26 19:31:15.618597120,s3-eth2,0.00299072265625,99.99700927734375
2025-11-26 19:31:16.619158016,s1-eth1,0.00299072265625,99.99700927734375
2025-11-26 19:31:16.619195904,s2-eth2,0.00299072265625,99.99700927734375
2025-11-26 19:31:16.619250944,s3-eth2,0.00299072265625,99.99700927734375
2025-11-26 19:31:17.619617024,s1-eth1,0.00299072265625,99.99700927734375
2025-11-26 19:31:17.619654912,s2-eth2,0.00299072265625,99.99700927734375
2025-11-26 19:31:17.619709952,s3-eth2,0.00299072265625,99.99700927734375
2025-11-26 19:31:18.620101888,s1-eth1,54.50225830078125,45.49774169921875
2025-11-26 19:31:18.620146944,s2-eth2,63.91828918457031,36.08171081542969
2025-11-26 19:31:18.620209920,s3-eth2,13.03106689453125,86.96893310546875
2025-11-26 19:31:19.620611840,s1-eth1,11.398223876953125,88.60177612304688
2025-11-26 19:31:19.620656128,s2-eth2,68.97975158691406,31.020248413085938
2025-11-26 19:31:19.620718080,s3-eth2,53.97247314453125,46.02752685546875
2025-11-26 19:31:20.621093888,s1-eth1,55.423065185546875,44.576934814453125
2025-11-26 19:31:20.621139968,s2-eth2,4.0159454345703125,95.98405456542969
2025-11-26 19:31:20.621200128,s3-eth2,0.00299072265625,99.99700927734375
2025-11-26 19:31:21.621940992,s1-eth1,121.69184112548828,-21.69184112548828
2025-11-26 19:31:21.622070016,s2-eth2,104.41720581054688,-4.417205810546875
2025-11-26 19:31:21.622236928,s3-eth2,46.92557907104492,53.07442092895508
2025-11-26 19:31:22.622822144,s1-eth1,24.067825317382812,75.93217468261719
2025-11-26 19:31:22.622872064,s2-eth2,23.655548095703125,76.34445190429688
2025-11-26 19:31:22.622937856,s3-eth2,15.702468872070312,84.29753112792969
2025-11-26 19:31:23.623308032,s1-eth1,54.61900329589844,45.38099670410156
2025-11-26 19:31:23.623351040,s2-eth2,54.40057373046875,45.59942626953125
2025-11-26 19:31:23.623415040,s3-eth2,54.11283874511719,45.88716125488281
2025-11-26 19:31:24.623806976,s1-eth1,13.554412841796875,86.44558715820312
2025-11-26 19:31:24.623853824,s2-eth2,13.772842407226562,86.22715759277344
2025-11-26 19:31:24.623912960,s3-eth2,14.060577392578125,85.93942260742188
2025-11-26 19:31:25.624290816,s1-eth1,0.00299072265625,99.99700927734375
2025-11-26 19:31:25.624335104,s2-eth2,0.00299072265625,99.99700927734375
2025-11-26 19:31:25.624389888,s3-eth2,0.00299072265625,99.99700927734375
2025-11-26 19:31:26.624763136,s1-eth1,0.003631591796875,99.99636840820312
2025-11-26 19:31:26.624808192,s2-eth2,0.00299072265625,99.99700927734375
2025-11-26 19:31:26.624862976,s3-eth2,0.00299072265625,99.99700927734375
2025-11-26 19:31:27.625248000,s1-eth1,44.73130798339844,55.26869201660156
2025-11-26 19:31:27.625297152,s2-eth2,0.0042724609375,99.9957275390625
2025-11-26 19:31:27.625356032,s3-eth2,0.0042724609375,99.9957275390625
2025-11-26 19:31:28.625740032,s1-eth1,20.825279235839844,79.17472076416016
2025-11-26 19:31:28.625790208,s2-eth2,65.08087921142578,34.91912078857422
2025-11-26 19:31:28.625852160,s3-eth2,0.00299072265625,99.99700927734375
2025-11-26 19:31:29.626242048,s1-eth1,0.00299072265625,99.99700927734375
2025-11-26 19:31:29.626281984,s2-eth2,0.00858306884765625,99.99141693115234
2025-11-26 19:31:29.626339840,s3-eth2,0.00299072265625,99.99700927734375
2025-11-26 19:31:30.626717184,s1-eth1,0.00299072265625,99.99700927734375
2025-11-26 19:31:30.626759168,s2-eth2,0.00299072265625,99.99700927734375
2025-11-26 19:31:30.626817024,s3-eth2,0.00299072265625,99.99700927734375
2025-11-26 19:31:31.627193088,s1-eth1,0.00299072265625,99.99700927734375
2025-11-26 19:31:31.627234048,s2-eth2,0.00299072265625,99.99700927734375
2025-11-26 19:31:31.627290880,s3-eth2,0.00299072265625,99.99700927734375
2025-11-26 19:31:32.627650048,s1-eth1,0.00299072265625,99.99700927734375
2025-11-26 19:31:32.627687936,s2-eth2,0.00299072265625,99.99700927734375
2025-11-26 19:31:32.627741952,s3-eth2,0.00299072265625,99.99700927734375
2025-11-26 19:31:33.628114944,s1-eth1,0.003631591796875,99.99636840820312
2025-11-26 19:31:33.628154112,s2-eth2,0.003631591796875,99.99636840820312
2025-11-26 19:31:33.628209152,s3-eth2,0.003631591796875,99.99636840820312
2025-11-26 19:31:34.628592128,s1-eth1,0.00299072265625,99.99700927734375
2025-11-26 19:31:34.628631040,s2-eth2,0.00299072265625,99.99700927734375
2025-11-26 19:31:34.628685824,s3-eth2,0.00299072265625,99.99700927734375
2025-11-26 19:31:35.629089024,s1-eth1,0.00299072265625,99.99700927734375
2025-11-26 19:31:35.629126912,s2-eth2,0.00299072265625,99.99700927734375
2025-11-26 19:31:35.629182976,s3-eth2,0.00299072265625,99.99700927734375
2025-11-26 19:31:36.629595136,s1-eth1,49.82591247558594,50.17408752441406
2025-11-26 19:31:36.629637888,s2-eth2,0.00299072265625,99.99700927734375
2025-11-26 19:31:36.629694976,s3-eth2,0.00299072265625,99.99700927734375
2025-11-26 19:31:37.630428928,s1-eth1,18.88469696044922,81.11530303955078
2025-11-26 19:31:37.630543872,s2-eth2,0.003631591796875,99.99636840820312
2025-11-26 19:31:37.630692864,s3-eth2,0.003631591796875,99.99636840820312
2025-11-26 19:31:38.631560960,s1-eth1,0.0029877471923828126,99.99701225280762
2025-11-26 19:31:38.631674112,s2-eth2,0.0029877471923828126,99.99701225280762
2025-11-26 19:31:38.631820800,s3-eth2,0.0029877471923828126,99.99701225280762
2025-11-26 19:31:39.632806144,s1-eth1,0.0029877471923828126,99.99701225280762
2025-11-26 19:31:39.632919040,s2-eth2,0.0029877471923828126,99.99701225280762
2025-11-26 19:31:39.633064960,s3-eth2,0.0029877471923828126,99.99701225280762
2025-11-26 19:31:40.633884928,s1-eth1,0.0029877471923828126,99.99701225280762
2025-11-26 19:31:40.633989120,s2-eth2,0.0029877471923828126,99.99701225280762
2025-11-26 19:31:40.634136064,s3-eth2,0.0029877471923828126,99.99701225280762
2025-11-26 19:31:41.634955008,s1-eth1,0.0029877471923828126,99.99701225280762
2025-11-26 19:31:41.635059200,s2-eth2,0.0029877471923828126,99.99701225280762
2025-11-26 19:31:41.635205120,s3-eth2,0.0029877471923828126,99.99701225280762
2025-11-26 19:31:42.636015872,s1-eth1,0.0029877471923828126,99.99701225280762
2025-11-26 19:31:42.636120064,s2-eth2,0.0029877471923828126,99.99701225280762
2025-11-26 19:31:42.636265984,s3-eth2,0.0029877471923828126,99.99701225280762
2025-11-26 19:31:43.637067008,s1-eth1,0.0029877471923828126,99.99701225280762
2025-11-26 19:31:43.637181952,s2-eth2,0.0029877471923828126,99.99701225280762
2025-11-26 19:31:43.637326848,s3-eth2,0.0029877471923828126,99.99701225280762
2025-11-26 19:31:44.638243840,s1-eth1,0.0029877471923828126,99.99701225280762
2025-11-26 19:31:44.638356992,s2-eth2,0.0029877471923828126,99.99701225280762
2025-11-26 19:31:44.638503168,s3-eth2,0.0029877471923828126,99.99701225280762
2025-11-26 19:31:45.639401984,s1-eth1,49.69975280761719,50.30024719238281
2025-11-26 19:31:45.639544064,s2-eth2,0.0029877471923828126,99.99701225280762
2025-11-26 19:31:45.639694080,s3-eth2,0.0029877471923828126,99.99701225280762
2025-11-26 19:31:46.640537088,s1-eth1,16.400585174560547,83.59941482543945
2025-11-26 19:31:46.640672000,s2-eth2,0.0029877471923828126,99.99701225280762
2025-11-26 19:31:46.640819968,s3-eth2,0.0029877471923828126,99.99701225280762
2025-11-26 19:31:47.641671936,s1-eth1,0.0029877471923828126,99.99701225280762
2025-11-26 19:31:47.641796096,s2-eth2,59.09341812133789,40.90658187866211
2025-11-26 19:31:47.641963008,s3-eth2,0.0029877471923828126,99.99701225280762
2025-11-26 19:31:48.642550016,s1-eth1,0.00299072265625,99.99700927734375
2025-11-26 19:31:48.642592000,s2-eth2,5.815193176269531,94.18480682373047
2025-11-26 19:31:48.642654976,s3-eth2,0.00299072265625,99.99700927734375
2025-11-26 19:31:49.643540992,s1-eth1,0.00299072265625,99.99700927734375
2025-11-26 19:31:49.643648000,s2-eth2,0.0029877471923828126,99.99701225280762
2025-11-26 19:31:49.643796992,s3-eth2,0.0029877471923828126,99.99701225280762
2025-11-26 19:31:50.644637952,s1-eth1,0.0029877471923828126,99.99701225280762
2025-11-26 19:31:50.644743936,s2-eth2,0.0029877471923828126,99.99701225280762
2025-11-26 19:31:50.644890112,s3-eth2,0.0029877471923828126,99.99701225280762
2025-11-26 19:31:51.645447936,s1-eth1,0.00299072265625,99.99700927734375
2025-11-26 19:31:51.645488896,s2-eth2,0.00299072265625,99.99700927734375
2025-11-26 19:31:51.645543936,s3-eth2,0.00299072265625,99.99700927734375
2025-11-26 19:31:52.646276096,s1-eth1,0.00299072265625,99.99700927734375
2025-11-26 19:31:52.646388992,s2-eth2,0.00299072265625,99.99700927734375
2025-11-26 19:31:52.646536960,s3-eth2,0.00299072265625,99.99700927734375
2025-11-26 19:31:53.647480064,s1-eth1,43.795806884765625,56.204193115234375
2025-11-26 19:31:53.647595008,s2-eth2,44.404815673828125,55.595184326171875
2025-11-26 19:31:53.647756032,s3-eth2,0.0036279296875,99.9963720703125
2025-11-26 19:31:54.648721920,s1-eth1,66.2942886352539,33.705711364746094
2025-11-26 19:31:54.648843008,s2-eth2,66.29479217529297,33.70520782470703
2025-11-26 19:31:54.649004032,s3-eth2,0.0029877471923828126,99.99701225280762
2025-11-26 19:31:55.649905920,s1-eth1,21.195892333984375,78.80410766601562
2025-11-26 19:31:55.650027008,s2-eth2,20.58637809753418,79.41362190246582
2025-11-26 19:31:55.650187008,s3-eth2,0.0029877471923828126,99.99701225280762
2025-11-26 19:31:56.650998016,s1-eth1,0.0029877471923828126,99.99701225280762
2025-11-26 19:31:56.651104000,s2-eth2,0.0029877471923828126,99.99701225280762
2025-11-26 19:31:56.651252992,s3-eth2,0.0029877471923828126,99.99701225280762
2025-11-26 19:31:57.652185856,s1-eth1,0.0029877471923828126,99.99701225280762
2025-11-26 19:31:57.652292096,s2-eth2,0.0029877471923828126,99.99701225280762
2025-11-26 19:31:57.652456960,s3-eth2,58.12165832519531,41.87834167480469
2025-11-26 19:31:58.653409024,s1-eth1,0.0029877471923828126,99.99701225280762
2025-11-26 19:31:58.653523968,s2-eth2,0.0029877471923828126,99.99701225280762
2025-11-26 19:31:58.653696000,s3-eth2,11.407019653320312,88.5929803466797
2025-11-26 19:31:59.654622976,s1-eth1,0.0029877471923828126,99.99701225280762
2025-11-26 19:31:59.654736128,s2-eth2,0.0029877471923828126,99.99701225280762
2025-11-26 19:31:59.654906112,s3-eth2,0.0029877471923828126,99.99701225280762
2025-11-26 19:32:00.655791872,s1-eth1,0.0029877471923828126,99.99701225280762
2025-11-26 19:32:00.655896832,s2-eth2,0.0029877471923828126,99.99701225280762
2025-11-26 19:32:00.656045824,s3-eth2,0.0029877471923828126,99.99701225280762
2025-11-26 19:32:01.656932096,s1-eth1,0.0029877471923828126,99.99701225280762
2025-11-26 19:32:01.657036032,s2-eth2,0.0029877471923828126,99.99701225280762
2025-11-26 19:32:01.657185024,s3-eth2,0.0029877471923828126,99.99701225280762
2025-11-26 19:32:02.658085120,s1-eth1,0.0029877471923828126,99.99701225280762
2025-11-26 19:32:02.658190848,s2-eth2,0.0029877471923828126,99.99701225280762
2025-11-26 19:32:02.658340096,s3-eth2,0.0029877471923828126,99.99701225280762
2025-11-26 19:32:03.659277056,s1-eth1,0.0029877471923828126,99.99701225280762
2025-11-26 19:32:03.659384064,s2-eth2,0.0036279296875,99.9963720703125
2025-11-26 19:32:03.659533056,s3-eth2,0.0036279296875,99.9963720703125
2025-11-26 19:32:04.660576000,s1-eth1,42.91923904418945,57.08076095581055
2025-11-26 19:32:04.660706048,s2-eth2,64.89038848876953,35.10961151123047
2025-11-26 19:32:04.660877056,s3-eth2,0.007454071044921875,99.99254592895508
2025-11-26 19:32:05.661818880,s1-eth1,22.144283294677734,77.85571670532227
2025-11-26 19:32:05.661946112,s2-eth2,0.012934112548828125,99.98706588745117
2025-11-26 19:32:05.662110976,s3-eth2,69.5216293334961,30.478370666503906
2025-11-26 19:32:06.663034880,s1-eth1,0.0029877471923828126,99.99701225280762
2025-11-26 19:32:06.663141120,s2-eth2,0.0029877471923828126,99.99701225280762
2025-11-26 19:32:06.663289088,s3-eth2,0.0029877471923828126,99.99701225280762
2025-11-26 19:32:07.664185088,s1-eth1,0.0029877471923828126,99.99701225280762
2025-11-26 19:32:07.664290048,s2-eth2,0.0029877471923828126,99.99701225280762
2025-11-26 19:32:07.664438016,s3-eth2,0.0029877471923828126,99.99701225280762
2025-11-26 19:32:08.665348096,s1-eth1,42.28815841674805,57.71184158325195
2025-11-26 19:32:08.665458944,s2-eth2,0.0029877471923828126,99.99701225280762
2025-11-26 19:32:08.665619968,s3-eth2,0.0029877471923828126,99.99701225280762
2025-11-26 19:32:09.666554880,s1-eth1,23.203046798706055,76.79695320129395
2025-11-26 19:32:09.666665984,s2-eth2,0.0029877471923828126,99.99701225280762
2025-11-26 19:32:09.666824192,s3-eth2,0.0029877471923828126,99.99701225280762
2025-11-26 19:32:10.667738880,s1-eth1,0.0029877471923828126,99.99701225280762
2025-11-26 19:32:10.667859200,s2-eth2,56.91970443725586,43.08029556274414
2025-11-26 19:32:10.668018176,s3-eth2,57.084747314453125,42.915252685546875
2025-11-26 19:32:11.668921088,s1-eth1,0.0029877471923828126,99.99701225280762
2025-11-26 19:32:11.669039872,s2-eth2,7.426708679199219,92.57329132080078
2025-11-26 19:32:11.669206016,s3-eth2,7.261667251586914,92.73833274841309
2025-11-26 19:32:12.670135040,s1-eth1,0.0029877471923828126,99.99701225280762
2025-11-26 19:32:12.670255872,s2-eth2,52.17845916748047,47.82154083251953
2025-11-26 19:32:12.670423040,s3-eth2,52.01291275024414,47.98708724975586
2025-11-26 19:32:13.671379200,s1-eth1,59.06584548950195,40.93415451049805
2025-11-26 19:32:13.671502080,s2-eth2,71.0125961303711,28.987403869628906
2025-11-26 19:32:13.671667200,s3-eth2,12.333499908447266,87.66650009155273
2025-11-26 19:32:14.672743936,s1-eth1,6.425390701293946,93.57460929870605
2025-11-26 19:32:14.672858880,s2-eth2,6.64360237121582,93.35639762878418
2025-11-26 19:32:14.673031168,s3-eth2,0.0029877471923828126,99.99701225280762
2025-11-26 19:32:15.673921024,s1-eth1,37.3890495300293,62.6109504699707
2025-11-26 19:32:15.674042112,s2-eth2,37.281063079833984,62.718936920166016
2025-11-26 19:32:15.674220032,s3-eth2,0.0029877471923828126,99.99701225280762
2025-11-26 19:32:16.675111168,s1-eth1,28.10833740234375,71.89166259765625
2025-11-26 19:32:16.675230976,s2-eth2,28.215681076049805,71.7843189239502
2025-11-26 19:32:16.675404032,s3-eth2,0.0029877471923828126,99.99701225280762
2025-11-26 19:32:17.676327936,s1-eth1,43.1816291809082,56.8183708190918
2025-11-26 19:32:17.676440064,s2-eth2,0.0029877471923828126,99.99701225280762
2025-11-26 19:32:17.676614912,s3-eth2,0.0029877471923828126,99.99701225280762
2025-11-26 19:32:18.677540096,s1-eth1,22.30957794189453,77.69042205810547
2025-11-26 19:32:18.677668096,s2-eth2,0.0029877471923828126,99.99701225280762
2025-11-26 19:32:18.677826048,s3-eth2,0.0029877471923828126,99.99701225280762
2025-11-26 19:32:19.678871040,s1-eth1,0.0036279296875,99.9963720703125
2025-11-26 19:32:19.678992128,s2-eth2,0.0029877471923828126,99.99701225280762
2025-11-26 19:32:19.679141888,s3-eth2,0.0029877471923828126,99.99701225280762
2025-11-26 19:32:20.680023808,s1-eth1,0.0029877471923828126,99.99701225280762
2025-11-26 19:32:20.680131072,s2-eth2,0.0036279296875,99.9963720703125
2025-11-26 19:32:20.680295936,s3-eth2,0.0036279296875,99.9963720703125
2025-11-26 19:32:21.681164032,s1-eth1,0.0029877471923828126,99.99701225280762
2025-11-26 19:32:21.681271040,s2-eth2,0.0029877471923828126,99.99701225280762
2025-11-26 19:32:21.681433856,s3-eth2,0.0029877471923828126,99.99701225280762
2025-11-26 19:32:22.682326016,s1-eth1,0.0029877471923828126,99.99701225280762
2025-11-26 19:32:22.682432000,s2-eth2,0.0029877471923828126,99.99701225280762
2025-11-26 19:32:22.682596864,s3-eth2,0.0029877471923828126,99.99701225280762
2025-11-26 19:32:23.683528960,s1-eth1,0.0029877471923828126,99.99701225280762
2025-11-26 19:32:23.683634944,s2-eth2,0.0029877471923828126,99.99701225280762
2025-11-26 19:32:23.683800064,s3-eth2,0.0029877471923828126,99.99701225280762
2025-11-26 19:32:24.684897792,s1-eth1,0.0029877471923828126,99.99701225280762
2025-11-26 19:32:24.685018112,s2-eth2,65.01180267333984,34.988197326660156
2025-11-26 19:32:24.685195008,s3-eth2,0.0029877471923828126,99.99701225280762
2025-11-26 19:32:25.686103040,s1-eth1,0.0029877471923828126,99.99701225280762
2025-11-26 19:32:25.686230016,s2-eth2,0.012644500732421874,99.98735549926758
2025-11-26 19:32:25.686383872,s3-eth2,0.0029877471923828126,99.99701225280762
2025-11-26 19:32:26.687289856,s1-eth1,0.0036279296875,99.9963720703125
2025-11-26 19:32:26.687397120,s2-eth2,0.0036279296875,99.9963720703125
2025-11-26 19:32:26.687563776,s3-eth2,0.0036279296875,99.9963720703125
2025-11-26 19:32:27.688494848,s1-eth1,0.0029877471923828126,99.99701225280762
2025-11-26 19:32:27.688615168,s2-eth2,0.0029877471923828126,99.99701225280762
2025-11-26 19:32:27.688764928,s3-eth2,0.0029877471923828126,99.99701225280762
2025-11-26 19:32:28.689701120,s1-eth1,0.0029877471923828126,99.99701225280762
2025-11-26 19:32:28.689836032,s2-eth2,52.80451202392578,47.19548797607422
2025-11-26 19:32:28.689996032,s3-eth2,0.0029877471923828126,99.99701225280762
2025-11-26 19:32:29.691014144,s1-eth1,0.0029877471923828126,99.99701225280762
2025-11-26 19:32:29.691147008,s2-eth2,12.219935455322265,87.78006454467774
2025-11-26 19:32:29.691308032,s3-eth2,0.0029877471923828126,99.99701225280762
2025-11-26 19:32:30.692208896,s1-eth1,53.52799987792969,46.47200012207031
2025-11-26 19:32:30.692340992,s2-eth2,53.3423957824707,46.6576042175293
2025-11-26 19:32:30.692498944,s3-eth2,53.06648635864258,46.93351364135742
2025-11-26 19:32:31.693466880,s1-eth1,73.16759490966797,26.83240509033203
2025-11-26 19:32:31.693590016,s2-eth2,14.762924194335938,85.23707580566406
2025-11-26 19:32:31.693750016,s3-eth2,15.038832702636718,84.96116729736329
2025-11-26 19:32:32.694699008,s1-eth1,9.935613632202148,90.06438636779785
2025-11-26 19:32:32.694825984,s2-eth2,0.0029877471923828126,99.99701225280762
2025-11-26 19:32:32.695013888,s3-eth2,0.0029877471923828126,99.99701225280762
2025-11-26 19:32:33.695930112,s1-eth1,0.0029877471923828126,99.99701225280762
2025-11-26 19:32:33.696044032,s2-eth2,0.0029877471923828126,99.99701225280762
2025-11-26 19:32:33.696194048,s3-eth2,0.0029877471923828126,99.99701225280762
2025-11-26 19:32:34.697160960,s1-eth1,50.245121002197266,49.754878997802734
2025-11-26 19:32:34.697278976,s2-eth2,50.9093132019043,49.0906867980957
2025-11-26 19:32:34.697436928,s3-eth2,51.01917266845703,48.98082733154297
2025-11-26 19:32:35.698009856,s1-eth1,15.859306335449219,84.14069366455078
2025-11-26 19:32:35.698051072,s2-eth2,15.194450378417969,84.80554962158203
2025-11-26 19:32:35.698108928,s3-eth2,15.084480285644531,84.91551971435547
2025-11-26 19:32:36.698477056,s1-eth1,0.00299072265625,99.99700927734375
2025-11-26 19:32:36.698515968,s2-eth2,0.00299072265625,99.99700927734375
2025-11-26 19:32:36.698571008,s3-eth2,0.00299072265625,99.99700927734375
2025-11-26 19:32:37.698944000,s1-eth1,0.00299072265625,99.99700927734375
2025-11-26 19:32:37.698982912,s2-eth2,0.00299072265625,99.99700927734375
2025-11-26 19:32:37.699037952,s3-eth2,0.00299072265625,99.99700927734375
2025-11-26 19:32:38.699414016,s1-eth1,0.003631591796875,99.99636840820312
2025-11-26 19:32:38.699453184,s2-eth2,0.0042724609375,99.9957275390625
2025-11-26 19:32:38.699507968,s3-eth2,0.0042724609375,99.9957275390625
2025-11-26 19:32:39.700367872,s1-eth1,0.00299072265625,99.99700927734375
2025-11-26 19:32:39.700473088,s2-eth2,0.0029877471923828126,99.99701225280762
2025-11-26 19:32:39.700622080,s3-eth2,0.0029877471923828126,99.99701225280762
2025-11-26 19:32:40.701512960,s1-eth1,50.31278610229492,49.68721389770508
2025-11-26 19:32:40.701639936,s2-eth2,0.0029877471923828126,99.99701225280762
2025-11-26 19:32:40.701790208,s3-eth2,0.0029877471923828126,99.99701225280762
2025-11-26 19:32:41.702352896,s1-eth1,15.8033447265625,84.1966552734375
2025-11-26 19:32:41.702397952,s2-eth2,0.00299072265625,99.99700927734375
2025-11-26 19:32:41.702452992,s3-eth2,0.00299072265625,99.99700927734375
2025-11-26 19:32:42.702828800,s1-eth1,48.44129943847656,51.55870056152344
2025-11-26 19:32:42.702876928,s2-eth2,0.00299072265625,99.99700927734375
2025-11-26 19:32:42.702931968,s3-eth2,0.00299072265625,99.99700927734375
2025-11-26 19:32:43.703660032,s1-eth1,20.156105041503906,79.8438949584961
2025-11-26 19:32:43.703774976,s2-eth2,0.00299072265625,99.99700927734375
2025-11-26 19:32:43.703921920,s3-eth2,0.00299072265625,99.99700927734375
2025-11-26 19:32:44.704492032,s1-eth1,0.00299072265625,99.99700927734375
2025-11-26 19:32:44.704531968,s2-eth2,58.65034484863281,41.34965515136719
2025-11-26 19:32:44.704595200,s3-eth2,0.00299072265625,99.99700927734375
2025-11-26 19:32:45.704961024,s1-eth1,0.00299072265625,99.99700927734375
2025-11-26 19:32:45.705001216,s2-eth2,6.1491851806640625,93.85081481933594
2025-11-26 19:32:45.705061888,s3-eth2,0.00299072265625,99.99700927734375
2025-11-26 19:32:46.705428992,s1-eth1,0.003631591796875,99.99636840820312
2025-11-26 19:32:46.705466880,s2-eth2,0.003631591796875,99.99636840820312
2025-11-26 19:32:46.705522944,s3-eth2,0.003631591796875,99.99636840820312
2025-11-26 19:32:47.705883904,s1-eth1,0.00299072265625,99.99700927734375
2025-11-26 19:32:47.705921792,s2-eth2,0.00299072265625,99.99700927734375
2025-11-26 19:32:47.705977088,s3-eth2,0.00299072265625,99.99700927734375
2025-11-26 19:32:48.706337024,s1-eth1,0.00299072265625,99.99700927734375
2025-11-26 19:32:48.706374912,s2-eth2,0.00299072265625,99.99700927734375
2025-11-26 19:32:48.706429952,s3-eth2,0.00299072265625,99.99700927734375
2025-11-26 19:32:49.706810112,s1-eth1,0.00299072265625,99.99700927734375
2025-11-26 19:32:49.706859008,s2-eth2,0.00299072265625,99.99700927734375
2025-11-26 19:32:49.706914816,s3-eth2,0.00299072265625,99.99700927734375
2025-11-26 19:32:50.707284992,s1-eth1,0.00299072265625,99.99700927734375
2025-11-26 19:32:50.707325952,s2-eth2,0.00299072265625,99.99700927734375
2025-11-26 19:32:50.707380992,s3-eth2,0.00299072265625,99.99700927734375
2025-11-26 19:32:51.708100096,s1-eth1,0.00299072265625,99.99700927734375
2025-11-26 19:32:51.708205056,s2-eth2,0.00299072265625,99.99700927734375
2025-11-26 19:32:51.708353024,s3-eth2,0.00299072265625,99.99700927734375
2025-11-26 19:32:52.709254144,s1-eth1,0.0029877471923828126,99.99701225280762
2025-11-26 19:32:52.709359872,s2-eth2,0.0029877471923828126,99.99701225280762
2025-11-26 19:32:52.709508864,s3-eth2,0.0029877471923828126,99.99701225280762
2025-11-26 19:32:53.710406912,s1-eth1,0.0029877471923828126,99.99701225280762
2025-11-26 19:32:53.710511872,s2-eth2,0.0029877471923828126,99.99701225280762
2025-11-26 19:32:53.710660096,s3-eth2,0.0029877471923828126,99.99701225280762
2025-11-26 19:32:54.711718144,s1-eth1,0.0036279296875,99.9963720703125
2025-11-26 19:32:54.711834880,s2-eth2,0.0029877471923828126,99.99701225280762
2025-11-26 19:32:54.711994880,s3-eth2,0.0029877471923828126,99.99701225280762
2025-11-26 19:32:55.712552192,s1-eth1,0.00299072265625,99.99700927734375
2025-11-26 19:32:55.712593152,s2-eth2,0.00299072265625,99.99700927734375
2025-11-26 19:32:55.712649984,s3-eth2,0.00299072265625,99.99700927734375
2025-11-26 19:32:56.713345024,s1-eth1,0.00299072265625,99.99700927734375
2025-11-26 19:32:56.713447936,s2-eth2,0.00299072265625,99.99700927734375
2025-11-26 19:32:56.713594880,s3-eth2,0.00299072265625,99.99700927734375
2025-11-26 19:32:57.714478080,s1-eth1,0.0029877471923828126,99.99701225280762
2025-11-26 19:32:57.714584064,s2-eth2,0.0029877471923828126,99.99701225280762
2025-11-26 19:32:57.714731008,s3-eth2,0.0029877471923828126,99.99701225280762
2025-11-26 19:32:58.715621888,s1-eth1,41.37009811401367,58.62990188598633
2025-11-26 19:32:58.715748096,s2-eth2,0.0029877471923828126,99.99701225280762
2025-11-26 19:32:58.715898112,s3-eth2,0.0029877471923828126,99.99701225280762
2025-11-26 19:32:59.716999936,s1-eth1,67.61540222167969,32.38459777832031
2025-11-26 19:32:59.717129984,s2-eth2,44.59078598022461,55.40921401977539
2025-11-26 19:32:59.717292032,s3-eth2,0.0029877471923828126,99.99701225280762
2025-11-26 19:33:00.718241024,s1-eth1,20.972177505493164,79.02782249450684
2025-11-26 19:33:00.718358016,s2-eth2,20.30698013305664,79.69301986694336
2025-11-26 19:33:00.718516992,s3-eth2,0.0029877471923828126,99.99701225280762
2025-11-26 19:33:01.719148032,s1-eth1,0.00299072265625,99.99700927734375
2025-11-26 19:33:01.719252992,s2-eth2,0.00299072265625,99.99700927734375
2025-11-26 19:33:01.719401984,s3-eth2,0.00299072265625,99.99700927734375
2025-11-26 19:33:02.719932928,s1-eth1,0.00299072265625,99.99700927734375
2025-11-26 19:33:02.719970816,s2-eth2,0.00299072265625,99.99700927734375
2025-11-26 19:33:02.720026112,s3-eth2,0.00299072265625,99.99700927734375
2025-11-26 19:33:03.720752896,s1-eth1,42.838653564453125,57.161346435546875
2025-11-26 19:33:03.720873216,s2-eth2,43.44877624511719,56.55122375488281
2025-11-26 19:33:03.721033216,s3-eth2,0.0029877471923828126,99.99701225280762
2025-11-26 19:33:04.722102016,s1-eth1,72.93335723876953,27.06664276123047
2025-11-26 19:33:04.722230784,s2-eth2,76.08235931396484,23.917640686035156
2025-11-26 19:33:04.722397184,s3-eth2,11.665154418945313,88.33484558105468
2025-11-26 19:33:05.723313920,s1-eth1,5.117532730102539,94.88246726989746
2025-11-26 19:33:05.723436032,s2-eth2,70.40355682373047,29.59644317626953
2025-11-26 19:33:05.723599872,s3-eth2,57.3853645324707,42.6146354675293
2025-11-26 19:33:06.724510976,s1-eth1,0.0029877471923828126,99.99701225280762
2025-11-26 19:33:06.724615168,s2-eth2,0.0029877471923828126,99.99701225280762
2025-11-26 19:33:06.724764160,s3-eth2,0.0029877471923828126,99.99701225280762
2025-11-26 19:33:07.725681152,s1-eth1,0.0029877471923828126,99.99701225280762
2025-11-26 19:33:07.725797888,s2-eth2,0.0029877471923828126,99.99701225280762
2025-11-26 19:33:07.725969152,s3-eth2,57.229698181152344,42.770301818847656
2025-11-26 19:33:08.726562048,s1-eth1,0.00299072265625,99.99700927734375
2025-11-26 19:33:08.726603008,s2-eth2,0.00299072265625,99.99700927734375
2025-11-26 19:33:08.726664192,s3-eth2,12.311187744140625,87.68881225585938
2025-11-26 19:33:09.727559168,s1-eth1,0.00299072265625,99.99700927734375
2025-11-26 19:33:09.727664896,s2-eth2,0.0029877471923828126,99.99701225280762
2025-11-26 19:33:09.727813888,s3-eth2,0.0029877471923828126,99.99701225280762
2025-11-26 19:33:10.728753152,s1-eth1,0.0029877471923828126,99.99701225280762
2025-11-26 19:33:10.728858112,s2-eth2,0.0029877471923828126,99.99701225280762
2025-11-26 19:33:10.729024000,s3-eth2,0.0029877471923828126,99.99701225280762
2025-11-26 19:33:11.729590016,s1-eth1,0.003631591796875,99.99636840820312
2025-11-26 19:33:11.729628160,s2-eth2,0.003631591796875,99.99636840820312
2025-11-26 19:33:11.729687808,s3-eth2,0.003631591796875,99.99636840820312
2025-11-26 19:33:12.730441216,s1-eth1,0.003631591796875,99.99636840820312
2025-11-26 19:33:12.730557952,s2-eth2,56.474456787109375,43.525543212890625
2025-11-26 19:33:12.730734080,s3-eth2,56.58308029174805,43.41691970825195
2025-11-26 19:33:13.731663872,s1-eth1,0.0029877471923828126,99.99701225280762
2025-11-26 19:33:13.731782912,s2-eth2,7.929509658813476,92.07049034118653
2025-11-26 19:33:13.731955968,s3-eth2,7.764467697143555,92.23553230285644
2025-11-26 19:33:14.732957952,s1-eth1,41.06711959838867,58.93288040161133
2025-11-26 19:33:14.733082112,s2-eth2,40.85994338989258,59.14005661010742
2025-11-26 19:33:14.733262080,s3-eth2,0.007454071044921875,99.99254592895508
2025-11-26 19:33:15.734209024,s1-eth1,66.62565612792969,33.37434387207031
2025-11-26 19:33:15.734348032,s2-eth2,24.63746452331543,75.36253547668457
2025-11-26 19:33:15.734520064,s3-eth2,69.52189636230469,30.478103637695312
2025-11-26 19:33:16.735450112,s1-eth1,22.699384689331055,77.30061531066895
2025-11-26 19:33:16.735575808,s2-eth2,0.0029877471923828126,99.99701225280762
2025-11-26 19:33:16.735735040,s3-eth2,0.0029877471923828126,99.99701225280762
2025-11-26 19:33:17.736602112,s1-eth1,0.0029877471923828126,99.99701225280762
2025-11-26 19:33:17.736720128,s2-eth2,0.0029877471923828126,99.99701225280762
2025-11-26 19:33:17.736867840,s3-eth2,0.0029877471923828126,99.99701225280762
2025-11-26 19:33:18.737745920,s1-eth1,41.583309173583984,58.416690826416016
2025-11-26 19:33:18.737870848,s2-eth2,0.0029877471923828126,99.99701225280762
2025-11-26 19:33:18.738028032,s3-eth2,0.0029877471923828126,99.99701225280762
2025-11-26 19:33:19.739127040,s1-eth1,66.31001281738281,33.68998718261719
2025-11-26 19:33:19.739243008,s2-eth2,43.60808181762695,56.39191818237305
2025-11-26 19:33:19.739408128,s3-eth2,43.828304290771484,56.171695709228516
2025-11-26 19:33:20.740343040,s1-eth1,23.090473175048828,76.90952682495117
2025-11-26 19:33:20.740457984,s2-eth2,22.480960845947266,77.51903915405273
2025-11-26 19:33:20.740616192,s3-eth2,22.2607364654541,77.7392635345459
2025-11-26 19:33:21.741537024,s1-eth1,0.0029877471923828126,99.99701225280762
2025-11-26 19:33:21.741640960,s2-eth2,0.0029877471923828126,99.99701225280762
2025-11-26 19:33:21.741787904,s3-eth2,0.0029877471923828126,99.99701225280762
2025-11-26 19:33:22.742712064,s1-eth1,0.0029877471923828126,99.99701225280762
2025-11-26 19:33:22.742830080,s2-eth2,50.68648147583008,49.31351852416992
2025-11-26 19:33:22.743006976,s3-eth2,0.0029877471923828126,99.99701225280762
2025-11-26 19:33:23.743900928,s1-eth1,0.0029877471923828126,99.99701225280762
2025-11-26 19:33:23.744018944,s2-eth2,79.347412109375,20.652587890625
2025-11-26 19:33:23.744179968,s3-eth2,0.0029877471923828126,99.99701225280762
2025-11-26 19:33:24.744737024,s1-eth1,0.00299072265625,99.99700927734375
2025-11-26 19:33:24.744776960,s2-eth2,0.01277923583984375,99.98722076416016
2025-11-26 19:33:24.744834048,s3-eth2,0.00299072265625,99.99700927734375
2025-11-26 19:33:25.745208064,s1-eth1,57.145355224609375,42.854644775390625
2025-11-26 19:33:25.745250048,s2-eth2,0.00299072265625,99.99700927734375
2025-11-26 19:33:25.745305088,s3-eth2,0.00299072265625,99.99700927734375
2025-11-26 19:33:26.745670912,s1-eth1,11.451927185058594,88.5480728149414
2025-11-26 19:33:26.745712896,s2-eth2,0.00299072265625,99.99700927734375
2025-11-26 19:33:26.745768192,s3-eth2,0.00299072265625,99.99700927734375
2025-11-26 19:33:27.746145024,s1-eth1,0.00299072265625,99.99700927734375
2025-11-26 19:33:27.746184192,s2-eth2,0.00299072265625,99.99700927734375
2025-11-26 19:33:27.746240000,s3-eth2,0.00299072265625,99.99700927734375
2025-11-26 19:33:28.746941952,s1-eth1,0.00299072265625,99.99700927734375
2025-11-26 19:33:28.747052032,s2-eth2,64.95477294921875,35.04522705078125
2025-11-26 19:33:28.747215872,s3-eth2,0.00299072265625,99.99700927734375
2025-11-26 19:33:29.747812096,s1-eth1,0.00299072265625,99.99700927734375
2025-11-26 19:33:29.747854080,s2-eth2,0.01291656494140625,99.9870834350586
2025-11-26 19:33:29.747912960,s3-eth2,0.00299072265625,99.99700927734375
2025-11-26 19:33:30.748286976,s1-eth1,0.00299072265625,99.99700927734375
2025-11-26 19:33:30.748327936,s2-eth2,0.00299072265625,99.99700927734375
2025-11-26 19:33:30.748419072,s3-eth2,0.00299072265625,99.99700927734375
2025-11-26 19:33:31.748975872,s1-eth1,0.00299072265625,99.99700927734375
2025-11-26 19:33:31.749042944,s2-eth2,0.00299072265625,99.99700927734375
2025-11-26 19:33:31.749191936,s3-eth2,0.00299072265625,99.99700927734375
2025-11-26 19:33:32.750113024,s1-eth1,51.132049560546875,48.867950439453125
2025-11-26 19:33:32.750228992,s2-eth2,50.913841247558594,49.086158752441406
2025-11-26 19:33:32.750385920,s3-eth2,50.748294830322266,49.251705169677734
2025-11-26 19:33:33.750958080,s1-eth1,14.972114562988281,85.02788543701172
2025-11-26 19:33:33.750999040,s2-eth2,15.189903259277344,84.81009674072266
2025-11-26 19:33:33.751056896,s3-eth2,15.355613708496094,84.6443862915039
2025-11-26 19:33:34.751444992,s1-eth1,0.00299072265625,99.99700927734375
2025-11-26 19:33:34.751483904,s2-eth2,0.00299072265625,99.99700927734375
2025-11-26 19:33:34.751538944,s3-eth2,0.00299072265625,99.99700927734375
2025-11-26 19:33:35.751904000,s1-eth1,0.00299072265625,99.99700927734375
2025-11-26 19:33:35.751941888,s2-eth2,0.00299072265625,99.99700927734375
2025-11-26 19:33:35.751996928,s3-eth2,0.00299072265625,99.99700927734375
2025-11-26 19:33:36.752365056,s1-eth1,0.00299072265625,99.99700927734375
2025-11-26 19:33:36.752403968,s2-eth2,0.00299072265625,99.99700927734375
2025-11-26 19:33:36.752459008,s3-eth2,0.00299072265625,99.99700927734375
2025-11-26 19:33:37.752846848,s1-eth1,0.00299072265625,99.99700927734375
2025-11-26 19:33:37.752886016,s2-eth2,0.00299072265625,99.99700927734375
2025-11-26 19:33:37.752940800,s3-eth2,0.00299072265625,99.99700927734375
2025-11-26 19:33:38.753317120,s1-eth1,0.00299072265625,99.99700927734375
2025-11-26 19:33:38.753355008,s2-eth2,0.00299072265625,99.99700927734375
2025-11-26 19:33:38.753410048,s3-eth2,0.00299072265625,99.99700927734375
2025-11-26 19:33:39.753790976,s1-eth1,47.30352783203125,52.69647216796875
2025-11-26 19:33:39.753833984,s2-eth2,0.00299072265625,99.99700927734375
2025-11-26 19:33:39.753890048,s3-eth2,0.00299072265625,99.99700927734375
2025-11-26 19:33:40.754256896,s1-eth1,21.294647216796875,78.70535278320312
2025-11-26 19:33:40.754300160,s2-eth2,0.003631591796875,99.99636840820312
2025-11-26 19:33:40.754353920,s3-eth2,0.003631591796875,99.99636840820312
2025-11-26 19:33:41.754731776,s1-eth1,0.00299072265625,99.99700927734375
2025-11-26 19:33:41.754770944,s2-eth2,0.00299072265625,99.99700927734375
2025-11-26 19:33:41.754919168,s3-eth2,0.00299072265625,99.99700927734375
2025-11-26 19:33:42.755469056,s1-eth1,0.00299072265625,99.99700927734375
2025-11-26 19:33:42.755506944,s2-eth2,0.00299072265625,99.99700927734375
2025-11-26 19:33:42.755561984,s3-eth2,0.00299072265625,99.99700927734375
2025-11-26 19:33:43.755922944,s1-eth1,0.00299072265625,99.99700927734375
2025-11-26 19:33:43.755960832,s2-eth2,0.00299072265625,99.99700927734375
2025-11-26 19:33:43.756016128,s3-eth2,0.00299072265625,99.99700927734375
2025-11-26 19:33:44.756388864,s1-eth1,0.003631591796875,99.99636840820312
2025-11-26 19:33:44.756427008,s2-eth2,0.003631591796875,99.99636840820312
2025-11-26 19:33:44.756481792,s3-eth2,0.003631591796875,99.99636840820312
2025-11-26 19:33:45.756852992,s1-eth1,0.00299072265625,99.99700927734375
2025-11-26 19:33:45.756894208,s2-eth2,56.86463928222656,43.13536071777344
2025-11-26 19:33:45.756956160,s3-eth2,0.00299072265625,99.99700927734375
2025-11-26 19:33:46.757335040,s1-eth1,48.856597900390625,51.143402099609375
2025-11-26 19:33:46.757381888,s2-eth2,8.102920532226562,91.89707946777344
2025-11-26 19:33:46.757443072,s3-eth2,0.00299072265625,99.99700927734375
2025-11-26 19:33:47.757835008,s1-eth1,17.309783935546875,82.69021606445312
2025-11-26 19:33:47.757880064,s2-eth2,0.00299072265625,99.99700927734375
2025-11-26 19:33:47.757935104,s3-eth2,0.00299072265625,99.99700927734375
2025-11-26 19:33:48.758312960,s1-eth1,0.00299072265625,99.99700927734375
2025-11-26 19:33:48.758352128,s2-eth2,0.003631591796875,99.99636840820312
2025-11-26 19:33:48.758405888,s3-eth2,0.003631591796875,99.99636840820312
2025-11-26 19:33:49.758771968,s1-eth1,0.00299072265625,99.99700927734375
2025-11-26 19:33:49.758810112,s2-eth2,0.00299072265625,99.99700927734375
2025-11-26 19:33:49.758871040,s3-eth2,0.00299072265625,99.99700927734375
2025-11-26 19:33:50.759237888,s1-eth1,0.00299072265625,99.99700927734375
2025-11-26 19:33:50.759276032,s2-eth2,0.00299072265625,99.99700927734375
2025-11-26 19:33:50.759331072,s3-eth2,0.00299072265625,99.99700927734375
2025-11-26 19:33:51.759686912,s1-eth1,0.00299072265625,99.99700927734375
2025-11-26 19:33:51.759726080,s2-eth2,0.00299072265625,99.99700927734375
2025-11-26 19:33:51.759780864,s3-eth2,0.00299072265625,99.99700927734375
2025-11-26 19:33:52.760150784,s1-eth1,0.00299072265625,99.99700927734375
2025-11-26 19:33:52.760189184,s2-eth2,0.00299072265625,99.99700927734375
2025-11-26 19:33:52.760243968,s3-eth2,0.00299072265625,99.99700927734375
2025-11-26 19:33:53.760609024,s1-eth1,0.00299072265625,99.99700927734375
2025-11-26 19:33:53.760647168,s2-eth2,0.00299072265625,99.99700927734375
2025-11-26 19:33:53.760700928,s3-eth2,0.00299072265625,99.99700927734375
2025-11-26 19:33:54.761060096,s1-eth1,0.00299072265625,99.99700927734375
2025-11-26 19:33:54.761100032,s2-eth2,0.00299072265625,99.99700927734375
2025-11-26 19:33:54.761154048,s3-eth2,0.00299072265625,99.99700927734375
2025-11-26 19:33:55.761532928,s1-eth1,39.37248229980469,60.62751770019531
2025-11-26 19:33:55.761579008,s2-eth2,0.00299072265625,99.99700927734375
2025-11-26 19:33:55.761634048,s3-eth2,0.00299072265625,99.99700927734375
2025-11-26 19:33:56.762406144,s1-eth1,69.28174591064453,30.71825408935547
2025-11-26 19:33:56.762531072,s2-eth2,42.515228271484375,57.484771728515625
2025-11-26 19:33:56.762693888,s3-eth2,0.0029877471923828126,99.99701225280762
2025-11-26 19:33:57.763292160,s1-eth1,23.1129150390625,76.8870849609375
2025-11-26 19:33:57.763334144,s2-eth2,22.447555541992188,77.55244445800781
2025-11-26 19:33:57.763393024,s3-eth2,0.00299072265625,99.99700927734375
2025-11-26 19:33:58.763782144,s1-eth1,58.3997802734375,41.6002197265625
2025-11-26 19:33:58.763825920,s2-eth2,58.18084716796875,41.81915283203125
2025-11-26 19:33:58.763886848,s3-eth2,0.00299072265625,99.99700927734375
2025-11-26 19:33:59.764271872,s1-eth1,7.156913757324219,92.84308624267578
2025-11-26 19:33:59.764316160,s2-eth2,7.375846862792969,92.62415313720703
2025-11-26 19:33:59.764374016,s3-eth2,0.00299072265625,99.99700927734375
2025-11-26 19:34:00.765145088,s1-eth1,0.00299072265625,99.99700927734375
2025-11-26 19:34:00.765259008,s2-eth2,0.00299072265625,99.99700927734375
2025-11-26 19:34:00.765422080,s3-eth2,0.0029877471923828126,99.99701225280762
2025-11-26 19:34:01.766288128,s1-eth1,0.0029877471923828126,99.99701225280762
2025-11-26 19:34:01.766401024,s2-eth2,0.0029877471923828126,99.99701225280762
2025-11-26 19:34:01.766556928,s3-eth2,0.0029877471923828126,99.99701225280762
2025-11-26 19:34:02.767600128,s1-eth1,0.0029877471923828126,99.99701225280762
2025-11-26 19:34:02.767704064,s2-eth2,0.0029877471923828126,99.99701225280762
2025-11-26 19:34:02.767852032,s3-eth2,0.0029877471923828126,99.99701225280762
2025-11-26 19:34:03.768708864,s1-eth1,0.0037346649169921874,99.99626533508301
2025-11-26 19:34:03.768814080,s2-eth2,0.0037346649169921874,99.99626533508301
2025-11-26 19:34:03.768961024,s3-eth2,0.0029877471923828126,99.99701225280762
2025-11-26 19:34:04.769843968,s1-eth1,40.169517517089844,59.830482482910156
2025-11-26 19:34:04.769954048,s2-eth2,0.0036279296875,99.9963720703125
2025-11-26 19:34:04.770113024,s3-eth2,0.0036279296875,99.9963720703125
2025-11-26 19:34:05.771070976,s1-eth1,25.322364807128906,74.6776351928711
2025-11-26 19:34:05.771180032,s2-eth2,0.0029877471923828126,99.99701225280762
2025-11-26 19:34:05.771347968,s3-eth2,55.81450271606445,44.18549728393555
2025-11-26 19:34:06.772311040,s1-eth1,0.0036279296875,99.9963720703125
2025-11-26 19:34:06.772430848,s2-eth2,15.458083190917968,84.54191680908204
2025-11-26 19:34:06.772603136,s3-eth2,91.72173309326172,8.278266906738281
2025-11-26 19:34:07.773652992,s1-eth1,0.0029877471923828126,99.99701225280762
2025-11-26 19:34:07.773771008,s2-eth2,118.12027740478516,-18.120277404785156
2025-11-26 19:34:07.773936896,s3-eth2,125.97704315185547,-25.97704315185547
2025-11-26 19:34:08.774893056,s1-eth1,0.0029877471923828126,99.99701225280762
2025-11-26 19:34:08.775012096,s2-eth2,6.148232955932617,93.85176704406739
2025-11-26 19:34:08.775172864,s3-eth2,6.423896789550781,93.57610321044922
2025-11-26 19:34:09.775724800,s1-eth1,0.00299072265625,99.99700927734375
2025-11-26 19:34:09.775753984,s2-eth2,0.00299072265625,99.99700927734375
2025-11-26 19:34:09.775795968,s3-eth2,0.0037384033203125,99.99626159667969
2025-11-26 19:34:10.776452096,s1-eth1,0.00299072265625,99.99700927734375
2025-11-26 19:34:10.776556032,s2-eth2,0.00299072265625,99.99700927734375
2025-11-26 19:34:10.776702976,s3-eth2,0.00299072265625,99.99700927734375
2025-11-26 19:34:11.777596928,s1-eth1,52.471256256103516,47.528743743896484
2025-11-26 19:34:11.777726976,s2-eth2,53.212459564208984,46.787540435791016
2025-11-26 19:34:11.777911808,s3-eth2,0.0022408294677734373,99.99775917053222
2025-11-26 19:34:12.778989056,s1-eth1,81.40853118896484,18.591468811035156
2025-11-26 19:34:12.779119104,s2-eth2,80.66743469238281,19.332565307617188
2025-11-26 19:34:12.779303936,s3-eth2,0.004481582641601562,99.9955184173584
2025-11-26 19:34:13.780185856,s1-eth1,0.0029877471923828126,99.99701225280762
2025-11-26 19:34:13.780303872,s2-eth2,0.0029877471923828126,99.99701225280762
2025-11-26 19:34:13.780452864,s3-eth2,0.0037346649169921874,99.99626533508301
2025-11-26 19:34:14.781372928,s1-eth1,39.16880798339844,60.83119201660156
2025-11-26 19:34:14.781497088,s2-eth2,0.00149383544921875,99.99850616455078
2025-11-26 19:34:14.781657856,s3-eth2,0.00149383544921875,99.99850616455078
2025-11-26 19:34:15.782270976,s1-eth1,26.34874725341797,73.65125274658203
2025-11-26 19:34:15.782377984,s2-eth2,0.0052337646484375,99.99476623535156
2025-11-26 19:34:15.782531072,s3-eth2,0.004486083984375,99.99551391601562
2025-11-26 19:34:16.783422976,s1-eth1,0.0036279296875,99.9963720703125
2025-11-26 19:34:16.783528960,s2-eth2,0.0036279296875,99.9963720703125
2025-11-26 19:34:16.783677184,s3-eth2,0.0036279296875,99.9963720703125
2025-11-26 19:34:17.784736000,s1-eth1,0.0029877471923828126,99.99701225280762
2025-11-26 19:34:17.784857088,s2-eth2,65.01180267333984,34.988197326660156
2025-11-26 19:34:17.785017088,s3-eth2,0.0029877471923828126,99.99701225280762
2025-11-26 19:34:18.785911040,s1-eth1,0.0029877471923828126,99.99701225280762
2025-11-26 19:34:18.786021120,s2-eth2,0.012766494750976562,99.98723350524902
2025-11-26 19:34:18.786174976,s3-eth2,0.0029877471923828126,99.99701225280762
2025-11-26 19:34:19.787102976,s1-eth1,0.0029877471923828126,99.99701225280762
2025-11-26 19:34:19.787218176,s2-eth2,0.0029877471923828126,99.99701225280762
2025-11-26 19:34:19.787367168,s3-eth2,0.0029877471923828126,99.99701225280762
2025-11-26 19:34:20.788336128,s1-eth1,46.06474685668945,53.93525314331055
2025-11-26 19:34:20.788472064,s2-eth2,46.6943359375,53.3056640625
2025-11-26 19:34:20.788691968,s3-eth2,46.915061950683594,53.084938049316406
2025-11-26 19:34:21.789721088,s1-eth1,75.28092956542969,24.719070434570312
2025-11-26 19:34:21.789853184,s2-eth2,19.39287757873535,80.60712242126465
2025-11-26 19:34:21.790030848,s3-eth2,19.172151565551758,80.82784843444824
2025-11-26 19:34:22.790575872,s1-eth1,13.283096313476562,86.71690368652344
2025-11-26 19:34:22.790607872,s2-eth2,0.004486083984375,99.99551391601562
2025-11-26 19:34:22.790651136,s3-eth2,0.004486083984375,99.99551391601562
2025-11-26 19:34:23.791301120,s1-eth1,0.00299072265625,99.99700927734375
2025-11-26 19:34:23.791405056,s2-eth2,0.003631591796875,99.99636840820312
2025-11-26 19:34:23.791551232,s3-eth2,0.003631591796875,99.99636840820312
2025-11-26 19:34:24.792398080,s1-eth1,0.0029877471923828126,99.99701225280762
2025-11-26 19:34:24.792502016,s2-eth2,0.0029877471923828126,99.99701225280762
2025-11-26 19:34:24.792648960,s3-eth2,0.0029877471923828126,99.99701225280762
2025-11-26 19:34:25.793554176,s1-eth1,0.0029877471923828126,99.99701225280762
2025-11-26 19:34:25.793659904,s2-eth2,0.0029877471923828126,99.99701225280762
2025-11-26 19:34:25.793808896,s3-eth2,0.0029877471923828126,99.99701225280762
2025-11-26 19:34:26.794734080,s1-eth1,0.0029877471923828126,99.99701225280762
2025-11-26 19:34:26.794838784,s2-eth2,0.0029877471923828126,99.99701225280762
2025-11-26 19:34:26.795002880,s3-eth2,0.0029877471923828126,99.99701225280762
2025-11-26 19:34:27.796008960,s1-eth1,0.0029877471923828126,99.99701225280762
2025-11-26 19:34:27.796112896,s2-eth2,0.0029877471923828126,99.99701225280762
2025-11-26 19:34:27.796260096,s3-eth2,0.0029877471923828126,99.99701225280762
2025-11-26 19:34:28.797106944,s1-eth1,0.0029877471923828126,99.99701225280762
2025-11-26 19:34:28.797209856,s2-eth2,0.0029877471923828126,99.99701225280762
2025-11-26 19:34:28.797357056,s3-eth2,0.0029877471923828126,99.99701225280762
2025-11-26 19:34:29.798289920,s1-eth1,46.29946517944336,53.70053482055664
2025-11-26 19:34:29.798417152,s2-eth2,0.0029877471923828126,99.99701225280762
2025-11-26 19:34:29.798567936,s3-eth2,0.0029877471923828126,99.99701225280762
2025-11-26 19:34:30.799515904,s1-eth1,19.80086326599121,80.19913673400879
2025-11-26 19:34:30.799640832,s2-eth2,0.0029877471923828126,99.99701225280762
2025-11-26 19:34:30.799791104,s3-eth2,0.0029877471923828126,99.99701225280762
2025-11-26 19:34:31.800757760,s1-eth1,0.0022408294677734373,99.99775917053222
2025-11-26 19:34:31.800878080,s2-eth2,47.874916076660156,52.125083923339844
2025-11-26 19:34:31.801037056,s3-eth2,0.0,100.0
2025-11-26 19:34:32.802125056,s1-eth1,0.004374923706054687,99.99562507629395
2025-11-26 19:34:32.802243840,s2-eth2,17.1496524810791,82.8503475189209
2025-11-26 19:34:32.802403840,s3-eth2,0.005975494384765625,99.99402450561523
2025-11-26 19:34:33.803314944,s1-eth1,0.0029877471923828126,99.99701225280762
2025-11-26 19:34:33.803420160,s2-eth2,0.0036279296875,99.9963720703125
2025-11-26 19:34:33.803567872,s3-eth2,0.0036279296875,99.9963720703125
2025-11-26 19:34:34.804421888,s1-eth1,0.0029877471923828126,99.99701225280762
2025-11-26 19:34:34.804527104,s2-eth2,0.0029877471923828126,99.99701225280762
2025-11-26 19:34:34.804673792,s3-eth2,0.0029877471923828126,99.99701225280762
2025-11-26 19:34:35.805517056,s1-eth1,0.0029877471923828126,99.99701225280762
2025-11-26 19:34:35.805624064,s2-eth2,0.0029877471923828126,99.99701225280762
2025-11-26 19:34:35.805771008,s3-eth2,0.0029877471923828126,99.99701225280762
2025-11-26 19:34:36.806607872,s1-eth1,0.0029877471923828126,99.99701225280762
2025-11-26 19:34:36.806711808,s2-eth2,0.0029877471923828126,99.99701225280762
2025-11-26 19:34:36.806873088,s3-eth2,0.0029877471923828126,99.99701225280762
2025-11-26 19:34:37.807957760,s1-eth1,0.0029877471923828126,99.99701225280762
2025-11-26 19:34:37.808072192,s2-eth2,64.88988494873047,35.11011505126953
2025-11-26 19:34:37.808240896,s3-eth2,0.0029877471923828126,99.99701225280762
2025-11-26 19:34:38.809252864,s1-eth1,44.612613677978516,55.387386322021484
2025-11-26 19:34:38.809374208,s2-eth2,0.012903671264648437,99.98709632873535
2025-11-26 19:34:38.809531904,s3-eth2,0.0029877471923828126,99.99701225280762
2025-11-26 19:34:39.810447872,s1-eth1,23.916269302368164,76.08373069763184
2025-11-26 19:34:39.810565120,s2-eth2,0.0029877471923828126,99.99701225280762
2025-11-26 19:34:39.810714112,s3-eth2,0.0029877471923828126,99.99701225280762
2025-11-26 19:34:40.811273216,s1-eth1,49.062286376953125,50.937713623046875
2025-11-26 19:34:40.811304960,s2-eth2,48.85490417480469,51.14509582519531
2025-11-26 19:34:40.811350016,s3-eth2,48.67814636230469,51.32185363769531
2025-11-26 19:34:41.812068864,s1-eth1,17.092391967773438,82.90760803222656
2025-11-26 19:34:41.812180992,s2-eth2,17.299774169921875,82.70022583007812
2025-11-26 19:34:41.812336896,s3-eth2,17.476531982421875,82.52346801757812
2025-11-26 19:34:42.813451008,s1-eth1,40.67255401611328,59.32744598388672
2025-11-26 19:34:42.813568000,s2-eth2,41.27052688598633,58.72947311401367
2025-11-26 19:34:42.813729024,s3-eth2,0.0029877471923828126,99.99701225280762
2025-11-26 19:34:43.814647040,s1-eth1,24.818817138671875,75.18118286132812
2025-11-26 19:34:43.814763008,s2-eth2,24.220844268798828,75.77915573120117
2025-11-26 19:34:43.814939904,s3-eth2,0.0029877471923828126,99.99701225280762
2025-11-26 19:34:44.815805952,s1-eth1,0.0029877471923828126,99.99701225280762
2025-11-26 19:34:44.815911168,s2-eth2,0.0029877471923828126,99.99701225280762
2025-11-26 19:34:44.816057088,s3-eth2,0.0029877471923828126,99.99701225280762
2025-11-26 19:34:45.816918016,s1-eth1,0.0029877471923828126,99.99701225280762
2025-11-26 19:34:45.817020928,s2-eth2,0.0029877471923828126,99.99701225280762
2025-11-26 19:34:45.817167872,s3-eth2,0.0029877471923828126,99.99701225280762
2025-11-26 19:34:46.817996032,s1-eth1,0.0029877471923828126,99.99701225280762
2025-11-26 19:34:46.818099968,s2-eth2,0.0029877471923828126,99.99701225280762
2025-11-26 19:34:46.818245888,s3-eth2,0.0029877471923828126,99.99701225280762
2025-11-26 19:34:47.818955776,s1-eth1,56.89253234863281,43.10746765136719
2025-11-26 19:34:47.819056128,s2-eth2,56.67359924316406,43.32640075683594
2025-11-26 19:34:47.819195904,s3-eth2,0.001495361328125,99.99850463867188
2025-11-26 19:34:48.820028928,s1-eth1,8.65584945678711,91.34415054321289
2025-11-26 19:34:48.820142080,s2-eth2,8.874883651733398,91.1251163482666
2025-11-26 19:34:48.820301056,s3-eth2,0.005121841430664063,99.99487815856934
2025-11-26 19:34:49.821168896,s1-eth1,39.27824401855469,60.72175598144531
2025-11-26 19:34:49.821278976,s2-eth2,0.0029877471923828126,99.99701225280762
2025-11-26 19:34:49.821434880,s3-eth2,0.0029877471923828126,99.99701225280762
2025-11-26 19:34:50.822299904,s1-eth1,26.213281631469727,73.78671836853027
2025-11-26 19:34:50.822407936,s2-eth2,0.0029877471923828126,99.99701225280762
2025-11-26 19:34:50.822562048,s3-eth2,0.0029877471923828126,99.99701225280762
2025-11-26 19:34:51.823420160,s1-eth1,0.0036279296875,99.9963720703125
2025-11-26 19:34:51.823525888,s2-eth2,0.0029877471923828126,99.99701225280762
2025-11-26 19:34:51.823673088,s3-eth2,0.0029877471923828126,99.99701225280762
2025-11-26 19:34:52.824767232,s1-eth1,38.15970230102539,61.84029769897461
2025-11-26 19:34:52.824892160,s2-eth2,0.0029877471923828126,99.99701225280762
2025-11-26 19:34:52.825041920,s3-eth2,0.0029877471923828126,99.99701225280762
2025-11-26 19:34:53.825968128,s1-eth1,27.94124412536621,72.05875587463379
2025-11-26 19:34:53.826089984,s2-eth2,0.0036279296875,99.9963720703125
2025-11-26 19:34:53.826240000,s3-eth2,0.0036279296875,99.9963720703125
2025-11-26 19:34:54.827176192,s1-eth1,0.0022408294677734373,99.99775917053222
2025-11-26 19:34:54.827297024,s2-eth2,46.7705078125,53.2294921875
2025-11-26 19:34:54.827454976,s3-eth2,46.549781799316406,53.450218200683594
2025-11-26 19:34:55.828367104,s1-eth1,0.0037346649169921874,99.99626533508301
2025-11-26 19:34:55.828485888,s2-eth2,17.575876235961914,82.42412376403809
2025-11-26 19:34:55.828653056,s3-eth2,17.79660415649414,82.20339584350586
2025-11-26 19:34:56.829523200,s1-eth1,0.0029877471923828126,99.99701225280762
2025-11-26 19:34:56.829633024,s2-eth2,0.0029877471923828126,99.99701225280762
2025-11-26 19:34:56.829790208,s3-eth2,0.0029877471923828126,99.99701225280762
2025-11-26 19:34:57.830784000,s1-eth1,0.0029877471923828126,99.99701225280762
2025-11-26 19:34:57.830902016,s2-eth2,0.0029877471923828126,99.99701225280762
2025-11-26 19:34:57.831049984,s3-eth2,0.0029877471923828126,99.99701225280762
2025-11-26 19:34:58.831960064,s1-eth1,0.0022408294677734373,99.99775917053222
2025-11-26 19:34:58.832075008,s2-eth2,59.31480026245117,40.68519973754883
2025-11-26 19:34:58.832251136,s3-eth2,54.97002410888672,45.02997589111328
2025-11-26 19:34:59.833209088,s1-eth1,0.0036279296875,99.9963720703125
2025-11-26 19:34:59.833329920,s2-eth2,58.59111404418945,41.40888595581055
2025-11-26 19:34:59.833522176,s3-eth2,68.97001647949219,31.029983520507812
2025-11-26 19:35:00.834422016,s1-eth1,0.0037346649169921874,99.99626533508301
2025-11-26 19:35:00.834539776,s2-eth2,11.341442108154297,88.6585578918457
2025-11-26 19:35:00.834712064,s3-eth2,11.16461654663086,88.83538345336913
2025-11-26 19:35:01.835563776,s1-eth1,0.0029877471923828126,99.99701225280762
2025-11-26 19:35:01.835667968,s2-eth2,0.0029877471923828126,99.99701225280762
2025-11-26 19:35:01.835827200,s3-eth2,0.0029877471923828126,99.99701225280762
2025-11-26 19:35:02.836782848,s1-eth1,0.0029877471923828126,99.99701225280762
2025-11-26 19:35:02.836886016,s2-eth2,0.0029877471923828126,99.99701225280762
2025-11-26 19:35:02.837057024,s3-eth2,69.52001953125,30.47998046875
2025-11-26 19:35:03.837903872,s1-eth1,0.0029877471923828126,99.99701225280762
2025-11-26 19:35:03.838009088,s2-eth2,0.0029877471923828126,99.99701225280762
2025-11-26 19:35:03.838174208,s3-eth2,0.00856689453125,99.99143310546874
2025-11-26 19:35:04.839019008,s1-eth1,0.0029877471923828126,99.99701225280762
2025-11-26 19:35:04.839131136,s2-eth2,0.0029877471923828126,99.99701225280762
2025-11-26 19:35:04.839298048,s3-eth2,0.0029877471923828126,99.99701225280762
2025-11-26 19:35:05.840126976,s1-eth1,0.0029877471923828126,99.99701225280762
2025-11-26 19:35:05.840238080,s2-eth2,0.0029877471923828126,99.99701225280762
2025-11-26 19:35:05.840406016,s3-eth2,0.0029877471923828126,99.99701225280762
2025-11-26 19:35:06.841229824,s1-eth1,0.0029877471923828126,99.99701225280762
2025-11-26 19:35:06.841334016,s2-eth2,0.0029877471923828126,99.99701225280762
2025-11-26 19:35:06.841491968,s3-eth2,0.0029877471923828126,99.99701225280762
2025-11-26 19:35:07.842489088,s1-eth1,39.58445358276367,60.41554641723633
2025-11-26 19:35:07.842609920,s2-eth2,40.1942138671875,59.8057861328125
2025-11-26 19:35:07.842782976,s3-eth2,0.0029877471923828126,99.99701225280762
2025-11-26 19:35:08.843723008,s1-eth1,26.21293067932129,73.78706932067871
2025-11-26 19:35:08.843846144,s2-eth2,25.603174209594727,74.39682579040527
2025-11-26 19:35:08.844023040,s3-eth2,0.0029877471923828126,99.99701225280762
2025-11-26 19:35:09.844939008,s1-eth1,0.0029877471923828126,99.99701225280762
2025-11-26 19:35:09.845067008,s2-eth2,0.0029877471923828126,99.99701225280762
2025-11-26 19:35:09.845216000,s3-eth2,0.0029877471923828126,99.99701225280762
2025-11-26 19:35:10.846129920,s1-eth1,54.18940353393555,45.81059646606445
2025-11-26 19:35:10.846265088,s2-eth2,0.0022408294677734373,99.99775917053222
2025-11-26 19:35:10.846415872,s3-eth2,0.00149383544921875,99.99850616455078
2025-11-26 19:35:11.847337984,s1-eth1,14.339496612548828,85.66050338745117
2025-11-26 19:35:11.847471872,s2-eth2,0.0037346649169921874,99.99626533508301
2025-11-26 19:35:11.847621888,s3-eth2,0.004481582641601562,99.9955184173584
2025-11-26 19:35:12.848721152,s1-eth1,0.0029877471923828126,99.99701225280762
2025-11-26 19:35:12.848844032,s2-eth2,0.0029877471923828126,99.99701225280762
2025-11-26 19:35:12.848993024,s3-eth2,0.0029877471923828126,99.99701225280762
2025-11-26 19:35:13.849592064,s1-eth1,0.00299072265625,99.99700927734375
2025-11-26 19:35:13.849654016,s2-eth2,0.00299072265625,99.99700927734375
2025-11-26 19:35:13.849819904,s3-eth2,0.00299072265625,99.99700927734375
2025-11-26 19:35:14.850755840,s1-eth1,0.0029877471923828126,99.99701225280762
2025-11-26 19:35:14.850876160,s2-eth2,0.0029877471923828126,99.99701225280762
2025-11-26 19:35:14.851025152,s3-eth2,0.0029877471923828126,99.99701225280762
2025-11-26 19:35:15.851936000,s1-eth1,0.0029877471923828126,99.99701225280762
2025-11-26 19:35:15.852040960,s2-eth2,0.0029877471923828126,99.99701225280762
2025-11-26 19:35:15.852189952,s3-eth2,0.0029877471923828126,99.99701225280762
2025-11-26 19:35:16.853046016,s1-eth1,37.38840866088867,62.61159133911133
2025-11-26 19:35:16.853166080,s2-eth2,37.16969299316406,62.83030700683594
2025-11-26 19:35:16.853323008,s3-eth2,0.0029877471923828126,99.99701225280762
2025-11-26 19:35:17.854350080,s1-eth1,28.108375549316406,71.8916244506836
2025-11-26 19:35:17.854470912,s2-eth2,28.327089309692383,71.67291069030762
2025-11-26 19:35:17.854629120,s3-eth2,0.0029877471923828126,99.99701225280762
2025-11-26 19:35:18.855510016,s1-eth1,0.0029877471923828126,99.99701225280762
2025-11-26 19:35:18.855613952,s2-eth2,0.0029877471923828126,99.99701225280762
2025-11-26 19:35:18.855760128,s3-eth2,0.0029877471923828126,99.99701225280762
2025-11-26 19:35:19.856243968,s1-eth1,45.84309387207031,54.15690612792969
2025-11-26 19:35:19.856278784,s2-eth2,0.00299072265625,99.99700927734375
2025-11-26 19:35:19.856321024,s3-eth2,0.00299072265625,99.99700927734375
2025-11-26 19:35:20.857053952,s1-eth1,58.35625457763672,41.64374542236328
2025-11-26 19:35:20.857176064,s2-eth2,0.00299072265625,99.99700927734375
2025-11-26 19:35:20.857331968,s3-eth2,0.0029877471923828126,99.99701225280762
2025-11-26 19:35:21.858268928,s1-eth1,28.831382751464844,71.16861724853516
2025-11-26 19:35:21.858385152,s2-eth2,0.0036279296875,99.9963720703125
2025-11-26 19:35:21.858542080,s3-eth2,0.0036279296875,99.9963720703125
2025-11-26 19:35:22.859663872,s1-eth1,0.0029877471923828126,99.99701225280762
2025-11-26 19:35:22.859767808,s2-eth2,0.0029877471923828126,99.99701225280762
2025-11-26 19:35:22.859916032,s3-eth2,0.0029877471923828126,99.99701225280762
2025-11-26 19:35:23.860840192,s1-eth1,0.0029877471923828126,99.99701225280762
2025-11-26 19:35:23.860944128,s2-eth2,0.0029877471923828126,99.99701225280762
2025-11-26 19:35:23.861090816,s3-eth2,0.0029877471923828126,99.99701225280762
2025-11-26 19:35:24.861989120,s1-eth1,0.0029877471923828126,99.99701225280762
2025-11-26 19:35:24.862093824,s2-eth2,0.0036279296875,99.9963720703125
2025-11-26 19:35:24.862242048,s3-eth2,0.0036279296875,99.9963720703125
2025-11-26 19:35:25.863101952,s1-eth1,0.0036279296875,99.9963720703125
2025-11-26 19:35:25.863207936,s2-eth2,0.0029877471923828126,99.99701225280762
2025-11-26 19:35:25.863356160,s3-eth2,0.0029877471923828126,99.99701225280762
2025-11-26 19:35:26.864193024,s1-eth1,0.0029877471923828126,99.99701225280762
2025-11-26 19:35:26.864296960,s2-eth2,0.0029877471923828126,99.99701225280762
2025-11-26 19:35:26.864442112,s3-eth2,0.0029877471923828126,99.99701225280762
2025-11-26 19:35:27.865459968,s1-eth1,0.0029877471923828126,99.99701225280762
2025-11-26 19:35:27.865564160,s2-eth2,0.0029877471923828126,99.99701225280762
2025-11-26 19:35:27.865709056,s3-eth2,0.0029877471923828126,99.99701225280762
2025-11-26 19:35:28.866525952,s1-eth1,0.0029877471923828126,99.99701225280762
2025-11-26 19:35:28.866628864,s2-eth2,0.0029877471923828126,99.99701225280762
2025-11-26 19:35:28.866775040,s3-eth2,0.0029877471923828126,99.99701225280762
2025-11-26 19:35:29.867609088,s1-eth1,0.0036279296875,99.9963720703125
2025-11-26 19:35:29.867714048,s2-eth2,0.0029877471923828126,99.99701225280762
2025-11-26 19:35:29.867859968,s3-eth2,0.0029877471923828126,99.99701225280762
2025-11-26 19:35:30.868694016,s1-eth1,44.702476501464844,55.297523498535156
2025-11-26 19:35:30.868807936,s2-eth2,45.312232971191406,54.687767028808594
2025-11-26 19:35:30.868963072,s3-eth2,45.53245544433594,54.46754455566406
2025-11-26 19:35:31.869814016,s1-eth1,23.4027156829834,76.5972843170166
2025-11-26 19:35:31.869927936,s2-eth2,22.792957305908203,77.2070426940918
2025-11-26 19:35:31.870083072,s3-eth2,22.572734832763672,77.42726516723633
2025-11-26 19:35:32.870939904,s1-eth1,0.0029877471923828126,99.99701225280762
2025-11-26 19:35:32.871043840,s2-eth2,0.0029877471923828126,99.99701225280762
2025-11-26 19:35:32.871190016,s3-eth2,0.0029877471923828126,99.99701225280762
2025-11-26 19:35:33.872014080,s1-eth1,0.0029877471923828126,99.99701225280762
2025-11-26 19:35:33.872119040,s2-eth2,0.0033078765869140624,99.99669212341308
2025-11-26 19:35:33.872265216,s3-eth2,0.0033078765869140624,99.99669212341308
2025-11-26 19:35:34.873223936,s1-eth1,39.50217056274414,60.49782943725586
2025-11-26 19:35:34.873338880,s2-eth2,40.16769027709961,59.83230972290039
2025-11-26 19:35:34.873501952,s3-eth2,0.0033078765869140624,99.99669212341308
2025-11-26 19:35:35.874105088,s1-eth1,70.32379913330078,29.67620086669922
2025-11-26 19:35:35.874149120,s2-eth2,25.34918975830078,74.65081024169922
2025-11-26 19:35:35.874208000,s3-eth2,0.00299072265625,99.99700927734375
2025-11-26 19:35:36.874948096,s1-eth1,24.397422790527344,75.60257720947266
2025-11-26 19:35:36.875063040,s2-eth2,0.00299072265625,99.99700927734375
2025-11-26 19:35:36.875209216,s3-eth2,0.0029877471923828126,99.99701225280762
2025-11-26 19:35:37.876302080,s1-eth1,0.0022408294677734373,99.99775917053222
2025-11-26 19:35:37.876422912,s2-eth2,69.16117095947266,30.838829040527344
2025-11-26 19:35:37.876593152,s3-eth2,0.0029877471923828126,99.99701225280762
2025-11-26 19:35:38.877487872,s1-eth1,0.0037346649169921874,99.99626533508301
2025-11-26 19:35:38.877607168,s2-eth2,70.31291198730469,29.687088012695312
2025-11-26 19:35:38.877774848,s3-eth2,0.0029877471923828126,99.99701225280762
2025-11-26 19:35:39.878638080,s1-eth1,38.76169967651367,61.23830032348633
2025-11-26 19:35:39.878745088,s2-eth2,0.0022408294677734373,99.99775917053222
2025-11-26 19:35:39.878915072,s3-eth2,0.0029877471923828126,99.99701225280762
2025-11-26 19:35:40.879848960,s1-eth1,71.95182800292969,28.048171997070312
2025-11-26 19:35:40.879964160,s2-eth2,45.7120246887207,54.2879753112793
2025-11-26 19:35:40.880132864,s3-eth2,0.0022408294677734373,99.99775917053222
2025-11-26 19:35:41.880986880,s1-eth1,19.0790958404541,80.9209041595459
2025-11-26 19:35:41.881099008,s2-eth2,19.18644142150879,80.81355857849121
2025-11-26 19:35:41.881256192,s3-eth2,0.0037346649169921874,99.99626533508301
2025-11-26 19:35:42.882240000,s1-eth1,0.0036279296875,99.9963720703125
2025-11-26 19:35:42.882344960,s2-eth2,0.0036279296875,99.9963720703125
2025-11-26 19:35:42.882489856,s3-eth2,0.0036279296875,99.9963720703125
2025-11-26 19:35:43.883307008,s1-eth1,0.0029877471923828126,99.99701225280762
2025-11-26 19:35:43.883410944,s2-eth2,0.0029877471923828126,99.99701225280762
2025-11-26 19:35:43.883557120,s3-eth2,0.0029877471923828126,99.99701225280762
2025-11-26 19:35:44.884409856,s1-eth1,0.0029877471923828126,99.99701225280762
2025-11-26 19:35:44.884514048,s2-eth2,0.0029877471923828126,99.99701225280762
2025-11-26 19:35:44.884662016,s3-eth2,0.0029877471923828126,99.99701225280762
2025-11-26 19:35:45.885596928,s1-eth1,0.0022408294677734373,99.99775917053222
2025-11-26 19:35:45.885718016,s2-eth2,47.28544998168945,52.71455001831055
2025-11-26 19:35:45.885883136,s3-eth2,0.0029877471923828126,99.99701225280762
2025-11-26 19:35:46.886779904,s1-eth1,0.0037346649169921874,99.99626533508301
2025-11-26 19:35:46.886910976,s2-eth2,17.739280700683594,82.2607192993164
2025-11-26 19:35:46.887070976,s3-eth2,0.0029877471923828126,99.99701225280762
2025-11-26 19:35:47.887919872,s1-eth1,0.0029877471923828126,99.99701225280762
2025-11-26 19:35:47.888024064,s2-eth2,0.0029877471923828126,99.99701225280762
2025-11-26 19:35:47.888169984,s3-eth2,0.0029877471923828126,99.99701225280762
2025-11-26 19:35:48.889147904,s1-eth1,48.45592498779297,51.54407501220703
2025-11-26 19:35:48.889321216,s2-eth2,48.23720932006836,51.76279067993164
2025-11-26 19:35:48.889502976,s3-eth2,48.01723098754883,51.98276901245117
2025-11-26 19:35:49.890129152,s1-eth1,17.650306701660156,82.34969329833984
2025-11-26 19:35:49.890161920,s2-eth2,17.869239807128906,82.1307601928711
2025-11-26 19:35:49.890212096,s3-eth2,18.089439392089844,81.91056060791016
2025-11-26 19:35:50.890904064,s1-eth1,0.00299072265625,99.99700927734375
2025-11-26 19:35:50.891015168,s2-eth2,0.00299072265625,99.99700927734375
2025-11-26 19:35:50.891172864,s3-eth2,0.00299072265625,99.99700927734375
2025-11-26 19:35:51.892015872,s1-eth1,0.0029877471923828126,99.99701225280762
2025-11-26 19:35:51.892128000,s2-eth2,0.0029877471923828126,99.99701225280762
2025-11-26 19:35:51.892282880,s3-eth2,0.0029877471923828126,99.99701225280762
2025-11-26 19:35:52.893285888,s1-eth1,0.0029877471923828126,99.99701225280762
2025-11-26 19:35:52.893389056,s2-eth2,0.0029877471923828126,99.99701225280762
2025-11-26 19:35:52.893534976,s3-eth2,0.0029877471923828126,99.99701225280762
2025-11-26 19:35:53.894123008,s1-eth1,38.30934143066406,61.69065856933594
2025-11-26 19:35:53.894169088,s2-eth2,0.00299072265625,99.99700927734375
2025-11-26 19:35:53.894233088,s3-eth2,69.58953857421875,30.41046142578125
2025-11-26 19:35:54.894984960,s1-eth1,27.857070922851562,72.14292907714844
2025-11-26 19:35:54.895104768,s2-eth2,0.00299072265625,99.99700927734375
2025-11-26 19:35:54.895277056,s3-eth2,0.00857452392578125,99.99142547607421
2025-11-26 19:35:55.896148992,s1-eth1,0.0029877471923828126,99.99701225280762
2025-11-26 19:35:55.896253952,s2-eth2,0.0029877471923828126,99.99701225280762
2025-11-26 19:35:55.896413952,s3-eth2,0.0029877471923828126,99.99701225280762
2025-11-26 19:35:56.897234944,s1-eth1,0.0029877471923828126,99.99701225280762
2025-11-26 19:35:56.897346048,s2-eth2,0.0029877471923828126,99.99701225280762
2025-11-26 19:35:56.897512960,s3-eth2,0.0029877471923828126,99.99701225280762
2025-11-26 19:35:57.898514944,s1-eth1,0.0029877471923828126,99.99701225280762
2025-11-26 19:35:57.898625024,s2-eth2,0.0029877471923828126,99.99701225280762
2025-11-26 19:35:57.898795008,s3-eth2,0.0029877471923828126,99.99701225280762
2025-11-26 19:35:58.899649024,s1-eth1,0.0029877471923828126,99.99701225280762
2025-11-26 19:35:58.899753984,s2-eth2,0.0029877471923828126,99.99701225280762
2025-11-26 19:35:58.899912960,s3-eth2,0.0029877471923828126,99.99701225280762
2025-11-26 19:35:59.900839168,s1-eth1,53.319271087646484,46.680728912353516
2025-11-26 19:35:59.900957184,s2-eth2,0.00149383544921875,99.99850616455078
2025-11-26 19:35:59.901125888,s3-eth2,0.00149383544921875,99.99850616455078
2025-11-26 19:36:00.902016000,s1-eth1,7.707586288452148,92.29241371154785
2025-11-26 19:36:00.902131968,s2-eth2,0.004481582641601562,99.9955184173584
2025-11-26 19:36:00.902295040,s3-eth2,0.004481582641601562,99.9955184173584
2025-11-26 19:36:01.903173888,s1-eth1,0.0029877471923828126,99.99701225280762
2025-11-26 19:36:01.903279104,s2-eth2,0.0029877471923828126,99.99701225280762
2025-11-26 19:36:01.903426816,s3-eth2,0.0029877471923828126,99.99701225280762
2025-11-26 19:36:02.904436224,s1-eth1,0.0029877471923828126,99.99701225280762
2025-11-26 19:36:02.904540160,s2-eth2,0.0029877471923828126,99.99701225280762
2025-11-26 19:36:02.904686848,s3-eth2,0.0029877471923828126,99.99701225280762
2025-11-26 19:36:03.905531904,s1-eth1,0.0029877471923828126,99.99701225280762
2025-11-26 19:36:03.905636096,s2-eth2,0.0029877471923828126,99.99701225280762
2025-11-26 19:36:03.905783808,s3-eth2,0.0029877471923828126,99.99701225280762
2025-11-26 19:36:04.906640896,s1-eth1,0.0036279296875,99.9963720703125
2025-11-26 19:36:04.906747136,s2-eth2,0.0029877471923828126,99.99701225280762
2025-11-26 19:36:04.906909952,s3-eth2,0.0029877471923828126,99.99701225280762
2025-11-26 19:36:05.907836928,s1-eth1,0.0029877471923828126,99.99701225280762
2025-11-26 19:36:05.907941120,s2-eth2,0.0029877471923828126,99.99701225280762
2025-11-26 19:36:05.908091136,s3-eth2,0.0029877471923828126,99.99701225280762
2025-11-26 19:36:06.909039872,s1-eth1,0.0029877471923828126,99.99701225280762
2025-11-26 19:36:06.909154816,s2-eth2,0.0029877471923828126,99.99701225280762
2025-11-26 19:36:06.909305088,s3-eth2,0.0029877471923828126,99.99701225280762
2025-11-26 19:36:07.910331904,s1-eth1,0.0029877471923828126,99.99701225280762
2025-11-26 19:36:07.910445056,s2-eth2,0.0029877471923828126,99.99701225280762
2025-11-26 19:36:07.910592000,s3-eth2,0.0029877471923828126,99.99701225280762
2025-11-26 19:36:08.911542784,s1-eth1,41.5797119140625,58.4202880859375
2025-11-26 19:36:08.911667200,s2-eth2,101.05474090576172,-1.0547409057617188
2025-11-26 19:36:08.911854080,s3-eth2,0.0029877471923828126,99.99701225280762
2025-11-26 19:36:09.912779008,s1-eth1,26.32644271850586,73.67355728149414
2025-11-26 19:36:09.912900864,s2-eth2,36.27584457397461,63.72415542602539
2025-11-26 19:36:09.913090048,s3-eth2,55.22332763671875,44.77667236328125
2025-11-26 19:36:10.913954048,s1-eth1,0.0029877471923828126,99.99701225280762
2025-11-26 19:36:10.914083840,s2-eth2,46.65913772583008,53.34086227416992
2025-11-26 19:36:10.914246144,s3-eth2,60.686767578125,39.313232421875
2025-11-26 19:36:11.915117056,s1-eth1,0.0037346649169921874,99.99626533508301
2025-11-26 19:36:11.915247872,s2-eth2,17.68881607055664,82.31118392944336
2025-11-26 19:36:11.915404032,s3-eth2,17.964481353759766,82.03551864624023
2025-11-26 19:36:12.916459008,s1-eth1,0.0022408294677734373,99.99775917053222
2025-11-26 19:36:12.916594944,s2-eth2,52.48173141479492,47.51826858520508
2025-11-26 19:36:12.916753152,s3-eth2,52.67988204956055,47.32011795043945
2025-11-26 19:36:13.917652992,s1-eth1,0.0037346649169921874,99.99626533508301
2025-11-26 19:36:13.917785856,s2-eth2,11.865926742553711,88.13407325744629
2025-11-26 19:36:13.917942016,s3-eth2,11.667776107788086,88.33222389221191
2025-11-26 19:36:14.918900992,s1-eth1,0.0029877471923828126,99.99701225280762
2025-11-26 19:36:14.919006976,s2-eth2,0.0029877471923828126,99.99701225280762
2025-11-26 19:36:14.919155968,s3-eth2,0.0029877471923828126,99.99701225280762
2025-11-26 19:36:15.920089856,s1-eth1,0.0029877471923828126,99.99701225280762
2025-11-26 19:36:15.920196096,s2-eth2,0.0029877471923828126,99.99701225280762
2025-11-26 19:36:15.920346112,s3-eth2,0.0029877471923828126,99.99701225280762
2025-11-26 19:36:16.921073920,s1-eth1,0.00299072265625,99.99700927734375
2025-11-26 19:36:16.921179136,s2-eth2,0.00299072265625,99.99700927734375
2025-11-26 19:36:16.921324032,s3-eth2,0.00299072265625,99.99700927734375
2025-11-26 19:36:17.922327040,s1-eth1,40.00860595703125,59.99139404296875
2025-11-26 19:36:17.922449152,s2-eth2,39.900760650634766,60.099239349365234
2025-11-26 19:36:17.922609920,s3-eth2,0.0029877471923828126,99.99701225280762
2025-11-26 19:36:18.923548928,s1-eth1,25.488313674926758,74.51168632507324
2025-11-26 19:36:18.923671040,s2-eth2,25.596162796020508,74.40383720397949
2025-11-26 19:36:18.923832064,s3-eth2,0.0029877471923828126,99.99701225280762
2025-11-26 19:36:19.924755200,s1-eth1,0.0029877471923828126,99.99701225280762
2025-11-26 19:36:19.924860928,s2-eth2,0.0029877471923828126,99.99701225280762
2025-11-26 19:36:19.925009920,s3-eth2,0.0029877471923828126,99.99701225280762
2025-11-26 19:36:20.925873920,s1-eth1,0.0029877471923828126,99.99701225280762
2025-11-26 19:36:20.925977856,s2-eth2,0.0029877471923828126,99.99701225280762
2025-11-26 19:36:20.926124032,s3-eth2,0.0029877471923828126,99.99701225280762
2025-11-26 19:36:21.926991104,s1-eth1,0.0029877471923828126,99.99701225280762
2025-11-26 19:36:21.927095808,s2-eth2,0.0029877471923828126,99.99701225280762
2025-11-26 19:36:21.927244032,s3-eth2,0.0029877471923828126,99.99701225280762
2025-11-26 19:36:22.928472064,s1-eth1,46.50947570800781,53.49052429199219
2025-11-26 19:36:22.928588032,s2-eth2,47.119232177734375,52.880767822265625
2025-11-26 19:36:22.928791040,s3-eth2,47.33945846557617,52.66054153442383
2025-11-26 19:36:23.929750016,s1-eth1,19.579099655151367,80.42090034484863
2025-11-26 19:36:23.929864960,s2-eth2,18.969343185424805,81.0306568145752
2025-11-26 19:36:23.930021888,s3-eth2,18.74911880493164,81.25088119506836
2025-11-26 19:36:24.930928896,s1-eth1,0.0029877471923828126,99.99701225280762
2025-11-26 19:36:24.931034112,s2-eth2,0.0029877471923828126,99.99701225280762
2025-11-26 19:36:24.931181056,s3-eth2,0.0029877471923828126,99.99701225280762
2025-11-26 19:36:25.932048128,s1-eth1,0.0029877471923828126,99.99701225280762
2025-11-26 19:36:25.932153856,s2-eth2,0.0029877471923828126,99.99701225280762
2025-11-26 19:36:25.932300032,s3-eth2,0.0029877471923828126,99.99701225280762
2025-11-26 19:36:26.933153024,s1-eth1,0.0029877471923828126,99.99701225280762
2025-11-26 19:36:26.933257216,s2-eth2,0.0029877471923828126,99.99701225280762
2025-11-26 19:36:26.933403904,s3-eth2,0.0029877471923828126,99.99701225280762
2025-11-26 19:36:27.934480896,s1-eth1,5.036178131103515,94.96382186889649
2025-11-26 19:36:27.934604800,s2-eth2,68.50070190429688,31.499298095703125
2025-11-26 19:36:27.934765056,s3-eth2,0.0029877471923828126,99.99701225280762
2025-11-26 19:36:28.935770112,s1-eth1,75.71316528320312,24.286834716796875
2025-11-26 19:36:28.935909120,s2-eth2,73.71167755126953,26.28832244873047
2025-11-26 19:36:28.936121088,s3-eth2,0.0029877471923828126,99.99701225280762
2025-11-26 19:36:29.937072896,s1-eth1,88.13798522949219,11.862014770507812
2025-11-26 19:36:29.937186048,s2-eth2,0.0097406005859375,99.99025939941406
2025-11-26 19:36:29.937350912,s3-eth2,0.0029877471923828126,99.99701225280762
2025-11-26 19:36:30.938247936,s1-eth1,37.473018646240234,62.526981353759766
2025-11-26 19:36:30.938366976,s2-eth2,0.0029877471923828126,99.99701225280762
2025-11-26 19:36:30.938523904,s3-eth2,0.0029877471923828126,99.99701225280762
2025-11-26 19:36:31.939024896,s1-eth1,0.00299072265625,99.99700927734375
2025-11-26 19:36:31.939055872,s2-eth2,0.00299072265625,99.99700927734375
2025-11-26 19:36:31.939097856,s3-eth2,0.00299072265625,99.99700927734375
2025-11-26 19:36:32.939874048,s1-eth1,0.00299072265625,99.99700927734375
2025-11-26 19:36:32.939977984,s2-eth2,0.00299072265625,99.99700927734375
2025-11-26 19:36:32.940125952,s3-eth2,0.0029877471923828126,99.99701225280762
2025-11-26 19:36:33.941031936,s1-eth1,56.22266387939453,43.77733612060547
2025-11-26 19:36:33.941147136,s2-eth2,56.11457061767578,43.88542938232422
2025-11-26 19:36:33.941306112,s3-eth2,0.00149383544921875,99.99850616455078
2025-11-26 19:36:34.942215936,s1-eth1,9.268540344238282,90.73145965576171
2025-11-26 19:36:34.942328064,s2-eth2,9.376632690429688,90.62336730957031
2025-11-26 19:36:34.942490112,s3-eth2,0.004481582641601562,99.9955184173584
2025-11-26 19:36:35.943454976,s1-eth1,43.2647819519043,56.7352180480957
2025-11-26 19:36:35.943574016,s2-eth2,0.0036279296875,99.9963720703125
2025-11-26 19:36:35.943745024,s3-eth2,0.0036279296875,99.9963720703125
2025-11-26 19:36:36.944736000,s1-eth1,70.66925811767578,29.33074188232422
2025-11-26 19:36:36.944859904,s2-eth2,0.0029877471923828126,99.99701225280762
2025-11-26 19:36:36.945008896,s3-eth2,0.0029877471923828126,99.99701225280762
2025-11-26 19:36:37.946024960,s1-eth1,20.69281578063965,79.30718421936035
2025-11-26 19:36:37.946147840,s2-eth2,0.0029877471923828126,99.99701225280762
2025-11-26 19:36:37.946310912,s3-eth2,0.0029877471923828126,99.99701225280762
2025-11-26 19:36:38.947233792,s1-eth1,0.0029877471923828126,99.99701225280762
2025-11-26 19:36:38.947346944,s2-eth2,64.88988494873047,35.11011505126953
2025-11-26 19:36:38.947529984,s3-eth2,0.0029877471923828126,99.99701225280762
2025-11-26 19:36:39.948411904,s1-eth1,0.0029877471923828126,99.99701225280762
2025-11-26 19:36:39.948518144,s2-eth2,0.012926559448242187,99.98707344055175
2025-11-26 19:36:39.948688128,s3-eth2,0.0029877471923828126,99.99701225280762
2025-11-26 19:36:40.949517056,s1-eth1,0.0029877471923828126,99.99701225280762
2025-11-26 19:36:40.949620992,s2-eth2,0.0029877471923828126,99.99701225280762
2025-11-26 19:36:40.949768192,s3-eth2,0.0029877471923828126,99.99701225280762
2025-11-26 19:36:41.950601216,s1-eth1,0.0029877471923828126,99.99701225280762
2025-11-26 19:36:41.950705920,s2-eth2,0.0029877471923828126,99.99701225280762
2025-11-26 19:36:41.950923008,s3-eth2,0.0029877471923828126,99.99701225280762
2025-11-26 19:36:42.951955968,s1-eth1,0.0029877471923828126,99.99701225280762
2025-11-26 19:36:42.952059136,s2-eth2,0.0029877471923828126,99.99701225280762
2025-11-26 19:36:42.952205824,s3-eth2,0.0029877471923828126,99.99701225280762
2025-11-26 19:36:43.953171968,s1-eth1,41.17070007324219,58.82929992675781
2025-11-26 19:36:43.953304064,s2-eth2,47.16526794433594,52.83473205566406
2025-11-26 19:36:43.953490944,s3-eth2,0.0029877471923828126,99.99701225280762
2025-11-26 19:36:44.954411008,s1-eth1,20.115459442138672,79.88454055786133
2025-11-26 19:36:44.954555136,s2-eth2,17.738380432128906,82.2616195678711
2025-11-26 19:36:44.954724096,s3-eth2,0.0029877471923828126,99.99701225280762
2025-11-26 19:36:45.955590912,s1-eth1,0.0036279296875,99.9963720703125
2025-11-26 19:36:45.955708928,s2-eth2,0.0029877471923828126,99.99701225280762
2025-11-26 19:36:45.955856128,s3-eth2,0.0029877471923828126,99.99701225280762
2025-11-26 19:36:46.956696064,s1-eth1,48.04254913330078,51.95745086669922
2025-11-26 19:36:46.956823040,s2-eth2,47.824581146240234,52.175418853759766
2025-11-26 19:36:46.956978176,s3-eth2,47.60385513305664,52.39614486694336
2025-11-26 19:36:47.957832192,s1-eth1,20.063249588012695,79.9367504119873
2025-11-26 19:36:47.957956096,s2-eth2,20.280576705932617,79.71942329406738
2025-11-26 19:36:47.958110208,s3-eth2,20.501304626464844,79.49869537353516
2025-11-26 19:36:48.958960128,s1-eth1,0.0029877471923828126,99.99701225280762
2025-11-26 19:36:48.959078144,s2-eth2,0.0036279296875,99.9963720703125
2025-11-26 19:36:48.959224064,s3-eth2,0.0036279296875,99.9963720703125
2025-11-26 19:36:49.960045056,s1-eth1,0.0029877471923828126,99.99701225280762
2025-11-26 19:36:49.960161024,s2-eth2,0.0029877471923828126,99.99701225280762
2025-11-26 19:36:49.960306944,s3-eth2,0.0029877471923828126,99.99701225280762
2025-11-26 19:36:50.961126144,s1-eth1,0.0029877471923828126,99.99701225280762
2025-11-26 19:36:50.961242880,s2-eth2,0.0029877471923828126,99.99701225280762
2025-11-26 19:36:50.961389056,s3-eth2,0.0029877471923828126,99.99701225280762
2025-11-26 19:36:51.962203136,s1-eth1,0.0029877471923828126,99.99701225280762
2025-11-26 19:36:51.962307072,s2-eth2,0.0029877471923828126,99.99701225280762
2025-11-26 19:36:51.962464000,s3-eth2,0.0029877471923828126,99.99701225280762
2025-11-26 19:36:52.963390208,s1-eth1,0.0029877471923828126,99.99701225280762
2025-11-26 19:36:52.963494144,s2-eth2,0.0029877471923828126,99.99701225280762
2025-11-26 19:36:52.963653120,s3-eth2,0.0029877471923828126,99.99701225280762
2025-11-26 19:36:53.964112896,s1-eth1,0.00299072265625,99.99700927734375
2025-11-26 19:36:53.964142080,s2-eth2,0.00299072265625,99.99700927734375
2025-11-26 19:36:53.964186880,s3-eth2,0.00299072265625,99.99700927734375
2025-11-26 19:36:54.964461056,s1-eth1,0.00299072265625,99.99700927734375
2025-11-26 19:36:54.964488960,s2-eth2,0.00299072265625,99.99700927734375
2025-11-26 19:36:54.964530944,s3-eth2,0.00299072265625,99.99700927734375
2025-11-26 19:36:55.965193984,s1-eth1,0.00299072265625,99.99700927734375
2025-11-26 19:36:55.965306880,s2-eth2,0.00299072265625,99.99700927734375
2025-11-26 19:36:55.965466112,s3-eth2,0.0074615478515625,99.99253845214844
2025-11-26 19:36:56.966320896,s1-eth1,0.0029877471923828126,99.99701225280762
2025-11-26 19:36:56.966432000,s2-eth2,0.0029877471923828126,99.99701225280762
2025-11-26 19:36:56.966625024,s3-eth2,69.5211181640625,30.4788818359375
2025-11-26 19:36:57.967624960,s1-eth1,0.0029877471923828126,99.99701225280762
2025-11-26 19:36:57.967727872,s2-eth2,0.0029877471923828126,99.99701225280762
2025-11-26 19:36:57.967886080,s3-eth2,0.0029877471923828126,99.99701225280762
2025-11-26 19:36:58.968722944,s1-eth1,0.0036279296875,99.9963720703125
2025-11-26 19:36:58.968827904,s2-eth2,0.0036279296875,99.9963720703125
2025-11-26 19:36:58.968975104,s3-eth2,0.0036279296875,99.9963720703125
2025-11-26 19:36:59.969808128,s1-eth1,0.0029877471923828126,99.99701225280762
2025-11-26 19:36:59.969913088,s2-eth2,0.0029877471923828126,99.99701225280762
2025-11-26 19:36:59.970060032,s3-eth2,0.0029877471923828126,99.99701225280762
2025-11-26 19:37:00.970982144,s1-eth1,0.0029877471923828126,99.99701225280762
2025-11-26 19:37:00.971092992,s2-eth2,58.479881286621094,41.520118713378906
2025-11-26 19:37:00.971262976,s3-eth2,0.0029877471923828126,99.99701225280762
2025-11-26 19:37:01.972193024,s1-eth1,0.0022408294677734373,99.99775917053222
2025-11-26 19:37:01.972313856,s2-eth2,25.59580421447754,74.40419578552246
2025-11-26 19:37:01.972503040,s3-eth2,55.225460052490234,44.774539947509766
2025-11-26 19:37:02.973572864,s1-eth1,0.004374923706054687,99.99562507629395
2025-11-26 19:37:02.973690112,s2-eth2,47.150413513183594,52.849586486816406
2025-11-26 19:37:02.973871104,s3-eth2,79.86422729492188,20.135772705078125
2025-11-26 19:37:03.974811904,s1-eth1,53.186073303222656,46.813926696777344
2025-11-26 19:37:03.974946048,s2-eth2,0.00149383544921875,99.99850616455078
2025-11-26 19:37:03.975115008,s3-eth2,0.00149383544921875,99.99850616455078
2025-11-26 19:37:04.976020992,s1-eth1,15.342803955078125,84.65719604492188
2025-11-26 19:37:04.976139008,s2-eth2,0.004481582641601562,99.9955184173584
2025-11-26 19:37:04.976305920,s3-eth2,0.004481582641601562,99.9955184173584
2025-11-26 19:37:05.977163008,s1-eth1,0.0029877471923828126,99.99701225280762
2025-11-26 19:37:05.977267968,s2-eth2,0.0029877471923828126,99.99701225280762
2025-11-26 19:37:05.977430016,s3-eth2,0.0029877471923828126,99.99701225280762
2025-11-26 19:37:06.978401792,s1-eth1,47.73604965209961,52.26395034790039
2025-11-26 19:37:06.978519040,s2-eth2,48.34505844116211,51.65494155883789
2025-11-26 19:37:06.978710784,s3-eth2,48.622215270996094,51.377784729003906
2025-11-26 19:37:07.979854080,s1-eth1,18.352542877197266,81.64745712280273
2025-11-26 19:37:07.979993088,s2-eth2,17.743534088134766,82.25646591186523
2025-11-26 19:37:07.980151040,s3-eth2,17.46637535095215,82.53362464904785
2025-11-26 19:37:08.981036800,s1-eth1,0.0029877471923828126,99.99701225280762
2025-11-26 19:37:08.981149952,s2-eth2,0.0029877471923828126,99.99701225280762
2025-11-26 19:37:08.981296896,s3-eth2,0.0029877471923828126,99.99701225280762
2025-11-26 19:37:09.982147072,s1-eth1,0.0022408294677734373,99.99775917053222
2025-11-26 19:37:09.982278144,s2-eth2,51.90180587768555,48.09819412231445
2025-11-26 19:37:09.982435072,s3-eth2,52.177711486816406,47.822288513183594
2025-11-26 19:37:10.983346944,s1-eth1,0.0037346649169921874,99.99626533508301
2025-11-26 19:37:10.983465984,s2-eth2,12.44460205078125,87.55539794921876
2025-11-26 19:37:10.983622144,s3-eth2,12.168694458007813,87.83130554199218
2025-11-26 19:37:11.984466944,s1-eth1,0.0029877471923828126,99.99701225280762
2025-11-26 19:37:11.984570880,s2-eth2,0.0029877471923828126,99.99701225280762
2025-11-26 19:37:11.984718080,s3-eth2,0.0029877471923828126,99.99701225280762
2025-11-26 19:37:12.985773056,s1-eth1,0.0029877471923828126,99.99701225280762
2025-11-26 19:37:12.985893888,s2-eth2,0.0029877471923828126,99.99701225280762
2025-11-26 19:37:12.986042880,s3-eth2,0.0029877471923828126,99.99701225280762
2025-11-26 19:37:13.986998016,s1-eth1,0.0029877471923828126,99.99701225280762
2025-11-26 19:37:13.987104000,s2-eth2,0.0029877471923828126,99.99701225280762
2025-11-26 19:37:13.987251968,s3-eth2,0.0029877471923828126,99.99701225280762
2025-11-26 19:37:14.988193024,s1-eth1,40.175418853759766,59.824581146240234
2025-11-26 19:37:14.988313856,s2-eth2,40.74028015136719,59.25971984863281
2025-11-26 19:37:14.988473856,s3-eth2,0.0029877471923828126,99.99701225280762
2025-11-26 19:37:15.989382912,s1-eth1,25.321504592895508,74.67849540710449
2025-11-26 19:37:15.989505024,s2-eth2,24.75663948059082,75.24336051940918
2025-11-26 19:37:15.989666048,s3-eth2,0.0029877471923828126,99.99701225280762
2025-11-26 19:37:16.990521856,s1-eth1,0.0029877471923828126,99.99701225280762
2025-11-26 19:37:16.990627072,s2-eth2,0.0029877471923828126,99.99701225280762
2025-11-26 19:37:16.990774016,s3-eth2,0.0029877471923828126,99.99701225280762
2025-11-26 19:37:17.991858944,s1-eth1,0.0029877471923828126,99.99701225280762
2025-11-26 19:37:17.991964160,s2-eth2,0.0029877471923828126,99.99701225280762
2025-11-26 19:37:17.992111872,s3-eth2,0.0029877471923828126,99.99701225280762
2025-11-26 19:37:18.993027072,s1-eth1,0.0029877471923828126,99.99701225280762
2025-11-26 19:37:18.993133056,s2-eth2,0.0029877471923828126,99.99701225280762
2025-11-26 19:37:18.993280768,s3-eth2,0.0029877471923828126,99.99701225280762
2025-11-26 19:37:19.994188032,s1-eth1,38.642311096191406,61.357688903808594
2025-11-26 19:37:19.994297856,s2-eth2,0.0022408294677734373,99.99775917053222
2025-11-26 19:37:19.994454016,s3-eth2,0.0029877471923828126,99.99701225280762
2025-11-26 19:37:20.995337984,s1-eth1,26.84906768798828,73.15093231201172
2025-11-26 19:37:20.995448064,s2-eth2,0.0037346649169921874,99.99626533508301
2025-11-26 19:37:20.995603968,s3-eth2,0.0029877471923828126,99.99701225280762
2025-11-26 19:37:21.996481024,s1-eth1,0.0029877471923828126,99.99701225280762
2025-11-26 19:37:21.996584960,s2-eth2,0.0029877471923828126,99.99701225280762
2025-11-26 19:37:21.996731904,s3-eth2,0.0029877471923828126,99.99701225280762
2025-11-26 19:37:22.997222912,s1-eth1,0.00299072265625,99.99700927734375
2025-11-26 19:37:22.997252096,s2-eth2,0.00299072265625,99.99700927734375
2025-11-26 19:37:22.997293824,s3-eth2,0.00299072265625,99.99700927734375
2025-11-26 19:37:23.997917952,s1-eth1,0.00299072265625,99.99700927734375
2025-11-26 19:37:23.998020864,s2-eth2,0.00299072265625,99.99700927734375
2025-11-26 19:37:23.998167040,s3-eth2,0.00299072265625,99.99700927734375
2025-11-26 19:37:24.999037952,s1-eth1,0.0029877471923828126,99.99701225280762
2025-11-26 19:37:24.999144192,s2-eth2,0.0036279296875,99.9963720703125
2025-11-26 19:37:24.999290112,s3-eth2,0.0036279296875,99.9963720703125
2025-11-26 19:37:26.000144128,s1-eth1,0.002984771728515625,99.99701522827148
2025-11-26 19:37:26.000248832,s2-eth2,0.002984771728515625,99.99701522827148
2025-11-26 19:37:26.000396032,s3-eth2,0.002984771728515625,99.99701522827148
2025-11-26 19:37:27.001296128,s1-eth1,0.0042681884765625,99.99573181152344
2025-11-26 19:37:27.001400832,s2-eth2,0.0029877471923828126,99.99701225280762
2025-11-26 19:37:27.001548032,s3-eth2,0.0029877471923828126,99.99701225280762
2025-11-26 19:37:28.002456832,s1-eth1,38.536720275878906,61.463279724121094
2025-11-26 19:37:28.002577920,s2-eth2,38.41733169555664,61.58266830444336
2025-11-26 19:37:28.002737152,s3-eth2,0.0029877471923828126,99.99701225280762
2025-11-26 19:37:29.003721984,s1-eth1,86.2857894897461,13.714210510253906
2025-11-26 19:37:29.003844864,s2-eth2,86.24214172363281,13.757858276367188
2025-11-26 19:37:29.004008960,s3-eth2,0.00149383544921875,99.99850616455078
2025-11-26 19:37:30.004936960,s1-eth1,5.870296936035157,94.12970306396484
2025-11-26 19:37:30.005052160,s2-eth2,6.033327102661133,93.96667289733887
2025-11-26 19:37:30.005209856,s3-eth2,0.005121841430664063,99.99487815856934
2025-11-26 19:37:31.006063104,s1-eth1,0.0029877471923828126,99.99701225280762
2025-11-26 19:37:31.006174208,s2-eth2,0.0029877471923828126,99.99701225280762
2025-11-26 19:37:31.006321920,s3-eth2,0.0029877471923828126,99.99701225280762
2025-11-26 19:37:32.007190016,s1-eth1,4.8896875,95.1103125
2025-11-26 19:37:32.007318016,s2-eth2,67.4690170288086,32.530982971191406
2025-11-26 19:37:32.007478016,s3-eth2,0.0029877471923828126,99.99701225280762
2025-11-26 19:37:33.008343040,s1-eth1,61.80488204956055,38.19511795043945
2025-11-26 19:37:33.008462080,s2-eth2,69.99185180664062,30.008148193359375
2025-11-26 19:37:33.008627968,s3-eth2,0.0029877471923828126,99.99701225280762
2025-11-26 19:37:34.009505024,s1-eth1,0.0029877471923828126,99.99701225280762
2025-11-26 19:37:34.009618944,s2-eth2,0.0029877471923828126,99.99701225280762
2025-11-26 19:37:34.009776128,s3-eth2,0.0029877471923828126,99.99701225280762
2025-11-26 19:37:35.010621184,s1-eth1,0.0029877471923828126,99.99701225280762
2025-11-26 19:37:35.010725120,s2-eth2,0.0029877471923828126,99.99701225280762
2025-11-26 19:37:35.010884096,s3-eth2,0.0029877471923828126,99.99701225280762
2025-11-26 19:37:36.011742208,s1-eth1,0.0029877471923828126,99.99701225280762
2025-11-26 19:37:36.011846912,s2-eth2,0.0029877471923828126,99.99701225280762
2025-11-26 19:37:36.011992832,s3-eth2,0.0029877471923828126,99.99701225280762
2025-11-26 19:37:37.012832000,s1-eth1,0.0029877471923828126,99.99701225280762
2025-11-26 19:37:37.012936960,s2-eth2,0.0029877471923828126,99.99701225280762
2025-11-26 19:37:37.013083904,s3-eth2,0.0029877471923828126,99.99701225280762
2025-11-26 19:37:38.013943040,s1-eth1,0.0029877471923828126,99.99701225280762
2025-11-26 19:37:38.014046976,s2-eth2,0.0029877471923828126,99.99701225280762
2025-11-26 19:37:38.014193920,s3-eth2,0.0029877471923828126,99.99701225280762
2025-11-26 19:37:39.015038976,s1-eth1,0.0029877471923828126,99.99701225280762
2025-11-26 19:37:39.015144192,s2-eth2,0.0029877471923828126,99.99701225280762
2025-11-26 19:37:39.015289088,s3-eth2,0.0029877471923828126,99.99701225280762
2025-11-26 19:37:40.016165120,s1-eth1,0.0029877471923828126,99.99701225280762
2025-11-26 19:37:40.016269056,s2-eth2,0.0029877471923828126,99.99701225280762
2025-11-26 19:37:40.016417024,s3-eth2,0.0029877471923828126,99.99701225280762
2025-11-26 19:37:41.017262080,s1-eth1,0.0029877471923828126,99.99701225280762
2025-11-26 19:37:41.017366016,s2-eth2,0.0029877471923828126,99.99701225280762
2025-11-26 19:37:41.017512960,s3-eth2,0.0029877471923828126,99.99701225280762
2025-11-26 19:37:42.018424064,s1-eth1,0.0022408294677734373,99.99775917053222
2025-11-26 19:37:42.018546176,s2-eth2,49.570533752441406,50.429466247558594
2025-11-26 19:37:42.018706944,s3-eth2,0.0022408294677734373,99.99775917053222
2025-11-26 19:37:43.019840000,s1-eth1,82.0691146850586,17.930885314941406
2025-11-26 19:37:43.019969024,s2-eth2,15.453990936279297,84.5460090637207
2025-11-26 19:37:43.020133888,s3-eth2,0.0037346649169921874,99.99626533508301
2025-11-26 19:37:44.021063936,s1-eth1,119.20775604248047,-19.20775604248047
2025-11-26 19:37:44.021189888,s2-eth2,0.0029877471923828126,99.99701225280762
2025-11-26 19:37:44.021341184,s3-eth2,0.0029877471923828126,99.99701225280762
2025-11-26 19:37:45.022414848,s1-eth1,52.261512756347656,47.738487243652344
2025-11-26 19:37:45.022539008,s2-eth2,52.027793884277344,47.972206115722656
2025-11-26 19:37:45.022701056,s3-eth2,51.862247467041016,48.137752532958984
2025-11-26 19:37:46.023660032,s1-eth1,13.84242057800293,86.15757942199707
2025-11-26 19:37:46.023774976,s2-eth2,14.060631713867188,85.9393682861328
2025-11-26 19:37:46.023933952,s3-eth2,14.226176300048827,85.77382369995118
2025-11-26 19:37:47.024807936,s1-eth1,0.0029877471923828126,99.99701225280762
2025-11-26 19:37:47.024913152,s2-eth2,0.0029877471923828126,99.99701225280762
2025-11-26 19:37:47.025059840,s3-eth2,0.0029877471923828126,99.99701225280762
2025-11-26 19:37:48.026074880,s1-eth1,0.0036279296875,99.9963720703125
2025-11-26 19:37:48.026180864,s2-eth2,0.0036279296875,99.9963720703125
2025-11-26 19:37:48.026328064,s3-eth2,0.0036279296875,99.9963720703125
2025-11-26 19:37:49.027261952,s1-eth1,0.0029877471923828126,99.99701225280762
2025-11-26 19:37:49.027376896,s2-eth2,97.7240219116211,2.2759780883789062
2025-11-26 19:37:49.027548928,s3-eth2,0.00149383544921875,99.99850616455078
2025-11-26 19:37:50.028478976,s1-eth1,0.0029877471923828126,99.99701225280762
2025-11-26 19:37:50.028590080,s2-eth2,33.23252487182617,66.76747512817383
2025-11-26 19:37:50.028758016,s3-eth2,0.004481582641601562,99.9955184173584
2025-11-26 19:37:51.029263104,s1-eth1,0.00299072265625,99.99700927734375
2025-11-26 19:37:51.029294080,s2-eth2,0.00299072265625,99.99700927734375
2025-11-26 19:37:51.029339136,s3-eth2,0.00299072265625,99.99700927734375
2025-11-26 19:37:52.030006016,s1-eth1,0.00299072265625,99.99700927734375
2025-11-26 19:37:52.030117120,s2-eth2,0.003631591796875,99.99636840820312
2025-11-26 19:37:52.030272000,s3-eth2,0.003631591796875,99.99636840820312
2025-11-26 19:37:53.031228928,s1-eth1,0.0022408294677734373,99.99775917053222
2025-11-26 19:37:53.031347968,s2-eth2,51.28802490234375,48.71197509765625
2025-11-26 19:37:53.031507968,s3-eth2,51.50824737548828,48.49175262451172
2025-11-26 19:37:54.032485120,s1-eth1,37.9986686706543,62.0013313293457
2025-11-26 19:37:54.032610048,s2-eth2,13.058878936767577,86.94112106323243
2025-11-26 19:37:54.032792064,s3-eth2,12.838655471801758,87.16134452819824
2025-11-26 19:37:55.033672192,s1-eth1,27.49332046508789,72.50667953491211
2025-11-26 19:37:55.033780224,s2-eth2,0.0029877471923828126,99.99701225280762
2025-11-26 19:37:55.033953792,s3-eth2,0.0029877471923828126,99.99701225280762
2025-11-26 19:37:56.034784000,s1-eth1,0.002881011962890625,99.99711898803712
2025-11-26 19:37:56.034904064,s2-eth2,0.00213409423828125,99.99786590576171
2025-11-26 19:37:56.035078144,s3-eth2,55.5011100769043,44.4988899230957
2025-11-26 19:37:57.035911168,s1-eth1,0.0037346649169921874,99.99626533508301
2025-11-26 19:37:57.036016896,s2-eth2,0.004481582641601562,99.9955184173584
2025-11-26 19:37:57.036186880,s3-eth2,14.028094329833984,85.97190567016602
2025-11-26 19:37:58.037106944,s1-eth1,0.0029877471923828126,99.99701225280762
2025-11-26 19:37:58.037210880,s2-eth2,0.0029877471923828126,99.99701225280762
2025-11-26 19:37:58.037376000,s3-eth2,0.004115753173828125,99.99588424682617
2025-11-26 19:37:59.038199808,s1-eth1,0.0029877471923828126,99.99701225280762
2025-11-26 19:37:59.038304000,s2-eth2,0.0029877471923828126,99.99701225280762
2025-11-26 19:37:59.038475008,s3-eth2,69.52456665039062,30.475433349609375
2025-11-26 19:38:00.039320064,s1-eth1,0.0029877471923828126,99.99701225280762
2025-11-26 19:38:00.039424000,s2-eth2,0.0029877471923828126,99.99701225280762
2025-11-26 19:38:00.039582976,s3-eth2,0.0029877471923828126,99.99701225280762
2025-11-26 19:38:01.040396032,s1-eth1,0.0022408294677734373,99.99775917053222
2025-11-26 19:38:01.040513024,s2-eth2,46.1567268371582,53.8432731628418
2025-11-26 19:38:01.040679936,s3-eth2,45.880313873291016,54.119686126708984
2025-11-26 19:38:02.041501952,s1-eth1,0.0037346649169921874,99.99626533508301
2025-11-26 19:38:02.041618176,s2-eth2,18.19032859802246,81.80967140197754
2025-11-26 19:38:02.041784064,s3-eth2,18.466739654541016,81.53326034545898
2025-11-26 19:38:03.042924032,s1-eth1,52.40473556518555,47.59526443481445
2025-11-26 19:38:03.043063040,s2-eth2,0.00149383544921875,99.99850616455078
2025-11-26 19:38:03.043220992,s3-eth2,0.00149383544921875,99.99850616455078
2025-11-26 19:38:04.044142848,s1-eth1,16.124143600463867,83.87585639953613
2025-11-26 19:38:04.044275968,s2-eth2,0.004481582641601562,99.9955184173584
2025-11-26 19:38:04.044425984,s3-eth2,0.004481582641601562,99.9955184173584
2025-11-26 19:38:05.045259008,s1-eth1,0.0029877471923828126,99.99701225280762
2025-11-26 19:38:05.045362944,s2-eth2,0.0029877471923828126,99.99701225280762
2025-11-26 19:38:05.045521920,s3-eth2,0.0029877471923828126,99.99701225280762
2025-11-26 19:38:06.046364160,s1-eth1,0.0036279296875,99.9963720703125
2025-11-26 19:38:06.046468864,s2-eth2,0.0029877471923828126,99.99701225280762
2025-11-26 19:38:06.046628864,s3-eth2,0.0029877471923828126,99.99701225280762
2025-11-26 19:38:07.047486976,s1-eth1,0.0029877471923828126,99.99701225280762
2025-11-26 19:38:07.047590912,s2-eth2,0.0029877471923828126,99.99701225280762
2025-11-26 19:38:07.047748096,s3-eth2,0.0029877471923828126,99.99701225280762
2025-11-26 19:38:08.048718080,s1-eth1,0.0036279296875,99.9963720703125
2025-11-26 19:38:08.048823040,s2-eth2,0.0029877471923828126,99.99701225280762
2025-11-26 19:38:08.048968960,s3-eth2,0.0029877471923828126,99.99701225280762
2025-11-26 19:38:09.049801216,s1-eth1,0.0029877471923828126,99.99701225280762
2025-11-26 19:38:09.049905152,s2-eth2,0.0029877471923828126,99.99701225280762
2025-11-26 19:38:09.050051072,s3-eth2,0.0029877471923828126,99.99701225280762
2025-11-26 19:38:10.051134208,s1-eth1,47.457122802734375,52.542877197265625
2025-11-26 19:38:10.051261952,s2-eth2,48.1218147277832,51.8781852722168
2025-11-26 19:38:10.051431936,s3-eth2,48.34254455566406,51.65745544433594
2025-11-26 19:38:11.052464128,s1-eth1,18.631454467773438,81.36854553222656
2025-11-26 19:38:11.052580096,s2-eth2,17.966758728027344,82.03324127197266
2025-11-26 19:38:11.052763904,s3-eth2,17.74603271484375,82.25396728515625
2025-11-26 19:38:12.053649920,s1-eth1,0.0029877471923828126,99.99701225280762
2025-11-26 19:38:12.053765120,s2-eth2,0.0029877471923828126,99.99701225280762
2025-11-26 19:38:12.053913088,s3-eth2,0.0029877471923828126,99.99701225280762
2025-11-26 19:38:13.054935040,s1-eth1,0.0029877471923828126,99.99701225280762
2025-11-26 19:38:13.055040000,s2-eth2,0.0029877471923828126,99.99701225280762
2025-11-26 19:38:13.055207936,s3-eth2,0.0029877471923828126,99.99701225280762
2025-11-26 19:38:14.056056064,s1-eth1,0.0029877471923828126,99.99701225280762
2025-11-26 19:38:14.056168960,s2-eth2,0.0029877471923828126,99.99701225280762
2025-11-26 19:38:14.056341760,s3-eth2,0.0029877471923828126,99.99701225280762
2025-11-26 19:38:15.057192960,s1-eth1,0.0029877471923828126,99.99701225280762
2025-11-26 19:38:15.057327872,s2-eth2,65.01180267333984,34.988197326660156
2025-11-26 19:38:15.057484032,s3-eth2,0.0029877471923828126,99.99701225280762
2025-11-26 19:38:16.058306816,s1-eth1,0.0029877471923828126,99.99701225280762
2025-11-26 19:38:16.058429952,s2-eth2,0.012774124145507812,99.98722587585449
2025-11-26 19:38:16.058580992,s3-eth2,0.0029877471923828126,99.99701225280762
2025-11-26 19:38:17.059462144,s1-eth1,0.0029877471923828126,99.99701225280762
2025-11-26 19:38:17.059578880,s2-eth2,0.0029877471923828126,99.99701225280762
2025-11-26 19:38:17.059726848,s3-eth2,0.0029877471923828126,99.99701225280762
2025-11-26 19:38:18.060580096,s1-eth1,0.0029877471923828126,99.99701225280762
2025-11-26 19:38:18.060692992,s2-eth2,0.0022408294677734373,99.99775917053222
2025-11-26 19:38:18.060854784,s3-eth2,0.00149383544921875,99.99850616455078
2025-11-26 19:38:19.061703936,s1-eth1,0.0029877471923828126,99.99701225280762
2025-11-26 19:38:19.061816064,s2-eth2,0.0037346649169921874,99.99626533508301
2025-11-26 19:38:19.061976832,s3-eth2,0.004481582641601562,99.9955184173584
2025-11-26 19:38:20.062803968,s1-eth1,0.0029877471923828126,99.99701225280762
2025-11-26 19:38:20.062921984,s2-eth2,0.0029877471923828126,99.99701225280762
2025-11-26 19:38:20.063080192,s3-eth2,0.0029877471923828126,99.99701225280762
2025-11-26 19:38:21.063892992,s1-eth1,0.0029877471923828126,99.99701225280762
2025-11-26 19:38:21.063996160,s2-eth2,0.0029877471923828126,99.99701225280762
2025-11-26 19:38:21.064153856,s3-eth2,0.0029877471923828126,99.99701225280762
2025-11-26 19:38:22.065067008,s1-eth1,58.25484085083008,41.74515914916992
2025-11-26 19:38:22.065190144,s2-eth2,58.847312927246094,41.152687072753906
2025-11-26 19:38:22.065368832,s3-eth2,0.0033078765869140624,99.99669212341308
2025-11-26 19:38:23.066448896,s1-eth1,72.53948211669922,27.46051788330078
2025-11-26 19:38:23.066586880,s2-eth2,71.94701385498047,28.05298614501953
2025-11-26 19:38:23.066752000,s3-eth2,0.0033078765869140624,99.99669212341308
2025-11-26 19:38:24.067629056,s1-eth1,39.18560791015625,60.81439208984375
2025-11-26 19:38:24.067751936,s2-eth2,0.0022408294677734373,99.99775917053222
2025-11-26 19:38:24.067908096,s3-eth2,0.0022408294677734373,99.99775917053222
2025-11-26 19:38:25.068745984,s1-eth1,25.712142944335938,74.28785705566406
2025-11-26 19:38:25.068867072,s2-eth2,0.0037346649169921874,99.99626533508301
2025-11-26 19:38:25.069021952,s3-eth2,0.0037346649169921874,99.99626533508301
2025-11-26 19:38:26.069853952,s1-eth1,0.0029877471923828126,99.99701225280762
2025-11-26 19:38:26.069968896,s2-eth2,0.0029877471923828126,99.99701225280762
2025-11-26 19:38:26.070116096,s3-eth2,0.0029877471923828126,99.99701225280762
2025-11-26 19:38:27.071041024,s1-eth1,0.0029877471923828126,99.99701225280762
2025-11-26 19:38:27.071165184,s2-eth2,0.0029877471923828126,99.99701225280762
2025-11-26 19:38:27.071314944,s3-eth2,0.0029877471923828126,99.99701225280762
2025-11-26 19:38:28.072335104,s1-eth1,0.0029877471923828126,99.99701225280762
2025-11-26 19:38:28.072460032,s2-eth2,0.0029877471923828126,99.99701225280762
2025-11-26 19:38:28.072612096,s3-eth2,0.0029877471923828126,99.99701225280762
2025-11-26 19:38:29.073502976,s1-eth1,0.0029877471923828126,99.99701225280762
2025-11-26 19:38:29.073620992,s2-eth2,0.0029877471923828126,99.99701225280762
2025-11-26 19:38:29.073769216,s3-eth2,0.0029877471923828126,99.99701225280762
2025-11-26 19:38:30.074640896,s1-eth1,0.0029877471923828126,99.99701225280762
2025-11-26 19:38:30.074744064,s2-eth2,0.0029877471923828126,99.99701225280762
2025-11-26 19:38:30.074903040,s3-eth2,0.0029877471923828126,99.99701225280762
2025-11-26 19:38:31.075831040,s1-eth1,40.08612060546875,59.91387939453125
2025-11-26 19:38:31.075954944,s2-eth2,40.75006866455078,59.24993133544922
2025-11-26 19:38:31.076119040,s3-eth2,0.0029877471923828126,99.99701225280762
2025-11-26 19:38:32.077033984,s1-eth1,25.711273193359375,74.28872680664062
2025-11-26 19:38:32.077154048,s2-eth2,25.047325134277344,74.95267486572266
2025-11-26 19:38:32.077313792,s3-eth2,0.0029877471923828126,99.99701225280762
2025-11-26 19:38:33.078273024,s1-eth1,44.070068359375,55.929931640625
2025-11-26 19:38:33.078393856,s2-eth2,0.0029877471923828126,99.99701225280762
2025-11-26 19:38:33.078541056,s3-eth2,0.0029877471923828126,99.99701225280762
2025-11-26 19:38:34.079027968,s1-eth1,22.05229949951172,77.94770050048828
2025-11-26 19:38:34.079060992,s2-eth2,0.00299072265625,99.99700927734375
2025-11-26 19:38:34.079101952,s3-eth2,0.00299072265625,99.99700927734375
2025-11-26 19:38:35.079874048,s1-eth1,42.99505615234375,57.00494384765625
2025-11-26 19:38:35.079990016,s2-eth2,0.00299072265625,99.99700927734375
2025-11-26 19:38:35.080140032,s3-eth2,0.0029877471923828126,99.99701225280762
2025-11-26 19:38:36.081069824,s1-eth1,18.074729919433594,81.9252700805664
2025-11-26 19:38:36.081188864,s2-eth2,0.0029877471923828126,99.99701225280762
2025-11-26 19:38:36.081337088,s3-eth2,0.0029877471923828126,99.99701225280762
2025-11-26 19:38:37.082228992,s1-eth1,0.0036279296875,99.9963720703125
2025-11-26 19:38:37.082333952,s2-eth2,0.0042681884765625,99.99573181152344
2025-11-26 19:38:37.082480896,s3-eth2,0.0042681884765625,99.99573181152344
2025-11-26 19:38:38.083479040,s1-eth1,44.31211853027344,55.68788146972656
2025-11-26 19:38:38.083606016,s2-eth2,0.0029877471923828126,99.99701225280762
2025-11-26 19:38:38.083753984,s3-eth2,0.0029877471923828126,99.99701225280762
2025-11-26 19:38:39.084600832,s1-eth1,20.750635147094727,79.24936485290527
2025-11-26 19:38:39.084724992,s2-eth2,0.0029877471923828126,99.99701225280762
2025-11-26 19:38:39.084872960,s3-eth2,0.0029877471923828126,99.99701225280762
2025-11-26 19:38:40.085704192,s1-eth1,0.0029877471923828126,99.99701225280762
2025-11-26 19:38:40.085808128,s2-eth2,0.0029877471923828126,99.99701225280762
2025-11-26 19:38:40.085954048,s3-eth2,0.0029877471923828126,99.99701225280762
2025-11-26 19:38:41.086788864,s1-eth1,0.0029877471923828126,99.99701225280762
2025-11-26 19:38:41.086908160,s2-eth2,0.0036279296875,99.9963720703125
2025-11-26 19:38:41.087055872,s3-eth2,0.0036279296875,99.9963720703125
2025-11-26 19:38:42.087973120,s1-eth1,0.0029877471923828126,99.99701225280762
2025-11-26 19:38:42.088086016,s2-eth2,64.88988494873047,35.11011505126953
2025-11-26 19:38:42.088254976,s3-eth2,0.0029877471923828126,99.99701225280762
2025-11-26 19:38:43.089150976,s1-eth1,0.0029877471923828126,99.99701225280762
2025-11-26 19:38:43.089266176,s2-eth2,0.0113031005859375,99.98869689941407
2025-11-26 19:38:43.089431040,s3-eth2,0.00149383544921875,99.99850616455078
2025-11-26 19:38:44.090393088,s1-eth1,34.982765197753906,65.0172348022461
2025-11-26 19:38:44.090519040,s2-eth2,58.7625732421875,41.2374267578125
2025-11-26 19:38:44.090689024,s3-eth2,0.00149383544921875,99.99850616455078
2025-11-26 19:38:45.091616000,s1-eth1,31.81032371520996,68.18967628479004
2025-11-26 19:38:45.091737088,s2-eth2,70.20374298095703,29.79625701904297
2025-11-26 19:38:45.091906048,s3-eth2,0.005975494384765625,99.99402450561523
2025-11-26 19:38:46.092781056,s1-eth1,0.0029877471923828126,99.99701225280762
2025-11-26 19:38:46.092886016,s2-eth2,0.0029877471923828126,99.99701225280762
2025-11-26 19:38:46.093033984,s3-eth2,0.0029877471923828126,99.99701225280762
2025-11-26 19:38:47.093895936,s1-eth1,0.0029877471923828126,99.99701225280762
2025-11-26 19:38:47.093998848,s2-eth2,0.0029877471923828126,99.99701225280762
2025-11-26 19:38:47.094147072,s3-eth2,0.0029877471923828126,99.99701225280762
2025-11-26 19:38:48.095136768,s1-eth1,0.0029877471923828126,99.99701225280762
2025-11-26 19:38:48.095241984,s2-eth2,0.0029877471923828126,99.99701225280762
2025-11-26 19:38:48.095390208,s3-eth2,0.0029877471923828126,99.99701225280762
2025-11-26 19:38:49.096299008,s1-eth1,52.44694519042969,47.55305480957031
2025-11-26 19:38:49.096411904,s2-eth2,52.228092193603516,47.771907806396484
2025-11-26 19:38:49.096570112,s3-eth2,51.95093536376953,48.04906463623047
2025-11-26 19:38:50.097455104,s1-eth1,15.659526824951172,84.34047317504883
2025-11-26 19:38:50.097570048,s2-eth2,15.877738037109374,84.12226196289063
2025-11-26 19:38:50.097726976,s3-eth2,16.154895782470703,83.8451042175293
2025-11-26 19:38:51.098601984,s1-eth1,0.0029877471923828126,99.99701225280762
2025-11-26 19:38:51.098714112,s2-eth2,57.68726348876953,42.31273651123047
2025-11-26 19:38:51.098893824,s3-eth2,0.00149383544921875,99.99850616455078
2025-11-26 19:38:52.099750144,s1-eth1,0.0029877471923828126,99.99701225280762
2025-11-26 19:38:52.099859968,s2-eth2,7.04751823425293,92.95248176574707
2025-11-26 19:38:52.100027136,s3-eth2,0.004481582641601562,99.9955184173584
2025-11-26 19:38:53.100892928,s1-eth1,0.0029877471923828126,99.99701225280762
2025-11-26 19:38:53.100997888,s2-eth2,0.00149383544921875,99.99850616455078
2025-11-26 19:38:53.101145856,s3-eth2,0.00149383544921875,99.99850616455078
2025-11-26 19:38:54.101728000,s1-eth1,0.0022430419921875,99.99775695800781
2025-11-26 19:38:54.101772032,s2-eth2,50.44795227050781,49.55204772949219
2025-11-26 19:38:54.101830912,s3-eth2,50.7236328125,49.2763671875
2025-11-26 19:38:55.102210048,s1-eth1,0.0037384033203125,99.99626159667969
2025-11-26 19:38:55.102252032,s2-eth2,13.96429443359375,86.03570556640625
2025-11-26 19:38:55.102309888,s3-eth2,13.688613891601562,86.31138610839844
2025-11-26 19:38:56.102669056,s1-eth1,0.00299072265625,99.99700927734375
2025-11-26 19:38:56.102706944,s2-eth2,0.00299072265625,99.99700927734375
2025-11-26 19:38:56.102761984,s3-eth2,0.00299072265625,99.99700927734375
2025-11-26 19:38:57.103419904,s1-eth1,0.0022430419921875,99.99775695800781
2025-11-26 19:38:57.103523072,s2-eth2,0.001495361328125,99.99850463867188
2025-11-26 19:38:57.103681024,s3-eth2,55.554473876953125,44.445526123046875
2025-11-26 19:38:58.104537856,s1-eth1,0.0037346649169921874,99.99626533508301
2025-11-26 19:38:58.104644096,s2-eth2,0.004481582641601562,99.9955184173584
2025-11-26 19:38:58.104804096,s3-eth2,14.029480895996095,85.9705191040039
2025-11-26 19:38:59.105737984,s1-eth1,36.95896911621094,63.04103088378906
2025-11-26 19:38:59.105849088,s2-eth2,0.00149383544921875,99.99850616455078
2025-11-26 19:38:59.106009856,s3-eth2,0.0020578765869140626,99.99794212341308
2025-11-26 19:39:00.106952960,s1-eth1,27.93878173828125,72.06121826171875
2025-11-26 19:39:00.107065088,s2-eth2,0.004481582641601562,99.9955184173584
2025-11-26 19:39:00.107234048,s3-eth2,69.52649688720703,30.47350311279297
2025-11-26 19:39:01.108114944,s1-eth1,0.0029877471923828126,99.99701225280762
2025-11-26 19:39:01.108220160,s2-eth2,0.0029877471923828126,99.99701225280762
2025-11-26 19:39:01.108366848,s3-eth2,0.0029877471923828126,99.99701225280762
2025-11-26 19:39:02.108910080,s1-eth1,0.00299072265625,99.99700927734375
2025-11-26 19:39:02.108948992,s2-eth2,0.00299072265625,99.99700927734375
2025-11-26 19:39:02.109003008,s3-eth2,0.00299072265625,99.99700927734375
2025-11-26 19:39:03.109366016,s1-eth1,0.00299072265625,99.99700927734375
2025-11-26 19:39:03.109404160,s2-eth2,0.00299072265625,99.99700927734375
2025-11-26 19:39:03.109458944,s3-eth2,0.00299072265625,99.99700927734375
2025-11-26 19:39:04.110162944,s1-eth1,0.00299072265625,99.99700927734375
2025-11-26 19:39:04.110266880,s2-eth2,0.00299072265625,99.99700927734375
2025-11-26 19:39:04.110414080,s3-eth2,0.00299072265625,99.99700927734375
2025-11-26 19:39:05.111307008,s1-eth1,0.0029877471923828126,99.99701225280762
2025-11-26 19:39:05.111411968,s2-eth2,0.0029877471923828126,99.99701225280762
2025-11-26 19:39:05.111558912,s3-eth2,0.0029877471923828126,99.99701225280762
2025-11-26 19:39:06.112472064,s1-eth1,0.0029877471923828126,99.99701225280762
2025-11-26 19:39:06.112590080,s2-eth2,65.01180267333984,34.988197326660156
2025-11-26 19:39:06.112749056,s3-eth2,0.0029877471923828126,99.99701225280762
2025-11-26 19:39:07.113622784,s1-eth1,0.0029877471923828126,99.99701225280762
2025-11-26 19:39:07.113733888,s2-eth2,0.01278167724609375,99.9872183227539
2025-11-26 19:39:07.113886208,s3-eth2,0.0029877471923828126,99.99701225280762
2025-11-26 19:39:08.114715136,s1-eth1,0.0029877471923828126,99.99701225280762
2025-11-26 19:39:08.114819072,s2-eth2,0.0029877471923828126,99.99701225280762
2025-11-26 19:39:08.115005952,s3-eth2,0.0029877471923828126,99.99701225280762
2025-11-26 19:39:09.115976192,s1-eth1,0.0029877471923828126,99.99701225280762
2025-11-26 19:39:09.116080128,s2-eth2,0.0029877471923828126,99.99701225280762
2025-11-26 19:39:09.116226048,s3-eth2,0.0029877471923828126,99.99701225280762
2025-11-26 19:39:10.117132800,s1-eth1,0.0029877471923828126,99.99701225280762
2025-11-26 19:39:10.117239040,s2-eth2,0.00149383544921875,99.99850616455078
2025-11-26 19:39:10.117388032,s3-eth2,0.00149383544921875,99.99850616455078
2025-11-26 19:39:11.118330880,s1-eth1,0.0029877471923828126,99.99701225280762
2025-11-26 19:39:11.118438912,s2-eth2,0.004481582641601562,99.9955184173584
2025-11-26 19:39:11.118587904,s3-eth2,0.004481582641601562,99.9955184173584
2025-11-26 19:39:12.119491072,s1-eth1,0.0029877471923828126,99.99701225280762
2025-11-26 19:39:12.119596032,s2-eth2,0.0029877471923828126,99.99701225280762
2025-11-26 19:39:12.119743232,s3-eth2,0.0029877471923828126,99.99701225280762
2025-11-26 19:39:13.120613120,s1-eth1,46.48639678955078,53.51360321044922
2025-11-26 19:39:13.120726016,s2-eth2,47.09516525268555,52.90483474731445
2025-11-26 19:39:13.120882944,s3-eth2,47.31538772583008,52.68461227416992
2025-11-26 19:39:14.121912064,s1-eth1,21.618785858154297,78.3812141418457
2025-11-26 19:39:14.122023936,s2-eth2,21.01066017150879,78.98933982849121
2025-11-26 19:39:14.122179072,s3-eth2,20.790435791015625,79.20956420898438
2025-11-26 19:39:15.123107072,s1-eth1,56.91921615600586,43.08078384399414
2025-11-26 19:39:15.123223040,s2-eth2,0.00149383544921875,99.99850616455078
2025-11-26 19:39:15.123371008,s3-eth2,0.00149383544921875,99.99850616455078
2025-11-26 19:39:16.124321024,s1-eth1,50.36265563964844,49.63734436035156
2025-11-26 19:39:16.124443136,s2-eth2,39.38766098022461,60.61233901977539
2025-11-26 19:39:16.124603136,s3-eth2,0.005121841430664063,99.99487815856934
2025-11-26 19:39:17.125495040,s1-eth1,65.68309783935547,34.31690216064453
2025-11-26 19:39:17.125613824,s2-eth2,26.104175567626953,73.89582443237305
2025-11-26 19:39:17.125777920,s3-eth2,0.00149383544921875,99.99850616455078
2025-11-26 19:39:18.126641920,s1-eth1,28.12078285217285,71.87921714782715
2025-11-26 19:39:18.126756864,s2-eth2,0.004481582641601562,99.9955184173584
2025-11-26 19:39:18.126935040,s3-eth2,0.004481582641601562,99.9955184173584
2025-11-26 19:39:19.127511040,s1-eth1,38.31764221191406,61.68235778808594
2025-11-26 19:39:19.127557120,s2-eth2,38.09870910644531,61.90129089355469
2025-11-26 19:39:19.127624960,s3-eth2,0.00299072265625,99.99700927734375
2025-11-26 19:39:20.128120064,s1-eth1,27.24420928955078,72.75579071044922
2025-11-26 19:39:20.128251136,s2-eth2,27.46314239501953,72.53685760498047
2025-11-26 19:39:20.128408064,s3-eth2,0.00299072265625,99.99700927734375
2025-11-26 19:39:21.129288960,s1-eth1,0.0022408294677734373,99.99775917053222
2025-11-26 19:39:21.129421056,s2-eth2,46.65564727783203,53.34435272216797
2025-11-26 19:39:21.129578240,s3-eth2,46.379234313964844,53.620765686035156
2025-11-26 19:39:22.130494208,s1-eth1,0.0037346649169921874,99.99626533508301
2025-11-26 19:39:22.130630144,s2-eth2,17.690736770629883,82.30926322937012
2025-11-26 19:39:22.130788096,s3-eth2,17.967147827148438,82.03285217285156
2025-11-26 19:39:23.131417088,s1-eth1,0.00299072265625,99.99700927734375
2025-11-26 19:39:23.131459072,s2-eth2,0.001495361328125,99.99850463867188
2025-11-26 19:39:23.131529216,s3-eth2,0.001495361328125,99.99850463867188
2025-11-26 19:39:24.132446976,s1-eth1,0.0036279296875,99.9963720703125
2025-11-26 19:39:24.132560896,s2-eth2,0.005121841430664063,99.99487815856934
2025-11-26 19:39:24.132709888,s3-eth2,0.005121841430664063,99.99487815856934
2025-11-26 19:39:25.133626112,s1-eth1,0.0029877471923828126,99.99701225280762
2025-11-26 19:39:25.133730048,s2-eth2,0.0029877471923828126,99.99701225280762
2025-11-26 19:39:25.133879040,s3-eth2,0.0029877471923828126,99.99701225280762
2025-11-26 19:39:26.134757120,s1-eth1,0.0036279296875,99.9963720703125
2025-11-26 19:39:26.134879232,s2-eth2,0.0029877471923828126,99.99701225280762
2025-11-26 19:39:26.135028992,s3-eth2,0.0029877471923828126,99.99701225280762
2025-11-26 19:39:27.135898112,s1-eth1,0.0029877471923828126,99.99701225280762
2025-11-26 19:39:27.136003072,s2-eth2,0.0029877471923828126,99.99701225280762
2025-11-26 19:39:27.136152064,s3-eth2,0.0029877471923828126,99.99701225280762
2025-11-26 19:39:28.137007104,s1-eth1,0.0029877471923828126,99.99701225280762
2025-11-26 19:39:28.137126912,s2-eth2,0.0029877471923828126,99.99701225280762
2025-11-26 19:39:28.137274880,s3-eth2,0.0029877471923828126,99.99701225280762
2025-11-26 19:39:29.138226944,s1-eth1,0.0029877471923828126,99.99701225280762
2025-11-26 19:39:29.138345984,s2-eth2,0.0036279296875,99.9963720703125
2025-11-26 19:39:29.138494976,s3-eth2,0.0036279296875,99.9963720703125
2025-11-26 19:39:30.139364864,s1-eth1,0.0036279296875,99.9963720703125
2025-11-26 19:39:30.139482880,s2-eth2,0.0029877471923828126,99.99701225280762
2025-11-26 19:39:30.139631872,s3-eth2,0.0029877471923828126,99.99701225280762
2025-11-26 19:39:31.140526080,s1-eth1,0.0029877471923828126,99.99701225280762
2025-11-26 19:39:31.140646912,s2-eth2,0.0029877471923828126,99.99701225280762
2025-11-26 19:39:31.140795904,s3-eth2,0.0029877471923828126,99.99701225280762
2025-11-26 19:39:32.141673216,s1-eth1,0.0029877471923828126,99.99701225280762
2025-11-26 19:39:32.141789952,s2-eth2,0.0029877471923828126,99.99701225280762
2025-11-26 19:39:32.141937920,s3-eth2,0.0029877471923828126,99.99701225280762
2025-11-26 19:39:33.142787072,s1-eth1,0.0029877471923828126,99.99701225280762
2025-11-26 19:39:33.142936832,s2-eth2,0.0029877471923828126,99.99701225280762
2025-11-26 19:39:33.143086080,s3-eth2,0.0029877471923828126,99.99701225280762
2025-11-26 19:39:34.144169216,s1-eth1,0.0022408294677734373,99.99775917053222
2025-11-26 19:39:34.144293120,s2-eth2,48.56546401977539,51.43453598022461
2025-11-26 19:39:34.144484096,s3-eth2,0.0,100.0
2025-11-26 19:39:35.145411072,s1-eth1,0.0037346649169921874,99.99626533508301
2025-11-26 19:39:35.145543168,s2-eth2,16.45912742614746,83.54087257385254
2025-11-26 19:39:35.145713152,s3-eth2,0.005975494384765625,99.99402450561523
2025-11-26 19:39:36.146588160,s1-eth1,39.56288528442383,60.43711471557617
2025-11-26 19:39:36.146720768,s2-eth2,40.28201675415039,59.71798324584961
2025-11-26 19:39:36.146953984,s3-eth2,0.0029877471923828126,99.99701225280762
2025-11-26 19:39:37.147842048,s1-eth1,25.934377670288086,74.06562232971191
2025-11-26 19:39:37.147977984,s2-eth2,25.215248107910156,74.78475189208984
2025-11-26 19:39:37.148140032,s3-eth2,0.0029877471923828126,99.99701225280762
2025-11-26 19:39:38.149008896,s1-eth1,0.0029877471923828126,99.99701225280762
2025-11-26 19:39:38.149113856,s2-eth2,0.0029877471923828126,99.99701225280762
2025-11-26 19:39:38.149261824,s3-eth2,0.0029877471923828126,99.99701225280762
2025-11-26 19:39:39.150249984,s1-eth1,0.0029877471923828126,99.99701225280762
2025-11-26 19:39:39.150365952,s2-eth2,0.0029877471923828126,99.99701225280762
2025-11-26 19:39:39.150515200,s3-eth2,0.0029877471923828126,99.99701225280762
2025-11-26 19:39:40.151420160,s1-eth1,42.873844146728516,57.126155853271484
2025-11-26 19:39:40.151563008,s2-eth2,64.72200775146484,35.277992248535156
2025-11-26 19:39:40.151729152,s3-eth2,0.0029877471923828126,99.99701225280762
2025-11-26 19:39:41.152632064,s1-eth1,25.65555763244629,74.34444236755371
2025-11-26 19:39:41.152751872,s2-eth2,0.011425018310546875,99.98857498168945
2025-11-26 19:39:41.152915968,s3-eth2,0.00149383544921875,99.99850616455078
2025-11-26 19:39:42.153790976,s1-eth1,0.0029877471923828126,99.99701225280762
2025-11-26 19:39:42.153903872,s2-eth2,0.004481582641601562,99.9955184173584
2025-11-26 19:39:42.154061056,s3-eth2,0.004481582641601562,99.9955184173584
2025-11-26 19:39:43.154745088,s1-eth1,57.48362731933594,42.51637268066406
2025-11-26 19:39:43.154807040,s2-eth2,57.286651611328125,42.713348388671875
2025-11-26 19:39:43.154941952,s3-eth2,7.002685546875,92.997314453125
2025-11-26 19:39:44.155892992,s1-eth1,66.02882385253906,33.97117614746094
2025-11-26 19:39:44.156008960,s2-eth2,66.22560119628906,33.77439880371094
2025-11-26 19:39:44.156176128,s3-eth2,61.367801666259766,38.632198333740234
2025-11-26 19:39:45.157095936,s1-eth1,0.0022408294677734373,99.99775917053222
2025-11-26 19:39:45.157215232,s2-eth2,49.614967346191406,50.385032653808594
2025-11-26 19:39:45.157373952,s3-eth2,49.83518981933594,50.16481018066406
2025-11-26 19:39:46.158276096,s1-eth1,45.68492126464844,54.31507873535156
2025-11-26 19:39:46.158406144,s2-eth2,14.731453857421876,85.26854614257812
2025-11-26 19:39:46.158565120,s3-eth2,14.51123046875,85.48876953125
2025-11-26 19:39:47.159495168,s1-eth1,20.416152954101562,79.58384704589844
2025-11-26 19:39:47.159617792,s2-eth2,0.0029877471923828126,99.99701225280762
2025-11-26 19:39:47.159767040,s3-eth2,0.0029877471923828126,99.99701225280762
2025-11-26 19:39:48.160641024,s1-eth1,0.0029877471923828126,99.99701225280762
2025-11-26 19:39:48.160744960,s2-eth2,0.0029877471923828126,99.99701225280762
2025-11-26 19:39:48.160903936,s3-eth2,69.52458190917969,30.475418090820312
2025-11-26 19:39:49.161780224,s1-eth1,0.0029877471923828126,99.99701225280762
2025-11-26 19:39:49.161884160,s2-eth2,0.0029877471923828126,99.99701225280762
2025-11-26 19:39:49.162034944,s3-eth2,0.00399383544921875,99.99600616455078
2025-11-26 19:39:50.162981888,s1-eth1,43.06623458862305,56.93376541137695
2025-11-26 19:39:50.163104000,s2-eth2,0.00149383544921875,99.99850616455078
2025-11-26 19:39:50.163252992,s3-eth2,0.00149383544921875,99.99850616455078
2025-11-26 19:39:51.164148992,s1-eth1,23.0340576171875,76.9659423828125
2025-11-26 19:39:51.164274944,s2-eth2,0.005121841430664063,99.99487815856934
2025-11-26 19:39:51.164423936,s3-eth2,0.005121841430664063,99.99487815856934
2025-11-26 19:39:52.165300992,s1-eth1,0.0029877471923828126,99.99701225280762
2025-11-26 19:39:52.165404928,s2-eth2,0.0029877471923828126,99.99701225280762
2025-11-26 19:39:52.165550848,s3-eth2,0.0029877471923828126,99.99701225280762
2025-11-26 19:39:53.166401024,s1-eth1,0.0029877471923828126,99.99701225280762
2025-11-26 19:39:53.166505984,s2-eth2,0.0029877471923828126,99.99701225280762
2025-11-26 19:39:53.166652928,s3-eth2,0.0029877471923828126,99.99701225280762
2025-11-26 19:39:54.167603968,s1-eth1,0.0029877471923828126,99.99701225280762
2025-11-26 19:39:54.167706880,s2-eth2,0.0029877471923828126,99.99701225280762
2025-11-26 19:39:54.167854080,s3-eth2,0.0029877471923828126,99.99701225280762
2025-11-26 19:39:55.168730112,s1-eth1,0.0029877471923828126,99.99701225280762
2025-11-26 19:39:55.168841984,s2-eth2,57.163021087646484,42.836978912353516
2025-11-26 19:39:55.169011200,s3-eth2,0.00149383544921875,99.99850616455078
2025-11-26 19:39:56.169892096,s1-eth1,0.0029877471923828126,99.99701225280762
2025-11-26 19:39:56.170001152,s2-eth2,7.739635925292969,92.26036407470703
2025-11-26 19:39:56.170170112,s3-eth2,0.004481582641601562,99.9955184173584
2025-11-26 19:39:57.171118080,s1-eth1,0.0029877471923828126,99.99701225280762
2025-11-26 19:39:57.171224064,s2-eth2,0.0022408294677734373,99.99775917053222
2025-11-26 19:39:57.171372800,s3-eth2,0.0029877471923828126,99.99701225280762
2025-11-26 19:39:58.172290048,s1-eth1,0.0022408294677734373,99.99775917053222
2025-11-26 19:39:58.172410880,s2-eth2,64.73095703125,35.26904296875
2025-11-26 19:39:58.172571904,s3-eth2,0.0029877471923828126,99.99701225280762
2025-11-26 19:39:59.173611008,s1-eth1,0.0037346649169921874,99.99626533508301
2025-11-26 19:39:59.173728000,s2-eth2,0.29364402770996095,99.70635597229004
2025-11-26 19:39:59.173883904,s3-eth2,0.0029877471923828126,99.99701225280762
2025-11-26 19:40:00.174807040,s1-eth1,0.0029877471923828126,99.99701225280762
2025-11-26 19:40:00.174925056,s2-eth2,0.0029877471923828126,99.99701225280762
2025-11-26 19:40:00.175075072,s3-eth2,0.0029877471923828126,99.99701225280762
2025-11-26 19:40:01.175990016,s1-eth1,38.643821716308594,61.356178283691406
2025-11-26 19:40:01.176100864,s2-eth2,0.00149383544921875,99.99850616455078
2025-11-26 19:40:01.176269056,s3-eth2,54.82975387573242,45.17024612426758
2025-11-26 19:40:02.177180160,s1-eth1,26.847414016723633,73.15258598327637
2025-11-26 19:40:02.177288960,s2-eth2,0.004481582641601562,99.9955184173584
2025-11-26 19:40:02.177458944,s3-eth2,14.69882583618164,85.30117416381836
2025-11-26 19:40:03.178342144,s1-eth1,0.0029877471923828126,99.99701225280762
2025-11-26 19:40:03.178447104,s2-eth2,0.0029877471923828126,99.99701225280762
2025-11-26 19:40:03.178595072,s3-eth2,0.0029877471923828126,99.99701225280762
2025-11-26 19:40:04.179590912,s1-eth1,0.0029877471923828126,99.99701225280762
2025-11-26 19:40:04.179696128,s2-eth2,0.0029877471923828126,99.99701225280762
2025-11-26 19:40:04.179845120,s3-eth2,0.0029877471923828126,99.99701225280762
2025-11-26 19:40:05.180707840,s1-eth1,0.0029877471923828126,99.99701225280762
2025-11-26 19:40:05.180813056,s2-eth2,0.0029877471923828126,99.99701225280762
2025-11-26 19:40:05.180960000,s3-eth2,0.0029877471923828126,99.99701225280762
2025-11-26 19:40:06.181832192,s1-eth1,0.0029877471923828126,99.99701225280762
2025-11-26 19:40:06.181935104,s2-eth2,0.0029877471923828126,99.99701225280762
2025-11-26 19:40:06.182082816,s3-eth2,0.0029877471923828126,99.99701225280762
2025-11-26 19:40:07.183056128,s1-eth1,39.669864654541016,60.330135345458984
2025-11-26 19:40:07.183170048,s2-eth2,40.38960266113281,59.61039733886719
2025-11-26 19:40:07.183331072,s3-eth2,0.0029877471923828126,99.99701225280762
2025-11-26 19:40:08.184271104,s1-eth1,25.822017669677734,74.17798233032227
2025-11-26 19:40:08.184387840,s2-eth2,25.101638793945312,74.89836120605469
2025-11-26 19:40:08.184549120,s3-eth2,0.0029877471923828126,99.99701225280762
2025-11-26 19:40:09.185467904,s1-eth1,0.0036279296875,99.9963720703125
2025-11-26 19:40:09.185583104,s2-eth2,0.002881011962890625,99.99711898803712
2025-11-26 19:40:09.185734912,s3-eth2,0.00213409423828125,99.99786590576171
2025-11-26 19:40:10.186674944,s1-eth1,0.0029877471923828126,99.99701225280762
2025-11-26 19:40:10.186790912,s2-eth2,0.0037346649169921874,99.99626533508301
2025-11-26 19:40:10.186956800,s3-eth2,0.004481582641601562,99.9955184173584
2025-11-26 19:40:11.187678208,s1-eth1,0.0042681884765625,99.99573181152344
2025-11-26 19:40:11.187784960,s2-eth2,0.003631591796875,99.99636840820312
2025-11-26 19:40:11.187933952,s3-eth2,0.003631591796875,99.99636840820312
2025-11-26 19:40:12.188855808,s1-eth1,0.0022408294677734373,99.99775917053222
2025-11-26 19:40:12.188976128,s2-eth2,46.545528411865234,53.454471588134766
2025-11-26 19:40:12.189133824,s3-eth2,46.379234313964844,53.620765686035156
2025-11-26 19:40:13.190087168,s1-eth1,0.0037346649169921874,99.99626533508301
2025-11-26 19:40:13.190208000,s2-eth2,17.801389694213867,82.19861030578613
2025-11-26 19:40:13.190365952,s3-eth2,17.966934204101562,82.03306579589844
2025-11-26 19:40:14.191450112,s1-eth1,0.0029877471923828126,99.99701225280762
2025-11-26 19:40:14.191555072,s2-eth2,0.0029877471923828126,99.99701225280762
2025-11-26 19:40:14.191704064,s3-eth2,0.0029877471923828126,99.99701225280762
2025-11-26 19:40:15.192593152,s1-eth1,0.0029877471923828126,99.99701225280762
2025-11-26 19:40:15.192697088,s2-eth2,0.0029877471923828126,99.99701225280762
2025-11-26 19:40:15.192845056,s3-eth2,0.0029877471923828126,99.99701225280762
2025-11-26 19:40:16.193746944,s1-eth1,0.0029877471923828126,99.99701225280762
2025-11-26 19:40:16.193851904,s2-eth2,0.0029877471923828126,99.99701225280762
2025-11-26 19:40:16.194000128,s3-eth2,0.0029877471923828126,99.99701225280762
2025-11-26 19:40:17.194935040,s1-eth1,0.0029877471923828126,99.99701225280762
2025-11-26 19:40:17.195041024,s2-eth2,0.0029877471923828126,99.99701225280762
2025-11-26 19:40:17.195190016,s3-eth2,0.0029877471923828126,99.99701225280762
2025-11-26 19:40:18.196132864,s1-eth1,0.0029877471923828126,99.99701225280762
2025-11-26 19:40:18.196238080,s2-eth2,0.0029877471923828126,99.99701225280762
2025-11-26 19:40:18.196387072,s3-eth2,0.0029877471923828126,99.99701225280762
2025-11-26 19:40:19.197444864,s1-eth1,0.0029877471923828126,99.99701225280762
2025-11-26 19:40:19.197551872,s2-eth2,0.0036279296875,99.9963720703125
2025-11-26 19:40:19.197700864,s3-eth2,0.0036279296875,99.9963720703125
2025-11-26 19:40:20.198259200,s1-eth1,0.00299072265625,99.99700927734375
2025-11-26 19:40:20.198297088,s2-eth2,0.00299072265625,99.99700927734375
2025-11-26 19:40:20.198352128,s3-eth2,0.00299072265625,99.99700927734375
2025-11-26 19:40:21.198724864,s1-eth1,45.66313171386719,54.33686828613281
2025-11-26 19:40:21.198766848,s2-eth2,46.21751403808594,53.78248596191406
2025-11-26 19:40:21.198825984,s3-eth2,46.437957763671875,53.562042236328125
2025-11-26 19:40:22.199564032,s1-eth1,59.288726806640625,40.711273193359375
2025-11-26 19:40:22.199677952,s2-eth2,19.935623168945312,80.06437683105469
2025-11-26 19:40:22.199840000,s3-eth2,19.695484161376953,80.30451583862305
2025-11-26 19:40:23.200766208,s1-eth1,26.136796951293945,73.86320304870605
2025-11-26 19:40:23.200884992,s2-eth2,0.004481582641601562,99.9955184173584
2025-11-26 19:40:23.201057024,s3-eth2,0.004481582641601562,99.9955184173584
2025-11-26 19:40:24.202078976,s1-eth1,0.0029877471923828126,99.99701225280762
2025-11-26 19:40:24.202191104,s2-eth2,0.0029877471923828126,99.99701225280762
2025-11-26 19:40:24.202352128,s3-eth2,0.0029877471923828126,99.99701225280762
2025-11-26 19:40:25.203224064,s1-eth1,0.0029877471923828126,99.99701225280762
2025-11-26 19:40:25.203329024,s2-eth2,0.0029877471923828126,99.99701225280762
2025-11-26 19:40:25.203489024,s3-eth2,0.0029877471923828126,99.99701225280762
2025-11-26 19:40:26.204359168,s1-eth1,0.0029877471923828126,99.99701225280762
2025-11-26 19:40:26.204463872,s2-eth2,0.0029877471923828126,99.99701225280762
2025-11-26 19:40:26.204621056,s3-eth2,0.0029877471923828126,99.99701225280762
2025-11-26 19:40:27.205499904,s1-eth1,0.0029877471923828126,99.99701225280762
2025-11-26 19:40:27.205605888,s2-eth2,0.0022408294677734373,99.99775917053222
2025-11-26 19:40:27.205766912,s3-eth2,0.0022408294677734373,99.99775917053222
2025-11-26 19:40:28.206671104,s1-eth1,37.89007568359375,62.10992431640625
2025-11-26 19:40:28.206792960,s2-eth2,37.67274856567383,62.32725143432617
2025-11-26 19:40:28.206983168,s3-eth2,0.0036279296875,99.9963720703125
2025-11-26 19:40:29.208024064,s1-eth1,84.10958099365234,15.890419006347656
2025-11-26 19:40:29.208167168,s2-eth2,27.823915481567383,72.17608451843262
2025-11-26 19:40:29.208327168,s3-eth2,0.0022408294677734373,99.99775917053222
2025-11-26 19:40:30.209050880,s1-eth1,8.933914184570312,91.06608581542969
2025-11-26 19:40:30.209170176,s2-eth2,0.004481582641601562,99.9955184173584
2025-11-26 19:40:30.209330176,s3-eth2,0.0037346649169921874,99.99626533508301
2025-11-26 19:40:31.209938944,s1-eth1,0.00299072265625,99.99700927734375
2025-11-26 19:40:31.209990144,s2-eth2,0.00299072265625,99.99700927734375
2025-11-26 19:40:31.210059776,s3-eth2,0.00299072265625,99.99700927734375
2025-11-26 19:40:32.210465024,s1-eth1,42.19108581542969,57.80891418457031
2025-11-26 19:40:32.210508032,s2-eth2,0.00299072265625,99.99700927734375
2025-11-26 19:40:32.210563072,s3-eth2,0.00299072265625,99.99700927734375
2025-11-26 19:40:33.211304960,s1-eth1,26.406463623046875,73.59353637695312
2025-11-26 19:40:33.211417856,s2-eth2,0.00299072265625,99.99700927734375
2025-11-26 19:40:33.211565056,s3-eth2,0.0029877471923828126,99.99701225280762
2025-11-26 19:40:34.212605952,s1-eth1,0.0022408294677734373,99.99775917053222
2025-11-26 19:40:34.212718080,s2-eth2,64.88988494873047,35.11011505126953
2025-11-26 19:40:34.212881920,s3-eth2,0.0029877471923828126,99.99701225280762
2025-11-26 19:40:35.213454848,s1-eth1,0.0037384033203125,99.99626159667969
2025-11-26 19:40:35.213562112,s2-eth2,0.01264190673828125,99.98735809326172
2025-11-26 19:40:35.213715200,s3-eth2,0.00299072265625,99.99700927734375
2025-11-26 19:40:36.214572032,s1-eth1,0.0029877471923828126,99.99701225280762
2025-11-26 19:40:36.214678016,s2-eth2,0.0029877471923828126,99.99701225280762
2025-11-26 19:40:36.214825984,s3-eth2,0.0029877471923828126,99.99701225280762
2025-11-26 19:40:37.215678976,s1-eth1,0.0036279296875,99.9963720703125
2025-11-26 19:40:37.215784960,s2-eth2,0.0036279296875,99.9963720703125
2025-11-26 19:40:37.215931904,s3-eth2,0.0036279296875,99.9963720703125
2025-11-26 19:40:38.216775936,s1-eth1,39.79515075683594,60.20484924316406
2025-11-26 19:40:38.216898048,s2-eth2,40.45984649658203,59.54015350341797
2025-11-26 19:40:38.217061888,s3-eth2,69.52190399169922,30.47809600830078
2025-11-26 19:40:39.218164992,s1-eth1,78.37222290039062,21.627777099609375
2025-11-26 19:40:39.218287104,s2-eth2,77.59967803955078,22.40032196044922
2025-11-26 19:40:39.218450176,s3-eth2,0.004016647338867188,99.99598335266113
2025-11-26 19:40:40.219435008,s1-eth1,60.20106887817383,39.79893112182617
2025-11-26 19:40:40.219561984,s2-eth2,15.29570198059082,84.70429801940918
2025-11-26 19:40:40.219724032,s3-eth2,0.004481582641601562,99.9955184173584
2025-11-26 19:40:41.220622080,s1-eth1,21.08487319946289,78.91512680053711
2025-11-26 19:40:41.220745984,s2-eth2,0.0029877471923828126,99.99701225280762
2025-11-26 19:40:41.220901888,s3-eth2,0.0029877471923828126,99.99701225280762
2025-11-26 19:40:42.221836032,s1-eth1,0.0022408294677734373,99.99775917053222
2025-11-26 19:40:42.221957888,s2-eth2,47.95392608642578,52.04607391357422
2025-11-26 19:40:42.222127872,s3-eth2,0.00149383544921875,99.99850616455078
2025-11-26 19:40:43.223035136,s1-eth1,0.0037346649169921874,99.99626533508301
2025-11-26 19:40:43.223153152,s2-eth2,17.070659637451172,82.92934036254883
2025-11-26 19:40:43.223311872,s3-eth2,0.004481582641601562,99.9955184173584
2025-11-26 19:40:44.224163072,s1-eth1,0.0029877471923828126,99.99701225280762
2025-11-26 19:40:44.224267008,s2-eth2,0.0029877471923828126,99.99701225280762
2025-11-26 19:40:44.224412928,s3-eth2,0.0029877471923828126,99.99701225280762
2025-11-26 19:40:45.225317120,s1-eth1,0.0022408294677734373,99.99775917053222
2025-11-26 19:40:45.225436928,s2-eth2,48.55619812011719,51.44380187988281
2025-11-26 19:40:45.225594880,s3-eth2,48.77692413330078,51.22307586669922
2025-11-26 19:40:46.226540032,s1-eth1,42.67644119262695,57.32355880737305
2025-11-26 19:40:46.226671104,s2-eth2,79.69373321533203,20.30626678466797
2025-11-26 19:40:46.226839040,s3-eth2,15.56945327758789,84.43054672241212
2025-11-26 19:40:47.227747840,s1-eth1,22.087692260742188,77.91230773925781
2025-11-26 19:40:47.227875840,s2-eth2,1.11789306640625,98.88210693359375
2025-11-26 19:40:47.228035072,s3-eth2,0.0029877471923828126,99.99701225280762
2025-11-26 19:40:48.228861952,s1-eth1,0.0029877471923828126,99.99701225280762
2025-11-26 19:40:48.228965888,s2-eth2,0.0029877471923828126,99.99701225280762
2025-11-26 19:40:48.229111808,s3-eth2,0.0029877471923828126,99.99701225280762
2025-11-26 19:40:49.229937920,s1-eth1,51.107479095458984,48.892520904541016
2025-11-26 19:40:49.230048768,s2-eth2,50.90030288696289,49.09969711303711
2025-11-26 19:40:49.230201856,s3-eth2,50.72372055053711,49.27627944946289
2025-11-26 19:40:50.231064064,s1-eth1,16.99693489074707,83.00306510925293
2025-11-26 19:40:50.231175936,s2-eth2,17.204856872558594,82.7951431274414
2025-11-26 19:40:50.231329024,s3-eth2,17.381437301635742,82.61856269836426
2025-11-26 19:40:51.232169984,s1-eth1,0.0029877471923828126,99.99701225280762
2025-11-26 19:40:51.232274176,s2-eth2,0.0029877471923828126,99.99701225280762
2025-11-26 19:40:51.232419840,s3-eth2,0.0029877471923828126,99.99701225280762
2025-11-26 19:40:52.233272064,s1-eth1,0.0036279296875,99.9963720703125
2025-11-26 19:40:52.233378048,s2-eth2,0.0022408294677734373,99.99775917053222
2025-11-26 19:40:52.233539072,s3-eth2,54.6085090637207,45.3914909362793
2025-11-26 19:40:53.234388224,s1-eth1,0.0029877471923828126,99.99701225280762
2025-11-26 19:40:53.234492928,s2-eth2,0.0037346649169921874,99.99626533508301
2025-11-26 19:40:53.234649856,s3-eth2,14.920032501220703,85.0799674987793
2025-11-26 19:40:54.235681024,s1-eth1,0.0029877471923828126,99.99701225280762
2025-11-26 19:40:54.235784960,s2-eth2,0.0029877471923828126,99.99701225280762
2025-11-26 19:40:54.235930880,s3-eth2,0.0029877471923828126,99.99701225280762
2025-11-26 19:40:55.236790016,s1-eth1,0.0036279296875,99.9963720703125
2025-11-26 19:40:55.236896000,s2-eth2,0.0029877471923828126,99.99701225280762
2025-11-26 19:40:55.237042944,s3-eth2,0.0029877471923828126,99.99701225280762
2025-11-26 19:40:56.237889024,s1-eth1,0.0029877471923828126,99.99701225280762
2025-11-26 19:40:56.237998080,s2-eth2,56.584590911865234,43.415409088134766
2025-11-26 19:40:56.238164992,s3-eth2,0.0029877471923828126,99.99701225280762
2025-11-26 19:40:57.239001088,s1-eth1,0.0029877471923828126,99.99701225280762
2025-11-26 19:40:57.239109888,s2-eth2,8.318204879760742,91.68179512023926
2025-11-26 19:40:57.239272960,s3-eth2,0.0029877471923828126,99.99701225280762
2025-11-26 19:40:58.240115968,s1-eth1,0.0036279296875,99.9963720703125
2025-11-26 19:40:58.240220160,s2-eth2,0.0036279296875,99.9963720703125
2025-11-26 19:40:58.240367872,s3-eth2,0.0036279296875,99.9963720703125
2025-11-26 19:40:59.241332992,s1-eth1,0.0029877471923828126,99.99701225280762
2025-11-26 19:40:59.241436928,s2-eth2,0.0029877471923828126,99.99701225280762
2025-11-26 19:40:59.241595136,s3-eth2,0.0029877471923828126,99.99701225280762
2025-11-26 19:41:00.242449920,s1-eth1,0.0029877471923828126,99.99701225280762
2025-11-26 19:41:00.242553856,s2-eth2,0.0029877471923828126,99.99701225280762
2025-11-26 19:41:00.242710016,s3-eth2,0.0029877471923828126,99.99701225280762
2025-11-26 19:41:01.243537920,s1-eth1,0.0029877471923828126,99.99701225280762
2025-11-26 19:41:01.243643136,s2-eth2,0.0029877471923828126,99.99701225280762
2025-11-26 19:41:01.243789824,s3-eth2,0.0029877471923828126,99.99701225280762
2025-11-26 19:41:02.244615168,s1-eth1,0.0029877471923828126,99.99701225280762
2025-11-26 19:41:02.244718080,s2-eth2,0.0029877471923828126,99.99701225280762
2025-11-26 19:41:02.244864000,s3-eth2,0.0029877471923828126,99.99701225280762
2025-11-26 19:41:03.245681152,s1-eth1,0.0029877471923828126,99.99701225280762
2025-11-26 19:41:03.245785088,s2-eth2,0.0029877471923828126,99.99701225280762
2025-11-26 19:41:03.245929984,s3-eth2,0.0029877471923828126,99.99701225280762
2025-11-26 19:41:04.246839040,s1-eth1,0.0029877471923828126,99.99701225280762
2025-11-26 19:41:04.246976000,s2-eth2,0.0029877471923828126,99.99701225280762
2025-11-26 19:41:04.247122176,s3-eth2,0.0029877471923828126,99.99701225280762
2025-11-26 19:41:05.247983104,s1-eth1,0.0029877471923828126,99.99701225280762
2025-11-26 19:41:05.248087040,s2-eth2,0.0029877471923828126,99.99701225280762
2025-11-26 19:41:05.248232960,s3-eth2,0.0029877471923828126,99.99701225280762
2025-11-26 19:41:06.249099008,s1-eth1,0.0029877471923828126,99.99701225280762
2025-11-26 19:41:06.249203968,s2-eth2,0.0036279296875,99.9963720703125
2025-11-26 19:41:06.249350912,s3-eth2,0.0036279296875,99.9963720703125
2025-11-26 19:41:07.250194176,s1-eth1,0.0036279296875,99.9963720703125
2025-11-26 19:41:07.250298880,s2-eth2,0.0036279296875,99.9963720703125
2025-11-26 19:41:07.250447104,s3-eth2,0.0036279296875,99.9963720703125
2025-11-26 19:41:08.251410944,s1-eth1,37.88655471801758,62.11344528198242
2025-11-26 19:41:08.251523072,s2-eth2,0.0029877471923828126,99.99701225280762
2025-11-26 19:41:08.251681024,s3-eth2,0.0029877471923828126,99.99701225280762
2025-11-26 19:41:09.252707840,s1-eth1,27.604660034179688,72.39533996582031
2025-11-26 19:41:09.252818176,s2-eth2,0.0036279296875,99.9963720703125
2025-11-26 19:41:09.252975104,s3-eth2,0.0036279296875,99.9963720703125
2025-11-26 19:41:10.253808128,s1-eth1,39.57866287231445,60.42133712768555
2025-11-26 19:41:10.253922816,s2-eth2,40.186927795410156,59.813072204589844
2025-11-26 19:41:10.254082816,s3-eth2,0.0029877471923828126,99.99701225280762
2025-11-26 19:41:11.255026944,s1-eth1,25.318973541259766,74.68102645874023
2025-11-26 19:41:11.255141120,s2-eth2,24.710710525512695,75.2892894744873
2025-11-26 19:41:11.255300096,s3-eth2,0.0029877471923828126,99.99701225280762
2025-11-26 19:41:12.256166912,s1-eth1,0.0029877471923828126,99.99701225280762
2025-11-26 19:41:12.256280832,s2-eth2,0.0029877471923828126,99.99701225280762
2025-11-26 19:41:12.256427008,s3-eth2,0.0029877471923828126,99.99701225280762
2025-11-26 19:41:13.257332992,s1-eth1,0.0029877471923828126,99.99701225280762
2025-11-26 19:41:13.257446912,s2-eth2,0.0029877471923828126,99.99701225280762
2025-11-26 19:41:13.257595904,s3-eth2,0.0029877471923828126,99.99701225280762
2025-11-26 19:41:14.258582016,s1-eth1,0.0029877471923828126,99.99701225280762
2025-11-26 19:41:14.258696960,s2-eth2,45.98842239379883,54.01157760620117
2025-11-26 19:41:14.258880000,s3-eth2,45.767696380615234,54.232303619384766
2025-11-26 19:41:15.259793152,s1-eth1,0.0029877471923828126,99.99701225280762
2025-11-26 19:41:15.259911168,s2-eth2,18.35798454284668,81.64201545715332
2025-11-26 19:41:15.260082944,s3-eth2,18.578712463378906,81.4212875366211
2025-11-26 19:41:16.260929024,s1-eth1,0.0029877471923828126,99.99701225280762
2025-11-26 19:41:16.261032960,s2-eth2,0.0029877471923828126,99.99701225280762
2025-11-26 19:41:16.261190912,s3-eth2,0.0029877471923828126,99.99701225280762
2025-11-26 19:41:17.262010112,s1-eth1,0.0029877471923828126,99.99701225280762
2025-11-26 19:41:17.262114048,s2-eth2,0.0029877471923828126,99.99701225280762
2025-11-26 19:41:17.262270976,s3-eth2,0.0029877471923828126,99.99701225280762
2025-11-26 19:41:18.263126016,s1-eth1,0.0029877471923828126,99.99701225280762
2025-11-26 19:41:18.263230208,s2-eth2,0.0029877471923828126,99.99701225280762
2025-11-26 19:41:18.263387904,s3-eth2,0.0029877471923828126,99.99701225280762
2025-11-26 19:41:19.264364032,s1-eth1,0.0029877471923828126,99.99701225280762
2025-11-26 19:41:19.264466944,s2-eth2,0.0029877471923828126,99.99701225280762
2025-11-26 19:41:19.264622848,s3-eth2,0.0029877471923828126,99.99701225280762
2025-11-26 19:41:20.265430016,s1-eth1,0.0029877471923828126,99.99701225280762
2025-11-26 19:41:20.265532928,s2-eth2,0.0029877471923828126,99.99701225280762
2025-11-26 19:41:20.265677824,s3-eth2,0.0029877471923828126,99.99701225280762
2025-11-26 19:41:21.266501888,s1-eth1,0.0029877471923828126,99.99701225280762
2025-11-26 19:41:21.266606080,s2-eth2,0.0029877471923828126,99.99701225280762
2025-11-26 19:41:21.266752000,s3-eth2,0.0029877471923828126,99.99701225280762
2025-11-26 19:41:22.267587072,s1-eth1,0.0029877471923828126,99.99701225280762
2025-11-26 19:41:22.267691008,s2-eth2,0.0029877471923828126,99.99701225280762
2025-11-26 19:41:22.267836928,s3-eth2,0.0029877471923828126,99.99701225280762
2025-11-26 19:41:23.268683008,s1-eth1,0.0029877471923828126,99.99701225280762
2025-11-26 19:41:23.268786944,s2-eth2,0.0029877471923828126,99.99701225280762
2025-11-26 19:41:23.268933888,s3-eth2,0.0029877471923828126,99.99701225280762
2025-11-26 19:41:24.269947904,s1-eth1,0.0029877471923828126,99.99701225280762
2025-11-26 19:41:24.270051840,s2-eth2,0.0029877471923828126,99.99701225280762
2025-11-26 19:41:24.270198016,s3-eth2,0.0029877471923828126,99.99701225280762
2025-11-26 19:41:25.271083008,s1-eth1,0.0029877471923828126,99.99701225280762
2025-11-26 19:41:25.271187968,s2-eth2,0.0029877471923828126,99.99701225280762
2025-11-26 19:41:25.271334912,s3-eth2,0.0029877471923828126,99.99701225280762
2025-11-26 19:41:26.272161024,s1-eth1,0.0029877471923828126,99.99701225280762
2025-11-26 19:41:26.272264960,s2-eth2,0.0029877471923828126,99.99701225280762
2025-11-26 19:41:26.272411136,s3-eth2,0.0029877471923828126,99.99701225280762
2025-11-26 19:41:27.273274880,s1-eth1,39.49641036987305,60.50358963012695
2025-11-26 19:41:27.273398016,s2-eth2,40.17139434814453,59.82860565185547
2025-11-26 19:41:27.273555968,s3-eth2,0.0029877471923828126,99.99701225280762
2025-11-26 19:41:28.274439168,s1-eth1,26.00084686279297,73.99915313720703
2025-11-26 19:41:28.274560000,s2-eth2,25.325862884521484,74.67413711547852
2025-11-26 19:41:28.274717952,s3-eth2,0.0029877471923828126,99.99701225280762
2025-11-26 19:41:29.275700992,s1-eth1,45.62027359008789,54.37972640991211
2025-11-26 19:41:29.275828992,s2-eth2,46.28422164916992,53.71577835083008
2025-11-26 19:41:29.276022784,s3-eth2,46.504947662353516,53.495052337646484
2025-11-26 19:41:30.276977920,s1-eth1,20.469810485839844,79.53018951416016
2025-11-26 19:41:30.277117952,s2-eth2,71.36878967285156,28.631210327148438
2025-11-26 19:41:30.277293824,s3-eth2,19.583642959594727,80.41635704040527
2025-11-26 19:41:31.278228992,s1-eth1,0.0029877471923828126,99.99701225280762
2025-11-26 19:41:31.278348800,s2-eth2,13.45867919921875,86.54132080078125
2025-11-26 19:41:31.278511104,s3-eth2,0.004481582641601562,99.9955184173584
2025-11-26 19:41:32.279397120,s1-eth1,56.510948181152344,43.489051818847656
2025-11-26 19:41:32.279525120,s2-eth2,3.482647171020508,96.5173528289795
2025-11-26 19:41:32.279689984,s3-eth2,0.00149383544921875,99.99850616455078
2025-11-26 19:41:33.280666112,s1-eth1,76.99562072753906,23.004379272460938
2025-11-26 19:41:33.280796160,s2-eth2,101.912109375,-1.912109375
2025-11-26 19:41:33.280966144,s3-eth2,0.0036279296875,99.9963720703125
2025-11-26 19:41:34.282042880,s1-eth1,86.95353698730469,13.046463012695312
2025-11-26 19:41:34.282171136,s2-eth2,26.91071891784668,73.08928108215332
2025-11-26 19:41:34.282341888,s3-eth2,0.008947982788085937,99.99105201721191
2025-11-26 19:41:35.283240192,s1-eth1,59.81874465942383,40.18125534057617
2025-11-26 19:41:35.283363072,s2-eth2,0.0036279296875,99.9963720703125
2025-11-26 19:41:35.283523072,s3-eth2,69.52242279052734,30.477577209472656
2025-11-26 19:41:36.284396800,s1-eth1,0.0029877471923828126,99.99701225280762
2025-11-26 19:41:36.284500992,s2-eth2,0.0029877471923828126,99.99701225280762
2025-11-26 19:41:36.284649984,s3-eth2,0.0029877471923828126,99.99701225280762
2025-11-26 19:41:37.285497856,s1-eth1,42.763221740722656,57.236778259277344
2025-11-26 19:41:37.285614848,s2-eth2,0.0029877471923828126,99.99701225280762
2025-11-26 19:41:37.285762048,s3-eth2,0.0029877471923828126,99.99701225280762
2025-11-26 19:41:38.286638848,s1-eth1,74.42423248291016,25.575767517089844
2025-11-26 19:41:38.286760192,s2-eth2,48.442100524902344,51.557899475097656
2025-11-26 19:41:38.286931968,s3-eth2,0.00149383544921875,99.99850616455078
2025-11-26 19:41:39.287961088,s1-eth1,16.23731803894043,83.76268196105957
2025-11-26 19:41:39.288073984,s2-eth2,72.81500244140625,27.18499755859375
2025-11-26 19:41:39.288242176,s3-eth2,0.004481582641601562,99.9955184173584
2025-11-26 19:41:40.289105920,s1-eth1,0.0029877471923828126,99.99701225280762
2025-11-26 19:41:40.289221120,s2-eth2,8.540692291259766,91.45930770874023
2025-11-26 19:41:40.289401088,s3-eth2,0.0029877471923828126,99.99701225280762
2025-11-26 19:41:41.289940224,s1-eth1,0.003631591796875,99.99636840820312
2025-11-26 19:41:41.289978112,s2-eth2,0.00299072265625,99.99700927734375
2025-11-26 19:41:41.290040064,s3-eth2,0.00299072265625,99.99700927734375
2025-11-26 19:41:42.290715904,s1-eth1,0.00299072265625,99.99700927734375
2025-11-26 19:41:42.290821120,s2-eth2,0.00299072265625,99.99700927734375
2025-11-26 19:41:42.290982912,s3-eth2,0.00299072265625,99.99700927734375
2025-11-26 19:41:43.291860224,s1-eth1,0.0029877471923828126,99.99701225280762
2025-11-26 19:41:43.291965952,s2-eth2,0.0022408294677734373,99.99775917053222
2025-11-26 19:41:43.292130048,s3-eth2,53.70551300048828,46.29448699951172
2025-11-26 19:41:44.293157120,s1-eth1,42.17427444458008,57.82572555541992
2025-11-26 19:41:44.293280000,s2-eth2,0.0037346649169921874,99.99626533508301
2025-11-26 19:41:44.293456128,s3-eth2,15.823585510253906,84.1764144897461
2025-11-26 19:41:45.294390016,s1-eth1,23.926063537597656,76.07393646240234
2025-11-26 19:41:45.294518016,s2-eth2,0.0036279296875,99.9963720703125
2025-11-26 19:41:45.294683904,s3-eth2,0.0036279296875,99.9963720703125
2025-11-26 19:41:46.295640832,s1-eth1,0.0029877471923828126,99.99701225280762
2025-11-26 19:41:46.295746048,s2-eth2,0.0029877471923828126,99.99701225280762
2025-11-26 19:41:46.295907072,s3-eth2,0.0029877471923828126,99.99701225280762
2025-11-26 19:41:47.296769024,s1-eth1,0.0029877471923828126,99.99701225280762
2025-11-26 19:41:47.296887040,s2-eth2,50.67523193359375,49.32476806640625
2025-11-26 19:41:47.297058048,s3-eth2,50.895957946777344,49.104042053222656
2025-11-26 19:41:48.297905920,s1-eth1,0.0029877471923828126,99.99701225280762
2025-11-26 19:41:48.298021120,s2-eth2,13.671036682128907,86.32896331787109
2025-11-26 19:41:48.298188032,s3-eth2,13.450310668945313,86.54968933105468
2025-11-26 19:41:49.299300864,s1-eth1,0.0029877471923828126,99.99701225280762
2025-11-26 19:41:49.299405056,s2-eth2,0.0029877471923828126,99.99701225280762
2025-11-26 19:41:49.299570176,s3-eth2,0.0029877471923828126,99.99701225280762
2025-11-26 19:41:50.300445952,s1-eth1,0.0029877471923828126,99.99701225280762
2025-11-26 19:41:50.300550912,s2-eth2,0.0029877471923828126,99.99701225280762
2025-11-26 19:41:50.300709888,s3-eth2,0.0029877471923828126,99.99701225280762
2025-11-26 19:41:51.301291008,s1-eth1,7.454559326171875,92.54544067382812
2025-11-26 19:41:51.301342976,s2-eth2,71.51983642578125,28.48016357421875
2025-11-26 19:41:51.301403136,s3-eth2,7.4701690673828125,92.52983093261719
2025-11-26 19:41:52.302115840,s1-eth1,62.30003356933594,37.69996643066406
2025-11-26 19:41:52.302248960,s2-eth2,63.424591064453125,36.575408935546875
2025-11-26 19:41:52.302408960,s3-eth2,62.21955108642578,37.78044891357422
2025-11-26 19:41:53.303303936,s1-eth1,0.009725418090820313,99.99027458190918
2025-11-26 19:41:53.303412992,s2-eth2,0.012377777099609376,99.98762222290038
2025-11-26 19:41:53.303563008,s3-eth2,0.012377777099609376,99.98762222290038
2025-11-26 19:41:54.304635904,s1-eth1,0.0029877471923828126,99.99701225280762
2025-11-26 19:41:54.304740864,s2-eth2,0.0029877471923828126,99.99701225280762
2025-11-26 19:41:54.304889088,s3-eth2,0.0029877471923828126,99.99701225280762
2025-11-26 19:41:55.305769984,s1-eth1,0.0029877471923828126,99.99701225280762
2025-11-26 19:41:55.305874944,s2-eth2,0.0029877471923828126,99.99701225280762
2025-11-26 19:41:55.306020096,s3-eth2,0.0029877471923828126,99.99701225280762
2025-11-26 19:41:56.306878976,s1-eth1,0.0029877471923828126,99.99701225280762
2025-11-26 19:41:56.306983936,s2-eth2,0.0029877471923828126,99.99701225280762
2025-11-26 19:41:56.307131136,s3-eth2,0.0029877471923828126,99.99701225280762
2025-11-26 19:41:57.307961856,s1-eth1,0.0029877471923828126,99.99701225280762
2025-11-26 19:41:57.308067072,s2-eth2,0.0029877471923828126,99.99701225280762
2025-11-26 19:41:57.308212992,s3-eth2,0.0029877471923828126,99.99701225280762
2025-11-26 19:41:58.309061120,s1-eth1,0.0029877471923828126,99.99701225280762
2025-11-26 19:41:58.309179904,s2-eth2,0.0036279296875,99.9963720703125
2025-11-26 19:41:58.309326848,s3-eth2,0.0036279296875,99.9963720703125
2025-11-26 19:41:59.310255104,s1-eth1,0.0029877471923828126,99.99701225280762
2025-11-26 19:41:59.310370816,s2-eth2,0.0029877471923828126,99.99701225280762
2025-11-26 19:41:59.310516224,s3-eth2,0.0029877471923828126,99.99701225280762
2025-11-26 19:42:00.311367936,s1-eth1,0.0029877471923828126,99.99701225280762
2025-11-26 19:42:00.311488000,s2-eth2,0.0029877471923828126,99.99701225280762
2025-11-26 19:42:00.311634944,s3-eth2,0.0029877471923828126,99.99701225280762
2025-11-26 19:42:01.312463104,s1-eth1,0.0029877471923828126,99.99701225280762
2025-11-26 19:42:01.312567040,s2-eth2,0.0029877471923828126,99.99701225280762
2025-11-26 19:42:01.312724992,s3-eth2,0.0029877471923828126,99.99701225280762
2025-11-26 19:42:02.313544960,s1-eth1,0.0029877471923828126,99.99701225280762
2025-11-26 19:42:02.313648896,s2-eth2,0.0029877471923828126,99.99701225280762
2025-11-26 19:42:02.313807104,s3-eth2,0.0029877471923828126,99.99701225280762
2025-11-26 19:42:03.314640128,s1-eth1,0.0029877471923828126,99.99701225280762
2025-11-26 19:42:03.314744064,s2-eth2,0.0029877471923828126,99.99701225280762
2025-11-26 19:42:03.314917120,s3-eth2,0.0029877471923828126,99.99701225280762
2025-11-26 19:42:04.315934976,s1-eth1,0.0036279296875,99.9963720703125
2025-11-26 19:42:04.316039936,s2-eth2,0.0036279296875,99.9963720703125
2025-11-26 19:42:04.316201984,s3-eth2,0.0036279296875,99.9963720703125
2025-11-26 19:42:05.317140224,s1-eth1,36.972015380859375,63.027984619140625
2025-11-26 19:42:05.317251840,s2-eth2,0.0029877471923828126,99.99701225280762
2025-11-26 19:42:05.317424896,s3-eth2,0.0029877471923828126,99.99701225280762
2025-11-26 19:42:06.318327040,s1-eth1,28.519577026367188,71.48042297363281
2025-11-26 19:42:06.318459904,s2-eth2,0.0029877471923828126,99.99701225280762
2025-11-26 19:42:06.318618112,s3-eth2,0.0029877471923828126,99.99701225280762
2025-11-26 19:42:07.319505920,s1-eth1,0.0029877471923828126,99.99701225280762
2025-11-26 19:42:07.319632896,s2-eth2,0.0029877471923828126,99.99701225280762
2025-11-26 19:42:07.319782144,s3-eth2,0.0029877471923828126,99.99701225280762
2025-11-26 19:42:08.320627968,s1-eth1,0.0036279296875,99.9963720703125
2025-11-26 19:42:08.320743936,s2-eth2,0.0036279296875,99.9963720703125
2025-11-26 19:42:08.320890880,s3-eth2,0.0036279296875,99.9963720703125
2025-11-26 19:42:09.321903872,s1-eth1,38.10979461669922,61.89020538330078
2025-11-26 19:42:09.322045184,s2-eth2,38.75116729736328,61.24883270263672
2025-11-26 19:42:09.322205184,s3-eth2,0.0029877471923828126,99.99701225280762
2025-11-26 19:42:10.323128832,s1-eth1,27.38144874572754,72.61855125427246
2025-11-26 19:42:10.323260160,s2-eth2,26.740076065063477,73.25992393493652
2025-11-26 19:42:10.323421952,s3-eth2,0.0029877471923828126,99.99701225280762
2025-11-26 19:42:11.324325120,s1-eth1,0.0029877471923828126,99.99701225280762
2025-11-26 19:42:11.324446976,s2-eth2,0.0029877471923828126,99.99701225280762
2025-11-26 19:42:11.324593920,s3-eth2,0.0029877471923828126,99.99701225280762
2025-11-26 19:42:12.325459968,s1-eth1,0.0029877471923828126,99.99701225280762
2025-11-26 19:42:12.325579008,s2-eth2,0.0029877471923828126,99.99701225280762
2025-11-26 19:42:12.325725952,s3-eth2,0.0029877471923828126,99.99701225280762
2025-11-26 19:42:13.326548224,s1-eth1,0.0029877471923828126,99.99701225280762
2025-11-26 19:42:13.326664960,s2-eth2,0.0029877471923828126,99.99701225280762
2025-11-26 19:42:13.326811136,s3-eth2,0.0029877471923828126,99.99701225280762
2025-11-26 19:42:14.327672832,s1-eth1,0.0029877471923828126,99.99701225280762
2025-11-26 19:42:14.327801856,s2-eth2,45.76517868041992,54.23482131958008
2025-11-26 19:42:14.327959040,s3-eth2,45.48876953125,54.51123046875
2025-11-26 19:42:15.328808960,s1-eth1,0.0029877471923828126,99.99701225280762
2025-11-26 19:42:15.328937984,s2-eth2,18.581226348876953,81.41877365112305
2025-11-26 19:42:15.329092864,s3-eth2,18.857637405395508,81.14236259460449
2025-11-26 19:42:16.329922816,s1-eth1,0.0029877471923828126,99.99701225280762
2025-11-26 19:42:16.330036992,s2-eth2,0.0029877471923828126,99.99701225280762
2025-11-26 19:42:16.330182912,s3-eth2,0.0029877471923828126,99.99701225280762
2025-11-26 19:42:17.331012096,s1-eth1,0.0029877471923828126,99.99701225280762
2025-11-26 19:42:17.331127040,s2-eth2,0.0029877471923828126,99.99701225280762
2025-11-26 19:42:17.331273984,s3-eth2,0.0029877471923828126,99.99701225280762
2025-11-26 19:42:18.332110848,s1-eth1,0.0029877471923828126,99.99701225280762
2025-11-26 19:42:18.332380160,s2-eth2,0.0029877471923828126,99.99701225280762
2025-11-26 19:42:18.332528128,s3-eth2,0.0029877471923828126,99.99701225280762
2025-11-26 19:42:19.333513984,s1-eth1,0.0029877471923828126,99.99701225280762
2025-11-26 19:42:19.333640192,s2-eth2,0.0029877471923828126,99.99701225280762
2025-11-26 19:42:19.333786112,s3-eth2,0.0029877471923828126,99.99701225280762
2025-11-26 19:42:20.334636032,s1-eth1,36.79694366455078,63.20305633544922
2025-11-26 19:42:20.334770944,s2-eth2,36.577484130859375,63.422515869140625
2025-11-26 19:42:20.334942208,s3-eth2,0.0029877471923828126,99.99701225280762
2025-11-26 19:42:21.335820032,s1-eth1,29.000465393066406,70.9995346069336
2025-11-26 19:42:21.335956224,s2-eth2,29.219179153442383,70.78082084655762
2025-11-26 19:42:21.336115968,s3-eth2,0.0029877471923828126,99.99701225280762
2025-11-26 19:42:22.336966144,s1-eth1,0.0029877471923828126,99.99701225280762
2025-11-26 19:42:22.337070080,s2-eth2,0.0029877471923828126,99.99701225280762
2025-11-26 19:42:22.337216000,s3-eth2,0.0029877471923828126,99.99701225280762
2025-11-26 19:42:23.338056192,s1-eth1,0.0029877471923828126,99.99701225280762
2025-11-26 19:42:23.338188032,s2-eth2,49.72732925415039,50.27267074584961
2025-11-26 19:42:23.338344192,s3-eth2,49.94730758666992,50.05269241333008
2025-11-26 19:42:24.339438080,s1-eth1,0.0029877471923828126,99.99701225280762
2025-11-26 19:42:24.339559168,s2-eth2,14.61971954345703,85.38028045654298
2025-11-26 19:42:24.339726848,s3-eth2,14.399739227294923,85.60026077270507
2025-11-26 19:42:25.340652032,s1-eth1,0.0029877471923828126,99.99701225280762
2025-11-26 19:42:25.340764160,s2-eth2,0.0029877471923828126,99.99701225280762
2025-11-26 19:42:25.340922112,s3-eth2,0.0029877471923828126,99.99701225280762
2025-11-26 19:42:26.341804032,s1-eth1,0.0042681884765625,99.99573181152344
2025-11-26 19:42:26.341916928,s2-eth2,0.0029877471923828126,99.99701225280762
2025-11-26 19:42:26.342073088,s3-eth2,0.0029877471923828126,99.99701225280762
2025-11-26 19:42:27.342979840,s1-eth1,38.46070098876953,61.53929901123047
2025-11-26 19:42:27.343102976,s2-eth2,53.26128387451172,46.73871612548828
2025-11-26 19:42:27.343270144,s3-eth2,0.00149383544921875,99.99850616455078
2025-11-26 19:42:28.344132864,s1-eth1,26.43770408630371,73.56229591369629
2025-11-26 19:42:28.344252160,s2-eth2,11.763299942016602,88.2367000579834
2025-11-26 19:42:28.344418048,s3-eth2,0.004481582641601562,99.9955184173584
2025-11-26 19:42:29.345452032,s1-eth1,0.0029877471923828126,99.99701225280762
2025-11-26 19:42:29.345556992,s2-eth2,0.0037346649169921874,99.99626533508301
2025-11-26 19:42:29.345704960,s3-eth2,0.0029877471923828126,99.99701225280762
2025-11-26 19:42:30.346544896,s1-eth1,0.0029877471923828126,99.99701225280762
2025-11-26 19:42:30.346648832,s2-eth2,0.0029877471923828126,99.99701225280762
2025-11-26 19:42:30.346796032,s3-eth2,0.0029877471923828126,99.99701225280762
2025-11-26 19:42:31.347644928,s1-eth1,0.0029877471923828126,99.99701225280762
2025-11-26 19:42:31.347749120,s2-eth2,0.0029877471923828126,99.99701225280762
2025-11-26 19:42:31.347894016,s3-eth2,0.0029877471923828126,99.99701225280762
2025-11-26 19:42:32.348822016,s1-eth1,48.52011489868164,51.47988510131836
2025-11-26 19:42:32.348954880,s2-eth2,4.751062850952149,95.24893714904785
2025-11-26 19:42:32.349114880,s3-eth2,0.0036279296875,99.9963720703125
2025-11-26 19:42:33.349996032,s1-eth1,93.1710433959961,6.828956604003906
2025-11-26 19:42:33.350123776,s2-eth2,26.867359161376953,73.13264083862305
2025-11-26 19:42:33.350284032,s3-eth2,0.0029877471923828126,99.99701225280762
2025-11-26 19:42:34.351299072,s1-eth1,61.05891418457031,38.94108581542969
2025-11-26 19:42:34.351425792,s2-eth2,35.783119201660156,64.21688079833984
2025-11-26 19:42:34.351585024,s3-eth2,0.0029877471923828126,99.99701225280762
2025-11-26 19:42:35.352519936,s1-eth1,7.602184753417969,92.39781524658203
2025-11-26 19:42:35.352636160,s2-eth2,68.34928894042969,31.650711059570312
2025-11-26 19:42:35.352812032,s3-eth2,8.482133865356445,91.51786613464355
2025-11-26 19:42:36.353744896,s1-eth1,59.34149932861328,40.65850067138672
2025-11-26 19:42:36.353859840,s2-eth2,63.416481018066406,36.583518981933594
2025-11-26 19:42:36.354053120,s3-eth2,58.461551666259766,41.538448333740234
2025-11-26 19:42:37.354944000,s1-eth1,41.5622444152832,58.4377555847168
2025-11-26 19:42:37.355067136,s2-eth2,0.00399383544921875,99.99600616455078
2025-11-26 19:42:37.355228928,s3-eth2,0.00399383544921875,99.99600616455078
2025-11-26 19:42:38.356077824,s1-eth1,24.539091110229492,75.46090888977051
2025-11-26 19:42:38.356225024,s2-eth2,0.0029877471923828126,99.99701225280762
2025-11-26 19:42:38.356378112,s3-eth2,0.007454071044921875,99.99254592895508
2025-11-26 19:42:39.357275904,s1-eth1,0.0029877471923828126,99.99701225280762
2025-11-26 19:42:39.357403136,s2-eth2,56.30214309692383,43.69785690307617
2025-11-26 19:42:39.357580032,s3-eth2,89.23397827148438,10.766021728515625
2025-11-26 19:42:40.358514944,s1-eth1,0.0029877471923828126,99.99701225280762
2025-11-26 19:42:40.358653952,s2-eth2,76.84850311279297,23.15149688720703
2025-11-26 19:42:40.358830848,s3-eth2,51.57640838623047,48.42359161376953
2025-11-26 19:42:41.359836160,s1-eth1,55.442073822021484,44.557926177978516
2025-11-26 19:42:41.359960064,s2-eth2,56.338134765625,43.661865234375
2025-11-26 19:42:41.360121856,s3-eth2,0.0022408294677734373,99.99775917053222
2025-11-26 19:42:42.361005056,s1-eth1,10.049269714355468,89.95073028564454
2025-11-26 19:42:42.361118976,s2-eth2,10.267984390258789,89.73201560974121
2025-11-26 19:42:42.361277184,s3-eth2,0.0037346649169921874,99.99626533508301
2025-11-26 19:42:43.362149120,s1-eth1,0.0029877471923828126,99.99701225280762
2025-11-26 19:42:43.362252032,s2-eth2,0.0029877471923828126,99.99701225280762
2025-11-26 19:42:43.362397952,s3-eth2,0.0029877471923828126,99.99701225280762
2025-11-26 19:42:44.363296000,s1-eth1,0.0029877471923828126,99.99701225280762
2025-11-26 19:42:44.363399936,s2-eth2,0.0029877471923828126,99.99701225280762
2025-11-26 19:42:44.363545856,s3-eth2,0.0029877471923828126,99.99701225280762
2025-11-26 19:42:45.364392960,s1-eth1,0.0036279296875,99.9963720703125
2025-11-26 19:42:45.364495872,s2-eth2,0.0042681884765625,99.99573181152344
2025-11-26 19:42:45.364644096,s3-eth2,0.0042681884765625,99.99573181152344
2025-11-26 19:42:46.365488128,s1-eth1,0.0029877471923828126,99.99701225280762
2025-11-26 19:42:46.365593856,s2-eth2,0.0029877471923828126,99.99701225280762
2025-11-26 19:42:46.365742080,s3-eth2,0.0029877471923828126,99.99701225280762
2025-11-26 19:42:47.366575872,s1-eth1,0.0029877471923828126,99.99701225280762
2025-11-26 19:42:47.366679040,s2-eth2,0.0029877471923828126,99.99701225280762
2025-11-26 19:42:47.366825984,s3-eth2,0.0029877471923828126,99.99701225280762
2025-11-26 19:42:48.367706112,s1-eth1,55.79473114013672,44.20526885986328
2025-11-26 19:42:48.367825152,s2-eth2,0.0022408294677734373,99.99775917053222
2025-11-26 19:42:48.367973120,s3-eth2,0.0022408294677734373,99.99775917053222
2025-11-26 19:42:49.368946944,s1-eth1,12.734169006347656,87.26583099365234
2025-11-26 19:42:49.369064192,s2-eth2,0.0037346649169921874,99.99626533508301
2025-11-26 19:42:49.369210880,s3-eth2,0.0037346649169921874,99.99626533508301
2025-11-26 19:42:50.370046976,s1-eth1,0.0029877471923828126,99.99701225280762
2025-11-26 19:42:50.370151936,s2-eth2,0.0029877471923828126,99.99701225280762
2025-11-26 19:42:50.370297856,s3-eth2,0.0029877471923828126,99.99701225280762
2025-11-26 19:42:51.371169024,s1-eth1,0.0029877471923828126,99.99701225280762
2025-11-26 19:42:51.371273984,s2-eth2,0.0029877471923828126,99.99701225280762
2025-11-26 19:42:51.371421952,s3-eth2,0.0029877471923828126,99.99701225280762
2025-11-26 19:42:52.372283904,s1-eth1,0.0029877471923828126,99.99701225280762
2025-11-26 19:42:52.372389120,s2-eth2,0.0029877471923828126,99.99701225280762
2025-11-26 19:42:52.372536064,s3-eth2,0.0029877471923828126,99.99701225280762
2025-11-26 19:42:53.373389056,s1-eth1,0.0029877471923828126,99.99701225280762
2025-11-26 19:42:53.373492992,s2-eth2,0.0029877471923828126,99.99701225280762
2025-11-26 19:42:53.373639936,s3-eth2,0.0029877471923828126,99.99701225280762
2025-11-26 19:42:54.374702848,s1-eth1,0.0029877471923828126,99.99701225280762
2025-11-26 19:42:54.374806784,s2-eth2,0.0029877471923828126,99.99701225280762
2025-11-26 19:42:54.374973952,s3-eth2,0.0029877471923828126,99.99701225280762
2025-11-26 19:42:55.375855872,s1-eth1,0.0029877471923828126,99.99701225280762
2025-11-26 19:42:55.375976192,s2-eth2,0.0029877471923828126,99.99701225280762
2025-11-26 19:42:55.376125184,s3-eth2,0.0029877471923828126,99.99701225280762
2025-11-26 19:42:56.376982016,s1-eth1,0.0029877471923828126,99.99701225280762
2025-11-26 19:42:56.377101824,s2-eth2,0.0029877471923828126,99.99701225280762
2025-11-26 19:42:56.377250048,s3-eth2,0.0029877471923828126,99.99701225280762
2025-11-26 19:42:57.377911040,s1-eth1,0.00299072265625,99.99700927734375
2025-11-26 19:42:57.377979904,s2-eth2,0.00299072265625,99.99700927734375
2025-11-26 19:42:57.378065152,s3-eth2,0.00299072265625,99.99700927734375
2025-11-26 19:42:58.378962944,s1-eth1,59.66116714477539,40.33883285522461
2025-11-26 19:42:58.379096064,s2-eth2,50.44353103637695,49.55646896362305
2025-11-26 19:42:58.379262976,s3-eth2,50.22280502319336,49.77719497680664
2025-11-26 19:42:59.380322048,s1-eth1,79.24951934814453,20.75048065185547
2025-11-26 19:42:59.380451840,s2-eth2,17.661666870117188,82.33833312988281
2025-11-26 19:42:59.380619008,s3-eth2,17.882394790649414,82.11760520935059
2025-11-26 19:43:00.381496064,s1-eth1,0.003490753173828125,99.99650924682618
2025-11-26 19:43:00.381602048,s2-eth2,0.0029877471923828126,99.99701225280762
2025-11-26 19:43:00.381751040,s3-eth2,0.0029877471923828126,99.99701225280762
2025-11-26 19:43:01.382635008,s1-eth1,0.0036279296875,99.9963720703125
2025-11-26 19:43:01.382756096,s2-eth2,0.0036279296875,99.9963720703125
2025-11-26 19:43:01.382919936,s3-eth2,0.0036279296875,99.9963720703125
2025-11-26 19:43:02.383753984,s1-eth1,0.0029877471923828126,99.99701225280762
2025-11-26 19:43:02.383870976,s2-eth2,0.0029877471923828126,99.99701225280762
2025-11-26 19:43:02.384016896,s3-eth2,0.0029877471923828126,99.99701225280762
2025-11-26 19:43:03.384876032,s1-eth1,0.0029877471923828126,99.99701225280762
2025-11-26 19:43:03.384992000,s2-eth2,0.0036279296875,99.9963720703125
2025-11-26 19:43:03.385139968,s3-eth2,0.0036279296875,99.9963720703125
2025-11-26 19:43:04.386134016,s1-eth1,0.0029877471923828126,99.99701225280762
2025-11-26 19:43:04.386248960,s2-eth2,0.0029877471923828126,99.99701225280762
2025-11-26 19:43:04.386394880,s3-eth2,0.0029877471923828126,99.99701225280762
2025-11-26 19:43:05.387222016,s1-eth1,0.0029877471923828126,99.99701225280762
2025-11-26 19:43:05.387336960,s2-eth2,0.0029877471923828126,99.99701225280762
2025-11-26 19:43:05.387482880,s3-eth2,0.0029877471923828126,99.99701225280762
2025-11-26 19:43:06.388390912,s1-eth1,0.0029877471923828126,99.99701225280762
2025-11-26 19:43:06.388513024,s2-eth2,0.0029877471923828126,99.99701225280762
2025-11-26 19:43:06.388662016,s3-eth2,0.0029877471923828126,99.99701225280762
2025-11-26 19:43:07.389577984,s1-eth1,0.0029877471923828126,99.99701225280762
2025-11-26 19:43:07.389710848,s2-eth2,47.772586822509766,52.227413177490234
2025-11-26 19:43:07.389869824,s3-eth2,47.49667739868164,52.50332260131836
2025-11-26 19:43:08.390754816,s1-eth1,0.0029877471923828126,99.99701225280762
2025-11-26 19:43:08.390921984,s2-eth2,16.573820114135742,83.42617988586426
2025-11-26 19:43:08.391078912,s3-eth2,16.849727630615234,83.15027236938477
2025-11-26 19:43:09.391796224,s1-eth1,0.0029877471923828126,99.99701225280762
2025-11-26 19:43:09.391864064,s2-eth2,0.00299072265625,99.99700927734375
2025-11-26 19:43:09.391952128,s3-eth2,0.00299072265625,99.99700927734375
2025-11-26 19:43:10.392764160,s1-eth1,0.00299072265625,99.99700927734375
2025-11-26 19:43:10.392878080,s2-eth2,0.0029877471923828126,99.99701225280762
2025-11-26 19:43:10.393027072,s3-eth2,0.0029877471923828126,99.99701225280762
2025-11-26 19:43:11.393960960,s1-eth1,40.284149169921875,59.715850830078125
2025-11-26 19:43:11.394074880,s2-eth2,40.97027587890625,59.02972412109375
2025-11-26 19:43:11.394234880,s3-eth2,0.0029877471923828126,99.99701225280762
2025-11-26 19:43:12.395163136,s1-eth1,25.207862854003906,74.7921371459961
2025-11-26 19:43:12.395276032,s2-eth2,24.521095275878906,75.4789047241211
2025-11-26 19:43:12.395435008,s3-eth2,0.0022408294677734373,99.99775917053222
2025-11-26 19:43:13.396285184,s1-eth1,0.0036279296875,99.9963720703125
2025-11-26 19:43:13.396389888,s2-eth2,0.0029877471923828126,99.99701225280762
2025-11-26 19:43:13.396536064,s3-eth2,0.0029877471923828126,99.99701225280762
2025-11-26 19:43:14.397604096,s1-eth1,0.0029877471923828126,99.99701225280762
2025-11-26 19:43:14.397708800,s2-eth2,0.0029877471923828126,99.99701225280762
2025-11-26 19:43:14.397857792,s3-eth2,0.0037346649169921874,99.99626533508301
2025-11-26 19:43:15.398726912,s1-eth1,0.0029877471923828126,99.99701225280762
2025-11-26 19:43:15.398830848,s2-eth2,0.0029877471923828126,99.99701225280762
2025-11-26 19:43:15.399006976,s3-eth2,0.0029877471923828126,99.99701225280762
2025-11-26 19:43:16.399853824,s1-eth1,0.0029877471923828126,99.99701225280762
2025-11-26 19:43:16.399958016,s2-eth2,0.0029877471923828126,99.99701225280762
2025-11-26 19:43:16.400103936,s3-eth2,0.0029877471923828126,99.99701225280762
2025-11-26 19:43:17.401012992,s1-eth1,37.06757736206055,62.93242263793945
2025-11-26 19:43:17.401124864,s2-eth2,0.0022408294677734373,99.99775917053222
2025-11-26 19:43:17.401284864,s3-eth2,0.0022408294677734373,99.99775917053222
2025-11-26 19:43:18.402151168,s1-eth1,27.830171585083008,72.16982841491699
2025-11-26 19:43:18.402262016,s2-eth2,0.0037346649169921874,99.99626533508301
2025-11-26 19:43:18.402419200,s3-eth2,0.0029877471923828126,99.99701225280762
2025-11-26 19:43:19.403478016,s1-eth1,0.0029877471923828126,99.99701225280762
2025-11-26 19:43:19.403582976,s2-eth2,0.0029877471923828126,99.99701225280762
2025-11-26 19:43:19.403731200,s3-eth2,0.0029877471923828126,99.99701225280762
2025-11-26 19:43:20.404582144,s1-eth1,0.0029877471923828126,99.99701225280762
2025-11-26 19:43:20.404695040,s2-eth2,0.0029877471923828126,99.99701225280762
2025-11-26 19:43:20.404841984,s3-eth2,0.0029877471923828126,99.99701225280762
2025-11-26 19:43:21.405690880,s1-eth1,0.0029877471923828126,99.99701225280762
2025-11-26 19:43:21.405804032,s2-eth2,0.0029877471923828126,99.99701225280762
2025-11-26 19:43:21.405949952,s3-eth2,0.0029877471923828126,99.99701225280762
2025-11-26 19:43:22.406801920,s1-eth1,0.0036279296875,99.9963720703125
2025-11-26 19:43:22.406941952,s2-eth2,0.0036279296875,99.9963720703125
2025-11-26 19:43:22.407088896,s3-eth2,0.0036279296875,99.9963720703125
2025-11-26 19:43:23.407959040,s1-eth1,45.14914321899414,54.85085678100586
2025-11-26 19:43:23.408076032,s2-eth2,0.0029877471923828126,99.99701225280762
2025-11-26 19:43:23.408224000,s3-eth2,0.0029877471923828126,99.99701225280762
2025-11-26 19:43:24.409240064,s1-eth1,23.37990379333496,76.62009620666504
2025-11-26 19:43:24.409359872,s2-eth2,48.89155578613281,51.10844421386719
2025-11-26 19:43:24.409516032,s3-eth2,49.16746139526367,50.83253860473633
2025-11-26 19:43:25.410362112,s1-eth1,0.0029877471923828126,99.99701225280762
2025-11-26 19:43:25.410478080,s2-eth2,15.454859771728515,84.54514022827149
2025-11-26 19:43:25.410640896,s3-eth2,15.178951263427734,84.82104873657227
2025-11-26 19:43:26.411511808,s1-eth1,35.68224334716797,64.31775665283203
2025-11-26 19:43:26.411639040,s2-eth2,35.57490158081055,64.42509841918945
2025-11-26 19:43:26.411804928,s3-eth2,0.0029877471923828126,99.99701225280762
2025-11-26 19:43:27.412656896,s1-eth1,74.09228515625,25.90771484375
2025-11-26 19:43:27.412782848,s2-eth2,30.222349166870117,69.77765083312988
2025-11-26 19:43:27.412942848,s3-eth2,0.0029877471923828126,99.99701225280762
2025-11-26 19:43:28.413774848,s1-eth1,20.78313446044922,79.21686553955078
2025-11-26 19:43:28.413896960,s2-eth2,0.0029877471923828126,99.99701225280762
2025-11-26 19:43:28.414043904,s3-eth2,0.0029877471923828126,99.99701225280762
2025-11-26 19:43:29.415119872,s1-eth1,0.0029877471923828126,99.99701225280762
2025-11-26 19:43:29.415239168,s2-eth2,62.837738037109375,37.162261962890625
2025-11-26 19:43:29.415400960,s3-eth2,0.0029877471923828126,99.99701225280762
2025-11-26 19:43:30.416294144,s1-eth1,0.0036279296875,99.9963720703125
2025-11-26 19:43:30.416412160,s2-eth2,2.186739959716797,97.8132600402832
2025-11-26 19:43:30.416569856,s3-eth2,0.0036279296875,99.9963720703125
2025-11-26 19:43:31.417423104,s1-eth1,0.0029877471923828126,99.99701225280762
2025-11-26 19:43:31.417527808,s2-eth2,0.0029877471923828126,99.99701225280762
2025-11-26 19:43:31.417680896,s3-eth2,0.007454071044921875,99.99254592895508
2025-11-26 19:43:32.418536960,s1-eth1,0.0029877471923828126,99.99701225280762
2025-11-26 19:43:32.418642944,s2-eth2,0.0036279296875,99.9963720703125
2025-11-26 19:43:32.418801920,s3-eth2,69.52189636230469,30.478103637695312
2025-11-26 19:43:33.419795968,s1-eth1,0.0029877471923828126,99.99701225280762
2025-11-26 19:43:33.419917056,s2-eth2,52.58177185058594,47.41822814941406
2025-11-26 19:43:33.420078080,s3-eth2,0.0029877471923828126,99.99701225280762
2025-11-26 19:43:34.421035008,s1-eth1,0.0029877471923828126,99.99701225280762
2025-11-26 19:43:34.421155840,s2-eth2,12.444198608398438,87.55580139160156
2025-11-26 19:43:34.421325824,s3-eth2,0.0029877471923828126,99.99701225280762
2025-11-26 19:43:35.422183936,s1-eth1,0.0029877471923828126,99.99701225280762
2025-11-26 19:43:35.422295040,s2-eth2,0.0029877471923828126,99.99701225280762
2025-11-26 19:43:35.422450176,s3-eth2,0.0029877471923828126,99.99701225280762
2025-11-26 19:43:36.423316992,s1-eth1,0.0029877471923828126,99.99701225280762
2025-11-26 19:43:36.423420928,s2-eth2,0.0029877471923828126,99.99701225280762
2025-11-26 19:43:36.423568128,s3-eth2,0.0029877471923828126,99.99701225280762
2025-11-26 19:43:37.424521984,s1-eth1,64.80255126953125,35.19744873046875
2025-11-26 19:43:37.424637952,s2-eth2,64.5838394165039,35.416160583496094
2025-11-26 19:43:37.424819968,s3-eth2,59.764488220214844,40.235511779785156
2025-11-26 19:43:38.425729024,s1-eth1,68.07870483398438,31.921295166015625
2025-11-26 19:43:38.425856000,s2-eth2,68.29741668701172,31.70258331298828
2025-11-26 19:43:38.426022144,s3-eth2,77.68245697021484,22.317543029785156
2025-11-26 19:43:39.427056128,s1-eth1,0.012408218383789062,99.98759178161622
2025-11-26 19:43:39.427182080,s2-eth2,67.3444595336914,32.655540466308594
2025-11-26 19:43:39.427348992,s3-eth2,0.012911300659179687,99.98708869934082
2025-11-26 19:43:40.428178944,s1-eth1,0.0029877471923828126,99.99701225280762
2025-11-26 19:43:40.428299008,s2-eth2,1.9089492797851562,98.09105072021484
2025-11-26 19:43:40.428462080,s3-eth2,0.0029877471923828126,99.99701225280762
2025-11-26 19:43:41.429267968,s1-eth1,0.0029877471923828126,99.99701225280762
2025-11-26 19:43:41.429382912,s2-eth2,0.0029877471923828126,99.99701225280762
2025-11-26 19:43:41.429528832,s3-eth2,0.0029877471923828126,99.99701225280762
2025-11-26 19:43:42.430327808,s1-eth1,0.0029877471923828126,99.99701225280762
2025-11-26 19:43:42.430443008,s2-eth2,0.0036279296875,99.9963720703125
2025-11-26 19:43:42.430587904,s3-eth2,0.0036279296875,99.9963720703125
2025-11-26 19:43:43.431410944,s1-eth1,0.0029877471923828126,99.99701225280762
2025-11-26 19:43:43.431524864,s2-eth2,0.0029877471923828126,99.99701225280762
2025-11-26 19:43:43.431670784,s3-eth2,0.0029877471923828126,99.99701225280762
2025-11-26 19:43:44.432473856,s1-eth1,0.0029877471923828126,99.99701225280762
2025-11-26 19:43:44.432576768,s2-eth2,0.0029877471923828126,99.99701225280762
2025-11-26 19:43:44.432738048,s3-eth2,0.0029877471923828126,99.99701225280762
2025-11-26 19:43:45.433553920,s1-eth1,0.0029877471923828126,99.99701225280762
2025-11-26 19:43:45.433662976,s2-eth2,60.5979118347168,39.4020881652832
2025-11-26 19:43:45.433841920,s3-eth2,0.0029877471923828126,99.99701225280762
2025-11-26 19:43:46.434668032,s1-eth1,40.781150817871094,59.218849182128906
2025-11-26 19:43:46.434804992,s2-eth2,4.137403030395507,95.8625969696045
2025-11-26 19:43:46.435000832,s3-eth2,0.0029877471923828126,99.99701225280762
2025-11-26 19:43:47.435847936,s1-eth1,25.31918716430664,74.68081283569336
2025-11-26 19:43:47.435981056,s2-eth2,0.0029877471923828126,99.99701225280762
2025-11-26 19:43:47.436130048,s3-eth2,0.0029877471923828126,99.99701225280762
2025-11-26 19:43:48.436680192,s1-eth1,55.62705993652344,44.37294006347656
2025-11-26 19:43:48.436729856,s2-eth2,0.00299072265625,99.99700927734375
2025-11-26 19:43:48.436785920,s3-eth2,0.00299072265625,99.99700927734375
2025-11-26 19:43:49.437465856,s1-eth1,50.69444274902344,49.30555725097656
2025-11-26 19:43:49.437603840,s2-eth2,38.33721923828125,61.66278076171875
2025-11-26 19:43:49.437760000,s3-eth2,0.00299072265625,99.99700927734375
2025-11-26 19:43:50.438604032,s1-eth1,28.10797882080078,71.89202117919922
2025-11-26 19:43:50.438723072,s2-eth2,27.498464584350586,72.50153541564941
2025-11-26 19:43:50.438894080,s3-eth2,0.0029877471923828126,99.99701225280762
2025-11-26 19:43:51.439728896,s1-eth1,0.0029877471923828126,99.99701225280762
2025-11-26 19:43:51.439834112,s2-eth2,0.0029877471923828126,99.99701225280762
2025-11-26 19:43:51.439980032,s3-eth2,0.0029877471923828126,99.99701225280762
2025-11-26 19:43:52.440804864,s1-eth1,0.0029877471923828126,99.99701225280762
2025-11-26 19:43:52.440908800,s2-eth2,0.0029877471923828126,99.99701225280762
2025-11-26 19:43:52.441054976,s3-eth2,0.0029877471923828126,99.99701225280762
2025-11-26 19:43:53.441981952,s1-eth1,39.89321517944336,60.10678482055664
2025-11-26 19:43:53.442092800,s2-eth2,0.0029877471923828126,99.99701225280762
2025-11-26 19:43:53.442251008,s3-eth2,0.0029877471923828126,99.99701225280762
2025-11-26 19:43:54.443175168,s1-eth1,25.5972900390625,74.4027099609375
2025-11-26 19:43:54.443283968,s2-eth2,0.0029877471923828126,99.99701225280762
2025-11-26 19:43:54.443442176,s3-eth2,0.0029877471923828126,99.99701225280762
2025-11-26 19:43:55.444288000,s1-eth1,0.0029877471923828126,99.99701225280762
2025-11-26 19:43:55.444392960,s2-eth2,0.0029877471923828126,99.99701225280762
2025-11-26 19:43:55.444539136,s3-eth2,0.0029877471923828126,99.99701225280762
2025-11-26 19:43:56.445360896,s1-eth1,0.0036279296875,99.9963720703125
2025-11-26 19:43:56.445466112,s2-eth2,0.0029877471923828126,99.99701225280762
2025-11-26 19:43:56.445612800,s3-eth2,0.0029877471923828126,99.99701225280762
2025-11-26 19:43:57.446418944,s1-eth1,0.0029877471923828126,99.99701225280762
2025-11-26 19:43:57.446533888,s2-eth2,0.0029877471923828126,99.99701225280762
2025-11-26 19:43:57.446679040,s3-eth2,0.0029877471923828126,99.99701225280762
2025-11-26 19:43:58.447508992,s1-eth1,0.0042681884765625,99.99573181152344
2025-11-26 19:43:58.447624960,s2-eth2,0.0042681884765625,99.99573181152344
2025-11-26 19:43:58.447771136,s3-eth2,0.0042681884765625,99.99573181152344
2025-11-26 19:43:59.448580096,s1-eth1,0.0029877471923828126,99.99701225280762
2025-11-26 19:43:59.448695808,s2-eth2,0.0029877471923828126,99.99701225280762
2025-11-26 19:43:59.448841984,s3-eth2,0.0029877471923828126,99.99701225280762
2025-11-26 19:44:00.449801984,s1-eth1,52.94871520996094,47.05128479003906
2025-11-26 19:44:00.449928960,s2-eth2,52.72986602783203,47.27013397216797
2025-11-26 19:44:00.450084864,s3-eth2,52.5643196105957,47.4356803894043
2025-11-26 19:44:01.450978048,s1-eth1,15.157976150512695,84.8420238494873
2025-11-26 19:44:01.451108864,s2-eth2,15.37544059753418,84.62455940246582
2025-11-26 19:44:01.451265024,s3-eth2,15.54098602294922,84.45901397705077
2025-11-26 19:44:02.452130048,s1-eth1,0.0029877471923828126,99.99701225280762
2025-11-26 19:44:02.452233984,s2-eth2,0.0029877471923828126,99.99701225280762
2025-11-26 19:44:02.452379904,s3-eth2,0.0029877471923828126,99.99701225280762
2025-11-26 19:44:03.453336832,s1-eth1,40.3045768737793,59.6954231262207
2025-11-26 19:44:03.453459968,s2-eth2,40.869441986083984,59.130558013916016
2025-11-26 19:44:03.453624064,s3-eth2,0.0029877471923828126,99.99701225280762
2025-11-26 19:44:04.454555136,s1-eth1,24.594432830810547,75.40556716918945
2025-11-26 19:44:04.454675968,s2-eth2,24.030315399169922,75.96968460083008
2025-11-26 19:44:04.454835968,s3-eth2,0.0029877471923828126,99.99701225280762
2025-11-26 19:44:05.455876096,s1-eth1,0.0037346649169921874,99.99626533508301
2025-11-26 19:44:05.455981056,s2-eth2,0.0029877471923828126,99.99701225280762
2025-11-26 19:44:05.456128000,s3-eth2,0.0029877471923828126,99.99701225280762
2025-11-26 19:44:06.457073920,s1-eth1,0.0029877471923828126,99.99701225280762
2025-11-26 19:44:06.457180928,s2-eth2,0.0029877471923828126,99.99701225280762
2025-11-26 19:44:06.457328128,s3-eth2,0.0029877471923828126,99.99701225280762
2025-11-26 19:44:07.458260992,s1-eth1,0.0029877471923828126,99.99701225280762
2025-11-26 19:44:07.458365952,s2-eth2,0.0029877471923828126,99.99701225280762
2025-11-26 19:44:07.458513920,s3-eth2,0.0029877471923828126,99.99701225280762
2025-11-26 19:44:08.459458048,s1-eth1,0.0029877471923828126,99.99701225280762
2025-11-26 19:44:08.459563008,s2-eth2,0.0029877471923828126,99.99701225280762
2025-11-26 19:44:08.459713024,s3-eth2,0.0029877471923828126,99.99701225280762
2025-11-26 19:44:09.460621056,s1-eth1,0.0029877471923828126,99.99701225280762
2025-11-26 19:44:09.460724992,s2-eth2,0.0029877471923828126,99.99701225280762
2025-11-26 19:44:09.460873984,s3-eth2,0.0029877471923828126,99.99701225280762
2025-11-26 19:44:10.461932032,s1-eth1,0.0029877471923828126,99.99701225280762
2025-11-26 19:44:10.462036992,s2-eth2,0.0029877471923828126,99.99701225280762
2025-11-26 19:44:10.462187008,s3-eth2,0.0029877471923828126,99.99701225280762
2025-11-26 19:44:11.463054848,s1-eth1,0.0029877471923828126,99.99701225280762
2025-11-26 19:44:11.463159040,s2-eth2,0.0029877471923828126,99.99701225280762
2025-11-26 19:44:11.463307008,s3-eth2,0.0029877471923828126,99.99701225280762
2025-11-26 19:44:12.464173056,s1-eth1,0.0029877471923828126,99.99701225280762
2025-11-26 19:44:12.464294912,s2-eth2,46.88187789916992,53.11812210083008
2025-11-26 19:44:12.464452096,s3-eth2,46.66114807128906,53.33885192871094
2025-11-26 19:44:13.465310208,s1-eth1,0.0029877471923828126,99.99701225280762
2025-11-26 19:44:13.465428224,s2-eth2,17.464515686035156,82.53548431396484
2025-11-26 19:44:13.465584128,s3-eth2,17.68524169921875,82.31475830078125
2025-11-26 19:44:14.466480128,s1-eth1,0.0029877471923828126,99.99701225280762
2025-11-26 19:44:14.466584832,s2-eth2,0.0029877471923828126,99.99701225280762
2025-11-26 19:44:14.466732032,s3-eth2,0.0029877471923828126,99.99701225280762
2025-11-26 19:44:15.467740928,s1-eth1,0.0029877471923828126,99.99701225280762
2025-11-26 19:44:15.467844864,s2-eth2,0.0029877471923828126,99.99701225280762
2025-11-26 19:44:15.467991040,s3-eth2,0.0029877471923828126,99.99701225280762
2025-11-26 19:44:16.468843008,s1-eth1,0.0029877471923828126,99.99701225280762
2025-11-26 19:44:16.468945920,s2-eth2,0.0029877471923828126,99.99701225280762
2025-11-26 19:44:16.469093120,s3-eth2,0.0029877471923828126,99.99701225280762
2025-11-26 19:44:17.469913088,s1-eth1,0.0029877471923828126,99.99701225280762
2025-11-26 19:44:17.470016000,s2-eth2,0.0029877471923828126,99.99701225280762
2025-11-26 19:44:17.470163200,s3-eth2,0.0029877471923828126,99.99701225280762
2025-11-26 19:44:18.471007232,s1-eth1,44.379085540771484,55.620914459228516
2025-11-26 19:44:18.471122944,s2-eth2,0.0029877471923828126,99.99701225280762
2025-11-26 19:44:18.471267840,s3-eth2,0.0029877471923828126,99.99701225280762
2025-11-26 19:44:19.472152064,s1-eth1,75.93917083740234,24.060829162597656
2025-11-26 19:44:19.472281856,s2-eth2,4.612620849609375,95.38737915039063
2025-11-26 19:44:19.472440832,s3-eth2,0.0036279296875,99.9963720703125
2025-11-26 19:44:20.473443072,s1-eth1,80.51226806640625,19.48773193359375
2025-11-26 19:44:20.473570048,s2-eth2,61.38098907470703,38.61901092529297
2025-11-26 19:44:20.473728768,s3-eth2,0.0029877471923828126,99.99701225280762
2025-11-26 19:44:21.474586880,s1-eth1,6.7062225341796875,93.29377746582031
2025-11-26 19:44:21.474706944,s2-eth2,6.925074081420899,93.0749259185791
2025-11-26 19:44:21.474878976,s3-eth2,0.0036279296875,99.9963720703125
2025-11-26 19:44:22.475795968,s1-eth1,0.0029877471923828126,99.99701225280762
2025-11-26 19:44:22.475917056,s2-eth2,62.113975524902344,37.886024475097656
2025-11-26 19:44:22.476079872,s3-eth2,0.0029877471923828126,99.99701225280762
2025-11-26 19:44:23.476953088,s1-eth1,0.0029877471923828126,99.99701225280762
2025-11-26 19:44:23.477070080,s2-eth2,2.910564651489258,97.08943534851075
2025-11-26 19:44:23.477227008,s3-eth2,0.0029877471923828126,99.99701225280762
2025-11-26 19:44:24.478085120,s1-eth1,0.0029877471923828126,99.99701225280762
2025-11-26 19:44:24.478209024,s2-eth2,48.278018951416016,51.721981048583984
2025-11-26 19:44:24.478363904,s3-eth2,48.49824142456055,51.50175857543945
2025-11-26 19:44:25.479304192,s1-eth1,0.0029877471923828126,99.99701225280762
2025-11-26 19:44:25.479428096,s2-eth2,16.068275451660156,83.93172454833984
2025-11-26 19:44:25.479584000,s3-eth2,15.84805206298828,84.15194793701173
2025-11-26 19:44:26.480467968,s1-eth1,5.297299880981445,94.70270011901856
2025-11-26 19:44:26.480582912,s2-eth2,0.0029877471923828126,99.99701225280762
2025-11-26 19:44:26.480740096,s3-eth2,0.0029877471923828126,99.99701225280762
2025-11-26 19:44:27.481693952,s1-eth1,64.1717758178711,35.828224182128906
2025-11-26 19:44:27.481817088,s2-eth2,56.09407043457031,43.90592956542969
2025-11-26 19:44:27.481990144,s3-eth2,0.0036279296875,99.9963720703125
2025-11-26 19:44:28.482909952,s1-eth1,0.009603424072265625,99.99039657592773
2025-11-26 19:44:28.483028992,s2-eth2,8.931017913818359,91.06898208618165
2025-11-26 19:44:28.483191040,s3-eth2,0.004115753173828125,99.99588424682617
2025-11-26 19:44:29.484047872,s1-eth1,0.0029877471923828126,99.99701225280762
2025-11-26 19:44:29.484152064,s2-eth2,0.0029877471923828126,99.99701225280762
2025-11-26 19:44:29.484307968,s3-eth2,69.52459716796875,30.47540283203125
2025-11-26 19:44:30.485325056,s1-eth1,0.0029877471923828126,99.99701225280762
2025-11-26 19:44:30.485428992,s2-eth2,0.0029877471923828126,99.99701225280762
2025-11-26 19:44:30.485573888,s3-eth2,0.0029877471923828126,99.99701225280762
2025-11-26 19:44:31.486439936,s1-eth1,0.0029877471923828126,99.99701225280762
2025-11-26 19:44:31.486548992,s2-eth2,64.72200775146484,35.277992248535156
2025-11-26 19:44:31.486729984,s3-eth2,53.18326950073242,46.81673049926758
2025-11-26 19:44:32.487601920,s1-eth1,0.0033078765869140624,99.99669212341308
2025-11-26 19:44:32.487709952,s2-eth2,0.012789306640625,99.98721069335937
2025-11-26 19:44:32.487880960,s3-eth2,16.345304489135742,83.65469551086426
2025-11-26 19:44:33.488709888,s1-eth1,0.0033078765869140624,99.99669212341308
2025-11-26 19:44:33.488833024,s2-eth2,0.0036279296875,99.9963720703125
2025-11-26 19:44:33.488987904,s3-eth2,0.0036279296875,99.9963720703125
2025-11-26 19:44:34.489913088,s1-eth1,46.58848190307617,53.41151809692383
2025-11-26 19:44:34.490052864,s2-eth2,47.2306022644043,52.7693977355957
2025-11-26 19:44:34.490220032,s3-eth2,47.45132827758789,52.54867172241211
2025-11-26 19:44:35.491318016,s1-eth1,19.50023078918457,80.49976921081543
2025-11-26 19:44:35.491433984,s2-eth2,18.858110427856445,81.14188957214355
2025-11-26 19:44:35.491591936,s3-eth2,18.63738441467285,81.36261558532715
2025-11-26 19:44:36.492450048,s1-eth1,0.0029877471923828126,99.99701225280762
2025-11-26 19:44:36.492553984,s2-eth2,0.0029877471923828126,99.99701225280762
2025-11-26 19:44:36.492698880,s3-eth2,0.0029877471923828126,99.99701225280762
2025-11-26 19:44:37.493549056,s1-eth1,0.0029877471923828126,99.99701225280762
2025-11-26 19:44:37.493655808,s2-eth2,0.0029877471923828126,99.99701225280762
2025-11-26 19:44:37.493801984,s3-eth2,0.0029877471923828126,99.99701225280762
2025-11-26 19:44:38.494626048,s1-eth1,0.0029877471923828126,99.99701225280762
2025-11-26 19:44:38.494742016,s2-eth2,0.0029877471923828126,99.99701225280762
2025-11-26 19:44:38.494924032,s3-eth2,0.0029877471923828126,99.99701225280762
2025-11-26 19:44:39.495757056,s1-eth1,59.51182556152344,40.48817443847656
2025-11-26 19:44:39.495881984,s2-eth2,59.29310989379883,40.70689010620117
2025-11-26 19:44:39.496038912,s3-eth2,0.0029877471923828126,99.99701225280762
2025-11-26 19:44:40.496876032,s1-eth1,5.979273300170899,94.0207266998291
2025-11-26 19:44:40.496999936,s2-eth2,66.291748046875,33.708251953125
2025-11-26 19:44:40.497165824,s3-eth2,0.0029877471923828126,99.99701225280762
2025-11-26 19:44:41.497996032,s1-eth1,0.0036279296875,99.9963720703125
2025-11-26 19:44:41.498106112,s2-eth2,4.638031921386719,95.36196807861329
2025-11-26 19:44:41.498269952,s3-eth2,0.0029877471923828126,99.99701225280762
2025-11-26 19:44:42.499147008,s1-eth1,54.69181442260742,45.30818557739258
2025-11-26 19:44:42.499260928,s2-eth2,0.0029877471923828126,99.99701225280762
2025-11-26 19:44:42.499406080,s3-eth2,0.0029877471923828126,99.99701225280762
2025-11-26 19:44:43.500248832,s1-eth1,13.948835372924805,86.0511646270752
2025-11-26 19:44:43.500364032,s2-eth2,0.0029877471923828126,99.99701225280762
2025-11-26 19:44:43.500509952,s3-eth2,0.0029877471923828126,99.99701225280762
2025-11-26 19:44:44.501344000,s1-eth1,40.66978073120117,59.33021926879883
2025-11-26 19:44:44.501466880,s2-eth2,0.0029877471923828126,99.99701225280762
2025-11-26 19:44:44.501612800,s3-eth2,0.0029877471923828126,99.99701225280762
2025-11-26 19:44:45.502608896,s1-eth1,25.430517196655273,74.56948280334473
2025-11-26 19:44:45.502729984,s2-eth2,0.0029877471923828126,99.99701225280762
2025-11-26 19:44:45.502889984,s3-eth2,0.0029877471923828126,99.99701225280762
2025-11-26 19:44:46.503717888,s1-eth1,0.0029877471923828126,99.99701225280762
2025-11-26 19:44:46.503822080,s2-eth2,0.0029877471923828126,99.99701225280762
2025-11-26 19:44:46.503968000,s3-eth2,0.0029877471923828126,99.99701225280762
2025-11-26 19:44:47.504792064,s1-eth1,0.0036279296875,99.9963720703125
2025-11-26 19:44:47.504896000,s2-eth2,0.0029877471923828126,99.99701225280762
2025-11-26 19:44:47.505042176,s3-eth2,0.0029877471923828126,99.99701225280762
2025-11-26 19:44:48.505868800,s1-eth1,37.29961395263672,62.70038604736328
2025-11-26 19:44:48.505987840,s2-eth2,37.96430969238281,62.03569030761719
2025-11-26 19:44:48.506146048,s3-eth2,0.0029877471923828126,99.99701225280762
2025-11-26 19:44:49.507124992,s1-eth1,28.497587203979492,71.50241279602051
2025-11-26 19:44:49.507247872,s2-eth2,27.83289337158203,72.16710662841797
2025-11-26 19:44:49.507438848,s3-eth2,0.0029877471923828126,99.99701225280762
2025-11-26 19:44:50.508507904,s1-eth1,0.0029877471923828126,99.99701225280762
2025-11-26 19:44:50.508611840,s2-eth2,0.0029877471923828126,99.99701225280762
2025-11-26 19:44:50.508758016,s3-eth2,0.0029877471923828126,99.99701225280762
2025-11-26 19:44:51.509622016,s1-eth1,0.0029877471923828126,99.99701225280762
2025-11-26 19:44:51.509725952,s2-eth2,0.0029877471923828126,99.99701225280762
2025-11-26 19:44:51.509871872,s3-eth2,0.0029877471923828126,99.99701225280762
2025-11-26 19:44:52.510696960,s1-eth1,0.0029877471923828126,99.99701225280762
2025-11-26 19:44:52.510801152,s2-eth2,0.0029877471923828126,99.99701225280762
2025-11-26 19:44:52.510960128,s3-eth2,0.0029877471923828126,99.99701225280762
2025-11-26 19:44:53.511889920,s1-eth1,40.17163848876953,59.82836151123047
2025-11-26 19:44:53.512001024,s2-eth2,0.0029877471923828126,99.99701225280762
2025-11-26 19:44:53.512159232,s3-eth2,0.0029877471923828126,99.99701225280762
2025-11-26 19:44:54.513075200,s1-eth1,25.319599151611328,74.68040084838867
2025-11-26 19:44:54.513183232,s2-eth2,0.0029877471923828126,99.99701225280762
2025-11-26 19:44:54.513339136,s3-eth2,0.0029877471923828126,99.99701225280762
2025-11-26 19:44:55.514210048,s1-eth1,0.0029877471923828126,99.99701225280762
2025-11-26 19:44:55.514313984,s2-eth2,0.0029877471923828126,99.99701225280762
2025-11-26 19:44:55.514460928,s3-eth2,0.0029877471923828126,99.99701225280762
2025-11-26 19:44:56.515356160,s1-eth1,0.0036279296875,99.9963720703125
2025-11-26 19:44:56.515460096,s2-eth2,0.0036279296875,99.9963720703125
2025-11-26 19:44:56.515608064,s3-eth2,0.0036279296875,99.9963720703125
2025-11-26 19:44:57.516484864,s1-eth1,0.0029877471923828126,99.99701225280762
2025-11-26 19:44:57.516590080,s2-eth2,0.0029877471923828126,99.99701225280762
2025-11-26 19:44:57.516736000,s3-eth2,0.0029877471923828126,99.99701225280762
2025-11-26 19:44:58.517633024,s1-eth1,0.0029877471923828126,99.99701225280762
2025-11-26 19:44:58.517737984,s2-eth2,0.0029877471923828126,99.99701225280762
2025-11-26 19:44:58.517887232,s3-eth2,0.0029877471923828126,99.99701225280762
2025-11-26 19:44:59.518760960,s1-eth1,0.0029877471923828126,99.99701225280762
2025-11-26 19:44:59.518877952,s2-eth2,0.0029877471923828126,99.99701225280762
2025-11-26 19:44:59.519025152,s3-eth2,0.0029877471923828126,99.99701225280762
2025-11-26 19:45:00.520046080,s1-eth1,0.0029877471923828126,99.99701225280762
2025-11-26 19:45:00.520150784,s2-eth2,0.0036279296875,99.9963720703125
2025-11-26 19:45:00.520297984,s3-eth2,0.0036279296875,99.9963720703125
2025-11-26 19:45:01.521160960,s1-eth1,52.469993591308594,47.530006408691406
2025-11-26 19:45:01.521275904,s2-eth2,52.362648010253906,47.637351989746094
2025-11-26 19:45:01.521431808,s3-eth2,52.03055191040039,47.96944808959961
2025-11-26 19:45:02.522290944,s1-eth1,13.618721008300781,86.38127899169922
2025-11-26 19:45:02.522404864,s2-eth2,13.726066589355469,86.27393341064453
2025-11-26 19:45:02.522561024,s3-eth2,14.05816177368164,85.94183822631837
2025-11-26 19:45:03.523403776,s1-eth1,0.0029877471923828126,99.99701225280762
2025-11-26 19:45:03.523507200,s2-eth2,0.0029877471923828126,99.99701225280762
2025-11-26 19:45:03.523652096,s3-eth2,0.0029877471923828126,99.99701225280762
2025-11-26 19:45:04.524487936,s1-eth1,0.0029877471923828126,99.99701225280762
2025-11-26 19:45:04.524591872,s2-eth2,0.0029877471923828126,99.99701225280762
2025-11-26 19:45:04.524739072,s3-eth2,0.0029877471923828126,99.99701225280762
2025-11-26 19:45:05.525614080,s1-eth1,39.89321517944336,60.10678482055664
2025-11-26 19:45:05.525725952,s2-eth2,40.55790710449219,59.44209289550781
2025-11-26 19:45:05.525882880,s3-eth2,0.0029877471923828126,99.99701225280762
2025-11-26 19:45:06.526854144,s1-eth1,25.598037719726562,74.40196228027344
2025-11-26 19:45:06.526979072,s2-eth2,81.86019897460938,18.139801025390625
2025-11-26 19:45:06.527142144,s3-eth2,0.0036279296875,99.9963720703125
2025-11-26 19:45:07.528070912,s1-eth1,0.0029877471923828126,99.99701225280762
2025-11-26 19:45:07.528197888,s2-eth2,8.095352172851562,91.90464782714844
2025-11-26 19:45:07.528357888,s3-eth2,0.0029877471923828126,99.99701225280762
2025-11-26 19:45:08.529267968,s1-eth1,0.0036279296875,99.9963720703125
2025-11-26 19:45:08.529383936,s2-eth2,0.0036279296875,99.9963720703125
2025-11-26 19:45:08.529534208,s3-eth2,0.0036279296875,99.9963720703125
2025-11-26 19:45:09.530426880,s1-eth1,0.0029877471923828126,99.99701225280762
2025-11-26 19:45:09.530530816,s2-eth2,0.0029877471923828126,99.99701225280762
2025-11-26 19:45:09.530676992,s3-eth2,0.0029877471923828126,99.99701225280762
2025-11-26 19:45:10.531766016,s1-eth1,0.0029877471923828126,99.99701225280762
2025-11-26 19:45:10.531872000,s2-eth2,0.0029877471923828126,99.99701225280762
2025-11-26 19:45:10.532019968,s3-eth2,0.0029877471923828126,99.99701225280762
2025-11-26 19:45:11.532900096,s1-eth1,44.50249481201172,55.49750518798828
2025-11-26 19:45:11.533018112,s2-eth2,0.0029877471923828126,99.99701225280762
2025-11-26 19:45:11.533165824,s3-eth2,0.0029877471923828126,99.99701225280762
2025-11-26 19:45:12.534024960,s1-eth1,24.026405334472656,75.97359466552734
2025-11-26 19:45:12.534142976,s2-eth2,0.0029877471923828126,99.99701225280762
2025-11-26 19:45:12.534290176,s3-eth2,0.0029877471923828126,99.99701225280762
2025-11-26 19:45:13.535140864,s1-eth1,0.0029877471923828126,99.99701225280762
2025-11-26 19:45:13.535245824,s2-eth2,0.0029877471923828126,99.99701225280762
2025-11-26 19:45:13.535390976,s3-eth2,0.0029877471923828126,99.99701225280762
2025-11-26 19:45:14.536235008,s1-eth1,0.0029877471923828126,99.99701225280762
2025-11-26 19:45:14.536349184,s2-eth2,0.0029877471923828126,99.99701225280762
2025-11-26 19:45:14.536494848,s3-eth2,0.0029877471923828126,99.99701225280762
2025-11-26 19:45:15.537511936,s1-eth1,0.0029877471923828126,99.99701225280762
2025-11-26 19:45:15.537635072,s2-eth2,46.982208251953125,53.017791748046875
2025-11-26 19:45:15.537792000,s3-eth2,46.772518157958984,53.227481842041016
2025-11-26 19:45:16.538656000,s1-eth1,0.0029877471923828126,99.99701225280762
2025-11-26 19:45:16.538772992,s2-eth2,65.36030578613281,34.63969421386719
2025-11-26 19:45:16.538942976,s3-eth2,65.73503875732422,34.26496124267578
2025-11-26 19:45:17.539793920,s1-eth1,0.0029877471923828126,99.99701225280762
2025-11-26 19:45:17.539910144,s2-eth2,16.347293853759766,83.65270614624023
2025-11-26 19:45:17.540077056,s3-eth2,16.1822509765625,83.8177490234375
2025-11-26 19:45:18.540908032,s1-eth1,0.0029877471923828126,99.99701225280762
2025-11-26 19:45:18.541011968,s2-eth2,0.0029877471923828126,99.99701225280762
2025-11-26 19:45:18.541168896,s3-eth2,0.0029877471923828126,99.99701225280762
2025-11-26 19:45:19.542018816,s1-eth1,0.0029877471923828126,99.99701225280762
2025-11-26 19:45:19.542136064,s2-eth2,56.09342956542969,43.90657043457031
2025-11-26 19:45:19.542308096,s3-eth2,0.0029877471923828126,99.99701225280762
2025-11-26 19:45:20.543302912,s1-eth1,0.0029877471923828126,99.99701225280762
2025-11-26 19:45:20.543417856,s2-eth2,8.931178131103515,91.06882186889649
2025-11-26 19:45:20.543586048,s3-eth2,0.0029877471923828126,99.99701225280762
2025-11-26 19:45:21.544393984,s1-eth1,0.0029877471923828126,99.99701225280762
2025-11-26 19:45:21.544496896,s2-eth2,0.0029877471923828126,99.99701225280762
2025-11-26 19:45:21.544642048,s3-eth2,0.0029877471923828126,99.99701225280762
2025-11-26 19:45:22.545465856,s1-eth1,0.0029877471923828126,99.99701225280762
2025-11-26 19:45:22.545571072,s2-eth2,0.0029877471923828126,99.99701225280762
2025-11-26 19:45:22.545715968,s3-eth2,0.0029877471923828126,99.99701225280762
2025-11-26 19:45:23.546536960,s1-eth1,0.0029877471923828126,99.99701225280762
2025-11-26 19:45:23.546639872,s2-eth2,0.0029877471923828126,99.99701225280762
2025-11-26 19:45:23.546785024,s3-eth2,0.0029877471923828126,99.99701225280762
2025-11-26 19:45:24.547624192,s1-eth1,0.0036279296875,99.9963720703125
2025-11-26 19:45:24.547728128,s2-eth2,0.0036279296875,99.9963720703125
2025-11-26 19:45:24.547874048,s3-eth2,0.0036279296875,99.9963720703125
2025-11-26 19:45:25.548852992,s1-eth1,37.06832504272461,62.93167495727539
2025-11-26 19:45:25.548963072,s2-eth2,0.0029877471923828126,99.99701225280762
2025-11-26 19:45:25.549118976,s3-eth2,0.0029877471923828126,99.99701225280762
2025-11-26 19:45:26.549961216,s1-eth1,27.830026626586914,72.16997337341309
2025-11-26 19:45:26.550070016,s2-eth2,0.0029877471923828126,99.99701225280762
2025-11-26 19:45:26.550224128,s3-eth2,0.0029877471923828126,99.99701225280762
2025-11-26 19:45:27.551070976,s1-eth1,0.0029877471923828126,99.99701225280762
2025-11-26 19:45:27.551176192,s2-eth2,0.0029877471923828126,99.99701225280762
2025-11-26 19:45:27.551321856,s3-eth2,0.0029877471923828126,99.99701225280762
2025-11-26 19:45:28.552160000,s1-eth1,0.0029877471923828126,99.99701225280762
2025-11-26 19:45:28.552273920,s2-eth2,0.0029877471923828126,99.99701225280762
2025-11-26 19:45:28.552431104,s3-eth2,0.0029877471923828126,99.99701225280762
2025-11-26 19:45:29.553275136,s1-eth1,47.41315841674805,52.58684158325195
2025-11-26 19:45:29.553398016,s2-eth2,0.0029877471923828126,99.99701225280762
2025-11-26 19:45:29.553554944,s3-eth2,0.0029877471923828126,99.99701225280762
2025-11-26 19:45:30.554414080,s1-eth1,53.25188064575195,46.74811935424805
2025-11-26 19:45:30.554541056,s2-eth2,34.40401077270508,65.59598922729492
2025-11-26 19:45:30.554708992,s3-eth2,0.0029877471923828126,99.99701225280762
2025-11-26 19:45:31.555567872,s1-eth1,31.22968101501465,68.77031898498535
2025-11-26 19:45:31.555687936,s2-eth2,31.393213272094727,68.60678672790527
2025-11-26 19:45:31.555856896,s3-eth2,0.0029877471923828126,99.99701225280762
2025-11-26 19:45:32.556673024,s1-eth1,0.0029877471923828126,99.99701225280762
2025-11-26 19:45:32.556775936,s2-eth2,0.0029877471923828126,99.99701225280762
2025-11-26 19:45:32.556932096,s3-eth2,0.0029877471923828126,99.99701225280762
2025-11-26 19:45:33.557747968,s1-eth1,0.0029877471923828126,99.99701225280762
2025-11-26 19:45:33.557851904,s2-eth2,0.0029877471923828126,99.99701225280762
2025-11-26 19:45:33.558011904,s3-eth2,0.0035517120361328123,99.99644828796387
2025-11-26 19:45:34.558593024,s1-eth1,0.003631591796875,99.99636840820312
2025-11-26 19:45:34.558636800,s2-eth2,105.63766479492188,-5.637664794921875
2025-11-26 19:45:34.558716928,s3-eth2,85.33235931396484,14.667640686035156
2025-11-26 19:45:35.559127040,s1-eth1,0.00299072265625,99.99700927734375
2025-11-26 19:45:35.559168000,s2-eth2,30.081985473632812,69.91801452636719
2025-11-26 19:45:35.559240192,s3-eth2,55.47832489013672,44.52167510986328
2025-11-26 19:45:36.559952128,s1-eth1,0.00299072265625,99.99700927734375
2025-11-26 19:45:36.560066816,s2-eth2,0.00299072265625,99.99700927734375
2025-11-26 19:45:36.560212992,s3-eth2,0.00299072265625,99.99700927734375
2025-11-26 19:45:37.561049088,s1-eth1,51.359317779541016,48.640682220458984
2025-11-26 19:45:37.561174016,s2-eth2,51.968326568603516,48.031673431396484
2025-11-26 19:45:37.561327872,s3-eth2,52.133872985839844,47.866127014160156
2025-11-26 19:45:38.561885184,s1-eth1,69.37602996826172,30.62397003173828
2025-11-26 19:45:38.561935872,s2-eth2,14.134880065917969,85.86511993408203
2025-11-26 19:45:38.561995008,s3-eth2,13.969169616699219,86.03083038330078
2025-11-26 19:45:39.562691840,s1-eth1,13.962791442871094,86.0372085571289
2025-11-26 19:45:39.562806016,s2-eth2,0.003631591796875,99.99636840820312
2025-11-26 19:45:39.562966016,s3-eth2,0.003631591796875,99.99636840820312
2025-11-26 19:45:40.563988992,s1-eth1,0.0029877471923828126,99.99701225280762
2025-11-26 19:45:40.564093184,s2-eth2,0.0029877471923828126,99.99701225280762
2025-11-26 19:45:40.564239872,s3-eth2,0.0029877471923828126,99.99701225280762
2025-11-26 19:45:41.564775936,s1-eth1,0.00299072265625,99.99700927734375
2025-11-26 19:45:41.564812032,s2-eth2,0.00299072265625,99.99700927734375
2025-11-26 19:45:41.564861952,s3-eth2,0.00299072265625,99.99700927734375
2025-11-26 19:45:42.565274112,s1-eth1,0.00299072265625,99.99700927734375
2025-11-26 19:45:42.565320960,s2-eth2,0.00299072265625,99.99700927734375
2025-11-26 19:45:42.565387008,s3-eth2,0.00299072265625,99.99700927734375
2025-11-26 19:45:43.565899008,s1-eth1,61.9344482421875,38.0655517578125
2025-11-26 19:45:43.566034176,s2-eth2,61.7149658203125,38.2850341796875
2025-11-26 19:45:43.566201856,s3-eth2,0.00299072265625,99.99700927734375
2025-11-26 19:45:44.567096064,s1-eth1,43.76723861694336,56.23276138305664
2025-11-26 19:45:44.567224064,s2-eth2,44.617584228515625,55.382415771484375
2025-11-26 19:45:44.567390976,s3-eth2,0.0029877471923828126,99.99701225280762
2025-11-26 19:45:45.568433152,s1-eth1,24.751691818237305,75.2483081817627
2025-11-26 19:45:45.568552960,s2-eth2,24.120609283447266,75.87939071655273
2025-11-26 19:45:45.568711168,s3-eth2,0.0029877471923828126,99.99701225280762
2025-11-26 19:45:46.569581056,s1-eth1,38.8678092956543,61.1321907043457
2025-11-26 19:45:46.569689088,s2-eth2,0.0029877471923828126,99.99701225280762
2025-11-26 19:45:46.569842944,s3-eth2,0.0029877471923828126,99.99701225280762
2025-11-26 19:45:47.570787840,s1-eth1,66.39810943603516,33.601890563964844
2025-11-26 19:45:47.570928128,s2-eth2,0.0029877471923828126,99.99701225280762
2025-11-26 19:45:47.571085824,s3-eth2,0.0029877471923828126,99.99701225280762
2025-11-26 19:45:48.571938048,s1-eth1,26.323028564453125,73.67697143554688
2025-11-26 19:45:48.572058880,s2-eth2,0.0029877471923828126,99.99701225280762
2025-11-26 19:45:48.572205056,s3-eth2,0.0029877471923828126,99.99701225280762
2025-11-26 19:45:49.573038080,s1-eth1,0.0036279296875,99.9963720703125
2025-11-26 19:45:49.573144064,s2-eth2,0.0036279296875,99.9963720703125
2025-11-26 19:45:49.573291008,s3-eth2,0.0036279296875,99.9963720703125
2025-11-26 19:45:50.574283008,s1-eth1,0.0029877471923828126,99.99701225280762
2025-11-26 19:45:50.574385920,s2-eth2,0.0029877471923828126,99.99701225280762
2025-11-26 19:45:50.574532096,s3-eth2,0.0029877471923828126,99.99701225280762
2025-11-26 19:45:51.575372032,s1-eth1,51.63371658325195,48.36628341674805
2025-11-26 19:45:51.575484160,s2-eth2,51.47068786621094,48.52931213378906
2025-11-26 19:45:51.575636992,s3-eth2,51.139095306396484,48.860904693603516
2025-11-26 19:45:52.576478976,s1-eth1,14.454882659912109,85.5451173400879
2025-11-26 19:45:52.576591104,s2-eth2,14.617912292480469,85.38208770751953
2025-11-26 19:45:52.576744960,s3-eth2,14.949505767822266,85.05049423217773
2025-11-26 19:45:53.577581056,s1-eth1,0.0036279296875,99.9963720703125
2025-11-26 19:45:53.577686016,s2-eth2,0.0042681884765625,99.99573181152344
2025-11-26 19:45:53.577830912,s3-eth2,0.0042681884765625,99.99573181152344
2025-11-26 19:45:54.578650112,s1-eth1,0.0029877471923828126,99.99701225280762
2025-11-26 19:45:54.578754048,s2-eth2,0.0029877471923828126,99.99701225280762
2025-11-26 19:45:54.578913024,s3-eth2,0.0029877471923828126,99.99701225280762
2025-11-26 19:45:55.579879168,s1-eth1,0.0029877471923828126,99.99701225280762
2025-11-26 19:45:55.579983872,s2-eth2,0.0029877471923828126,99.99701225280762
2025-11-26 19:45:55.580130048,s3-eth2,0.0029877471923828126,99.99701225280762
2025-11-26 19:45:56.580988928,s1-eth1,0.0029877471923828126,99.99701225280762
2025-11-26 19:45:56.581094912,s2-eth2,0.0029877471923828126,99.99701225280762
2025-11-26 19:45:56.581242112,s3-eth2,0.0029877471923828126,99.99701225280762
2025-11-26 19:45:57.582096128,s1-eth1,0.0029877471923828126,99.99701225280762
2025-11-26 19:45:57.582199040,s2-eth2,0.0029877471923828126,99.99701225280762
2025-11-26 19:45:57.582344960,s3-eth2,0.0029877471923828126,99.99701225280762
2025-11-26 19:45:58.583184128,s1-eth1,0.0029877471923828126,99.99701225280762
2025-11-26 19:45:58.583288064,s2-eth2,0.0029877471923828126,99.99701225280762
2025-11-26 19:45:58.583433984,s3-eth2,0.0029877471923828126,99.99701225280762
2025-11-26 19:45:59.584273152,s1-eth1,0.0029877471923828126,99.99701225280762
2025-11-26 19:45:59.584377088,s2-eth2,0.0029877471923828126,99.99701225280762
2025-11-26 19:45:59.584523008,s3-eth2,0.0029877471923828126,99.99701225280762
2025-11-26 19:46:00.585513984,s1-eth1,0.0029877471923828126,99.99701225280762
2025-11-26 19:46:00.585618944,s2-eth2,0.0029877471923828126,99.99701225280762
2025-11-26 19:46:00.585764864,s3-eth2,0.0029877471923828126,99.99701225280762
2025-11-26 19:46:01.586618880,s1-eth1,0.0029877471923828126,99.99701225280762
2025-11-26 19:46:01.586723072,s2-eth2,0.0029877471923828126,99.99701225280762
2025-11-26 19:46:01.586884864,s3-eth2,0.0029877471923828126,99.99701225280762
2025-11-26 19:46:02.587728128,s1-eth1,0.0029877471923828126,99.99701225280762
2025-11-26 19:46:02.587832064,s2-eth2,0.0029877471923828126,99.99701225280762
2025-11-26 19:46:02.587979008,s3-eth2,0.0029877471923828126,99.99701225280762
2025-11-26 19:46:03.588919040,s1-eth1,0.0029877471923828126,99.99701225280762
2025-11-26 19:46:03.589046016,s2-eth2,48.501258850097656,51.498741149902344
2025-11-26 19:46:03.589206016,s3-eth2,48.77716827392578,51.22283172607422
2025-11-26 19:46:04.590134016,s1-eth1,0.0029877471923828126,99.99701225280762
2025-11-26 19:46:04.590257920,s2-eth2,15.84514045715332,84.15485954284668
2025-11-26 19:46:04.590415104,s3-eth2,15.569232025146484,84.43076797485352
2025-11-26 19:46:05.591471872,s1-eth1,0.0029877471923828126,99.99701225280762
2025-11-26 19:46:05.591578112,s2-eth2,0.0036279296875,99.9963720703125
2025-11-26 19:46:05.591726080,s3-eth2,0.0036279296875,99.9963720703125
2025-11-26 19:46:06.592591104,s1-eth1,0.0029877471923828126,99.99701225280762
2025-11-26 19:46:06.592695040,s2-eth2,0.0029877471923828126,99.99701225280762
2025-11-26 19:46:06.592841984,s3-eth2,0.0029877471923828126,99.99701225280762
2025-11-26 19:46:07.593707008,s1-eth1,47.89124298095703,52.10875701904297
2025-11-26 19:46:07.593826048,s2-eth2,0.0029877471923828126,99.99701225280762
2025-11-26 19:46:07.593972992,s3-eth2,0.0029877471923828126,99.99701225280762
2025-11-26 19:46:08.594841088,s1-eth1,20.63774871826172,79.36225128173828
2025-11-26 19:46:08.594970112,s2-eth2,0.0029877471923828126,99.99701225280762
2025-11-26 19:46:08.595118080,s3-eth2,0.0029877471923828126,99.99701225280762
2025-11-26 19:46:09.595987968,s1-eth1,0.0029877471923828126,99.99701225280762
2025-11-26 19:46:09.596091904,s2-eth2,0.0029877471923828126,99.99701225280762
2025-11-26 19:46:09.596237824,s3-eth2,0.0029877471923828126,99.99701225280762
2025-11-26 19:46:10.597341952,s1-eth1,0.0029877471923828126,99.99701225280762
2025-11-26 19:46:10.597460992,s2-eth2,61.22145080566406,38.77854919433594
2025-11-26 19:46:10.597622016,s3-eth2,0.0029877471923828126,99.99701225280762
2025-11-26 19:46:11.598522880,s1-eth1,0.0036279296875,99.9963720703125
2025-11-26 19:46:11.598639872,s2-eth2,3.8031198883056643,96.19688011169434
2025-11-26 19:46:11.598799104,s3-eth2,0.0029877471923828126,99.99701225280762
2025-11-26 19:46:12.599700992,s1-eth1,0.0029877471923828126,99.99701225280762
2025-11-26 19:46:12.599805184,s2-eth2,0.0029877471923828126,99.99701225280762
2025-11-26 19:46:12.599951872,s3-eth2,0.0029877471923828126,99.99701225280762
2025-11-26 19:46:13.600847872,s1-eth1,39.16830825805664,60.83169174194336
2025-11-26 19:46:13.600960000,s2-eth2,39.7778205871582,60.2221794128418
2025-11-26 19:46:13.601118208,s3-eth2,0.0029877471923828126,99.99701225280762
2025-11-26 19:46:14.602000896,s1-eth1,26.32343101501465,73.67656898498535
2025-11-26 19:46:14.602114048,s2-eth2,25.713918685913086,74.28608131408691
2025-11-26 19:46:14.602272000,s3-eth2,0.0029877471923828126,99.99701225280762
2025-11-26 19:46:15.603218944,s1-eth1,0.0029877471923828126,99.99701225280762
2025-11-26 19:46:15.603323904,s2-eth2,0.0036279296875,99.9963720703125
2025-11-26 19:46:15.603471104,s3-eth2,0.0036279296875,99.9963720703125
2025-11-26 19:46:16.604322048,s1-eth1,0.0029877471923828126,99.99701225280762
2025-11-26 19:46:16.604425984,s2-eth2,0.0029877471923828126,99.99701225280762
2025-11-26 19:46:16.604572928,s3-eth2,0.0029877471923828126,99.99701225280762
2025-11-26 19:46:17.605123072,s1-eth1,50.79652404785156,49.20347595214844
2025-11-26 19:46:17.605168128,s2-eth2,70.90672302246094,29.093276977539062
2025-11-26 19:46:17.605227008,s3-eth2,71.0528564453125,28.9471435546875
2025-11-26 19:46:18.605968896,s1-eth1,15.357261657714844,84.64273834228516
2025-11-26 19:46:18.606089984,s2-eth2,67.13832092285156,32.86167907714844
2025-11-26 19:46:18.606276096,s3-eth2,98.34986114501953,1.6501388549804688
2025-11-26 19:46:19.607203072,s1-eth1,0.0036279296875,99.9963720703125
2025-11-26 19:46:19.607314176,s2-eth2,66.21290588378906,33.78709411621094
2025-11-26 19:46:19.607502848,s3-eth2,34.014404296875,65.985595703125
2025-11-26 19:46:20.608474112,s1-eth1,35.9536247253418,64.0463752746582
2025-11-26 19:46:20.608601088,s2-eth2,0.012896041870117187,99.98710395812988
2025-11-26 19:46:20.608761088,s3-eth2,0.0029877471923828126,99.99701225280762
2025-11-26 19:46:21.609616896,s1-eth1,28.944772720336914,71.05522727966309
2025-11-26 19:46:21.609737984,s2-eth2,0.0029877471923828126,99.99701225280762
2025-11-26 19:46:21.609891840,s3-eth2,0.0029877471923828126,99.99701225280762
2025-11-26 19:46:22.610729984,s1-eth1,0.0029877471923828126,99.99701225280762
2025-11-26 19:46:22.610866944,s2-eth2,0.0029877471923828126,99.99701225280762
2025-11-26 19:46:22.611022848,s3-eth2,0.0029877471923828126,99.99701225280762
2025-11-26 19:46:23.611857920,s1-eth1,0.0029877471923828126,99.99701225280762
2025-11-26 19:46:23.611980032,s2-eth2,0.0029877471923828126,99.99701225280762
2025-11-26 19:46:23.612134912,s3-eth2,0.0029877471923828126,99.99701225280762
2025-11-26 19:46:24.612973056,s1-eth1,0.0029877471923828126,99.99701225280762
2025-11-26 19:46:24.613089024,s2-eth2,0.0029877471923828126,99.99701225280762
2025-11-26 19:46:24.613233920,s3-eth2,0.0029877471923828126,99.99701225280762
2025-11-26 19:46:25.614065920,s1-eth1,0.0029877471923828126,99.99701225280762
2025-11-26 19:46:25.614181120,s2-eth2,0.0029877471923828126,99.99701225280762
2025-11-26 19:46:25.614327040,s3-eth2,0.0029877471923828126,99.99701225280762
2025-11-26 19:46:26.615159040,s1-eth1,0.0029877471923828126,99.99701225280762
2025-11-26 19:46:26.615273984,s2-eth2,0.0029877471923828126,99.99701225280762
2025-11-26 19:46:26.615420160,s3-eth2,0.0029877471923828126,99.99701225280762
2025-11-26 19:46:27.616327936,s1-eth1,0.0029877471923828126,99.99701225280762
2025-11-26 19:46:27.616465152,s2-eth2,54.811676025390625,45.188323974609375
2025-11-26 19:46:27.616626944,s3-eth2,0.0029877471923828126,99.99701225280762
2025-11-26 19:46:28.617512960,s1-eth1,0.0029877471923828126,99.99701225280762
2025-11-26 19:46:28.617644032,s2-eth2,10.212893524169921,89.78710647583009
2025-11-26 19:46:28.617803008,s3-eth2,0.0029877471923828126,99.99701225280762
2025-11-26 19:46:29.618653184,s1-eth1,0.0029877471923828126,99.99701225280762
2025-11-26 19:46:29.618771968,s2-eth2,0.0029877471923828126,99.99701225280762
2025-11-26 19:46:29.618942976,s3-eth2,0.007454071044921875,99.99254592895508
2025-11-26 19:46:30.619843072,s1-eth1,34.26704788208008,65.73295211791992
2025-11-26 19:46:30.619976960,s2-eth2,34.159202575683594,65.8407974243164
2025-11-26 19:46:30.620143872,s3-eth2,70.04986572265625,29.95013427734375
2025-11-26 19:46:31.621035008,s1-eth1,31.2302303314209,68.7697696685791
2025-11-26 19:46:31.621155072,s2-eth2,31.338077545166016,68.66192245483398
2025-11-26 19:46:31.621313024,s3-eth2,0.0029877471923828126,99.99701225280762
2025-11-26 19:46:32.622170880,s1-eth1,0.0036279296875,99.9963720703125
2025-11-26 19:46:32.622276096,s2-eth2,0.0042681884765625,99.99573181152344
2025-11-26 19:46:32.622423040,s3-eth2,0.0042681884765625,99.99573181152344
2025-11-26 19:46:33.623315968,s1-eth1,40.354759216308594,59.645240783691406
2025-11-26 19:46:33.623433984,s2-eth2,41.0635986328125,58.9364013671875
2025-11-26 19:46:33.623590912,s3-eth2,0.0029877471923828126,99.99701225280762
2025-11-26 19:46:34.624456960,s1-eth1,28.10765838623047,71.89234161376953
2025-11-26 19:46:34.624576000,s2-eth2,27.398818969726562,72.60118103027344
2025-11-26 19:46:34.624732928,s3-eth2,0.0029877471923828126,99.99701225280762
2025-11-26 19:46:35.625751040,s1-eth1,48.18449783325195,51.81550216674805
2025-11-26 19:46:35.625864960,s2-eth2,62.929595947265625,37.070404052734375
2025-11-26 19:46:35.626030848,s3-eth2,0.0029877471923828126,99.99701225280762
2025-11-26 19:46:36.626904064,s1-eth1,11.014102020263671,88.98589797973634
2025-11-26 19:46:36.627016192,s2-eth2,66.05467987060547,33.94532012939453
2025-11-26 19:46:36.627182848,s3-eth2,0.0029877471923828126,99.99701225280762
2025-11-26 19:46:37.628120064,s1-eth1,53.29819107055664,46.70180892944336
2025-11-26 19:46:37.628237056,s2-eth2,0.0029877471923828126,99.99701225280762
2025-11-26 19:46:37.628387072,s3-eth2,0.0029877471923828126,99.99701225280762
2025-11-26 19:46:38.629300992,s1-eth1,62.251556396484375,37.748443603515625
2025-11-26 19:46:38.629426944,s2-eth2,0.0036279296875,99.9963720703125
2025-11-26 19:46:38.629574912,s3-eth2,0.0036279296875,99.9963720703125
2025-11-26 19:46:39.630452992,s1-eth1,17.740041732788086,82.25995826721191
2025-11-26 19:46:39.630577152,s2-eth2,0.0029877471923828126,99.99701225280762
2025-11-26 19:46:39.630723840,s3-eth2,0.0029877471923828126,99.99701225280762
2025-11-26 19:46:40.631742976,s1-eth1,38.644569396972656,61.355430603027344
2025-11-26 19:46:40.631851008,s2-eth2,0.0029877471923828126,99.99701225280762
2025-11-26 19:46:40.632006912,s3-eth2,0.0029877471923828126,99.99701225280762
2025-11-26 19:46:41.632952064,s1-eth1,78.56616973876953,21.43383026123047
2025-11-26 19:46:41.633075968,s2-eth2,51.55897521972656,48.44102478027344
2025-11-26 19:46:41.633240064,s3-eth2,51.33824920654297,48.66175079345703
2025-11-26 19:46:42.634160896,s1-eth1,16.382535934448242,83.61746406555176
2025-11-26 19:46:42.634279936,s2-eth2,16.54606819152832,83.45393180847168
2025-11-26 19:46:42.634458112,s3-eth2,16.766796112060547,83.23320388793945
2025-11-26 19:46:43.635312128,s1-eth1,0.0029877471923828126,99.99701225280762
2025-11-26 19:46:43.635416064,s2-eth2,0.0029877471923828126,99.99701225280762
2025-11-26 19:46:43.635574016,s3-eth2,0.0029877471923828126,99.99701225280762
2025-11-26 19:46:44.636389120,s1-eth1,0.0042681884765625,99.99573181152344
2025-11-26 19:46:44.636493824,s2-eth2,0.0036279296875,99.9963720703125
2025-11-26 19:46:44.636651008,s3-eth2,0.0036279296875,99.9963720703125
2025-11-26 19:46:45.637480960,s1-eth1,0.0029877471923828126,99.99701225280762
2025-11-26 19:46:45.637586176,s2-eth2,0.0029877471923828126,99.99701225280762
2025-11-26 19:46:45.637742080,s3-eth2,0.0029877471923828126,99.99701225280762
2025-11-26 19:46:46.638560000,s1-eth1,0.0029877471923828126,99.99701225280762
2025-11-26 19:46:46.638663936,s2-eth2,0.0029877471923828126,99.99701225280762
2025-11-26 19:46:46.638809856,s3-eth2,0.0029877471923828126,99.99701225280762
2025-11-26 19:46:47.639668992,s1-eth1,0.0029877471923828126,99.99701225280762
2025-11-26 19:46:47.639770880,s2-eth2,0.0029877471923828126,99.99701225280762
2025-11-26 19:46:47.639916800,s3-eth2,0.0029877471923828126,99.99701225280762
2025-11-26 19:46:48.640738048,s1-eth1,0.0029877471923828126,99.99701225280762
2025-11-26 19:46:48.640841984,s2-eth2,0.0029877471923828126,99.99701225280762
2025-11-26 19:46:48.640986880,s3-eth2,0.0029877471923828126,99.99701225280762
2025-11-26 19:46:49.641815808,s1-eth1,0.0029877471923828126,99.99701225280762
2025-11-26 19:46:49.641920000,s2-eth2,0.0029877471923828126,99.99701225280762
2025-11-26 19:46:49.642065920,s3-eth2,0.0029877471923828126,99.99701225280762
2025-11-26 19:46:50.643057152,s1-eth1,39.38802719116211,60.61197280883789
2025-11-26 19:46:50.643182080,s2-eth2,0.0029877471923828126,99.99701225280762
2025-11-26 19:46:50.643328000,s3-eth2,0.0029877471923828126,99.99701225280762
2025-11-26 19:46:51.644226048,s1-eth1,25.224699020385742,74.77530097961426
2025-11-26 19:46:51.644349184,s2-eth2,0.0029877471923828126,99.99701225280762
2025-11-26 19:46:51.644498176,s3-eth2,0.0029877471923828126,99.99701225280762
2025-11-26 19:46:52.645419008,s1-eth1,0.0029877471923828126,99.99701225280762
2025-11-26 19:46:52.645526016,s2-eth2,0.0029877471923828126,99.99701225280762
2025-11-26 19:46:52.645675008,s3-eth2,0.0029877471923828126,99.99701225280762
2025-11-26 19:46:53.646616832,s1-eth1,0.0029877471923828126,99.99701225280762
2025-11-26 19:46:53.646737152,s2-eth2,47.99909210205078,52.00090789794922
2025-11-26 19:46:53.646908928,s3-eth2,48.16413116455078,51.83586883544922
2025-11-26 19:46:54.647835136,s1-eth1,0.0036279296875,99.9963720703125
2025-11-26 19:46:54.647954944,s2-eth2,16.347332000732422,83.65266799926758
2025-11-26 19:46:54.648126976,s3-eth2,16.182289123535156,83.81771087646484
2025-11-26 19:46:55.649122048,s1-eth1,0.0029877471923828126,99.99701225280762
2025-11-26 19:46:55.649225984,s2-eth2,0.0029877471923828126,99.99701225280762
2025-11-26 19:46:55.649383936,s3-eth2,0.0029877471923828126,99.99701225280762
2025-11-26 19:46:56.649977856,s1-eth1,0.00299072265625,99.99700927734375
2025-11-26 19:46:56.650082048,s2-eth2,0.00299072265625,99.99700927734375
2025-11-26 19:46:56.650228992,s3-eth2,0.00299072265625,99.99700927734375
2025-11-26 19:46:57.650775040,s1-eth1,0.00299072265625,99.99700927734375
2025-11-26 19:46:57.650813184,s2-eth2,0.00299072265625,99.99700927734375
2025-11-26 19:46:57.650872832,s3-eth2,0.00299072265625,99.99700927734375
2025-11-26 19:46:58.651608064,s1-eth1,0.00299072265625,99.99700927734375
2025-11-26 19:46:58.651721984,s2-eth2,0.003631591796875,99.99636840820312
2025-11-26 19:46:58.651870976,s3-eth2,0.003631591796875,99.99636840820312
2025-11-26 19:46:59.652745984,s1-eth1,0.0029877471923828126,99.99701225280762
2025-11-26 19:46:59.652858880,s2-eth2,0.0029877471923828126,99.99701225280762
2025-11-26 19:46:59.653006080,s3-eth2,0.0029877471923828126,99.99701225280762
2025-11-26 19:47:00.654095872,s1-eth1,0.0029877471923828126,99.99701225280762
2025-11-26 19:47:00.654202112,s2-eth2,0.0036279296875,99.9963720703125
2025-11-26 19:47:00.654351104,s3-eth2,0.0036279296875,99.9963720703125
2025-11-26 19:47:01.655319040,s1-eth1,47.36750411987305,52.63249588012695
2025-11-26 19:47:01.655436032,s2-eth2,0.0029877471923828126,99.99701225280762
2025-11-26 19:47:01.655581952,s3-eth2,0.0029877471923828126,99.99701225280762
2025-11-26 19:47:02.656457984,s1-eth1,21.161388397216797,78.8386116027832
2025-11-26 19:47:02.656573952,s2-eth2,0.0029877471923828126,99.99701225280762
2025-11-26 19:47:02.656729088,s3-eth2,0.0029877471923828126,99.99701225280762
2025-11-26 19:47:03.657538816,s1-eth1,0.0029877471923828126,99.99701225280762
2025-11-26 19:47:03.657641984,s2-eth2,0.0029877471923828126,99.99701225280762
2025-11-26 19:47:03.657787136,s3-eth2,0.0029877471923828126,99.99701225280762
2025-11-26 19:47:04.658597888,s1-eth1,0.0029877471923828126,99.99701225280762
2025-11-26 19:47:04.658705920,s2-eth2,64.72200775146484,35.277992248535156
2025-11-26 19:47:04.658881792,s3-eth2,0.0029877471923828126,99.99701225280762
2025-11-26 19:47:05.659895040,s1-eth1,0.0029877471923828126,99.99701225280762
2025-11-26 19:47:05.660001024,s2-eth2,0.01278167724609375,99.9872183227539
2025-11-26 19:47:05.660154112,s3-eth2,0.0029877471923828126,99.99701225280762
2025-11-26 19:47:06.660961024,s1-eth1,0.0029877471923828126,99.99701225280762
2025-11-26 19:47:06.661065216,s2-eth2,0.0029877471923828126,99.99701225280762
2025-11-26 19:47:06.661211136,s3-eth2,0.0029877471923828126,99.99701225280762
2025-11-26 19:47:07.662018048,s1-eth1,0.0029877471923828126,99.99701225280762
2025-11-26 19:47:07.662134016,s2-eth2,45.26500701904297,54.73499298095703
2025-11-26 19:47:07.662288896,s3-eth2,44.98859786987305,55.01140213012695
2025-11-26 19:47:08.663217920,s1-eth1,38.644569396972656,61.355430603027344
2025-11-26 19:47:08.663340032,s2-eth2,58.354061126708984,41.645938873291016
2025-11-26 19:47:08.663522048,s3-eth2,19.35780906677246,80.64219093322754
2025-11-26 19:47:09.664514048,s1-eth1,26.846651077270508,73.15334892272949
2025-11-26 19:47:09.664675072,s2-eth2,26.21556854248047,73.78443145751953
2025-11-26 19:47:09.664841984,s3-eth2,0.0029877471923828126,99.99701225280762
2025-11-26 19:47:10.665926912,s1-eth1,0.0029877471923828126,99.99701225280762
2025-11-26 19:47:10.666055936,s2-eth2,0.0029877471923828126,99.99701225280762
2025-11-26 19:47:10.666204928,s3-eth2,0.0029877471923828126,99.99701225280762
2025-11-26 19:47:11.667144960,s1-eth1,0.0036279296875,99.9963720703125
2025-11-26 19:47:11.667251200,s2-eth2,0.0036279296875,99.9963720703125
2025-11-26 19:47:11.667399936,s3-eth2,0.0036279296875,99.9963720703125
2025-11-26 19:47:12.668289024,s1-eth1,0.0029877471923828126,99.99701225280762
2025-11-26 19:47:12.668421888,s2-eth2,0.0029877471923828126,99.99701225280762
2025-11-26 19:47:12.668581888,s3-eth2,0.0029877471923828126,99.99701225280762
2025-11-26 19:47:13.669469952,s1-eth1,0.0029877471923828126,99.99701225280762
2025-11-26 19:47:13.669584896,s2-eth2,0.0029877471923828126,99.99701225280762
2025-11-26 19:47:13.669743104,s3-eth2,0.0029877471923828126,99.99701225280762
2025-11-26 19:47:14.670636800,s1-eth1,49.96619415283203,50.03380584716797
2025-11-26 19:47:14.670753024,s2-eth2,50.630889892578125,49.369110107421875
2025-11-26 19:47:14.670920960,s3-eth2,50.79643249511719,49.20356750488281
2025-11-26 19:47:15.671823104,s1-eth1,16.123044967651367,83.87695503234863
2025-11-26 19:47:15.671937024,s2-eth2,15.458350219726562,84.54164978027345
2025-11-26 19:47:15.672091904,s3-eth2,15.292805633544923,84.70719436645507
2025-11-26 19:47:16.672986880,s1-eth1,0.0036279296875,99.9963720703125
2025-11-26 19:47:16.673106944,s2-eth2,60.44085693359375,39.55914306640625
2025-11-26 19:47:16.673267968,s3-eth2,0.0029877471923828126,99.99701225280762
2025-11-26 19:47:17.674149888,s1-eth1,0.0029877471923828126,99.99701225280762
2025-11-26 19:47:17.674267136,s2-eth2,4.583711624145508,95.41628837585449
2025-11-26 19:47:17.674426112,s3-eth2,0.0029877471923828126,99.99701225280762
2025-11-26 19:47:18.675288064,s1-eth1,0.0029877471923828126,99.99701225280762
2025-11-26 19:47:18.675393024,s2-eth2,0.0029877471923828126,99.99701225280762
2025-11-26 19:47:18.675539968,s3-eth2,0.0029877471923828126,99.99701225280762
2025-11-26 19:47:19.676419072,s1-eth1,39.786373138427734,60.213626861572266
2025-11-26 19:47:19.676538880,s2-eth2,40.395381927490234,59.604618072509766
2025-11-26 19:47:19.676697088,s3-eth2,0.0029877471923828126,99.99701225280762
2025-11-26 19:47:20.677742848,s1-eth1,25.710412979125977,74.28958702087402
2025-11-26 19:47:20.677870080,s2-eth2,79.29705810546875,20.70294189453125
2025-11-26 19:47:20.678030848,s3-eth2,0.0029877471923828126,99.99701225280762
2025-11-26 19:47:21.678920960,s1-eth1,39.16679763793945,60.83320236206055
2025-11-26 19:47:21.679042048,s2-eth2,10.826065063476562,89.17393493652344
2025-11-26 19:47:21.679208960,s3-eth2,0.0029877471923828126,99.99701225280762
2025-11-26 19:47:22.680105984,s1-eth1,26.324941635131836,73.67505836486816
2025-11-26 19:47:22.680217088,s2-eth2,0.0029877471923828126,99.99701225280762
2025-11-26 19:47:22.680384000,s3-eth2,51.187644958496094,48.812355041503906
2025-11-26 19:47:23.681302016,s1-eth1,0.0029877471923828126,99.99701225280762
2025-11-26 19:47:23.681408768,s2-eth2,0.0036279296875,99.9963720703125
2025-11-26 19:47:23.681572864,s3-eth2,18.341567993164062,81.65843200683594
2025-11-26 19:47:24.682439168,s1-eth1,0.0029877471923828126,99.99701225280762
2025-11-26 19:47:24.682543872,s2-eth2,0.0029877471923828126,99.99701225280762
2025-11-26 19:47:24.682696192,s3-eth2,0.007454071044921875,99.99254592895508
2025-11-26 19:47:25.683693056,s1-eth1,0.0029877471923828126,99.99701225280762
2025-11-26 19:47:25.683798016,s2-eth2,0.0036279296875,99.9963720703125
2025-11-26 19:47:25.683956992,s3-eth2,69.47760772705078,30.52239227294922
2025-11-26 19:47:26.684809984,s1-eth1,51.33221435546875,48.66778564453125
2025-11-26 19:47:26.684921856,s2-eth2,51.224365234375,48.775634765625
2025-11-26 19:47:26.685078016,s3-eth2,50.90431213378906,49.09568786621094
2025-11-26 19:47:27.685928192,s1-eth1,49.83281326293945,50.16718673706055
2025-11-26 19:47:27.686048000,s2-eth2,49.732845306396484,50.267154693603516
2025-11-26 19:47:27.686219008,s3-eth2,17.20101547241211,82.79898452758789
2025-11-26 19:47:28.687069952,s1-eth1,32.73520278930664,67.26479721069336
2025-11-26 19:47:28.687187968,s2-eth2,32.942378997802734,67.05762100219727
2025-11-26 19:47:28.687352064,s3-eth2,0.0029877471923828126,99.99701225280762
2025-11-26 19:47:29.688164096,s1-eth1,60.961647033691406,39.038352966308594
2025-11-26 19:47:29.688275968,s2-eth2,60.743167877197266,39.256832122802734
2025-11-26 19:47:29.688442112,s3-eth2,0.0029877471923828126,99.99701225280762
2025-11-26 19:47:30.689389824,s1-eth1,4.529581527709961,95.47041847229004
2025-11-26 19:47:30.689518080,s2-eth2,4.748059768676757,95.25194023132325
2025-11-26 19:47:30.689682944,s3-eth2,0.0029877471923828126,99.99701225280762
2025-11-26 19:47:31.690497024,s1-eth1,0.0029877471923828126,99.99701225280762
2025-11-26 19:47:31.690619904,s2-eth2,0.0029877471923828126,99.99701225280762
2025-11-26 19:47:31.690774016,s3-eth2,0.0029877471923828126,99.99701225280762
2025-11-26 19:47:32.691589120,s1-eth1,0.0029877471923828126,99.99701225280762
2025-11-26 19:47:32.691702016,s2-eth2,0.0029877471923828126,99.99701225280762
2025-11-26 19:47:32.691847936,s3-eth2,0.0029877471923828126,99.99701225280762
2025-11-26 19:47:33.692658944,s1-eth1,0.0029877471923828126,99.99701225280762
2025-11-26 19:47:33.692774144,s2-eth2,0.0029877471923828126,99.99701225280762
2025-11-26 19:47:33.692920064,s3-eth2,0.0029877471923828126,99.99701225280762
2025-11-26 19:47:34.693715200,s1-eth1,0.0029877471923828126,99.99701225280762
2025-11-26 19:47:34.693819136,s2-eth2,0.0029877471923828126,99.99701225280762
2025-11-26 19:47:34.693972992,s3-eth2,0.0029877471923828126,99.99701225280762
2025-11-26 19:47:35.694972928,s1-eth1,47.19042205810547,52.80957794189453
2025-11-26 19:47:35.695102976,s2-eth2,58.87017822265625,41.12982177734375
2025-11-26 19:47:35.695284992,s3-eth2,0.0029877471923828126,99.99701225280762
2025-11-26 19:47:36.696186112,s1-eth1,18.90988540649414,81.09011459350586
2025-11-26 19:47:36.696329984,s2-eth2,6.032480697631836,93.96751930236816
2025-11-26 19:47:36.696496128,s3-eth2,0.0029877471923828126,99.99701225280762
2025-11-26 19:47:37.697044992,s1-eth1,0.003631591796875,99.99636840820312
2025-11-26 19:47:37.697089024,s2-eth2,0.003631591796875,99.99636840820312
2025-11-26 19:47:37.697144064,s3-eth2,0.003631591796875,99.99636840820312
2025-11-26 19:47:38.697790976,s1-eth1,0.00299072265625,99.99700927734375
2025-11-26 19:47:38.697895936,s2-eth2,0.00299072265625,99.99700927734375
2025-11-26 19:47:38.698041088,s3-eth2,0.00299072265625,99.99700927734375
2025-11-26 19:47:39.698993920,s1-eth1,53.57661437988281,46.42338562011719
2025-11-26 19:47:39.699110912,s2-eth2,0.0029877471923828126,99.99701225280762
2025-11-26 19:47:39.699260928,s3-eth2,0.0029877471923828126,99.99701225280762
2025-11-26 19:47:40.700220160,s1-eth1,15.064045867919923,84.93595413208007
2025-11-26 19:47:40.700335104,s2-eth2,0.0029877471923828126,99.99701225280762
2025-11-26 19:47:40.700481024,s3-eth2,0.0029877471923828126,99.99701225280762
2025-11-26 19:47:41.701016832,s1-eth1,0.00299072265625,99.99700927734375
2025-11-26 19:47:41.701057024,s2-eth2,0.00299072265625,99.99700927734375
2025-11-26 19:47:41.701113088,s3-eth2,0.00299072265625,99.99700927734375
2025-11-26 19:47:42.701457920,s1-eth1,0.00299072265625,99.99700927734375
2025-11-26 19:47:42.701500928,s2-eth2,0.00299072265625,99.99700927734375
2025-11-26 19:47:42.701554176,s3-eth2,0.00299072265625,99.99700927734375
2025-11-26 19:47:43.702184960,s1-eth1,0.00299072265625,99.99700927734375
2025-11-26 19:47:43.702297856,s2-eth2,0.00299072265625,99.99700927734375
2025-11-26 19:47:43.702443008,s3-eth2,0.00299072265625,99.99700927734375
2025-11-26 19:47:44.703250944,s1-eth1,0.0029877471923828126,99.99701225280762
2025-11-26 19:47:44.703363840,s2-eth2,0.0029877471923828126,99.99701225280762
2025-11-26 19:47:44.703510016,s3-eth2,0.0029877471923828126,99.99701225280762
2025-11-26 19:47:45.704536064,s1-eth1,0.0029877471923828126,99.99701225280762
2025-11-26 19:47:45.704674048,s2-eth2,46.98586654663086,53.01413345336914
2025-11-26 19:47:45.704834048,s3-eth2,47.27281188964844,52.72718811035156
2025-11-26 19:47:46.705681152,s1-eth1,0.0029877471923828126,99.99701225280762
2025-11-26 19:47:46.705811968,s2-eth2,17.361331939697266,82.63866806030273
2025-11-26 19:47:46.705964032,s3-eth2,17.074386596679688,82.92561340332031
2025-11-26 19:47:47.706792960,s1-eth1,0.0029877471923828126,99.99701225280762
2025-11-26 19:47:47.706924032,s2-eth2,0.0029877471923828126,99.99701225280762
2025-11-26 19:47:47.707070208,s3-eth2,0.0029877471923828126,99.99701225280762
2025-11-26 19:47:48.707889920,s1-eth1,0.0029877471923828126,99.99701225280762
2025-11-26 19:47:48.708014848,s2-eth2,0.0029877471923828126,99.99701225280762
2025-11-26 19:47:48.708163072,s3-eth2,0.0029877471923828126,99.99701225280762
2025-11-26 19:47:49.708973824,s1-eth1,0.0036279296875,99.9963720703125
2025-11-26 19:47:49.709078016,s2-eth2,0.0029877471923828126,99.99701225280762
2025-11-26 19:47:49.709233920,s3-eth2,0.0029877471923828126,99.99701225280762
2025-11-26 19:47:50.710144000,s1-eth1,46.16300582885742,53.83699417114258
2025-11-26 19:47:50.710260992,s2-eth2,0.0029877471923828126,99.99701225280762
2025-11-26 19:47:50.710417920,s3-eth2,0.0029877471923828126,99.99701225280762
2025-11-26 19:47:51.711271936,s1-eth1,63.6015625,36.3984375
2025-11-26 19:47:51.711406080,s2-eth2,0.0036279296875,99.9963720703125
2025-11-26 19:47:51.711554048,s3-eth2,0.0036279296875,99.9963720703125
2025-11-26 19:47:52.712474112,s1-eth1,23.524877548217773,76.47512245178223
2025-11-26 19:47:52.712619008,s2-eth2,0.0029877471923828126,99.99701225280762
2025-11-26 19:47:52.712768000,s3-eth2,0.0029877471923828126,99.99701225280762
2025-11-26 19:47:53.713327872,s1-eth1,0.00299072265625,99.99700927734375
2025-11-26 19:47:53.713377024,s2-eth2,0.00299072265625,99.99700927734375
2025-11-26 19:47:53.713432064,s3-eth2,0.00299072265625,99.99700927734375
2025-11-26 19:47:54.714159872,s1-eth1,0.00299072265625,99.99700927734375
2025-11-26 19:47:54.714279936,s2-eth2,0.00299072265625,99.99700927734375
2025-11-26 19:47:54.714426880,s3-eth2,0.00299072265625,99.99700927734375
2025-11-26 19:47:55.715473920,s1-eth1,38.22116470336914,61.77883529663086
2025-11-26 19:47:55.715586816,s2-eth2,0.0029877471923828126,99.99701225280762
2025-11-26 19:47:55.715745024,s3-eth2,0.0029877471923828126,99.99701225280762
2025-11-26 19:47:56.716670976,s1-eth1,27.27003288269043,72.72996711730957
2025-11-26 19:47:56.716779008,s2-eth2,0.0029877471923828126,99.99701225280762
2025-11-26 19:47:56.716936960,s3-eth2,0.0029877471923828126,99.99701225280762
2025-11-26 19:47:57.717799936,s1-eth1,0.0029877471923828126,99.99701225280762
2025-11-26 19:47:57.717902848,s2-eth2,0.0029877471923828126,99.99701225280762
2025-11-26 19:47:57.718049024,s3-eth2,0.0029877471923828126,99.99701225280762
2025-11-26 19:47:58.719002112,s1-eth1,0.0036279296875,99.9963720703125
2025-11-26 19:47:58.719116032,s2-eth2,64.8905258178711,35.109474182128906
2025-11-26 19:47:58.719286016,s3-eth2,0.0036279296875,99.9963720703125
2025-11-26 19:47:59.720177920,s1-eth1,0.0036279296875,99.9963720703125
2025-11-26 19:47:59.720284928,s2-eth2,0.012789306640625,99.98721069335937
2025-11-26 19:47:59.720442112,s3-eth2,0.0029877471923828126,99.99701225280762
2025-11-26 19:48:00.721441024,s1-eth1,0.0029877471923828126,99.99701225280762
2025-11-26 19:48:00.721543936,s2-eth2,0.0029877471923828126,99.99701225280762
2025-11-26 19:48:00.721690880,s3-eth2,0.0029877471923828126,99.99701225280762
2025-11-26 19:48:01.722525952,s1-eth1,0.0029877471923828126,99.99701225280762
2025-11-26 19:48:01.722629120,s2-eth2,0.0029877471923828126,99.99701225280762
2025-11-26 19:48:01.722775040,s3-eth2,0.0029877471923828126,99.99701225280762
2025-11-26 19:48:02.723624960,s1-eth1,0.0036279296875,99.9963720703125
2025-11-26 19:48:02.723740160,s2-eth2,0.0036279296875,99.9963720703125
2025-11-26 19:48:02.723897856,s3-eth2,0.0036279296875,99.9963720703125
2025-11-26 19:48:03.724734976,s1-eth1,0.0029877471923828126,99.99701225280762
2025-11-26 19:48:03.724847104,s2-eth2,0.0029877471923828126,99.99701225280762
2025-11-26 19:48:03.725003008,s3-eth2,0.0029877471923828126,99.99701225280762
2025-11-26 19:48:04.725828864,s1-eth1,0.0029877471923828126,99.99701225280762
2025-11-26 19:48:04.725934080,s2-eth2,0.0029877471923828126,99.99701225280762
2025-11-26 19:48:04.726078976,s3-eth2,0.0029877471923828126,99.99701225280762
2025-11-26 19:48:05.726615808,s1-eth1,0.00299072265625,99.99700927734375
2025-11-26 19:48:05.726653952,s2-eth2,0.00299072265625,99.99700927734375
2025-11-26 19:48:05.726708992,s3-eth2,0.00299072265625,99.99700927734375
2025-11-26 19:48:06.727065088,s1-eth1,0.00299072265625,99.99700927734375
2025-11-26 19:48:06.727104000,s2-eth2,0.00299072265625,99.99700927734375
2025-11-26 19:48:06.727158016,s3-eth2,0.00299072265625,99.99700927734375
2025-11-26 19:48:07.727644928,s1-eth1,0.00299072265625,99.99700927734375
2025-11-26 19:48:07.727760128,s2-eth2,0.00299072265625,99.99700927734375
2025-11-26 19:48:07.727906048,s3-eth2,0.00299072265625,99.99700927734375
2025-11-26 19:48:08.728718080,s1-eth1,0.0029877471923828126,99.99701225280762
2025-11-26 19:48:08.728833792,s2-eth2,0.0036279296875,99.9963720703125
2025-11-26 19:48:08.728979968,s3-eth2,0.0036279296875,99.9963720703125
2025-11-26 19:48:09.729806848,s1-eth1,0.0029877471923828126,99.99701225280762
2025-11-26 19:48:09.729923072,s2-eth2,0.0029877471923828126,99.99701225280762
2025-11-26 19:48:09.730071040,s3-eth2,0.0029877471923828126,99.99701225280762
2025-11-26 19:48:10.731038976,s1-eth1,0.0029877471923828126,99.99701225280762
2025-11-26 19:48:10.731173120,s2-eth2,44.26167678833008,55.73832321166992
2025-11-26 19:48:10.731329024,s3-eth2,43.94112014770508,56.05887985229492
2025-11-26 19:48:11.732151040,s1-eth1,0.0029877471923828126,99.99701225280762
2025-11-26 19:48:11.732278016,s2-eth2,20.084712982177734,79.91528701782227
2025-11-26 19:48:11.732433152,s3-eth2,20.405269622802734,79.59473037719727
2025-11-26 19:48:12.733260032,s1-eth1,0.0029877471923828126,99.99701225280762
2025-11-26 19:48:12.733374976,s2-eth2,0.0029877471923828126,99.99701225280762
2025-11-26 19:48:12.733520128,s3-eth2,0.0029877471923828126,99.99701225280762
2025-11-26 19:48:13.734359040,s1-eth1,38.86079788208008,61.13920211791992
2025-11-26 19:48:13.734478080,s2-eth2,39.49188232421875,60.50811767578125
2025-11-26 19:48:13.734635008,s3-eth2,0.0029877471923828126,99.99701225280762
2025-11-26 19:48:14.735495936,s1-eth1,65.28607177734375,34.71392822265625
2025-11-26 19:48:14.735614976,s2-eth2,65.29711151123047,34.70288848876953
2025-11-26 19:48:14.735770880,s3-eth2,0.0029877471923828126,99.99701225280762
2025-11-26 19:48:15.736713984,s1-eth1,26.244653701782227,73.75534629821777
2025-11-26 19:48:15.736825856,s2-eth2,25.6025333404541,74.3974666595459
2025-11-26 19:48:15.736979968,s3-eth2,0.0029877471923828126,99.99701225280762
2025-11-26 19:48:16.737827072,s1-eth1,0.0029877471923828126,99.99701225280762
2025-11-26 19:48:16.737931008,s2-eth2,0.0029877471923828126,99.99701225280762
2025-11-26 19:48:16.738076928,s3-eth2,0.0029877471923828126,99.99701225280762
2025-11-26 19:48:17.738907136,s1-eth1,0.0029877471923828126,99.99701225280762
2025-11-26 19:48:17.739011072,s2-eth2,0.0029877471923828126,99.99701225280762
2025-11-26 19:48:17.739156992,s3-eth2,0.0029877471923828126,99.99701225280762
2025-11-26 19:48:18.739987968,s1-eth1,0.0029877471923828126,99.99701225280762
2025-11-26 19:48:18.740099072,s2-eth2,58.08519744873047,41.91480255126953
2025-11-26 19:48:18.740263936,s3-eth2,0.0036279296875,99.9963720703125
2025-11-26 19:48:19.740890880,s1-eth1,0.00299072265625,99.99700927734375
2025-11-26 19:48:19.740998912,s2-eth2,11.171630859375,88.828369140625
2025-11-26 19:48:19.741164032,s3-eth2,0.00299072265625,99.99700927734375
2025-11-26 19:48:20.742168832,s1-eth1,0.0029877471923828126,99.99701225280762
2025-11-26 19:48:20.742286848,s2-eth2,60.21761703491211,39.78238296508789
2025-11-26 19:48:20.742446848,s3-eth2,0.0029877471923828126,99.99701225280762
2025-11-26 19:48:21.743033856,s1-eth1,35.510528564453125,64.48947143554688
2025-11-26 19:48:21.743078912,s2-eth2,40.57389831542969,59.42610168457031
2025-11-26 19:48:21.743143168,s3-eth2,85.37492370605469,14.625076293945312
2025-11-26 19:48:22.743916032,s1-eth1,69.56232452392578,30.43767547607422
2025-11-26 19:48:22.744035840,s2-eth2,30.829246520996094,69.1707534790039
2025-11-26 19:48:22.744210944,s3-eth2,51.79243850708008,48.20756149291992
2025-11-26 19:48:23.745184000,s1-eth1,27.048978805541992,72.95102119445801
2025-11-26 19:48:23.745306880,s2-eth2,54.58843231201172,45.41156768798828
2025-11-26 19:48:23.745490944,s3-eth2,0.0029877471923828126,99.99701225280762
2025-11-26 19:48:24.746382848,s1-eth1,50.46282958984375,49.53717041015625
2025-11-26 19:48:24.746504192,s2-eth2,60.677276611328125,39.322723388671875
2025-11-26 19:48:24.746684928,s3-eth2,49.968204498291016,50.031795501708984
2025-11-26 19:48:25.747726848,s1-eth1,15.625869750976562,84.37413024902344
2025-11-26 19:48:25.747852032,s2-eth2,15.844583511352539,84.15541648864746
2025-11-26 19:48:25.748007168,s3-eth2,16.12049102783203,83.87950897216797
2025-11-26 19:48:26.748835072,s1-eth1,0.0029877471923828126,99.99701225280762
2025-11-26 19:48:26.748948992,s2-eth2,0.0029877471923828126,99.99701225280762
2025-11-26 19:48:26.749102080,s3-eth2,0.007454071044921875,99.99254592895508
2025-11-26 19:48:27.749934848,s1-eth1,60.75888442993164,39.24111557006836
2025-11-26 19:48:27.750060032,s2-eth2,60.53961944580078,39.46038055419922
2025-11-26 19:48:27.750222848,s3-eth2,69.52113342285156,30.478866577148438
2025-11-26 19:48:28.751122944,s1-eth1,4.139361877441406,95.8606381225586
2025-11-26 19:48:28.751249920,s2-eth2,4.358625411987305,95.6413745880127
2025-11-26 19:48:28.751408128,s3-eth2,0.0036279296875,99.9963720703125
2025-11-26 19:48:29.752228096,s1-eth1,31.780292510986328,68.21970748901367
2025-11-26 19:48:29.752358912,s2-eth2,31.56157875061035,68.43842124938965
2025-11-26 19:48:29.752516096,s3-eth2,0.0029877471923828126,99.99701225280762
2025-11-26 19:48:30.753430016,s1-eth1,34.01762771606445,65.98237228393555
2025-11-26 19:48:30.753550080,s2-eth2,34.2363395690918,65.7636604309082
2025-11-26 19:48:30.753705984,s3-eth2,0.0036279296875,99.9963720703125
2025-11-26 19:48:31.754520832,s1-eth1,0.0029877471923828126,99.99701225280762
2025-11-26 19:48:31.754637056,s2-eth2,46.46098709106445,53.53901290893555
2025-11-26 19:48:31.754790144,s3-eth2,46.65913772583008,53.34086227416992
2025-11-26 19:48:32.755620096,s1-eth1,0.0029877471923828126,99.99701225280762
2025-11-26 19:48:32.755736064,s2-eth2,17.885534286499023,82.11446571350098
2025-11-26 19:48:32.755888896,s3-eth2,17.6873836517334,82.3126163482666
2025-11-26 19:48:33.756727040,s1-eth1,0.0029877471923828126,99.99701225280762
2025-11-26 19:48:33.756829952,s2-eth2,0.0029877471923828126,99.99701225280762
2025-11-26 19:48:33.756974848,s3-eth2,0.0029877471923828126,99.99701225280762
2025-11-26 19:48:34.757814784,s1-eth1,46.019535064697266,53.980464935302734
2025-11-26 19:48:34.757936128,s2-eth2,0.0029877471923828126,99.99701225280762
2025-11-26 19:48:34.758083072,s3-eth2,0.0029877471923828126,99.99701225280762
2025-11-26 19:48:35.759000064,s1-eth1,20.080810546875,79.919189453125
2025-11-26 19:48:35.759120896,s2-eth2,0.0029877471923828126,99.99701225280762
2025-11-26 19:48:35.759267072,s3-eth2,0.0029877471923828126,99.99701225280762
2025-11-26 19:48:36.760168192,s1-eth1,55.14883041381836,44.85116958618164
2025-11-26 19:48:36.760283904,s2-eth2,0.0029877471923828126,99.99701225280762
2025-11-26 19:48:36.760432128,s3-eth2,0.0029877471923828126,99.99701225280762
2025-11-26 19:48:37.761317120,s1-eth1,13.380189895629883,86.61981010437012
2025-11-26 19:48:37.761431808,s2-eth2,0.0029877471923828126,99.99701225280762
2025-11-26 19:48:37.761579008,s3-eth2,0.0029877471923828126,99.99701225280762
2025-11-26 19:48:38.762398976,s1-eth1,0.0037346649169921874,99.99626533508301
2025-11-26 19:48:38.762504192,s2-eth2,0.0029877471923828126,99.99701225280762
2025-11-26 19:48:38.762650880,s3-eth2,0.0029877471923828126,99.99701225280762
2025-11-26 19:48:39.763475968,s1-eth1,0.0029877471923828126,99.99701225280762
2025-11-26 19:48:39.763580160,s2-eth2,0.0029877471923828126,99.99701225280762
2025-11-26 19:48:39.763725056,s3-eth2,0.0029877471923828126,99.99701225280762
2025-11-26 19:48:40.764609024,s1-eth1,0.0029877471923828126,99.99701225280762
2025-11-26 19:48:40.764715008,s2-eth2,0.0037346649169921874,99.99626533508301
2025-11-26 19:48:40.764858880,s3-eth2,0.0029877471923828126,99.99701225280762
2025-11-26 19:48:41.765667840,s1-eth1,0.0036279296875,99.9963720703125
2025-11-26 19:48:41.765772032,s2-eth2,0.0036279296875,99.9963720703125
2025-11-26 19:48:41.765917184,s3-eth2,0.0036279296875,99.9963720703125
2025-11-26 19:48:42.766807040,s1-eth1,0.0029877471923828126,99.99701225280762
2025-11-26 19:48:42.766936064,s2-eth2,0.0029877471923828126,99.99701225280762
2025-11-26 19:48:42.767083776,s3-eth2,0.0037346649169921874,99.99626533508301
2025-11-26 19:48:43.767941888,s1-eth1,0.0029877471923828126,99.99701225280762
2025-11-26 19:48:43.768052224,s2-eth2,0.0029877471923828126,99.99701225280762
2025-11-26 19:48:43.768197888,s3-eth2,0.0029877471923828126,99.99701225280762
2025-11-26 19:48:44.769036032,s1-eth1,0.0029877471923828126,99.99701225280762
2025-11-26 19:48:44.769139968,s2-eth2,0.0029877471923828126,99.99701225280762
2025-11-26 19:48:44.769284864,s3-eth2,0.0029877471923828126,99.99701225280762
2025-11-26 19:48:45.770106112,s1-eth1,0.0029877471923828126,99.99701225280762
2025-11-26 19:48:45.770211840,s2-eth2,0.004374923706054687,99.99562507629395
2025-11-26 19:48:45.770358016,s3-eth2,0.004374923706054687,99.99562507629395
2025-11-26 19:48:46.771176960,s1-eth1,0.0029877471923828126,99.99701225280762
2025-11-26 19:48:46.771280128,s2-eth2,0.0029877471923828126,99.99701225280762
2025-11-26 19:48:46.771425024,s3-eth2,0.0029877471923828126,99.99701225280762
2025-11-26 19:48:47.772229888,s1-eth1,0.0029877471923828126,99.99701225280762
2025-11-26 19:48:47.772334080,s2-eth2,0.0029877471923828126,99.99701225280762
2025-11-26 19:48:47.772480000,s3-eth2,0.0037346649169921874,99.99626533508301
2025-11-26 19:48:48.773283840,s1-eth1,0.0029877471923828126,99.99701225280762
2025-11-26 19:48:48.773388032,s2-eth2,0.0037346649169921874,99.99626533508301
2025-11-26 19:48:48.773533952,s3-eth2,0.0029877471923828126,99.99701225280762
2025-11-26 19:48:49.774356992,s1-eth1,0.0029877471923828126,99.99701225280762
2025-11-26 19:48:49.774460160,s2-eth2,0.0029877471923828126,99.99701225280762
2025-11-26 19:48:49.774604032,s3-eth2,0.0029877471923828126,99.99701225280762
2025-11-26 19:48:50.775443968,s1-eth1,0.0029877471923828126,99.99701225280762
2025-11-26 19:48:50.775546112,s2-eth2,0.0029877471923828126,99.99701225280762
2025-11-26 19:48:50.775692032,s3-eth2,0.0037346649169921874,99.99626533508301
2025-11-26 19:48:51.776502016,s1-eth1,40.279483795166016,59.720516204833984
2025-11-26 19:48:51.776623872,s2-eth2,0.0029877471923828126,99.99701225280762
2025-11-26 19:48:51.776769024,s3-eth2,0.0029877471923828126,99.99701225280762
2025-11-26 19:48:52.777582848,s1-eth1,24.48389434814453,75.51610565185547
2025-11-26 19:48:52.777705984,s2-eth2,0.0037346649169921874,99.99626533508301
2025-11-26 19:48:52.777852160,s3-eth2,0.0029877471923828126,99.99701225280762
2025-11-26 19:48:53.778675200,s1-eth1,46.16415023803711,53.83584976196289
2025-11-26 19:48:53.778789120,s2-eth2,0.0042681884765625,99.99573181152344
2025-11-26 19:48:53.778966784,s3-eth2,0.0042681884765625,99.99573181152344
2025-11-26 19:48:54.779805952,s1-eth1,22.366016387939453,77.63398361206055
2025-11-26 19:48:54.779918848,s2-eth2,0.0029877471923828126,99.99701225280762
2025-11-26 19:48:54.780066048,s3-eth2,0.0029877471923828126,99.99701225280762
2025-11-26 19:48:55.780883968,s1-eth1,0.0029877471923828126,99.99701225280762
2025-11-26 19:48:55.780987904,s2-eth2,0.0029877471923828126,99.99701225280762
2025-11-26 19:48:55.781133056,s3-eth2,0.0029877471923828126,99.99701225280762
2025-11-26 19:48:56.781961984,s1-eth1,0.0037346649169921874,99.99626533508301
2025-11-26 19:48:56.782073088,s2-eth2,0.00149383544921875,99.99850616455078
2025-11-26 19:48:56.782227968,s3-eth2,0.00149383544921875,99.99850616455078
2025-11-26 19:48:57.782810880,s1-eth1,38.199615478515625,61.800384521484375
2025-11-26 19:48:57.782861824,s2-eth2,0.00299072265625,99.99700927734375
2025-11-26 19:48:57.782923008,s3-eth2,0.00299072265625,99.99700927734375
2025-11-26 19:48:58.783642880,s1-eth1,28.793136596679688,71.20686340332031
2025-11-26 19:48:58.783757056,s2-eth2,0.004486083984375,99.99551391601562
2025-11-26 19:48:58.783911936,s3-eth2,0.004486083984375,99.99551391601562
2025-11-26 19:48:59.784804096,s1-eth1,0.0029877471923828126,99.99701225280762
2025-11-26 19:48:59.784909056,s2-eth2,0.0029877471923828126,99.99701225280762
2025-11-26 19:48:59.785057024,s3-eth2,0.0029877471923828126,99.99701225280762
2025-11-26 19:49:00.785903872,s1-eth1,0.0029877471923828126,99.99701225280762
2025-11-26 19:49:00.786007040,s2-eth2,0.0029877471923828126,99.99701225280762
2025-11-26 19:49:00.786153984,s3-eth2,0.0029877471923828126,99.99701225280762
2025-11-26 19:49:01.786979840,s1-eth1,0.0029877471923828126,99.99701225280762
2025-11-26 19:49:01.787085056,s2-eth2,0.0029877471923828126,99.99701225280762
2025-11-26 19:49:01.787229952,s3-eth2,0.0029877471923828126,99.99701225280762
2025-11-26 19:49:02.788122880,s1-eth1,0.0029877471923828126,99.99701225280762
2025-11-26 19:49:02.788228864,s2-eth2,0.0029877471923828126,99.99701225280762
2025-11-26 19:49:02.788377088,s3-eth2,0.0029877471923828126,99.99701225280762
2025-11-26 19:49:03.789280768,s1-eth1,0.0036279296875,99.9963720703125
2025-11-26 19:49:03.789387008,s2-eth2,0.0029877471923828126,99.99701225280762
2025-11-26 19:49:03.789534976,s3-eth2,0.0029877471923828126,99.99701225280762
2025-11-26 19:49:04.790412032,s1-eth1,0.0029877471923828126,99.99701225280762
2025-11-26 19:49:04.790515968,s2-eth2,0.0029877471923828126,99.99701225280762
2025-11-26 19:49:04.790662144,s3-eth2,0.0029877471923828126,99.99701225280762
2025-11-26 19:49:05.791531008,s1-eth1,0.0029877471923828126,99.99701225280762
2025-11-26 19:49:05.791634944,s2-eth2,0.0029877471923828126,99.99701225280762
2025-11-26 19:49:05.791781888,s3-eth2,0.0029877471923828126,99.99701225280762
2025-11-26 19:49:06.792630016,s1-eth1,0.0029877471923828126,99.99701225280762
2025-11-26 19:49:06.792733952,s2-eth2,0.0029877471923828126,99.99701225280762
2025-11-26 19:49:06.792877824,s3-eth2,0.0029877471923828126,99.99701225280762
2025-11-26 19:49:07.793759232,s1-eth1,0.0022408294677734373,99.99775917053222
2025-11-26 19:49:07.793879040,s2-eth2,42.97693634033203,57.02306365966797
2025-11-26 19:49:07.794035968,s3-eth2,42.75621032714844,57.24378967285156
2025-11-26 19:49:08.794990080,s1-eth1,0.0029877471923828126,99.99701225280762
2025-11-26 19:49:08.795109120,s2-eth2,81.19331359863281,18.806686401367188
2025-11-26 19:49:08.795283968,s3-eth2,21.59019660949707,78.40980339050293
2025-11-26 19:49:09.796194048,s1-eth1,0.0029877471923828126,99.99701225280762
2025-11-26 19:49:09.796312064,s2-eth2,68.37544250488281,31.624557495117188
2025-11-26 19:49:09.796482048,s3-eth2,0.0029877471923828126,99.99701225280762
2025-11-26 19:49:10.797382144,s1-eth1,0.0037346649169921874,99.99626533508301
2025-11-26 19:49:10.797494016,s2-eth2,1.553949966430664,98.44605003356934
2025-11-26 19:49:10.797660160,s3-eth2,0.0029877471923828126,99.99701225280762
2025-11-26 19:49:11.798598912,s1-eth1,38.07946014404297,61.92053985595703
2025-11-26 19:49:11.798722048,s2-eth2,38.75508499145508,61.24491500854492
2025-11-26 19:49:11.798902016,s3-eth2,0.002881011962890625,99.99711898803712
2025-11-26 19:49:12.799831040,s1-eth1,27.717681884765625,72.28231811523438
2025-11-26 19:49:12.799952896,s2-eth2,27.04269790649414,72.95730209350586
2025-11-26 19:49:12.800115200,s3-eth2,0.0037346649169921874,99.99626533508301
2025-11-26 19:49:13.801127936,s1-eth1,0.0029877471923828126,99.99701225280762
2025-11-26 19:49:13.801232128,s2-eth2,0.0029877471923828126,99.99701225280762
2025-11-26 19:49:13.801379072,s3-eth2,0.0029877471923828126,99.99701225280762
2025-11-26 19:49:14.802223872,s1-eth1,0.0029877471923828126,99.99701225280762
2025-11-26 19:49:14.802333184,s2-eth2,57.68675994873047,42.31324005126953
2025-11-26 19:49:14.802497024,s3-eth2,0.00149383544921875,99.99850616455078
2025-11-26 19:49:15.803335936,s1-eth1,0.0029877471923828126,99.99701225280762
2025-11-26 19:49:15.803444992,s2-eth2,7.048645935058594,92.95135406494141
2025-11-26 19:49:15.803611136,s3-eth2,0.009588165283203125,99.9904118347168
2025-11-26 19:49:16.804193024,s1-eth1,38.546875,61.453125
2025-11-26 19:49:16.804236800,s2-eth2,53.42378234863281,46.57621765136719
2025-11-26 19:49:16.804302080,s3-eth2,69.58763122558594,30.412368774414062
2025-11-26 19:49:17.805026048,s1-eth1,26.462974548339844,73.53702545166016
2025-11-26 19:49:17.805143040,s2-eth2,11.665817260742188,88.33418273925781
2025-11-26 19:49:17.805323008,s3-eth2,0.005975494384765625,99.99402450561523
2025-11-26 19:49:18.806308096,s1-eth1,0.0029877471923828126,99.99701225280762
2025-11-26 19:49:18.806412032,s2-eth2,0.0029877471923828126,99.99701225280762
2025-11-26 19:49:18.806571008,s3-eth2,0.0029877471923828126,99.99701225280762
2025-11-26 19:49:19.807377152,s1-eth1,0.0029877471923828126,99.99701225280762
2025-11-26 19:49:19.807481088,s2-eth2,0.0029877471923828126,99.99701225280762
2025-11-26 19:49:19.807635968,s3-eth2,0.0029877471923828126,99.99701225280762
2025-11-26 19:49:20.808541952,s1-eth1,59.51222229003906,40.48777770996094
2025-11-26 19:49:20.808656896,s2-eth2,59.40437316894531,40.59562683105469
2025-11-26 19:49:20.808834048,s3-eth2,0.00213409423828125,99.99786590576171
2025-11-26 19:49:21.809758976,s1-eth1,54.77996826171875,45.22003173828125
2025-11-26 19:49:21.809874944,s2-eth2,55.54173278808594,44.45826721191406
2025-11-26 19:49:21.810059008,s3-eth2,43.22191619873047,56.77808380126953
2025-11-26 19:49:22.810972928,s1-eth1,89.30613708496094,10.693862915039062
2025-11-26 19:49:22.811103232,s2-eth2,88.65221405029297,11.347785949707031
2025-11-26 19:49:22.811269120,s3-eth2,24.12999153137207,75.87000846862793
2025-11-26 19:49:23.812113152,s1-eth1,0.012743606567382812,99.98725639343262
2025-11-26 19:49:23.812230144,s2-eth2,0.012743606567382812,99.98725639343262
2025-11-26 19:49:23.812380928,s3-eth2,0.0029877471923828126,99.99701225280762
2025-11-26 19:49:24.812929024,s1-eth1,44.83815002441406,55.16184997558594
2025-11-26 19:49:24.812982016,s2-eth2,0.003631591796875,99.99636840820312
2025-11-26 19:49:24.813040896,s3-eth2,0.003631591796875,99.99636840820312
2025-11-26 19:49:25.813443840,s1-eth1,21.329559326171875,78.67044067382812
2025-11-26 19:49:25.813574912,s2-eth2,0.00299072265625,99.99700927734375
2025-11-26 19:49:25.813721856,s3-eth2,0.00299072265625,99.99700927734375
2025-11-26 19:49:26.814550016,s1-eth1,0.0029877471923828126,99.99701225280762
2025-11-26 19:49:26.814667008,s2-eth2,0.0029877471923828126,99.99701225280762
2025-11-26 19:49:26.814814208,s3-eth2,0.0029877471923828126,99.99701225280762
2025-11-26 19:49:27.815643136,s1-eth1,49.01402282714844,50.98597717285156
2025-11-26 19:49:27.815766016,s2-eth2,48.9177131652832,51.0822868347168
2025-11-26 19:49:27.815921152,s3-eth2,48.63026428222656,51.36973571777344
2025-11-26 19:49:28.816967936,s1-eth1,17.074562072753906,82.9254379272461
2025-11-26 19:49:28.817099008,s2-eth2,17.17087173461914,82.82912826538086
2025-11-26 19:49:28.817264128,s3-eth2,67.16055297851562,32.839447021484375
2025-11-26 19:49:29.818113024,s1-eth1,0.0029877471923828126,99.99701225280762
2025-11-26 19:49:29.818217984,s2-eth2,0.0029877471923828126,99.99701225280762
2025-11-26 19:49:29.818376192,s3-eth2,19.82387351989746,80.17612648010254
2025-11-26 19:49:30.819225088,s1-eth1,0.0029877471923828126,99.99701225280762
2025-11-26 19:49:30.819328000,s2-eth2,0.0029877471923828126,99.99701225280762
2025-11-26 19:49:30.819473152,s3-eth2,0.0029877471923828126,99.99701225280762
2025-11-26 19:49:31.820002048,s1-eth1,0.00299072265625,99.99700927734375
2025-11-26 19:49:31.820039936,s2-eth2,0.00299072265625,99.99700927734375
2025-11-26 19:49:31.820094976,s3-eth2,0.00299072265625,99.99700927734375
2025-11-26 19:49:32.820771840,s1-eth1,0.00299072265625,99.99700927734375
2025-11-26 19:49:32.820888064,s2-eth2,0.00299072265625,99.99700927734375
2025-11-26 19:49:32.821035008,s3-eth2,0.00299072265625,99.99700927734375
2025-11-26 19:49:33.821969920,s1-eth1,31.89166259765625,68.10833740234375
2025-11-26 19:49:33.822107136,s2-eth2,31.784317016601562,68.21568298339844
2025-11-26 19:49:33.822267904,s3-eth2,0.0029877471923828126,99.99701225280762
2025-11-26 19:49:34.823182080,s1-eth1,33.905616760253906,66.0943832397461
2025-11-26 19:49:34.823316992,s2-eth2,34.012962341308594,65.9870376586914
2025-11-26 19:49:34.823476992,s3-eth2,0.0029877471923828126,99.99701225280762
2025-11-26 19:49:35.824206080,s1-eth1,0.0036279296875,99.9963720703125
2025-11-26 19:49:35.824312832,s2-eth2,0.00299072265625,99.99700927734375
2025-11-26 19:49:35.824461824,s3-eth2,0.00299072265625,99.99700927734375
2025-11-26 19:49:36.825337856,s1-eth1,0.0029877471923828126,99.99701225280762
2025-11-26 19:49:36.825454080,s2-eth2,45.65781784057617,54.34218215942383
2025-11-26 19:49:36.825607936,s3-eth2,45.76768112182617,54.23231887817383
2025-11-26 19:49:37.826457856,s1-eth1,0.0029877471923828126,99.99701225280762
2025-11-26 19:49:37.826572032,s2-eth2,18.688724517822266,81.31127548217773
2025-11-26 19:49:37.826726912,s3-eth2,18.57886505126953,81.42113494873047
2025-11-26 19:49:38.827790080,s1-eth1,0.0029877471923828126,99.99701225280762
2025-11-26 19:49:38.827895040,s2-eth2,0.0042681884765625,99.99573181152344
2025-11-26 19:49:38.828043008,s3-eth2,0.0042681884765625,99.99573181152344
2025-11-26 19:49:39.828898816,s1-eth1,0.0029877471923828126,99.99701225280762
2025-11-26 19:49:39.829003008,s2-eth2,0.0029877471923828126,99.99701225280762
2025-11-26 19:49:39.829149952,s3-eth2,0.0029877471923828126,99.99701225280762
2025-11-26 19:49:40.829992960,s1-eth1,0.0029877471923828126,99.99701225280762
2025-11-26 19:49:40.830097920,s2-eth2,0.0029877471923828126,99.99701225280762
2025-11-26 19:49:40.830245120,s3-eth2,0.0029877471923828126,99.99701225280762
2025-11-26 19:49:41.831095808,s1-eth1,0.0029877471923828126,99.99701225280762
2025-11-26 19:49:41.831201024,s2-eth2,0.0029877471923828126,99.99701225280762
2025-11-26 19:49:41.831347968,s3-eth2,0.0029877471923828126,99.99701225280762
2025-11-26 19:49:42.832258816,s1-eth1,0.0029877471923828126,99.99701225280762
2025-11-26 19:49:42.832390912,s2-eth2,0.0029877471923828126,99.99701225280762
2025-11-26 19:49:42.832541952,s3-eth2,0.0029877471923828126,99.99701225280762
2025-11-26 19:49:43.833596928,s1-eth1,0.0029877471923828126,99.99701225280762
2025-11-26 19:49:43.833709056,s2-eth2,0.0029877471923828126,99.99701225280762
2025-11-26 19:49:43.833857024,s3-eth2,0.0029877471923828126,99.99701225280762
2025-11-26 19:49:44.834750976,s1-eth1,53.911224365234375,46.088775634765625
2025-11-26 19:49:44.834883840,s2-eth2,0.0029877471923828126,99.99701225280762
2025-11-26 19:49:44.835033856,s3-eth2,0.0029877471923828126,99.99701225280762
2025-11-26 19:49:45.835897088,s1-eth1,14.617539367675782,85.38246063232421
2025-11-26 19:49:45.836014080,s2-eth2,0.0033078765869140624,99.99669212341308
2025-11-26 19:49:45.836162048,s3-eth2,0.0033078765869140624,99.99669212341308
2025-11-26 19:49:46.837011200,s1-eth1,0.0036279296875,99.9963720703125
2025-11-26 19:49:46.837116928,s2-eth2,0.0033078765869140624,99.99669212341308
2025-11-26 19:49:46.837264128,s3-eth2,0.0033078765869140624,99.99669212341308
2025-11-26 19:49:47.838093056,s1-eth1,0.0029877471923828126,99.99701225280762
2025-11-26 19:49:47.838209024,s2-eth2,0.0029877471923828126,99.99701225280762
2025-11-26 19:49:47.838355968,s3-eth2,0.0029877471923828126,99.99701225280762
2025-11-26 19:49:48.839344128,s1-eth1,0.0029877471923828126,99.99701225280762
2025-11-26 19:49:48.839461120,s2-eth2,0.0029877471923828126,99.99701225280762
2025-11-26 19:49:48.839607040,s3-eth2,0.0029877471923828126,99.99701225280762
2025-11-26 19:49:49.840427008,s1-eth1,0.0029877471923828126,99.99701225280762
2025-11-26 19:49:49.840548096,s2-eth2,0.0029877471923828126,99.99701225280762
2025-11-26 19:49:49.840692992,s3-eth2,0.0029877471923828126,99.99701225280762
2025-11-26 19:49:50.841516032,s1-eth1,0.0029877471923828126,99.99701225280762
2025-11-26 19:49:50.841619968,s2-eth2,0.0029877471923828126,99.99701225280762
2025-11-26 19:49:50.841777920,s3-eth2,0.0029877471923828126,99.99701225280762
2025-11-26 19:49:51.842693120,s1-eth1,36.38105392456055,63.61894607543945
2025-11-26 19:49:51.842804992,s2-eth2,0.0029877471923828126,99.99701225280762
2025-11-26 19:49:51.842995968,s3-eth2,0.0029877471923828126,99.99701225280762
2025-11-26 19:49:52.843895040,s1-eth1,29.11032485961914,70.88967514038086
2025-11-26 19:49:52.844018944,s2-eth2,0.0029877471923828126,99.99701225280762
2025-11-26 19:49:52.844176896,s3-eth2,0.0029877471923828126,99.99701225280762
2025-11-26 19:49:53.845185024,s1-eth1,48.671329498291016,51.328670501708984
2025-11-26 19:49:53.845315072,s2-eth2,0.0029877471923828126,99.99701225280762
2025-11-26 19:49:53.845464064,s3-eth2,0.0029877471923828126,99.99701225280762
2025-11-26 19:49:54.846308864,s1-eth1,19.969343185424805,80.0306568145752
2025-11-26 19:49:54.846438912,s2-eth2,0.0029877471923828126,99.99701225280762
2025-11-26 19:49:54.846586112,s3-eth2,0.0029877471923828126,99.99701225280762
2025-11-26 19:49:55.847448064,s1-eth1,0.0029877471923828126,99.99701225280762
2025-11-26 19:49:55.847564032,s2-eth2,0.0029877471923828126,99.99701225280762
2025-11-26 19:49:55.847710976,s3-eth2,0.0029877471923828126,99.99701225280762
2025-11-26 19:49:56.848560128,s1-eth1,0.0029877471923828126,99.99701225280762
2025-11-26 19:49:56.848675840,s2-eth2,0.0029877471923828126,99.99701225280762
2025-11-26 19:49:56.848823040,s3-eth2,0.0029877471923828126,99.99701225280762
2025-11-26 19:49:57.849641984,s1-eth1,0.0029877471923828126,99.99701225280762
2025-11-26 19:49:57.849764096,s2-eth2,0.0029877471923828126,99.99701225280762
2025-11-26 19:49:57.849920000,s3-eth2,0.0029877471923828126,99.99701225280762
2025-11-26 19:49:58.850927104,s1-eth1,0.0036279296875,99.9963720703125
2025-11-26 19:49:58.851053056,s2-eth2,0.0029877471923828126,99.99701225280762
2025-11-26 19:49:58.851206912,s3-eth2,0.0029877471923828126,99.99701225280762
2025-11-26 19:49:59.852119808,s1-eth1,39.46528244018555,60.53471755981445
2025-11-26 19:49:59.852271104,s2-eth2,58.82298278808594,41.17701721191406
2025-11-26 19:49:59.852432896,s3-eth2,0.0029877471923828126,99.99701225280762
2025-11-26 19:50:00.853331200,s1-eth1,25.598630905151367,74.40136909484863
2025-11-26 19:50:00.853458944,s2-eth2,6.199588317871093,93.80041168212891
2025-11-26 19:50:00.853619200,s3-eth2,0.0029877471923828126,99.99701225280762
2025-11-26 19:50:01.854466048,s1-eth1,0.0029877471923828126,99.99701225280762
2025-11-26 19:50:01.854571008,s2-eth2,0.0036279296875,99.9963720703125
2025-11-26 19:50:01.854716928,s3-eth2,0.0036279296875,99.9963720703125
2025-11-26 19:50:02.855678208,s1-eth1,0.0029877471923828126,99.99701225280762
2025-11-26 19:50:02.855792896,s2-eth2,0.0029877471923828126,99.99701225280762
2025-11-26 19:50:02.855942912,s3-eth2,0.0029877471923828126,99.99701225280762
2025-11-26 19:50:03.857003008,s1-eth1,0.0029877471923828126,99.99701225280762
2025-11-26 19:50:03.857117952,s2-eth2,0.0029877471923828126,99.99701225280762
2025-11-26 19:50:03.857267968,s3-eth2,0.0029877471923828126,99.99701225280762
2025-11-26 19:50:04.858166016,s1-eth1,0.0029877471923828126,99.99701225280762
2025-11-26 19:50:04.858272000,s2-eth2,0.0029877471923828126,99.99701225280762
2025-11-26 19:50:04.858418944,s3-eth2,0.0029877471923828126,99.99701225280762
2025-11-26 19:50:05.859286016,s1-eth1,0.0029877471923828126,99.99701225280762
2025-11-26 19:50:05.859392000,s2-eth2,0.0036279296875,99.9963720703125
2025-11-26 19:50:05.859538176,s3-eth2,0.0036279296875,99.9963720703125
2025-11-26 19:50:06.860378112,s1-eth1,0.0042681884765625,99.99573181152344
2025-11-26 19:50:06.860482816,s2-eth2,0.0036279296875,99.9963720703125
2025-11-26 19:50:06.860627968,s3-eth2,0.0036279296875,99.9963720703125
2025-11-26 19:50:07.861441024,s1-eth1,0.0029877471923828126,99.99701225280762
2025-11-26 19:50:07.861544960,s2-eth2,0.0029877471923828126,99.99701225280762
2025-11-26 19:50:07.861690112,s3-eth2,0.0029877471923828126,99.99701225280762
2025-11-26 19:50:08.862318080,s1-eth1,0.00299072265625,99.99700927734375
2025-11-26 19:50:08.862433024,s2-eth2,45.310272216796875,54.689727783203125
2025-11-26 19:50:08.862587904,s3-eth2,45.034088134765625,54.965911865234375
2025-11-26 19:50:09.863151104,s1-eth1,0.00299072265625,99.99700927734375
2025-11-26 19:50:09.863192064,s2-eth2,19.100975036621094,80.8990249633789
2025-11-26 19:50:09.863248128,s3-eth2,19.377159118652344,80.62284088134766
2025-11-26 19:50:10.863641856,s1-eth1,6.04937744140625,93.95062255859375
2025-11-26 19:50:10.863681024,s2-eth2,0.00299072265625,99.99700927734375
2025-11-26 19:50:10.863737088,s3-eth2,0.00299072265625,99.99700927734375
2025-11-26 19:50:11.864502784,s1-eth1,62.532135009765625,37.467864990234375
2025-11-26 19:50:11.864623104,s2-eth2,52.35578918457031,47.64421081542969
2025-11-26 19:50:11.864794880,s3-eth2,0.0036279296875,99.9963720703125
2025-11-26 19:50:12.865724160,s1-eth1,51.41404724121094,48.58595275878906
2025-11-26 19:50:12.865846016,s2-eth2,71.99256134033203,28.00743865966797
2025-11-26 19:50:12.866013952,s3-eth2,0.00149383544921875,99.99850616455078
2025-11-26 19:50:13.866731776,s1-eth1,15.948361358642579,84.05163864135741
2025-11-26 19:50:13.866774016,s2-eth2,77.06079864501953,22.93920135498047
2025-11-26 19:50:13.866839808,s3-eth2,0.0079193115234375,99.99208068847656
2025-11-26 19:50:14.867235840,s1-eth1,0.00299072265625,99.99700927734375
2025-11-26 19:50:14.867275008,s2-eth2,0.00299072265625,99.99700927734375
2025-11-26 19:50:14.867335936,s3-eth2,69.59163665771484,30.408363342285156
2025-11-26 19:50:15.868017920,s1-eth1,0.00299072265625,99.99700927734375
2025-11-26 19:50:15.868122112,s2-eth2,0.00299072265625,99.99700927734375
2025-11-26 19:50:15.868283136,s3-eth2,0.00299072265625,99.99700927734375
2025-11-26 19:50:16.869133056,s1-eth1,0.0029877471923828126,99.99701225280762
2025-11-26 19:50:16.869238016,s2-eth2,0.0029877471923828126,99.99701225280762
2025-11-26 19:50:16.869395968,s3-eth2,0.0029877471923828126,99.99701225280762
2025-11-26 19:50:17.869935104,s1-eth1,0.00299072265625,99.99700927734375
2025-11-26 19:50:17.869976064,s2-eth2,64.78672790527344,35.21327209472656
2025-11-26 19:50:17.870043904,s3-eth2,0.00299072265625,99.99700927734375
2025-11-26 19:50:18.870413056,s1-eth1,0.00299072265625,99.99700927734375
2025-11-26 19:50:18.870451968,s2-eth2,0.0128021240234375,99.98719787597656
2025-11-26 19:50:18.870513920,s3-eth2,0.00299072265625,99.99700927734375
2025-11-26 19:50:19.871286016,s1-eth1,37.53828430175781,62.46171569824219
2025-11-26 19:50:19.871407104,s2-eth2,38.09141540527344,61.90858459472656
2025-11-26 19:50:19.871593984,s3-eth2,48.813262939453125,51.186737060546875
2025-11-26 19:50:20.872463104,s1-eth1,27.995983123779297,72.0040168762207
2025-11-26 19:50:20.872600064,s2-eth2,27.443405151367188,72.55659484863281
2025-11-26 19:50:20.872765184,s3-eth2,20.7158260345459,79.2841739654541
2025-11-26 19:50:21.873646848,s1-eth1,47.23613739013672,52.76386260986328
2025-11-26 19:50:21.873778944,s2-eth2,47.95601272583008,52.04398727416992
2025-11-26 19:50:21.873963008,s3-eth2,48.121559143066406,51.878440856933594
2025-11-26 19:50:22.874551040,s1-eth1,63.09492492675781,36.90507507324219
2025-11-26 19:50:22.874610944,s2-eth2,18.152206420898438,81.84779357910156
2025-11-26 19:50:22.874674944,s3-eth2,17.986495971679688,82.01350402832031
2025-11-26 19:50:23.875511808,s1-eth1,21.941856384277344,78.05814361572266
2025-11-26 19:50:23.875633920,s2-eth2,0.0036279296875,99.9963720703125
2025-11-26 19:50:23.875783936,s3-eth2,0.0036279296875,99.9963720703125
2025-11-26 19:50:24.876620032,s1-eth1,0.0029877471923828126,99.99701225280762
2025-11-26 19:50:24.876723968,s2-eth2,0.0029877471923828126,99.99701225280762
2025-11-26 19:50:24.876871168,s3-eth2,0.0029877471923828126,99.99701225280762
2025-11-26 19:50:25.877684992,s1-eth1,0.0029877471923828126,99.99701225280762
2025-11-26 19:50:25.877788160,s2-eth2,0.0029877471923828126,99.99701225280762
2025-11-26 19:50:25.877933056,s3-eth2,0.0029877471923828126,99.99701225280762
2025-11-26 19:50:26.878777856,s1-eth1,0.0029877471923828126,99.99701225280762
2025-11-26 19:50:26.878899200,s2-eth2,0.0029877471923828126,99.99701225280762
2025-11-26 19:50:26.879048960,s3-eth2,0.0029877471923828126,99.99701225280762
2025-11-26 19:50:27.879856128,s1-eth1,0.0029877471923828126,99.99701225280762
2025-11-26 19:50:27.879970048,s2-eth2,0.0029877471923828126,99.99701225280762
2025-11-26 19:50:27.880115968,s3-eth2,0.0029877471923828126,99.99701225280762
2025-11-26 19:50:28.880974080,s1-eth1,0.0029877471923828126,99.99701225280762
2025-11-26 19:50:28.881086976,s2-eth2,0.0029877471923828126,99.99701225280762
2025-11-26 19:50:28.881233920,s3-eth2,0.0029877471923828126,99.99701225280762
2025-11-26 19:50:29.882034176,s1-eth1,0.0029877471923828126,99.99701225280762
2025-11-26 19:50:29.882145792,s2-eth2,0.0029877471923828126,99.99701225280762
2025-11-26 19:50:29.882291968,s3-eth2,0.0029877471923828126,99.99701225280762
2025-11-26 19:50:30.883138048,s1-eth1,36.771854400634766,63.228145599365234
2025-11-26 19:50:30.883260928,s2-eth2,37.380863189697266,62.619136810302734
2025-11-26 19:50:30.883418112,s3-eth2,0.0033078765869140624,99.99669212341308
2025-11-26 19:50:31.884353024,s1-eth1,69.70592498779297,30.29407501220703
2025-11-26 19:50:31.884485888,s2-eth2,68.93388366699219,31.066116333007812
2025-11-26 19:50:31.884651776,s3-eth2,40.60545349121094,59.39454650878906
2025-11-26 19:50:32.885554176,s1-eth1,25.10120391845703,74.89879608154297
2025-11-26 19:50:32.885682944,s2-eth2,25.26423454284668,74.73576545715332
2025-11-26 19:50:32.885839104,s3-eth2,25.484960556030273,74.51503944396973
2025-11-26 19:50:33.886884096,s1-eth1,0.0029877471923828126,99.99701225280762
2025-11-26 19:50:33.886990080,s2-eth2,0.0029877471923828126,99.99701225280762
2025-11-26 19:50:33.887139072,s3-eth2,0.0029877471923828126,99.99701225280762
2025-11-26 19:50:34.888000000,s1-eth1,0.0029877471923828126,99.99701225280762
2025-11-26 19:50:34.888119040,s2-eth2,0.0029877471923828126,99.99701225280762
2025-11-26 19:50:34.888267008,s3-eth2,0.0029877471923828126,99.99701225280762
2025-11-26 19:50:35.889150976,s1-eth1,0.0029877471923828126,99.99701225280762
2025-11-26 19:50:35.889272064,s2-eth2,0.0029877471923828126,99.99701225280762
2025-11-26 19:50:35.889419008,s3-eth2,0.0029877471923828126,99.99701225280762
2025-11-26 19:50:36.890286080,s1-eth1,0.0029877471923828126,99.99701225280762
2025-11-26 19:50:36.890404096,s2-eth2,0.0029877471923828126,99.99701225280762
2025-11-26 19:50:36.890553088,s3-eth2,0.0029877471923828126,99.99701225280762
2025-11-26 19:50:37.891452928,s1-eth1,0.0036279296875,99.9963720703125
2025-11-26 19:50:37.891558912,s2-eth2,0.0036279296875,99.9963720703125
2025-11-26 19:50:37.891724032,s3-eth2,0.0036279296875,99.9963720703125
2025-11-26 19:50:38.892698112,s1-eth1,52.96357727050781,47.03642272949219
2025-11-26 19:50:38.892813824,s2-eth2,0.0029877471923828126,99.99701225280762
2025-11-26 19:50:38.892976896,s3-eth2,0.0029877471923828126,99.99701225280762
2025-11-26 19:50:39.893920000,s1-eth1,52.53548049926758,47.46451950073242
2025-11-26 19:50:39.894059776,s2-eth2,46.38248062133789,53.61751937866211
2025-11-26 19:50:39.894227968,s3-eth2,46.658390045166016,53.341609954833984
2025-11-26 19:50:40.895174144,s1-eth1,28.51866912841797,71.48133087158203
2025-11-26 19:50:40.895312128,s2-eth2,17.963916778564453,82.03608322143555
2025-11-26 19:50:40.895478016,s3-eth2,17.68800926208496,82.31199073791504
2025-11-26 19:50:41.896431872,s1-eth1,0.0029877471923828126,99.99701225280762
2025-11-26 19:50:41.896541184,s2-eth2,0.0029877471923828126,99.99701225280762
2025-11-26 19:50:41.896689920,s3-eth2,0.0029877471923828126,99.99701225280762
2025-11-26 19:50:42.897628928,s1-eth1,0.0029877471923828126,99.99701225280762
2025-11-26 19:50:42.897732864,s2-eth2,0.0029877471923828126,99.99701225280762
2025-11-26 19:50:42.897881088,s3-eth2,0.0029877471923828126,99.99701225280762
2025-11-26 19:50:43.898518016,s1-eth1,30.473297119140625,69.52670288085938
2025-11-26 19:50:43.898638080,s2-eth2,30.3658447265625,69.6341552734375
2025-11-26 19:50:43.898796032,s3-eth2,0.00299072265625,99.99700927734375
2025-11-26 19:50:44.899756800,s1-eth1,35.354530334472656,64.64546966552734
2025-11-26 19:50:44.899880960,s2-eth2,35.461875915527344,64.53812408447266
2025-11-26 19:50:44.900080896,s3-eth2,0.0029877471923828126,99.99701225280762
2025-11-26 19:50:45.900975872,s1-eth1,0.0029877471923828126,99.99701225280762
2025-11-26 19:50:45.901088000,s2-eth2,0.0029877471923828126,99.99701225280762
2025-11-26 19:50:45.901235200,s3-eth2,0.0029877471923828126,99.99701225280762
2025-11-26 19:50:46.902113024,s1-eth1,0.0029877471923828126,99.99701225280762
2025-11-26 19:50:46.902219008,s2-eth2,0.0036279296875,99.9963720703125
2025-11-26 19:50:46.902365952,s3-eth2,0.0036279296875,99.9963720703125
2025-11-26 19:50:47.903323904,s1-eth1,0.0029877471923828126,99.99701225280762
2025-11-26 19:50:47.903448064,s2-eth2,0.0029877471923828126,99.99701225280762
2025-11-26 19:50:47.903606784,s3-eth2,0.0029877471923828126,99.99701225280762
2025-11-26 19:50:48.904658176,s1-eth1,0.0029877471923828126,99.99701225280762
2025-11-26 19:50:48.904780032,s2-eth2,0.0029877471923828126,99.99701225280762
2025-11-26 19:50:48.904937984,s3-eth2,0.0029877471923828126,99.99701225280762
2025-11-26 19:50:49.905833984,s1-eth1,0.0029877471923828126,99.99701225280762
2025-11-26 19:50:49.905937920,s2-eth2,0.0029877471923828126,99.99701225280762
2025-11-26 19:50:49.906085120,s3-eth2,0.0029877471923828126,99.99701225280762
2025-11-26 19:50:50.906999040,s1-eth1,0.0036279296875,99.9963720703125
2025-11-26 19:50:50.907104000,s2-eth2,0.0036279296875,99.9963720703125
2025-11-26 19:50:50.907252992,s3-eth2,0.0036279296875,99.9963720703125
2025-11-26 19:50:51.908116224,s1-eth1,0.0029877471923828126,99.99701225280762
2025-11-26 19:50:51.908221952,s2-eth2,0.0029877471923828126,99.99701225280762
2025-11-26 19:50:51.908368128,s3-eth2,0.0029877471923828126,99.99701225280762
2025-11-26 19:50:52.909315072,s1-eth1,38.86479187011719,61.13520812988281
2025-11-26 19:50:52.909446912,s2-eth2,57.487056732177734,42.512943267822266
2025-11-26 19:50:52.909609984,s3-eth2,0.0029877471923828126,99.99701225280762
2025-11-26 19:50:53.910317824,s1-eth1,71.91569519042969,28.084304809570312
2025-11-26 19:50:53.910390016,s2-eth2,7.545204162597656,92.45479583740234
2025-11-26 19:50:53.910466048,s3-eth2,0.00299072265625,99.99700927734375
2025-11-26 19:50:54.911267072,s1-eth1,21.82971954345703,78.17028045654297
2025-11-26 19:50:54.911382016,s2-eth2,0.00299072265625,99.99700927734375
2025-11-26 19:50:54.911534080,s3-eth2,0.0029877471923828126,99.99701225280762
2025-11-26 19:50:55.912480000,s1-eth1,0.0029877471923828126,99.99701225280762
2025-11-26 19:50:55.912508928,s2-eth2,0.0029877471923828126,99.99701225280762
2025-11-26 19:50:55.912552960,s3-eth2,0.0029877471923828126,99.99701225280762
2025-11-26 19:50:56.913255936,s1-eth1,0.00299072265625,99.99700927734375
2025-11-26 19:50:56.913358848,s2-eth2,0.00299072265625,99.99700927734375
2025-11-26 19:50:56.913506048,s3-eth2,0.00299072265625,99.99700927734375
2025-11-26 19:50:57.914102016,s1-eth1,0.00299072265625,99.99700927734375
2025-11-26 19:50:57.914144000,s2-eth2,45.310272216796875,54.689727783203125
2025-11-26 19:50:57.914201856,s3-eth2,45.03358459472656,54.96641540527344
2025-11-26 19:50:58.915013120,s1-eth1,0.00299072265625,99.99700927734375
2025-11-26 19:50:58.915127040,s2-eth2,19.100997924804688,80.89900207519531
2025-11-26 19:50:58.915286016,s3-eth2,19.358327865600586,80.64167213439941
2025-11-26 19:50:59.915855872,s1-eth1,0.00299072265625,99.99700927734375
2025-11-26 19:50:59.915894016,s2-eth2,0.00299072265625,99.99700927734375
2025-11-26 19:50:59.915949056,s3-eth2,0.00299072265625,99.99700927734375
2025-11-26 19:51:00.916313856,s1-eth1,0.00299072265625,99.99700927734375
2025-11-26 19:51:00.916352000,s2-eth2,0.00299072265625,99.99700927734375
2025-11-26 19:51:00.916407040,s3-eth2,0.00299072265625,99.99700927734375
2025-11-26 19:51:01.916773120,s1-eth1,0.003631591796875,99.99636840820312
2025-11-26 19:51:01.916812032,s2-eth2,0.003631591796875,99.99636840820312
2025-11-26 19:51:01.916867072,s3-eth2,0.003631591796875,99.99636840820312
2025-11-26 19:51:02.917229056,s1-eth1,0.00299072265625,99.99700927734375
2025-11-26 19:51:02.917267200,s2-eth2,0.00299072265625,99.99700927734375
2025-11-26 19:51:02.917321984,s3-eth2,0.00299072265625,99.99700927734375
2025-11-26 19:51:03.917654016,s1-eth1,0.00299072265625,99.99700927734375
2025-11-26 19:51:03.917682944,s2-eth2,0.00299072265625,99.99700927734375
2025-11-26 19:51:03.917725184,s3-eth2,0.00299072265625,99.99700927734375
2025-11-26 19:51:04.918036992,s1-eth1,0.00299072265625,99.99700927734375
2025-11-26 19:51:04.918068992,s2-eth2,54.811279296875,45.188720703125
2025-11-26 19:51:04.918117120,s3-eth2,0.00299072265625,99.99700927734375
2025-11-26 19:51:05.918801920,s1-eth1,0.00299072265625,99.99700927734375
2025-11-26 19:51:05.918927872,s2-eth2,9.988227844238281,90.01177215576172
2025-11-26 19:51:05.919094016,s3-eth2,0.00299072265625,99.99700927734375
2025-11-26 19:51:06.919968000,s1-eth1,0.0029877471923828126,99.99701225280762
2025-11-26 19:51:06.920072960,s2-eth2,0.0029877471923828126,99.99701225280762
2025-11-26 19:51:06.920222976,s3-eth2,0.0029877471923828126,99.99701225280762
2025-11-26 19:51:07.921086976,s1-eth1,0.0029877471923828126,99.99701225280762
2025-11-26 19:51:07.921191936,s2-eth2,0.0029877471923828126,99.99701225280762
2025-11-26 19:51:07.921339136,s3-eth2,0.0029877471923828126,99.99701225280762
2025-11-26 19:51:08.922458880,s1-eth1,36.85913848876953,63.14086151123047
2025-11-26 19:51:08.922573056,s2-eth2,0.0036279296875,99.9963720703125
2025-11-26 19:51:08.922733056,s3-eth2,0.0036279296875,99.9963720703125
2025-11-26 19:51:09.923703040,s1-eth1,28.632089614868164,71.36791038513184
2025-11-26 19:51:09.923814912,s2-eth2,0.0029877471923828126,99.99701225280762
2025-11-26 19:51:09.923970816,s3-eth2,0.0029877471923828126,99.99701225280762
2025-11-26 19:51:10.924496896,s1-eth1,0.00299072265625,99.99700927734375
2025-11-26 19:51:10.924526080,s2-eth2,0.00299072265625,99.99700927734375
2025-11-26 19:51:10.924568064,s3-eth2,0.00299072265625,99.99700927734375
2025-11-26 19:51:11.924869120,s1-eth1,0.00299072265625,99.99700927734375
2025-11-26 19:51:11.924899072,s2-eth2,0.00299072265625,99.99700927734375
2025-11-26 19:51:11.924941056,s3-eth2,0.00299072265625,99.99700927734375
2025-11-26 19:51:12.925573120,s1-eth1,0.00299072265625,99.99700927734375
2025-11-26 19:51:12.925677056,s2-eth2,0.00299072265625,99.99700927734375
2025-11-26 19:51:12.925822976,s3-eth2,0.00299072265625,99.99700927734375
2025-11-26 19:51:13.926770944,s1-eth1,0.0029877471923828126,99.99701225280762
2025-11-26 19:51:13.926888960,s2-eth2,0.0029877471923828126,99.99701225280762
2025-11-26 19:51:13.927036928,s3-eth2,0.0029877471923828126,99.99701225280762
2025-11-26 19:51:14.927866880,s1-eth1,0.0029877471923828126,99.99701225280762
2025-11-26 19:51:14.927980032,s2-eth2,0.0029877471923828126,99.99701225280762
2025-11-26 19:51:14.928137984,s3-eth2,0.0029877471923828126,99.99701225280762
2025-11-26 19:51:15.929073152,s1-eth1,60.7384033203125,39.2615966796875
2025-11-26 19:51:15.929195776,s2-eth2,60.464927673339844,39.535072326660156
2025-11-26 19:51:15.929435136,s3-eth2,0.0029877471923828126,99.99701225280762
2025-11-26 19:51:16.930569984,s1-eth1,4.753471374511719,95.24652862548828
2025-11-26 19:51:16.930681856,s2-eth2,5.026947937011719,94.97305206298829
2025-11-26 19:51:16.930861056,s3-eth2,69.5262222290039,30.473777770996094
2025-11-26 19:51:17.931840000,s1-eth1,36.386085510253906,63.613914489746094
2025-11-26 19:51:17.931965184,s2-eth2,37.05078125,62.94921875
2025-11-26 19:51:17.932143872,s3-eth2,0.0029877471923828126,99.99701225280762
2025-11-26 19:51:18.933228032,s1-eth1,29.111469268798828,70.88853073120117
2025-11-26 19:51:18.933348864,s2-eth2,28.44613265991211,71.55386734008789
2025-11-26 19:51:18.933527040,s3-eth2,0.0029877471923828126,99.99701225280762
2025-11-26 19:51:19.934427136,s1-eth1,0.0036279296875,99.9963720703125
2025-11-26 19:51:19.934534144,s2-eth2,0.0029877471923828126,99.99701225280762
2025-11-26 19:51:19.934711040,s3-eth2,48.088356018066406,51.911643981933594
2025-11-26 19:51:20.935651072,s1-eth1,0.0029877471923828126,99.99701225280762
2025-11-26 19:51:20.935791104,s2-eth2,56.595733642578125,43.404266357421875
2025-11-26 19:51:20.935961088,s3-eth2,21.440855026245117,78.55914497375488
2025-11-26 19:51:21.936872960,s1-eth1,0.0029877471923828126,99.99701225280762
2025-11-26 19:51:21.937006848,s2-eth2,8.430100402832032,91.56989959716796
2025-11-26 19:51:21.937167872,s3-eth2,0.0029877471923828126,99.99701225280762
2025-11-26 19:51:22.938054912,s1-eth1,0.0029877471923828126,99.99701225280762
2025-11-26 19:51:22.938174976,s2-eth2,0.0029877471923828126,99.99701225280762
2025-11-26 19:51:22.938323968,s3-eth2,0.0029877471923828126,99.99701225280762
2025-11-26 19:51:23.939203072,s1-eth1,0.0029877471923828126,99.99701225280762
2025-11-26 19:51:23.939320064,s2-eth2,0.0029877471923828126,99.99701225280762
2025-11-26 19:51:23.939468032,s3-eth2,0.0029877471923828126,99.99701225280762
2025-11-26 19:51:24.940313088,s1-eth1,0.0029877471923828126,99.99701225280762
2025-11-26 19:51:24.940419072,s2-eth2,0.0029877471923828126,99.99701225280762
2025-11-26 19:51:24.940578816,s3-eth2,0.0029877471923828126,99.99701225280762
2025-11-26 19:51:25.941428992,s1-eth1,0.0036279296875,99.9963720703125
2025-11-26 19:51:25.941533184,s2-eth2,0.0036279296875,99.9963720703125
2025-11-26 19:51:25.941694976,s3-eth2,0.0033078765869140624,99.99669212341308
2025-11-26 19:51:26.942605056,s1-eth1,43.466819763183594,56.533180236816406
2025-11-26 19:51:26.942734080,s2-eth2,64.88563537597656,35.11436462402344
2025-11-26 19:51:26.942936832,s3-eth2,0.0033078765869140624,99.99669212341308
2025-11-26 19:51:27.943852800,s1-eth1,22.634531021118164,77.36546897888184
2025-11-26 19:51:27.943994112,s2-eth2,0.017034683227539062,99.98296531677246
2025-11-26 19:51:27.944158976,s3-eth2,0.0029877471923828126,99.99701225280762
2025-11-26 19:51:28.945200896,s1-eth1,0.0029877471923828126,99.99701225280762
2025-11-26 19:51:28.945319936,s2-eth2,0.0029877471923828126,99.99701225280762
2025-11-26 19:51:28.945468928,s3-eth2,0.0029877471923828126,99.99701225280762
2025-11-26 19:51:29.946379776,s1-eth1,46.28748321533203,53.71251678466797
2025-11-26 19:51:29.946511104,s2-eth2,46.9185676574707,53.0814323425293
2025-11-26 19:51:29.946671104,s3-eth2,47.11722183227539,52.88277816772461
2025-11-26 19:51:30.947606016,s1-eth1,19.801244735717773,80.19875526428223
2025-11-26 19:51:30.947738880,s2-eth2,19.170162200927734,80.82983779907227
2025-11-26 19:51:30.947896832,s3-eth2,18.971508026123047,81.02849197387695
2025-11-26 19:51:31.948645120,s1-eth1,0.0029877471923828126,99.99701225280762
2025-11-26 19:51:31.948679936,s2-eth2,0.003631591796875,99.99636840820312
2025-11-26 19:51:31.948721920,s3-eth2,0.003631591796875,99.99636840820312
2025-11-26 19:51:32.949362944,s1-eth1,0.00299072265625,99.99700927734375
2025-11-26 19:51:32.949479936,s2-eth2,0.00299072265625,99.99700927734375
2025-11-26 19:51:32.949625856,s3-eth2,0.00299072265625,99.99700927734375
2025-11-26 19:51:33.950608896,s1-eth1,0.0029877471923828126,99.99701225280762
2025-11-26 19:51:33.950727936,s2-eth2,0.0029877471923828126,99.99701225280762
2025-11-26 19:51:33.950895104,s3-eth2,0.0029877471923828126,99.99701225280762
2025-11-26 19:51:34.951746816,s1-eth1,0.0029877471923828126,99.99701225280762
2025-11-26 19:51:34.951851008,s2-eth2,0.0029877471923828126,99.99701225280762
2025-11-26 19:51:34.952011008,s3-eth2,0.0029877471923828126,99.99701225280762
2025-11-26 19:51:35.952923904,s1-eth1,35.043617248535156,64.95638275146484
2025-11-26 19:51:35.953033984,s2-eth2,0.0029877471923828126,99.99701225280762
2025-11-26 19:51:35.953208064,s3-eth2,0.0029877471923828126,99.99701225280762
2025-11-26 19:51:36.954097920,s1-eth1,30.447778701782227,69.55222129821777
2025-11-26 19:51:36.954208000,s2-eth2,0.0029877471923828126,99.99701225280762
2025-11-26 19:51:36.954379008,s3-eth2,0.0029877471923828126,99.99701225280762
2025-11-26 19:51:37.955293952,s1-eth1,0.0029877471923828126,99.99701225280762
2025-11-26 19:51:37.955398912,s2-eth2,0.0029877471923828126,99.99701225280762
2025-11-26 19:51:37.955563008,s3-eth2,0.0029877471923828126,99.99701225280762
2025-11-26 19:51:38.956628992,s1-eth1,0.0029877471923828126,99.99701225280762
2025-11-26 19:51:38.956770816,s2-eth2,45.15665817260742,54.84334182739258
2025-11-26 19:51:38.956929024,s3-eth2,45.377384185791016,54.622615814208984
2025-11-26 19:51:39.957881856,s1-eth1,35.8798942565918,64.1201057434082
2025-11-26 19:51:39.958046976,s2-eth2,55.7314567565918,44.2685432434082
2025-11-26 19:51:39.958236928,s3-eth2,18.96912956237793,81.03087043762207
2025-11-26 19:51:40.959183104,s1-eth1,29.6114559173584,70.3885440826416
2025-11-26 19:51:40.959297792,s2-eth2,28.946762084960938,71.05323791503906
2025-11-26 19:51:40.959457024,s3-eth2,0.0029877471923828126,99.99701225280762
2025-11-26 19:51:41.960365056,s1-eth1,0.0029877471923828126,99.99701225280762
2025-11-26 19:51:41.960470016,s2-eth2,0.0029877471923828126,99.99701225280762
2025-11-26 19:51:41.960616960,s3-eth2,0.0029877471923828126,99.99701225280762
2025-11-26 19:51:42.961519872,s1-eth1,0.0029877471923828126,99.99701225280762
2025-11-26 19:51:42.961626880,s2-eth2,0.0036279296875,99.9963720703125
2025-11-26 19:51:42.961776128,s3-eth2,0.0036279296875,99.9963720703125
2025-11-26 19:51:43.962838016,s1-eth1,0.0036279296875,99.9963720703125
2025-11-26 19:51:43.963023872,s2-eth2,0.0036279296875,99.9963720703125
2025-11-26 19:51:43.963179008,s3-eth2,0.0036279296875,99.9963720703125
2025-11-26 19:51:44.964119040,s1-eth1,0.0029877471923828126,99.99701225280762
2025-11-26 19:51:44.964234240,s2-eth2,0.0029877471923828126,99.99701225280762
2025-11-26 19:51:44.964393984,s3-eth2,0.0029877471923828126,99.99701225280762
2025-11-26 19:51:45.965393920,s1-eth1,47.732269287109375,52.267730712890625
2025-11-26 19:51:45.965516032,s2-eth2,47.624420166015625,52.375579833984375
2025-11-26 19:51:45.965699072,s3-eth2,47.34800720214844,52.65199279785156
2025-11-26 19:51:46.966708992,s1-eth1,18.356826782226562,81.64317321777344
2025-11-26 19:51:46.966824960,s2-eth2,18.46467399597168,81.53532600402832
2025-11-26 19:51:46.967000064,s3-eth2,18.741086959838867,81.25891304016113
2025-11-26 19:51:47.967981056,s1-eth1,51.06853103637695,48.93146896362305
2025-11-26 19:51:47.968108800,s2-eth2,5.281766891479492,94.71823310852051
2025-11-26 19:51:47.968271104,s3-eth2,0.0029877471923828126,99.99701225280762
2025-11-26 19:51:48.969224960,s1-eth1,86.7238540649414,13.276145935058594
2025-11-26 19:51:48.969353984,s2-eth2,63.98772430419922,36.01227569580078
2025-11-26 19:51:48.969513984,s3-eth2,0.0029877471923828126,99.99701225280762
2025-11-26 19:51:49.970402048,s1-eth1,0.012774124145507812,99.98722587585449
2025-11-26 19:51:49.970510848,s2-eth2,0.012774124145507812,99.98722587585449
2025-11-26 19:51:49.970664960,s3-eth2,0.0029877471923828126,99.99701225280762
2025-11-26 19:51:50.971630080,s1-eth1,0.0029877471923828126,99.99701225280762
2025-11-26 19:51:50.971736064,s2-eth2,0.0029877471923828126,99.99701225280762
2025-11-26 19:51:50.971885056,s3-eth2,0.0029877471923828126,99.99701225280762
2025-11-26 19:51:51.972758016,s1-eth1,0.0036279296875,99.9963720703125
2025-11-26 19:51:51.972864000,s2-eth2,0.0036279296875,99.9963720703125
2025-11-26 19:51:51.973012992,s3-eth2,0.0036279296875,99.9963720703125
2025-11-26 19:51:52.973918976,s1-eth1,51.960750579833984,48.039249420166016
2025-11-26 19:51:52.974036992,s2-eth2,0.0029877471923828126,99.99701225280762
2025-11-26 19:51:52.974184960,s3-eth2,0.0029877471923828126,99.99701225280762
2025-11-26 19:51:53.975249920,s1-eth1,16.6799373626709,83.3200626373291
2025-11-26 19:51:53.975367168,s2-eth2,0.0029877471923828126,99.99701225280762
2025-11-26 19:51:53.975514880,s3-eth2,0.0029877471923828126,99.99701225280762
2025-11-26 19:51:54.976428032,s1-eth1,0.0029877471923828126,99.99701225280762
2025-11-26 19:51:54.976534016,s2-eth2,0.0029877471923828126,99.99701225280762
2025-11-26 19:51:54.976683008,s3-eth2,0.0029877471923828126,99.99701225280762
2025-11-26 19:51:55.977601024,s1-eth1,0.0029877471923828126,99.99701225280762
2025-11-26 19:51:55.977709056,s2-eth2,0.0036279296875,99.9963720703125
2025-11-26 19:51:55.977857024,s3-eth2,0.0036279296875,99.9963720703125
2025-11-26 19:51:56.978776832,s1-eth1,0.0029877471923828126,99.99701225280762
2025-11-26 19:51:56.978912000,s2-eth2,43.82648849487305,56.17351150512695
2025-11-26 19:51:56.979073024,s3-eth2,43.53904342651367,56.46095657348633
2025-11-26 19:51:57.980073984,s1-eth1,0.0036279296875,99.9963720703125
2025-11-26 19:51:57.980199936,s2-eth2,77.5020751953125,22.4979248046875
2025-11-26 19:51:57.980367872,s3-eth2,20.8078670501709,79.1921329498291
2025-11-26 19:51:58.981512960,s1-eth1,37.38136672973633,62.61863327026367
2025-11-26 19:51:58.981644032,s2-eth2,8.040451965332032,91.95954803466796
2025-11-26 19:51:58.981824000,s3-eth2,0.0029877471923828126,99.99701225280762
2025-11-26 19:51:59.982750976,s1-eth1,27.382034301757812,72.61796569824219
2025-11-26 19:51:59.982896128,s2-eth2,0.0029877471923828126,99.99701225280762
2025-11-26 19:51:59.983063040,s3-eth2,0.0029877471923828126,99.99701225280762
2025-11-26 19:52:00.983956224,s1-eth1,0.0029877471923828126,99.99701225280762
2025-11-26 19:52:00.984061952,s2-eth2,0.0029877471923828126,99.99701225280762
2025-11-26 19:52:00.984226816,s3-eth2,0.0029877471923828126,99.99701225280762
2025-11-26 19:52:01.985125120,s1-eth1,0.0029877471923828126,99.99701225280762
2025-11-26 19:52:01.985232128,s2-eth2,0.0029877471923828126,99.99701225280762
2025-11-26 19:52:01.985395968,s3-eth2,0.0029877471923828126,99.99701225280762
2025-11-26 19:52:02.986289920,s1-eth1,61.48264694213867,38.51735305786133
2025-11-26 19:52:02.986403840,s2-eth2,61.37466049194336,38.62533950805664
2025-11-26 19:52:02.986577920,s3-eth2,0.0029877471923828126,99.99701225280762
2025-11-26 19:52:03.987546880,s1-eth1,3.415225067138672,96.58477493286132
2025-11-26 19:52:03.987660800,s2-eth2,3.523210296630859,96.47678970336914
2025-11-26 19:52:03.987833856,s3-eth2,0.0029877471923828126,99.99701225280762
2025-11-26 19:52:04.988784128,s1-eth1,0.0029877471923828126,99.99701225280762
2025-11-26 19:52:04.988930816,s2-eth2,54.64579391479492,45.35420608520508
2025-11-26 19:52:04.989139200,s3-eth2,0.0036279296875,99.9963720703125
2025-11-26 19:52:05.990042880,s1-eth1,0.0029877471923828126,99.99701225280762
2025-11-26 19:52:05.990156032,s2-eth2,10.089512786865235,89.91048721313476
2025-11-26 19:52:05.990340096,s3-eth2,0.0029877471923828126,99.99701225280762
2025-11-26 19:52:06.991378944,s1-eth1,0.0029877471923828126,99.99701225280762
2025-11-26 19:52:06.991441920,s2-eth2,0.0029877471923828126,99.99701225280762
2025-11-26 19:52:06.991540992,s3-eth2,0.0029877471923828126,99.99701225280762
2025-11-26 19:52:07.992357888,s1-eth1,35.579315185546875,64.42068481445312
2025-11-26 19:52:07.992468992,s2-eth2,0.0029877471923828126,99.99701225280762
2025-11-26 19:52:07.992657920,s3-eth2,69.52510070800781,30.474899291992188
2025-11-26 19:52:08.993197056,s1-eth1,29.978012084960938,70.02198791503906
2025-11-26 19:52:08.993232896,s2-eth2,0.003631591796875,99.99636840820312
2025-11-26 19:52:08.993278976,s3-eth2,0.0041351318359375,99.99586486816406
2025-11-26 19:52:09.993964800,s1-eth1,0.003631591796875,99.99636840820312
2025-11-26 19:52:09.994095104,s2-eth2,0.00299072265625,99.99700927734375
2025-11-26 19:52:09.994252032,s3-eth2,0.00299072265625,99.99700927734375
2025-11-26 19:52:10.995132928,s1-eth1,0.0029877471923828126,99.99701225280762
2025-11-26 19:52:10.995259136,s2-eth2,0.0029877471923828126,99.99701225280762
2025-11-26 19:52:10.995415040,s3-eth2,0.0029877471923828126,99.99701225280762
2025-11-26 19:52:11.996274944,s1-eth1,0.0029877471923828126,99.99701225280762
2025-11-26 19:52:11.996392960,s2-eth2,0.0029877471923828126,99.99701225280762
2025-11-26 19:52:11.996540928,s3-eth2,0.0029877471923828126,99.99701225280762
2025-11-26 19:52:12.997412864,s1-eth1,0.0029877471923828126,99.99701225280762
2025-11-26 19:52:12.997531904,s2-eth2,0.0029877471923828126,99.99701225280762
2025-11-26 19:52:12.997679104,s3-eth2,0.0029877471923828126,99.99701225280762
2025-11-26 19:52:13.998704896,s1-eth1,0.0029877471923828126,99.99701225280762
2025-11-26 19:52:13.998810112,s2-eth2,0.0029877471923828126,99.99701225280762
2025-11-26 19:52:13.998970880,s3-eth2,0.0029877471923828126,99.99701225280762
2025-11-26 19:52:14.999876096,s1-eth1,0.0029877471923828126,99.99701225280762
2025-11-26 19:52:15.000013056,s2-eth2,56.248939514160156,43.751060485839844
2025-11-26 19:52:15.000178176,s3-eth2,0.002984771728515625,99.99701522827148
2025-11-26 19:52:16.001029120,s1-eth1,0.002984771728515625,99.99701522827148
2025-11-26 19:52:16.001161216,s2-eth2,8.71945281982422,91.28054718017577
2025-11-26 19:52:16.001321984,s3-eth2,0.0029877471923828126,99.99701225280762
2025-11-26 19:52:17.002157056,s1-eth1,0.0036279296875,99.9963720703125
2025-11-26 19:52:17.002275072,s2-eth2,0.0036279296875,99.9963720703125
2025-11-26 19:52:17.002423040,s3-eth2,0.0036279296875,99.9963720703125
2025-11-26 19:52:18.003284992,s1-eth1,0.0029877471923828126,99.99701225280762
2025-11-26 19:52:18.003401984,s2-eth2,0.0029877471923828126,99.99701225280762
2025-11-26 19:52:18.003549184,s3-eth2,0.0029877471923828126,99.99701225280762
2025-11-26 19:52:19.004566016,s1-eth1,0.0029877471923828126,99.99701225280762
2025-11-26 19:52:19.004684800,s2-eth2,0.0036279296875,99.9963720703125
2025-11-26 19:52:19.004843008,s3-eth2,47.86625671386719,52.13374328613281
2025-11-26 19:52:20.005734912,s1-eth1,0.0029877471923828126,99.99701225280762
2025-11-26 19:52:20.005809920,s2-eth2,0.0029877471923828126,99.99701225280762
2025-11-26 19:52:20.005854976,s3-eth2,21.662961959838867,78.33703804016113
2025-11-26 19:52:21.006580992,s1-eth1,43.510528564453125,56.489471435546875
2025-11-26 19:52:21.006721024,s2-eth2,0.00299072265625,99.99700927734375
2025-11-26 19:52:21.006889984,s3-eth2,0.0029877471923828126,99.99701225280762
2025-11-26 19:52:22.007798784,s1-eth1,22.63326644897461,77.36673355102539
2025-11-26 19:52:22.007941888,s2-eth2,0.0029877471923828126,99.99701225280762
2025-11-26 19:52:22.008090112,s3-eth2,0.0029877471923828126,99.99701225280762
2025-11-26 19:52:23.008948992,s1-eth1,0.0029877471923828126,99.99701225280762
2025-11-26 19:52:23.009054976,s2-eth2,0.0029877471923828126,99.99701225280762
2025-11-26 19:52:23.009201152,s3-eth2,0.0029877471923828126,99.99701225280762
2025-11-26 19:52:24.010375936,s1-eth1,4.256775360107422,95.74322463989257
2025-11-26 19:52:24.010515968,s2-eth2,64.69402313232422,35.30597686767578
2025-11-26 19:52:24.010715904,s3-eth2,0.0029877471923828126,99.99701225280762
2025-11-26 19:52:25.011712000,s1-eth1,62.54458236694336,37.45541763305664
2025-11-26 19:52:25.011830016,s2-eth2,66.92232513427734,33.077674865722656
2025-11-26 19:52:25.011997952,s3-eth2,0.0029877471923828126,99.99701225280762
2025-11-26 19:52:26.012947200,s1-eth1,0.003490753173828125,99.99650924682618
2025-11-26 19:52:26.013053952,s2-eth2,0.00274383544921875,99.99725616455078
2025-11-26 19:52:26.013206016,s3-eth2,0.0029877471923828126,99.99701225280762
2025-11-26 19:52:27.014142976,s1-eth1,0.0029877471923828126,99.99701225280762
2025-11-26 19:52:27.014247936,s2-eth2,0.004374923706054687,99.99562507629395
2025-11-26 19:52:27.014396928,s3-eth2,0.0036279296875,99.9963720703125
2025-11-26 19:52:28.015348992,s1-eth1,0.0029877471923828126,99.99701225280762
2025-11-26 19:52:28.015453184,s2-eth2,0.0029877471923828126,99.99701225280762
2025-11-26 19:52:28.015599872,s3-eth2,0.0029877471923828126,99.99701225280762
2025-11-26 19:52:29.016570112,s1-eth1,0.0029877471923828126,99.99701225280762
2025-11-26 19:52:29.016675072,s2-eth2,0.0029877471923828126,99.99701225280762
2025-11-26 19:52:29.016822016,s3-eth2,0.0029877471923828126,99.99701225280762
2025-11-26 19:52:30.017713152,s1-eth1,0.0029877471923828126,99.99701225280762
2025-11-26 19:52:30.017817856,s2-eth2,0.0029877471923828126,99.99701225280762
2025-11-26 19:52:30.017966080,s3-eth2,0.0029877471923828126,99.99701225280762
2025-11-26 19:52:31.018867968,s1-eth1,0.0029877471923828126,99.99701225280762
2025-11-26 19:52:31.018976000,s2-eth2,0.0029877471923828126,99.99701225280762
2025-11-26 19:52:31.019123968,s3-eth2,0.0029877471923828126,99.99701225280762
2025-11-26 19:52:32.019993088,s1-eth1,0.0029877471923828126,99.99701225280762
2025-11-26 19:52:32.020112128,s2-eth2,0.0029877471923828126,99.99701225280762
2025-11-26 19:52:32.020261120,s3-eth2,0.0029877471923828126,99.99701225280762
2025-11-26 19:52:33.021150976,s1-eth1,0.0029877471923828126,99.99701225280762
2025-11-26 19:52:33.021271040,s2-eth2,0.0029877471923828126,99.99701225280762
2025-11-26 19:52:33.021420032,s3-eth2,0.0029877471923828126,99.99701225280762
2025-11-26 19:52:34.022368000,s1-eth1,0.0029877471923828126,99.99701225280762
2025-11-26 19:52:34.022486016,s2-eth2,0.0029877471923828126,99.99701225280762
2025-11-26 19:52:34.022633984,s3-eth2,0.0029877471923828126,99.99701225280762
2025-11-26 19:52:35.023166976,s1-eth1,0.00299072265625,99.99700927734375
2025-11-26 19:52:35.023198976,s2-eth2,0.00299072265625,99.99700927734375
2025-11-26 19:52:35.023247872,s3-eth2,0.00299072265625,99.99700927734375
2025-11-26 19:52:36.023606016,s1-eth1,0.00299072265625,99.99700927734375
2025-11-26 19:52:36.023653888,s2-eth2,0.00299072265625,99.99700927734375
2025-11-26 19:52:36.023709184,s3-eth2,0.00299072265625,99.99700927734375
2025-11-26 19:52:37.024560896,s1-eth1,46.1114501953125,53.8885498046875
2025-11-26 19:52:37.024698112,s2-eth2,46.807838439941406,53.192161560058594
2025-11-26 19:52:37.024878080,s3-eth2,46.91719436645508,53.08280563354492
2025-11-26 19:52:38.025484032,s1-eth1,20.04448699951172,79.95551300048828
2025-11-26 19:52:38.025526016,s2-eth2,19.30065155029297,80.69934844970703
2025-11-26 19:52:38.025583872,s3-eth2,19.191184997558594,80.8088150024414
2025-11-26 19:52:39.026468096,s1-eth1,0.00299072265625,99.99700927734375
2025-11-26 19:52:39.026576896,s2-eth2,0.0029877471923828126,99.99701225280762
2025-11-26 19:52:39.026726912,s3-eth2,0.0029877471923828126,99.99701225280762
2025-11-26 19:52:40.027725824,s1-eth1,46.290443420410156,53.709556579589844
2025-11-26 19:52:40.027851008,s2-eth2,92.29520416259766,7.704795837402344
2025-11-26 19:52:40.028013056,s3-eth2,92.21768951416016,7.782310485839844
2025-11-26 19:52:41.028614144,s1-eth1,12.886329650878906,87.1136703491211
2025-11-26 19:52:41.028659200,s2-eth2,33.23596954345703,66.76403045654297
2025-11-26 19:52:41.028717056,s3-eth2,33.313560485839844,66.68643951416016
2025-11-26 19:52:42.029090816,s1-eth1,0.00299072265625,99.99700927734375
2025-11-26 19:52:42.029128960,s2-eth2,0.00299072265625,99.99700927734375
2025-11-26 19:52:42.029184000,s3-eth2,0.00299072265625,99.99700927734375
2025-11-26 19:52:43.029972992,s1-eth1,37.994659423828125,62.005340576171875
2025-11-26 19:52:43.030117120,s2-eth2,23.997634887695312,76.00236511230469
2025-11-26 19:52:43.030287872,s3-eth2,0.0036279296875,99.9963720703125
2025-11-26 19:52:44.031244032,s1-eth1,80.64251708984375,19.35748291015625
2025-11-26 19:52:44.031358976,s2-eth2,35.445465087890625,64.55453491210938
2025-11-26 19:52:44.031527168,s3-eth2,0.0029877471923828126,99.99701225280762
2025-11-26 19:52:45.032457216,s1-eth1,29.553417205810547,70.44658279418945
2025-11-26 19:52:45.032585984,s2-eth2,29.386613845825195,70.6133861541748
2025-11-26 19:52:45.032754944,s3-eth2,0.00149383544921875,99.99850616455078
2025-11-26 19:52:46.033344000,s1-eth1,36.2825927734375,63.7174072265625
2025-11-26 19:52:46.033390080,s2-eth2,36.44703674316406,63.55296325683594
2025-11-26 19:52:46.033451008,s3-eth2,0.004486083984375,99.99551391601562
2025-11-26 19:52:47.033825024,s1-eth1,0.00299072265625,99.99700927734375
2025-11-26 19:52:47.033863168,s2-eth2,0.00299072265625,99.99700927734375
2025-11-26 19:52:47.033916928,s3-eth2,0.00299072265625,99.99700927734375
2025-11-26 19:52:48.034722048,s1-eth1,36.0794677734375,63.9205322265625
2025-11-26 19:52:48.034925056,s2-eth2,0.0029877471923828126,99.99701225280762
2025-11-26 19:52:48.035078144,s3-eth2,0.0029877471923828126,99.99701225280762
2025-11-26 19:52:49.035713792,s1-eth1,30.08684539794922,69.91315460205078
2025-11-26 19:52:49.035759872,s2-eth2,0.003631591796875,99.99636840820312
2025-11-26 19:52:49.035814912,s3-eth2,0.003631591796875,99.99636840820312
2025-11-26 19:52:50.036139008,s1-eth1,0.00299072265625,99.99700927734375
2025-11-26 19:52:50.036168192,s2-eth2,0.00299072265625,99.99700927734375
2025-11-26 19:52:50.036210176,s3-eth2,0.00299072265625,99.99700927734375
2025-11-26 19:52:51.036914176,s1-eth1,0.00299072265625,99.99700927734375
2025-11-26 19:52:51.037019904,s2-eth2,0.00299072265625,99.99700927734375
2025-11-26 19:52:51.037168128,s3-eth2,0.00299072265625,99.99700927734375
2025-11-26 19:52:52.038084096,s1-eth1,0.0029877471923828126,99.99701225280762
2025-11-26 19:52:52.038188032,s2-eth2,0.0029877471923828126,99.99701225280762
2025-11-26 19:52:52.038337024,s3-eth2,0.0029877471923828126,99.99701225280762
2025-11-26 19:52:53.039299072,s1-eth1,0.0029877471923828126,99.99701225280762
2025-11-26 19:52:53.039442176,s2-eth2,0.0022408294677734373,99.99775917053222
2025-11-26 19:52:53.039596032,s3-eth2,0.0029877471923828126,99.99701225280762
2025-11-26 19:52:54.040199936,s1-eth1,0.00299072265625,99.99700927734375
2025-11-26 19:52:54.040239104,s2-eth2,0.0037384033203125,99.99626159667969
2025-11-26 19:52:54.040292864,s3-eth2,0.00299072265625,99.99700927734375
2025-11-26 19:52:55.040667904,s1-eth1,0.00299072265625,99.99700927734375
2025-11-26 19:52:55.040707072,s2-eth2,0.00299072265625,99.99700927734375
2025-11-26 19:52:55.040761856,s3-eth2,0.00299072265625,99.99700927734375
2025-11-26 19:52:56.041446912,s1-eth1,0.00299072265625,99.99700927734375
2025-11-26 19:52:56.041552128,s2-eth2,0.00299072265625,99.99700927734375
2025-11-26 19:52:56.041698816,s3-eth2,0.00299072265625,99.99700927734375
2025-11-26 19:52:57.042320128,s1-eth1,0.00299072265625,99.99700927734375
2025-11-26 19:52:57.042351104,s2-eth2,0.001495361328125,99.99850463867188
2025-11-26 19:52:57.042393856,s3-eth2,0.001495361328125,99.99850463867188
2025-11-26 19:52:58.042754816,s1-eth1,0.00299072265625,99.99700927734375
2025-11-26 19:52:58.042799104,s2-eth2,55.48088073730469,44.51911926269531
2025-11-26 19:52:58.042866944,s3-eth2,0.0079193115234375,99.99208068847656
2025-11-26 19:52:59.043759104,s1-eth1,0.0036279296875,99.9963720703125
2025-11-26 19:52:59.043880960,s2-eth2,63.968875885009766,36.031124114990234
2025-11-26 19:52:59.044073216,s3-eth2,69.52067565917969,30.479324340820312
2025-11-26 19:53:00.045068032,s1-eth1,52.68390655517578,47.31609344482422
2025-11-26 19:53:00.045222144,s2-eth2,14.874141693115234,85.12585830688477
2025-11-26 19:53:00.045412096,s3-eth2,0.004481582641601562,99.9955184173584
2025-11-26 19:53:01.046354176,s1-eth1,15.84507942199707,84.15492057800293
2025-11-26 19:53:01.046488064,s2-eth2,0.0029877471923828126,99.99701225280762
2025-11-26 19:53:01.046636032,s3-eth2,0.0029877471923828126,99.99701225280762
2025-11-26 19:53:02.047559936,s1-eth1,50.303733825683594,49.696266174316406
2025-11-26 19:53:02.047700992,s2-eth2,46.042598724365234,53.957401275634766
2025-11-26 19:53:02.047867136,s3-eth2,45.877052307128906,54.122947692871094
2025-11-26 19:53:03.048755968,s1-eth1,82.47904968261719,17.520950317382812
2025-11-26 19:53:03.048878080,s2-eth2,20.085628509521484,79.91437149047852
2025-11-26 19:53:03.049041920,s3-eth2,20.25117301940918,79.74882698059082
2025-11-26 19:53:04.050064128,s1-eth1,0.013917388916015625,99.98608261108399
2025-11-26 19:53:04.050169856,s2-eth2,0.0036279296875,99.9963720703125
2025-11-26 19:53:04.050321152,s3-eth2,0.0036279296875,99.9963720703125
2025-11-26 19:53:05.051191040,s1-eth1,0.0029877471923828126,99.99701225280762
2025-11-26 19:53:05.051294976,s2-eth2,0.0029877471923828126,99.99701225280762
2025-11-26 19:53:05.051440896,s3-eth2,0.0029877471923828126,99.99701225280762
2025-11-26 19:53:06.052337920,s1-eth1,0.0036279296875,99.9963720703125
2025-11-26 19:53:06.052443136,s2-eth2,0.0042681884765625,99.99573181152344
2025-11-26 19:53:06.052593920,s3-eth2,0.0042681884765625,99.99573181152344
2025-11-26 19:53:07.053466112,s1-eth1,0.0029877471923828126,99.99701225280762
2025-11-26 19:53:07.053585920,s2-eth2,0.0029877471923828126,99.99701225280762
2025-11-26 19:53:07.053733120,s3-eth2,0.0029877471923828126,99.99701225280762
2025-11-26 19:53:08.054564864,s1-eth1,0.0029877471923828126,99.99701225280762
2025-11-26 19:53:08.054682112,s2-eth2,0.0029877471923828126,99.99701225280762
2025-11-26 19:53:08.054828032,s3-eth2,0.0029877471923828126,99.99701225280762
2025-11-26 19:53:09.055388928,s1-eth1,0.00299072265625,99.99700927734375
2025-11-26 19:53:09.055439872,s2-eth2,0.00299072265625,99.99700927734375
2025-11-26 19:53:09.055494912,s3-eth2,0.00299072265625,99.99700927734375
2025-11-26 19:53:10.056212992,s1-eth1,64.94869995117188,35.051300048828125
2025-11-26 19:53:10.056337152,s2-eth2,64.94985961914062,35.050140380859375
2025-11-26 19:53:10.056494080,s3-eth2,0.00299072265625,99.99700927734375
2025-11-26 19:53:11.057038080,s1-eth1,0.01409912109375,99.98590087890625
2025-11-26 19:53:11.057082880,s2-eth2,0.013580322265625,99.98641967773438
2025-11-26 19:53:11.057140224,s3-eth2,0.003631591796875,99.99636840820312
2025-11-26 19:53:12.057495040,s1-eth1,0.00299072265625,99.99700927734375
2025-11-26 19:53:12.057538048,s2-eth2,0.00299072265625,99.99700927734375
2025-11-26 19:53:12.057593088,s3-eth2,0.00299072265625,99.99700927734375
2025-11-26 19:53:13.057967872,s1-eth1,0.00299072265625,99.99700927734375
2025-11-26 19:53:13.058008832,s2-eth2,0.00299072265625,99.99700927734375
2025-11-26 19:53:13.058075904,s3-eth2,0.00299072265625,99.99700927734375
2025-11-26 19:53:14.058459904,s1-eth1,0.00299072265625,99.99700927734375
2025-11-26 19:53:14.058501888,s2-eth2,0.00299072265625,99.99700927734375
2025-11-26 19:53:14.058567936,s3-eth2,0.00299072265625,99.99700927734375
2025-11-26 19:53:15.059261952,s1-eth1,0.00299072265625,99.99700927734375
2025-11-26 19:53:15.059365888,s2-eth2,0.0022430419921875,99.99775695800781
2025-11-26 19:53:15.059540992,s3-eth2,46.3492431640625,53.6507568359375
2025-11-26 19:53:16.060289024,s1-eth1,0.0029877471923828126,99.99701225280762
2025-11-26 19:53:16.060317952,s2-eth2,0.0037384033203125,99.99626159667969
2025-11-26 19:53:16.060372224,s3-eth2,23.248878479003906,76.7511215209961
2025-11-26 19:53:17.061018880,s1-eth1,0.003631591796875,99.99636840820312
2025-11-26 19:53:17.061122816,s2-eth2,0.00299072265625,99.99700927734375
2025-11-26 19:53:17.061283072,s3-eth2,0.00299072265625,99.99700927734375
2025-11-26 19:53:18.062208768,s1-eth1,41.66056442260742,58.33943557739258
2025-11-26 19:53:18.062352896,s2-eth2,0.0029877471923828126,99.99701225280762
2025-11-26 19:53:18.062503936,s3-eth2,0.0029877471923828126,99.99701225280762
2025-11-26 19:53:19.063528960,s1-eth1,24.43977165222168,75.56022834777832
2025-11-26 19:53:19.063673856,s2-eth2,0.0029877471923828126,99.99701225280762
2025-11-26 19:53:19.063823104,s3-eth2,0.0029877471923828126,99.99701225280762
2025-11-26 19:53:20.064722944,s1-eth1,0.0029877471923828126,99.99701225280762
2025-11-26 19:53:20.064843008,s2-eth2,0.00149383544921875,99.99850616455078
2025-11-26 19:53:20.064992000,s3-eth2,0.00149383544921875,99.99850616455078
2025-11-26 19:53:21.065581056,s1-eth1,0.00299072265625,99.99700927734375
2025-11-26 19:53:21.065634048,s2-eth2,0.004486083984375,99.99551391601562
2025-11-26 19:53:21.065694976,s3-eth2,0.004486083984375,99.99551391601562
2025-11-26 19:53:22.066096128,s1-eth1,0.00299072265625,99.99700927734375
2025-11-26 19:53:22.066145792,s2-eth2,54.36231994628906,45.63768005371094
2025-11-26 19:53:22.066204928,s3-eth2,0.001495361328125,99.99850463867188
2025-11-26 19:53:23.066582016,s1-eth1,0.00299072265625,99.99700927734375
2025-11-26 19:53:23.066631936,s2-eth2,10.727294921875,89.272705078125
2025-11-26 19:53:23.066690816,s3-eth2,0.004486083984375,99.99551391601562
2025-11-26 19:53:24.067516928,s1-eth1,0.00299072265625,99.99700927734375
2025-11-26 19:53:24.067622912,s2-eth2,0.00299072265625,99.99700927734375
2025-11-26 19:53:24.067773184,s3-eth2,0.0029877471923828126,99.99701225280762
2025-11-26 19:53:25.068686848,s1-eth1,0.0029877471923828126,99.99701225280762
2025-11-26 19:53:25.068791040,s2-eth2,0.0029877471923828126,99.99701225280762
2025-11-26 19:53:25.068937984,s3-eth2,0.0029877471923828126,99.99701225280762
2025-11-26 19:53:26.069809920,s1-eth1,0.0029877471923828126,99.99701225280762
2025-11-26 19:53:26.069928960,s2-eth2,0.0022408294677734373,99.99775917053222
2025-11-26 19:53:26.070078976,s3-eth2,0.0029877471923828126,99.99701225280762
2025-11-26 19:53:27.070974208,s1-eth1,0.0029877471923828126,99.99701225280762
2025-11-26 19:53:27.071092992,s2-eth2,0.0029877471923828126,99.99701225280762
2025-11-26 19:53:27.071241984,s3-eth2,0.0029877471923828126,99.99701225280762
2025-11-26 19:53:28.072122112,s1-eth1,0.0029877471923828126,99.99701225280762
2025-11-26 19:53:28.072240128,s2-eth2,0.0029877471923828126,99.99701225280762
2025-11-26 19:53:28.072387840,s3-eth2,0.0029877471923828126,99.99701225280762
2025-11-26 19:53:29.073434112,s1-eth1,0.002560882568359375,99.99743911743164
2025-11-26 19:53:29.073563136,s2-eth2,63.294097900390625,36.705902099609375
2025-11-26 19:53:29.073733120,s3-eth2,0.00458831787109375,99.9954116821289
2025-11-26 19:53:30.074657792,s1-eth1,0.004694976806640625,99.99530502319335
2025-11-26 19:53:30.074707968,s2-eth2,1.4431141662597655,98.55688583374024
2025-11-26 19:53:30.074755072,s3-eth2,0.002560882568359375,99.99743911743164
2025-11-26 19:53:31.075480064,s1-eth1,35.69683837890625,64.30316162109375
2025-11-26 19:53:31.075630848,s2-eth2,36.30696105957031,63.69303894042969
2025-11-26 19:53:31.075793920,s3-eth2,0.0029877471923828126,99.99701225280762
2025-11-26 19:53:32.076723968,s1-eth1,29.835590362548828,70.16440963745117
2025-11-26 19:53:32.076862976,s2-eth2,29.226078033447266,70.77392196655273
2025-11-26 19:53:32.077024000,s3-eth2,0.0029877471923828126,99.99701225280762
2025-11-26 19:53:33.077925888,s1-eth1,0.0029877471923828126,99.99701225280762
2025-11-26 19:53:33.078032896,s2-eth2,0.0036279296875,99.9963720703125
2025-11-26 19:53:33.078181120,s3-eth2,0.0036279296875,99.9963720703125
2025-11-26 19:53:34.079236864,s1-eth1,0.0029877471923828126,99.99701225280762
2025-11-26 19:53:34.079354880,s2-eth2,0.0029877471923828126,99.99701225280762
2025-11-26 19:53:34.079504128,s3-eth2,0.0029877471923828126,99.99701225280762
2025-11-26 19:53:35.080365824,s1-eth1,0.0029877471923828126,99.99701225280762
2025-11-26 19:53:35.080485120,s2-eth2,0.0029877471923828126,99.99701225280762
2025-11-26 19:53:35.080632832,s3-eth2,0.0029877471923828126,99.99701225280762
2025-11-26 19:53:36.081182976,s1-eth1,0.00299072265625,99.99700927734375
2025-11-26 19:53:36.081231104,s2-eth2,0.00299072265625,99.99700927734375
2025-11-26 19:53:36.081285120,s3-eth2,0.00299072265625,99.99700927734375
2025-11-26 19:53:37.082046976,s1-eth1,0.00299072265625,99.99700927734375
2025-11-26 19:53:37.082201856,s2-eth2,45.034088134765625,54.965911865234375
2025-11-26 19:53:37.082395904,s3-eth2,45.15414047241211,54.84585952758789
2025-11-26 19:53:38.083355904,s1-eth1,0.0029877471923828126,99.99701225280762
2025-11-26 19:53:38.083476992,s2-eth2,19.357297897338867,80.64270210266113
2025-11-26 19:53:38.083633920,s3-eth2,19.191509246826172,80.80849075317383
2025-11-26 19:53:39.084728064,s1-eth1,0.0029877471923828126,99.99701225280762
2025-11-26 19:53:39.084832000,s2-eth2,0.0029877471923828126,99.99701225280762
2025-11-26 19:53:39.084982016,s3-eth2,0.0037346649169921874,99.99626533508301
2025-11-26 19:53:40.085891072,s1-eth1,0.0029877471923828126,99.99701225280762
2025-11-26 19:53:40.085995008,s2-eth2,0.0029877471923828126,99.99701225280762
2025-11-26 19:53:40.086144000,s3-eth2,0.0029877471923828126,99.99701225280762
2025-11-26 19:53:41.087122944,s1-eth1,45.334808349609375,54.665191650390625
2025-11-26 19:53:41.087238144,s2-eth2,45.11659622192383,54.88340377807617
2025-11-26 19:53:41.087399936,s3-eth2,44.951053619384766,55.048946380615234
2025-11-26 19:53:42.088342784,s1-eth1,20.753759384155273,79.24624061584473
2025-11-26 19:53:42.088457984,s2-eth2,20.97197151184082,79.02802848815918
2025-11-26 19:53:42.088613120,s3-eth2,21.137516021728516,78.86248397827148
2025-11-26 19:53:43.089637120,s1-eth1,39.32307434082031,60.67692565917969
2025-11-26 19:53:43.089752832,s2-eth2,18.35650634765625,81.64349365234375
2025-11-26 19:53:43.089960192,s3-eth2,0.0022408294677734373,99.99775917053222
2025-11-26 19:53:44.090960128,s1-eth1,93.14089965820312,6.859100341796875
2025-11-26 19:53:44.091075840,s2-eth2,48.78269958496094,51.21730041503906
2025-11-26 19:53:44.091245056,s3-eth2,0.0037346649169921874,99.99626533508301
2025-11-26 19:53:45.092190976,s1-eth1,7.619707565307618,92.38029243469238
2025-11-26 19:53:45.092304896,s2-eth2,4.660172958374023,95.33982704162598
2025-11-26 19:53:45.092467968,s3-eth2,0.0029877471923828126,99.99701225280762
2025-11-26 19:53:46.093360896,s1-eth1,0.0029877471923828126,99.99701225280762
2025-11-26 19:53:46.093466880,s2-eth2,0.0029877471923828126,99.99701225280762
2025-11-26 19:53:46.093615104,s3-eth2,0.0029877471923828126,99.99701225280762
2025-11-26 19:53:47.094561024,s1-eth1,0.0029877471923828126,99.99701225280762
2025-11-26 19:53:47.094665984,s2-eth2,0.0029877471923828126,99.99701225280762
2025-11-26 19:53:47.094813952,s3-eth2,0.0029877471923828126,99.99701225280762
2025-11-26 19:53:48.095805952,s1-eth1,0.0036279296875,99.9963720703125
2025-11-26 19:53:48.095928064,s2-eth2,44.651729583740234,55.348270416259766
2025-11-26 19:53:48.096088832,s3-eth2,44.35324478149414,55.64675521850586
2025-11-26 19:53:49.097145088,s1-eth1,0.0029877471923828126,99.99701225280762
2025-11-26 19:53:49.097264128,s2-eth2,19.694684982299805,80.3053150177002
2025-11-26 19:53:49.097421056,s3-eth2,19.993167877197266,80.00683212280273
2025-11-26 19:53:50.098340864,s1-eth1,0.0029877471923828126,99.99701225280762
2025-11-26 19:53:50.098448128,s2-eth2,0.0029877471923828126,99.99701225280762
2025-11-26 19:53:50.098597120,s3-eth2,0.0029877471923828126,99.99701225280762
2025-11-26 19:53:51.099495936,s1-eth1,0.0029877471923828126,99.99701225280762
2025-11-26 19:53:51.099600128,s2-eth2,0.0029877471923828126,99.99701225280762
2025-11-26 19:53:51.099746816,s3-eth2,0.0029877471923828126,99.99701225280762
2025-11-26 19:53:52.100645120,s1-eth1,0.0029877471923828126,99.99701225280762
2025-11-26 19:53:52.100750848,s2-eth2,0.0029877471923828126,99.99701225280762
2025-11-26 19:53:52.100899840,s3-eth2,0.0022408294677734373,99.99775917053222
2025-11-26 19:53:53.101828096,s1-eth1,72.96786499023438,27.032135009765625
2025-11-26 19:53:53.101948928,s2-eth2,73.41448974609375,26.58551025390625
2025-11-26 19:53:53.102117120,s3-eth2,45.942447662353516,54.057552337646484
2025-11-26 19:53:54.103229952,s1-eth1,60.17270278930664,39.82729721069336
2025-11-26 19:53:54.103352064,s2-eth2,59.72671890258789,40.27328109741211
2025-11-26 19:53:54.103533056,s3-eth2,20.144651412963867,79.85534858703613
2025-11-26 19:53:55.104466944,s1-eth1,51.88188171386719,48.11811828613281
2025-11-26 19:53:55.104584960,s2-eth2,0.0042681884765625,99.99573181152344
2025-11-26 19:53:55.104753920,s3-eth2,0.0042681884765625,99.99573181152344
2025-11-26 19:53:56.105655040,s1-eth1,16.760095596313477,83.23990440368652
2025-11-26 19:53:56.105784832,s2-eth2,0.0029877471923828126,99.99701225280762
2025-11-26 19:53:56.105936896,s3-eth2,0.0029877471923828126,99.99701225280762
2025-11-26 19:53:57.106827008,s1-eth1,0.0036279296875,99.9963720703125
2025-11-26 19:53:57.106949120,s2-eth2,0.0036279296875,99.9963720703125
2025-11-26 19:53:57.107113984,s3-eth2,0.0036279296875,99.9963720703125
2025-11-26 19:53:58.107994112,s1-eth1,0.0022408294677734373,99.99775917053222
2025-11-26 19:53:58.108116992,s2-eth2,55.200721740722656,44.799278259277344
2025-11-26 19:53:58.108300800,s3-eth2,0.0029877471923828126,99.99701225280762
2025-11-26 19:53:59.109246976,s1-eth1,0.0037346649169921874,99.99626533508301
2025-11-26 19:53:59.109391872,s2-eth2,9.823123931884766,90.17687606811523
2025-11-26 19:53:59.109564160,s3-eth2,0.0029877471923828126,99.99701225280762
2025-11-26 19:54:00.110508032,s1-eth1,0.0029877471923828126,99.99701225280762
2025-11-26 19:54:00.110647808,s2-eth2,53.685970306396484,46.314029693603516
2025-11-26 19:54:00.110819072,s3-eth2,0.0029877471923828126,99.99701225280762
2025-11-26 19:54:01.111759872,s1-eth1,0.0029877471923828126,99.99701225280762
2025-11-26 19:54:01.111872000,s2-eth2,11.216712036132812,88.7832879638672
2025-11-26 19:54:01.112039936,s3-eth2,0.0029877471923828126,99.99701225280762
2025-11-26 19:54:02.112641024,s1-eth1,44.98112487792969,55.01887512207031
2025-11-26 19:54:02.112684032,s2-eth2,0.00299072265625,99.99700927734375
2025-11-26 19:54:02.112739072,s3-eth2,0.00299072265625,99.99700927734375
2025-11-26 19:54:03.113498880,s1-eth1,23.728187561035156,76.27181243896484
2025-11-26 19:54:03.113615104,s2-eth2,0.00299072265625,99.99700927734375
2025-11-26 19:54:03.113765120,s3-eth2,0.0029877471923828126,99.99701225280762
2025-11-26 19:54:04.114679040,s1-eth1,35.26283264160156,64.73716735839844
2025-11-26 19:54:04.114803968,s2-eth2,0.0029877471923828126,99.99701225280762
2025-11-26 19:54:04.114970880,s3-eth2,0.0029877471923828126,99.99701225280762
2025-11-26 19:54:05.115906048,s1-eth1,30.83762550354004,69.16237449645996
2025-11-26 19:54:05.116034048,s2-eth2,0.0029877471923828126,99.99701225280762
2025-11-26 19:54:05.116185856,s3-eth2,0.0029877471923828126,99.99701225280762
2025-11-26 19:54:06.117080832,s1-eth1,0.0029877471923828126,99.99701225280762
2025-11-26 19:54:06.117185024,s2-eth2,0.0029877471923828126,99.99701225280762
2025-11-26 19:54:06.117331968,s3-eth2,0.0029877471923828126,99.99701225280762
2025-11-26 19:54:07.118233088,s1-eth1,0.0029877471923828126,99.99701225280762
2025-11-26 19:54:07.118338048,s2-eth2,0.0029877471923828126,99.99701225280762
2025-11-26 19:54:07.118488064,s3-eth2,0.0029877471923828126,99.99701225280762
2025-11-26 19:54:08.119054080,s1-eth1,0.00299072265625,99.99700927734375
2025-11-26 19:54:08.119092992,s2-eth2,0.00299072265625,99.99700927734375
2025-11-26 19:54:08.119151104,s3-eth2,0.00299072265625,99.99700927734375
2025-11-26 19:54:09.119870976,s1-eth1,0.00299072265625,99.99700927734375
2025-11-26 19:54:09.119991040,s2-eth2,0.00299072265625,99.99700927734375
2025-11-26 19:54:09.120152832,s3-eth2,69.52560424804688,30.474395751953125
2025-11-26 19:54:10.121103104,s1-eth1,34.540443420410156,65.45955657958984
2025-11-26 19:54:10.121215232,s2-eth2,0.0029877471923828126,99.99701225280762
2025-11-26 19:54:10.121373952,s3-eth2,0.0029877471923828126,99.99701225280762
2025-11-26 19:54:11.122077952,s1-eth1,30.981727600097656,69.01827239990234
2025-11-26 19:54:11.122109952,s2-eth2,0.00299072265625,99.99700927734375
2025-11-26 19:54:11.122158080,s3-eth2,0.00299072265625,99.99700927734375
2025-11-26 19:54:12.122859008,s1-eth1,0.00299072265625,99.99700927734375
2025-11-26 19:54:12.122966016,s2-eth2,0.00299072265625,99.99700927734375
2025-11-26 19:54:12.123115008,s3-eth2,0.00299072265625,99.99700927734375
2025-11-26 19:54:13.124015104,s1-eth1,64.65652465820312,35.343475341796875
2025-11-26 19:54:13.124130048,s2-eth2,64.4593276977539,35.540672302246094
2025-11-26 19:54:13.124295936,s3-eth2,45.968833923339844,54.031166076660156
2025-11-26 19:54:14.125197824,s1-eth1,0.24123672485351563,99.75876327514648
2025-11-26 19:54:14.125310976,s2-eth2,0.43842727661132813,99.56157272338868
2025-11-26 19:54:14.125474048,s3-eth2,23.55974578857422,76.44025421142578
2025-11-26 19:54:15.126351104,s1-eth1,0.0029877471923828126,99.99701225280762
2025-11-26 19:54:15.126455040,s2-eth2,0.0029877471923828126,99.99701225280762
2025-11-26 19:54:15.126604032,s3-eth2,0.0029877471923828126,99.99701225280762
2025-11-26 19:54:16.127675136,s1-eth1,0.0029877471923828126,99.99701225280762
2025-11-26 19:54:16.127779840,s2-eth2,0.0029877471923828126,99.99701225280762
2025-11-26 19:54:16.127928064,s3-eth2,0.0029877471923828126,99.99701225280762
2025-11-26 19:54:17.128870912,s1-eth1,40.779640197753906,59.220359802246094
2025-11-26 19:54:17.129031936,s2-eth2,0.0042681884765625,99.99573181152344
2025-11-26 19:54:17.129182976,s3-eth2,0.0042681884765625,99.99573181152344
2025-11-26 19:54:18.130139136,s1-eth1,25.319910049438477,74.68008995056152
2025-11-26 19:54:18.130268160,s2-eth2,54.309505462646484,45.690494537353516
2025-11-26 19:54:18.130438144,s3-eth2,0.0029877471923828126,99.99701225280762
2025-11-26 19:54:19.131414784,s1-eth1,0.004374923706054687,99.99562507629395
2025-11-26 19:54:19.131536896,s2-eth2,10.715869903564453,89.28413009643555
2025-11-26 19:54:19.131709184,s3-eth2,0.0036279296875,99.9963720703125
2025-11-26 19:54:20.132289024,s1-eth1,0.00299072265625,99.99700927734375
2025-11-26 19:54:20.132327936,s2-eth2,0.00299072265625,99.99700927734375
2025-11-26 19:54:20.132383232,s3-eth2,0.00299072265625,99.99700927734375
2025-11-26 19:54:21.132780032,s1-eth1,0.00299072265625,99.99700927734375
2025-11-26 19:54:21.132819968,s2-eth2,0.00299072265625,99.99700927734375
2025-11-26 19:54:21.132877056,s3-eth2,0.00299072265625,99.99700927734375
2025-11-26 19:54:22.133577216,s1-eth1,0.00299072265625,99.99700927734375
2025-11-26 19:54:22.133680128,s2-eth2,0.00299072265625,99.99700927734375
2025-11-26 19:54:22.133827072,s3-eth2,0.00299072265625,99.99700927734375
2025-11-26 19:54:23.134309120,s1-eth1,0.003631591796875,99.99636840820312
2025-11-26 19:54:23.134339072,s2-eth2,0.003631591796875,99.99636840820312
2025-11-26 19:54:23.134380032,s3-eth2,0.003631591796875,99.99636840820312
2025-11-26 19:54:24.135052032,s1-eth1,0.00299072265625,99.99700927734375
2025-11-26 19:54:24.135155968,s2-eth2,0.00299072265625,99.99700927734375
2025-11-26 19:54:24.135302144,s3-eth2,0.00299072265625,99.99700927734375
2025-11-26 19:54:25.136184832,s1-eth1,0.0029877471923828126,99.99701225280762
2025-11-26 19:54:25.136290048,s2-eth2,0.0029877471923828126,99.99701225280762
2025-11-26 19:54:25.136438016,s3-eth2,0.0029877471923828126,99.99701225280762
2025-11-26 19:54:26.137320960,s1-eth1,0.0029877471923828126,99.99701225280762
2025-11-26 19:54:26.137424896,s2-eth2,0.0029877471923828126,99.99701225280762
2025-11-26 19:54:26.137572096,s3-eth2,0.0029877471923828126,99.99701225280762
2025-11-26 19:54:27.138423808,s1-eth1,0.0029877471923828126,99.99701225280762
2025-11-26 19:54:27.138528000,s2-eth2,0.0029877471923828126,99.99701225280762
2025-11-26 19:54:27.138674944,s3-eth2,0.0029877471923828126,99.99701225280762
2025-11-26 19:54:28.139229952,s1-eth1,0.00299072265625,99.99700927734375
2025-11-26 19:54:28.139267840,s2-eth2,0.00299072265625,99.99700927734375
2025-11-26 19:54:28.139322880,s3-eth2,0.00299072265625,99.99700927734375
2025-11-26 19:54:29.140006144,s1-eth1,0.00299072265625,99.99700927734375
2025-11-26 19:54:29.140110080,s2-eth2,0.00299072265625,99.99700927734375
2025-11-26 19:54:29.140256768,s3-eth2,0.00299072265625,99.99700927734375
2025-11-26 19:54:30.141114112,s1-eth1,0.0029877471923828126,99.99701225280762
2025-11-26 19:54:30.141232896,s2-eth2,0.0029877471923828126,99.99701225280762
2025-11-26 19:54:30.141381888,s3-eth2,0.0029877471923828126,99.99701225280762
2025-11-26 19:54:31.141952000,s1-eth1,0.0022430419921875,99.99775695800781
2025-11-26 19:54:31.142003968,s2-eth2,62.66465759277344,37.33534240722656
2025-11-26 19:54:31.142066944,s3-eth2,0.00299072265625,99.99700927734375
2025-11-26 19:54:32.142795008,s1-eth1,0.0037384033203125,99.99626159667969
2025-11-26 19:54:32.142925056,s2-eth2,2.1352157592773438,97.86478424072266
2025-11-26 19:54:32.143089152,s3-eth2,0.0029877471923828126,99.99701225280762
2025-11-26 19:54:33.143956992,s1-eth1,0.0029877471923828126,99.99701225280762
2025-11-26 19:54:33.144061952,s2-eth2,0.0029877471923828126,99.99701225280762
2025-11-26 19:54:33.144207872,s3-eth2,0.0029877471923828126,99.99701225280762
2025-11-26 19:54:34.145054208,s1-eth1,0.0029877471923828126,99.99701225280762
2025-11-26 19:54:34.145158144,s2-eth2,0.0029877471923828126,99.99701225280762
2025-11-26 19:54:34.145304064,s3-eth2,0.0029877471923828126,99.99701225280762
2025-11-26 19:54:35.146179840,s1-eth1,0.0036279296875,99.9963720703125
2025-11-26 19:54:35.146286080,s2-eth2,0.0029877471923828126,99.99701225280762
2025-11-26 19:54:35.146433024,s3-eth2,0.0029877471923828126,99.99701225280762
2025-11-26 19:54:36.146958080,s1-eth1,0.0022430419921875,99.99775695800781
2025-11-26 19:54:36.146996992,s2-eth2,43.985565185546875,56.014434814453125
2025-11-26 19:54:36.147042048,s3-eth2,44.19496154785156,55.80503845214844
2025-11-26 19:54:37.147705088,s1-eth1,0.0043792724609375,99.99562072753906
2025-11-26 19:54:37.147835136,s2-eth2,20.425209045410156,79.57479095458984
2025-11-26 19:54:37.147987968,s3-eth2,20.21581268310547,79.78418731689453
2025-11-26 19:54:38.148998144,s1-eth1,44.72153091430664,55.27846908569336
2025-11-26 19:54:38.149123840,s2-eth2,44.61442947387695,55.38557052612305
2025-11-26 19:54:38.149289984,s3-eth2,44.338016510009766,55.661983489990234
2025-11-26 19:54:39.150254848,s1-eth1,58.43402862548828,41.56597137451172
2025-11-26 19:54:39.150369024,s2-eth2,21.474924087524414,78.52507591247559
2025-11-26 19:54:39.150533888,s3-eth2,21.75133514404297,78.24866485595703
2025-11-26 19:54:40.151436032,s1-eth1,27.82790184020996,72.17209815979004
2025-11-26 19:54:40.151545088,s2-eth2,0.0036279296875,99.9963720703125
2025-11-26 19:54:40.151698944,s3-eth2,0.0036279296875,99.9963720703125
2025-11-26 19:54:41.152834816,s1-eth1,36.18441390991211,63.81558609008789
2025-11-26 19:54:41.152968960,s2-eth2,36.79342269897461,63.20657730102539
2025-11-26 19:54:41.153132032,s3-eth2,0.0029877471923828126,99.99701225280762
2025-11-26 19:54:42.154042112,s1-eth1,29.61285972595215,70.38714027404785
2025-11-26 19:54:42.154163968,s2-eth2,29.003849029541016,70.99615097045898
2025-11-26 19:54:42.154323968,s3-eth2,0.0029877471923828126,99.99701225280762
2025-11-26 19:54:43.155250944,s1-eth1,0.0029877471923828126,99.99701225280762
2025-11-26 19:54:43.155354880,s2-eth2,0.0029877471923828126,99.99701225280762
2025-11-26 19:54:43.155503872,s3-eth2,0.0029877471923828126,99.99701225280762
2025-11-26 19:54:44.156052224,s1-eth1,0.003631591796875,99.99636840820312
2025-11-26 19:54:44.156090112,s2-eth2,0.003631591796875,99.99636840820312
2025-11-26 19:54:44.156145152,s3-eth2,0.003631591796875,99.99636840820312
2025-11-26 19:54:45.156903936,s1-eth1,34.01783752441406,65.98216247558594
2025-11-26 19:54:45.157017856,s2-eth2,34.68394470214844,65.31605529785156
2025-11-26 19:54:45.157177088,s3-eth2,0.0029877471923828126,99.99701225280762
2025-11-26 19:54:46.158284032,s1-eth1,31.507478713989258,68.49252128601074
2025-11-26 19:54:46.158401024,s2-eth2,30.842037200927734,69.15796279907227
2025-11-26 19:54:46.158561024,s3-eth2,0.0029877471923828126,99.99701225280762
2025-11-26 19:54:47.159497984,s1-eth1,0.0029877471923828126,99.99701225280762
2025-11-26 19:54:47.159601920,s2-eth2,0.0029877471923828126,99.99701225280762
2025-11-26 19:54:47.159749888,s3-eth2,0.0029877471923828126,99.99701225280762
2025-11-26 19:54:48.160698880,s1-eth1,0.0029877471923828126,99.99701225280762
2025-11-26 19:54:48.160804864,s2-eth2,0.0029877471923828126,99.99701225280762
2025-11-26 19:54:48.160953088,s3-eth2,0.0029877471923828126,99.99701225280762
2025-11-26 19:54:49.161933056,s1-eth1,0.0029877471923828126,99.99701225280762
2025-11-26 19:54:49.162045952,s2-eth2,52.11073303222656,47.88926696777344
2025-11-26 19:54:49.162217984,s3-eth2,0.0029877471923828126,99.99701225280762
2025-11-26 19:54:50.163320064,s1-eth1,34.671260833740234,65.32873916625977
2025-11-26 19:54:50.163453184,s2-eth2,66.46932220458984,33.530677795410156
2025-11-26 19:54:50.163659008,s3-eth2,0.0036279296875,99.9963720703125
2025-11-26 19:54:51.164745984,s1-eth1,30.392528533935547,69.60747146606445
2025-11-26 19:54:51.164876032,s2-eth2,54.41707992553711,45.58292007446289
2025-11-26 19:54:51.165060096,s3-eth2,42.98244094848633,57.01755905151367
2025-11-26 19:54:52.166029056,s1-eth1,44.726802825927734,55.273197174072266
2025-11-26 19:54:52.166169856,s2-eth2,66.53176879882812,33.468231201171875
2025-11-26 19:54:52.166336000,s3-eth2,66.97322082519531,33.02677917480469
2025-11-26 19:54:53.167328000,s1-eth1,72.76119995117188,27.238800048828125
2025-11-26 19:54:53.167449856,s2-eth2,20.641170501708984,79.35882949829102
2025-11-26 19:54:53.167616000,s3-eth2,20.47637367248535,79.52362632751465
2025-11-26 19:54:54.168551936,s1-eth1,17.12723731994629,82.87276268005371
2025-11-26 19:54:54.168669952,s2-eth2,0.0037346649169921874,99.99626533508301
2025-11-26 19:54:54.168818944,s3-eth2,0.0029877471923828126,99.99701225280762
2025-11-26 19:54:55.169640192,s1-eth1,0.0029877471923828126,99.99701225280762
2025-11-26 19:54:55.169668864,s2-eth2,0.0029877471923828126,99.99701225280762
2025-11-26 19:54:55.169712128,s3-eth2,0.00299072265625,99.99700927734375
2025-11-26 19:54:56.170582016,s1-eth1,64.94985961914062,35.050140380859375
2025-11-26 19:54:56.170695168,s2-eth2,64.88497924804688,35.115020751953125
2025-11-26 19:54:56.170896896,s3-eth2,0.0029877471923828126,99.99701225280762
2025-11-26 19:54:57.171828992,s1-eth1,0.012774124145507812,99.98722587585449
2025-11-26 19:54:57.171937024,s2-eth2,0.012774124145507812,99.98722587585449
2025-11-26 19:54:57.172091904,s3-eth2,0.0029877471923828126,99.99701225280762
2025-11-26 19:54:58.172986880,s1-eth1,0.0029877471923828126,99.99701225280762
2025-11-26 19:54:58.173090816,s2-eth2,0.0029877471923828126,99.99701225280762
2025-11-26 19:54:58.173238016,s3-eth2,0.0029877471923828126,99.99701225280762
2025-11-26 19:54:59.174180096,s1-eth1,37.95903778076172,62.04096221923828
2025-11-26 19:54:59.174290944,s2-eth2,0.0029877471923828126,99.99701225280762
2025-11-26 19:54:59.174449920,s3-eth2,0.0029877471923828126,99.99701225280762
2025-11-26 19:55:00.175457024,s1-eth1,54.179473876953125,45.820526123046875
2025-11-26 19:55:00.175579904,s2-eth2,27.135889053344727,72.86411094665527
2025-11-26 19:55:00.175748096,s3-eth2,0.0029877471923828126,99.99701225280762
2025-11-26 19:55:01.176826880,s1-eth1,38.2535400390625,61.7464599609375
2025-11-26 19:55:01.176951040,s2-eth2,38.362030029296875,61.637969970703125
2025-11-26 19:55:01.177113088,s3-eth2,0.0036279296875,99.9963720703125
2025-11-26 19:55:02.178046976,s1-eth1,0.0029877471923828126,99.99701225280762
2025-11-26 19:55:02.178153984,s2-eth2,0.0029877471923828126,99.99701225280762
2025-11-26 19:55:02.178317056,s3-eth2,69.52308654785156,30.476913452148438
2025-11-26 19:55:03.179296000,s1-eth1,0.0022408294677734373,99.99775917053222
2025-11-26 19:55:03.179404032,s2-eth2,0.0029877471923828126,99.99701225280762
2025-11-26 19:55:03.179568896,s3-eth2,49.98617172241211,50.01382827758789
2025-11-26 19:55:04.180536064,s1-eth1,39.664939880371094,60.335060119628906
2025-11-26 19:55:04.180662016,s2-eth2,0.0036279296875,99.9963720703125
2025-11-26 19:55:04.180822016,s3-eth2,19.546096801757812,80.45390319824219
2025-11-26 19:55:05.181833984,s1-eth1,26.436126708984375,73.56387329101562
2025-11-26 19:55:05.181960960,s2-eth2,0.0029877471923828126,99.99701225280762
2025-11-26 19:55:05.182110976,s3-eth2,0.0029877471923828126,99.99701225280762
2025-11-26 19:55:06.183218944,s1-eth1,0.0029877471923828126,99.99701225280762
2025-11-26 19:55:06.183324160,s2-eth2,0.0029877471923828126,99.99701225280762
2025-11-26 19:55:06.183470848,s3-eth2,0.0029877471923828126,99.99701225280762
2025-11-26 19:55:07.184390144,s1-eth1,0.0029877471923828126,99.99701225280762
2025-11-26 19:55:07.184495872,s2-eth2,0.0029877471923828126,99.99701225280762
2025-11-26 19:55:07.184645888,s3-eth2,0.0029877471923828126,99.99701225280762
2025-11-26 19:55:08.185298944,s1-eth1,0.003631591796875,99.99636840820312
2025-11-26 19:55:08.185331968,s2-eth2,0.003631591796875,99.99636840820312
2025-11-26 19:55:08.185376000,s3-eth2,0.003631591796875,99.99636840820312
2025-11-26 19:55:09.186091008,s1-eth1,0.00299072265625,99.99700927734375
2025-11-26 19:55:09.186203904,s2-eth2,0.00299072265625,99.99700927734375
2025-11-26 19:55:09.186352896,s3-eth2,0.00299072265625,99.99700927734375
2025-11-26 19:55:10.187289088,s1-eth1,0.0029877471923828126,99.99701225280762
2025-11-26 19:55:10.187395072,s2-eth2,0.0029877471923828126,99.99701225280762
2025-11-26 19:55:10.187543040,s3-eth2,0.0029877471923828126,99.99701225280762
2025-11-26 19:55:11.188594176,s1-eth1,0.0029877471923828126,99.99701225280762
2025-11-26 19:55:11.188700928,s2-eth2,0.0029877471923828126,99.99701225280762
2025-11-26 19:55:11.188851200,s3-eth2,0.0029877471923828126,99.99701225280762
2025-11-26 19:55:12.189763072,s1-eth1,0.0029877471923828126,99.99701225280762
2025-11-26 19:55:12.189868800,s2-eth2,0.0029877471923828126,99.99701225280762
2025-11-26 19:55:12.190017024,s3-eth2,0.0029877471923828126,99.99701225280762
2025-11-26 19:55:13.191084032,s1-eth1,43.653934478759766,56.346065521240234
2025-11-26 19:55:13.191203072,s2-eth2,0.0029877471923828126,99.99701225280762
2025-11-26 19:55:13.191351808,s3-eth2,0.0029877471923828126,99.99701225280762
2025-11-26 19:55:14.192315136,s1-eth1,24.875598907470703,75.1244010925293
2025-11-26 19:55:14.192431872,s2-eth2,0.0029877471923828126,99.99701225280762
2025-11-26 19:55:14.192583168,s3-eth2,0.0029877471923828126,99.99701225280762
2025-11-26 19:55:15.193515008,s1-eth1,0.0029877471923828126,99.99701225280762
2025-11-26 19:55:15.193620992,s2-eth2,0.0029877471923828126,99.99701225280762
2025-11-26 19:55:15.193769984,s3-eth2,0.0029877471923828126,99.99701225280762
2025-11-26 19:55:16.194777088,s1-eth1,0.0029877471923828126,99.99701225280762
2025-11-26 19:55:16.194919168,s2-eth2,0.0029877471923828126,99.99701225280762
2025-11-26 19:55:16.195067904,s3-eth2,0.0029877471923828126,99.99701225280762
2025-11-26 19:55:17.195987968,s1-eth1,0.0036279296875,99.9963720703125
2025-11-26 19:55:17.196093952,s2-eth2,0.0036279296875,99.9963720703125
2025-11-26 19:55:17.196242944,s3-eth2,0.0036279296875,99.9963720703125
2025-11-26 19:55:18.197145856,s1-eth1,0.0029877471923828126,99.99701225280762
2025-11-26 19:55:18.197251072,s2-eth2,0.0029877471923828126,99.99701225280762
2025-11-26 19:55:18.197398784,s3-eth2,0.0029877471923828126,99.99701225280762
2025-11-26 19:55:19.197963008,s1-eth1,0.00299072265625,99.99700927734375
2025-11-26 19:55:19.198004992,s2-eth2,0.00299072265625,99.99700927734375
2025-11-26 19:55:19.198064128,s3-eth2,0.00299072265625,99.99700927734375
2025-11-26 19:55:20.198458880,s1-eth1,0.00299072265625,99.99700927734375
2025-11-26 19:55:20.198501120,s2-eth2,0.00299072265625,99.99700927734375
2025-11-26 19:55:20.198558976,s3-eth2,0.00299072265625,99.99700927734375
2025-11-26 19:55:21.199484160,s1-eth1,0.0029877471923828126,99.99701225280762
2025-11-26 19:55:21.199589120,s2-eth2,0.0029877471923828126,99.99701225280762
2025-11-26 19:55:21.199738880,s3-eth2,0.0029877471923828126,99.99701225280762
2025-11-26 19:55:22.200687872,s1-eth1,0.0029877471923828126,99.99701225280762
2025-11-26 19:55:22.200793088,s2-eth2,0.0029877471923828126,99.99701225280762
2025-11-26 19:55:22.200941056,s3-eth2,0.0029877471923828126,99.99701225280762
2025-11-26 19:55:23.201891840,s1-eth1,0.0029877471923828126,99.99701225280762
2025-11-26 19:55:23.201998848,s2-eth2,0.0036279296875,99.9963720703125
2025-11-26 19:55:23.202147840,s3-eth2,0.0036279296875,99.9963720703125
2025-11-26 19:55:24.203107072,s1-eth1,0.0022408294677734373,99.99775917053222
2025-11-26 19:55:24.203220992,s2-eth2,62.713836669921875,37.286163330078125
2025-11-26 19:55:24.203392000,s3-eth2,0.0029877471923828126,99.99701225280762
2025-11-26 19:55:25.204339968,s1-eth1,0.0037346649169921874,99.99626533508301
2025-11-26 19:55:25.204461056,s2-eth2,2.188828430175781,97.81117156982423
2025-11-26 19:55:25.204627968,s3-eth2,0.0029877471923828126,99.99701225280762
2025-11-26 19:55:26.205543168,s1-eth1,0.0036279296875,99.9963720703125
2025-11-26 19:55:26.205660160,s2-eth2,0.0029877471923828126,99.99701225280762
2025-11-26 19:55:26.205810176,s3-eth2,0.0029877471923828126,99.99701225280762
2025-11-26 19:55:27.206377984,s1-eth1,0.00299072265625,99.99700927734375
2025-11-26 19:55:27.206462976,s2-eth2,0.003631591796875,99.99636840820312
2025-11-26 19:55:27.206609920,s3-eth2,0.003631591796875,99.99636840820312
2025-11-26 19:55:28.207559936,s1-eth1,0.0029877471923828126,99.99701225280762
2025-11-26 19:55:28.207664896,s2-eth2,0.0029877471923828126,99.99701225280762
2025-11-26 19:55:28.207812096,s3-eth2,0.0029877471923828126,99.99701225280762
2025-11-26 19:55:29.208722944,s1-eth1,0.0029877471923828126,99.99701225280762
2025-11-26 19:55:29.208827904,s2-eth2,0.0029877471923828126,99.99701225280762
2025-11-26 19:55:29.208975104,s3-eth2,0.0029877471923828126,99.99701225280762
2025-11-26 19:55:30.209872896,s1-eth1,0.0029877471923828126,99.99701225280762
2025-11-26 19:55:30.209976832,s2-eth2,0.0029877471923828126,99.99701225280762
2025-11-26 19:55:30.210124032,s3-eth2,0.0029877471923828126,99.99701225280762
2025-11-26 19:55:31.210691072,s1-eth1,0.0022430419921875,99.99775695800781
2025-11-26 19:55:31.210735104,s2-eth2,44.3089599609375,55.6910400390625
2025-11-26 19:55:31.210792960,s3-eth2,44.5078125,55.4921875
2025-11-26 19:55:32.211542016,s1-eth1,0.004058837890625,99.99594116210938
2025-11-26 19:55:32.211657984,s2-eth2,20.102134704589844,79.89786529541016
2025-11-26 19:55:32.211815168,s3-eth2,19.883399963378906,80.1166000366211
2025-11-26 19:55:33.212729856,s1-eth1,0.0033078765869140624,99.99669212341308
2025-11-26 19:55:33.212836096,s2-eth2,0.0033078765869140624,99.99669212341308
2025-11-26 19:55:33.212982784,s3-eth2,0.0033078765869140624,99.99669212341308
2025-11-26 19:55:34.213531904,s1-eth1,0.00299072265625,99.99700927734375
2025-11-26 19:55:34.213570048,s2-eth2,0.00299072265625,99.99700927734375
2025-11-26 19:55:34.213624832,s3-eth2,0.00299072265625,99.99700927734375
2025-11-26 19:55:35.214016000,s1-eth1,14.30426025390625,85.69573974609375
2025-11-26 19:55:35.214062848,s2-eth2,67.10983276367188,32.890167236328125
2025-11-26 19:55:35.214124032,s3-eth2,0.0022430419921875,99.99775695800781
2025-11-26 19:55:36.214556928,s1-eth1,87.48797607421875,12.51202392578125
2025-11-26 19:55:36.214603008,s2-eth2,100.43733978271484,-0.43733978271484375
2025-11-26 19:55:36.214663936,s3-eth2,3.0931243896484375,96.90687561035156
2025-11-26 19:55:37.215492096,s1-eth1,107.6278076171875,-7.6278076171875
2025-11-26 19:55:37.215614208,s2-eth2,70.87554931640625,29.12445068359375
2025-11-26 19:55:37.215789056,s3-eth2,27.30227279663086,72.69772720336914
2025-11-26 19:55:38.216756992,s1-eth1,59.81126022338867,40.18873977661133
2025-11-26 19:55:38.216871936,s2-eth2,40.222557067871094,59.777442932128906
2025-11-26 19:55:38.217037824,s3-eth2,40.44378662109375,59.55621337890625
2025-11-26 19:55:39.217978112,s1-eth1,0.0029877471923828126,99.99701225280762
2025-11-26 19:55:39.218082048,s2-eth2,0.0029877471923828126,99.99701225280762
2025-11-26 19:55:39.218230016,s3-eth2,0.0029877471923828126,99.99701225280762
2025-11-26 19:55:40.219162880,s1-eth1,0.0029877471923828126,99.99701225280762
2025-11-26 19:55:40.219268096,s2-eth2,0.0029877471923828126,99.99701225280762
2025-11-26 19:55:40.219415040,s3-eth2,0.0029877471923828126,99.99701225280762
2025-11-26 19:55:41.219981056,s1-eth1,43.4761962890625,56.5238037109375
2025-11-26 19:55:41.220023040,s2-eth2,44.15385437011719,55.84614562988281
2025-11-26 19:55:41.220081152,s3-eth2,44.374298095703125,55.625701904296875
2025-11-26 19:55:42.220820992,s1-eth1,22.678985595703125,77.32101440429688
2025-11-26 19:55:42.220935168,s2-eth2,22.001327514648438,77.99867248535156
2025-11-26 19:55:42.221091072,s3-eth2,21.759124755859375,78.24087524414062
2025-11-26 19:55:43.221664000,s1-eth1,0.00299072265625,99.99700927734375
2025-11-26 19:55:43.221702144,s2-eth2,0.00299072265625,99.99700927734375
2025-11-26 19:55:43.221755904,s3-eth2,0.00299072265625,99.99700927734375
2025-11-26 19:55:44.222126848,s1-eth1,0.00299072265625,99.99700927734375
2025-11-26 19:55:44.222164992,s2-eth2,0.00299072265625,99.99700927734375
2025-11-26 19:55:44.222220800,s3-eth2,0.00299072265625,99.99700927734375
2025-11-26 19:55:45.222973184,s1-eth1,0.00299072265625,99.99700927734375
2025-11-26 19:55:45.223078912,s2-eth2,0.003631591796875,99.99636840820312
2025-11-26 19:55:45.223227136,s3-eth2,0.0036279296875,99.9963720703125
2025-11-26 19:55:46.224380928,s1-eth1,33.234100341796875,66.76589965820312
2025-11-26 19:55:46.224553984,s2-eth2,0.0029877471923828126,99.99701225280762
2025-11-26 19:55:46.224706816,s3-eth2,0.0029877471923828126,99.99701225280762
2025-11-26 19:55:47.225346048,s1-eth1,32.89911651611328,67.10088348388672
2025-11-26 19:55:47.225390080,s2-eth2,0.00299072265625,99.99700927734375
2025-11-26 19:55:47.225452032,s3-eth2,0.00299072265625,99.99700927734375
2025-11-26 19:55:48.226195200,s1-eth1,0.0022430419921875,99.99775695800781
2025-11-26 19:55:48.226313216,s2-eth2,43.02215576171875,56.97784423828125
2025-11-26 19:55:48.226488064,s3-eth2,42.75919723510742,57.24080276489258
2025-11-26 19:55:49.227420928,s1-eth1,0.0037346649169921874,99.99626533508301
2025-11-26 19:55:49.227539968,s2-eth2,21.367738723754883,78.63226127624512
2025-11-26 19:55:49.227725056,s3-eth2,21.587718963623047,78.41228103637695
2025-11-26 19:55:50.228691968,s1-eth1,37.06757736206055,62.93242263793945
2025-11-26 19:55:50.228818944,s2-eth2,0.0029877471923828126,99.99701225280762
2025-11-26 19:55:50.228980992,s3-eth2,0.0029877471923828126,99.99701225280762
2025-11-26 19:55:51.230119936,s1-eth1,31.39284896850586,68.60715103149414
2025-11-26 19:55:51.230284032,s2-eth2,57.35862731933594,42.64137268066406
2025-11-26 19:55:51.230458112,s3-eth2,0.0036279296875,99.9963720703125
2025-11-26 19:55:52.231425024,s1-eth1,64.87947082519531,35.12052917480469
2025-11-26 19:55:52.231556864,s2-eth2,76.10575103759766,23.894248962402344
2025-11-26 19:55:52.231718144,s3-eth2,0.0029877471923828126,99.99701225280762
2025-11-26 19:55:53.232645888,s1-eth1,0.009336700439453125,99.99066329956055
2025-11-26 19:55:53.232754944,s2-eth2,0.008696441650390624,99.99130355834961
2025-11-26 19:55:53.232909056,s3-eth2,0.0029877471923828126,99.99701225280762
2025-11-26 19:55:54.233815808,s1-eth1,0.0029877471923828126,99.99701225280762
2025-11-26 19:55:54.233921024,s2-eth2,0.0029877471923828126,99.99701225280762
2025-11-26 19:55:54.234068992,s3-eth2,0.0029877471923828126,99.99701225280762
2025-11-26 19:55:55.235011072,s1-eth1,50.56637954711914,49.43362045288086
2025-11-26 19:55:55.235130112,s2-eth2,0.00149383544921875,99.99850616455078
2025-11-26 19:55:55.235280896,s3-eth2,0.00149383544921875,99.99850616455078
2025-11-26 19:55:56.236325120,s1-eth1,17.963008880615234,82.03699111938477
2025-11-26 19:55:56.236442112,s2-eth2,0.004481582641601562,99.9955184173584
2025-11-26 19:55:56.236592128,s3-eth2,0.004481582641601562,99.9955184173584
2025-11-26 19:55:57.237505792,s1-eth1,0.0036279296875,99.9963720703125
2025-11-26 19:55:57.237613056,s2-eth2,0.0036279296875,99.9963720703125
2025-11-26 19:55:57.237761024,s3-eth2,0.0036279296875,99.9963720703125
2025-11-26 19:55:58.238665216,s1-eth1,0.0029877471923828126,99.99701225280762
2025-11-26 19:55:58.238776832,s2-eth2,51.846866607666016,48.153133392333984
2025-11-26 19:55:58.238963968,s3-eth2,0.0029877471923828126,99.99701225280762
2025-11-26 19:55:59.239891968,s1-eth1,0.0029877471923828126,99.99701225280762
2025-11-26 19:55:59.240003072,s2-eth2,13.05579948425293,86.94420051574707
2025-11-26 19:55:59.240171008,s3-eth2,0.0029877471923828126,99.99701225280762
2025-11-26 19:56:00.241116160,s1-eth1,0.0029877471923828126,99.99701225280762
2025-11-26 19:56:00.241231872,s2-eth2,0.0029877471923828126,99.99701225280762
2025-11-26 19:56:00.241391872,s3-eth2,0.0029877471923828126,99.99701225280762
2025-11-26 19:56:01.242465024,s1-eth1,0.0029877471923828126,99.99701225280762
2025-11-26 19:56:01.242578944,s2-eth2,0.0029877471923828126,99.99701225280762
2025-11-26 19:56:01.242737920,s3-eth2,0.0029877471923828126,99.99701225280762
2025-11-26 19:56:02.243688960,s1-eth1,41.370357513427734,58.629642486572266
2025-11-26 19:56:02.243815936,s2-eth2,0.0029877471923828126,99.99701225280762
2025-11-26 19:56:02.243964928,s3-eth2,0.0029877471923828126,99.99701225280762
2025-11-26 19:56:03.244889856,s1-eth1,23.69369125366211,76.30630874633789
2025-11-26 19:56:03.245016064,s2-eth2,0.0029877471923828126,99.99701225280762
2025-11-26 19:56:03.245164032,s3-eth2,0.0029877471923828126,99.99701225280762
2025-11-26 19:56:04.246073856,s1-eth1,0.0029877471923828126,99.99701225280762
2025-11-26 19:56:04.246180096,s2-eth2,0.0029877471923828126,99.99701225280762
2025-11-26 19:56:04.246328064,s3-eth2,0.0029877471923828126,99.99701225280762
2025-11-26 19:56:05.247288832,s1-eth1,64.88423156738281,35.11576843261719
2025-11-26 19:56:05.247404032,s2-eth2,64.88497924804688,35.115020751953125
2025-11-26 19:56:05.247563008,s3-eth2,0.0029877471923828126,99.99701225280762
2025-11-26 19:56:06.248668928,s1-eth1,0.01339141845703125,99.98660858154297
2025-11-26 19:56:06.248777984,s2-eth2,0.012644500732421874,99.98735549926758
2025-11-26 19:56:06.248931840,s3-eth2,0.0029877471923828126,99.99701225280762
2025-11-26 19:56:07.249843968,s1-eth1,0.0029877471923828126,99.99701225280762
2025-11-26 19:56:07.249949952,s2-eth2,0.0029877471923828126,99.99701225280762
2025-11-26 19:56:07.250097920,s3-eth2,0.0029877471923828126,99.99701225280762
2025-11-26 19:56:08.251028992,s1-eth1,0.0029877471923828126,99.99701225280762
2025-11-26 19:56:08.251135232,s2-eth2,0.0029877471923828126,99.99701225280762
2025-11-26 19:56:08.251301120,s3-eth2,85.66899871826172,14.331001281738281
2025-11-26 19:56:09.252201984,s1-eth1,0.0029877471923828126,99.99701225280762
2025-11-26 19:56:09.252305920,s2-eth2,0.0029877471923828126,99.99701225280762
2025-11-26 19:56:09.252468992,s3-eth2,53.475608825683594,46.524391174316406
2025-11-26 19:56:10.253393920,s1-eth1,0.0036279296875,99.9963720703125
2025-11-26 19:56:10.253499136,s2-eth2,0.0042681884765625,99.99573181152344
2025-11-26 19:56:10.253648128,s3-eth2,0.0042681884765625,99.99573181152344
2025-11-26 19:56:11.254603008,s1-eth1,0.0029877471923828126,99.99701225280762
2025-11-26 19:56:11.254717952,s2-eth2,0.0029877471923828126,99.99701225280762
2025-11-26 19:56:11.254884864,s3-eth2,0.0029877471923828126,99.99701225280762
2025-11-26 19:56:12.255820032,s1-eth1,0.0029877471923828126,99.99701225280762
2025-11-26 19:56:12.255932928,s2-eth2,0.0029877471923828126,99.99701225280762
2025-11-26 19:56:12.256082176,s3-eth2,0.0029877471923828126,99.99701225280762
2025-11-26 19:56:13.256995072,s1-eth1,0.0029877471923828126,99.99701225280762
2025-11-26 19:56:13.257101056,s2-eth2,0.0029877471923828126,99.99701225280762
2025-11-26 19:56:13.257250048,s3-eth2,0.0029877471923828126,99.99701225280762
2025-11-26 19:56:14.258141952,s1-eth1,0.0029877471923828126,99.99701225280762
2025-11-26 19:56:14.258245888,s2-eth2,0.0029877471923828126,99.99701225280762
2025-11-26 19:56:14.258393088,s3-eth2,0.0029877471923828126,99.99701225280762
2025-11-26 19:56:15.259314176,s1-eth1,0.0036279296875,99.9963720703125
2025-11-26 19:56:15.259418112,s2-eth2,0.0029877471923828126,99.99701225280762
2025-11-26 19:56:15.259567104,s3-eth2,0.0029877471923828126,99.99701225280762
2025-11-26 19:56:16.260672000,s1-eth1,43.375511169433594,56.624488830566406
2025-11-26 19:56:16.260790016,s2-eth2,0.0029877471923828126,99.99701225280762
2025-11-26 19:56:16.260940032,s3-eth2,0.0029877471923828126,99.99701225280762
2025-11-26 19:56:17.261911040,s1-eth1,25.153528213500977,74.84647178649902
2025-11-26 19:56:17.262028032,s2-eth2,0.0029877471923828126,99.99701225280762
2025-11-26 19:56:17.262177024,s3-eth2,0.0029877471923828126,99.99701225280762
2025-11-26 19:56:18.263149056,s1-eth1,0.0029877471923828126,99.99701225280762
2025-11-26 19:56:18.263264768,s2-eth2,0.0029877471923828126,99.99701225280762
2025-11-26 19:56:18.263425024,s3-eth2,0.0029877471923828126,99.99701225280762
2025-11-26 19:56:19.264352000,s1-eth1,0.0029877471923828126,99.99701225280762
2025-11-26 19:56:19.264466944,s2-eth2,0.0029877471923828126,99.99701225280762
2025-11-26 19:56:19.264625920,s3-eth2,0.0029877471923828126,99.99701225280762
2025-11-26 19:56:20.265548032,s1-eth1,0.0029877471923828126,99.99701225280762
2025-11-26 19:56:20.265652992,s2-eth2,0.0029877471923828126,99.99701225280762
2025-11-26 19:56:20.265801984,s3-eth2,0.0029877471923828126,99.99701225280762
2025-11-26 19:56:21.266712064,s1-eth1,0.0022408294677734373,99.99775917053222
2025-11-26 19:56:21.266825984,s2-eth2,61.989662170410156,38.010337829589844
2025-11-26 19:56:21.267008000,s3-eth2,0.0029877471923828126,99.99701225280762
2025-11-26 19:56:22.267927040,s1-eth1,0.004374923706054687,99.99562507629395
2025-11-26 19:56:22.268039936,s2-eth2,2.91361328125,97.08638671875
2025-11-26 19:56:22.268204800,s3-eth2,0.0036279296875,99.9963720703125
2025-11-26 19:56:23.269126912,s1-eth1,0.0029877471923828126,99.99701225280762
2025-11-26 19:56:23.269232128,s2-eth2,0.0029877471923828126,99.99701225280762
2025-11-26 19:56:23.269381120,s3-eth2,0.0029877471923828126,99.99701225280762
2025-11-26 19:56:24.270298880,s1-eth1,0.0029877471923828126,99.99701225280762
2025-11-26 19:56:24.270405888,s2-eth2,0.0029877471923828126,99.99701225280762
2025-11-26 19:56:24.270554112,s3-eth2,0.0029877471923828126,99.99701225280762
2025-11-26 19:56:25.271472896,s1-eth1,0.0029877471923828126,99.99701225280762
2025-11-26 19:56:25.271576832,s2-eth2,0.0029877471923828126,99.99701225280762
2025-11-26 19:56:25.271724032,s3-eth2,0.0029877471923828126,99.99701225280762
2025-11-26 19:56:26.272876032,s1-eth1,0.0022408294677734373,99.99775917053222
2025-11-26 19:56:26.272998144,s2-eth2,52.6923942565918,47.3076057434082
2025-11-26 19:56:26.273158912,s3-eth2,0.0022408294677734373,99.99775917053222
2025-11-26 19:56:27.274082048,s1-eth1,0.0037346649169921874,99.99626533508301
2025-11-26 19:56:27.274203136,s2-eth2,12.332196197509766,87.66780380249023
2025-11-26 19:56:27.274363136,s3-eth2,0.0037346649169921874,99.99626533508301
2025-11-26 19:56:28.275122944,s1-eth1,0.0029877471923828126,99.99701225280762
2025-11-26 19:56:28.275238912,s2-eth2,0.0036279296875,99.9963720703125
2025-11-26 19:56:28.275387904,s3-eth2,0.0036279296875,99.9963720703125
2025-11-26 19:56:29.276331008,s1-eth1,0.0029877471923828126,99.99701225280762
2025-11-26 19:56:29.276446976,s2-eth2,0.0029877471923828126,99.99701225280762
2025-11-26 19:56:29.276595200,s3-eth2,0.0029877471923828126,99.99701225280762
2025-11-26 19:56:30.277512192,s1-eth1,0.0029877471923828126,99.99701225280762
2025-11-26 19:56:30.277616896,s2-eth2,0.0029877471923828126,99.99701225280762
2025-11-26 19:56:30.277765120,s3-eth2,0.0029877471923828126,99.99701225280762
2025-11-26 19:56:31.278894848,s1-eth1,35.65665054321289,64.34334945678711
2025-11-26 19:56:31.279005952,s2-eth2,0.0029877471923828126,99.99701225280762
2025-11-26 19:56:31.279165952,s3-eth2,0.0029877471923828126,99.99701225280762
2025-11-26 19:56:32.280116992,s1-eth1,29.83523941040039,70.16476058959961
2025-11-26 19:56:32.280229120,s2-eth2,0.0029877471923828126,99.99701225280762
2025-11-26 19:56:32.280386816,s3-eth2,0.0029877471923828126,99.99701225280762
2025-11-26 19:56:33.281356032,s1-eth1,36.1620979309082,63.8379020690918
2025-11-26 19:56:33.281478912,s2-eth2,36.77235794067383,63.22764205932617
2025-11-26 19:56:33.281644032,s3-eth2,0.0029877471923828126,99.99701225280762
2025-11-26 19:56:34.282597120,s1-eth1,29.334665298461914,70.66533470153809
2025-11-26 19:56:34.282720000,s2-eth2,28.72440528869629,71.27559471130371
2025-11-26 19:56:34.282895104,s3-eth2,0.0029877471923828126,99.99701225280762
2025-11-26 19:56:35.283826944,s1-eth1,0.0029877471923828126,99.99701225280762
2025-11-26 19:56:35.283931136,s2-eth2,0.0029877471923828126,99.99701225280762
2025-11-26 19:56:35.284079104,s3-eth2,0.0029877471923828126,99.99701225280762
2025-11-26 19:56:36.285135872,s1-eth1,0.0029877471923828126,99.99701225280762
2025-11-26 19:56:36.285243136,s2-eth2,0.0036279296875,99.9963720703125
2025-11-26 19:56:36.285392128,s3-eth2,0.0036279296875,99.9963720703125
2025-11-26 19:56:37.286309888,s1-eth1,0.0029877471923828126,99.99701225280762
2025-11-26 19:56:37.286415104,s2-eth2,0.0029877471923828126,99.99701225280762
2025-11-26 19:56:37.286564096,s3-eth2,0.0029877471923828126,99.99701225280762
2025-11-26 19:56:38.287488000,s1-eth1,0.0036279296875,99.9963720703125
2025-11-26 19:56:38.287593984,s2-eth2,0.0036279296875,99.9963720703125
2025-11-26 19:56:38.287742976,s3-eth2,0.0036279296875,99.9963720703125
2025-11-26 19:56:39.288654080,s1-eth1,0.0029877471923828126,99.99701225280762
2025-11-26 19:56:39.288760064,s2-eth2,0.0029877471923828126,99.99701225280762
2025-11-26 19:56:39.288908032,s3-eth2,0.0029877471923828126,99.99701225280762
2025-11-26 19:56:40.289832960,s1-eth1,0.0036279296875,99.9963720703125
2025-11-26 19:56:40.289937920,s2-eth2,0.0029877471923828126,99.99701225280762
2025-11-26 19:56:40.290086912,s3-eth2,0.0029877471923828126,99.99701225280762
2025-11-26 19:56:41.290678016,s1-eth1,43.609710693359375,56.390289306640625
2025-11-26 19:56:41.290723072,s2-eth2,86.98316955566406,13.016830444335938
2025-11-26 19:56:41.290782976,s3-eth2,86.79385375976562,13.206146240234375
2025-11-26 19:56:42.291561984,s1-eth1,53.114341735839844,46.885658264160156
2025-11-26 19:56:42.291683072,s2-eth2,38.72514343261719,61.27485656738281
2025-11-26 19:56:42.291849984,s3-eth2,38.87558364868164,61.12441635131836
2025-11-26 19:56:43.292444928,s1-eth1,28.13707733154297,71.86292266845703
2025-11-26 19:56:43.292485888,s2-eth2,0.00299072265625,99.99700927734375
2025-11-26 19:56:43.292544000,s3-eth2,0.00299072265625,99.99700927734375
2025-11-26 19:56:44.293262080,s1-eth1,0.00299072265625,99.99700927734375
2025-11-26 19:56:44.293366784,s2-eth2,0.00299072265625,99.99700927734375
2025-11-26 19:56:44.293515008,s3-eth2,0.00299072265625,99.99700927734375
2025-11-26 19:56:45.294470912,s1-eth1,0.0029877471923828126,99.99701225280762
2025-11-26 19:56:45.294578176,s2-eth2,0.0029877471923828126,99.99701225280762
2025-11-26 19:56:45.294727168,s3-eth2,0.0029877471923828126,99.99701225280762
2025-11-26 19:56:46.295857920,s1-eth1,0.0029877471923828126,99.99701225280762
2025-11-26 19:56:46.295962112,s2-eth2,0.0029877471923828126,99.99701225280762
2025-11-26 19:56:46.296109824,s3-eth2,0.0029877471923828126,99.99701225280762
2025-11-26 19:56:47.297014016,s1-eth1,0.0036279296875,99.9963720703125
2025-11-26 19:56:47.297121024,s2-eth2,0.0036279296875,99.9963720703125
2025-11-26 19:56:47.297271040,s3-eth2,0.0036279296875,99.9963720703125
2025-11-26 19:56:48.298278144,s1-eth1,8.525563201904298,91.4744367980957
2025-11-26 19:56:48.298439936,s2-eth2,51.877201080322266,48.122798919677734
2025-11-26 19:56:48.298621952,s3-eth2,42.62923049926758,57.37076950073242
2025-11-26 19:56:49.299726080,s1-eth1,102.90229034423828,-2.9022903442382812
2025-11-26 19:56:49.299855872,s2-eth2,95.11190032958984,4.888099670410156
2025-11-26 19:56:49.300021760,s3-eth2,33.16191482543945,66.83808517456055
2025-11-26 19:56:50.300847104,s1-eth1,91.9207763671875,8.0792236328125
2025-11-26 19:56:50.300976128,s2-eth2,58.13685607910156,41.86314392089844
2025-11-26 19:56:50.301158912,s3-eth2,57.635902404785156,42.364097595214844
2025-11-26 19:56:51.302274048,s1-eth1,0.11995147705078125,99.88004852294922
2025-11-26 19:56:51.302401024,s2-eth2,0.11995147705078125,99.88004852294922
2025-11-26 19:56:51.302553856,s3-eth2,0.11995147705078125,99.88004852294922
2025-11-26 19:56:52.303520000,s1-eth1,0.0029877471923828126,99.99701225280762
2025-11-26 19:56:52.303642112,s2-eth2,0.0029877471923828126,99.99701225280762
2025-11-26 19:56:52.303790080,s3-eth2,0.0029877471923828126,99.99701225280762
2025-11-26 19:56:53.304743936,s1-eth1,0.0029877471923828126,99.99701225280762
2025-11-26 19:56:53.304850944,s2-eth2,0.0029877471923828126,99.99701225280762
2025-11-26 19:56:53.304997888,s3-eth2,0.0029877471923828126,99.99701225280762
2025-11-26 19:56:54.305920000,s1-eth1,49.774749755859375,50.225250244140625
2025-11-26 19:56:54.306055168,s2-eth2,0.0022408294677734373,99.99775917053222
2025-11-26 19:56:54.306204160,s3-eth2,0.00149383544921875,99.99850616455078
2025-11-26 19:56:55.307143936,s1-eth1,50.42008590698242,49.57991409301758
2025-11-26 19:56:55.307287808,s2-eth2,31.450956344604492,68.54904365539551
2025-11-26 19:56:55.307449088,s3-eth2,0.004481582641601562,99.9955184173584
2025-11-26 19:56:56.308537088,s1-eth1,34.12847137451172,65.87152862548828
2025-11-26 19:56:56.308666112,s2-eth2,34.34718322753906,65.65281677246094
2025-11-26 19:56:56.308832000,s3-eth2,0.0029877471923828126,99.99701225280762
2025-11-26 19:56:57.309771008,s1-eth1,0.0029877471923828126,99.99701225280762
2025-11-26 19:56:57.309891072,s2-eth2,51.790679931640625,48.209320068359375
2025-11-26 19:56:57.310061824,s3-eth2,0.0029877471923828126,99.99701225280762
2025-11-26 19:56:58.310988032,s1-eth1,0.0029877471923828126,99.99701225280762
2025-11-26 19:56:58.311099136,s2-eth2,12.944117584228515,87.05588241577149
2025-11-26 19:56:58.311266816,s3-eth2,0.0029877471923828126,99.99701225280762
2025-11-26 19:56:59.312158976,s1-eth1,0.0029877471923828126,99.99701225280762
2025-11-26 19:56:59.312263936,s2-eth2,0.0029877471923828126,99.99701225280762
2025-11-26 19:56:59.312411136,s3-eth2,0.0029877471923828126,99.99701225280762
2025-11-26 19:57:00.313296128,s1-eth1,0.0022408294677734373,99.99775917053222
2025-11-26 19:57:00.313417984,s2-eth2,53.785526275634766,46.214473724365234
2025-11-26 19:57:00.313585152,s3-eth2,69.51998901367188,30.480010986328125
2025-11-26 19:57:01.314659072,s1-eth1,0.0037346649169921874,99.99626533508301
2025-11-26 19:57:01.314779136,s2-eth2,11.239058532714843,88.76094146728516
2025-11-26 19:57:01.314953984,s3-eth2,0.00857452392578125,99.99142547607421
2025-11-26 19:57:02.315838976,s1-eth1,0.0029877471923828126,99.99701225280762
2025-11-26 19:57:02.315943936,s2-eth2,0.0029877471923828126,99.99701225280762
2025-11-26 19:57:02.316091904,s3-eth2,0.0029877471923828126,99.99701225280762
2025-11-26 19:57:03.316994048,s1-eth1,0.0029877471923828126,99.99701225280762
2025-11-26 19:57:03.317100032,s2-eth2,0.0036279296875,99.9963720703125
2025-11-26 19:57:03.317248000,s3-eth2,0.0036279296875,99.9963720703125
2025-11-26 19:57:04.317789952,s1-eth1,0.003631591796875,99.99636840820312
2025-11-26 19:57:04.317827840,s2-eth2,0.00299072265625,99.99700927734375
2025-11-26 19:57:04.317883136,s3-eth2,0.00299072265625,99.99700927734375
2025-11-26 19:57:05.318248960,s1-eth1,0.00299072265625,99.99700927734375
2025-11-26 19:57:05.318286848,s2-eth2,0.00299072265625,99.99700927734375
2025-11-26 19:57:05.318341888,s3-eth2,0.00299072265625,99.99700927734375
2025-11-26 19:57:06.318769920,s1-eth1,0.00299072265625,99.99700927734375
2025-11-26 19:57:06.318809088,s2-eth2,0.00299072265625,99.99700927734375
2025-11-26 19:57:06.318871040,s3-eth2,0.00299072265625,99.99700927734375
2025-11-26 19:57:07.319586048,s1-eth1,64.94892883300781,35.05107116699219
2025-11-26 19:57:07.319698176,s2-eth2,64.95039367675781,35.04960632324219
2025-11-26 19:57:07.319855872,s3-eth2,0.0042724609375,99.9957275390625
2025-11-26 19:57:08.320730880,s1-eth1,0.013612518310546875,99.98638748168945
2025-11-26 19:57:08.320839936,s2-eth2,0.012789306640625,99.98721069335937
2025-11-26 19:57:08.321001984,s3-eth2,48.31034851074219,51.68965148925781
2025-11-26 19:57:09.321569792,s1-eth1,0.0037384033203125,99.99626159667969
2025-11-26 19:57:09.321608960,s2-eth2,0.0037384033203125,99.99626159667969
2025-11-26 19:57:09.321667840,s3-eth2,21.23944091796875,78.76055908203125
2025-11-26 19:57:10.322351104,s1-eth1,0.00299072265625,99.99700927734375
2025-11-26 19:57:10.322454016,s2-eth2,0.00299072265625,99.99700927734375
2025-11-26 19:57:10.322601984,s3-eth2,0.00299072265625,99.99700927734375
2025-11-26 19:57:11.323666176,s1-eth1,0.0042681884765625,99.99573181152344
2025-11-26 19:57:11.323771904,s2-eth2,0.0036279296875,99.9963720703125
2025-11-26 19:57:11.323920128,s3-eth2,0.0036279296875,99.9963720703125
2025-11-26 19:57:12.324803072,s1-eth1,0.0029877471923828126,99.99701225280762
2025-11-26 19:57:12.324907008,s2-eth2,0.0029877471923828126,99.99701225280762
2025-11-26 19:57:12.325052928,s3-eth2,0.0029877471923828126,99.99701225280762
2025-11-26 19:57:13.325897984,s1-eth1,0.0029877471923828126,99.99701225280762
2025-11-26 19:57:13.326001920,s2-eth2,0.0029877471923828126,99.99701225280762
2025-11-26 19:57:13.326148096,s3-eth2,0.0029877471923828126,99.99701225280762
2025-11-26 19:57:14.327002880,s1-eth1,0.0029877471923828126,99.99701225280762
2025-11-26 19:57:14.327107072,s2-eth2,0.0029877471923828126,99.99701225280762
2025-11-26 19:57:14.327254016,s3-eth2,0.0029877471923828126,99.99701225280762
