timestamp,h11_h61,h12_h62,h13_h63,h14_h64
2025-11-26 12:50:17,24.962910038971305,36.23178991127022,22.435665467139128,19.342413610094816
2025-11-26 12:50:18,24.002836233306684,34.79592894175402,21.79664957994684,18.79260388655412
2025-11-26 12:50:19,24.0,35.0874697173941,22.18643917529213,19.088278172496565
2025-11-26 12:50:20,24.0,35.1,22.29659757918059,19.1
2025-11-26 12:50:21,24.0,35.004193709043065,22.20340328896783,19.004130292039385
2025-11-26 12:50:22,24.0,35.0,22.296590706447677,19.0
2025-11-26 12:50:23,24.0,34.9041884659452,21.81683879182119,18.904295051732102
2025-11-26 12:50:24,24.0,34.8042686238637,21.70336012852536,18.9
2025-11-26 12:50:25,24.0,34.8956407630082,21.89324460391182,18.9
2025-11-26 12:50:26,24.0,34.9,21.803369519032543,18.9
2025-11-26 12:50:27,24.0,34.80453111484797,21.703366793039624,18.9
2025-11-26 12:50:28,24.0,34.8,21.7,18.9
2025-11-26 12:50:29,24.0,34.89531874175906,21.893223879017352,18.805327591664028
2025-11-26 12:50:30,24.0,34.9,21.9,18.894478359579324
2025-11-26 12:50:31,24.0,34.9,21.803392886052524,18.9
2025-11-26 12:50:32,24.0,35.09005414128174,22.282780523037264,19.08816298310337
2025-11-26 12:50:33,24.0,34.90993251168461,21.817026169778455,18.9120328594626
2025-11-26 12:50:34,24.0,35.08984951232964,21.896579683391337,18.9
2025-11-26 12:50:35,24.0,35.00517594502226,22.09312785357106,18.9
2025-11-26 12:50:36,24.0,34.90526306762472,21.810237092890457,18.80657938605311
2025-11-26 12:50:37,24.0,34.994538583102816,22.282691466787085,18.986446841995303
2025-11-26 12:50:38,24.0,35.0,22.20345549643344,18.906971603270534
2025-11-26 12:50:39,24.0,35.094324558111,22.296531073446328,18.992830888782763
2025-11-26 12:50:40,24.0,35.1,22.10692452276387,19.0
2025-11-26 12:50:41,24.0,35.1,22.1,19.0
2025-11-26 12:50:42,24.0,35.00598142936315,22.1,19.0
2025-11-26 12:50:43,24.0,35.093908883193244,22.003463519928317,19.0
2025-11-26 12:50:44,24.0,35.00619715981867,22.0,19.0
2025-11-26 12:50:45,24.0,35.0,22.0,19.0
2025-11-26 12:50:46,24.0,35.0,22.09651690921913,19.0
2025-11-26 12:50:47,24.0,35.09347507485023,22.29297064611719,19.09188371861513
2025-11-26 12:50:48,24.0,35.1,22.203505486002733,19.1
2025-11-26 12:50:49,24.0,35.00674160568087,22.10349662071539,19.1
2025-11-26 12:50:50,24.0,35.09314789036796,22.19648342087417,19.00844681619254
2025-11-26 12:50:51,24.0,35.00696010555321,22.10350523954648,19.0
2025-11-26 12:50:52,24.0,35.09293006633607,22.292938280326936,19.0
2025-11-26 12:50:53,24.0,34.91433794132898,22.010519866765524,19.0
2025-11-26 12:50:54,24.0,34.99263001217914,22.192938998165125,19.091036004110244
2025-11-26 12:50:55,24.09709966924882,35.0,22.10352600302952,19.0090817442722
2025-11-26 12:50:56,24.002895182960703,35.09240062499568,22.196462994223072,19.0
2025-11-26 12:50:57,24.679504638650055,35.376772460080765,31.087743445064778,19.27204552386517
2025-11-26 12:50:58,24.02051526517362,35.03141513579297,22.44063781034069,19.11886574074074
2025-11-26 12:50:59,24.097054521425587,35.0,22.389141598381315,19.1
2025-11-26 12:51:00,24.1,35.09192366981951,22.11080256371307,19.1
2025-11-26 12:51:01,24.00294506919848,35.008184305245976,22.1,19.1
2025-11-26 12:51:02,24.0,35.091702904935865,22.29274294812816,19.1
2025-11-26 12:51:03,24.0,35.1,22.20361919654428,19.1
2025-11-26 12:51:04,24.0,35.374351454722714,22.77786471052111,19.3695770883514
2025-11-26 12:51:05,24.09703386860771,35.125991185020965,22.222306281981243,19.130780412378257
2025-11-26 12:51:06,24.002961572116956,35.00877284778117,22.2,19.1
2025-11-26 12:51:07,24.0,35.09111607422475,22.2,19.01047687389759
2025-11-26 12:51:08,56.35955860578147,35.1,22.392509794845157,19.08940658198645
2025-11-26 12:51:09,25.078695224342304,35.19088921069308,22.2074531347287,19.18928382629866
2025-11-26 12:51:10,24.0,35.2,22.2,19.2
2025-11-26 12:51:11,82.92930119108185,40.5167486147732,59.74805795611674,21.15444729058328
2025-11-26 12:51:12,39.99465352088487,35.85309887770388,24.624790660575016,19.444955764458864
2025-11-26 12:51:13,24.532836523830916,35.11919463592299,22.4237835869466,19.111225992332027
2025-11-26 12:51:14,66.35534387092065,64.95914328823451,22.304060885051193,19.1
2025-11-26 12:51:15,25.61540654816615,38.58314471896196,22.20415298804857,19.188537748283185
2025-11-26 12:51:16,24.39056571644848,35.1,22.391438097179257,20.70053907099876
2025-11-26 12:51:17,38.70680152833414,35.1,22.304380884918316,35.7912320398341
2025-11-26 12:51:18,53.941105335575955,35.90767590039961,22.395511157208333,52.0120359136928
2025-11-26 12:51:19,25.14657497079105,35.19259466042968,22.30458550393382,23.513646003027127
2025-11-26 12:51:20,24.1,35.36875469175315,22.395300680928543,18.748461955542933
2025-11-26 12:51:21,24.1,35.57884903172734,22.590354711190688,19.138361338850945
2025-11-26 12:51:22,47.67933628250668,36.13526346289995,22.695058175185903,19.98710816389455
2025-11-26 12:51:23,24.955991894360675,35.21911020929872,22.415063372742072,19.225872027193567
2025-11-26 12:51:24,60.6495504613294,35.1,22.4,19.18738173249193
2025-11-26 12:51:25,25.382872865124497,35.1,22.210421256241187,19.11272644228663
2025-11-26 12:51:26,24.0,35.1,22.2,19.1
2025-11-26 12:51:27,24.0,90.76287457657097,78.09040488045599,19.18703154876855
2025-11-26 12:51:28,54.231163359602306,43.35815438871573,26.344384107159023,19.2
2025-11-26 12:51:29,25.138702981273173,35.11151841425483,22.41665946360628,19.113119288099245
2025-11-26 12:51:30,24.0,35.1,22.21126824112192,19.1
2025-11-26 12:51:31,24.0,35.1,22.2,19.1
2025-11-26 12:51:32,24.0,35.1,22.2,19.1
2025-11-26 12:51:33,24.0,35.1,22.2,19.1
2025-11-26 12:51:34,24.096565696729755,35.1,22.29393200993643,19.1
2025-11-26 12:51:35,24.00343857671581,35.01212384421206,22.11231187315369,19.1
2025-11-26 12:51:36,24.0,35.08776288358797,22.287448710240092,19.1
2025-11-26 12:51:37,24.0,35.1,22.20636579475126,19.1
2025-11-26 12:51:38,24.0,35.1,22.2,19.1
2025-11-26 12:51:39,24.0,34.925115719126005,55.10021556493247,19.01406141367737
2025-11-26 12:51:40,24.0,35.074491316624176,24.634659397244427,19.085827672310423
2025-11-26 12:51:41,24.0,35.1,22.1,19.01420023948202
2025-11-26 12:51:42,24.0,35.1,22.1,19.08570034386161
2025-11-26 12:51:43,24.0,35.1,22.1,19.014408866789765
2025-11-26 12:51:44,24.0,35.1,22.1,19.0
2025-11-26 12:51:45,24.0,35.35994676033724,22.1927985927562,19.170723894603544
2025-11-26 12:51:46,24.0,35.140396919317,22.47799816664484,19.11475493771726
2025-11-26 12:51:47,24.0,35.01357289617216,22.129635580613225,19.01486454785498
2025-11-26 12:51:48,24.0,35.086317477373974,22.28495149191532,19.085024647693615
2025-11-26 12:51:49,24.0,35.013788040309585,22.022818061424967,19.1
2025-11-26 12:51:50,24.0,35.0,22.0,19.015194518473
2025-11-26 12:51:51,24.0,35.0859982109566,22.18434096366378,19.084694321048577
2025-11-26 12:51:52,24.0,35.01410420294401,22.292055372791612,19.1
2025-11-26 12:51:53,24.0,35.0,22.116055137228447,19.1
2025-11-26 12:51:54,24.0,35.0,22.1,19.015635772305057
2025-11-26 12:51:55,24.0,35.0,22.191752847368477,19.08425342648936
2025-11-26 12:51:56,24.0,35.0,22.2,19.1
2025-11-26 12:51:57,24.0,35.0,22.2,19.1
2025-11-26 12:51:58,24.0,35.0,22.108556897120884,19.1
2025-11-26 12:51:59,58.61645525740132,35.08508968746033,22.46521387190208,19.1
2025-11-26 12:52:00,25.45229596023787,35.015017013311756,22.22634537745039,19.1
2025-11-26 12:52:01,24.003513785236738,35.084873788673725,22.291111058716613,19.1
2025-11-26 12:52:02,24.0,35.1,22.2089932697607,19.1
2025-11-26 12:52:03,25.15657540585786,35.184634565714695,54.29784170777371,19.1833890109136
2025-11-26 12:52:04,24.332002841051427,34.692634838928576,44.10126403566491,18.70004784353829
2025-11-26 12:52:05,24.010668934753948,34.85316360060927,24.117259681631936,18.932575557678422
2025-11-26 12:52:06,24.0,34.98418443678419,22.2,19.083014063677705
2025-11-26 12:52:07,72.80075761759811,80.86250066995422,22.47108742851034,19.348616533416624
2025-11-26 12:52:08,63.804294304602,82.72733930463777,22.22913690944903,19.317268529375703
2025-11-26 12:52:09,25.4704436434941,42.65259077365699,22.2901606392713,19.134772277171137
2025-11-26 12:52:10,24.0,35.0,22.119864087919797,19.1
2025-11-26 12:52:11,58.19576500737367,35.08358709385475,22.369816539187926,19.1
2025-11-26 12:52:12,57.827662661014365,35.68395580182554,22.938683976563084,19.839754953243588
2025-11-26 12:52:13,25.319409332219564,35.21686603198435,22.55141904727409,19.26033494397726
2025-11-26 12:52:14,58.86081998782654,35.1,22.32072903026164,19.1
2025-11-26 12:52:15,25.5062863141424,35.01691643467374,22.210464810252,19.1
2025-11-26 12:52:16,24.0,35.08300425286779,22.37883028494561,19.1
2025-11-26 12:52:17,24.09612911208089,35.01709584772359,22.22134979099193,19.1
2025-11-26 12:52:18,24.00387478230187,35.0,22.2,19.018351652277463
2025-11-26 12:52:19,59.10084108665225,35.0,22.2,19.08153723524471
2025-11-26 12:52:20,52.86383889247295,62.234001956766875,22.2,19.913440296383992
2025-11-26 12:52:21,25.156015745227155,41.2711768724304,22.02213948688581,19.28707460452166
2025-11-26 12:52:22,24.0,34.688046727876426,55.75625146217456,18.69381957967414
2025-11-26 12:52:23,24.096005357500896,34.928851489162845,61.5,19.005268203039517
2025-11-26 12:52:24,65.52354679396205,35.410261803162584,27.17238635330591,19.1
2025-11-26 12:52:25,25.90213337727313,35.172285348709444,22.32320546071378,19.261602769866748
2025-11-26 12:52:26,59.37171021736771,35.1,22.3,19.13863824217966
2025-11-26 12:52:27,25.68798105192844,35.181697158384765,22.035539549395693,19.180595381064222
2025-11-26 12:52:28,24.0,35.11841814787587,22.352069010507183,19.2
2025-11-26 12:52:29,24.0,38.83036511473545,56.44267323592053,19.11962128565185
2025-11-26 12:52:30,24.0,35.964046445826476,27.107574764712204,19.180257799637968
2025-11-26 12:52:31,24.0,35.1,22.425046816846788,19.119802490331015
2025-11-26 12:52:32,24.0,35.01893716263124,22.23789992089568,19.1
2025-11-26 12:52:33,57.505196250188426,35.161888698305155,22.461638266754775,19.1
2025-11-26 12:52:34,25.895070787751383,35.03833283121232,22.238752778236815,19.02012673113965
2025-11-26 12:52:35,24.569047606011793,35.080719315120334,22.373874679652378,19.079805470548106
2025-11-26 12:52:36,24.031589732792614,35.01938394884858,56.50431952267525,19.1
2025-11-26 12:52:37,24.0,35.16099500246103,28.171030933210183,19.17958319006449
2025-11-26 12:52:38,24.0,35.11961508728661,22.240356433993153,19.04105982440255
2025-11-26 12:52:39,24.0,35.019724857165315,22.2,19.07940698825172
2025-11-26 12:52:40,24.0,35.0,22.027364045375723,19.02069091000889
2025-11-26 12:52:41,24.0,35.0,22.0,19.0
2025-11-26 12:52:42,24.0,35.0,22.08609726364291,19.0
2025-11-26 12:52:43,24.0,35.0,22.1,19.0
2025-11-26 12:52:44,24.0,35.079735057952504,22.18586307819392,19.07891066288735
2025-11-26 12:52:45,24.0,35.02037349380948,22.028492691714483,19.021197708783212
2025-11-26 12:52:46,24.0,35.0,22.0,19.0
2025-11-26 12:52:47,24.0,35.0,22.17105473838116,19.0
2025-11-26 12:52:48,24.0,35.0,22.2,19.0
2025-11-26 12:52:49,55.26924766602902,35.07921410344898,22.28527397619048,19.0
2025-11-26 12:52:50,26.386353684551032,35.1,22.129687885124696,19.078291644935355
2025-11-26 12:52:51,24.093231393883016,35.02097919673269,22.185032533208876,19.02178636089318
2025-11-26 12:52:52,24.006871727499295,35.0,22.284902745137256,19.0
2025-11-26 12:52:53,24.0,35.0,22.13042479167178,19.07800186284622
2025-11-26 12:52:54,24.0,35.0,22.1,19.022106247646654
2025-11-26 12:52:55,49.54698149591571,35.236004475536475,22.269164231849953,35.82615298974032
2025-11-26 12:52:56,26.126714818074714,34.67079819327013,21.28533173318305,23.639816459573296
2025-11-26 12:52:57,24.0,34.578524056283875,21.77512766405009,18.577621715290896
2025-11-26 12:52:58,59.32578241362401,34.913323757248385,23.161026913547627,18.987197201284847
2025-11-26 12:52:59,27.25570332876334,35.0,22.476213575688995,19.1
2025-11-26 12:53:00,24.1,35.0,22.216101286133423,19.1
2025-11-26 12:53:01,52.31786789182037,35.857273305621064,22.953303413928584,22.705636697887897
2025-11-26 12:53:02,27.293742593031524,35.78868257167498,48.79003540810544,20.19054380486233
2025-11-26 12:53:03,24.05751622249559,35.23362449470887,27.66273243426156,19.02322097797508
2025-11-26 12:53:04,24.091671207378436,35.1,22.1,19.0
2025-11-26 12:53:05,24.1,35.1,22.1833869198688,19.076608105470683
2025-11-26 12:53:06,24.1,35.1,22.11672559810829,19.1
2025-11-26 12:53:07,24.1,35.1,22.183151707119723,19.1
2025-11-26 12:53:08,24.1,35.1,22.283084898743297,19.1
2025-11-26 12:53:09,24.1,35.1,22.13404446842757,19.17620111622708
2025-11-26 12:53:10,55.5494713461011,35.177001818232064,22.34850107711239,19.123907153209306
2025-11-26 12:53:11,27.513416644846707,35.12310488279478,22.48267842643334,19.1
2025-11-26 12:53:12,24.1,35.1,22.25235943337595,19.02413138498039
2025-11-26 12:53:13,67.2328369861516,76.24028151192984,22.529555386715874,19.15159886290797
2025-11-26 12:53:14,29.496523765959463,52.39038351919807,22.270973776350328,21.46399449199321
2025-11-26 12:53:15,65.43965285265193,36.04870884467044,22.2,19.783793682180857
2025-11-26 12:53:16,28.929613018583147,35.1,22.282005061813027,19.150924020435465
2025-11-26 12:53:17,36.79317743606312,35.1,22.218099101646153,19.2
2025-11-26 12:53:18,25.555119821445867,35.1,22.2,19.124705590149674
2025-11-26 12:53:19,24.1,35.1,22.2,19.1
2025-11-26 12:53:20,24.1,35.1,22.11842455651604,19.1
2025-11-26 12:53:21,24.1,35.1,22.26291384767491,19.1
2025-11-26 12:53:22,24.1,35.251153539265765,22.869063086919898,19.17489657175922
2025-11-26 12:53:23,24.1,35.22454332038491,22.51218582257719,19.12522340144582
2025-11-26 12:53:24,59.51635205770137,35.2,22.562426908626943,47.403069565123744
2025-11-26 12:53:25,28.680401426001055,35.2,22.275598859152595,29.70114568823306
2025-11-26 12:53:26,56.51990835932581,47.89573776447889,54.02600278745613,19.151234099546237
2025-11-26 12:53:27,28.47570258426375,39.88844312656089,61.715128693311954,19.1
2025-11-26 12:53:28,24.1,35.375695999085664,30.27723346594597,19.248280848241063
2025-11-26 12:53:29,56.21502772098523,44.87817880017177,46.65387627750449,19.3
2025-11-26 12:53:30,28.518469744957493,38.65791086219936,28.654365386297496,19.22608903957256
2025-11-26 12:53:31,24.0,35.22562135649997,22.319683493382737,19.12620549706519
2025-11-26 12:53:32,24.0,35.274247609097216,22.540489587627984,19.173673922263067
2025-11-26 12:53:33,24.0881399529137,35.22587741418979,22.51999248240936,19.126445298723368
2025-11-26 12:53:34,24.011893264747663,35.27399403399309,22.5,19.173435080729085
2025-11-26 12:53:35,48.38873574174204,35.22612725867284,22.340527897443273,19.2
2025-11-26 12:53:36,27.64869876452705,35.05245522246743,21.90179580664795,19.12680333391043
2025-11-26 12:53:37,24.1,35.073593295239256,22.11778834854083,19.02691054184198
2025-11-26 12:53:38,24.01229212844125,35.173446088351916,22.43784501306706,19.145945885448068
2025-11-26 12:53:39,24.087606060057595,35.2,22.42086088261014,19.12714512117146
2025-11-26 12:53:40,53.522963133774184,35.27319779566152,22.4,19.17273631750755
2025-11-26 12:53:41,28.675845489232575,35.22692297434066,22.2422650840422,19.12738030287479
2025-11-26 12:53:42,24.1,35.2,22.436171666974165,19.1
2025-11-26 12:53:43,24.1,35.2,22.5,19.1
2025-11-26 12:53:44,24.013026351327856,35.2,22.421568655926855,19.1
2025-11-26 12:53:45,24.0,35.2,22.321704530438044,19.1
2025-11-26 12:53:46,24.086762889593302,35.12751820850766,22.22182803611018,19.1
2025-11-26 12:53:47,24.1,35.172358776330206,22.43411066326964,19.1
2025-11-26 12:53:48,59.146840215817335,57.87173693602587,22.5,19.1
2025-11-26 12:53:49,29.991262759382984,44.54559809429257,22.422265023846165,19.17169657570129
2025-11-26 12:53:50,24.86318590835861,35.84703138713866,52.028211935057726,19.2
2025-11-26 12:53:51,24.22337950629804,35.45363696432258,31.63333039014522,19.12854030293555
2025-11-26 12:53:52,24.013798983899154,35.27171913023187,22.454681353976888,19.1
2025-11-26 12:53:53,24.0,35.22840307802509,22.345597927444857,19.1
2025-11-26 12:53:54,24.0,35.2,22.37706131163793,19.1
2025-11-26 12:53:55,24.0,35.2,22.4,19.1
2025-11-26 12:53:56,24.0,35.2,22.32321493966104,19.1
2025-11-26 12:53:57,24.085683294855315,35.2,22.37664280721602,19.1
2025-11-26 12:53:58,24.1,35.2,22.4,19.1
2025-11-26 12:53:59,53.87641408385828,35.2,22.4,19.1
2025-11-26 12:54:00,29.591074823162742,35.2,22.4,19.1
2025-11-26 12:54:01,24.1,35.2,22.323930311146498,19.1
2025-11-26 12:54:02,24.01487801502933,35.2,22.3,19.1
2025-11-26 12:54:03,82.28645940839723,35.2,22.527331007407643,19.17006364315447
2025-11-26 12:54:04,45.04587791311473,35.27023148671734,22.6,19.2
2025-11-26 12:54:05,25.64192036298931,35.2298970989397,22.37360170208835,19.2
2025-11-26 12:54:06,24.1,35.2,22.224661780285235,19.13029788719632
2025-11-26 12:54:07,24.1,35.2698490529917,22.3503897442612,19.1695831156405
2025-11-26 12:54:08,53.42906502186797,35.3,22.32494114050276,19.130535515653825
2025-11-26 12:54:09,29.879754337027464,35.23040684618072,22.374920581257346,19.1
2025-11-26 12:54:10,24.084189697810313,35.2,22.32521424981196,19.1692307435858
2025-11-26 12:54:11,24.1,35.2,22.3,19.13088752160216
2025-11-26 12:54:12,46.73189456865678,49.70311155088395,51.5104391113226,20.202165946016116
2025-11-26 12:54:13,28.716132182589988,41.96240124929764,33.11411280190141,19.599408779394764
2025-11-26 12:54:14,24.1,35.2,22.2,19.1
2025-11-26 12:54:15,24.1,35.2,22.2,19.1
2025-11-26 12:54:16,24.1,35.13129142526734,22.2,19.1
2025-11-26 12:54:17,24.599715520924192,35.58000108082834,36.408882338475706,19.1
2025-11-26 12:54:18,24.36741611772163,35.38933487074194,27.747953078461684,20.32623599199563
2025-11-26 12:54:19,24.133941634260704,35.2,22.526460169175397,19.743770081900784
2025-11-26 12:54:20,24.1,35.2,22.426608156992888,19.2
2025-11-26 12:54:21,24.1,35.13189532755683,22.4,19.132192750701225
2025-11-26 12:54:22,24.1,35.16798753392284,22.473094962135736,19.167684419842352
2025-11-26 12:54:23,24.1,35.2,22.5,19.2
2025-11-26 12:54:24,24.1,35.2,22.572832660678433,19.2
2025-11-26 12:54:25,52.56375279761136,35.2,22.236261738094633,19.2
2025-11-26 12:54:26,42.137275071023154,35.2,22.17264564647161,19.132802791370224
2025-11-26 12:54:27,26.601180675261705,35.2,22.345047334476966,19.1
2025-11-26 12:54:28,28.091975842305732,35.2,22.327575329168727,19.1
2025-11-26 12:54:29,24.994110301868712,35.132873435715034,22.0829687403962,19.1
2025-11-26 12:54:30,54.03007075160531,35.16700683949313,22.21668192922554,19.166732868255263
2025-11-26 12:54:31,31.350434644408516,35.2,22.227875933975263,19.2
2025-11-26 12:54:32,24.5888831028628,35.2,22.344010360673444,19.133495522029783
2025-11-26 12:54:33,24.211861878346465,34.86664792514701,21.752327625543018,18.76790217729264
2025-11-26 12:54:34,57.146693139855614,34.76652596616762,21.428107458042213,18.9312580275805
2025-11-26 12:54:35,32.46876013766719,34.998970264646005,21.97385037585468,19.1
2025-11-26 12:54:36,24.019014134321907,37.802259179063824,50.7334851036542,19.1
2025-11-26 12:54:37,24.080880047995,36.828099595815296,34.685021292895996,19.1
2025-11-26 12:54:38,24.019223435319223,35.33646717052658,22.4,19.1
2025-11-26 12:54:39,24.0,35.2,21.615057064211783,19.1
2025-11-26 12:54:40,48.30317147621069,35.331241618319865,21.941000633908992,30.18184997958473
2025-11-26 12:54:41,30.27014557051475,35.2690168957792,21.488502834979116,25.15306425341734
2025-11-26 12:54:42,24.0,35.265365426335286,21.2710595213034,19.165290586220937
2025-11-26 12:54:43,24.080250768394677,35.23475939037847,21.229039086772392,19.134822333139475
2025-11-26 12:54:44,53.28931072995667,35.26511487142268,21.270854143546412,19.1
2025-11-26 12:54:45,31.88913746094747,35.3,21.15848123446568,19.1
2025-11-26 12:54:46,24.0,35.3,21.1,19.1
2025-11-26 12:54:47,24.0,35.3,21.241082791854858,19.1
2025-11-26 12:54:48,24.0,35.23539594394415,22.07397050894834,19.1
2025-11-26 12:54:49,24.0,35.2,21.62665763172238,19.1
2025-11-26 12:54:50,24.873024560311464,35.714464377408305,39.4310394912232,19.035601681768192
2025-11-26 12:54:51,24.2274497266247,35.48621214804659,29.36141806761753,19.0
2025-11-26 12:54:52,24.0,35.2,21.270024053747026,19.064180628339585
2025-11-26 12:54:53,24.0,35.2,21.8588867328333,19.1
2025-11-26 12:54:54,51.61298575198762,35.2,22.309131316257833,19.1
2025-11-26 12:54:55,63.49904336849612,35.2,21.633591992494157,19.1
2025-11-26 12:54:56,32.981920971235716,35.2636356385195,21.230394831706292,19.1
2025-11-26 12:54:57,24.0,35.236490852914386,21.2,19.03637346182912
2025-11-26 12:54:58,24.0,35.2,21.96258908728228,19.0
2025-11-26 12:54:59,51.06376127902479,35.263260948761726,21.60744747702835,19.06341118557364
2025-11-26 12:55:00,32.005356876216,35.23686653501861,21.92206329572971,19.1
2025-11-26 12:55:01,24.0,35.2,22.2,19.036810591224107
2025-11-26 12:55:02,24.07814863937016,35.137107491431586,48.37216524153869,19.06307681353144
2025-11-26 12:55:03,46.09377289021215,35.35101418086856,34.42790404973729,37.08365454380555
2025-11-26 12:55:04,30.69002446458277,35.374771817764696,21.71182463489002,30.421017144269765
2025-11-26 12:55:05,24.022169308691268,35.23751471551902,22.105278250121085,19.13730070519289
2025-11-26 12:55:06,24.0,35.26235748633528,22.2,19.1
2025-11-26 12:55:07,44.03880633861149,56.22680157579855,21.72264740462348,19.287379024021156
2025-11-26 12:55:08,30.12980454508663,48.64640358129748,21.36382316061774,18.90106255302937
2025-11-26 12:55:09,52.82675904252099,34.8,21.367989397507937,18.6
2025-11-26 12:55:10,61.303721505542754,34.8,21.4,18.6
2025-11-26 12:55:11,32.77349578394799,34.8,21.332277332294616,18.6
2025-11-26 12:55:12,24.0,34.7385380061704,21.3,18.6
2025-11-26 12:55:13,24.0,34.7,21.3,18.6
2025-11-26 12:55:14,24.0,34.7,21.3,18.6
2025-11-26 12:55:15,24.0,34.7,48.50833563929319,18.661234533758936
2025-11-26 12:55:16,25.3745452289006,35.24632863877898,40.034626957444,37.57711665724797
2025-11-26 12:55:17,24.426727066007683,35.35789536100703,24.03545613630811,31.89195897012457
2025-11-26 12:55:18,43.45830115910767,35.2,22.23331256991278,19.13928425989035
2025-11-26 12:55:19,30.431329135900764,35.139714804322395,22.13340821044032,19.1
2025-11-26 12:55:20,24.0,35.160168053018744,22.1,19.1
2025-11-26 12:55:21,24.0,35.2,22.1,19.1
2025-11-26 12:55:22,24.0,35.2,22.16626646760705,19.1
2025-11-26 12:55:23,24.0,35.14018473402064,22.06765579158103,19.1
2025-11-26 12:55:24,37.290480571623384,35.15969913997469,22.19816612256628,19.1
2025-11-26 12:55:25,28.4822927130656,35.14041727284483,22.102119321735092,19.1
2025-11-26 12:55:26,50.93247064762521,35.1,22.065857960772323,19.040091969221653
2025-11-26 12:55:27,33.564043691115245,35.15934827331076,22.1,19.059796319616837
2025-11-26 12:55:28,24.0,35.140768631011014,22.1,19.040312349729952
2025-11-26 12:55:29,51.096664725329035,35.1,22.1,19.059576978738676
2025-11-26 12:55:30,33.8076146862507,35.1,22.034562215603778,19.1
2025-11-26 12:55:31,46.675013412218505,35.51191333635105,22.13063797120898,37.1842438271498
2025-11-26 12:55:32,32.21180816261321,35.389075307053744,22.13479171544388,32.294219230695504
2025-11-26 12:55:33,24.74400355954445,35.15858680944677,22.165101383848267,19.1
2025-11-26 12:55:34,24.256530380059488,35.141528617945774,22.069994692943425,19.1
2025-11-26 12:55:35,24.0,35.1,22.06489955047483,19.1
2025-11-26 12:55:36,24.0,35.15823795180364,22.1,19.15882761269717
2025-11-26 12:55:37,49.80613445640865,39.41164990110394,47.397951633502245,19.141289350952196
2025-11-26 12:55:38,33.754512053662424,38.29030078318162,37.25930678008126,19.1
2025-11-26 12:55:39,24.516730943347085,35.2,40.22025609844198,19.15847841032024
2025-11-26 12:55:40,24.25781805105392,35.14227738155229,32.74842267703557,19.141641152159497
2025-11-26 12:55:41,24.1,35.1,22.07165527878185,19.1
2025-11-26 12:55:42,24.026522574603227,35.214989198930176,22.0,19.158124291708052
2025-11-26 12:55:43,24.07336618794572,35.127855752279416,22.063962754271024,19.14199251839324
2025-11-26 12:55:44,24.026740057080374,35.0,22.036140895758432,19.1
2025-11-26 12:55:45,24.07314926060921,35.057173444936474,22.0,19.1
2025-11-26 12:55:46,24.1,35.04292951763238,22.0,19.1
2025-11-26 12:55:47,24.1,35.0,22.06360701724945,19.1
2025-11-26 12:55:48,24.1,35.0,22.036459429022223,19.1
2025-11-26 12:55:49,24.1,35.28369107949009,22.0,19.157414194196445
2025-11-26 12:55:50,51.27693611137346,35.27354100356586,22.253631589485057,19.142680920034255
2025-11-26 12:55:51,55.51226792864944,35.26947097253438,22.21015937056687,39.935498929405966
2025-11-26 12:55:52,32.09376099757398,35.23088915754245,22.1,35.974272354272394
2025-11-26 12:55:53,24.1,35.0437335124398,22.036930950531545,19.1
2025-11-26 12:55:54,49.16123704372893,35.11231301901787,22.0629615667365,19.1
2025-11-26 12:55:55,34.55402013904792,35.087901437931166,22.03714243725391,19.1
2025-11-26 12:55:56,24.1,35.0,22.06275060817545,19.1
2025-11-26 12:55:57,48.3075397903912,35.05584221378725,22.350468905043872,19.1
2025-11-26 12:55:58,34.34175452537542,35.04426426253341,22.31245129150764,19.1
2025-11-26 12:55:59,24.1,35.11124974072436,22.07514107620223,19.1
2025-11-26 12:56:00,24.028538711647265,35.144487085749674,46.31750884242202,19.1
2025-11-26 12:56:02,24.0,35.1,22.2,19.1
2025-11-26 12:56:03,24.0,35.1,22.138098182008697,19.1
2025-11-26 12:56:04,24.0,35.044915825653604,22.1,19.1
2025-11-26 12:56:05,24.0,35.0,22.038323776127516,19.1
2025-11-26 12:56:06,48.683918500226895,35.05487564484135,22.06156287857373,19.1
2025-11-26 12:56:07,61.50672673981566,35.1,22.161441001544674,19.155327834694106
2025-11-26 12:56:08,35.67000077244089,35.0453399669273,22.07734855840736,19.144788586621043
2025-11-26 12:56:09,24.0,35.0,22.061214082251013,19.1
2025-11-26 12:56:10,24.0,35.05445020242645,22.161095504447403,19.1
2025-11-26 12:56:11,42.28202484385885,52.76669800572952,46.15928803558907,19.264724448664023
2025-11-26 12:56:12,59.886391644526086,51.02018720163262,38.89075647758452,19.235673815155636
2025-11-26 12:56:13,36.66356357707345,35.1,22.139254651107684,19.1
2025-11-26 12:56:14,47.50191184990624,35.1,22.1,19.1
2025-11-26 12:56:15,60.71591141662957,35.153859251635204,22.28148093037695,19.1
2025-11-26 12:56:16,35.92473260342504,35.146255147600264,22.279275235457273,19.154306947185237
2025-11-26 12:56:17,24.0,35.1,22.2,19.14578275876365
2025-11-26 12:56:18,24.069325187123876,35.04647087894879,22.079755126634204,19.20823128846772
2025-11-26 12:56:19,24.37673623063376,35.053436427426625,38.45950057744344,19.13801231206571
2025-11-26 12:56:20,24.154669688627088,35.1,33.75900089930723,19.053883340239377
2025-11-26 12:56:21,24.0,35.15324518746878,22.14024523432004,19.1
2025-11-26 12:56:22,24.0,35.146853481093075,22.27887498348295,19.15372288290176
2025-11-26 12:56:23,24.0,35.1,22.221494646920625,19.14639524762661
2025-11-26 12:56:24,24.13728674267618,35.1,22.1,19.046505938529094
2025-11-26 12:56:25,24.06293028794627,35.1,22.1,19.0
2025-11-26 12:56:26,24.0,35.15270600819737,22.15917167019974,19.05333490978505
2025-11-26 12:56:27,46.85355257759586,35.1473826700178,22.318095394572353,19.1
2025-11-26 12:56:28,56.52162354951096,35.414998993202815,22.929950320287443,35.91393233920016
2025-11-26 12:56:29,34.356609271471086,35.38583380547552,22.6532966269418,35.00566866000341
2025-11-26 12:56:30,47.92587753456811,35.1,22.082545150517603,19.1
2025-11-26 12:56:31,36.194688243049065,35.1,22.117236715238132,19.15267979390487
2025-11-26 12:56:32,49.09534225424601,35.152021860005476,22.37545817450165,19.147395627882076
2025-11-26 12:56:33,51.48157243962165,35.1480971079699,22.441624152667835,19.15252710057109
2025-11-26 12:56:34,31.16060093766049,35.1,22.225115033798996,19.147590792541653
2025-11-26 12:56:35,24.0,35.1,22.1,19.1
2025-11-26 12:56:36,24.0,35.1,22.04189961432633,19.152209164430246
2025-11-26 12:56:37,24.0,35.1,22.115968004084017,19.2
2025-11-26 12:56:38,24.0,35.1,22.25786642329821,19.2
2025-11-26 12:56:39,24.0,36.890394583202806,44.94239208934363,19.148128764135866
2025-11-26 12:56:40,24.0,36.81410364665879,40.25417303075098,19.1
2025-11-26 12:56:41,24.0,35.1,22.2,19.1
2025-11-26 12:56:42,24.0,35.1,22.14254416814682,19.04847006954998
2025-11-26 12:56:43,24.0,35.1,22.157349613070465,19.05141892031884
2025-11-26 12:56:44,24.39797593931484,35.1,22.2,19.1
2025-11-26 12:56:45,24.202758585210475,35.1,22.142860773374338,19.1
2025-11-26 12:56:46,24.528581114281035,35.30206980232538,44.72192603574793,18.99782759992283
2025-11-26 12:56:47,24.272364960617733,35.29846037153509,40.72068750959026,19.001858920553712
2025-11-26 12:56:48,49.20636672849046,35.04972530246737,22.48374317544794,19.1
2025-11-26 12:56:49,38.217545034484054,35.0,22.360295733506447,19.1
2025-11-26 12:56:50,24.0,35.0,22.043487416675283,19.04945174968539
2025-11-26 12:56:51,24.0,35.05003805658953,22.11279304771529,19.05043734298745
2025-11-26 12:56:52,46.95658224578363,35.1,22.368795988764234,19.1
2025-11-26 12:56:53,37.13229103612874,35.1,22.387683981822935,19.1
2025-11-26 12:56:54,24.0,35.1,22.18786172000077,19.1
2025-11-26 12:56:55,24.0,35.1,22.044024820777732,19.1
2025-11-26 12:56:56,24.0,35.050479753239145,22.0,19.05012683195427
2025-11-26 12:56:57,24.0,35.0,22.0,19.0
2025-11-26 12:56:58,45.88207271780835,35.04934665257388,22.1113103802354,19.04965382229203
2025-11-26 12:56:59,36.83721540944069,35.1,22.2,19.1
2025-11-26 12:57:00,45.27094255001052,35.1,22.089112003250957,19.050563074515708
2025-11-26 12:57:01,60.83226482853589,35.05096463390228,22.055340815535775,19.04932786045103
2025-11-26 12:57:02,38.35060242723771,35.048945894105,22.155226203364176,19.1
2025-11-26 12:57:03,24.0,35.24645787503928,42.78782355002082,19.1
2025-11-26 12:57:04,24.0,35.253928302913984,40.301954007521935,19.1
2025-11-26 12:57:05,24.063920164900136,35.05138369378744,22.04508025622358,19.1
2025-11-26 12:57:06,24.1,35.04854665016361,22.054808221510676,19.1
2025-11-26 12:57:07,24.1,35.1,22.045303088470227,19.1
2025-11-26 12:57:08,24.1,35.1,22.054580775995547,19.1
2025-11-26 12:57:09,24.1,35.1,22.154459533793872,19.1
2025-11-26 12:57:10,24.1,35.1,22.09131136933212,19.1
2025-11-26 12:57:11,24.1,35.1,22.05423191534812,19.148209181131747
2025-11-26 12:57:12,24.66776047977142,35.38737255025162,41.51017816694354,19.151905365803703
2025-11-26 12:57:13,24.369917005127697,39.53451508104216,61.15328517140932,19.052015284828176
2025-11-26 12:57:14,27.25598986858301,39.69811273328853,41.82425143545018,19.0
2025-11-26 12:57:15,25.94322247627364,35.1,22.09248226632803,19.0
2025-11-26 12:57:16,24.0,35.1,22.0,19.0
2025-11-26 12:57:17,40.22429429023925,50.19224102752091,22.05353542257043,19.33260267067392
2025-11-26 12:57:18,56.28802739215095,53.141255612449335,22.20681211975762,19.36839432511144
2025-11-26 12:57:19,38.14532080534259,35.1,22.140147394037314,19.0
2025-11-26 12:57:20,24.06222628267448,35.05306095861864,22.05317002706848,19.0
2025-11-26 12:57:21,45.685170030183144,35.046830342067,22.15304589770851,19.0
2025-11-26 12:57:22,38.226043603578134,35.1,22.252913494674576,19.046956773229553
2025-11-26 12:57:23,24.0,35.1,22.247219315295546,19.05313472008536
2025-11-26 12:57:24,24.0,35.05345415027708,22.147339323822948,19.0
2025-11-26 12:57:25,24.0,35.092862866383506,22.15254106848911,19.04665005297757
2025-11-26 12:57:26,24.0,35.153685078424246,22.14757907300956,19.1
2025-11-26 12:57:27,24.0,35.05377113851252,22.1,19.05356735675711
2025-11-26 12:57:28,24.061391922741503,35.046145536461275,22.15218356977204,19.04632490002851
2025-11-26 12:57:29,24.0387146552952,35.14603065136472,23.13527573780202,19.1
2025-11-26 12:57:30,45.48947622674395,35.154085220218874,23.014776530214142,19.053853219945733
2025-11-26 12:57:31,38.7092277116959,35.14582089584243,22.1,19.873090573183426
2025-11-26 12:57:32,24.0,35.15426969428221,22.151711495779807,20.075785627248955
2025-11-26 12:57:33,24.60778832025603,35.1,22.14841040166471,19.1
2025-11-26 12:57:34,24.39361761163452,35.1,22.04851546488994,19.1
2025-11-26 12:57:35,46.55465097428096,35.14539953972536,22.05137741109154,19.1
2025-11-26 12:57:36,39.94496510967212,35.154713792485055,22.1,19.1
2025-11-26 12:57:37,24.0,35.14517299196842,22.202314307524464,19.19066657015478
2025-11-26 12:57:38,24.0,35.2,22.3,19.209580147408868
2025-11-26 12:57:39,24.0,35.2,22.198107013333495,19.1
2025-11-26 12:57:40,24.0,35.2,22.1,19.1
2025-11-26 12:57:41,24.0,35.2,22.1,19.1
2025-11-26 12:57:42,24.0,35.2,22.150636026466856,19.1
2025-11-26 12:57:43,46.71605471608459,35.24443228259389,22.301017903073948,19.144745428296783
2025-11-26 12:57:44,40.6999355375477,35.25569342356498,22.2991868466072,19.15532179591293
2025-11-26 12:57:45,70.50162034822014,35.72998518845037,22.250306317204466,57.02806638954178
2025-11-26 12:57:46,61.85929089836651,35.82717443592892,22.199595684281665,75.88934367778681
2025-11-26 12:57:47,41.840301445083696,35.36387887650591,22.55053655904077,35.88185407114382
2025-11-26 12:57:48,53.304377752580386,35.480789713252925,22.550438833714693,56.94294207729033
2025-11-26 12:57:49,35.80075325745357,35.2,22.14988396502638,39.79560812336523
2025-11-26 12:57:50,24.058737774826753,35.15637670839774,22.150219170577166,19.1
2025-11-26 12:57:51,24.1,35.1,22.05031063401639,19.056165077157388
2025-11-26 12:57:52,24.1,35.1,22.04958510967136,19.043724697802546
2025-11-26 12:57:53,24.566857536635233,35.229994619483186,40.534513409487246,19.056383793314435
2025-11-26 12:57:54,24.434329984701584,35.270396870153675,42.495888984714824,19.0435083351532
2025-11-26 12:57:55,24.1,35.05690537200142,40.698639281506175,19.1
2025-11-26 12:57:56,36.47024605200628,40.39539250652776,61.6706128715955,19.1
2025-11-26 12:57:57,33.499130177555095,42.426528181800435,43.419105584084946,19.1
2025-11-26 12:57:58,24.1,35.15723571969499,22.202389303631573,19.1
2025-11-26 12:57:59,24.1,40.86434720175623,41.23158287775364,19.22904228858684
2025-11-26 12:58:00,24.042542574442308,43.08530292158016,44.0770899009669,19.271265520739565
2025-11-26 12:58:01,24.0,35.1,22.10308360958204,19.1
2025-11-26 12:58:02,43.14826334843192,35.1,22.145014328858007,19.1
2025-11-26 12:58:03,59.51084076990168,35.1,22.20357724924726,19.057388019103755
2025-11-26 12:58:04,40.25892809101848,35.1,22.148091198050764,19.042556468759287
2025-11-26 12:58:05,24.04313709705079,35.1,22.152026314354323,19.1
2025-11-26 12:58:06,24.0,35.1,22.05213490965629,19.1
2025-11-26 12:58:07,24.0,35.14174650744947,22.14324235841132,19.142232089321308
2025-11-26 12:58:08,44.809549765691514,35.15837135450962,22.252382366352865,19.15786470202024
2025-11-26 12:58:09,41.29985268944509,35.1,22.247490039878585,19.1
2025-11-26 12:58:10,24.05632422903964,35.1414180657727,22.3,19.1
2025-11-26 12:58:11,24.043783362152325,35.2,22.252771805225773,19.1
2025-11-26 12:58:12,24.0,35.2,22.34127900707089,19.1
2025-11-26 12:58:13,24.0,35.32323264256723,22.45305488231681,19.141623015704823
2025-11-26 12:58:14,24.0,35.377184640454004,22.353190832278703,19.158497407253403
2025-11-26 12:58:15,24.390378095046092,35.56703373492428,34.43902339076452,19.058578989690417
2025-11-26 12:58:16,24.31054398194459,35.73414898214532,36.91347959129481,19.041375519967936
2025-11-26 12:58:17,45.61607977959001,35.15940942898021,22.38576534683066,19.1
2025-11-26 12:58:18,66.95351266862735,52.530737978971146,22.507423813666374,19.1
2025-11-26 12:58:19,45.224389726257485,63.23739115495803,22.261523689089408,19.1
2025-11-26 12:58:20,24.0,35.159754833962225,22.05395316879857,19.059042640854095
2025-11-26 12:58:21,24.05504708113178,35.14012653172902,22.091859614532883,19.040847591841302
2025-11-26 12:58:22,24.045059222734213,35.240001366741836,22.33736820493533,19.1
2025-11-26 12:58:23,24.0,35.260126252975056,22.40871722344841,19.1
2025-11-26 12:58:24,24.0,35.2,22.3,19.1
2025-11-26 12:58:25,42.984584209557084,35.00175465973538,21.84584201268894,18.978663593811415
2025-11-26 12:58:26,60.5596546325025,34.89758805443798,21.707646391360196,18.920941490067975
2025-11-26 12:58:27,41.55909774421214,35.2,22.42544941731754,19.1
2025-11-26 12:58:28,38.13140107470612,47.80032819136138,22.610156873937875,19.500812559801272
2025-11-26 12:58:29,56.00609890024466,56.15698860973909,22.45523013797446,19.700574389329937
2025-11-26 12:58:30,41.69308768194834,35.26106020696188,22.355370236681377,19.1
2025-11-26 12:58:31,24.0,35.23881183719711,22.2555002352614,19.1
2025-11-26 12:58:32,24.0,35.261314247367906,22.466078609337305,19.1
2025-11-26 12:58:33,24.0,35.2,22.490401983041657,19.060360358000228
2025-11-26 12:58:34,24.0,35.161549998594964,22.055832555471905,19.0
2025-11-26 12:58:35,24.0,35.13833366633272,22.04406188044243,19.0
2025-11-26 12:58:36,24.480665188248455,35.161783130211845,22.1,19.039314261408872
2025-11-26 12:58:37,24.42062244604131,35.13809982396781,22.187680339779124,19.060795137492168
2025-11-26 12:58:38,24.0,35.2,22.168789602704383,19.0
2025-11-26 12:58:39,24.053053212509727,35.2,22.087279905051385,19.0
2025-11-26 12:58:40,24.047055183717877,35.2,22.2,19.03887875964739
2025-11-26 12:58:41,24.0,35.2,22.2,19.1
2025-11-26 12:58:42,24.0,35.2,23.107593860893537,19.1
2025-11-26 12:58:43,24.0,35.2,23.351980943223545,19.1
2025-11-26 12:58:44,24.0,35.2,22.143108679676967,19.1
2025-11-26 12:58:45,41.78054011465373,35.2,22.2,19.1
2025-11-26 12:58:46,56.64662879379928,35.42245923560922,22.79965983045276,32.5636523565322
2025-11-26 12:58:47,59.16649604526434,35.541570457993686,24.36587829000125,42.53704721400279
2025-11-26 12:58:48,63.440184707360565,34.9527303528636,23.701504568207568,18.90996647160261
2025-11-26 12:58:49,43.22767592493118,35.14006928472369,36.825454256664344,18.751626183742044
2025-11-26 12:58:50,24.096309263353145,35.64452248332554,44.255635462139,19.037756929625345
2025-11-26 12:58:51,41.44848200596786,43.49630397163464,38.90799783908358,19.13763775777492
2025-11-26 12:58:52,67.91592706226136,62.59542588869056,47.83109297981266,19.237513932619105
2025-11-26 12:58:53,56.956643757772625,58.66564358920512,23.09867072735756,19.225159919692192
2025-11-26 12:58:54,29.116138106420227,35.13600139920287,21.762064247521277,19.1
2025-11-26 12:58:55,24.04879428225461,35.02051747864547,21.897317970385355,18.876437101926957
2025-11-26 12:58:56,24.0,34.87885711118449,21.65992117350465,18.722875785272493
2025-11-26 12:58:57,24.05099435545981,35.02200221937825,21.88316722085176,18.914871161646495
2025-11-26 12:58:58,24.1,34.7,21.258358224455517,18.6
2025-11-26 12:58:59,40.88931401005344,34.911772412894116,21.780776168133613,19.555191092586448
2025-11-26 12:59:00,41.575089583069854,35.08928058023579,22.02102283284069,20.250065396006494
2025-11-26 12:59:01,24.049468575631217,34.83998019701166,21.241331836785825,18.74629161851753
2025-11-26 12:59:02,44.18710583964721,34.96069091732954,21.3,18.854301868761315
2025-11-26 12:59:03,45.67973392746416,34.7,21.25886958139411,18.563655056857087
2025-11-26 12:59:04,24.1,39.80533561636126,37.17226828411832,18.7893557139126
2025-11-26 12:59:05,24.04997039497815,44.96437641320947,46.53327105894884,19.443840552373494
2025-11-26 12:59:06,24.0,35.3975689977018,37.44419842331119,23.28056989596396
2025-11-26 12:59:07,24.0,35.02980482100969,46.20483493853639,25.873850881656228
2025-11-26 12:59:08,24.0,34.733927720236295,21.775805071474775,18.67120689864445
2025-11-26 12:59:09,24.0,35.036044283559946,21.704217506391497,19.118538847354973
2025-11-26 12:59:10,24.0,35.5,22.3,19.629670663472268
2025-11-26 12:59:11,24.0,35.600018847597894,22.3,19.464971004348214
2025-11-26 12:59:12,24.0,35.468009815175485,21.979374064497275,19.190413507191703
2025-11-26 12:59:13,24.0,35.13073321708929,21.859903633034595,19.008745622075537
2025-11-26 12:59:14,24.0,35.865664868066126,22.4,19.43457557611003
2025-11-26 12:59:15,24.0,35.73814356874813,22.36027473836143,19.39670980032624
2025-11-26 12:59:16,24.0,35.03638233414797,21.94304731848113,18.99403129096557
2025-11-26 12:59:17,24.0,34.86300695727388,21.83526728311549,18.73685351826962
2025-11-26 12:59:18,24.0,35.16758564305882,22.460600697665832,19.034039299141728
2025-11-26 12:59:19,24.0,35.1,22.4,19.1
2025-11-26 12:59:20,24.0,35.1,22.32158633815868,19.06618397032468
2025-11-26 12:59:21,40.90157675337527,35.22825766478907,22.23910758804729,19.067407453268245
2025-11-26 12:59:22,43.429687571031295,35.563803656158846,22.806256903619996,19.36780995931936
2025-11-26 12:59:23,59.24840974326167,35.54128515033535,23.21205469628552,19.766761139325993
2025-11-26 12:59:24,68.7700550534986,35.26321842063224,22.561247531511267,19.73397081458009
2025-11-26 12:59:25,24.2084561009982,35.33705805173436,22.384003120170895,19.300788887796088
2025-11-26 12:59:26,41.04949376418445,35.2,22.27714832360431,19.165895893200304
2025-11-26 12:59:27,44.10086448631647,35.262435245866904,23.39728703606041,19.201531491022163
2025-11-26 12:59:28,24.190248989329028,35.43107566904212,36.4292412851825,19.032712812002064
2025-11-26 12:59:29,24.21024297380869,35.56183994339031,43.81742224988159,19.230430324695774
2025-11-26 12:59:30,24.0,35.6384849970956,22.46185164366661,19.5
2025-11-26 12:59:31,24.047228167130218,35.46939050937454,22.3238974769903,19.467645296427875
2025-11-26 12:59:32,24.1,35.18660774187769,21.858058015220585,19.174368968957182
2025-11-26 12:59:33,24.052989756476663,34.882182438618514,21.6412515258593,18.892669075374805
2025-11-26 12:59:34,24.0,35.269835741568,22.162243126438753,19.3
2025-11-26 12:59:35,24.0,35.230037743432284,22.13765078309691,19.3
2025-11-26 12:59:36,24.0,35.32990037841679,22.275067534872377,19.33164627087005
2025-11-26 12:59:37,24.04659076917948,35.42975460319871,22.4,19.4
2025-11-26 12:59:38,24.053517620554135,35.5,22.511903561167884,19.43134958856446
2025-11-26 12:59:39,36.54525336292785,36.58573625481226,34.646731762189276,19.40638063856153
2025-11-26 12:59:40,39.37165654962986,38.12528887037301,44.21240644855064,19.26214839099338
2025-11-26 12:59:41,24.04608861418146,35.52917675034723,22.473790758475523,19.430923151777833
2025-11-26 12:59:42,24.054022785104372,35.541958480823645,22.45283878160354,19.469231999847636
2025-11-26 12:59:43,39.17107376002565,41.699614306771096,22.38347294991681,26.20002729630771
2025-11-26 12:59:44,59.55094700256106,51.57243603760675,22.7,35.475621239156325
2025-11-26 12:59:45,45.16457403383751,38.74281820727508,36.283252233047826,19.16956070829058
2025-11-26 12:59:46,24.05449332405116,44.444835396472314,48.21635826180396,19.13032082155083
2025-11-26 12:59:47,39.26941333828669,35.12838682591924,22.4,19.2
2025-11-26 12:59:48,58.50724783889468,35.17173192909525,22.43616924137652,19.2
2025-11-26 12:59:49,43.41889144820129,35.1,22.5,19.169978224174784
2025-11-26 12:59:50,24.054996946691425,35.1,22.46404041053637,19.1
2025-11-26 12:59:51,24.044894725185223,35.1,22.43585773366025,19.129787223909485
2025-11-26 12:59:52,24.1,35.1,22.46424556786664,19.17033076325475
2025-11-26 12:59:53,24.055325380299248,35.1,22.36434035890108,19.1
2025-11-26 12:59:54,24.0,35.1,22.22886646760992,19.1
2025-11-26 12:59:55,37.28681190527411,35.20993647177297,22.34815488353961,29.85025719716124
2025-11-26 12:59:56,41.69031559159797,35.3906115671696,22.48225564984368,47.04524295985687
2025-11-26 12:59:57,24.0,35.045516246546775,21.75923676485956,19.07085335001198
2025-11-26 12:59:58,24.0,34.954230172726966,21.39480513446815,19.058096601533563
2025-11-26 12:59:59,40.70519238271446,35.126925395937896,21.44471948498663,19.2
2025-11-26 13:00:00,46.98278732261477,35.17319304445987,21.69119621772599,19.171169429599804
2025-11-26 13:00:01,24.175292183558582,35.046597980037625,21.611828856185507,19.07127561287624
2025-11-26 13:00:02,38.40403139092764,35.03284009095841,22.26896228886,20.68044132480391
2025-11-26 13:00:03,43.5790937647379,35.320920671294736,22.434356570730177,23.26664914747094
2025-11-26 13:00:04,41.429250920126435,35.1,22.36295770003469,19.1
2025-11-26 13:00:05,48.57706704772485,35.047705840948694,21.72359474827163,19.071712602649484
2025-11-26 13:00:06,24.0,34.95204514261529,21.44382259549175,19.028206024791928
2025-11-26 13:00:07,24.04314896314843,35.1,34.94466134855414,19.128153287718565
2025-11-26 13:00:08,24.1,34.91983273553469,48.487031572468005,19.00360605562998
2025-11-26 13:00:09,24.1,34.57954803915877,20.933879332949576,18.66789474473413
2025-11-26 13:00:10,24.1,35.074532992762066,21.033770636571287,19.1
2025-11-26 13:00:11,24.1,34.97463059461435,21.06633499984518,19.07226355240221
2025-11-26 13:00:12,38.74442095042238,34.9,21.033594466992227,19.027632361413204
2025-11-26 13:00:13,45.337706818629385,34.9,34.374196730768396,19.072474804975553
2025-11-26 13:00:14,24.1,34.94972252286376,50.08319251756951,19.027422599048737
2025-11-26 13:00:15,24.1,35.07532121908442,22.233552750680783,19.1
2025-11-26 13:00:16,24.1,35.0,22.1,19.1
2025-11-26 13:00:17,38.608403983866985,35.0244681679524,23.022108854281832,19.1
2025-11-26 13:00:18,45.6560365376594,35.1,23.88503399134097,19.1
2025-11-26 13:00:19,24.0,35.02723946834572,21.8,19.046205149240897
2025-11-26 13:00:20,24.041577099086844,34.824142651843744,21.898031817779213,18.92680502874432
2025-11-26 13:00:21,24.058532121672588,34.9,22.00231783299196,18.97330005275511
2025-11-26 13:00:22,34.4824010925453,42.80415597388319,21.89730545275645,18.97976679637768
2025-11-26 13:00:23,39.67927560029393,62.121255559292706,22.003206720635756,19.14705969654674
2025-11-26 13:00:24,24.04115551372651,34.94687760578181,21.928681890376055,19.0263800373181
2025-11-26 13:00:25,24.058953880861353,35.07675163126746,22.16795430087165,19.1
2025-11-26 13:00:26,24.0,35.02314249465981,22.068049578462077,19.1
2025-11-26 13:00:27,24.0,35.076964461320486,22.063689763357644,19.1
2025-11-26 13:00:28,24.04073745067817,35.0,22.23172628634449,19.1
2025-11-26 13:00:29,24.059369498864495,35.022823999405546,22.3,19.125842025505296
2025-11-26 13:00:30,24.040523946855153,35.1,22.268485395279445,19.2
2025-11-26 13:00:31,40.945987391016786,46.19190506882678,22.23141064418192,19.2
2025-11-26 13:00:32,51.25998370079132,77.27497683858476,22.33128944742185,19.2
2025-11-26 13:00:33,24.1,35.0776809875273,22.306543156013607,19.174628218193284
2025-11-26 13:00:34,24.1,35.022212018464884,22.162069011497472,19.1
2025-11-26 13:00:35,24.1,35.07789659803481,22.238159707730397,19.1
2025-11-26 13:00:36,24.1,35.0,22.1,19.1
2025-11-26 13:00:37,24.1,35.0,22.1,19.1
2025-11-26 13:00:38,24.1,35.10889277894551,22.16124009725413,19.124811393025716
2025-11-26 13:00:39,39.968334820620385,35.43508670118299,22.391467127174167,30.733786599955504
2025-11-26 13:00:40,63.877440009201706,35.178481105205,22.508926094011425,58.04259527154924
2025-11-26 13:00:41,46.733193620217406,35.1,22.239507137114785,19.1
2025-11-26 13:00:42,24.451119005861106,35.334105057509284,33.780763337001915,20.600198328173963
2025-11-26 13:00:43,39.58357132999519,35.96759605727906,51.56231690840808,23.827381351120184
2025-11-26 13:00:44,49.51533979937043,35.1,22.34023182207789,19.1
2025-11-26 13:00:45,34.28497808881399,35.22582061184069,22.140397525470643,27.009292837965873
2025-11-26 13:00:46,55.36084347344156,35.575160291062474,33.23641740310375,45.975885022521304
2025-11-26 13:00:47,49.04890029432705,35.1,50.844384390011285,19.12375878309084
2025-11-26 13:00:48,24.1,35.1,22.2,19.176367082850113
2025-11-26 13:00:49,24.1,35.12045955038414,22.2,19.12351258679315
2025-11-26 13:00:50,24.1,35.17966073680488,22.2,19.17659061997287
2025-11-26 13:00:51,24.1,35.1,22.2,19.12336176684835
2025-11-26 13:00:52,24.1,35.1,22.170917015735363,19.17675841677716
2025-11-26 13:00:53,37.43063708583768,35.1,22.12898200235955,19.1
2025-11-26 13:00:54,47.69045076292363,35.1,22.2,19.1
2025-11-26 13:00:55,24.1,35.1,22.2,19.122962683213913
2025-11-26 13:00:56,24.3995143687043,35.1,22.257317122243435,21.19226149041302
2025-11-26 13:00:57,35.476458616968564,35.723840718124464,22.713414928226932,40.80947621724438
2025-11-26 13:00:58,43.46982896566423,37.686072437770065,23.16036922057539,78.41830824203589
2025-11-26 13:00:59,24.0371487032156,35.1,22.271754925035076,19.177438906912837
2025-11-26 13:01:00,38.10472471727432,35.08079733961324,22.424811966200437,19.1
2025-11-26 13:01:01,49.870508562118296,35.019095585696085,22.74835834088411,19.1
2025-11-26 13:01:02,24.0,35.1,22.15583188548263,19.1
2025-11-26 13:01:03,24.0,35.1,22.244392798291468,19.1
2025-11-26 13:01:04,24.0,35.1,22.1,19.1
2025-11-26 13:01:05,24.036487444220217,35.1,22.155199904555044,19.1
2025-11-26 13:01:06,24.06362231343821,35.08145270577633,22.27251184359993,19.1
2025-11-26 13:01:07,36.36981183343054,35.01843986697038,22.2,19.1
2025-11-26 13:01:08,47.390788310554385,35.1,22.2,19.1
2025-11-26 13:01:09,24.1,35.08178020012985,22.17282186170015,19.078463134490026
2025-11-26 13:01:10,24.06406987271079,35.018114649426686,22.12707645844154,19.021438730672205
2025-11-26 13:01:11,24.0,35.1,22.2,19.1
2025-11-26 13:01:12,36.08084734186839,35.11789461502579,22.2,23.53278911313989
2025-11-26 13:01:13,60.59811417344295,35.182228964512085,22.25349844098335,36.26357671614301
2025-11-26 13:01:14,50.865332896682446,35.117657201941654,22.320085228700744,19.121010471463737
2025-11-26 13:01:15,24.0,35.18246151274224,22.179633129272872,19.2
2025-11-26 13:01:16,32.854398255391146,40.71850900567014,22.347153409862383,19.28329978672354
2025-11-26 13:01:17,41.07933842184487,63.562320758439235,22.17366577049897,19.496629812635323
2025-11-26 13:01:18,24.0,35.1,22.021261198286325,19.1
2025-11-26 13:01:19,24.0,35.1,21.878472145835627,19.1
2025-11-26 13:01:20,24.0,35.1,22.12602607272728,19.1
2025-11-26 13:01:21,24.0,35.1,22.225915472697825,19.1
2025-11-26 13:01:22,35.960050022962456,35.11680140120426,22.32580196327439,19.120163071444782
2025-11-26 13:01:23,48.221639424376264,35.183315178095974,22.374312509200287,19.179959974481587
2025-11-26 13:01:24,24.0,35.1,22.274405038535797,19.1
2025-11-26 13:01:25,24.0,35.1,22.174497109942237,19.119816694757233
2025-11-26 13:01:26,24.0,35.08364755563463,22.023773101139465,19.180238128067064
2025-11-26 13:01:27,24.0,35.03248740634834,21.875958905185925,19.1
2025-11-26 13:01:28,35.441227564592424,35.16774827522478,22.125190164164763,19.1
2025-11-26 13:01:29,47.833031792689944,35.01601804450253,22.174919501866736,19.1
2025-11-26 13:01:30,24.03373824125717,35.1,22.05001964179746,19.1
2025-11-26 13:01:31,24.066368789809378,35.1,21.999565911779275,19.11920353320608
2025-11-26 13:01:32,24.033524595082984,35.11568258732247,22.34948961465597,19.21907868467201
2025-11-26 13:01:33,32.37647694542066,36.40423513233164,30.689147796583008,24.028971571217284
2025-11-26 13:01:34,41.48587009142402,41.84710375572255,49.36713458844321,40.61216070885925
2025-11-26 13:01:35,24.066847321262703,35.18462927119824,22.326688975497213,19.181273797647982
2025-11-26 13:01:36,24.0,37.429479957890265,31.129880645310745,19.174462895952395
2025-11-26 13:01:37,24.0,48.460053401130786,52.494748440130735,19.444425431884223
2025-11-26 13:01:38,24.0,35.1,22.424111828717027,19.2
2025-11-26 13:01:39,24.0,35.1,22.35590103468976,19.2
2025-11-26 13:01:40,24.0,35.1,22.019728951512924,19.2
2025-11-26 13:01:41,24.0,35.129284337929434,22.233272685412704,19.181963126046337
2025-11-26 13:01:42,35.57219335103731,35.28549242242047,21.88997183356004,19.117919048029517
2025-11-26 13:01:43,61.0,35.2,22.547147240176823,19.2
2025-11-26 13:01:44,50.07004662892368,35.18573789965169,22.676544511771873,19.2
2025-11-26 13:01:45,24.1,35.1,22.57663486354352,19.2
2025-11-26 13:01:46,24.1,35.1,22.5,19.2
2025-11-26 13:01:47,24.1,35.113916939526355,22.5,19.2
2025-11-26 13:01:48,47.051887055846535,35.186202804661725,22.5,19.2
2025-11-26 13:01:49,88.84395107834477,35.12736319142602,22.477080345033414,19.217046893732224
2025-11-26 13:01:50,42.095192122153904,35.313571110897364,22.422820126224117,19.3
2025-11-26 13:01:51,24.25666392230873,35.359696091671644,30.939573599744826,19.367094584624464
2025-11-26 13:01:52,24.444090653841045,35.1,53.55642281474171,19.60028141744016
2025-11-26 13:01:53,24.1,36.38187080768604,30.802820992180365,19.11656766563058
2025-11-26 13:01:54,24.1,43.70164083374405,53.74774315546744,19.2
2025-11-26 13:01:55,24.1,35.1,22.433169973062352,19.183674685855184
2025-11-26 13:01:56,24.1,35.1,22.1778027671688,19.1
2025-11-26 13:01:57,33.85197271658911,35.112680680933344,22.936629224572847,23.88692869427919
2025-11-26 13:01:58,47.740845438105275,35.18744246978756,25.140892898458997,45.508416325895325
2025-11-26 13:01:59,24.1,35.11244224575691,22.421860592829717,19.11589251491645
2025-11-26 13:02:00,45.41647977249887,35.18768015233291,22.71727183134985,19.2
2025-11-26 13:02:01,81.26693096401242,35.11220245069183,23.241281518688663,19.184358366738273
2025-11-26 13:02:02,34.45757837756819,35.18791648141564,22.3,19.115523237124155
2025-11-26 13:02:03,50.33426397888702,35.05211478005216,22.042846432122936,23.04728553182233
2025-11-26 13:02:04,24.240456386273543,34.75941849043129,29.240662838997324,42.824006060598734
2025-11-26 13:02:05,24.070332968613275,35.18832172743244,53.725919760786354,28.11396016439541
2025-11-26 13:02:06,24.0,35.1,22.5,19.2
2025-11-26 13:02:07,24.0,35.1,22.5,19.2
2025-11-26 13:02:08,24.02935322056051,35.111334309663285,22.33386841572792,19.2
2025-11-26 13:02:09,32.23079918019502,35.244832224413905,21.90692664484915,19.43507364464935
2025-11-26 13:02:10,44.94243394421499,35.54475919364407,22.43325920923063,20.56883834432878
2025-11-26 13:02:11,24.02896612360831,35.11092949826959,21.62484148926224,19.22881099488145
2025-11-26 13:02:12,24.071145774089032,35.2,22.5,19.371461097170855
2025-11-26 13:02:13,24.0,35.2,22.52013617551108,19.214157551537053
2025-11-26 13:02:14,24.0,35.18942483535918,22.539899731043832,19.28597171281896
2025-11-26 13:02:15,24.0,35.1,22.319946761892243,19.2
2025-11-26 13:02:16,24.0,35.1,22.38016034240678,19.2
2025-11-26 13:02:17,24.0,35.1,22.319736995649937,19.2
2025-11-26 13:02:18,24.0,35.1,22.41962408169068,19.2
2025-11-26 13:02:19,24.0,35.1,22.5,19.2
2025-11-26 13:02:20,35.31634644923455,39.69496481955117,22.51940469707292,19.2
2025-11-26 13:02:21,55.57781676011987,81.28476119219667,22.5614240426724,19.2
2025-11-26 13:02:22,24.027865618343043,35.1,22.361595469964932,19.213109816856427
2025-11-26 13:02:23,24.072245609163055,35.1,22.980565265749902,19.287022519575952
2025-11-26 13:02:24,24.0,35.1,25.36511472818377,19.2
2025-11-26 13:02:25,24.0,35.109256132613524,21.4898183673212,19.2
2025-11-26 13:02:26,24.0,35.190861542814226,22.281199504817597,19.18737596975062
2025-11-26 13:02:27,31.19072612675481,35.14511156312151,22.237407283502765,23.234519759345893
2025-11-26 13:02:28,44.2064997725016,35.555662457153296,22.381419708902865,49.91003061692361
2025-11-26 13:02:29,24.072838994252944,35.1,22.096450707099944,19.11234266362055
2025-11-26 13:02:30,33.352582949161985,35.1,21.40315690653897,19.2
2025-11-26 13:02:31,51.14946536252555,36.77174494215435,29.12626019813186,19.2
2025-11-26 13:02:32,24.073222885282075,53.79750849330341,55.2673047292514,19.21204311388196
2025-11-26 13:02:33,24.0,35.1917037630127,21.97247763029482,19.28808572420556
2025-11-26 13:02:34,24.02656929835175,35.050859694993676,22.06479112005955,19.117385074248425
2025-11-26 13:02:35,24.073534191946667,34.53251673526712,21.18101890059533,18.558679962862907
2025-11-26 13:02:36,24.0,34.90793652455372,21.98201550125655,19.0
2025-11-26 13:02:37,24.02625406869801,34.99226026641868,21.8287342249617,19.0
2025-11-26 13:02:38,24.1,34.915279471007935,21.553233570245073,18.98866645932626
2025-11-26 13:02:39,24.073971375329396,35.08511826059658,21.658970150865382,18.866568278120297
2025-11-26 13:02:40,24.0,34.87063506800321,21.0,18.589015268289536
2025-11-26 13:02:41,24.0,34.5,21.0,18.489166073668574
2025-11-26 13:02:42,24.0,34.5,20.982507062939177,18.4
2025-11-26 13:02:43,24.281463372274914,34.534457893363026,27.478015148674903,20.416981640579657
2025-11-26 13:02:44,24.845756925977888,34.95977893442389,54.74924074521132,36.227209083915554
2025-11-26 13:02:45,24.1,34.43326008197648,21.0,18.5
2025-11-26 13:02:46,33.444783637224695,34.874153993823334,27.484559049273024,18.5
2025-11-26 13:02:47,53.99185422943617,34.525254210523684,55.27684763297594,18.549530623005992
2025-11-26 13:02:48,24.1,34.91240912814166,21.74905042532809,18.951431003804807
2025-11-26 13:02:49,42.077477610193185,35.063997286127005,21.21627251916397,18.5
2025-11-26 13:02:50,95.12276733930692,34.529740496821105,22.283648554672023,18.547110831025485
2025-11-26 13:02:51,54.60259963254991,35.005791912318955,29.04247435963828,19.912517491728025
2025-11-26 13:02:52,24.1,35.1,60.68390154242298,28.08782785307337
2025-11-26 13:02:53,24.1,35.09442557522025,22.1,19.0
2025-11-26 13:02:54,24.1,35.0,22.084039452984044,19.0
2025-11-26 13:02:55,36.55700319559687,35.0,22.015861015965832,22.25561801153372
2025-11-26 13:02:56,67.69848806271897,35.0,22.1,55.89036787035482
2025-11-26 13:02:57,24.1,35.0,22.08434790728342,19.0
2025-11-26 13:02:58,24.1,35.005044472344984,27.644295590697947,21.18956710220759
2025-11-26 13:02:59,24.1,35.09501407657054,55.00454086830938,44.465575930199655
2025-11-26 13:03:00,31.54670478230656,35.05360738771992,22.1,21.67250751779415
2025-11-26 13:03:01,49.8696040615182,36.05326129608871,22.1,51.371330545252135
2025-11-26 13:03:02,24.069929691454828,35.10466158284556,22.115177569292214,20.610041787710593
2025-11-26 13:03:03,24.230442278823077,35.190837720962286,22.2,38.792769594694704
2025-11-26 13:03:04,24.0,35.0,22.170064426248096,18.992370958836503
2025-11-26 13:03:05,24.0,35.0,22.0,18.90752768435575
2025-11-26 13:03:06,30.83594992692381,35.02558117559692,22.044328580057577,21.61577202536682
2025-11-26 13:03:07,56.69120783876311,35.583610414090046,22.285357202229857,54.6834503792555
2025-11-26 13:03:08,63.64291118856516,35.19205675508769,22.2,19.092976979348723
2025-11-26 13:03:09,52.88049830812176,35.0,22.18555988470184,19.0
2025-11-26 13:03:10,24.0,35.00375677810677,22.114345326749586,19.0
2025-11-26 13:03:11,24.0,35.1,22.171526240613037,19.0
2025-11-26 13:03:12,29.71589563262841,35.13534431399869,22.04243597838851,21.124639735238137
2025-11-26 13:03:13,51.959840889806976,36.06666630909345,22.271963767470293,51.13894960807209
2025-11-26 13:03:14,51.278678112636605,35.09668499155601,22.08606180683352,19.093708474485844
2025-11-26 13:03:15,29.499822312862136,36.10250227117482,22.0138406865687,19.03094651367696
2025-11-26 13:03:16,45.032469182294584,70.44432670878592,22.1,19.46977205366066
2025-11-26 13:03:17,24.021407665349223,35.00293908418243,22.08636641037356,19.0
2025-11-26 13:03:18,38.12450175453506,35.1,22.040612495910835,19.00584087079781
2025-11-26 13:03:19,83.8682108610243,35.1,22.24636524896624,19.1
2025-11-26 13:03:20,24.21012174657041,35.1,24.79692605842449,19.09447898555212
2025-11-26 13:03:21,24.79150599769886,35.1,41.632239032477386,19.0
2025-11-26 13:03:22,24.0,35.1,22.18688617525593,19.0
2025-11-26 13:03:23,24.0,35.1,22.11301816860275,19.0
2025-11-26 13:03:24,24.0,35.09778683193103,22.21290742726663,19.0
2025-11-26 13:03:25,24.0,35.0,22.287202082782507,19.0
2025-11-26 13:03:26,24.020411011296215,35.00200621981013,22.2,19.0
2025-11-26 13:03:27,24.07970105984495,35.1,22.21260422553223,19.0
2025-11-26 13:03:28,24.0,35.1,22.3,19.0
2025-11-26 13:03:29,24.020090257221177,35.4857840145437,26.822812032684222,19.0
2025-11-26 13:03:30,24.0800223020774,58.420575874968506,56.832913265234126,19.004488565376665
2025-11-26 13:03:31,24.0,35.09859525573705,22.1,19.095621005910395
2025-11-26 13:03:32,24.01976733164885,35.00130160207437,22.1,19.0
2025-11-26 13:03:33,24.08034486971819,35.1,22.1,19.0
2025-11-26 13:03:34,24.0,35.09892138474978,22.0405326028938,19.0
2025-11-26 13:03:35,24.0,35.000997476064526,21.670959243670374,19.0
2025-11-26 13:03:36,24.01934396683445,35.1,22.188329720970263,19.0
2025-11-26 13:03:37,31.336430643647887,35.1,22.227233130241466,19.00366203697309
2025-11-26 13:03:38,57.17634937727904,35.103934589168745,27.22485905126987,19.86847189020928
2025-11-26 13:03:39,24.891923560343233,35.69709221189083,56.940313676469096,40.92041720626389
2025-11-26 13:03:40,24.018891577879952,35.1,22.288851056389113,19.1
2025-11-26 13:03:41,24.081218887194954,35.1,22.2,19.096777697803688
2025-11-26 13:03:42,24.018675717074036,35.10395738861947,22.22192017377112,19.003120251614988
2025-11-26 13:03:43,30.72274515189716,37.69423374882335,22.421670309888132,19.109037095942792
2025-11-26 13:03:44,55.416141727025455,35.20354576844987,22.567853456754357,19.38849427917402
2025-11-26 13:03:45,24.0,35.10025113690355,22.268064167988907,19.0
2025-11-26 13:03:46,24.018243297309397,35.000358624822184,22.03169440503212,19.00267303071931
2025-11-26 13:03:47,36.07249512131591,35.09952296561457,26.130148415151236,20.091754530856857
2025-11-26 13:03:48,94.6465049056924,40.5373984417612,57.83374370118106,58.6981194021854
2025-11-26 13:03:49,89.6505901046043,36.1389943736838,22.579611720293094,57.62581837280458
2025-11-26 13:03:50,60.57977161175376,35.108804773877075,22.4,19.1
2025-11-26 13:03:51,57.35341392377422,35.1,22.380087845498267,19.1
2025-11-26 13:03:52,24.017411477638287,35.1,22.180246180115684,19.098048527327048
2025-11-26 13:03:53,24.082699935145808,35.1,22.029362032557728,19.0
2025-11-26 13:03:54,24.0,35.1,22.309663472999414,19.001743063113697
2025-11-26 13:03:55,24.017091387113712,35.1,22.39044806023487,19.1
2025-11-26 13:03:56,39.79523087257516,35.1,22.31890054192533,19.104567802764254
2025-11-26 13:03:57,118.46335490714772,37.55241777521206,22.4906703493765,19.39584158727089
2025-11-26 13:03:58,24.08327030103312,35.145725330894365,22.4,19.1
2025-11-26 13:03:59,24.01662455850732,35.1,22.381808930500952,19.098833225759588
2025-11-26 13:04:00,24.08348810456645,35.1,25.43025284250651,19.20737396160956
2025-11-26 13:04:01,24.131156885310975,35.19792864808376,57.41412579245747,38.699327363999224
2025-11-26 13:04:02,24.68645173120843,35.2979022362481,22.4,36.0270290729962
2025-11-26 13:04:03,24.083891088672654,35.20211787825061,22.408582865705736,19.29872005730973
2025-11-26 13:04:04,24.01600384369452,35.10213582420254,22.474567581752726,19.099470347637062
2025-11-26 13:04:05,24.08410833410144,35.19784128264481,22.20840123930027,19.0
2025-11-26 13:04:06,24.0,35.00433251657009,22.29170524606814,19.0
2025-11-26 13:04:07,24.01568228062254,35.09782127150742,22.21639688743381,19.000447168657377
2025-11-26 13:04:08,24.08442965037337,35.1,22.38383221792916,19.199996193904393
2025-11-26 13:04:09,24.0,35.1,22.2,19.000197219678903
2025-11-26 13:04:10,24.0,35.00220757835582,22.2078978576511,19.0
2025-11-26 13:04:11,24.015255966901,35.09778191734476,22.3,19.0
2025-11-26 13:04:12,24.1,35.588611350311446,22.3,19.298410836626974
2025-11-26 13:04:13,24.1,35.40464514068782,22.3,19.3
2025-11-26 13:04:14,24.085082084072553,35.10701768186938,22.3,19.00226724369952
2025-11-26 13:04:15,24.0,35.1,22.314749163911458,19.0
2025-11-26 13:04:16,24.014707903125363,35.1,22.5,19.0
2025-11-26 13:04:17,24.202099215385378,35.1,22.5,19.0
2025-11-26 13:04:18,29.76623636714603,35.0023948187198,22.514097398850744,18.90124140733644
2025-11-26 13:04:19,59.33546525592072,35.29271719532235,24.72450357585386,19.097103209894872
2025-11-26 13:04:20,46.641441353853104,35.59251202762978,51.60360669815371,50.91853653567323
2025-11-26 13:04:21,29.24240956795105,35.11258017702592,22.39324842430281,19.654838121178116
2025-11-26 13:04:22,61.828222403518865,35.1,22.313323113030076,19.00170412119275
2025-11-26 13:04:23,49.13106880473516,57.66498723150174,22.48037577288383,19.0
2025-11-26 13:04:24,24.01357834114497,35.833025796676424,22.212927511287628,19.0
2025-11-26 13:04:25,24.1,35.2,22.393658077726368,19.0
2025-11-26 13:04:26,24.08664850045384,35.2,22.29374873007271,19.0
2025-11-26 13:04:27,24.013246766050912,35.102631317990294,22.206160084267665,19.0
2025-11-26 13:04:28,28.369266443909815,35.197349021365255,22.31209229022163,19.0
2025-11-26 13:04:29,54.34152336820765,35.2,22.5,19.0
2025-11-26 13:04:30,24.1,35.2,22.442425161436145,19.0
2025-11-26 13:04:31,24.087262104798096,35.2,21.540242506112275,19.0
2025-11-26 13:04:32,24.012633204868592,35.102722240843576,22.177689585173603,18.902196532481017
2025-11-26 13:04:33,28.613730336449255,35.29449856168042,23.74892054989918,18.997701495729498
2025-11-26 13:04:34,61.62982403553756,72.78134848624077,57.733827186492846,19.097684234966778
2025-11-26 13:04:35,59.62986503210365,36.176261652301655,23.832709681013977,18.904616582673015
2025-11-26 13:04:36,24.263585505491506,35.67993516436313,59.26816507035405,45.11604087714694
2025-11-26 13:04:37,24.012033131185156,34.63116779042117,21.015062431265846,19.193609280615046
2025-11-26 13:04:38,31.700460461313114,34.69709496810081,21.38290874905312,18.597530232339818
2025-11-26 13:04:39,88.54244870080889,35.28176325140922,22.967714390110835,56.267118443895065
2025-11-26 13:04:40,27.75856746682736,35.106029816389594,22.295420418060043,20.098968893630477
2025-11-26 13:04:41,57.201996267992385,35.681460638824014,22.195518657590995,57.360569456961784
2025-11-26 13:04:42,62.91493308650833,35.11862068768228,22.108776099554703,20.10777391572436
2025-11-26 13:04:43,24.0,35.196875362020364,22.295723527115346,19.09729884526427
2025-11-26 13:04:44,24.0112403809698,35.10313586399798,22.2,19.00270138491844
2025-11-26 13:04:45,27.853229475133773,35.1,22.204081320147356,19.0
2025-11-26 13:04:46,56.33311263634911,35.29364900722389,23.226049490519618,19.09709346328118
2025-11-26 13:04:47,24.713214339983224,35.10636675574149,45.83660079012804,19.002911562614734
2025-11-26 13:04:48,24.010743618804657,35.1,22.103763214759095,20.16368643309995
2025-11-26 13:04:49,28.853830382428526,35.1,22.20728926672739,19.035176435631513
2025-11-26 13:04:50,68.02791240631002,69.00071005843657,24.145271053746388,19.679014882872544
2025-11-26 13:04:51,24.010335627085567,55.00887975289655,73.59637429576445,20.571580945326165
2025-11-26 13:04:52,24.089771141012967,74.05812703035734,22.19675140735039,56.028912076734905
2025-11-26 13:04:53,24.0,36.50455648784325,22.103132215574053,20.28651898738888
2025-11-26 13:04:54,24.0,35.1,22.2,19.0
2025-11-26 13:04:55,24.0,35.1,22.2,19.0
2025-11-26 13:04:56,24.0,35.1,22.2,19.0
2025-11-26 13:04:57,24.0,35.1,22.19455205701547,19.0
2025-11-26 13:04:58,24.00969176151688,35.00336914343039,22.01318584235125,19.0
2025-11-26 13:04:59,24.1,35.096612906762985,22.49750964867922,19.0
2025-11-26 13:05:00,24.1,35.19659335619479,22.395206486003868,19.096380932673025
2025-11-26 13:05:01,24.1,35.103410005814865,22.202311878966967,19.00361853194954
2025-11-26 13:05:02,24.090749489066464,35.1,22.297800789847273,19.0
2025-11-26 13:05:03,24.0,35.1965523364936,22.2,19.0
2025-11-26 13:05:04,24.0,35.2,22.195974391761457,19.0
2025-11-26 13:05:05,24.0,35.103409020152434,21.99422627446103,19.0
2025-11-26 13:05:06,24.0,34.90680395508918,21.7,19.0
2025-11-26 13:05:07,24.0,34.80348317229813,21.7,18.807217532988577
2025-11-26 13:05:08,24.0,34.89643192772333,21.70658986255208,18.8
2025-11-26 13:05:09,24.0,35.092643573373266,22.103014392088628,19.08861277090718
2025-11-26 13:05:10,24.0,35.19629967326081,22.29861190113449,20.923995226336235
2025-11-26 13:05:11,24.0,35.10370659811417,22.194816223046033,19.269025378094216
2025-11-26 13:05:12,24.0,34.907387633657606,21.801230768791086,18.911462380287254
2025-11-26 13:05:13,24.0,34.9,21.9,18.996084644692175
2025-11-26 13:05:14,25.974714636277444,34.9,21.901015177651324,18.90401108253353
2025-11-26 13:05:15,49.01647948502709,35.76510316643511,22.0,48.87747341058265
2025-11-26 13:05:16,47.93286254385101,63.88681796014654,22.0016146217445,21.525638800515615
2025-11-26 13:05:17,26.82059256485652,36.336023381924015,22.197649391161313,19.14459239337081
2025-11-26 13:05:18,62.00764178332851,60.4563671509964,21.9,19.00456202206537
2025-11-26 13:05:19,55.68262081786675,73.36332711539458,21.899386327573648,19.19063129841085
2025-11-26 13:05:20,26.352298644016184,36.50719677739052,21.80256824447545,18.91426295724389
2025-11-26 13:05:21,55.738690409639176,35.09195674162749,22.3,19.185088032930903
2025-11-26 13:05:22,24.1,35.1,22.301046071327892,19.10500241465632
2025-11-26 13:05:23,24.092942353595166,35.195948936263534,22.69938140620476,19.19488196673451
2025-11-26 13:05:24,24.0,35.00811454310994,22.19993137433786,19.105231670897773
2025-11-26 13:05:25,24.0,35.0,22.100022700540094,19.005333323806223
2025-11-26 13:05:26,24.0067470317947,35.0,22.199867822556424,19.0
2025-11-26 13:05:27,24.09336420716078,35.09592473208256,22.10022828081017,19.094502289303684
2025-11-26 13:05:28,24.00653292803396,35.1,22.199659278208976,19.1
2025-11-26 13:05:29,24.1,35.1,22.3990421210096,19.1
2025-11-26 13:05:30,24.093690529864308,35.1,22.201137808293375,19.1
2025-11-26 13:05:31,24.031016003698472,35.00410369292072,22.100660599873184,19.1
2025-11-26 13:05:32,25.733633225613495,35.09588764130124,22.29843823932344,19.1
2025-11-26 13:05:33,44.46809270636296,35.77064972388009,58.40375728420507,47.13253665717605
2025-11-26 13:05:34,25.860526654285035,70.13367276415622,70.00530788437656,22.08780779122167
2025-11-26 13:05:35,52.65820290647011,37.652025680421744,23.18379986641873,52.82205313240815
2025-11-26 13:05:36,26.185069638496252,35.137946646424766,22.30435094540269,21.666949880394405
2025-11-26 13:05:37,62.969448855091414,60.91448152602663,22.3,19.1
2025-11-26 13:05:38,60.48200539900849,36.32528070713181,22.3,19.1
2025-11-26 13:05:39,25.77788120901832,35.1,22.201392044385347,19.1
2025-11-26 13:05:40,58.82719679388472,71.27656043530827,22.2984993126732,19.935505721655776
2025-11-26 13:05:41,24.0,36.78922252665193,22.20159373064647,19.1647439228703
2025-11-26 13:05:42,24.02425329342201,35.0,22.101683113175778,19.1
2025-11-26 13:05:43,24.481194194421853,69.7136750310226,22.001779599653197,53.85505162796327
2025-11-26 13:05:44,25.672940038987218,36.86991211961121,22.098109583116617,22.24803858503371
2025-11-26 13:05:45,59.25948427123513,35.004538572213605,22.1,19.107646520342794
2025-11-26 13:05:46,25.634464626195825,35.09545382700298,22.197900652009587,19.1
2025-11-26 13:05:47,60.97765809670533,35.1,22.297783404203436,19.1
2025-11-26 13:05:48,56.448058079359775,35.76752556260602,22.202213255019196,53.807579687341736
2025-11-26 13:05:49,24.0,35.03719595621498,22.102201088848556,22.414073929794277
2025-11-26 13:05:50,24.00373854655739,35.0,22.00219463862878,19.1
2025-11-26 13:05:51,24.1,35.0,22.0,19.1
2025-11-26 13:05:52,24.09648850492857,35.286107208384,55.619499471661975,53.12092299945473
2025-11-26 13:05:53,24.003409181296384,70.02560890103734,58.82356832484196,22.47056961038151
2025-11-26 13:05:54,24.096704699834422,56.22379560679158,23.46662555991159,19.18250800719159
2025-11-26 13:05:55,25.456586572812498,36.04359159364875,22.013500585031075,19.2
2025-11-26 13:05:56,71.03357108319139,35.1,22.878918700298545,19.2
2025-11-26 13:05:57,24.002917560709584,35.1,22.314265673464543,19.290875766938363
2025-11-26 13:05:58,24.1,35.1,22.495138766433744,19.20924484512269
2025-11-26 13:05:59,24.1,35.1,22.5,19.2
2025-11-26 13:06:00,24.097420281867663,35.1,22.5,19.29050373347556
2025-11-26 13:06:01,24.002476310369,35.1,22.110210243425456,19.20961871979483
2025-11-26 13:06:02,24.1,35.1,22.29482421255892,19.109736105438756
2025-11-26 13:06:03,24.1,35.1,22.494719389055984,19.190143681178615
2025-11-26 13:06:04,24.1,35.1,22.40268258411569,19.2
2025-11-26 13:06:05,24.097971498227036,35.1,22.49726181792967,19.2
2025-11-26 13:06:06,24.618840423018185,35.00478826908048,22.013720953906983,19.46924014111665
2025-11-26 13:06:07,56.720017335677035,68.26005114056247,22.4859863110804,19.8582146688101
2025-11-26 13:06:08,24.0,36.90585438271871,21.916794414403373,19.184559570882744
2025-11-26 13:06:09,24.0,35.00482680965429,21.9,19.1
2025-11-26 13:06:10,24.47347990421717,35.0,22.093994793115407,19.189188824942676
2025-11-26 13:06:11,56.1044472872717,35.2854274142726,22.68151212977625,19.110931011925587
2025-11-26 13:06:12,24.0,35.20488212241859,22.506269120072748,19.18894950974264
2025-11-26 13:06:13,24.0,35.104894242519165,21.91875501179702,19.11116320286659
2025-11-26 13:06:14,24.00101133407651,35.290152768094956,22.286985191418196,19.18871242999024
2025-11-26 13:06:15,24.099102938861275,35.395034017236924,22.39669944990037,19.0227973161472
2025-11-26 13:06:16,24.00079469526798,35.304998515127345,22.303334106347528,19.088489786022915
2025-11-26 13:06:17,24.1,35.39496085345474,22.396625761022765,19.011617948440097
2025-11-26 13:06:18,24.1,35.30507518819392,22.303409408328193,19.0
2025-11-26 13:06:19,24.259278889774933,35.39488132681751,22.39654603177932,19.0881618153466
2025-11-26 13:06:20,58.969316012368225,69.50210279015772,22.20695425747686,18.923877087533807
2025-11-26 13:06:21,79.9967173312748,69.86914383874284,49.21345775216662,18.98786474280019
2025-11-26 13:06:22,24.10065952424153,36.88652345779315,62.37461337204578,57.98981280634808
2025-11-26 13:06:23,24.29939559374335,35.18941498109844,23.816291498567345,25.13892751676847
2025-11-26 13:06:24,24.00009757052489,35.2,22.203567584008635,19.1
2025-11-26 13:06:25,24.099985401334695,35.1053308325737,22.10356357910569,19.36199233827759
2025-11-26 13:06:26,48.07904339316968,35.573009344930455,22.485532398361354,45.78115669780895
2025-11-26 13:06:27,24.661671061404174,75.18511382414138,22.307306406863823,23.307325804047014
2025-11-26 13:06:28,24.00211953640381,74.40582945197683,57.21158963716569,19.186946047148105
2025-11-26 13:06:29,60.905219377905766,75.07623935352909,55.9019260768635,19.11316169719718
2025-11-26 13:06:30,24.202228263415293,37.32125454940552,23.3625549448042,19.1
2025-11-26 13:06:31,24.09938318794192,35.18887424770593,22.388966426023497,19.1
2025-11-26 13:06:32,24.596105331710913,35.76614829595156,56.04888956788574,19.1
2025-11-26 13:06:33,24.005296850460837,35.04522956673777,23.382927754612027,19.1
2025-11-26 13:06:34,24.09900441600622,35.09423619244301,22.192674682965595,19.01370317535896
2025-11-26 13:06:35,57.44904611956228,35.1,54.86501763879046,36.232193914134626
2025-11-26 13:06:36,24.39977368270859,35.005984806065,23.33678064734726,21.989935865811542
2025-11-26 13:06:37,24.09878744621622,35.09390034714111,22.192643083530314,19.014049520241695
2025-11-26 13:06:38,24.1,35.00615298167084,22.103672092294083,18.914229944256483
2025-11-26 13:06:39,24.1,35.0,22.29261651250533,18.9
2025-11-26 13:06:40,53.888213937716934,35.84117349890194,22.3,50.39808181921532
2025-11-26 13:06:41,60.41859850006934,35.15320297423374,22.39628595022251,24.860254516906352
2025-11-26 13:06:42,25.61998563068842,67.24009338412239,54.59873608279683,43.3174895425372
2025-11-26 13:06:43,24.115191069273727,70.44186165774059,23.93353803442998,56.44694238026689
2025-11-26 13:06:44,24.00178986145305,37.49621912454551,21.92576692854024,25.004528975942183
2025-11-26 13:06:45,24.0,34.807232611304165,21.707310586034016,18.8
2025-11-26 13:06:46,24.097996325302425,34.98523996150826,21.988933581708576,18.884545389649016
2025-11-26 13:06:47,24.002106644564165,34.81510701646242,21.614619363628037,18.815636407945945
2025-11-26 13:06:48,24.0,34.8,21.696332234783696,18.8
2025-11-26 13:06:49,24.0,34.89208310319052,22.085156149834063,18.883999562124743
2025-11-26 13:06:50,24.0,34.80809750409043,21.81105232618733,18.98379858254104
2025-11-26 13:06:51,62.33042535719399,43.61143252779473,22.56923664274759,19.083675788320473
2025-11-26 13:06:52,25.045505723955262,35.90293471534468,21.92690691262084,19.016424024666335
2025-11-26 13:06:53,24.1,35.1,22.380108409329857,19.0
2025-11-26 13:06:54,24.1,35.1,22.4,19.0
2025-11-26 13:06:55,24.002231623310685,34.917543150071324,22.11212816641839,18.91699287394534
2025-11-26 13:06:56,24.0,34.9,22.1,18.9
2025-11-26 13:06:57,87.0160102624197,65.71144177449168,22.387704897522937,19.560649356733823
2025-11-26 13:06:58,25.71874382822486,38.2629634392984,21.920479548586098,19.205330785428743
2025-11-26 13:06:59,24.0,34.809420738222734,21.9,18.93530888251603
2025-11-26 13:07:00,24.09766114674827,35.071126586473845,22.282734754404697,19.064426110895383
2025-11-26 13:07:01,24.002333652037283,34.91944425321213,22.012968339699853,19.182088756456608
2025-11-26 13:07:02,24.09765614048806,35.0801690969244,22.286924564833782,19.2
2025-11-26 13:07:03,24.1,66.11066943340882,53.46848178495162,19.28183994251177
2025-11-26 13:07:04,24.1,38.870716842967184,23.93228935530236,19.13640072683985
2025-11-26 13:07:05,24.00234678950926,35.01029100379135,22.208973917352143,19.01829112062447
2025-11-26 13:07:06,24.097642843196876,35.08960486779705,22.3907869607915,19.08160012212746
2025-11-26 13:07:07,24.1,35.01049489706843,22.20939500178892,19.018504933103895
2025-11-26 13:07:08,24.1,35.0,22.295185025105404,19.0
2025-11-26 13:07:09,24.002358442204994,35.0,22.204906110449297,19.0
2025-11-26 13:07:10,24.0,35.08919501521277,22.38994266490329,19.0
2025-11-26 13:07:11,24.0,35.1,55.8078603499111,19.081096116155734
2025-11-26 13:07:12,24.0,35.0110157310425,24.317005445121257,19.018986265163747
2025-11-26 13:07:13,55.09763641877884,35.0,22.39456813766557,19.242680597161343
2025-11-26 13:07:14,24.90558657234757,35.088773424819685,22.4,19.138454956758135
2025-11-26 13:07:15,24.1,35.01133100593187,22.305627032736965,19.1
2025-11-26 13:07:16,24.002374066738245,35.0,22.205719246393297,19.18059693169692
2025-11-26 13:07:17,24.0,35.0,22.2,19.11950321919203
2025-11-26 13:07:18,24.097616419584917,35.0,22.2,19.1
2025-11-26 13:07:19,58.38080155935949,69.68116532321821,55.29052666193138,19.1
2025-11-26 13:07:20,39.66923001604859,43.81031527147142,54.988612190644254,42.53610638999254
2025-11-26 13:07:21,58.08399899905625,35.67233815176148,24.90964896429902,59.01848024577663
2025-11-26 13:07:22,58.83021085827724,64.15693484627877,54.49495180819641,61.41816619009526
2025-11-26 13:07:23,69.56612872154075,39.09810636160103,57.81013270383771,64.88949684559856
2025-11-26 13:07:24,62.8311221128456,57.47102825187236,24.20877624734287,42.312246103074614
2025-11-26 13:07:25,25.885660377078153,38.956298508104666,27.62225220156619,34.38402919680189
2025-11-26 13:07:26,59.18606583068498,34.814826200666964,21.869624554395244,21.971457282008444
2025-11-26 13:07:27,25.20801009604412,34.7,21.4,18.720536905272713
2025-11-26 13:07:28,24.1,34.7,21.4,18.7
2025-11-26 13:07:29,24.1,34.7,21.4,18.7
2025-11-26 13:07:30,24.1,34.61341087476301,21.30751412165721,18.621035972606627
2025-11-26 13:07:31,24.1,34.68642456562033,21.3,18.67879517934642
2025-11-26 13:07:32,24.1,34.61374040550438,21.392210114950956,19.01450461405612
2025-11-26 13:07:33,24.1,34.6,21.4,18.78586683159683
2025-11-26 13:07:34,24.1,34.68592921453527,21.4,18.7
2025-11-26 13:07:35,57.48373386650276,67.84610554951557,21.4,18.62173841700336
2025-11-26 13:07:36,25.191552120332076,41.62449925156449,50.505868965730286,47.48700153707374
2025-11-26 13:07:37,58.17669514311751,34.76063714303278,24.27540298864627,27.86635830561162
2025-11-26 13:07:38,25.124521442541436,34.6,21.491374146006315,19.2
2025-11-26 13:07:39,25.066187330668487,64.32803365217282,22.320597178996657,48.365492233845714
2025-11-26 13:07:40,24.12985718608574,71.04382800070519,53.027032974317706,28.22184770353484
2025-11-26 13:07:41,24.1,40.796776673547654,25.470899118342064,19.1
2025-11-26 13:07:42,54.17970608387347,35.1,22.2,19.1
2025-11-26 13:07:43,25.08971972906133,35.1,22.290761421851716,19.1
2025-11-26 13:07:44,24.002988181369066,35.1,22.3,19.1
2025-11-26 13:07:45,24.0,35.18438320931911,22.209434349675657,19.1
2025-11-26 13:07:46,24.09699905144623,63.69592620484181,22.29044547235071,19.1
2025-11-26 13:07:47,54.26618948371153,40.86329164657354,22.390330447157936,19.176889978414533
2025-11-26 13:07:48,60.67975028329445,35.1,22.30976588440757,19.12322977612468
2025-11-26 13:07:49,25.25463652105889,35.1,22.390111706621532,19.17664866036188
2025-11-26 13:07:50,24.00300729775245,35.1,22.309979845121156,19.12340452459526
2025-11-26 13:07:51,24.09698230793547,35.1,22.3,19.176494974048698
2025-11-26 13:07:52,24.00301383626565,35.016381081627586,22.210177298697115,19.123621360936557
2025-11-26 13:07:53,24.096976582964697,35.08351292176965,22.289710561924903,19.1
2025-11-26 13:07:54,24.003019049131375,35.1,22.210387054637543,19.1
2025-11-26 13:07:55,24.096970992964764,35.1,22.2895072201719,19.17609568128337
2025-11-26 13:07:56,24.1,35.1,22.3,19.2
2025-11-26 13:07:57,24.1,35.1,22.3,19.2
2025-11-26 13:07:58,24.1,35.1,22.3,19.2
2025-11-26 13:07:59,24.1,35.1,22.3,19.2
2025-11-26 13:08:00,24.1,35.18276235702374,22.47791995344381,19.124436181005045
2025-11-26 13:08:01,24.1,35.11734692030582,22.32226107223331,19.1
2025-11-26 13:08:02,50.59403086370517,62.4736339218384,22.3,19.928466794782548
2025-11-26 13:08:03,24.99189830456096,41.43245818446978,22.21132777358172,19.372019091355966
2025-11-26 13:08:04,24.1,35.2,22.37711762348264,19.1
2025-11-26 13:08:05,53.872714880672746,35.2,22.488441482639363,19.1
2025-11-26 13:08:06,25.116681767975933,35.11791111312204,22.323288755314177,19.1
2025-11-26 13:08:07,24.1,35.1,52.63941828493757,19.1
2025-11-26 13:08:08,24.1,35.1,26.70259193419253,19.1
2025-11-26 13:08:09,24.1,35.18174473278444,22.3,19.1
2025-11-26 13:08:10,24.1,35.11837287079708,22.3,19.1
2025-11-26 13:08:11,24.1,63.05296952659421,50.33356850987559,19.1
2025-11-26 13:08:12,24.1,41.95145861527421,26.515613913022055,19.1
2025-11-26 13:08:13,24.1,35.1,22.212448862779677,19.1
2025-11-26 13:08:14,24.1,35.1,22.2,19.174207272678757
2025-11-26 13:08:15,50.481568355051294,35.1,22.287339851182317,19.125894290316772
2025-11-26 13:08:16,25.0077799606109,35.1,53.99218927441899,19.1
2025-11-26 13:08:17,25.16407551048304,35.50381930733192,57.910658764193016,46.3518522944304
2025-11-26 13:08:18,53.82239771027186,66.60170657525867,58.916688349653015,29.53131605114534
2025-11-26 13:08:19,37.282427845927174,43.33593934883721,27.331537018777645,19.173700546695834
2025-11-26 13:08:20,24.413109818851147,35.1,22.3,19.126414512885535
2025-11-26 13:08:21,52.35009782643411,64.40339008912846,22.64628338753532,19.1
2025-11-26 13:08:22,25.130397268067775,42.922095455946405,22.3542574104658,19.1
2025-11-26 13:08:23,53.25739822559945,35.18002555590402,22.47257747778825,19.173297377356786
2025-11-26 13:08:24,56.69442692233632,35.2,22.586123671912453,19.126818617741684
2025-11-26 13:08:25,25.22952470034975,35.2,22.51402995193854,19.17306124801076
2025-11-26 13:08:26,47.02768430677871,59.8280153054042,22.328337451542197,19.564493799599926
2025-11-26 13:08:27,24.945356847656807,41.938036073652775,22.471364479306775,19.263415430447253
2025-11-26 13:08:28,50.22521497680226,35.83490698782155,22.41446351754563,47.04295880421692
2025-11-26 13:08:29,26.189801293578995,63.09209067048218,22.31459724308611,57.86407134113304
2025-11-26 13:08:30,48.06248152793907,43.50361716157603,22.55573158836078,57.57427702579993
2025-11-26 13:08:31,36.16916005116626,35.642057427725014,22.6,30.310205103678214
2025-11-26 13:08:32,24.51811682060296,35.284632502702216,22.854652841973767,19.12787716275542
2025-11-26 13:08:33,24.1,63.72613065983988,51.85821966736846,19.1
2025-11-26 13:08:34,24.1,43.58101653843824,28.30650161816373,19.1
2025-11-26 13:08:35,24.1,35.2,22.43111727973298,19.1
2025-11-26 13:08:36,56.498650142608575,35.2,22.821466513892403,19.171647944222
2025-11-26 13:08:37,25.45220612513937,35.12177578735474,22.479278645517155,19.12847075980847
2025-11-26 13:08:38,24.1,35.17810216388284,22.484030588768785,19.1
2025-11-26 13:08:39,24.1,35.2,22.41606775877461,19.1
2025-11-26 13:08:40,55.67008214015432,62.544432550369265,50.67051307426155,19.1
2025-11-26 13:08:41,25.404443349831496,43.5444740194566,28.11450727519675,19.1
2025-11-26 13:08:42,24.1,35.17757766739559,22.2,19.1
2025-11-26 13:08:43,24.1,35.2,22.36703525815413,19.31246169845308
2025-11-26 13:08:44,24.1,35.12266192687118,22.31657766863672,19.187898982470564
2025-11-26 13:08:45,52.04995666337629,35.1,22.133332316980212,19.1
2025-11-26 13:08:46,25.250825223631185,35.022877624641126,22.016760727966336,19.1
2025-11-26 13:08:47,50.22930649288475,35.0,22.083130581567843,19.1
2025-11-26 13:08:48,25.173311405116852,61.726986564652435,22.431956846079476,22.597035502874448
2025-11-26 13:08:49,24.00373595776194,43.73790519778707,22.251306431805375,20.59859360699118
2025-11-26 13:08:50,24.0,35.1,22.117193987800672,19.1
2025-11-26 13:08:51,24.0,35.023415097224515,22.1,19.030051303961805
2025-11-26 13:08:52,24.0,35.0,22.017390432329982,19.0
2025-11-26 13:08:53,24.096248847656017,35.076368028395834,22.0,19.06972551193692
2025-11-26 13:08:54,24.1,35.1,22.08240067024381,19.1
2025-11-26 13:08:55,24.1,35.023850170382175,22.01769806805918,19.1
2025-11-26 13:08:56,24.1,35.076039351377204,22.164368647072635,19.1
2025-11-26 13:08:57,24.1,35.02406904046453,22.11791967279766,19.1
2025-11-26 13:08:58,24.003764106158904,35.0,22.018010916486546,19.1
2025-11-26 13:08:59,24.09622762012677,35.0,22.08187841914598,19.03094772269956
2025-11-26 13:09:00,24.1,35.0,22.1,19.0
2025-11-26 13:09:01,49.30419435150387,35.075503197549324,22.2632997770614,19.0689194850016
2025-11-26 13:09:02,48.84398891114169,60.94759635885407,22.381532683002572,19.306343161086772
2025-11-26 13:09:03,24.973444966200148,44.21019846681682,22.15563604238599,19.19403706429097
2025-11-26 13:09:04,24.096140226080205,34.79938559013628,78.72375421087705,18.756818066912658
2025-11-26 13:09:05,24.1,34.62498812248644,36.620585339637366,18.6
2025-11-26 13:09:06,24.1,34.6,21.218842846494905,18.73671714749787
2025-11-26 13:09:07,24.1,34.6,21.28104552174402,18.66349394378281
2025-11-26 13:09:08,47.27009274997894,34.674516100855236,21.46184072011904,18.6
2025-11-26 13:09:09,25.08185127031354,34.62564910342214,21.338342329328217,18.6
2025-11-26 13:09:10,24.1,34.89661882505884,21.94533757397583,18.938816529024717
2025-11-26 13:09:11,24.1,35.0,22.1805431218827,19.1
2025-11-26 13:09:12,39.23408908113668,39.62776070327036,45.78007858557069,46.68355695016744
2025-11-26 13:09:13,24.735848048224693,36.73533924010599,28.416402867455655,33.62583504708222
2025-11-26 13:09:14,51.90358042151012,63.43540423306255,22.54047632994074,19.1
2025-11-26 13:09:15,25.23136195608003,46.11626480140589,22.35979003761427,19.1
2025-11-26 13:09:16,24.095988997903852,35.026547801695045,22.220019056012767,19.1
2025-11-26 13:09:17,51.060382774875706,63.82202497912534,22.35972121552697,19.1
2025-11-26 13:09:18,25.19609313979096,46.50878384815071,22.2404669573994,19.1
2025-11-26 13:09:19,24.095983379501387,60.41464052248513,47.94854841155666,19.29986215605078
2025-11-26 13:09:20,57.80630942580671,78.00291353383459,29.42573513417506,21.19008825964591
2025-11-26 13:09:21,25.641158522939016,48.30522831867419,22.4,20.111563533631298
2025-11-26 13:09:22,24.1,35.12729287754784,22.320661078289284,19.1
2025-11-26 13:09:23,50.03845935455498,35.1,22.537639412883095,19.16613959655027
2025-11-26 13:09:24,25.27286857521787,35.1,22.441768645419323,19.1339814472162
2025-11-26 13:09:25,24.1,35.1,22.16287467136181,19.1
2025-11-26 13:09:26,24.1,35.02774881442091,22.1,19.1
2025-11-26 13:09:27,52.38681161720362,35.072149487077496,22.257649806477794,19.428397003142713
2025-11-26 13:09:28,25.310379788027344,35.17203496061537,49.86655930939642,19.403408761911656
2025-11-26 13:09:29,24.0,35.12807976411701,30.46359409470705,19.3
2025-11-26 13:09:30,24.0,59.58372320591636,51.169778664205545,19.43048568650159
2025-11-26 13:09:31,24.0,45.466117692001504,31.021255423210896,19.695200773499963
2025-11-26 13:09:32,24.095814249545853,35.028445143081704,22.243790129521777,19.34550938645861
2025-11-26 13:09:33,25.152769373036893,59.296994366349494,21.653650036285985,43.18863342754534
2025-11-26 13:09:34,52.803488474671326,45.166449050255224,21.57795047089608,32.95753470531383
2025-11-26 13:09:35,25.432640548757018,34.6,21.4442916026694,18.664545223670967
2025-11-26 13:09:36,24.1,34.67105382791462,21.4,18.7
2025-11-26 13:09:37,24.674447149039832,34.629114116876714,21.4,18.63578777944475
2025-11-26 13:09:38,24.12526037970435,54.66739609892602,22.251994742069986,19.048034473719643
2025-11-26 13:09:39,44.44509061956583,44.02880447522355,23.118117485118976,41.78077626393176
2025-11-26 13:09:40,25.03397942457636,35.118583855807586,22.373440968925344,32.995786096578996
2025-11-26 13:09:41,24.1,35.070248920991475,22.331324876061256,19.136455949956467
2025-11-26 13:09:42,24.1,34.959698701066074,21.937752618077095,19.163424227270564
2025-11-26 13:09:43,51.72489575427598,34.96998106961888,22.107670712905588,19.26329017154484
2025-11-26 13:09:44,50.4468950354929,34.930144062427054,22.046352853787536,19.173675201585393
2025-11-26 13:09:45,25.23415760756485,34.9,21.9231890008505,19.1
2025-11-26 13:09:46,24.1,60.090485900020894,46.98661359783891,19.16292282736766
2025-11-26 13:09:47,24.004231553563685,47.0161536247281,30.23299587493337,19.2
2025-11-26 13:09:48,24.669862391025617,35.23838050713172,47.89973826459739,19.137320189156508
2025-11-26 13:09:49,24.03018310178491,35.09276297973236,30.63349612320073,19.162555260031095
2025-11-26 13:09:50,46.97377128600488,35.06897247641748,22.023695636691645,19.13756754658607
2025-11-26 13:09:51,25.1872577345085,34.96224618669645,22.076194102804997,19.037677517142892
2025-11-26 13:09:52,24.1,34.9,21.947792583748413,19.0
2025-11-26 13:09:53,44.32487535440512,58.58777690831303,22.127790391068046,19.310540437341366
2025-11-26 13:09:54,25.074099547445204,46.78648608359224,22.27579536772957,19.251964367573997
2025-11-26 13:09:55,24.1,35.031780646123224,22.148587302517516,19.1
2025-11-26 13:09:56,25.14991943596844,35.68051161542327,48.725522220794986,30.329748733539287
2025-11-26 13:09:57,46.654144284437024,35.388159092702516,31.550785025437257,26.32027694928974
2025-11-26 13:09:58,25.20862182667099,35.1,49.595419301672706,19.1
2025-11-26 13:09:59,24.1,35.1,31.826851352445143,19.161439546573405
2025-11-26 13:10:00,24.1,35.1,22.250235135283152,19.138677598012507
2025-11-26 13:10:01,24.004496732306652,35.1,49.830762379209034,19.161202456184885
2025-11-26 13:10:02,24.0,35.03252667530438,32.17296182764718,19.138914412070452
2025-11-26 13:10:03,24.09549341668457,35.0,22.125212749764355,19.1
2025-11-26 13:10:04,24.1,35.0,22.174677161589116,19.1
2025-11-26 13:10:05,24.1,35.0,22.12542056275123,19.039180522341866
2025-11-26 13:10:06,44.65392608552237,35.06705701413243,22.174470273493576,19.060709904526338
2025-11-26 13:10:07,25.117138394024856,35.1,22.2,19.1
2025-11-26 13:10:08,24.1,35.1,22.125729626006457,19.1
2025-11-26 13:10:09,24.1,58.76987561339803,46.141528058131584,19.16040530568304
2025-11-26 13:10:10,46.47413525684217,47.90964101198652,31.393443236290786,19.2
2025-11-26 13:10:11,25.21713852455172,35.23342686414901,22.35213156355001,19.139795986461063
2025-11-26 13:10:12,24.1,35.13353995818919,22.152304704118517,19.1
2025-11-26 13:10:13,35.97713231798811,35.762808753769946,22.394863289108123,36.57758121261223
2025-11-26 13:10:14,24.58456033806218,35.4380038837951,22.279126802850683,31.50331200069925
2025-11-26 13:10:15,49.18596927589507,35.1,22.126466425591047,19.1
2025-11-26 13:10:16,25.26647393234621,35.1,22.026560683377127,19.1
2025-11-26 13:10:17,24.0,35.03410575608808,22.0,19.159606835294863
2025-11-26 13:10:18,49.99769194411499,61.33663485886551,21.926756765834348,19.02150947027393
2025-11-26 13:10:19,25.311382346542143,50.01620855133173,21.973130316070364,19.01865349255632
2025-11-26 13:10:20,24.0,35.1,22.073015663215855,19.1
2025-11-26 13:10:21,24.0,35.16538630148077,22.245795373093458,19.04093778444828
2025-11-26 13:10:22,24.0,35.13473173378016,22.15439751766444,19.05900101848358
2025-11-26 13:10:23,24.0,35.1,22.1,19.394464865863295
2025-11-26 13:10:24,40.691378120893944,54.96348918197471,22.317724117127337,19.658722745140228
2025-11-26 13:10:26,25.25276958017242,48.958710609499576,22.127614058908303,19.1
2025-11-26 13:10:27,24.1,35.1,22.1,19.1
2025-11-26 13:10:28,24.1,45.25305480468021,48.59396954451687,19.1
2025-11-26 13:10:29,24.1,40.89507288538009,33.15693224856291,19.1
2025-11-26 13:10:30,53.02093907960638,64.52842143872982,44.21459898596673,40.59595419948873
2025-11-26 13:10:31,40.816244283626446,53.31196565720731,56.33057341212725,35.932017916795076
2025-11-26 13:10:32,24.901526339763215,35.171993804464854,32.57626390015037,19.1421432664156
2025-11-26 13:10:33,24.1,35.1,22.128483477626364,19.1
2025-11-26 13:10:34,24.384167606714247,56.61048097774744,22.45684899958701,40.23159189232348
2025-11-26 13:10:35,48.54957573665162,48.51389643580855,22.315051941634863,35.84500187394143
2025-11-26 13:10:36,25.51181910437396,35.24627807423467,22.057744014640853,19.329885158165215
2025-11-26 13:10:37,24.0,35.1,22.142014064414955,19.27064194053402
2025-11-26 13:10:38,24.0,35.1,22.2,19.15722142751854
2025-11-26 13:10:39,24.0,35.1,22.27074944758748,19.14289297161047
2025-11-26 13:10:40,24.0,35.1,22.088090431676093,19.1
2025-11-26 13:10:41,44.76518274771561,35.1,22.282004730860866,19.1
2025-11-26 13:10:42,25.433826432429985,35.1,22.11847146803849,19.1
2025-11-26 13:10:43,45.87048785367181,35.1,22.07027105487708,19.1
2025-11-26 13:10:44,45.70784913793823,34.84981546510132,22.45060267060196,21.63632617915801
2025-11-26 13:10:45,25.555496208182056,34.949527036398486,22.320067140574924,21.40544248249697
2025-11-26 13:10:46,24.1,35.1,22.26985537393264,19.362145040993035
2025-11-26 13:10:47,24.00688267392158,35.1,22.160525256027725,19.043775798262946
2025-11-26 13:10:48,24.09300750429276,35.03798655521906,22.03036633452305,19.0
2025-11-26 13:10:49,24.1,35.061903484954605,22.1391671076153,19.0
2025-11-26 13:10:50,24.1,35.0382057858975,22.060993676035434,19.0
2025-11-26 13:10:51,42.092382182264,55.51552742573287,22.277490810751356,19.05582535049679
2025-11-26 13:10:52,25.61384687783192,48.694674145408456,22.192244666027307,19.1
2025-11-26 13:10:53,48.47764037646276,57.20725319907987,56.215126422957326,19.1
2025-11-26 13:10:54,26.253345091364604,50.13506274550829,39.19085300416384,19.044496440100932
2025-11-26 13:10:55,24.46848313099478,35.40572705490979,45.27622806456261,40.92177894820399
2025-11-26 13:10:56,24.1319714747259,35.29486099121298,33.33323423305929,38.269460805737104
2025-11-26 13:10:57,24.1,35.039070706377856,22.1,19.044840117092576
2025-11-26 13:10:58,24.1,50.588571765434374,22.44233309149905,19.055049275718503
2025-11-26 13:10:59,24.1,45.67172684281823,22.32667397564035,19.1
2025-11-26 13:11:00,24.1,35.039405887016926,22.063557688162657,19.04517307608031
2025-11-26 13:11:01,24.1,35.0,22.2042927931049,19.05472062629856
2025-11-26 13:11:02,44.98491934166377,35.06037819064421,22.36795447149207,19.1
2025-11-26 13:11:03,26.210320619886566,35.1,24.697761213861806,19.154529433002804
2025-11-26 13:11:04,24.1,35.1,23.43621082792539,19.145584577084808
2025-11-26 13:11:05,24.1,35.1,22.097444376699897,19.1
2025-11-26 13:11:06,24.1,35.1,22.06740468257053,19.1
2025-11-26 13:11:07,43.02436358854147,57.66851140186779,62.21888609470471,28.67152221208506
2025-11-26 13:11:08,26.145896638567766,51.5350884010103,44.3761058274041,27.528788816102654
2025-11-26 13:11:09,24.1,35.1,22.1329228285253,19.1
2025-11-26 13:11:10,24.1,35.1,22.033033136165702,19.1
2025-11-26 13:11:11,24.1,35.1,22.20052333644843,19.1
2025-11-26 13:11:12,24.1,35.1,22.166555035398197,19.1
2025-11-26 13:11:13,24.1,35.1,22.1,19.04654032763584
2025-11-26 13:11:14,47.23254875245143,58.870327220029786,22.166491540711547,19.053347169236194
2025-11-26 13:11:15,26.86888504305656,53.029023852370806,22.133628042718016,19.1
2025-11-26 13:11:16,24.1,45.400707714282234,46.418044092334256,19.1
2025-11-26 13:11:17,34.282106900610295,42.98944844281459,35.772717301410054,34.29064878512119
2025-11-26 13:11:18,44.25153643211728,35.390270629052864,22.368000177138978,33.371944957755844
2025-11-26 13:11:19,52.93227258524784,35.1,22.69516783119051,19.05274508267601
2025-11-26 13:11:20,27.350214957105567,35.1,22.439857011170066,19.1
2025-11-26 13:11:21,24.0,35.1,22.26560321765606,19.1
2025-11-26 13:11:22,24.0,35.1,22.169040915947203,19.1
2025-11-26 13:11:23,24.0,35.1,22.1,19.1
2025-11-26 13:11:24,24.0,35.1,22.23047633628427,19.1
2025-11-26 13:11:25,24.0,35.1,22.23488871489926,19.256197048500752
2025-11-26 13:11:26,37.95445087203878,53.14622610558257,22.394905795034862,19.866894370386685
2025-11-26 13:11:27,25.957625713211087,49.268757754454995,22.305491085843936,19.627085079641173
2025-11-26 13:11:28,24.01159878415978,35.1,22.2,19.051701477508956
2025-11-26 13:11:29,24.0,35.67263564111685,42.83491863345232,38.56018669451524
2025-11-26 13:11:30,24.0,35.52834418097504,34.32569606656827,38.90104305210576
2025-11-26 13:11:31,24.0,35.1,22.2,19.1
2025-11-26 13:11:32,24.0,35.1,22.2,19.202428392100988
2025-11-26 13:11:33,46.10427279306278,55.5724309782585,22.45641352350615,19.453195345326655
2025-11-26 13:11:34,27.251045172563412,51.8353155862318,22.47200479867779,19.396314942494797
2025-11-26 13:11:35,41.936562106230255,35.04331470372202,22.208254300482142,26.114551788947608
2025-11-26 13:11:36,26.682316434312114,35.0,22.03617465835977,26.05048847685408
2025-11-26 13:11:37,24.0,35.056475091022364,44.26414682833402,19.150577522233643
2025-11-26 13:11:38,24.0,35.1,35.79516809742849,19.14954033311114
2025-11-26 13:11:39,24.0,35.0437386347262,22.2,19.0496499472706
2025-11-26 13:11:40,24.95616334058856,54.3069698728215,22.263342232575702,37.76781944219296
2025-11-26 13:11:41,80.4466869347136,69.70632972033825,21.730658184580687,39.29068090636383
2025-11-26 13:11:42,33.81543534759425,50.26192713900548,21.336840786892395,19.000333724310412
2025-11-26 13:11:43,39.66366963186274,34.65572504421219,21.363022674391058,36.29245889977996
2025-11-26 13:11:44,47.20182476533185,34.7,21.4,38.26505223204718
2025-11-26 13:11:45,27.347144623582572,34.92147714909127,22.026691927906526,19.402184945785923
2025-11-26 13:11:46,24.0,55.3644246731092,51.64684420652637,19.2
2025-11-26 13:11:47,24.0,52.83051149506534,41.71740250244761,19.150796486182823
2025-11-26 13:11:48,24.0,35.0,22.13776688659396,19.1
2025-11-26 13:11:49,24.0,35.0,22.162115376051744,19.1
2025-11-26 13:11:50,41.0151804026296,35.16448899433216,42.64207218732931,38.476238994674446
2025-11-26 13:11:51,47.03950232403049,35.19057406810659,35.66548597571046,41.43042641416432
2025-11-26 13:11:52,27.465725454939044,35.1,22.38513634794615,19.35727898705601
2025-11-26 13:11:53,24.085546831274232,35.1,22.5,19.1
2025-11-26 13:11:54,24.01455618147729,35.15437864802005,22.56140183757022,19.148312793696252
2025-11-26 13:11:55,24.0,35.14573659398589,22.477496560909167,19.151801386313817
2025-11-26 13:11:56,24.0,35.0458434129645,22.216622396097524,19.148083037003364
2025-11-26 13:11:57,24.0,35.05405131195002,22.2219953366811,19.152033794930333
2025-11-26 13:11:58,24.0,34.830148030332815,21.62979320707442,18.86061611164376
2025-11-26 13:11:59,45.766577428779115,34.922956966096734,21.929247237610124,18.838692078192015
2025-11-26 13:12:00,28.188346762736987,34.87784690780529,21.793511190421377,18.86203151856866
2025-11-26 13:12:01,24.01530291294879,34.6,25.130608875392713,18.88483804386085
2025-11-26 13:12:02,44.79457513427414,56.280030852340445,24.475754680525498,19.2
2025-11-26 13:12:03,28.01257931139607,55.301135929971856,21.858244722870733,18.916669696505455
2025-11-26 13:12:04,24.0,34.64693330185024,21.43991013934544,18.64711668254583
2025-11-26 13:12:05,24.0,34.6,21.3400462730922,18.65303907130873
2025-11-26 13:12:06,24.0,51.50049070641907,21.3,19.06751193337996
2025-11-26 13:12:07,24.0,51.09397447189596,21.9557762692338,19.36720359828887
2025-11-26 13:12:08,24.0,35.1,22.4,19.1
2025-11-26 13:12:09,33.61667145796501,35.46576319638567,22.637058966034715,32.50809690327364
2025-11-26 13:12:10,26.249869086348607,35.64373271447267,43.879980869510135,36.04246412453375
2025-11-26 13:12:11,24.06578898920222,53.504835151245445,57.58319204044767,19.63187849268635
2025-11-26 13:12:12,24.0,53.284233885710336,36.65275130000802,19.154001594193268
2025-11-26 13:12:13,24.0,35.14827243521811,22.22418332374424,19.1
2025-11-26 13:12:14,24.0,35.1,21.982997921550563,19.1
2025-11-26 13:12:15,24.0,35.1,22.07498855196717,19.05433982944057
2025-11-26 13:12:16,24.0,35.04859431677174,44.51804436792776,19.0455517752508
2025-11-26 13:12:17,24.0,34.79469624491891,39.1567954008226,19.054557239320264
2025-11-26 13:12:18,42.54586259586779,34.65121342342072,21.51603251814233,19.09065844519037
2025-11-26 13:12:19,28.062786652256225,34.904107452925224,22.004683207321605,19.2
2025-11-26 13:12:20,24.0,35.04912650291777,22.18470277517796,19.15491835016274
2025-11-26 13:12:21,48.24805010095929,35.05076809932956,22.1,19.189906872448542
2025-11-26 13:12:22,29.5225361491652,35.0493357691442,22.1,19.21034488671315
2025-11-26 13:12:23,24.0,35.0,22.042679393338076,19.14470980829462
2025-11-26 13:12:24,49.46387837526257,35.0,22.457788111718035,19.15541129901849
2025-11-26 13:12:25,29.943654964594582,35.05036214168384,22.40015139239566,19.1
2025-11-26 13:12:26,24.0,35.04974187658521,22.157003616461267,19.1
2025-11-26 13:12:27,24.0,35.0,22.143112258688937,19.1
2025-11-26 13:12:28,24.0,35.0,22.156771799761486,19.1
2025-11-26 13:12:29,24.0,35.0,22.143343950015385,19.143998049346393
2025-11-26 13:12:30,44.65692462410483,48.48558748109824,22.156537564169057,19.156125780148827
2025-11-26 13:12:31,28.9611781679464,49.42608797608018,22.256409556141712,19.143753333803243
2025-11-26 13:12:32,24.0,35.05042533448229,22.18742580310069,19.2
2025-11-26 13:12:33,24.0,35.0,22.1,19.156488868832373
2025-11-26 13:12:34,24.0,35.0,22.1,19.1
2025-11-26 13:12:35,52.22677093872206,35.393884990877844,22.21185278639728,19.229793520647934
2025-11-26 13:12:36,45.691080918016496,51.7478150982637,22.244202195032564,19.57241161843027
2025-11-26 13:12:37,27.49059996554554,53.17685414345952,22.2,19.49937286099784
2025-11-26 13:12:38,24.0,35.0,22.144441480747613,19.1
2025-11-26 13:12:39,24.0,52.53268723866979,59.77676395551178,19.057284745894307
2025-11-26 13:12:40,24.0,55.28364141375947,74.40295037072434,35.11217610667087
2025-11-26 13:12:41,40.13409923321318,35.4608670294888,36.816498758724016,58.64678168764629
2025-11-26 13:12:42,65.4114392178452,35.1,22.26507748092884,43.22197600498057
2025-11-26 13:12:43,34.0121781267021,35.05176760489412,22.29017094556656,19.15777549956063
2025-11-26 13:12:44,24.0,35.0,22.2,19.1
2025-11-26 13:12:45,24.0,35.0,22.09055323584598,19.1
2025-11-26 13:12:46,24.0,35.0,22.10923061499889,19.1
2025-11-26 13:12:47,24.0,35.0,22.145493039032814,19.1
2025-11-26 13:12:48,39.311373378627195,35.04772160339904,22.31755210172327,19.1
2025-11-26 13:12:49,28.09824160339278,35.1,22.44572629611218,19.1
2025-11-26 13:12:50,24.0,35.05249276556624,22.2374396959851,19.14139359193737
2025-11-26 13:12:51,24.0,35.0,22.1,19.2
2025-11-26 13:12:52,42.78483022221726,51.21825367615769,45.34920156412067,33.57501198984557
2025-11-26 13:12:53,29.94009987924675,54.4392286853982,43.88448809571305,41.35523010144259
2025-11-26 13:12:54,52.49965663249067,49.63559937311469,22.36124879555378,32.94563024001528
2025-11-26 13:12:55,32.21295045022764,52.592996597208376,22.285394691760015,40.560114775069295
2025-11-26 13:12:56,43.554504983989034,53.40721996547451,22.1,19.24064113394394
2025-11-26 13:12:57,29.706776460956252,57.7267094945331,22.206903580208373,19.259491265032125
2025-11-26 13:12:58,24.1,51.65498704163397,39.83569758201107,19.2
2025-11-26 13:12:59,24.021735107397745,55.67540299933745,38.76940771876194,19.159739516878393
2025-11-26 13:13:00,24.078154075070422,35.05365572545611,22.193778272970416,19.140141441072014
2025-11-26 13:13:01,24.02195114980308,35.0,22.1,19.15997713844813
2025-11-26 13:13:02,31.48799145544099,35.1384009341782,22.311560512260964,30.79865356368954
2025-11-26 13:13:03,26.17570688261211,35.16194647394339,22.341652013134457,37.85171122964457
2025-11-26 13:13:04,24.0,35.0,22.252684781759676,19.139649901334877
2025-11-26 13:13:05,24.0,35.0,22.24741882180708,19.160471522314555
2025-11-26 13:13:06,24.0,35.0,22.252479280092004,19.1
2025-11-26 13:13:07,24.077355129371806,35.0,22.19523866013873,19.1
2025-11-26 13:13:08,24.02274945845624,35.0,22.15227552041202,19.1
2025-11-26 13:13:09,24.0,35.0,22.2521630400455,19.1
2025-11-26 13:13:10,24.615879421094455,35.49775869632867,39.70942087835997,19.333501953618633
2025-11-26 13:13:11,24.18509537544032,35.60354331816242,39.43347516405237,19.46743400614554
2025-11-26 13:13:12,24.0,35.0,22.1,19.1
2025-11-26 13:13:13,24.0,35.0,22.1,19.90769626294192
2025-11-26 13:13:14,43.18261766351253,35.04483798571393,41.74430472401818,20.433794169277217
2025-11-26 13:13:15,30.223925155520902,35.055323977261146,42.16386345321779,19.16168539272327
2025-11-26 13:13:16,24.0,35.0,22.14864350719808,19.1
2025-11-26 13:13:17,41.71073670222233,35.0,22.2024943401366,19.17620767855828
2025-11-26 13:13:18,29.845599072280276,35.044367674568974,22.3,19.223949969447684
2025-11-26 13:13:19,24.0,35.05573893485876,22.24897481863587,19.1
2025-11-26 13:13:20,24.0,50.098555886172264,22.250922438131617,19.1
2025-11-26 13:13:21,24.0,55.535399293570535,22.198351024663047,19.1
2025-11-26 13:13:22,24.0,35.0,22.150723075992516,19.1
2025-11-26 13:13:23,24.0,35.0,22.25060477293391,19.137438742474075
2025-11-26 13:13:24,47.16539953450497,35.04371265314132,22.40096665280008,19.2
2025-11-26 13:13:25,32.1057482932335,35.1,22.399241679087776,19.2
2025-11-26 13:13:26,24.0,35.1,22.249706920450585,19.16293359566252
2025-11-26 13:13:27,24.0,35.056611606860024,22.25019226917637,19.1
2025-11-26 13:13:28,24.0,35.0,22.249912704091404,19.1
2025-11-26 13:13:29,24.0,35.04318270913963,22.249981900857662,19.1
2025-11-26 13:13:30,24.0,35.05692175340845,22.25012165902174,19.1
2025-11-26 13:13:31,24.0,35.04297363847701,22.249771608380883,19.13647522988035
2025-11-26 13:13:32,38.540889673372334,35.18571146248353,22.448939792520687,30.573776518408017
2025-11-26 13:13:33,29.205233663102874,35.214530900977735,22.451462454733544,40.48986937719242
2025-11-26 13:13:34,41.82384502179375,35.1,22.2506035555672,19.2
2025-11-26 13:13:35,30.524281335978177,35.0574773958968,22.15069646448815,19.2
2025-11-26 13:13:36,44.79290735995752,37.404265319674586,22.1,19.16417738851304
2025-11-26 13:13:37,45.15136969841015,51.984815202675634,22.24725979955984,19.421034528291788
2025-11-26 13:13:38,38.92171071987784,66.55120830575927,22.35102552705559,19.75128295347841
2025-11-26 13:13:39,44.778185244692665,52.061888170146034,39.23375239387646,19.264521620523023
2025-11-26 13:13:40,30.42667927840078,35.1,41.293329255618616,19.2
2025-11-26 13:13:41,39.08060887682444,35.18344855601384,22.14862762719428,32.228828829242
2025-11-26 13:13:42,29.74253822029575,35.216788751608824,22.2,45.08705160594346
2025-11-26 13:13:43,87.42514320705077,47.14866485298444,39.68883586332012,26.187020763279207
2025-11-26 13:13:44,63.48677333532248,64.57743036274903,42.46224350800409,33.017439343036635
2025-11-26 13:13:45,28.02293860439456,52.54573134293251,22.303866696859796,19.396202927726964
2025-11-26 13:13:46,24.0,35.1,22.10409759557456,19.16552136106941
2025-11-26 13:13:47,24.0,35.0590914417266,22.04784208083472,19.1
2025-11-26 13:13:48,24.0,35.04080390441593,22.1,19.1
2025-11-26 13:13:49,24.07240396609445,35.1,22.147608282575256,19.134127025325437
2025-11-26 13:13:50,24.1,35.1,22.15251402767862,19.165994820829468
2025-11-26 13:13:51,24.1,35.2214107752814,38.73756434012765,19.1
2025-11-26 13:13:52,24.1,35.44032896173016,42.17070016613408,19.16752441433222
2025-11-26 13:13:53,25.321120931694356,58.63702152139832,22.58816221735862,29.34827327171248
2025-11-26 13:13:54,42.51820104100784,76.17250330905222,22.65939889876582,40.39864313129144
2025-11-26 13:13:55,31.484460890789688,37.97774999964135,22.453282353075625,19.2
2025-11-26 13:13:56,24.0,35.2,22.353417662021872,19.16672251104921
2025-11-26 13:13:57,24.0,35.2,22.34644558518725,19.133159074202528
2025-11-26 13:13:58,24.0,35.12097163261107,40.50950497042909,29.631859236627555
2025-11-26 13:13:59,24.07126146071397,35.07881132323496,45.2715881020549,41.837915329604726
2025-11-26 13:14:00,42.47279219825559,35.1607103239791,22.453912244750732,19.267259332952182
2025-11-26 13:14:01,32.06128170150348,35.413166309956054,38.75181388171974,19.2
2025-11-26 13:14:02,24.12912070678962,35.6271276621077,43.16046419864432,19.2
2025-11-26 13:14:03,24.1,50.04300662666489,38.86781879310146,19.232408524048857
2025-11-26 13:14:04,24.1,60.52208388603244,43.61395437882679,19.267723500904
2025-11-26 13:14:05,24.382026522433133,35.315712507519244,37.53443577258827,19.553252084636096
2025-11-26 13:14:06,24.21846322092783,35.346277360477075,41.883815875939305,19.980559432025572
2025-11-26 13:14:07,24.1,35.1,22.3,19.26811593133082
2025-11-26 13:14:08,24.1,35.1,22.3,19.2
2025-11-26 13:14:09,24.1,35.1,22.3,19.2
2025-11-26 13:14:10,31.230657171750032,35.47941255194089,22.389261730107364,28.378999821522203
2025-11-26 13:14:11,27.241959855386828,35.72192782205541,22.366516430918704,40.44909967109244
2025-11-26 13:14:12,24.1,35.1,22.24437038296397,19.268740200059863
2025-11-26 13:14:13,24.1,35.1,22.3,19.2
2025-11-26 13:14:14,24.1,48.49287752487237,22.34410384455694,19.2
2025-11-26 13:14:15,24.1,59.14217741381041,22.312068096811466,19.2
2025-11-26 13:14:16,24.1,35.1,22.2,19.2
2025-11-26 13:14:17,39.64321850752759,35.1,22.243708491486515,19.230623426896695
2025-11-26 13:14:18,52.855141622344505,35.13708040102521,22.64829155029428,19.23901014205159
2025-11-26 13:14:19,34.29133530344834,35.16303813095249,22.83965259961691,19.13039052957269
2025-11-26 13:14:20,24.1,35.1,22.4566975545995,19.2
2025-11-26 13:14:21,24.1,35.1,22.3568321226594,19.2
2025-11-26 13:14:22,24.1,35.1,22.343031526281106,19.2
2025-11-26 13:14:23,24.1,35.1,22.357109523476183,19.2
2025-11-26 13:14:24,24.1,35.1,22.3,19.2
2025-11-26 13:14:25,41.50924024778852,35.1,22.3,19.22967649943134
2025-11-26 13:14:26,49.18550869029684,49.148388598751865,22.257510481277997,19.270458757585217
2025-11-26 13:14:27,32.15808167997027,62.05592072772498,22.242362553197975,19.2
2025-11-26 13:14:28,24.1,35.16409442492024,22.342229731901437,19.2
2025-11-26 13:14:29,43.044335490549464,36.809800174058466,22.357908050350375,19.2
2025-11-26 13:14:30,43.3906283805973,38.203721964280504,22.341954332764008,19.2
2025-11-26 13:14:31,45.18550132212734,35.1,22.4,31.62625250144771
2025-11-26 13:14:32,33.29427151562646,35.1,22.4,52.69905972611537
2025-11-26 13:14:33,36.258777365479915,46.726394944630606,22.4415157138453,19.38598363603861
2025-11-26 13:14:34,30.108003232689704,57.99541740893024,36.8362978032378,19.457308375644804
2025-11-26 13:14:35,35.83048278727684,35.1,44.3069009095294,20.911467596077376
2025-11-26 13:14:36,30.187452081703924,35.1,22.25890105808074,23.77062612902121
2025-11-26 13:14:37,24.1,35.1,22.24097139628394,19.271800845222625
2025-11-26 13:14:38,24.1,35.1,22.340835640285043,19.2
2025-11-26 13:14:39,24.1,35.1,22.4,19.2
2025-11-26 13:14:40,24.1,35.1,22.318882459674537,19.2
2025-11-26 13:14:41,24.1,35.0656449155138,22.2,19.2
2025-11-26 13:14:42,24.1,35.0,22.15968380190241,19.25516707773471
2025-11-26 13:14:43,24.1,35.0341649832981,22.220565121778588,19.345112982121265
2025-11-26 13:14:44,38.43552615547899,35.1,21.959037587498003,19.2
2025-11-26 13:14:45,31.94916688379523,35.06604980511199,21.25998364092911,19.2
2025-11-26 13:14:46,24.1,35.0,21.59854180187004,19.172925734657596
2025-11-26 13:14:47,78.02235494171879,66.24521752590536,21.92210049940404,19.1
2025-11-26 13:14:48,58.45884104435043,121.44550244172736,35.60070647801223,19.12684105275617
2025-11-26 13:14:49,24.29515794059981,62.86123623043167,58.32836013036316,19.760072988936887
2025-11-26 13:14:50,24.205203947561134,35.46712800327679,44.521936340021,20.744633544706105
2025-11-26 13:14:51,24.1,34.73276725347128,21.260729911294195,19.2
2025-11-26 13:14:52,24.1,34.86784201600656,21.2,19.17364671706539
2025-11-26 13:14:53,24.1,46.84633325853704,34.98011777211167,19.126237661838836
2025-11-26 13:14:54,40.3799799013686,61.577894323313714,44.45592570739426,19.06936675737063
2025-11-26 13:14:55,33.55535321649678,34.6,21.261290184317147,18.804053793002375
2025-11-26 13:14:56,24.1,34.6,21.23858358424501,19.1
2025-11-26 13:14:57,39.3437695395059,37.00897447074843,21.26154224593124,18.997132888725396
2025-11-26 13:14:58,33.03433555284217,39.722087906075856,21.23833303886884,18.802433961218295
2025-11-26 13:14:59,24.1,34.632087913866464,21.338197953863,19.15082536682375
2025-11-26 13:15:00,24.1,34.66808027335405,21.32387798333703,19.325279728129757
2025-11-26 13:15:01,24.546140332297707,34.6,21.237934470587337,19.223905490387143
2025-11-26 13:15:02,24.8,34.820993773601735,33.87243515873364,18.674938198377376
2025-11-26 13:15:03,24.356142021658897,35.11150840437014,58.07965447806556,19.07210635450011
2025-11-26 13:15:04,24.1,34.7,48.319926017323866,20.180535380077092
2025-11-26 13:15:05,24.1,34.66880403065503,21.512019132360404,19.22452237746919
2025-11-26 13:15:06,24.1,34.6,21.662804472270295,19.25120845896269
2025-11-26 13:15:07,24.1,34.72344748066415,21.748315942091093,19.1
2025-11-26 13:15:08,24.1,35.0,22.0,19.1
2025-11-26 13:15:09,30.373088005431825,35.336376070232134,22.110630801417248,26.038639688926903
2025-11-26 13:15:10,27.914223574693292,35.79512236695712,22.26318031326518,42.38420666416668
2025-11-26 13:15:11,41.24218748697119,34.94768345499966,21.75885853370781,18.981142609903085
2025-11-26 13:15:12,35.01716364812419,34.56962368381461,21.0,18.6
2025-11-26 13:15:13,24.1,34.5,21.0,18.6
2025-11-26 13:15:14,24.1,34.5,21.0,18.6
2025-11-26 13:15:15,24.1,45.03520486539229,21.0365175378601,18.6
2025-11-26 13:15:16,24.1,61.24075751822159,21.42736477804239,18.71508397405671
2025-11-26 13:15:17,38.58639743246857,35.02962788927514,21.855092607594266,19.1
2025-11-26 13:15:18,46.97126835348445,35.1,21.852866618619142,19.1
2025-11-26 13:15:19,32.784072694297606,35.1,22.264017703739857,19.1
2025-11-26 13:15:20,24.1,35.12929918998819,23.23766344364743,19.122473263095333
2025-11-26 13:15:21,42.71872495230055,35.17081727268095,24.06793397761647,19.267022201209937
2025-11-26 13:15:22,37.1223027284827,35.187182313180756,22.55625113464376,23.21174399649182
2025-11-26 13:15:23,24.41174121985914,35.28426671290219,22.774092115439448,32.885363393196094
2025-11-26 13:15:24,24.1,35.0,22.035451288282545,19.122005354718553
2025-11-26 13:15:25,24.1,35.0,22.1,19.178111624676944
2025-11-26 13:15:26,24.1,35.0,22.06475733411843,19.121774501955223
2025-11-26 13:15:27,24.039404437625382,35.0285073919864,22.035175296284308,19.2
2025-11-26 13:15:28,39.846013642753384,35.12839448462034,22.1,19.17847429385588
2025-11-26 13:15:29,53.42543150557543,35.17172265186186,22.1,29.255444519050172
2025-11-26 13:15:30,36.867014215144,35.1,22.1,60.36744646094683
2025-11-26 13:15:31,24.0,35.1,22.1,19.178812368671213
2025-11-26 13:15:32,40.95328115290663,38.60434846306755,22.169407513563023,19.1
2025-11-26 13:15:33,36.09618354216633,44.38579845913467,22.23080635037096,19.1
2025-11-26 13:15:34,24.1,35.07234797864164,34.121707990614425,19.1
2025-11-26 13:15:35,24.1,35.0,46.63983461804526,19.1
2025-11-26 13:15:36,45.05696155300689,44.02376319681717,22.034277424337724,19.34714460926683
2025-11-26 13:15:37,39.49236823239183,60.57385163279369,22.1,20.054333562412353
2025-11-26 13:15:38,24.1,35.0,22.06594073088524,19.12043330515437
2025-11-26 13:15:39,24.1,35.0,22.06783630071356,19.17968579689464
2025-11-26 13:15:40,24.1,35.027020409504715,22.23372553949777,19.120197105565634
2025-11-26 13:15:41,24.1,35.073088621577355,22.232802105542408,19.179926122070764
2025-11-26 13:15:42,24.1,35.02680296539029,22.2004180547266,19.11995868408206
2025-11-26 13:15:43,24.1,35.1,22.4,19.2
2025-11-26 13:15:44,24.1,35.0734226913336,22.33361260075165,19.18028036190233
2025-11-26 13:15:45,24.1,35.02646936876627,22.233067110757226,19.1
2025-11-26 13:15:46,24.1,35.1,22.267060546421543,19.119486612745217
2025-11-26 13:15:47,24.1,35.1,22.2,19.2
2025-11-26 13:15:48,24.448586004082287,44.836967456845706,45.06656925757573,19.2
2025-11-26 13:15:49,24.35224937177433,74.15363056888964,87.26093372477777,19.180877946528465
2025-11-26 13:15:50,24.1,66.21968340160682,47.62350454303687,19.1
2025-11-26 13:15:51,24.1,35.0,22.06770521484272,19.1
2025-11-26 13:15:52,24.1,35.0,22.032185718473613,19.1
2025-11-26 13:15:53,24.1,35.0,22.1,19.11865458556001
2025-11-26 13:15:54,38.10112642205557,35.30433959732693,21.812099742862944,19.144410091309997
2025-11-26 13:15:55,35.627024959686366,35.92290802738888,21.582714486110007,18.955236257446824
2025-11-26 13:15:56,24.528680405735606,35.1,22.3366234317953,19.181793119609736
2025-11-26 13:15:57,24.042934043386776,35.20011888681566,22.2,19.24464161126208
2025-11-26 13:15:58,24.056957894350777,35.40044218987229,22.2,19.756782624683368
2025-11-26 13:15:59,24.1,35.1,22.23131047514373,19.1
2025-11-26 13:16:00,24.1,35.1,22.268809741078424,19.1
2025-11-26 13:16:01,24.1,35.07543446361633,22.16890283510072,19.1
2025-11-26 13:16:02,24.1,43.68290412480815,22.19296921072988,19.1
2025-11-26 13:16:03,29.472112268402487,63.97019101191311,22.369135398997603,23.80770990270704
2025-11-26 13:16:04,28.33101714074792,35.22753727742271,22.23845247938166,42.855513940927594
2025-11-26 13:16:05,37.43523184221742,44.60613361158504,22.16134670633801,19.1
2025-11-26 13:16:06,35.037700823522236,68.01336944163107,33.62841246996898,19.185014273061658
2025-11-26 13:16:07,50.950912718747304,35.02378965742651,50.23259247850261,19.532623310270207
2025-11-26 13:16:08,48.10541335262595,35.1,22.53934475085291,19.183277367760496
2025-11-26 13:16:09,24.543444461661323,35.1,22.4,19.1
2025-11-26 13:16:10,24.1,35.1,22.36990115679942,19.1
2025-11-26 13:16:11,24.1,35.07666034960044,22.23997884767467,19.1
2025-11-26 13:16:12,24.1,35.0,22.1,19.083728678092335
2025-11-26 13:16:13,24.1,35.0,22.1,19.0
2025-11-26 13:16:14,24.1,42.83111037075248,22.248462925601245,25.025809819271434
2025-11-26 13:16:15,24.1,63.14025362208858,24.71196968275104,53.12104217644053
2025-11-26 13:16:16,24.1,35.1,27.604352510524215,19.1
2025-11-26 13:16:17,24.1,35.07730910246254,22.2,19.1
2025-11-26 13:16:18,24.1,35.0,22.2,19.1
2025-11-26 13:16:19,24.1,35.0,22.229058604674645,19.1
2025-11-26 13:16:20,36.50575194423395,35.02238329791891,22.357888888015804,19.11539464635092
2025-11-26 13:16:21,49.26618900408205,35.122272235098514,22.47117303449151,19.18472263470652
2025-11-26 13:16:22,40.48139110992296,35.17784475876366,22.4,19.115167734508987
2025-11-26 13:16:23,27.287102746806028,35.1,22.4,19.2
2025-11-26 13:16:24,37.37940648451351,43.601021782036774,22.371477455174844,19.185037760713712
2025-11-26 13:16:25,36.016633883102266,67.90517153773632,22.271576717575343,19.1
2025-11-26 13:16:26,24.1,35.0,22.1716691125486,19.1
2025-11-26 13:16:27,40.592033467916,35.0,22.35387590480134,19.1
2025-11-26 13:16:28,48.70162098933707,41.83057659069722,22.859744792104763,19.201446885191597
2025-11-26 13:16:29,41.590455956898495,61.71342674264957,22.5,24.94569340660828
2025-11-26 13:16:30,43.29916208133418,35.25760131643496,22.472117410355132,52.977883047870385
2025-11-26 13:16:31,34.219168199595906,35.1,22.372222089894095,19.014097925119895
2025-11-26 13:16:32,24.1,35.1,22.3,19.11398298425205
2025-11-26 13:16:33,48.4889309476813,37.960251658183246,22.41025163717603,22.98853281513461
2025-11-26 13:16:34,48.158269668925065,46.29086273011506,22.645131334748474,44.14101398609965
2025-11-26 13:16:35,24.1,35.17936327430351,22.47265458098407,19.186395173439628
2025-11-26 13:16:36,24.1,35.1,22.345492769149004,19.1
2025-11-26 13:16:37,39.09981250873263,35.1,22.25431973823419,19.1
2025-11-26 13:16:38,38.62671138164323,35.1,22.4,19.1
2025-11-26 13:16:39,24.1,35.1,31.580379383975355,19.1
2025-11-26 13:16:40,24.1,35.1,49.19292861284155,19.1
2025-11-26 13:16:41,24.1,35.1,22.45321468822336,19.112914193754104
2025-11-26 13:16:42,24.1,35.1,22.5471090403479,19.18720515203141
2025-11-26 13:16:43,24.1,35.1,22.110393133434275,19.1
2025-11-26 13:16:44,24.1,35.1,21.61483261052994,19.112562108521345
2025-11-26 13:16:45,24.1,35.1,22.421949631650307,19.18755624163356
2025-11-26 13:16:46,24.561257457361524,35.11940423932917,22.225889367542077,19.08766899089054
2025-11-26 13:16:47,24.53969124820222,35.180716375797466,22.325751623592662,19.012222537631622
2025-11-26 13:16:48,24.1,35.1,22.4,19.1
2025-11-26 13:16:49,24.1,42.378080668301166,31.41390659551508,19.111992344536805
2025-11-26 13:16:50,24.1,68.61008440284577,50.84983295963294,19.18812773394366
2025-11-26 13:16:51,24.1,35.1,22.349589748791676,19.1
2025-11-26 13:16:52,24.1,41.95040795706701,30.58727500252602,19.053411065268712
2025-11-26 13:16:53,24.1,67.28003830048294,48.893244402841454,18.688428803733636
2025-11-26 13:16:54,24.1,34.74765265664059,29.844243908214843,18.622802723393807
2025-11-26 13:16:55,36.12913628477065,35.50934290782293,49.32131411946917,18.83364481845921
2025-11-26 13:16:56,36.61608198122181,35.83749689189121,22.275575647515645,19.1
2025-11-26 13:16:57,24.1,35.00981461780484,22.005414665081364,19.1
2025-11-26 13:16:58,24.1,34.6,21.37574067852584,19.1
2025-11-26 13:16:59,28.78734844444046,35.696588719234015,28.780692830373944,21.536337805781784
2025-11-26 13:17:00,28.92709302286461,39.80642755618917,46.60505696538822,40.32647020252077
2025-11-26 13:17:01,24.1,35.01744587655394,22.1713118178812,19.1
2025-11-26 13:17:02,35.91941273807288,41.73327452682599,22.187173159452076,19.04804490078331
2025-11-26 13:17:03,36.83608636912519,74.25328722054897,21.476425281237532,18.6
2025-11-26 13:17:04,36.5078344392014,65.72840264546491,21.4,18.6613100356901
2025-11-26 13:17:05,37.65018291517049,35.2,21.65585782287623,19.189994396667817
2025-11-26 13:17:06,24.1,35.18322230160999,31.166047651045,19.1
2025-11-26 13:17:07,37.2579281597928,35.11667156914,53.6567820496352,19.10977214070953
2025-11-26 13:17:08,38.72206642350024,35.1834322061648,21.377177486481184,19.190347201532923
2025-11-26 13:17:09,24.1,35.11645150382207,21.322683513709823,19.10953960693001
2025-11-26 13:17:10,24.1,35.18366594751161,21.625169111643295,19.190571971540365
2025-11-26 13:17:11,24.1,35.00254137449813,22.109769134023743,19.118758232119337
2025-11-26 13:17:12,24.1,34.51622124312989,21.144564559531016,19.235252518826723
2025-11-26 13:17:13,24.196141923683257,34.760417484567974,28.74782687928784,18.6
2025-11-26 13:17:14,24.20410248483964,35.44190290346099,49.43620317257941,18.6
2025-11-26 13:17:15,24.1,34.6,21.35621916349491,18.6441926818725
2025-11-26 13:17:16,24.1,34.6,21.24352441274906,19.05681716377014
2025-11-26 13:17:17,24.1,34.61540835324366,21.4,18.642798516916645
2025-11-26 13:17:18,36.94938647150909,40.30783366377674,21.528789421013784,23.364007828531655
2025-11-26 13:17:19,39.34163314837106,70.39267739123899,21.808274077475335,71.2742417258089
2025-11-26 13:17:20,39.02936334679334,48.86376144044984,21.07872119360409,19.1
2025-11-26 13:17:21,51.873736898537715,34.5,21.02118126306865,19.1
2025-11-26 13:17:22,36.153686085297686,34.5,21.1,19.092175995213868
2025-11-26 13:17:23,61.908003196514485,34.5,21.1,19.007716073490133
2025-11-26 13:17:24,78.66509411001346,34.514347220156026,21.16252193907627,19.1
2025-11-26 13:17:25,27.87074441129725,34.64253654306616,21.524121896770552,19.1
2025-11-26 13:17:26,24.1,34.84402172890905,21.79492002127336,19.06312841974347
2025-11-26 13:17:27,33.97461213511848,34.5,21.0,18.636479708542023
2025-11-26 13:17:28,44.046068988062295,34.5,27.939362360391833,19.94025049610003
2025-11-26 13:17:29,42.09736096335396,34.56773452779275,50.61280233777579,32.352763622766524
2025-11-26 13:17:30,43.25794233800791,39.63835768709586,22.46194199062418,52.128513049927456
2025-11-26 13:17:31,35.1951489821652,67.2628479198098,21.1,20.214056251516865
2025-11-26 13:17:32,24.1,34.4,21.1,18.96698656100638
2025-11-26 13:17:33,24.1,34.4,21.041085693458825,18.493457967731928
2025-11-26 13:17:34,24.1,34.41278109233155,20.85858643007321,18.406393930261707
2025-11-26 13:17:35,24.1,34.51262893064394,21.11933569007919,18.5
2025-11-26 13:17:36,24.1,34.6,21.18078689552174,18.493911703451737
2025-11-26 13:17:37,24.1,34.6,21.1,18.411883078765868
2025-11-26 13:17:38,24.1,34.6,21.1,18.5884334812686
2025-11-26 13:17:39,24.1,34.6,21.137751288408182,18.411270301722155
2025-11-26 13:17:40,24.1,38.72558277007623,28.371390407476376,18.6
2025-11-26 13:17:41,24.589345962652537,67.66886861853723,54.45673874273977,18.6
2025-11-26 13:17:42,24.71174215217487,39.016123577771374,27.772055177382917,18.594852823379725
2025-11-26 13:17:43,24.1,72.1953559292498,53.24881602666391,18.495009514268784
2025-11-26 13:17:44,36.696974945535786,34.52248813929006,21.15482820781044,18.414523279722975
2025-11-26 13:17:45,40.964824674483765,34.73320923479655,21.526812758700014,18.714006206960715
2025-11-26 13:17:46,24.1,35.0,22.1179157919202,19.00447272962819
2025-11-26 13:17:47,24.1,34.946100325780094,23.99694122472649,19.07819816243289
2025-11-26 13:17:48,24.1,34.54286192949741,36.398703319056146,18.6
2025-11-26 13:17:49,24.1,34.921052599020356,51.85601052018789,18.620708300878228
2025-11-26 13:17:50,24.1,35.08966843825429,21.665051760366655,19.1
2025-11-26 13:17:51,24.1,35.0,21.4133621381555,19.096175297039856
2025-11-26 13:17:52,24.1,35.0,21.017218274624224,19.0
2025-11-26 13:17:53,24.1,35.0,21.27085310932047,19.010846622950726
2025-11-26 13:17:54,34.65420306130841,35.0794229115683,22.167520713821364,19.293045052168303
2025-11-26 13:17:55,50.57153027039252,35.72196419503616,22.433084528420867,19.1
2025-11-26 13:17:56,40.86674405807001,35.0,22.1,19.1
2025-11-26 13:17:57,24.1,35.0,22.08350077145387,19.1
2025-11-26 13:17:58,24.1,35.0,22.0,19.1
2025-11-26 13:17:59,24.1,35.00925003503531,22.04885670715375,19.1
2025-11-26 13:18:00,44.201899484532575,38.64921225492586,22.3,19.1
2025-11-26 13:18:01,58.378383774291535,73.84362467242768,22.28398115323333,19.86209190625008
2025-11-26 13:18:02,29.83680404225275,35.273806236392616,22.184100324447694,48.30477072271832
2025-11-26 13:18:03,24.1,35.0,22.1,19.097548996374854
2025-11-26 13:18:04,34.56449258218522,35.0,22.131332779683067,19.00234531463356
2025-11-26 13:18:05,39.49916286115703,35.0,22.268931044140288,19.1
2025-11-26 13:18:06,24.1,35.00832402307816,22.130839580295568,19.1
2025-11-26 13:18:07,24.1,35.09178192798719,22.269419979732813,19.101996961931754
2025-11-26 13:18:08,25.824941623776805,37.86655704110246,26.592705877241695,19.398667887426175
2025-11-26 13:18:09,26.87049309699567,69.96547442605868,53.23306348595614,29.82322726147663
2025-11-26 13:18:10,24.51344456295236,35.468750122057926,53.73628480805915,19.198409345884752
2025-11-26 13:18:11,24.1,35.1,22.385321821335133,19.10147503864104
2025-11-26 13:18:12,24.1,35.09240182050683,22.28545436275538,19.19864977918229
2025-11-26 13:18:13,24.1,35.00749537122821,22.228833283850843,19.1
2025-11-26 13:18:14,24.1,35.1,27.798776457177834,19.10112241439956
2025-11-26 13:18:15,24.1,35.1,57.515671416211354,19.198991215703906
2025-11-26 13:18:16,24.1,35.09282225015755,22.286024067465487,19.1
2025-11-26 13:18:17,24.1,35.0,22.186143491435686,19.1
2025-11-26 13:18:18,31.30114287384817,35.006975625370345,22.141215808770752,19.180565365785117
2025-11-26 13:18:19,35.294468120709745,35.1,22.38640733724587,31.323137358094257
2025-11-26 13:18:20,24.1,35.09324188336473,22.286538006359752,19.19955313842564
2025-11-26 13:18:21,31.73240317490051,37.28266535675231,22.186661664194403,19.10098432240523
2025-11-26 13:18:22,36.18166890131683,69.39172794462473,22.08677811173722,19.399454698595893
2025-11-26 13:18:23,32.47218564549894,35.0,22.026227173707007,19.1
2025-11-26 13:18:24,46.05960785283684,35.00631344898098,22.238968388201783,19.1
2025-11-26 13:18:25,45.093058253599125,35.13100940338884,22.615412904261586,19.1
2025-11-26 13:18:26,41.545472495564574,37.40461161960016,23.261301455974348,55.719465670657726
2025-11-26 13:18:27,42.11791025579189,66.5784538924275,26.630258520523608,20.441848294583103
2025-11-26 13:18:28,38.087056888958585,72.00618368794974,54.70818940527081,20.10097327900244
2025-11-26 13:18:29,24.1,35.094379947707154,22.2,19.20460070340368
2025-11-26 13:18:30,36.41959516578009,35.005515948593164,22.224428486298457,19.001241840183095
2025-11-26 13:18:31,45.20851088143771,35.1,22.37585225175627,19.19851143758477
2025-11-26 13:18:32,24.1,35.094698337550135,22.18804945895634,19.10085932045004
2025-11-26 13:18:33,24.1,35.0,22.111833604844964,19.1
2025-11-26 13:18:34,24.1,35.399515522149485,26.74859899653174,19.00099592167927
2025-11-26 13:18:35,34.469563582703614,43.04669187526605,59.331528174952794,19.09888847849316
2025-11-26 13:18:36,42.075305892632166,45.97659155636451,21.21525073224861,19.1
2025-11-26 13:18:37,24.06228582465946,35.0,21.975285521453028,19.1
2025-11-26 13:18:38,24.03760792866979,35.0,21.06787963587596,19.1
2025-11-26 13:18:39,24.1,35.0,21.6,19.1
2025-11-26 13:18:40,24.1,35.0,21.578006899850276,19.1
2025-11-26 13:18:41,24.1,35.00426572104154,21.421700144581937,19.1
2025-11-26 13:18:42,24.1,35.09583890670462,21.557229783499153,19.1
2025-11-26 13:18:43,24.1,35.0,21.17886264333664,19.1
2025-11-26 13:18:44,24.1,35.00395947662668,21.0,19.1
2025-11-26 13:18:45,24.1,35.096146509384056,21.04141424529748,19.1
2025-11-26 13:18:46,27.123447373517426,36.47790225339744,25.240393093541,19.1
2025-11-26 13:18:47,29.40613769580014,75.82568712456438,57.97722547483686,44.74046790400932
2025-11-26 13:18:48,24.1,35.07868665422806,21.45647652017179,19.791409591904536
2025-11-26 13:18:49,24.1,34.52792911963292,24.510479731972847,18.612734861863064
2025-11-26 13:18:50,24.1,35.3,22.6905116608985,19.28053731502324
2025-11-26 13:18:51,34.38683717094836,35.3,22.6,19.397171975518063
2025-11-26 13:18:52,43.41361959338238,35.3,22.590844858195283,19.4
2025-11-26 13:18:53,24.1,35.3,22.508997087501584,19.4
2025-11-26 13:18:54,24.1,35.3,22.617662914524168,19.30295342318576
2025-11-26 13:18:55,24.1,35.30522342011895,25.80619875574651,19.3970040716428
2025-11-26 13:18:56,32.904676874540144,35.675824595555234,58.58978162398443,19.59387740563254
2025-11-26 13:18:57,40.9310665164618,42.58153418723691,52.812887361570745,23.5555207510001
2025-11-26 13:18:58,43.252738454719236,35.3021637468948,22.624460387630386,19.63470899377228
2025-11-26 13:18:59,63.58456991182179,35.397976814752305,22.891974487522308,19.40324198743459
2025-11-26 13:19:00,33.17446897848912,35.3,22.79207577235424,19.4
2025-11-26 13:19:01,41.89232390509165,35.347287285414154,22.72347315035558,19.4
2025-11-26 13:19:02,24.1,37.96325931859248,22.976921740924514,19.4
2025-11-26 13:19:03,24.1,35.29847577513796,22.684762607621387,19.30340957813561
2025-11-26 13:19:04,24.1,35.20140169302287,22.51506415858503,19.396548532317144
2025-11-26 13:19:05,24.1,35.3,22.692588450863305,19.303485918329507
2025-11-26 13:19:06,24.168593363244415,35.7263325343232,22.621930406872643,19.3
2025-11-26 13:19:07,24.231659987525283,72.93797472939416,22.83536285204624,53.17320382254225
2025-11-26 13:19:08,24.1,35.30612167241566,24.469013664137755,20.66968775736202
2025-11-26 13:19:09,24.1,35.89583415873173,56.72869162567267,20.070055516514575
2025-11-26 13:19:10,24.1,35.39930222485622,22.879284885887262,19.425860492477437
2025-11-26 13:19:11,24.1,35.3,22.593171218750843,19.303727251797383
2025-11-26 13:19:12,24.1,35.299557471127514,22.5,19.3
2025-11-26 13:19:13,24.1,35.20031879689652,22.506626586359996,19.3
2025-11-26 13:19:14,32.05628187634541,35.30019411830812,22.626029342933695,19.3
2025-11-26 13:19:15,40.78574968924305,35.399941877534225,22.974529316804965,19.39612901396179
2025-11-26 13:19:16,24.1,35.30007162325975,22.59369450935275,19.303906245531213
2025-11-26 13:19:17,24.1,35.3,22.5,19.3
2025-11-26 13:19:18,24.1,35.20031802260664,22.506105516090084,19.3
2025-11-26 13:19:19,24.1,35.29955216456571,22.611978832783564,19.3
2025-11-26 13:19:20,24.1,35.3,22.788255985638184,19.39595182060946
2025-11-26 13:19:21,24.1,35.3,22.6,19.304079920469466
2025-11-26 13:19:22,32.673293829571804,38.75883560605287,22.605679964202697,19.39587660117012
2025-11-26 13:19:23,50.66508098988942,35.33543937908871,22.70556339435211,19.304163440362043
2025-11-26 13:19:24,41.687218243636025,35.3,22.761841195828957,19.39579456491431
2025-11-26 13:19:25,30.427050756808853,35.398720759059145,22.110822337230132,19.4
2025-11-26 13:19:26,38.04875313120591,68.55470561882758,22.28413107166315,19.97394451439016
2025-11-26 13:19:27,24.1,35.815190829211325,22.005213500743427,19.42630583248966
2025-11-26 13:19:28,29.778376365604498,35.3,22.125521676945947,19.304422616309697
2025-11-26 13:19:29,41.70223061452833,35.39830837249424,22.604953830415777,53.03494082002837
2025-11-26 13:19:30,35.377741542400834,66.57934201513888,22.666158651114188,22.016369412782808
2025-11-26 13:19:31,24.1,35.92552736287629,22.115175191297013,19.537641640359304
2025-11-26 13:19:32,24.1,35.3,24.294929256374324,19.30968378307983
2025-11-26 13:19:33,24.1,35.59362688842788,22.128078153953815,19.39500925349726
2025-11-26 13:19:34,29.980329376127976,35.40440350029148,24.290109864622845,19.4
2025-11-26 13:19:35,37.69093399210379,36.278089119555496,58.935003328141946,52.75821154704874
2025-11-26 13:19:36,24.1,35.42235867914654,22.6,21.469022000729545
2025-11-26 13:19:37,24.1,35.4,22.608135424455583,19.4
2025-11-26 13:19:38,24.1,35.4,22.796115512175614,19.4
2025-11-26 13:19:39,24.1,35.302711169135975,22.688866809191417,19.305881338934608
2025-11-26 13:19:40,24.1,35.20273214587082,23.648796403039334,19.206003613846153
2025-11-26 13:19:41,41.4398399653018,72.78085496517656,58.62713790661889,19.293857127313668
2025-11-26 13:19:42,69.32176557712988,76.88854250664387,22.167278853788527,35.87228683598396
2025-11-26 13:19:43,24.1,35.813294061700944,21.238929888070174,20.47496255225591
2025-11-26 13:19:44,24.1,35.08573111542251,22.366893185811875,19.113044778792425
2025-11-26 13:19:45,32.391944408687095,34.71131724851089,21.332641903663315,18.63294974306727
2025-11-26 13:19:46,50.345084385197,100.19934169638546,22.372702145822103,67.80641642219481
2025-11-26 13:19:47,47.616490252293985,36.89713829711026,21.397316641153612,22.655578379711308
2025-11-26 13:19:48,48.33198429362953,34.69698629307997,21.32294956975846,18.6
2025-11-26 13:19:49,24.1,35.087508558709715,22.18833507648837,18.971011960460604
2025-11-26 13:19:50,24.1,35.1,21.848036432225857,19.092631719077417
2025-11-26 13:19:51,24.1,35.0031446530385,28.212249128896907,19.1
2025-11-26 13:19:52,24.1,35.096845394357295,22.2,19.1
2025-11-26 13:19:53,26.816209298166893,35.1,22.185759113595378,19.1
2025-11-26 13:19:54,30.934730453732097,34.71254986991908,21.413823944822976,43.77614040544917
2025-11-26 13:19:55,24.1,35.086995727348544,22.19848888016711,21.351790446643687
2025-11-26 13:19:56,32.931890060501615,35.1,22.101400571363396,19.1
2025-11-26 13:19:57,47.77912987040466,35.1,22.188482777638875,19.1
2025-11-26 13:19:58,31.556856063056543,34.616242221189275,21.3,18.73308849841306
2025-11-26 13:19:59,44.11386658729718,34.6,21.311135061743315,18.7
2025-11-26 13:20:00,24.1,35.08289132305863,22.291157843856265,19.065415207029577
2025-11-26 13:20:01,24.1,34.616965707974366,21.307668508876077,19.1
2025-11-26 13:20:02,24.1,35.08250769064793,22.198747551989047,19.1
2025-11-26 13:20:03,24.1,35.0035098438933,22.00155579942014,19.1
2025-11-26 13:20:04,24.210325294677197,35.09647695540215,22.440538534222885,19.1
2025-11-26 13:20:05,24.39024778036048,35.87107779654465,59.003082650658854,29.86354408074206
2025-11-26 13:20:06,24.1,35.611032385625265,57.78656941464793,33.59780079721012
2025-11-26 13:20:07,24.1,35.11844525165142,22.1,20.53213365014025
2025-11-26 13:20:08,24.1,35.00369664086297,22.09987492660781,19.1
2025-11-26 13:20:09,24.1,35.0,22.000058103137356,19.73116290238213
2025-11-26 13:20:10,24.20753387399685,35.09628473731988,22.19981402233494,19.439945997817915
2025-11-26 13:20:11,24.393027717565,35.67725666059092,57.43879363072017,20.208110042537584
2025-11-26 13:20:12,30.240151538770448,35.31532295120412,22.793034701211223,19.402694178442044
2025-11-26 13:20:13,41.86359155010262,35.396167114056034,22.79963241676452,19.3895945061556
2025-11-26 13:20:14,24.1,35.30386655900273,22.6008917036304,19.31054407734323
2025-11-26 13:20:15,28.18184122273056,35.396092201108424,22.699435074126427,19.38931250367528
2025-11-26 13:20:16,35.962390672245704,63.67121256037082,22.7,20.112933708607585
2025-11-26 13:20:17,28.78610364558524,36.33134464376562,22.20363111598077,19.220103529860488
2025-11-26 13:20:18,38.00613259013311,66.06293174703984,22.100819251578407,19.63368034865637
2025-11-26 13:20:19,24.1,36.366991520148126,22.1,19.52230631040927
2025-11-26 13:20:20,24.25328512184255,35.09603201053509,22.198960674130543,19.233829154200304
2025-11-26 13:20:21,24.547655227466272,70.07128038077406,22.2,51.140229698796055
2025-11-26 13:20:22,24.1,53.883032882632946,22.101240757145312,23.60185546008016
2025-11-26 13:20:23,24.1,35.82460961941227,22.1,19.1
2025-11-26 13:20:24,24.1,35.00405307176198,22.1,19.1
2025-11-26 13:20:25,30.60875940663109,35.09593143790506,22.395255980529736,19.1
2025-11-26 13:20:26,54.427014763587536,35.1,22.104983331006615,57.31047875211035
2025-11-26 13:20:27,57.965972962716414,68.96292342429153,22.49275728895403,26.890664863039888
2025-11-26 13:20:28,24.1,36.68035926254189,22.303789478298174,19.371259347068857
2025-11-26 13:20:29,24.1,35.1,22.10396316966865,19.187571153948273
2025-11-26 13:20:30,30.003348107802896,35.1,22.197907026479147,19.11254549425039
2025-11-26 13:20:31,48.761062737106336,35.1,22.2,19.1
2025-11-26 13:20:32,42.613425216101305,70.60920725241127,22.2,19.1
2025-11-26 13:20:33,24.1,36.81101315646978,22.004788490357537,19.1
2025-11-26 13:20:34,29.401033219250408,35.1,22.0,19.01299688694324
2025-11-26 13:20:35,41.91411963008896,37.3932458516291,34.02514002620566,19.17375809179198
2025-11-26 13:20:36,24.1,35.2985118082985,22.625353238196816,19.113235572892854
2025-11-26 13:20:37,24.1,35.104293489350425,22.3,19.1
2025-11-26 13:20:38,24.1,35.38700857267469,22.3,19.1
2025-11-26 13:20:39,24.28508198266024,35.4,22.5918768331451,19.1
2025-11-26 13:20:40,24.716341418340537,35.49557841268752,23.08620552922651,19.186293164703574
2025-11-26 13:20:41,24.1,35.40446451658414,22.613570554863283,19.113826098407753
2025-11-26 13:20:42,30.850513048859224,35.113432789921795,22.21071503869934,19.1
2025-11-26 13:20:43,53.22275891093917,35.386425576482445,22.880724370618747,19.61533146074636
2025-11-26 13:20:44,42.438385497411296,35.209092001264324,22.413560661011857,19.2710208579802
2025-11-26 13:20:45,37.90371145749455,35.10455885090906,22.20538447725873,19.11431780794777
2025-11-26 13:20:46,78.97554678147482,35.1,22.39452648867583,19.185559762703218
2025-11-26 13:20:47,24.1,35.1,22.20552190276102,19.114556365458387
2025-11-26 13:20:48,26.966578525590176,35.1,22.102754020825586,19.1
2025-11-26 13:20:49,34.54906159990213,72.0528980102495,22.58598069708212,59.6812169592983
2025-11-26 13:20:50,24.1,72.46827591615326,56.46113889793897,27.02757164141095
2025-11-26 13:20:51,24.1,36.899467000759735,23.153956812101164,19.115021272805816
2025-11-26 13:20:52,24.1,35.1,22.294418504864716,19.1
2025-11-26 13:20:53,24.1,35.19529631911858,22.494375585489166,19.1847406106699
2025-11-26 13:20:54,30.770355887337487,35.10471937978878,22.40280892178985,19.2
2025-11-26 13:20:55,50.40120992245651,35.1,22.302807349410777,19.11550208773587
2025-11-26 13:20:56,24.1,35.1,22.20279641492725,19.1
2025-11-26 13:20:57,24.1,35.1,22.102792231155064,19.1
2025-11-26 13:20:58,24.12084758628802,35.1,22.19719098753216,19.184149261195184
2025-11-26 13:20:59,24.17927862685768,36.33604597459251,58.231314483521146,19.619906015238907
2025-11-26 13:21:00,24.1,35.54396546850861,69.75755661821434,36.77715670494949
2025-11-26 13:21:01,24.1,35.40492312106686,24.243861914193204,22.91756032579052
2025-11-26 13:21:02,24.1,35.304959804148446,22.60574366487213,19.31645807142857
2025-11-26 13:21:03,24.1,35.3,22.502862481204907,19.3
2025-11-26 13:21:04,24.1,35.39496766397706,22.01409235152237,19.38326739231154
2025-11-26 13:21:05,28.761878955779014,35.4,22.77685709738868,19.4
2025-11-26 13:21:06,46.929691688815595,35.4,22.02262604206977,19.317016474906232
2025-11-26 13:21:07,39.061144818052846,63.67507388900578,22.873730587682967,20.210352378691734
2025-11-26 13:21:08,24.158793492863612,37.01006657251874,22.802911605313657,19.573165578179022
2025-11-26 13:21:09,24.3416188699062,36.15910021112786,54.35938656224505,19.812582223280867
2025-11-26 13:21:10,27.259714193887525,35.53547309763986,23.212461064419408,19.405797835715926
2025-11-26 13:21:11,37.73524452371906,62.41971972250083,22.297125042670007,19.217757964974663
2025-11-26 13:21:12,24.1,36.669911795568815,22.20286472404063,19.117874459295077
2025-11-26 13:21:13,24.1,35.1,22.2,19.1
2025-11-26 13:21:14,24.1,35.1,22.394213950951755,19.1
2025-11-26 13:21:15,24.1,35.1,22.30288963522334,19.1
2025-11-26 13:21:16,24.1,35.1,22.10574016952568,19.1
2025-11-26 13:21:17,24.1,35.1,22.294214766898783,19.1
2025-11-26 13:21:18,27.249570257718965,35.1,22.397088153931783,19.1
2025-11-26 13:21:19,38.56771200020157,35.19474539559166,22.205804802817063,47.58590333628326
2025-11-26 13:21:20,24.1,35.10526973100798,22.297087990365057,26.187050874238857
2025-11-26 13:21:21,28.92908795063852,35.1,22.202903093202373,19.1
2025-11-26 13:21:22,47.30809956692685,71.08902678430141,22.102898928408617,19.1
2025-11-26 13:21:23,24.1,37.201723610959505,22.1,19.180829723615165
2025-11-26 13:21:24,24.241219527053012,35.094645043510766,22.197079993563804,19.11928905095027
2025-11-26 13:21:25,24.777700496863705,48.62523728390206,22.2,19.1
2025-11-26 13:21:26,24.18265155264149,67.14277284618495,22.394100658512293,20.465889461452967
2025-11-26 13:21:27,24.082764284144083,37.21326977581826,23.07887536592647,23.356350728303887
2025-11-26 13:21:28,24.017129861726193,34.922067678289096,21.93494111177306,20.07536815646162
2025-11-26 13:21:29,24.1,35.088760466151435,21.99698703517011,19.1
2025-11-26 13:21:30,24.1,34.911239544962825,21.806000041968677,18.940044864646246
2025-11-26 13:21:31,28.1973377800475,34.9,21.896990790571863,19.05957288068818
2025-11-26 13:21:32,49.354911260328,68.25064095037175,22.190857465345136,19.1
2025-11-26 13:21:33,47.07596384190074,36.933237401243225,21.520862147658026,23.922410513999942
2025-11-26 13:21:34,24.1,35.07623630053718,22.27549727653821,20.443000738340473
2025-11-26 13:21:35,30.13179160460191,35.1,22.20305834963045,19.27927942021407
2025-11-26 13:21:36,58.83267241747281,80.4049031823119,23.07162984293942,19.3
2025-11-26 13:21:37,31.543200005570096,38.39307616509467,22.421709997108756,19.22097857154253
2025-11-26 13:21:38,24.01581726831738,35.29396286073096,56.59954036782989,19.12109772354804
2025-11-26 13:21:39,24.1,35.112100759724335,23.291170658031128,19.1
2025-11-26 13:21:40,28.19857619556673,71.49766934419564,58.91098816906731,19.1
2025-11-26 13:21:41,47.54090637496766,37.65186806539067,23.3082475147596,19.02142171513392
2025-11-26 13:21:42,24.0,34.9121499884004,21.903165891020382,19.0
2025-11-26 13:21:43,24.0,35.087635525710084,22.09344321947421,19.078366899330582
2025-11-26 13:21:44,24.0,35.1,22.00328645593932,19.1
2025-11-26 13:21:45,24.01506649399953,34.91277372062827,21.806544419221304,19.021836661391696
2025-11-26 13:21:46,24.08501643591755,36.112986362990384,81.38235901860678,19.07805101088736
2025-11-26 13:21:47,28.601741701038648,64.56568786216852,24.914861245309368,19.17793040993032
2025-11-26 13:21:48,53.24488229452655,37.41062426963528,22.113980383126854,19.12217450155496
2025-11-26 13:21:49,35.58107779916752,35.1,22.1,40.7119385745699
2025-11-26 13:21:50,45.951511179816706,67.4690344899716,22.389328081608895,25.767779096670942
2025-11-26 13:21:51,24.1,37.89860758308567,22.303588711983984,19.2
2025-11-26 13:21:52,24.1,35.1073411897507,21.238701602120255,19.12259870642965
2025-11-26 13:21:53,28.28591663473773,65.45961671816222,83.80375750529181,19.177294601310745
2025-11-26 13:21:54,51.25204876385245,37.35210205981194,23.87602758824113,19.2
2025-11-26 13:21:55,24.1,35.06929872851215,22.355190281681356,19.1229183859779
2025-11-26 13:21:56,24.1,34.546430499945906,21.051025782259803,19.023013841352174
2025-11-26 13:21:57,24.1,34.5,21.0,19.0
2025-11-26 13:21:58,24.1,34.5,21.096342143130276,19.076769489322373
2025-11-26 13:21:59,26.298819081340618,34.5,24.17260109689805,19.023337845024713
2025-11-26 13:22:00,40.83477905130111,58.528264219628774,21.3157066788624,18.770262049150745
2025-11-26 13:22:01,39.12947925792122,36.73147463002114,20.91114847368978,45.2603352552151
2025-11-26 13:22:02,24.1,34.582915235190626,20.9,27.487720654917503
2025-11-26 13:22:03,24.1,34.6,20.9,18.6
2025-11-26 13:22:04,26.517343001173824,34.6,20.9,18.6
2025-11-26 13:22:05,41.40146639228698,59.74562560421671,21.091781013081455,18.6
2025-11-26 13:22:06,27.93668772318494,37.17587046368807,46.84951213927757,46.48938098947599
2025-11-26 13:22:07,46.01083496112218,34.5,22.29134014920166,28.390129730163043
2025-11-26 13:22:08,24.1,34.40933376323115,21.00420481482779,18.52474694717838
2025-11-26 13:22:09,24.1,34.4,20.904199827518664,18.575091241071373
2025-11-26 13:22:10,24.1,34.4,20.995700006478188,18.6
2025-11-26 13:22:11,24.1,34.49027287364528,21.095686210563738,18.6
2025-11-26 13:22:12,24.1,34.4098671094289,21.004312291677593,19.27076089771533
2025-11-26 13:22:13,24.1,34.48998857958567,21.0,18.830251124552987
2025-11-26 13:22:14,24.1,34.410126209071954,21.0,18.6
2025-11-26 13:22:15,24.11148418257426,34.4,20.904506362808988,18.6
2025-11-26 13:22:16,27.282591895028737,63.35833463884844,22.51920254848138,47.38643484562841
2025-11-26 13:22:17,49.65825746892669,73.0227761486983,22.31438043700546,30.028068271962685
2025-11-26 13:22:18,24.0,39.44791972041621,22.204817668885735,19.1
2025-11-26 13:22:19,26.503408573774298,35.1,22.10483413623763,19.1
2025-11-26 13:22:20,45.16228056812014,35.63371094054043,22.575520115930512,19.1
2025-11-26 13:22:21,24.1,56.33909647637783,22.21970900085686,19.17329871420094
2025-11-26 13:22:22,24.1,67.10881314329632,22.389869163097117,19.12682044736347
2025-11-26 13:22:23,24.1,39.02646375419452,22.210375815592705,19.1
2025-11-26 13:22:24,24.1,35.1,22.105298388775395,19.1
2025-11-26 13:22:25,24.1,35.1,22.1,19.1
2025-11-26 13:22:26,26.61847214898475,35.1,22.194463859389444,19.1
2025-11-26 13:22:27,47.33240411446079,35.1,22.2,19.1
2025-11-26 13:22:28,27.04095935227703,35.1,22.2,19.027517057439553
2025-11-26 13:22:29,55.67815436792784,35.18797989934431,22.2,19.0
2025-11-26 13:22:30,70.90213596929281,36.07767766110451,22.293958161410615,18.78313902947731
2025-11-26 13:22:31,24.1,35.32228218223934,46.967542593629474,19.060528174483945
2025-11-26 13:22:32,24.1,35.2,23.954326192432823,19.05606040830481
2025-11-26 13:22:33,24.1,35.11244086743637,22.2,19.071856815040537
2025-11-26 13:22:34,24.1,35.1,22.2,19.028190190235048
2025-11-26 13:22:35,24.1,69.01478627092303,56.10956075482228,19.071726749162508
2025-11-26 13:22:36,24.154697824527,40.49320222940839,24.884161491835123,19.02837722451968
2025-11-26 13:22:37,24.646313236255473,35.3611452514831,50.345204035046514,29.77802214172071
2025-11-26 13:22:38,27.268665523107256,35.226148380106444,24.49399272447053,23.439389495012243
2025-11-26 13:22:39,59.3638362715818,74.08998793241699,51.22054551372203,19.14262291842029
2025-11-26 13:22:40,26.543070127001656,41.6576268717248,24.576414488590657,18.77260049533426
2025-11-26 13:22:41,53.41228946471976,72.31487684522443,22.839273322397332,18.6
2025-11-26 13:22:42,34.10952924611975,42.88159039303506,22.807775416211232,38.55165323815514
2025-11-26 13:22:43,24.1,35.57819912464564,22.61589330362934,27.827813577909705
2025-11-26 13:22:44,24.1,35.4,22.508098612086165,19.32925020745267
2025-11-26 13:22:45,24.1,64.17148881398276,50.69229696585529,18.73434713273311
2025-11-26 13:22:46,24.1,40.44550416254975,25.316483807422276,19.0645673500024
2025-11-26 13:22:47,24.1,35.3142025890037,52.693877640282736,19.01811083583158
2025-11-26 13:22:48,24.1,63.55054924305661,62.01980550149402,18.6183843784174
2025-11-26 13:22:49,24.1,40.495272975708055,26.3930485330705,18.64051766957064
2025-11-26 13:22:50,24.1,35.4,53.80986968890626,18.62986174164653
2025-11-26 13:22:51,26.342346622064753,35.31475584344343,26.04984364561252,19.159815679081326
2025-11-26 13:22:52,54.80481109023759,35.38510023107356,22.790693095319348,19.4
2025-11-26 13:22:53,24.1,35.31503763533793,22.709482169152253,19.4
2025-11-26 13:22:54,24.1,35.3,22.609647783598305,18.98193896425196
2025-11-26 13:22:55,24.1,35.384682404588055,22.87048981844219,19.286817441897277
2025-11-26 13:22:56,26.143073449458047,35.315455693496105,22.630009361657763,18.805146920348676
2025-11-26 13:22:57,54.590905015564736,35.46879032991435,22.779631152271357,18.638791708566824
2025-11-26 13:22:58,24.1,35.162905419018124,22.351603385111964,18.630708956432596
2025-11-26 13:22:59,24.1,35.1,22.12086581187666,18.6
2025-11-26 13:23:00,24.1,35.1,22.368276175831365,18.6
2025-11-26 13:23:01,24.1,35.1,22.310711176867787,19.013609793647326
2025-11-26 13:23:02,24.1,35.1,22.210839122124543,18.78690440757518
2025-11-26 13:23:03,24.1,35.18370030152831,22.28903036642433,18.6
2025-11-26 13:23:04,24.1,35.1164171366737,22.3,18.6
2025-11-26 13:23:05,24.1,35.1,22.3,18.6
2025-11-26 13:23:06,25.557577765525863,35.1,22.211356774179414,18.6
2025-11-26 13:23:07,50.552514276329426,35.76536855871754,23.349280774948493,19.146256866914236
2025-11-26 13:23:08,29.14001261245079,35.31871478679123,22.439869552399376,18.85412619796498
2025-11-26 13:23:09,124.80527816850672,122.58397894416176,23.181375159552935,19.48448228688844
2025-11-26 13:23:10,73.85267406755962,58.157341094736935,22.771701703211363,21.050812652671542
2025-11-26 13:23:11,24.1,35.2,22.348276195435876,19.5687965137403
2025-11-26 13:23:12,24.1,35.11742010895219,22.0365195191104,18.6
2025-11-26 13:23:13,25.350013707915945,35.182461100154455,49.44927793344297,27.20411894914484
2025-11-26 13:23:14,51.19530678126942,65.87859778521648,26.50093555305742,22.92736154906468
2025-11-26 13:23:15,24.1,42.38096125569952,22.487459269692696,18.632766614263936
2025-11-26 13:23:16,25.131399246022468,35.11796807260405,22.412676259208617,18.6
2025-11-26 13:23:17,48.475090107093905,60.73138037003005,22.312809662623906,44.08644579658151
2025-11-26 13:23:18,24.1,41.18234013392564,22.387046731423883,32.30147473931545
2025-11-26 13:23:19,25.08007094094939,35.18164935472218,22.573775484287452,18.6
2025-11-26 13:23:20,49.89550607320117,35.2,22.51326585583529,18.66644858743158
2025-11-26 13:23:21,24.990759195506435,35.2,22.41341554749422,18.63371501248037
2025-11-26 13:23:22,49.043643809779226,66.39170020704768,80.01018833734716,18.666117334511316
2025-11-26 13:23:23,24.1,43.021567116829075,33.052032796756194,18.63404527801549
2025-11-26 13:23:24,24.1,93.73332956123248,22.58608368099655,70.93729522944602
2025-11-26 13:23:25,25.20714777979517,51.30417738160594,22.51407325906526,51.1001849164304
2025-11-26 13:23:26,60.29138354303,71.09210704711114,22.585766469661444,18.96230109547179
2025-11-26 13:23:27,44.40008725184006,44.57245741050264,41.764989933035835,18.83804983310808
2025-11-26 13:23:28,55.85178567351618,35.1,26.53280991160061,18.961471908464695
2025-11-26 13:23:29,24.1,35.18036470858007,22.688122436472653,18.773598011695352
2025-11-26 13:23:30,24.1,35.119752983518346,22.42963189935741,18.990920403457224
2025-11-26 13:23:31,24.1,35.1801231452667,22.48503054265009,19.2
2025-11-26 13:23:32,24.1,35.2,22.330212309614694,18.810221126005363
2025-11-26 13:23:33,24.31471654174636,35.12011455890678,22.3,18.6
2025-11-26 13:23:34,34.19737346901562,35.179765516985185,22.3,36.96661010391065
2025-11-26 13:23:35,24.1,35.12035123164934,22.3,29.24592869531513
2025-11-26 13:23:36,24.1,35.1,22.384349152942676,18.922334978254195
2025-11-26 13:23:37,24.514407821127858,35.1,22.4,18.778114047587504
2025-11-26 13:23:38,49.35189773678864,35.25857284048325,22.4,18.53570630837354
2025-11-26 13:23:39,24.1,35.22084063272479,22.483905214619433,18.56418660489911
2025-11-26 13:23:40,24.1,35.2,22.583745146752495,18.664076491370963
2025-11-26 13:23:41,24.1,35.2,22.349191405980292,18.6360246439614
2025-11-26 13:23:42,24.1,35.2,22.38345523319523,18.983015767716633
2025-11-26 13:23:43,24.1,59.596679476842695,22.48330212077937,19.26370158092554
2025-11-26 13:23:44,24.1,42.20765282649739,51.85958579281005,18.854565322098424
2025-11-26 13:23:45,24.1,35.178444708336976,28.930251567536125,18.6
2025-11-26 13:23:46,24.101815914049354,35.2,22.25111189587856,18.6
2025-11-26 13:23:47,24.398616412804593,35.82510391401939,48.29220974152707,36.03523217003181
2025-11-26 13:23:48,24.20933749785022,35.297295760748305,28.083719749634504,29.702567740302875
2025-11-26 13:23:49,55.19337267001167,61.765299380357575,48.60598745220118,19.2
2025-11-26 13:23:50,80.6058435692991,71.53887419819225,28.33617426099243,19.137110656689504
2025-11-26 13:23:51,24.1,43.60366209025946,22.152830925140787,18.785880403342155
2025-11-26 13:23:52,24.1,35.1,22.182267750382724,18.6
2025-11-26 13:23:53,24.1,35.1,22.36425748658245,18.6
2025-11-26 13:23:54,24.1,35.1,22.4,18.72503429399376
2025-11-26 13:23:55,24.1,35.17728991755721,49.84840538020098,18.862398155583687
2025-11-26 13:23:56,24.1,35.354295330821095,55.13852290981814,18.713243044589937
2025-11-26 13:23:57,24.1,35.16891897781276,28.276586944749862,18.6
2025-11-26 13:23:58,24.398409850962807,45.04572470764183,22.344413106282715,18.909647256360337
2025-11-26 13:23:59,24.10192063582034,38.18063670198726,22.15593070663014,18.790814103508147
2025-11-26 13:24:00,24.1,35.1,22.18123745056427,18.6
2025-11-26 13:24:01,24.1,35.1,22.118877875920735,18.6
2025-11-26 13:24:02,24.1,35.1,22.1,18.6
2025-11-26 13:24:03,24.1,35.1,22.01910097079378,18.84564360039431
2025-11-26 13:24:04,44.70783929415501,35.709244940302604,23.129601143199373,19.061277806062552
2025-11-26 13:24:05,24.367676441517094,35.36789576927913,22.593982996824565,19.161164890386654
2025-11-26 13:24:06,51.158583760919925,35.12409885289715,22.239012346854945,46.77701587007028
2025-11-26 13:24:07,36.32646927403542,35.1,21.476021407351,38.59916075990357
2025-11-26 13:24:08,24.286769818410455,35.1,21.942101231263052,19.139191971546364
2025-11-26 13:24:09,51.99571247752573,35.1,22.2602330339174,19.16069917933277
2025-11-26 13:24:10,24.81765198245455,59.27194907228967,22.3,41.66374111500839
2025-11-26 13:24:11,24.103693385864876,43.54836207217122,47.73545428286033,35.09648123049019
2025-11-26 13:24:12,50.24723469002441,62.77197823876795,29.276724730732212,19.179364319403824
2025-11-26 13:24:13,24.66562125962895,44.99905899092657,22.16117600465252,19.16021489908907
2025-11-26 13:24:14,24.1,63.582675544705424,52.309602476107166,19.2
2025-11-26 13:24:15,51.46895552819899,54.78726098160233,30.100151712857507,19.2
2025-11-26 13:24:16,48.80619167894311,38.255994895069335,21.4207324227213,19.140102163318392
2025-11-26 13:24:17,41.60188265035232,35.17452852788494,33.70769602175445,41.37989793952957
2025-11-26 13:24:18,24.518964912476463,34.976710195716365,24.611706913365744,35.326250145866354
2025-11-26 13:24:19,24.1,34.7514450916579,21.12109864280118,19.1
2025-11-26 13:24:20,24.1,35.0703383655486,22.044296045754084,19.1
2025-11-26 13:24:21,24.1,35.2,22.378527041536618,19.1
2025-11-26 13:24:22,50.03997919065379,35.2,22.32161221383933,19.1
2025-11-26 13:24:23,24.870343841121944,35.2,22.3,19.159168449336686
2025-11-26 13:24:24,24.1,60.207326955913274,22.456214493979093,43.98460602224428
2025-11-26 13:24:25,34.9661386160085,45.20318745893213,22.5,37.9397978631
2025-11-26 13:24:26,24.41941182836883,35.38031423732518,22.42219007774514,19.158855350417124
2025-11-26 13:24:27,53.59819454987762,35.08066120237319,23.175916252283,19.1412462554596
2025-11-26 13:24:28,25.019028636407473,35.14598492452141,22.624944423684088,19.1
2025-11-26 13:24:29,24.1,35.2,22.4,19.1
2025-11-26 13:24:30,24.1,34.90890804282812,21.472025082894973,19.1
2025-11-26 13:24:31,35.04862004892004,34.87260941914473,21.354443407657392,36.696369097832104
2025-11-26 13:24:32,24.430646115824217,35.04479995641581,47.682393248758075,32.506322113842444
2025-11-26 13:24:33,24.1,34.66616027165123,29.530680568959006,19.041866218411172
2025-11-26 13:24:34,24.1,34.64433952968293,21.23044410888218,18.7677767672982
2025-11-26 13:24:35,24.1,34.7,21.3,18.94761871322366
2025-11-26 13:24:36,24.1,34.7,21.223451469880896,19.08435712774736
2025-11-26 13:24:37,24.1,34.55666420268895,21.12356473494335,19.0
2025-11-26 13:24:38,24.1,34.643005517519114,21.2526148117107,18.76945939242257
2025-11-26 13:24:39,24.1,34.7,21.3,18.887614333704796
2025-11-26 13:24:40,24.1,58.43273318633947,45.16776876125992,19.157393158128993
2025-11-26 13:24:41,24.1,45.05319419075717,29.374242289711983,19.257278857227774
2025-11-26 13:24:42,43.9745321287799,39.20667465068728,40.56700056761459,19.128450395007068
2025-11-26 13:24:43,24.72347664547273,36.44256911021312,27.60697502116333,19.0
2025-11-26 13:24:44,24.1,34.64121669946808,21.226492446604073,19.11394543405766
2025-11-26 13:24:45,24.1,34.7,26.16691403443657,19.2
2025-11-26 13:24:46,24.1,35.05115091296778,22.923216096338884,19.2
2025-11-26 13:24:47,24.1,57.45654702368189,21.2249494167538,19.2
2025-11-26 13:24:48,24.1,45.31280255385672,21.125064033331867,19.143450100283644
2025-11-26 13:24:49,24.1,35.1,21.1,19.1
2025-11-26 13:24:50,24.1,35.1,21.1,19.1
2025-11-26 13:24:51,24.1,35.1,21.24917036302972,19.156234222013065
2025-11-26 13:24:52,24.1,35.1,21.151057982176994,19.2
2025-11-26 13:24:53,51.81233392365717,35.1,21.1,19.2
2025-11-26 13:24:54,24.999479659355337,35.1,21.1,19.2
2025-11-26 13:24:55,51.80942542854383,35.1,21.174130440114713,19.088354400528814
2025-11-26 13:24:56,25.003306487111065,35.1,21.051960069591228,19.055722460368475
2025-11-26 13:24:57,24.1,35.16895235523437,21.14780635098289,19.1
2025-11-26 13:24:58,24.1,35.13116722422044,21.126210642609447,19.1
2025-11-26 13:24:59,24.1,35.1,21.026318093415338,19.210788540622403
2025-11-26 13:25:00,37.398643880166546,53.13665800333362,21.14713127607403,19.46576345919819
2025-11-26 13:25:01,24.523427186620747,44.67582697767062,43.49292701981148,19.82044360508776
2025-11-26 13:25:02,66.39358957055887,59.569101215457565,55.64410195339578,19.559728250856217
2025-11-26 13:25:03,47.18453465234896,47.14296325337159,31.15185514545283,19.2
2025-11-26 13:25:04,24.808426609782767,35.23613304957906,44.8194841515539,19.145146244200884
2025-11-26 13:25:05,24.1,35.164109058079994,30.480869891581246,19.1
2025-11-26 13:25:06,49.45806897547527,61.19066518150348,21.1,19.2092560304383
2025-11-26 13:25:07,51.094098404033424,48.54859475528778,21.1,19.245480499231487
2025-11-26 13:25:08,49.11999666023559,60.041282148563866,21.1,19.2
2025-11-26 13:25:09,44.45168417436237,48.04858766936667,21.1,19.145684428710023
2025-11-26 13:25:10,24.76158985586572,34.763018748163894,44.21694393380446,19.1
2025-11-26 13:25:11,24.1,35.00336279830038,30.64342459742081,18.829376703918456
2025-11-26 13:25:12,24.1,60.99703269312933,47.2695802577838,18.8700843636471
2025-11-26 13:25:13,24.1,48.90327570437393,32.04892347866728,18.88435436406381
2025-11-26 13:25:14,24.776838380606428,39.15279300455798,21.171835249978212,18.80762563204446
2025-11-26 13:25:15,37.01889603084913,37.20909421503284,21.2,36.958155195231136
2025-11-26 13:25:16,45.452583127690815,35.2,21.128412007314715,35.84707742732108
2025-11-26 13:25:17,25.716984797967672,56.56135390856393,28.666823596497117,39.25794391302345
2025-11-26 13:25:18,40.22032253128576,67.45321577149332,24.274929239519658,38.51947110200494
2025-11-26 13:25:19,24.66043251168998,46.21026441664963,21.128838995014316,19.52133646047671
2025-11-26 13:25:20,24.1,35.1,21.1,19.15311841263241
2025-11-26 13:25:21,24.1,34.77027147708352,46.40994987832449,19.2
2025-11-26 13:25:22,24.1,34.928919871072,32.31008411465945,19.2
2025-11-26 13:25:23,24.1,56.19099802027392,21.170699890443068,19.25278799246493
2025-11-26 13:25:24,50.25662886857867,46.94384457010008,21.905042313662285,19.194631766035133
2025-11-26 13:25:25,25.04199559644871,35.1,21.425296739583363,19.1
2025-11-26 13:25:26,33.76897953432518,35.55661260481683,21.170335695348182,35.57272732306295
2025-11-26 13:25:27,24.436694317467744,35.34433860511018,21.12977865789618,35.045210649891466
2025-11-26 13:25:28,24.1,35.1,21.1,19.1
2025-11-26 13:25:29,24.1,35.16486367226764,21.169989312641896,19.1
2025-11-26 13:25:30,24.1,35.13525372322515,21.2,19.1
2025-11-26 13:25:31,24.1,35.1,21.130244479119632,19.1
2025-11-26 13:25:32,24.1,35.1,21.1,19.1
2025-11-26 13:25:33,24.1,35.1,21.1,19.1
2025-11-26 13:25:34,24.1,35.1,21.03058253213334,19.1
2025-11-26 13:25:35,24.1,35.1,21.0693046036986,19.1
2025-11-26 13:25:36,24.1,56.82722393400259,64.85234726989393,35.86560026228686
2025-11-26 13:25:37,24.1,48.341977953868735,44.33074353722355,36.14211351378772
2025-11-26 13:25:38,24.1,35.236186206316816,22.024467949279863,19.148870032678804
2025-11-26 13:25:39,24.1,34.881364836087485,21.212112957052778,19.1
2025-11-26 13:25:40,24.1,35.01781620051234,21.58555217897323,19.04907343517214
2025-11-26 13:25:41,24.1,35.13658933473807,35.49578762643838,19.05082147741857
2025-11-26 13:25:42,24.1,55.14336075815376,28.491800790793583,21.623152898952924
2025-11-26 13:25:43,24.1,47.62367325351707,22.036005580504774,21.582040940003075
2025-11-26 13:25:44,24.1,35.2,22.1,19.15049600426783
2025-11-26 13:25:45,24.1,35.2,22.1,19.149608205964643
2025-11-26 13:25:46,48.94174893666836,35.2,21.964716135861483,19.1
2025-11-26 13:25:47,25.02722416059524,35.2,22.237219166659926,19.1
2025-11-26 13:25:48,24.1,35.2,22.198133499344,19.1
2025-11-26 13:25:49,24.1,35.2,22.03281997005844,19.1
2025-11-26 13:25:50,24.1,35.2,22.067068774545795,19.1
2025-11-26 13:25:51,24.1,35.2,21.966056845740525,19.1
2025-11-26 13:25:52,39.77239399611302,35.2,21.43198182720029,23.578081141600915
2025-11-26 13:25:53,49.71115803403842,35.2,21.866719082605297,47.28157634421208
2025-11-26 13:25:54,37.94008834700493,35.2,22.13347870350415,68.24168119091435
2025-11-26 13:25:55,24.57786890907958,35.2,22.1,44.71518415327277
2025-11-26 13:25:56,42.91294767714068,56.9738181258528,22.166290479473176,19.149305781463216
2025-11-26 13:25:57,24.847085755916385,49.86390189092063,44.57718529256114,19.2
2025-11-26 13:25:58,46.855341412088436,35.16120529871971,34.51255968552668,19.2
2025-11-26 13:25:59,47.54857276569314,59.08795094544608,21.407905716173907,19.24897417823046
2025-11-26 13:26:00,25.005471352230547,51.78243191289772,21.724501087099007,19.20225067440666
2025-11-26 13:26:01,48.11499443175936,60.08394439395888,22.1,19.58731372562549
2025-11-26 13:26:02,25.802504494563767,61.67169054183114,22.1,19.66242055526683
2025-11-26 13:26:03,24.127579011608436,41.10620622583599,43.38878826267865,19.248552204041538
2025-11-26 13:26:04,41.08307701962959,58.657126022078685,58.35371685952227,19.251560798444345
2025-11-26 13:26:05,24.825472716387647,52.0343141097355,35.804430025954275,19.151657606410865
2025-11-26 13:26:06,24.1,35.61954631090263,29.374144496093365,19.148236042440526
2025-11-26 13:26:07,24.1,36.079178541284655,47.508315375503344,21.688952467040743
2025-11-26 13:26:08,48.61669828089089,35.663422352086755,34.171204578441326,21.91934292603251
2025-11-26 13:26:09,35.208337988996,35.24046228844305,21.958855997609447,35.288988276725064
2025-11-26 13:26:10,24.514107356470134,35.2,22.1,38.04677862459793
2025-11-26 13:26:11,24.1,35.2,22.1,19.2
2025-11-26 13:26:12,24.00397658724444,35.2,21.71366517292778,19.15250764852984
2025-11-26 13:26:13,24.096014083422514,35.2,21.885421816170304,19.1
2025-11-26 13:26:14,24.579791618414745,39.18011435372454,22.035907543630223,19.1
2025-11-26 13:26:15,24.02393400989193,38.07823491157916,22.06398128520604,19.147134871876325
2025-11-26 13:26:16,24.0,35.182594550107375,22.35538197544231,19.152984191031663
2025-11-26 13:26:17,24.096002950394,35.15858207986734,22.5,19.146894513246774
2025-11-26 13:26:18,24.003995407008127,35.2,22.5,19.2
2025-11-26 13:26:19,35.94537475758694,53.45414070011423,44.881599662695166,19.29326209365516
2025-11-26 13:26:20,43.92792482539802,49.15246188682216,36.52245636470501,19.30701061779003
2025-11-26 13:26:21,24.85459831675593,35.141933988179055,22.47376975532596,19.2
2025-11-26 13:26:22,24.19174411273608,53.9393972922668,22.4,36.69862120060755
2025-11-26 13:26:23,24.10411011660477,49.769914401686066,22.4,41.17576151768774
2025-11-26 13:26:24,24.1,35.1,22.274606340039245,19.1
2025-11-26 13:26:25,24.1,35.1,22.262564717462222,19.1
2025-11-26 13:26:26,24.1,35.1,22.17511849808441,19.14585736171737
2025-11-26 13:26:27,24.1,35.1,22.16232239914043,19.154249451054863
2025-11-26 13:26:28,24.1,34.98553741409749,22.013342799200235,19.1
2025-11-26 13:26:29,24.1,35.0141380304664,22.14816034991387,19.1
2025-11-26 13:26:30,24.1,35.1,22.3,19.508601189003148
2025-11-26 13:26:31,31.706764508679136,35.497342800004475,22.361726419029335,34.32760579050719
2025-11-26 13:26:32,24.434703109095345,35.40365283558787,22.33841422678419,38.185798517225486
2025-11-26 13:26:33,47.11131642076509,54.26169390370444,22.42287960074503,19.154881705883685
2025-11-26 13:26:34,25.14899745991893,70.93929298148785,43.34034890432727,19.145011708899123
2025-11-26 13:26:35,24.1,51.73126488934824,36.62107805211171,19.2
2025-11-26 13:26:36,24.1,35.2,22.33901254545104,19.2
2025-11-26 13:26:37,24.1,35.14402034702344,22.23914140055195,19.155304907618333
2025-11-26 13:26:38,24.195806668835814,35.546577699937174,43.248504290696104,19.14459022967962
2025-11-26 13:26:39,24.104203507702916,35.45460236777028,36.92596591720209,19.155526061868
2025-11-26 13:26:40,24.1,35.1,22.42093812481209,19.1
2025-11-26 13:26:41,24.1,52.70991728523634,22.379345781285977,24.52081155783091
2025-11-26 13:26:42,24.1,50.25943656427711,22.239798879212035,26.155664609456895
2025-11-26 13:26:43,24.1,35.1,22.139917699491217,19.2
2025-11-26 13:26:44,24.1,35.1,22.1,19.156060184193873
2025-11-26 13:26:45,24.1,35.1,22.15984024169236,19.1
2025-11-26 13:26:46,24.1,35.26437558581274,41.72475976577796,22.09637072341456
2025-11-26 13:26:47,24.1,53.11412121717528,59.30118072129252,23.104945331719925
2025-11-26 13:26:48,115.743766460787,54.765684167231534,38.979222337477744,19.169563850590304
2025-11-26 13:26:49,48.48507031846455,38.27091377819772,22.240590081275137,19.043364142223673
2025-11-26 13:26:50,24.920662938387753,35.1,22.2,19.013491778046557
2025-11-26 13:26:51,43.677937607881816,35.1,22.25916029071255,18.986208253380383
2025-11-26 13:26:52,25.032938882959595,35.1,22.35902278436529,19.1
2025-11-26 13:26:53,24.1,35.1,22.223309829857183,19.1
2025-11-26 13:26:54,24.1,35.1,42.252060491180366,19.1
2025-11-26 13:26:55,24.1,35.1,37.38346531145224,19.1
2025-11-26 13:26:56,50.49422940246244,51.76137816789007,22.2,19.1
2025-11-26 13:26:57,25.407421689619177,50.58965737034936,22.25835509750723,19.015317074100277
2025-11-26 13:26:58,41.90877742946709,55.415506408726,22.3,18.984389238012948
2025-11-26 13:26:59,24.97178159367931,54.39859931157474,22.3,19.057974347315653
2025-11-26 13:27:00,24.1,55.40905366912952,43.461945234253164,19.041878043128744
2025-11-26 13:27:01,24.1,54.51312291951221,38.79810361075898,19.1
2025-11-26 13:27:02,24.1,35.052777806885516,40.81102160727606,19.1
2025-11-26 13:27:03,24.1,35.047327759009335,36.859928800419794,19.14146682372128
2025-11-26 13:27:04,47.56513375855721,35.0,22.257428824097516,19.034503551253124
2025-11-26 13:27:05,32.366769130191685,49.59014235516588,31.98829438170582,19.08883471773231
2025-11-26 13:27:06,24.43957755472919,49.082247816077086,29.856443096662257,19.376617441682615
2025-11-26 13:27:07,42.52338416619036,52.12035480196414,22.51396336771037,33.11662716359013
2025-11-26 13:27:08,25.048395755451487,51.87010494805788,22.429495814485943,40.64640447241569
2025-11-26 13:27:09,24.1,35.14809474910529,22.24329518054789,19.1
2025-11-26 13:27:10,24.1,35.1,22.2,19.1
2025-11-26 13:27:11,24.1,35.1,22.14353953844388,19.140620999176974
2025-11-26 13:27:12,37.15780018556811,35.15156542051067,22.212672301128553,19.159487473001953
2025-11-26 13:27:13,24.770322113942107,35.14854994667801,22.243792093219625,19.1
2025-11-26 13:27:14,24.1,35.1,22.14390951784447,19.1
2025-11-26 13:27:15,24.57594415572687,38.05429998678697,22.1,19.1
2025-11-26 13:27:16,24.12387379823632,37.95373873036138,22.04412703780887,19.14009997590024
2025-11-26 13:27:17,24.1,35.1,22.05576601100783,19.16000918921056
2025-11-26 13:27:18,24.1,34.845755574055396,41.647070096537504,19.17975891514195
2025-11-26 13:27:19,42.036518922216445,51.70938798820709,39.00550495190423,34.18760983957141
2025-11-26 13:27:20,25.037697960398077,52.7748539273105,22.189177606502195,43.64636613710035
2025-11-26 13:27:21,24.1,35.14961279392321,22.1,19.1
2025-11-26 13:27:22,24.1,35.1,22.1,19.1
2025-11-26 13:27:23,24.1,35.1,22.044911270099064,19.1
2025-11-26 13:27:24,24.1,35.1,22.109948898435043,19.1
2025-11-26 13:27:25,24.1,35.1,22.14514299118726,19.1
2025-11-26 13:27:26,24.385420375271487,35.34902255653415,40.71546178128175,22.77439146374261
2025-11-26 13:27:27,24.11462827861154,35.35166674208307,38.65477828026381,24.958768052119396
2025-11-26 13:27:28,24.1,35.1,22.04549363930347,19.06122352686744
2025-11-26 13:27:29,24.004885812838584,35.1,22.05439781164443,19.0
2025-11-26 13:27:30,24.0,51.27770572563097,22.1,19.03856598147579
2025-11-26 13:27:31,24.0,52.91370427491432,22.1,19.1
2025-11-26 13:27:32,24.09509763815643,35.49269186032123,39.99886337284212,23.422492674663225
2025-11-26 13:27:33,24.1,35.508519122728885,38.33354273648832,26.186895253681307
2025-11-26 13:27:34,30.14687255559214,35.39276416785074,22.0,30.98795906768093
2025-11-26 13:27:35,24.41642861033572,35.40808857011666,22.0,39.84087175099099
2025-11-26 13:27:36,24.1,50.607928679922864,22.05367503239464,27.827936943720783
2025-11-26 13:27:37,24.1,52.69729427349293,22.153559134917288,34.14651647079364
2025-11-26 13:27:38,24.1,35.14831797785372,22.2,18.7
2025-11-26 13:27:39,24.1,35.2,22.359885494447894,18.77468180094123
2025-11-26 13:27:40,24.385125251630623,35.24806704642179,38.82762636388452,19.122723355562595
2025-11-26 13:27:41,24.11490848876841,35.2041170610704,37.72665451441419,19.352346816448364
2025-11-26 13:27:42,24.00497475988875,35.1,22.2,19.1
2025-11-26 13:27:43,24.0,35.1,22.14720776775974,19.1
2025-11-26 13:27:44,24.0,35.1,22.152673673141155,18.99025447055912
2025-11-26 13:27:45,40.066771139889426,70.23657206694253,40.21705092418198,18.945793007830137
2025-11-26 13:27:46,58.95154281582829,98.1592315017518,39.7028042216192,19.2
2025-11-26 13:27:47,51.10059875612033,76.28790815471856,26.611189238187418,19.488853619187623
2025-11-26 13:27:48,35.77315099353973,59.52679796853957,26.346825440680774,19.676304343369377
2025-11-26 13:27:49,39.27786554639779,35.1,22.247874734527844,19.1
2025-11-26 13:27:50,24.927835870419123,35.1,22.2,19.1
2025-11-26 13:27:51,24.005360972259137,35.1,22.2,19.1
2025-11-26 13:27:52,36.68381655849572,35.053256638272615,22.14823632512267,19.13555547776689
2025-11-26 13:27:53,24.871618614042184,35.0,22.203278151033004,19.164562841939983
2025-11-26 13:27:54,24.1,35.04653649976887,22.402995462574573,19.1353212780924
2025-11-26 13:27:55,24.1,35.1,22.39728270937577,19.16479874412888
2025-11-26 13:27:56,24.1,35.1,22.19752443215497,19.1
2025-11-26 13:27:57,32.845178924799775,49.516556951032086,38.0484197292797,19.239814997085304
2025-11-26 13:27:58,24.692517004187128,53.03448889337219,38.40367122721519,19.39552642030949
2025-11-26 13:27:59,24.1,35.1,22.150863679505186,19.16525477459728
2025-11-26 13:28:00,37.37627486294977,35.375054819746396,22.250735655491784,19.1
2025-11-26 13:28:01,25.068014441793476,35.42579558672646,22.35059921631329,19.13453652860156
2025-11-26 13:28:02,24.1,35.054400811756175,32.58389257611851,19.16556729225151
2025-11-26 13:28:03,52.89625131608282,51.64266286655406,32.847436264067625,19.16865185868866
2025-11-26 13:28:04,26.29557917321251,74.07535276516245,40.687402557894,19.26578798749687
2025-11-26 13:28:05,43.56427362324517,58.2845447583637,59.22562353384769,19.2
2025-11-26 13:28:06,27.942418648036295,35.1,40.97291362102618,30.34955168448318
2025-11-26 13:28:07,24.277079927934807,35.0551717994734,22.35047614557124,42.39375554212831
2025-11-26 13:28:08,24.007469257870916,35.044724405248026,39.847764468476875,19.132398323786003
2025-11-26 13:28:09,24.0,34.87680423989943,41.05570759327039,18.96629134588383
2025-11-26 13:28:10,24.0,34.86704884652561,21.89519657052831,19.000796797001772
2025-11-26 13:28:11,24.0,35.155659169439744,22.4,19.2
2025-11-26 13:28:12,24.09219166960592,35.1,22.4,19.233370776803973
2025-11-26 13:28:13,24.1,35.1,22.449031273335624,19.266739068815784
2025-11-26 13:28:14,24.1,35.1,22.5,19.2
2025-11-26 13:28:15,24.008133312279114,35.1,22.40252665942018,19.2
2025-11-26 13:28:16,24.916747507612374,37.495560708372906,22.397191979369236,19.2
2025-11-26 13:28:17,35.24117667859767,38.25918379167287,22.5,19.2
2025-11-26 13:28:18,25.1346419538411,35.15647944843657,22.45170521601228,19.2
2025-11-26 13:28:19,24.1,35.05658343282953,22.30367767483171,19.167362860786422
2025-11-26 13:28:20,42.63568883198951,35.08661522480374,22.29605630027001,19.132533194196647
2025-11-26 13:28:21,25.9553704126275,35.15680477276381,22.35210937823664,19.167575324623353
2025-11-26 13:28:22,25.55528551008161,49.14802870662141,22.443226843030445,30.815403179639876
2025-11-26 13:28:23,24.15426222989149,54.951725247155295,22.4096088943816,45.61005823144954
2025-11-26 13:28:24,24.0,35.0,22.2,19.2
2025-11-26 13:28:25,24.181409866114937,49.16705679041005,37.991947897578584,19.2
2025-11-26 13:28:26,24.01880497645835,55.38348765409269,41.06508601277713,19.2
2025-11-26 13:28:27,24.0,35.0,22.2,19.16820211439172
2025-11-26 13:28:28,24.0,35.0,22.153062299579545,19.1
2025-11-26 13:28:29,24.0,35.0,22.1,19.1
2025-11-26 13:28:30,24.0,35.04219496510825,22.146702585627004,19.13148932400402
2025-11-26 13:28:31,24.0,48.27017948476576,22.2,29.956831283528537
2025-11-26 13:28:32,24.0,54.42689746650162,22.2,44.46792232100499
2025-11-26 13:28:33,24.0,35.0,22.2,19.1
2025-11-26 13:28:34,29.08960539786674,47.122605654194714,22.246209305310146,19.224226190178605
2025-11-26 13:28:35,24.589850402497134,53.0325766047288,22.25391812623188,19.376264950213013
2025-11-26 13:28:36,37.41708600812985,50.58665958234606,22.15403418231441,19.1
2025-11-26 13:28:37,42.093572681421705,59.10960008786179,37.26431826691949,28.72105955596075
2025-11-26 13:28:38,26.099404870314356,35.57131663162899,41.405592349309245,42.256510496555265
2025-11-26 13:28:39,24.1,35.05902028775502,22.208812864402415,19.130482026316937
2025-11-26 13:28:40,38.4780612934692,50.49628432874933,22.145476613148073,19.16964102525025
2025-11-26 13:28:41,26.39163445377745,59.33416615016774,37.36839404463965,19.25112135780671
2025-11-26 13:28:42,24.15604501747846,35.1,41.88108268990208,19.449622822821393
2025-11-26 13:28:43,42.594183967418296,35.05947144695546,22.390059465389935,19.070034081328387
2025-11-26 13:28:44,26.59505433077187,35.0,22.410230564327925,19.029855625903277
2025-11-26 13:28:45,29.814924172116665,35.3223406414917,22.255245334360048,29.2119136927582
2025-11-26 13:28:46,24.86257433893066,35.519015094176055,36.415001632258594,44.8062314549578
2025-11-26 13:28:47,24.1,35.1,41.12153000674641,19.170516567099796
2025-11-26 13:28:48,34.11837882814751,47.77985959099872,22.344370819146185,19.246843900717003
2025-11-26 13:28:49,25.500266449622,55.48172231147033,22.267286768281444,19.483037956947765
2025-11-26 13:28:50,24.1,35.0,22.1,19.170827670572365
2025-11-26 13:28:51,24.1,35.0,22.1,19.1
2025-11-26 13:28:52,24.1,49.18044043393089,37.02450090167934,19.128966542287017
2025-11-26 13:28:53,24.1,58.50783790067273,42.65188348973844,19.17114214677187
2025-11-26 13:28:54,24.1,35.0,22.156320556867268,19.12875371025181
2025-11-26 13:28:55,31.546861760691264,35.0,22.1435648576894,28.08249108270377
2025-11-26 13:28:56,25.212840811807304,34.960989631261484,22.069636024542916,42.82473060112879
2025-11-26 13:28:57,24.1,34.93887843707358,22.029903103983735,19.171581385544822
2025-11-26 13:28:58,24.1,35.0,24.68641694482765,19.12831531325125
2025-11-26 13:28:59,24.1,35.0,25.567537025927255,19.17179045753991
2025-11-26 13:29:00,24.1,34.96148476342641,22.085399792266205,19.1
2025-11-26 13:29:01,36.73139750465378,49.66603038684084,37.94364259279617,20.77019874761775
2025-11-26 13:29:02,55.327314678558785,61.019254112385816,45.4931082725995,29.66317268829886
2025-11-26 13:29:03,28.975138489028613,35.59644496278632,22.41507964985256,36.12462738265229
2025-11-26 13:29:04,24.1,35.06216236299815,22.2576696612288,19.172316152459945
2025-11-26 13:29:05,35.99143966943275,35.30165206979367,26.420318314843705,19.127580558581418
2025-11-26 13:29:06,26.08553851601321,35.5371061182233,42.356380011084,19.25492743550199
2025-11-26 13:29:07,42.920247278324254,35.06254949240513,43.38206030170593,19.345305270460273
2025-11-26 13:29:08,27.36419505609704,35.037346905140254,22.241798634669266,19.2
2025-11-26 13:29:09,24.1,35.06275669162517,22.216651547479923,19.17284589858748
2025-11-26 13:29:10,24.1,35.037140195801506,36.89128456686501,19.127052392142406
2025-11-26 13:29:11,24.1,35.06296360604564,44.530445640416126,19.22694097766635
2025-11-26 13:29:12,24.1,35.0,22.141346859299205,19.246336987436937
2025-11-26 13:29:13,24.1,35.0,22.2,19.1
2025-11-26 13:29:14,24.1,35.0,22.158892485507284,19.126629675515296
2025-11-26 13:29:15,24.1,35.0,22.1,19.2
2025-11-26 13:29:16,24.1,35.0,22.1,19.2
2025-11-26 13:29:17,24.269450220830706,46.36624610926524,22.303781428590472,28.588163583958018
2025-11-26 13:29:18,26.99824856452068,66.07046412816534,45.72420612178699,47.57541965294249
2025-11-26 13:29:19,41.23641230226232,53.95785073381981,60.79817397580868,19.273908181466755
2025-11-26 13:29:20,27.295314240917673,35.1,22.35963876665199,19.2
2025-11-26 13:29:21,24.1,35.06407616454461,22.219525537971776,19.2
2025-11-26 13:29:22,24.1,35.0,22.180229084862976,19.2
2025-11-26 13:29:23,24.1,35.0,22.3,19.2
2025-11-26 13:29:24,24.1,35.1779955191038,22.260143122788563,19.2
2025-11-26 13:29:25,24.1,35.358133600080976,22.239729665764425,19.2
2025-11-26 13:29:26,24.183696447594347,35.1,22.260402512614384,19.22536133470406
2025-11-26 13:29:27,24.11641407526303,35.1,22.239466844324905,19.27475130249705
2025-11-26 13:29:28,41.668828437202095,50.13833264258485,22.221317226719655,19.2
2025-11-26 13:29:29,35.575242635511906,65.64068209606769,34.99891456113269,28.945486866014583
2025-11-26 13:29:30,25.679813960060628,46.94629509428766,43.56780345923189,50.89869018378204
2025-11-26 13:29:31,24.1,58.32816944955228,22.238979363166273,19.2
2025-11-26 13:29:32,38.28380703888523,48.428580285594514,22.26115141456306,19.175390544348534
2025-11-26 13:29:33,27.14830715053683,62.61989878872948,22.2,19.1
2025-11-26 13:29:34,24.76078658270626,45.97200393258064,34.74666744995317,27.8196879098835
2025-11-26 13:29:35,33.542944300504715,57.30934173589173,43.637790609778854,48.30484417557772
2025-11-26 13:29:36,26.139043404515988,35.0,22.26172497355135,19.2
2025-11-26 13:29:37,41.24315631544546,35.0,22.35253022498135,19.2
2025-11-26 13:29:38,28.004414083832103,35.0,22.486064476158596,19.2
2025-11-26 13:29:39,24.1,35.0,22.262149974472592,19.2
2025-11-26 13:29:40,24.1,35.0,22.2,19.176365919460206
2025-11-26 13:29:41,24.1,35.0,22.16238816520078,19.123515055717338
2025-11-26 13:29:42,24.1,35.0,22.137498681311826,19.176607271068967
2025-11-26 13:29:43,38.8230542282954,35.0,22.27474340431661,19.123273906560236
2025-11-26 13:29:44,34.631242315735115,35.13254651553137,22.4,27.439149420804995
2025-11-26 13:29:45,25.73294586251408,35.26796396952572,22.28869659711917,48.66720337899514
2025-11-26 13:29:46,24.1,35.0,22.1,19.1
2025-11-26 13:29:47,28.84730074966352,35.29475085478071,22.1,26.774873852474656
2025-11-26 13:29:48,25.237700805858843,35.60726466685389,22.06323867817803,46.95193202537029
2025-11-26 13:29:49,24.1,46.65033201152692,46.52595986814149,19.045047140157433
2025-11-26 13:29:50,24.0193903088468,61.260273683939765,71.10206163673675,19.2
2025-11-26 13:29:51,24.08049897475834,35.0,22.26358227301324,19.177692712965445
2025-11-26 13:29:52,24.1,47.338035584570946,35.45383191255136,19.1
2025-11-26 13:29:53,45.5084316783432,74.14841260282091,61.3261234670882,19.166296548583
2025-11-26 13:29:54,29.61687974725528,60.99102133486457,49.998394921439655,19.356050424152095
2025-11-26 13:29:55,24.080013521883995,35.0,22.1,19.15620690205498
2025-11-26 13:29:56,24.020092924287997,35.0,22.1,19.02180226908545
2025-11-26 13:29:57,24.07979631923815,35.0,22.06434799487003,19.1
2025-11-26 13:29:58,24.1,35.0,22.03554202707617,19.1
2025-11-26 13:29:59,24.1,35.21784720997436,34.77456106589753,19.1
2025-11-26 13:30:00,24.1,35.48318943044371,52.782161191732165,19.07861620044077
2025-11-26 13:30:01,37.36212410480515,35.06173165187317,33.476349512455855,19.86933015965635
2025-11-26 13:30:02,46.87135318825441,35.13849752521881,34.21797676168539,22.26566134766231
2025-11-26 13:30:03,29.35450246889119,35.0,46.120429280932846,19.14213348307083
2025-11-26 13:30:04,24.021038348976255,35.0,22.169535847980203,19.3
2025-11-26 13:30:05,41.503455607753054,35.0,22.265361350532977,19.279155124818686
2025-11-26 13:30:06,29.02683928320523,35.0,22.2,19.2
2025-11-26 13:30:07,24.1,35.0,22.2,19.179364072890944
2025-11-26 13:30:08,24.1,35.0,22.268525827555692,19.120537814165488
2025-11-26 13:30:09,24.1,35.0,22.297625154134227,19.17957480459376
2025-11-26 13:30:10,24.1,35.0,22.1,19.1
2025-11-26 13:30:11,25.03641557450572,44.643137017200296,22.303211462238934,26.615950731864935
2025-11-26 13:30:12,24.36431037922986,59.47198152755907,22.7,51.242346876743426
2025-11-26 13:30:13,24.1,35.27053307495472,22.666473633322497,19.48002632377481
2025-11-26 13:30:14,24.1,35.2,22.6,19.4
2025-11-26 13:30:15,35.124845229693925,35.34602500780661,22.666377840006533,19.419741387871277
2025-11-26 13:30:16,27.383985665070167,35.58381590815791,22.766991256936212,19.5
2025-11-26 13:30:17,24.1,35.3,22.66716086490722,19.5
2025-11-26 13:30:18,51.53328682919076,45.76090258430965,22.697985799159543,19.480581705674503
2025-11-26 13:30:19,32.84264877508407,63.2428909973136,22.802582878540015,19.4
2025-11-26 13:30:20,24.1,35.3,22.63230164570543,19.4
2025-11-26 13:30:21,24.1,35.3,22.667871866967555,19.419109947831014
2025-11-26 13:30:22,24.1,35.3,22.631959836143807,19.48099600840146
2025-11-26 13:30:23,24.483093980281257,35.3,22.76356503295915,19.41890451390832
2025-11-26 13:30:24,24.217517328067277,35.3,22.836806973968994,19.48120755860304
2025-11-26 13:30:25,24.1,35.55114128116664,33.41366007371211,21.41587644595523
2025-11-26 13:30:26,24.93809517579115,36.642664124288075,67.12063324246539,32.56426372052797
2025-11-26 13:30:27,24.36258244186695,37.112927179342314,73.98419575273392,39.44990921902507
2025-11-26 13:30:28,24.1,35.3,22.76897399887048,19.463241252302023
2025-11-26 13:30:29,30.499815241447124,44.47766714855046,22.91578489488636,26.07966321151468
2025-11-26 13:30:30,30.043727445165032,68.5167733434186,23.2162366865935,52.3063729750129
2025-11-26 13:30:31,34.645340142559704,66.01321927587412,22.8,20.117836292678746
2025-11-26 13:30:32,27.17540346763292,63.94404335593103,22.76967193899493,20.058111878488944
2025-11-26 13:30:33,24.1,35.453503928882334,32.55885700352934,19.29353083935294
2025-11-26 13:30:34,32.73160139376301,35.33376375960149,46.763115096715865,18.888232857537353
2025-11-26 13:30:35,41.496715997157814,34.573456699601586,21.170006341788337,19.28249662984505
2025-11-26 13:30:36,29.073313502401504,43.9668757626479,31.677930240416966,19.182597842237623
2025-11-26 13:30:37,42.293287091579586,63.14216001482305,48.17249825791538,19.11730627110292
2025-11-26 13:30:38,30.540207894845473,35.07396782495741,22.22946981155078,19.18279939932573
2025-11-26 13:30:39,24.1,35.0,22.3,19.1
2025-11-26 13:30:40,24.1,43.08120796124497,22.270794286372844,25.021239586798274
2025-11-26 13:30:41,24.1,59.79332617344642,22.229077839908488,50.22572535875403
2025-11-26 13:30:42,24.1,35.02559222686829,22.3,19.1
2025-11-26 13:30:43,24.1,34.94700042964877,21.982740649330744,18.999838772401727
2025-11-26 13:30:44,24.1,34.652457286919976,21.545064737791787,18.599729078180296
2025-11-26 13:30:45,24.1,35.1,22.37146038785358,19.1
2025-11-26 13:30:46,28.726216899288644,35.376051627490696,22.243181804110137,24.741003810266747
2025-11-26 13:30:47,45.16140270167371,44.529301319190765,28.514644798924937,50.14070922959331
2025-11-26 13:30:48,31.4045512413799,71.43767083583174,49.12026810627597,19.73784634010868
2025-11-26 13:30:49,24.1,65.27467832453304,50.44427568735881,21.135563324214814
2025-11-26 13:30:50,36.28592093642938,34.52459190521046,21.2,19.104326724872973
2025-11-26 13:30:51,28.703974564184666,34.575561999499605,21.172117747304537,18.6
2025-11-26 13:30:52,24.1,34.5,21.1,18.6
2025-11-26 13:30:53,24.02699675283692,34.5,21.127649645472488,18.6
2025-11-26 13:30:54,24.072893920410124,34.5,21.2,18.6
2025-11-26 13:30:55,24.1,34.5,21.172594153768117,18.6
2025-11-26 13:30:56,24.1,34.64201117121713,21.399884717476937,18.67658927512587
2025-11-26 13:30:57,24.1,35.07651280531853,22.22706492978347,19.1
2025-11-26 13:30:58,24.1,35.02338393415558,22.326928070995752,19.1
2025-11-26 13:30:59,34.22805700287334,35.23957430401348,22.453558644401205,19.1
2025-11-26 13:31:00,28.102663064258117,35.422599960539074,22.22682602478471,19.025700739383737
2025-11-26 13:31:01,24.1,34.63816604587919,30.98959408385487,18.68873376822764
2025-11-26 13:31:02,36.48092379136692,34.98572971548497,50.44932726103697,19.1267959441112
2025-11-26 13:31:03,29.11530781098727,34.6,21.37368070550627,18.7
2025-11-26 13:31:04,24.1,34.6,21.32618229356512,18.685524541412995
2025-11-26 13:31:05,24.1,34.71220789652187,21.660142998283277,23.108482477746236
2025-11-26 13:31:06,24.528706312654656,42.27206102499815,22.115924404546977,51.62265004294706
2025-11-26 13:31:07,24.272088014463957,61.819837692458385,21.55739394650103,52.627123653804304
2025-11-26 13:31:08,24.1,34.6,22.06999604861208,18.685995310190748
2025-11-26 13:31:09,33.2235079401387,42.470069458660326,21.4,18.66949078583896
2025-11-26 13:31:10,43.589053720870425,65.02414355881967,21.602547421013345,19.113750633155863
2025-11-26 13:31:11,46.56859380299794,35.078494829558096,22.2,19.21363500396772
2025-11-26 13:31:12,41.637504687031,43.05374228409212,22.024914097863142,19.286472858089795
2025-11-26 13:31:13,28.67932659911494,67.03994796574204,21.749068438636805,19.2
2025-11-26 13:31:14,24.1,34.994002387960414,22.252976657855147,19.2
2025-11-26 13:31:15,24.1,34.705536516181596,21.69684682445467,19.186781741697335
2025-11-26 13:31:16,24.1,35.1,22.27560584002785,19.1
2025-11-26 13:31:17,24.1,34.99587244015614,22.00571331885196,19.047925040101944
2025-11-26 13:31:18,24.1,34.55850397388187,21.303094675108653,18.764733493031287
2025-11-26 13:31:19,24.1,34.52355712000518,21.33724233822958,19.187201938973125
2025-11-26 13:31:20,24.378867702116477,35.04081229399402,30.226909755763387,22.389967942516463
2025-11-26 13:31:21,24.22163439692497,35.179714079529,49.14114064248085,42.985773125753894
2025-11-26 13:31:22,24.30837158996572,35.3418630119521,37.80534765508814,23.95968481949221
2025-11-26 13:31:23,24.191993468916507,36.06037482647253,80.18828118920159,56.087448091091765
2025-11-26 13:31:24,24.1,35.08005731804154,22.4,19.1
2025-11-26 13:31:25,24.1,35.01983820391917,22.376841028815647,19.1
2025-11-26 13:31:26,24.1,35.001294475248834,22.06951902171193,19.040059240636257
2025-11-26 13:31:27,39.91841835469164,34.69825222418564,21.552656536967,18.683309067321712
2025-11-26 13:31:28,36.52916061273383,35.080536092089595,22.377248748681176,19.3
2025-11-26 13:31:29,26.34441650935692,35.0,22.3,19.288449633427717
2025-11-26 13:31:30,29.468974356005624,35.01925689522178,22.367442570663496,23.350866840582476
2025-11-26 13:31:31,26.61711368127071,48.27567333370742,37.317444111138016,53.901300999205986
2025-11-26 13:31:32,24.37299259751924,99.70841985295496,81.72312588794901,18.666985253179917
2025-11-26 13:31:33,24.22751285718198,35.1,22.555917379100514,19.2
2025-11-26 13:31:34,24.1,35.1,22.421894255981886,19.2
2025-11-26 13:31:35,31.68657159192808,41.558488754992105,22.52173776124153,19.275268598660382
2025-11-26 13:31:36,39.50556944265352,71.9647927705768,22.578422545752854,19.815273915214703
2025-11-26 13:31:37,29.870441398187737,71.14081228154696,22.264060981497835,19.110559131191827
2025-11-26 13:31:38,24.1,34.709867769786534,21.67762609495173,19.220875324661097
2025-11-26 13:31:39,24.1,40.850951040906494,22.7211021409735,22.956716966379982
2025-11-26 13:31:40,24.1,62.467427515595425,22.71628857065041,52.62632189211835
2025-11-26 13:31:41,24.1,35.082124667146196,22.35842465521831,19.2
2025-11-26 13:31:42,24.1,35.01777340772948,22.447633765776025,19.210023026576657
2025-11-26 13:31:43,38.952590838691734,35.1,23.236586232359052,24.099896026409475
2025-11-26 13:31:44,50.26385804473232,35.1,22.559299393781245,67.6689018677927
2025-11-26 13:31:45,33.75039565533784,35.082550140079505,22.177430133563227,19.2
2025-11-26 13:31:46,24.1,35.0,21.481485241856003,19.2
2025-11-26 13:31:47,24.1,35.0,22.21997014595417,19.2
2025-11-26 13:31:48,24.1,35.01713990730641,25.17957367549669,19.2
2025-11-26 13:31:49,27.78514908042324,35.0659285457542,34.10391177907995,22.26546737059064
2025-11-26 13:31:50,26.013316790815335,34.849205799091244,21.4,51.359764480565985
2025-11-26 13:31:51,35.7508689116182,34.68380513312463,21.59559214367509,19.109062852613885
2025-11-26 13:31:52,30.37246753454627,35.1,22.341991066733726,19.2
2025-11-26 13:31:53,24.1,35.00115266626012,28.85080294412847,19.2
2025-11-26 13:31:54,24.1,34.582010197412174,52.67703099068987,19.19125741160734
2025-11-26 13:31:55,24.1,35.0,22.181063843772012,19.091356672605496
2025-11-26 13:31:56,24.1,34.983879768924915,22.062347286572795,19.01708980144802
2025-11-26 13:31:57,37.89278006348591,34.85194509349131,21.768905217942063,19.191571490361852
2025-11-26 13:31:58,31.807471301836472,34.66340646298484,21.385807233713464,19.1
2025-11-26 13:31:59,24.1,34.9843327148956,22.2,19.1
2025-11-26 13:32:00,31.852181723638147,40.37961273811525,21.998998452409445,19.10811966463342
2025-11-26 13:32:01,28.421172749846825,71.79765934197617,28.065370493261813,19.19198860584784
2025-11-26 13:32:02,24.1,70.07371916115616,54.949225881526175,21.54477476997124
2025-11-26 13:32:03,24.1,34.56042195851996,21.279254585832778,49.47795256393256
2025-11-26 13:32:04,24.1,34.82537923734463,21.9047900488365,19.069164889369983
2025-11-26 13:32:05,24.1,34.4,21.0,18.722921388119687
2025-11-26 13:32:06,24.1,34.4,21.01762225851171,19.007501605807917
2025-11-26 13:32:07,38.31748532703412,34.4,21.08248764458709,19.0926057888636
2025-11-26 13:32:08,32.80865543439136,39.18837725102428,21.034804962626477,21.89125166866892
2025-11-26 13:32:09,45.00059297175481,65.20354129592026,21.1827218740727,58.96725933234093
2025-11-26 13:32:10,49.833288766217464,35.5469614924935,21.168636825907107,18.607120524205698
2025-11-26 13:32:11,32.288723498856385,34.68297405102725,25.616071825129502,21.653074838250458
2025-11-26 13:32:12,24.357845840224716,35.17274667878582,42.76411931262329,61.5561495183451
2025-11-26 13:32:13,24.1,34.98648103554011,22.25003538197889,19.0067031530212
2025-11-26 13:32:14,28.53723011775433,38.95941556269004,22.033134638068976,19.093404111093168
2025-11-26 13:32:15,26.758589063140803,63.07381842634791,22.233038967940264,19.01298891238611
2025-11-26 13:32:16,24.1,35.126017866883885,22.43274866690485,19.206370404699825
2025-11-26 13:32:17,24.1,35.3,22.583790245981056,19.3
2025-11-26 13:32:18,24.1,35.3,22.5,19.306158011995755
2025-11-26 13:32:19,24.1,35.3,22.484092089146635,19.393952584477983
2025-11-26 13:32:20,33.60408815193395,40.08095058816632,22.4,19.3
2025-11-26 13:32:21,30.063531564988025,71.62382585808258,22.44682397147436,19.3
2025-11-26 13:32:22,24.1,35.3,22.68456638494327,19.3
2025-11-26 13:32:23,24.1,35.396913905696536,27.720673304774746,21.475427341034905
2025-11-26 13:32:24,35.91540907992934,36.004593003883556,53.113900492103454,58.77182362354851
2025-11-26 13:32:25,31.730093526009455,35.31188160890969,22.629936824279543,19.3946352070815
2025-11-26 13:32:26,24.1,35.38825333615578,22.770425879503744,19.3
2025-11-26 13:32:27,24.71331644823976,35.276757453349354,22.55610386777902,19.28980563262876
2025-11-26 13:32:28,24.487585805742594,35.1,22.285498909716633,19.1
2025-11-26 13:32:29,24.588929974732206,35.2253599514506,27.29092906907031,21.02397441798959
2025-11-26 13:32:30,24.41223572581214,36.076795281640834,54.856320179683706,59.80880454194046
2025-11-26 13:32:31,24.1,35.08881557747092,22.0859216796421,19.0046722190111
2025-11-26 13:32:32,24.1,35.0,22.0,19.1
2025-11-26 13:32:33,24.1,35.0,22.01386830336836,19.1
2025-11-26 13:32:34,24.1,35.0,22.08624331542524,19.1
2025-11-26 13:32:35,30.96810658464709,38.74425842963734,22.02729260397483,19.095777824193345
2025-11-26 13:32:36,35.6,68.35744703560476,22.186476612382567,19.00822946550693
2025-11-26 13:32:37,28.740977057966,35.0,22.1,19.20797740345962
2025-11-26 13:32:38,33.02155403623656,38.24784102722235,22.139869462475463,20.68268779830282
2025-11-26 13:32:39,30.25465525299129,64.63669002648778,22.386855403774742,53.80891068338871
2025-11-26 13:32:40,24.1,35.1,22.28698823238072,19.196468881950747
2025-11-26 13:32:41,24.1,38.74741811117403,26.617310235603377,19.1
2025-11-26 13:32:42,24.1,70.28089153229068,54.32106372663314,19.1
2025-11-26 13:32:43,24.1,35.11957269029487,22.35027917005812,19.106544484356032
2025-11-26 13:32:44,24.1,35.309654408732605,22.73716831719918,19.303133712942135
2025-11-26 13:32:45,24.1,35.39048431895214,22.98780069084604,19.4
2025-11-26 13:32:46,24.1,35.3,22.863694222939944,19.39715138637831
2025-11-26 13:32:47,24.1,35.32775672296122,26.56097235618998,19.375743536987446
2025-11-26 13:32:48,27.551873798592844,35.67269712141217,53.96776443860424,22.80263724669718
2025-11-26 13:32:49,26.54850924453823,36.31131833367573,23.964556461564804,53.40156173633997
2025-11-26 13:32:50,24.1,35.4,30.488847550883243,19.397715832567897
2025-11-26 13:32:51,34.33492628306219,35.39131296213664,22.87733578186723,19.302168635863385
2025-11-26 13:32:52,44.210478717013096,35.30855555809508,22.755756047324727,19.4
2025-11-26 13:32:53,33.45442900566067,38.284879476571355,23.156217301292266,19.39808288187005
2025-11-26 13:32:54,24.448562483706656,69.15841382242014,22.821689709837113,19.867726668465014
2025-11-26 13:32:55,24.352199075617605,35.40809220702204,26.83890108169404,51.032649207623486
2025-11-26 13:32:56,24.1,35.48410647778427,57.74821201317983,19.4
2025-11-26 13:32:57,24.1,35.307814105270126,22.9,19.4
2025-11-26 13:32:58,30.76502006718092,38.18226186446803,22.9,19.4
2025-11-26 13:32:59,36.5310934995446,71.56209609409593,22.910017437913865,19.541804674417723
2025-11-26 13:33:00,29.718995753831276,36.326480531232654,22.99017681948816,30.798459291849507
2025-11-26 13:33:01,24.1,35.4,22.880563666291884,19.497919739250353
2025-11-26 13:33:02,36.886593416264674,35.392829844828626,22.71908731367435,19.301915579807808
2025-11-26 13:33:03,34.175166026384815,35.3,22.881290917594193,19.499167217480263
2025-11-26 13:33:04,24.1,35.30690638502937,22.709179956008516,19.4
2025-11-26 13:33:05,24.1,35.39322943874254,22.8,19.4
2025-11-26 13:33:06,24.779379400450544,35.33316508609621,26.228096340898563,19.421793448071227
2025-11-26 13:33:07,24.621932650547897,35.77416731902152,61.376384532672,23.59992069118659
2025-11-26 13:33:08,24.1,35.4,22.99151909880808,19.4
2025-11-26 13:33:09,24.1,35.39381651948913,22.88324391480368,19.4
2025-11-26 13:33:10,24.1,35.25760363118675,22.56851414981892,19.399652949346574
2025-11-26 13:33:11,25.21977682511963,36.596847414154745,21.108196299717324,18.606603373705997
2025-11-26 13:33:12,33.476519125903934,69.23760416580332,21.336989971897733,54.529504474302726
2025-11-26 13:33:13,41.28642526077616,74.19991048668437,22.9,19.289188264923222
2025-11-26 13:33:14,32.544886842887706,35.46550895463969,25.461481991730743,19.399265553766888
2025-11-26 13:33:15,36.58749944418953,38.553139227477885,58.058632328975946,56.65419833280394
2025-11-26 13:33:16,34.59222631085786,75.11249803698676,60.634332471070245,19.310655920900047
2025-11-26 13:33:17,33.82810181603102,36.83114734266463,22.20725572923487,19.199357513604795
2025-11-26 13:33:18,32.26320684801682,70.09209441430629,22.3213569459291,19.100761200651444
2025-11-26 13:33:19,24.43041501767441,35.30475703410058,22.62779883019118,19.39726746179117
2025-11-26 13:33:20,28.02848859147156,36.82382309591835,22.986473558502205,19.49893592608163
2025-11-26 13:33:21,27.15013403534681,66.77783392374693,22.8,20.58534565426893
2025-11-26 13:33:22,24.1,35.87840529228014,22.813152473557004,19.51529598020508
2025-11-26 13:33:23,24.1,35.39581816943625,22.980834615984495,19.401536933517782
2025-11-26 13:33:24,24.1,36.579890468575435,22.712804730044233,19.30167353407139
2025-11-26 13:33:25,24.1,67.67691413920798,22.893786358369507,51.9547734082923
2025-11-26 13:33:26,24.1,35.396274463210595,22.79397114018407,20.072590998129954
2025-11-26 13:33:27,24.1,35.3,22.676577583041777,19.4
2025-11-26 13:33:28,24.1,35.3,22.32859945508756,19.4
2025-11-26 13:33:29,24.1,35.3,22.805533116865348,19.4
2025-11-26 13:33:30,29.94789381782515,37.57796464648476,24.771444763994666,19.4
2025-11-26 13:33:31,29.257245255904717,108.74671742009244,58.62357666798632,19.302609158159665
2025-11-26 13:33:32,24.1,35.3,22.805041342924017,19.39725025653479
2025-11-26 13:33:33,31.42193299242096,35.32294923080766,25.64461107682374,19.4
2025-11-26 13:33:34,30.626412210936564,36.06810826020603,82.14391521408079,19.011996368489697
2025-11-26 13:33:35,24.053239925985373,34.905336994908545,22.2,19.0
2025-11-26 13:33:36,24.1,35.1,22.19558011878623,19.19375959354561
2025-11-26 13:33:37,24.1,35.1,22.104304263759712,19.10314221952701
2025-11-26 13:33:38,24.1,35.1,22.20417822721832,19.1
2025-11-26 13:33:39,24.047206140831385,35.09785725548256,22.291912519063462,19.29362304775016
2025-11-26 13:33:40,24.052683643132237,34.9938691020077,22.068544116203,19.10640940251664
2025-11-26 13:33:41,24.1,34.705924314230224,21.327244879192214,18.615852760074823
2025-11-26 13:33:42,24.1,35.00177866045669,22.0110637640317,19.08357943913216
2025-11-26 13:33:43,24.1,35.101670653598894,22.303552967162418,19.1
2025-11-26 13:33:44,24.1,35.19844424348416,22.396593204027276,19.196672412079337
2025-11-26 13:33:45,24.1,35.1,22.30327191460215,19.10334115957597
2025-11-26 13:33:46,24.1,35.1,22.39687040245642,19.1
2025-11-26 13:33:47,32.0226707028674,35.10735407032234,22.317962775769413,47.51580838146016
2025-11-26 13:33:48,31.693509219007645,35.698945665005176,22.89159551968617,33.60844133640518
2025-11-26 13:33:49,24.1,35.898000283556314,22.59207510216443,19.684500016421723
2025-11-26 13:33:50,24.1,69.00978849276933,22.307509175556604,22.085247763939503
2025-11-26 13:33:51,24.1,35.20355684154261,22.602334552094547,19.30710860883991
2025-11-26 13:33:52,24.04867432303043,35.798348800335205,22.69567403856546,19.103576814211525
2025-11-26 13:33:53,24.05124354164012,35.4005380957561,22.502014079873863,19.1
2025-11-26 13:33:54,32.59774062730246,35.60074860362304,23.268944829625937,19.1
2025-11-26 13:33:55,41.44360752775293,36.299118525894045,59.358184969562416,19.0036093531639
2025-11-26 13:33:56,43.173238231795935,35.30154380170883,22.50317035826177,19.096378142940956
2025-11-26 13:33:57,34.3619007416868,45.75918971435653,22.698585607249427,19.1
2025-11-26 13:33:58,24.1,35.6519716829582,22.6,19.1
2025-11-26 13:33:59,24.1,35.6,22.6,19.1
2025-11-26 13:34:00,24.1,35.6,22.599073841534207,19.1
2025-11-26 13:34:01,33.52320800768014,35.5009734628935,22.500771642260013,19.1
2025-11-26 13:34:02,33.80395750634421,35.59886788132178,22.6,19.1
2025-11-26 13:34:03,24.1,35.698703822408795,22.599553896832575,19.1
2025-11-26 13:34:04,24.1,35.502900562087156,22.499709022654663,19.00372296308411
2025-11-26 13:34:05,24.050165181254005,35.5,22.4,19.0
2025-11-26 13:34:06,36.74423677458403,35.401731348486116,22.400088689802597,18.903718434320854
2025-11-26 13:34:07,38.5494146231822,35.59622311213332,23.497410205439735,20.244775531504462
2025-11-26 13:34:08,35.84253385604774,34.42319368056903,21.203324478303347,18.56875200700976
2025-11-26 13:34:09,35.72482782131843,35.08501321971807,22.494776989695,19.076462115734696
2025-11-26 13:34:10,24.1,35.39338917116772,22.40054176455967,19.196051647375658
2025-11-26 13:34:11,24.1,35.4,22.4,19.10396054733493
2025-11-26 13:34:12,24.1,34.91218209627385,21.705288166137088,18.71574264218924
2025-11-26 13:34:13,24.1,35.38660163774145,22.590821060871445,18.987882671318076
2025-11-26 13:34:14,24.1,35.49716697729416,22.501171634057663,19.0
2025-11-26 13:34:15,24.342758912569945,35.30593758839311,22.30261114435248,19.0
2025-11-26 13:34:16,24.357917709314012,69.06319186538215,22.398551066570704,52.06741649923202
2025-11-26 13:34:17,31.80061680079115,36.27495280719592,22.10468910191454,20.532517938617858
2025-11-26 13:34:18,33.11344709131844,58.72704722148636,58.18845670826833,54.80062656817032
2025-11-26 13:34:19,27.865435719848065,35.904846340292764,22.76724435212624,20.70867870549995
2025-11-26 13:34:20,35.15864528835628,64.49278502000232,22.19819598037815,19.383060053006176
2025-11-26 13:34:21,32.54146452261832,76.68377166559188,22.396145709607577,19.01695954866848
2025-11-26 13:34:22,29.88908584176535,68.62656506415678,22.4,49.333937456391794
2025-11-26 13:34:23,30.63591362253572,98.7197423044904,60.02528821763558,21.92312252075063
2025-11-26 13:34:24,24.1,37.557092858365635,23.20746664090202,19.064965707730444
2025-11-26 13:34:25,24.1,35.103302567789726,22.202292390519823,19.0
2025-11-26 13:34:26,24.1,35.1,22.2,19.0
2025-11-26 13:34:27,24.1,35.1,22.2,19.0
2025-11-26 13:34:28,24.1,35.1,22.49193278235131,19.095662344244644
2025-11-26 13:34:29,24.1,35.58300978970458,22.402834304868943,19.00434135480424
2025-11-26 13:34:30,24.1,35.40687246730299,22.108837850215448,19.0
2025-11-26 13:34:31,24.1,71.98809663345705,59.38678643228336,19.0
2025-11-26 13:34:32,24.1,36.75864511536658,23.278911268291232,19.0
2025-11-26 13:34:33,24.1,35.3,22.09693178228597,19.0
2025-11-26 13:34:34,31.434232468033468,35.58906249478785,22.19691385437815,19.09563083396983
2025-11-26 13:34:35,32.90852486290273,35.69628304175324,22.587502383258467,19.1
2025-11-26 13:34:36,24.1,35.50753431055749,22.503125319630897,19.00439145825347
2025-11-26 13:34:37,24.1,35.4038057573263,55.802451409471814,53.28855661288098
2025-11-26 13:34:38,24.1,67.83044687622859,23.656230335534367,56.016247074777
2025-11-26 13:34:39,24.1,36.49902355682138,22.306237117581137,20.797888263799926
2025-11-26 13:34:40,24.1,35.1,22.3,19.0044391609872
2025-11-26 13:34:41,24.14549558430772,35.1,22.3,19.0
2025-11-26 13:34:42,33.836351300864415,35.4844861357866,58.30299924820228,54.24447001000171
2025-11-26 13:34:43,42.25329142749356,35.115580628766985,23.655806693182832,20.88388323612014
2025-11-26 13:34:44,31.562604543829146,35.196083827371,22.593686535994888,33.582811639067124
2025-11-26 13:34:45,24.1,35.103931615741054,22.50315402996263,46.91656316442677
2025-11-26 13:34:46,24.1,35.1,22.306265022200485,20.38142476057608
2025-11-26 13:34:47,29.225996873587462,35.1,22.396856265584695,19.0
2025-11-26 13:34:48,30.605892466779657,69.00524000415774,22.496841448329636,19.0
2025-11-26 13:34:49,24.1,36.63398079093167,22.30629070379654,18.90462481357807
2025-11-26 13:34:50,24.1,35.1,22.10626713685136,18.9
2025-11-26 13:34:51,24.1,35.1,23.454074189751775,18.9
2025-11-26 13:34:52,24.1,35.1,22.14480313500674,18.995091118563103
2025-11-26 13:34:53,24.1,35.195914312528146,22.196774143572085,19.0
2025-11-26 13:34:54,26.413208934540208,35.10409678081472,22.10324179955251,19.0
2025-11-26 13:34:55,27.09714132259276,35.483407533508036,22.293438008075345,46.52514207495341
2025-11-26 13:34:56,24.1,35.11665227604627,22.20330697573089,20.65638858662857
2025-11-26 13:34:57,24.1,35.00417079695934,22.103322225477477,19.0
2025-11-26 13:34:58,24.1,35.09581662332375,22.293297182323457,19.0
2025-11-26 13:34:59,24.1,35.1,22.106742129057757,19.0
2025-11-26 13:35:00,24.143165765198553,35.19578052182569,57.02006324908394,53.666195502204026
2025-11-26 13:35:01,31.977070665099383,35.2,56.71398762280805,54.93760733766778
2025-11-26 13:35:02,39.99652527954582,35.00848127709349,23.244478688262404,21.152508408345028
2025-11-26 13:35:03,37.33596933401135,67.64823144313456,22.385874827051584,19.27479839707119
2025-11-26 13:35:04,32.66209078687465,37.65277915842188,22.592803255925215,55.11401005965996
2025-11-26 13:35:05,35.10079547637186,35.238842942276676,22.310917192190885,21.822304149865992
2025-11-26 13:35:06,48.30403313300438,36.15568218348244,23.06997420470869,80.77474124699486
2025-11-26 13:35:07,50.87390885974445,74.27146954051454,22.522286221323245,24.551709156886915
2025-11-26 13:35:08,45.795594476276264,53.60135000101515,22.788609637515275,34.95554400576303
2025-11-26 13:35:09,24.0,36.33864307871536,22.6075619475041,20.24762071594764
2025-11-26 13:35:10,34.82068437930921,34.64393395953254,21.25109382192113,18.53553170550375
2025-11-26 13:35:11,39.88587179530439,34.6,21.2,18.592742787825237
2025-11-26 13:35:12,33.583563457634206,34.791048108483864,52.957739715749526,51.91526375918992
2025-11-26 13:35:13,38.0482103754371,34.609083317151274,22.40806751081515,21.520967765455687
2025-11-26 13:35:14,24.1,34.6,21.1,18.6
2025-11-26 13:35:15,24.141291415543403,34.6,21.1,18.6
2025-11-26 13:35:16,24.158823512600595,65.85557001082147,21.3888060576621,48.75872113102557
2025-11-26 13:35:17,24.1,36.25720593814116,21.111130795769196,21.4678501439644
2025-11-26 13:35:18,24.1,34.6,21.196281819425817,18.6
2025-11-26 13:35:19,24.1,34.6,21.103721503306527,18.6
2025-11-26 13:35:20,24.1,34.69507662501156,21.29251403079923,18.6
2025-11-26 13:35:21,24.1,62.55043589750113,22.35757117522681,46.35892657225247
2025-11-26 13:35:22,24.1,36.77094078699447,22.303849219757264,21.965018792659485
2025-11-26 13:35:23,24.1,35.2,22.3961328299217,19.1
2025-11-26 13:35:24,24.059700050015483,34.72565583010841,21.341474706179277,18.645865183493378
2025-11-26 13:35:25,33.11378002516675,34.7,21.396227128504258,18.690666015465084
2025-11-26 13:35:26,38.30997444200656,76.87823111288165,22.553216428852735,19.06180766805131
2025-11-26 13:35:27,24.12010420234193,37.69029027860899,22.31163237826955,19.1
2025-11-26 13:35:28,24.0,35.194632596450006,22.396108682929853,19.1
2025-11-26 13:35:29,24.0,34.632021363698264,21.341638287248404,18.64927917147966
2025-11-26 13:35:30,24.03963142212263,34.69459819153491,21.3,18.6
2025-11-26 13:35:31,24.1,68.42817082041535,84.40701971837011,48.64563459765251
2025-11-26 13:35:32,24.1,36.827842526394335,24.1653535111883,22.266222677132006
2025-11-26 13:35:33,24.06069714020328,35.548777396171154,22.740837110185204,19.047848812741428
2025-11-26 13:35:34,24.0,35.12855718302258,22.415677905669455,19.1
2025-11-26 13:35:35,24.0,64.95319339754617,21.438273266608437,49.72495219223471
2025-11-26 13:35:36,24.0,36.477630347519465,21.111401013763672,22.601603144614614
2025-11-26 13:35:37,24.03888049827393,34.59419407057666,21.29237232156032,18.68911748402969
2025-11-26 13:35:38,24.061230926127617,35.070419842783416,22.45279648168393,19.144521484226313
2025-11-26 13:35:39,24.0,34.629442749335105,21.34597994483541,18.66706801234297
2025-11-26 13:35:40,30.408649655954573,34.6,21.3,18.6
2025-11-26 13:35:41,34.58450596465308,34.6,21.203826546305837,18.6
2025-11-26 13:35:42,24.0,34.6,52.01201328206598,50.14030731291166
2025-11-26 13:35:43,24.0,34.50612938783563,22.415936870147657,23.116783825201445
2025-11-26 13:35:44,24.0,35.34394461071783,55.76577011282947,19.04018325762628
2025-11-26 13:35:45,36.44539380154522,34.649564811910636,22.714080361688737,18.660210629802123
2025-11-26 13:35:46,45.81703967662072,65.17878120131775,22.54299949802005,34.643238575703464
2025-11-26 13:35:47,24.037658144498216,36.773871244872325,21.352180645112036,20.921046960477252
2025-11-26 13:35:48,24.062453393212316,34.974669121412255,22.162866246361023,18.950459048030353
2025-11-26 13:35:49,24.0,67.63384960273044,54.70267402547965,18.64980992090403
2025-11-26 13:35:50,24.037334948697808,36.989185883037585,22.828613949583193,18.6
2025-11-26 13:35:51,24.06277129100268,34.693618998089626,55.863164119522565,43.05190139010915
2025-11-26 13:35:52,24.0,34.60644213952469,22.83138522164562,22.294206004320788
2025-11-26 13:35:53,24.0,34.506498458177546,21.10420630801984,18.5
2025-11-26 13:35:54,24.14769185326346,35.0603726685886,22.34348107318492,19.02200468755133
2025-11-26 13:35:55,24.25268456287924,35.37975386993145,51.41605011904221,48.808191927552144
2025-11-26 13:35:56,24.0,35.12058709075737,23.84294964922313,23.9621112858734
2025-11-26 13:35:57,24.0,35.1,22.304505100111086,19.1
2025-11-26 13:35:58,24.0,35.00707824822407,22.3,19.01345646224314
2025-11-26 13:35:59,24.036463265084,35.09281395739865,22.3,19.086433624655697
2025-11-26 13:36:00,24.281695240774983,35.1,25.342720751872232,19.1
2025-11-26 13:36:01,24.382784715340037,57.859809960950976,22.83198390512454,19.1
2025-11-26 13:36:02,41.40008807436362,36.57452382220871,21.173986122113945,19.18608967115971
2025-11-26 13:36:03,58.07883745627687,34.6,21.19535595140141,18.597835153614927
2025-11-26 13:36:04,28.04841689530516,34.6,21.104662661332156,18.5
2025-11-26 13:36:05,36.29897203185775,63.916086556135475,22.43282355330394,19.69852977917449
2025-11-26 13:36:06,39.67295108374351,70.06175203293233,21.45233768296953,19.30174450877541
2025-11-26 13:36:07,42.32529769339463,38.23694939955135,22.256034482758626,55.26661970413605
2025-11-26 13:36:08,35.32842890188311,35.2,22.68015220836498,25.99963916243245
2025-11-26 13:36:09,26.521714595883267,35.10856447864715,22.129877423168978,19.114859874243553
2025-11-26 13:36:10,28.56530287080456,60.68373890399669,21.2440970681129,19.694750742363738
2025-11-26 13:36:11,29.839040485153852,37.706554184019794,21.295092985118995,19.206159621407988
2025-11-26 13:36:12,35.17343729010149,36.01000849126879,22.2499197139712,29.724725354707793
2025-11-26 13:36:13,24.0,35.19032403861488,22.48993898303792,21.08697465926222
2025-11-26 13:36:14,29.77322576678639,35.1,22.12000862387229,19.01556167501344
2025-11-26 13:36:15,35.24172910655849,35.91606451513122,22.004989402235537,19.08432396788527
2025-11-26 13:36:16,24.0,35.2748984591342,22.189980022592277,19.1
2025-11-26 13:36:17,24.13730185352141,35.109465877625226,22.29497816094201,19.1
2025-11-26 13:36:18,24.26322776160596,65.5099364987085,22.3,49.30491764625933
2025-11-26 13:36:19,24.0,38.61887295693739,22.205021555696337,25.352637360653496
2025-11-26 13:36:20,24.0,35.1,22.10500952837864,19.01624933878926
2025-11-26 13:36:21,24.0,59.78713433279705,22.1,44.15157550302274
2025-11-26 13:36:22,24.0,38.035865063882525,22.194973237630435,24.348500131244048
2025-11-26 13:36:23,24.0,35.1,22.10502150540967,19.016564957219156
2025-11-26 13:36:24,24.0,35.1,22.005019697265556,19.0
2025-11-26 13:36:25,24.10037605155156,35.18954442961964,22.0,19.08321453720711
2025-11-26 13:36:26,24.200009312508246,66.6070250979729,82.8855043289459,49.37432733138499
2025-11-26 13:36:27,24.03322410818648,39.25567451672027,25.493599826733117,25.80108389382737
2025-11-26 13:36:28,24.066884451421306,35.110855851554184,22.084880093236983,19.017181358078467
2025-11-26 13:36:29,24.0,35.1,22.19495013188184,19.0
2025-11-26 13:36:30,24.03290611673544,35.1,22.10504500401758,19.0
2025-11-26 13:36:31,24.067204949772048,35.1,22.1949420806806,19.08249203851236
2025-11-26 13:36:32,27.81269772742199,35.1,22.2,19.182370622569945
2025-11-26 13:36:33,32.08444080411167,35.1,21.91510339819543,40.58968953875443
2025-11-26 13:36:34,24.067602369516766,35.1,22.279726663641465,24.03467417333639
2025-11-26 13:36:35,24.0,61.997498414211435,22.01515337808078,47.35028621164231
2025-11-26 13:36:36,24.0,38.92535191953092,22.284741726077925,25.81714488112193
2025-11-26 13:36:37,24.032084738803945,35.1,22.11013366821133,19.018248729743416
2025-11-26 13:36:38,29.351770729092877,35.18796665804613,49.74883397157925,48.05458876103475
2025-11-26 13:36:39,35.675962620766995,35.11214539841052,23.765638554524827,26.183927542662214
2025-11-26 13:36:40,24.1,35.18772968094809,65.41317203640445,30.960800757311404
2025-11-26 13:36:41,30.409984446419504,35.11238631224562,24.985286953303188,21.932612231796817
2025-11-26 13:36:42,38.37760115884356,35.1,22.11559967474008,19.1
2025-11-26 13:36:43,24.1,35.1,22.194785280241664,19.1
2025-11-26 13:36:44,24.1,35.1,52.12212573427029,28.995167868967833
2025-11-26 13:36:45,29.71593627660386,35.1,23.961192430544283,21.449182008970347
2025-11-26 13:36:46,37.03616139559688,58.23446210267531,22.2,19.08053085795856
2025-11-26 13:36:47,24.1,38.77168880299355,22.2,19.019574971485103
2025-11-26 13:36:48,27.35365035703868,35.1,22.294758392669426,19.0
2025-11-26 13:36:49,31.60641804375557,62.95601442042832,57.953729745132705,18.678998336262683
2025-11-26 13:36:50,24.1,39.80334537464961,24.436692282899884,19.00034534075485
2025-11-26 13:36:51,24.1,35.1135625354246,22.110475673603077,19.020054894279447
2025-11-26 13:36:52,31.697008743052688,35.1,22.194755216414073,19.0
2025-11-26 13:36:53,42.62005485889589,35.186202655294636,22.484126249927616,19.079728729557797
2025-11-26 13:36:54,24.1,35.11391349367172,22.215964626178515,19.1
2025-11-26 13:36:55,28.61767573253405,64.0926276538803,50.900023275258334,41.22213129320342
2025-11-26 13:36:56,41.39931777395795,71.39803822918489,23.991163929440464,25.483896812797596
2025-11-26 13:36:57,44.98371986644631,40.52822979013992,22.105645369118182,19.182981263032953
2025-11-26 13:36:58,36.578793208426546,35.1,22.288462184135575,19.1
2025-11-26 13:36:59,24.02923594685759,35.01450453137088,21.923340208995672,19.020962413593853
2025-11-26 13:37:00,24.1,35.08529949232299,22.276105098484,19.0
2025-11-26 13:37:01,26.23079687437573,35.01482126389477,22.112120355969022,19.0
2025-11-26 13:37:02,29.48735296063862,35.085065959403664,22.475182721207467,44.27390804950227
2025-11-26 13:37:03,25.771177233649595,36.0334198340034,47.38500868625417,54.82379193033432
2025-11-26 13:37:04,30.81937096608857,35.691400207241145,24.14388903040968,50.35697425481693
2025-11-26 13:37:05,31.954621498641178,61.920449035004445,22.39336205744807,26.437640652379027
2025-11-26 13:37:06,24.0,40.234857146653226,22.21345086188291,19.21870094261726
2025-11-26 13:37:07,24.028270473278223,35.08439883773549,22.106822993133633,19.0
2025-11-26 13:37:08,24.071839240061944,35.015705178740106,22.006914515408663,19.0
2025-11-26 13:37:09,25.56249210986619,35.0,22.0,19.0
2025-11-26 13:37:10,28.085828398012072,75.88148913827735,22.371767211054767,35.73762040972515
2025-11-26 13:37:11,24.072220232152247,43.712911604413065,22.12143474307424,24.028434586716273
2025-11-26 13:37:12,24.0,35.1,22.1,19.0
2025-11-26 13:37:13,24.0,35.016243820208125,22.00733710261996,19.0
2025-11-26 13:37:14,24.0,35.0836476393705,22.0,19.0
2025-11-26 13:37:15,24.0,35.016459014238244,22.0,19.0
2025-11-26 13:37:16,28.531156150459054,35.08343321801583,22.092441807156924,19.0
2025-11-26 13:37:17,36.55166181333787,35.1,22.00766244285976,34.91459366943613
2025-11-26 13:37:18,24.288560159621586,35.01669803223342,22.0,24.055464124479467
2025-11-26 13:37:19,29.117222637451977,35.083188461364436,22.0,19.023208571866117
2025-11-26 13:37:20,36.83331779450759,35.681101100562735,22.0,19.0
2025-11-26 13:37:21,24.0,35.219769216095386,22.0,19.0
2025-11-26 13:37:22,24.02644628256626,63.5573723731286,50.12465605152601,19.076467291927543
2025-11-26 13:37:23,24.07366493110509,64.56514896590066,24.988350640042977,41.98725205520909
2025-11-26 13:37:24,24.1310952036337,40.12169826553141,22.025201901663525,26.671182586605894
2025-11-26 13:37:25,24.369601077676652,36.0874893559531,49.59760012528798,47.25932068345402
2025-11-26 13:37:26,24.0,35.3131929716498,24.95257562394222,28.682283144405197
2025-11-26 13:37:27,24.025869692989016,35.1,22.2,19.1
2025-11-26 13:37:28,24.074241478782938,35.01797459636107,22.01765153160982,19.024223968158744
2025-11-26 13:37:29,24.0,35.08191515229457,22.0,19.0
2025-11-26 13:37:30,29.40227999868507,35.01819447517339,22.09096103229273,19.075560390149334
2025-11-26 13:37:31,40.48586185506824,35.08169343670629,22.19084797549928,19.024548808683452
2025-11-26 13:37:32,24.1,35.589186019224115,22.018491283424535,19.075340158938108
2025-11-26 13:37:33,24.1,35.21154890734849,22.090646075349817,19.1
2025-11-26 13:37:34,27.70348049042506,60.07989692054336,51.27765483084784,44.429724849513235
2025-11-26 13:37:35,35.22553117079536,41.278152476921136,25.409237261401778,28.140261106167415
2025-11-26 13:37:36,24.1,35.1,49.66803795422665,31.762744478320997
2025-11-26 13:37:37,24.1,35.1,25.223317976087923,23.517025831418735
2025-11-26 13:37:38,24.1,35.1,55.37114053938758,19.025351782939275
2025-11-26 13:37:39,26.707453692131217,35.180657190598424,26.337066318588,19.07453175752265
2025-11-26 13:37:40,36.19134533359615,60.77773825208405,47.66549408611717,45.37607378285311
2025-11-26 13:37:41,36.85054383588155,41.75468798713916,25.33647818546378,28.8024334439564
2025-11-26 13:37:42,24.38049455489464,35.0196713928651,75.93812165197586,26.55934289451177
2025-11-26 13:37:43,24.0,35.16041936596937,29.558675832189927,21.703578154425617
2025-11-26 13:37:44,24.023689516225065,35.119904969026344,22.12153338358166,19.0
2025-11-26 13:37:45,24.1,35.1,22.010874569757615,19.0
2025-11-26 13:37:46,24.1,35.1,22.08909339197724,19.0
2025-11-26 13:37:47,24.1,62.2192128217374,49.19343536748157,19.073588810940997
2025-11-26 13:37:48,24.1,43.02532934998586,51.52408149941826,45.04368676326962
2025-11-26 13:37:49,24.1,35.223376260918435,25.479014693557808,29.23423796596251
2025-11-26 13:37:50,24.1,35.1,22.011383052528316,19.1
2025-11-26 13:37:51,24.1,35.1,22.176996102737608,19.026904790032937
2025-11-26 13:37:52,28.84997250706212,35.1,22.2,19.072913764615336
2025-11-26 13:37:53,40.93248281866144,67.08094493767068,22.993600674920454,18.73594686025561
2025-11-26 13:37:54,29.0554284858461,44.66043201939569,22.92386753527687,18.6
2025-11-26 13:37:55,47.662394871629736,35.4,22.9,20.62497804429498
2025-11-26 13:37:56,46.337681136718416,35.4,22.98767553523077,19.52069566371432
2025-11-26 13:37:57,27.829121434832444,35.4,22.912343377668034,18.655604985361887
2025-11-26 13:37:58,37.76213964233507,35.4,22.9,18.6
2025-11-26 13:37:59,31.61620512440796,35.4,22.9,18.6
2025-11-26 13:38:00,69.27994528075875,35.633880827839114,23.074168849917637,64.0704315373272
2025-11-26 13:38:01,102.549790893306,35.46657913694584,23.186952219839316,39.7670957438827
2025-11-26 13:38:02,24.1,35.4,22.852557026480945,19.085853639600007
2025-11-26 13:38:03,24.1,35.4,22.8,19.142530215332915
2025-11-26 13:38:04,25.651512907871435,35.4,22.88649046534576,18.70167710768502
2025-11-26 13:38:05,29.9895988189186,56.36769576288244,22.9,19.98938221823821
2025-11-26 13:38:06,24.433135200260796,41.96790566639446,22.9,19.112162259824373
2025-11-26 13:38:07,27.47445412435964,59.77842933076803,43.853111959503146,50.84163348794776
2025-11-26 13:38:08,32.36630061998605,67.43692141852195,26.739009740869733,34.81063302723224
2025-11-26 13:38:09,27.33794316491877,43.03254779593785,22.84323763369884,19.192507738254527
2025-11-26 13:38:10,40.3308892930338,62.242455622627304,22.9708083493231,19.86289456660356
2025-11-26 13:38:11,37.7385476759965,45.04761586619877,23.0,29.991428370168176
2025-11-26 13:38:12,24.239920370778027,35.63705875581885,22.829602808792295,23.38395055098308
2025-11-26 13:38:13,24.6414267375145,35.323815833617275,22.714960520663137,18.949083284583477
2025-11-26 13:38:14,24.0,35.14786946648072,22.105550507887976,19.03032454124344
2025-11-26 13:38:15,27.732630722603883,35.175945348435164,22.0,19.0
2025-11-26 13:38:16,39.94373903328831,35.12417217904323,22.338693747046364,19.0
2025-11-26 13:38:17,24.080638107077498,35.1,22.14633579727461,19.0
2025-11-26 13:38:18,28.2799006243872,35.1,22.1,18.930749242354047
2025-11-26 13:38:19,42.77478331703742,35.1,22.0156668690293,18.9
2025-11-26 13:38:20,24.019004444283564,35.1,22.252615074641756,19.037744592149355
2025-11-26 13:38:21,24.081089931403685,35.17524939253285,22.047718914845696,19.1
2025-11-26 13:38:22,24.0,35.2,22.167948775649144,19.1
2025-11-26 13:38:23,24.0,35.124984883100346,22.032271547509097,19.031490289120978
2025-11-26 13:38:24,24.01867271799723,84.05810278343408,47.816497144309494,42.64119074087912
2025-11-26 13:38:25,24.081432872079453,54.0627430342046,27.473075994831017,30.93043918140286
2025-11-26 13:38:26,24.0,35.1,22.1,19.131914976714235
2025-11-26 13:38:27,26.677774353121404,57.08383753964945,22.183340159650086,40.814515734127895
2025-11-26 13:38:28,36.27929025698799,43.06000707629458,47.064394528628654,55.375785734137295
2025-11-26 13:38:29,24.0,35.0,27.22642146051286,31.80984819863069
2025-11-26 13:38:30,24.0,35.0741484759833,22.29760762750686,19.06763073370626
2025-11-26 13:38:31,24.0,35.174026687164485,50.54642066570027,19.1
2025-11-26 13:38:32,24.0,35.12608905430173,28.57182162061721,19.1
2025-11-26 13:38:33,24.017682123037947,35.1,79.69503877456253,19.167278840175516
2025-11-26 13:38:34,24.1,34.95261392977943,36.01590136350091,18.99848029659023
2025-11-26 13:38:35,24.1,34.9,21.782270403792335,18.9
2025-11-26 13:38:36,26.208979770250043,34.9,21.717905236148013,18.9
2025-11-26 13:38:37,34.406212773650054,58.81315423305165,21.94569306791701,19.033689397464247
2025-11-26 13:38:38,24.1,44.50905881814049,45.74262075450666,42.850203055515166
2025-11-26 13:38:39,28.323897896745795,35.1,27.503402818971807,31.74546458146681
2025-11-26 13:38:40,45.85319352080249,35.0272946289768,22.2069508656978,18.966550492527546
2025-11-26 13:38:41,24.1,34.92739092272202,21.89359552339147,18.93355293338637
2025-11-26 13:38:42,24.1,34.972435541907664,22.20538097957648,18.966341005343487
2025-11-26 13:38:43,24.1,34.92768864939233,22.05716438712431,18.933761461115868
2025-11-26 13:38:44,24.1,35.2605506919742,45.622519992684325,43.642246973744975
2025-11-26 13:38:45,26.755015669942154,35.04013962931611,27.565935402276487,32.77159909728678
2025-11-26 13:38:46,38.43541761540805,34.9,21.258003517715743,19.065676686604725
2025-11-26 13:38:47,25.10959602448984,34.9,21.843832056531586,36.63702414823426
2025-11-26 13:38:48,24.1,34.9,22.080346986409317,28.823613958816793
2025-11-26 13:38:49,24.1,59.715597107622145,46.14877553014621,19.0
2025-11-26 13:38:50,24.1,45.87199721046466,28.51849814009826,19.06505146012049
2025-11-26 13:38:51,30.844581681211263,35.17095518941217,21.959930726910105,19.164926733559696
2025-11-26 13:38:52,66.27346392214426,64.59907059807168,49.57301648631469,40.688534240318546
2025-11-26 13:38:53,37.62366751802899,75.09809839897038,30.45295471562007,32.01847265206622
2025-11-26 13:38:54,24.16013475988531,46.898476438146005,22.62319148677589,19.341941187221227
2025-11-26 13:38:55,24.44046096351152,35.27040513832816,45.08427891030122,43.143304985658
2025-11-26 13:38:56,24.937118212917476,35.15943123950807,27.81832988090916,33.48042634507467
2025-11-26 13:38:57,30.109087986116865,35.941043638104794,22.24853646680093,38.50726147274309
2025-11-26 13:38:58,30.909885017570495,35.88020727116787,22.894161852640476,51.81915818863542
2025-11-26 13:38:59,24.1,35.28082190019202,22.290950208445235,31.69490556590881
2025-11-26 13:39:01,24.08585202769375,35.06072747400994,21.750186765513504,19.07270292426891
2025-11-26 13:39:02,24.97627904424616,35.13904425571131,22.05677359018896,19.063546862784275
2025-11-26 13:39:03,30.080131392071003,53.84019078084164,21.3167211009966,19.163424663112153
2025-11-26 13:39:04,24.08617355808289,43.79012085171216,21.1,19.073344382259492
2025-11-26 13:39:05,24.0,34.93086150095908,21.5684098542314,18.936761256963027
2025-11-26 13:39:06,24.0,35.037919223029164,21.2323477676881,19.026253335254214
2025-11-26 13:39:07,24.01351656121688,34.96235224092188,21.644395914332534,18.97394764812965
2025-11-26 13:39:08,24.1,34.9,21.722406726897116,19.08872300446233
2025-11-26 13:39:09,24.1,34.96855411919979,21.157697816642145,19.074389093747847
2025-11-26 13:39:10,24.086822111425025,35.13681449469732,21.23203038503682,19.12539437348509
2025-11-26 13:39:11,24.0,35.13171261700715,21.685869904094716,19.137411002912504
2025-11-26 13:39:12,24.0129700514523,35.168166455645114,22.107830305440785,19.1
2025-11-26 13:39:13,24.1,35.06388674734435,21.96951197814235,19.03761768350791
2025-11-26 13:39:14,24.138214624732065,56.26196552780672,21.976653038129527,39.654309630368225
2025-11-26 13:39:15,26.39633357249741,52.02517842832938,21.30995203676704,32.497471264821314
2025-11-26 13:39:16,38.67951768968168,38.203632962157776,21.788792411216154,32.40011495104792
2025-11-26 13:39:17,24.012352637743312,35.16490710705509,21.235219231555956,27.618157114462093
2025-11-26 13:39:18,24.087758081672497,35.032558756027086,21.610695905699313,19.038144154324073
2025-11-26 13:39:19,27.501684206046228,34.93265629380465,21.8,18.938240527253495
2025-11-26 13:39:20,58.04167139276384,67.98942267248634,22.25557857873714,19.08492225704344
2025-11-26 13:39:21,100.6236681023304,53.06149016513894,21.641622660277665,19.2
2025-11-26 13:39:22,26.769762624416305,78.21359946911939,45.731121766740046,38.41334629486586
2025-11-26 13:39:23,45.29125641048767,59.64734975920841,29.54885913276498,43.971315687139175
2025-11-26 13:39:24,24.1,34.93339049069504,21.552769135863585,26.856974873536828
2025-11-26 13:39:25,24.1,34.96644314752263,21.850539133745382,18.9777916436308
2025-11-26 13:39:26,24.1,34.93368932626206,21.824919237329095,18.9
2025-11-26 13:39:27,25.391243500095563,34.9,21.8,18.960900593914907
2025-11-26 13:39:28,34.733079252692285,56.58970752190433,21.201795464348297,18.695884800530703
2025-11-26 13:39:29,26.387019896264352,46.94791988523505,21.746010950285893,18.803549820155744
2025-11-26 13:39:30,43.9084043947938,34.9,21.92559091065932,19.0
2025-11-26 13:39:31,24.0,35.03073386615963,22.048400975128608,19.060477970771228
2025-11-26 13:39:32,26.52427313704912,35.16521021469723,22.025930077271937,19.03962355336507
2025-11-26 13:39:33,46.90990505064949,35.069808370244445,22.51738996431944,19.06026932025749
2025-11-26 13:39:34,24.01009628059092,35.064983722741246,22.257320896162163,19.1
2025-11-26 13:39:35,24.09001647669327,35.03512796471292,22.026329624319445,19.1
2025-11-26 13:39:36,24.00987897646545,35.0,60.15684183378151,53.568919034192945
2025-11-26 13:39:37,24.1,35.0,37.1238626001987,45.12450859436708
2025-11-26 13:39:38,24.090315770419807,34.93543394507782,21.7,18.9402479141404
2025-11-26 13:39:39,24.0,34.9,21.7,18.9
2025-11-26 13:39:40,24.0,34.9,31.068138318980516,29.08408582950765
2025-11-26 13:39:41,24.0,35.09199236953925,25.499516695099913,26.20499460000029
2025-11-26 13:39:42,24.0,34.816736444143594,21.3453892081963,18.803452874420984
2025-11-26 13:39:43,25.990911187961615,34.6,21.02734734015709,18.895777851210728
2025-11-26 13:39:44,46.540541782865105,34.91779444370029,21.50750939692139,46.18687701562126
2025-11-26 13:39:45,50.45080535064088,35.16340607880515,21.772356369731572,72.55739790138584
2025-11-26 13:39:46,38.17550226359213,35.13671113035307,46.952851724127626,44.637359749920634
2025-11-26 13:39:47,24.1,35.1,32.139618965833535,19.182694629131163
2025-11-26 13:39:48,24.1,35.1,21.6,19.217058641304337
2025-11-26 13:39:49,24.72864717441268,35.1,21.671677741456847,19.183183712174884
2025-11-26 13:39:50,31.027301433967768,35.97847762711849,44.02490502040132,58.61008707309361
2025-11-26 13:39:51,24.1,35.62296669617017,31.215878935215233,51.970301376583706
2025-11-26 13:39:52,24.1,35.1,21.557539868346915,19.142003477142552
2025-11-26 13:39:53,24.1,35.1,21.5,19.042110255881404
2025-11-26 13:39:54,25.256665551373334,35.1,21.571005902926792,19.057781568697873
2025-11-26 13:39:55,38.20396914181848,57.65074329510358,21.67089236146171,19.15766208513449
2025-11-26 13:39:56,25.292948644349742,71.29681083611408,21.7,39.891308677891715
2025-11-26 13:39:57,29.68412162429266,88.79524950868235,45.59576375166196,36.16684908100234
2025-11-26 13:39:58,25.807562373242376,62.60564654967447,32.02281488014566,19.198146990122975
2025-11-26 13:39:59,46.6131170169902,34.6,21.2,18.942956522235576
2025-11-26 13:40:00,24.1,34.6,21.2,18.857850087740093
2025-11-26 13:40:01,24.1,34.6,21.05940436272786,18.6
2025-11-26 13:40:02,24.14791636918191,34.90596975511857,21.070191186584697,18.883545782421685
2025-11-26 13:40:03,24.753316840737536,35.5879194523874,43.02923503477115,40.06681555256806
2025-11-26 13:40:04,24.1,35.41326969536408,31.556312607118823,36.55175396579624
2025-11-26 13:40:05,24.1,35.1,21.7,19.1
2025-11-26 13:40:06,24.1,35.1,22.11778629906135,19.1
2025-11-26 13:40:07,24.1,35.1,21.882675928682133,19.1
2025-11-26 13:40:08,24.403443687047663,35.160381919489666,21.769462265570823,19.1
2025-11-26 13:40:09,28.824439282053177,35.56135575681881,21.869346302501196,35.777369920715586
2025-11-26 13:40:10,24.1,35.43950494452987,21.9,33.19202282951221
2025-11-26 13:40:11,24.1,35.14003549689099,21.76170859351755,19.155500234205533
2025-11-26 13:40:12,24.1,35.1,22.11405454659712,19.14461395568162
2025-11-26 13:40:13,24.1,35.15973461790422,21.88645541196597,19.1
2025-11-26 13:40:14,24.1,35.2,21.7,19.1
2025-11-26 13:40:15,24.1,35.140500088353996,21.631262930786026,19.1
2025-11-26 13:40:16,24.1,35.1,21.668629637753178,19.1
2025-11-26 13:40:17,24.1,35.1,21.7,19.1
2025-11-26 13:40:18,25.2634821132681,35.1,21.768416586506,19.1
2025-11-26 13:40:19,47.49809446845391,54.12663957832534,42.85298724645014,57.2353723430768
2025-11-26 13:40:20,24.78556017608391,48.95666391018129,31.838483929153064,55.78967037445073
2025-11-26 13:40:21,38.74005605854314,54.211411712948816,21.33618832944556,20.98218897042531
2025-11-26 13:40:22,36.51946147390272,70.69680682462042,22.07910243227464,20.947498121418413
2025-11-26 13:40:23,24.962530840624236,51.05460177520675,22.4,19.2
2025-11-26 13:40:24,24.1,55.325881197352345,43.50955017444758,19.146009180914145
2025-11-26 13:40:25,25.063909255697556,50.66664593203565,32.984870675479,19.04608876209512
2025-11-26 13:40:26,48.231613378015865,35.2,23.04359787292643,19.05379942495808
2025-11-26 13:40:27,24.1,35.2,22.69244480067038,19.1
2025-11-26 13:40:28,24.1,35.2,21.627135523834276,19.1
2025-11-26 13:40:29,24.096465708002807,76.33803533632656,22.038508204321953,59.58665020942675
2025-11-26 13:40:30,24.0,70.51004376590593,44.681541024640225,60.71008048059813
2025-11-26 13:40:31,24.0,35.2,34.07445386321215,19.1
2025-11-26 13:40:32,24.0,35.2,22.333448966587323,19.1
2025-11-26 13:40:33,24.47653457545932,35.2,22.4,19.1
2025-11-26 13:40:34,39.26786781653108,35.257052724564836,22.466497583413663,19.1
2025-11-26 13:40:35,24.42994416742172,35.24307698608537,22.36718948811097,19.1
2025-11-26 13:40:36,39.00710714002464,35.2,22.3,19.1
2025-11-26 13:40:37,24.0,35.2,22.3,19.152501665760955
2025-11-26 13:40:38,24.00254401551215,35.25654343763311,22.3,19.147615942724425
2025-11-26 13:40:39,24.1,35.243586670114524,22.234002900058496,19.1
2025-11-26 13:40:40,24.09768170224604,35.14370945426229,57.145324514042045,54.58800452954078
2025-11-26 13:40:41,24.4979989243782,35.156165265209374,42.62592107712635,56.91215988570125
2025-11-26 13:40:42,46.95777183314358,35.2,22.26868777207417,29.829087145397825
2025-11-26 13:40:43,24.0,35.2,22.331058235352103,43.60584426705727
2025-11-26 13:40:44,24.0,35.2,22.334576338284343,33.056805284900825
2025-11-26 13:40:45,24.0,35.25564741768121,44.75721381546263,19.15160109240562
2025-11-26 13:40:46,24.00178869417252,35.24448590849367,35.15882777296404,19.148518157947255
2025-11-26 13:40:47,24.098322629355778,35.2,22.23498809782051,19.1
2025-11-26 13:40:48,24.0,35.2,22.32974877336464,19.1
2025-11-26 13:40:49,24.09659062998241,35.2,22.4,19.1
2025-11-26 13:40:50,30.55973915522505,50.65269939116037,22.529147553821637,19.15104228528866
2025-11-26 13:40:51,24.988870555177677,67.20195426908082,22.535582635001663,37.1822081991964
2025-11-26 13:40:52,24.0,51.54995244919935,22.307146444375498,37.830560028481685
2025-11-26 13:40:53,24.084682985863697,35.2,22.328300566111317,19.1
2025-11-26 13:40:54,32.49496830280455,35.36357455254476,22.71987133437287,35.8893012114999
2025-11-26 13:40:55,24.212693438605665,56.009025668702535,43.99246403949977,36.68132678265928
2025-11-26 13:40:56,39.16872876063698,73.99496023091572,35.45286894982678,19.200717402474456
2025-11-26 13:40:57,24.0,53.38542514079858,22.336438165620105,19.199531672476507
2025-11-26 13:40:58,24.0,35.2,22.363423590725223,19.1
2025-11-26 13:40:59,24.0,35.253827023158166,22.21009983860739,19.1
2025-11-26 13:41:00,24.0,35.19259282191481,22.1,19.1
2025-11-26 13:41:01,24.044060196470127,35.15358418705706,22.163067914207517,19.14977762263139
2025-11-26 13:41:02,46.88730596846619,35.30690115974414,22.32585778329888,19.249646665993648
2025-11-26 13:41:03,28.79745521632493,35.24003660669379,22.274397666035515,19.20095870779011
2025-11-26 13:41:04,24.01013539009843,35.15320148315967,22.137315787217627,19.050591074766267
2025-11-26 13:41:05,24.099671167161297,35.2,22.475204322706347,19.04929687142792
2025-11-26 13:41:06,24.00043166564252,35.2,22.575249054914917,19.1
2025-11-26 13:41:07,25.48979378280485,35.2,40.80046521386598,36.14996171538081
2025-11-26 13:41:08,24.109748494840407,35.14730187109801,34.167048083232615,38.163498431759294
2025-11-26 13:41:09,24.1,35.152573809541956,22.571441395687337,19.1
2025-11-26 13:41:10,24.000912570875187,35.2,21.872709474810208,19.1
2025-11-26 13:41:11,24.0,35.2,21.916617989466317,19.05138217667283
2025-11-26 13:41:12,24.494190529676565,35.565099574841504,40.84642671993856,37.61527625776087
2025-11-26 13:41:13,24.006328005969557,35.53603156268283,34.76868548393437,40.50137873710516
2025-11-26 13:41:14,24.0,35.2,21.72611569081806,19.1
2025-11-26 13:41:15,24.0,35.2,21.911053999862045,19.1
2025-11-26 13:41:16,24.098418154040708,35.2,21.690067209942463,19.1
2025-11-26 13:41:17,24.001684978596582,51.89495621169907,21.847602242607543,35.246339346920685
2025-11-26 13:41:18,24.0,52.00820526498161,22.13931375614491,37.98698424419159
2025-11-26 13:41:19,24.29423601378871,35.15121803819487,22.342183811376728,19.1
2025-11-26 13:41:20,36.009248521190294,52.430357006853434,22.31876783131024,19.2901200441441
2025-11-26 13:41:21,24.26044653214027,52.87816822597803,22.320556828130066,19.263009098807466
2025-11-26 13:41:22,39.78562603275232,35.50659731525418,22.4,29.94902771399017
2025-11-26 13:41:23,24.468006173018967,35.49465639947553,22.219971436239874,31.9208014252196
2025-11-26 13:41:24,46.05835889208152,52.9480927687148,41.17846814858537,19.105940648563397
2025-11-26 13:41:25,24.65099902853416,53.942395544056254,35.8999859652544,19.0
2025-11-26 13:41:26,24.002443432232404,35.1502489673291,41.52300620431018,19.046850412265417
2025-11-26 13:41:27,24.0,51.541880584850105,36.37217233734475,35.515118988121294
2025-11-26 13:41:28,24.0,52.64769282709483,22.440676446066725,39.2701866146525
2025-11-26 13:41:29,37.6160026922199,35.15018543752254,22.222411448619052,19.053531267475215
2025-11-26 13:41:30,36.85654269380489,52.50929765555787,21.68612110084571,19.185372110778687
2025-11-26 13:41:31,45.64231644758428,54.19298321314022,24.39501581474541,19.307548942980276
2025-11-26 13:41:32,24.62462922624787,35.20115119961477,23.979382450402376,19.15387009217346
2025-11-26 13:41:33,24.0971256458283,35.1,22.14133492283336,19.053979727927448
2025-11-26 13:41:34,24.0029779397667,35.1,21.982877147767347,19.0
2025-11-26 13:41:35,24.0,35.1490759424525,44.90668696386099,19.091597050075844
2025-11-26 13:41:36,39.0594341600212,35.2,39.937436631512526,19.154321842299407
2025-11-26 13:41:37,48.01312288224821,35.151168659821316,22.779791938546413,19.1
2025-11-26 13:41:38,24.90166091758096,35.1,37.08031802066762,19.1
2025-11-26 13:41:39,24.003305883344854,35.05139325152834,32.65954335876586,19.054660887272036
2025-11-26 13:41:40,28.6190512325321,48.486306900399654,21.215408720049965,19.090453099210603
2025-11-26 13:41:41,24.93942871574887,66.13465456213545,21.357566171502363,34.62315894356871
2025-11-26 13:41:42,44.359557262541145,53.3814150652921,21.342566877033505,39.33971968155509
2025-11-26 13:41:43,24.873592922008953,35.1,21.700857345927695,19.1
2025-11-26 13:41:44,24.003534106344834,35.147981477168656,21.5430990337428,19.1
2025-11-26 13:41:45,37.037114963798935,53.077188811788375,40.313836437891766,19.1
2025-11-26 13:41:46,24.590163970083907,56.29017291052715,54.93768259041676,31.202772197939726
2025-11-26 13:41:47,24.1,35.48566737036294,54.1,51.49629160493548
2025-11-26 13:41:48,38.256631455964225,53.07521871291385,36.59584105508051,42.00135872286727
2025-11-26 13:41:49,24.641062288553073,56.09820564294493,21.735901072232316,19.658694286161076
2025-11-26 13:41:50,24.1,35.04159034602185,21.80644148428256,19.1
2025-11-26 13:41:51,24.1,35.15292225413037,21.694593884069025,19.1
2025-11-26 13:41:52,24.1,35.1,21.3,19.1
2025-11-26 13:41:53,24.003596817315117,35.146841636269166,21.747603753746425,19.1
2025-11-26 13:41:54,24.0,35.2,41.608980242267194,19.1
2025-11-26 13:41:55,24.0,34.920105949390596,38.279765303733086,18.88236703540155
2025-11-26 13:41:56,28.41379146519041,35.111668276366146,21.578231807643853,32.35669126758498
2025-11-26 13:41:57,24.166648766364165,35.19025950028962,21.52255364316873,37.96840062211154
2025-11-26 13:41:58,24.09638261226115,34.6,21.24463580104766,18.88397397985128
2025-11-26 13:41:59,24.00361213498052,34.83023900098256,21.696748273285223,18.772454318257623
2025-11-26 13:42:00,24.096376611726463,35.145876734116335,22.04495749193484,19.04298570818559
2025-11-26 13:42:01,24.870406242823258,35.382942248406685,39.49924363690698,34.59698660355616
2025-11-26 13:42:02,24.129721607848055,35.3720460430106,37.49116019381293,41.3977319429968
2025-11-26 13:42:03,24.1,35.1,22.2,19.1
2025-11-26 13:42:04,45.00521878592219,35.14535715757006,22.1455142644654,19.227629751384544
2025-11-26 13:42:05,26.036550614187796,36.597886586228235,36.290654632178025,34.06179210431003
2025-11-26 13:42:06,24.14178577470916,36.86206228571401,34.763287835003155,40.69260162997305
2025-11-26 13:42:07,24.1,35.1,22.145945172894052,19.1
2025-11-26 13:42:08,24.1,35.1,22.046052447940507,19.057869123904144
2025-11-26 13:42:09,24.1,35.1,22.053836400972862,19.0
2025-11-26 13:42:10,24.1,35.1,22.1,19.041922919644197
2025-11-26 13:42:11,24.1,35.1,39.97752082200472,19.1
2025-11-26 13:42:12,24.1,35.1,38.77964819246101,19.1
2025-11-26 13:42:13,36.815711520125234,35.32144062552067,22.14667686853215,35.06422027068997
2025-11-26 13:42:14,24.621028249903706,35.37927986176303,22.153200772354307,43.408713400502805
2025-11-26 13:42:15,24.1,35.1,22.2,19.1
2025-11-26 13:42:16,24.1,35.14390565434327,22.464626152776624,19.1
2025-11-26 13:42:17,24.1,35.15621406485758,22.488908857998677,19.1
2025-11-26 13:42:18,24.1,35.1,22.247352285608144,19.1
2025-11-26 13:42:19,24.1,35.1,22.147465278207793,19.1
2025-11-26 13:42:20,24.1,35.1,22.1,19.1
2025-11-26 13:42:21,24.1,35.1,22.1,19.1
2025-11-26 13:42:22,42.85556448217884,49.99359432716086,38.728821167903405,19.1
2025-11-26 13:42:23,24.88718238005998,56.178616354684664,38.39681170862502,19.1
2025-11-26 13:42:24,24.1,35.1,22.1,19.05953557677055
2025-11-26 13:42:25,24.1,35.1,22.15186633739635,19.04036186744943
2025-11-26 13:42:26,24.1,35.14267182508615,22.14825268186619,19.059742008044296
2025-11-26 13:42:27,44.05132245289027,35.2,22.61583950368794,19.04015020541441
2025-11-26 13:42:28,45.76966231358621,35.15757630023914,22.585265960743556,19.1
2025-11-26 13:42:29,24.965614104949267,35.14230435756872,22.20279311332527,19.1
2025-11-26 13:42:30,24.1,35.1578160463255,22.197455352029124,19.1
2025-11-26 13:42:31,24.580190580079996,37.69210505325727,22.253418911767415,21.93967770906135
2025-11-26 13:42:32,24.119581772404327,38.80547399752368,35.12881093887761,34.74577116745636
2025-11-26 13:42:33,49.17389210455387,38.740243246996016,35.30752648118532,37.47398947807
2025-11-26 13:42:34,25.207642551025156,40.10092733825834,22.29848878728889,19.1606735050919
2025-11-26 13:42:35,24.1,35.1,22.149361318040658,19.1
2025-11-26 13:42:36,41.06511492306849,35.1,22.150522298690507,19.1
2025-11-26 13:42:37,37.74995260649887,35.1,22.300781072369244,35.43657591562339
2025-11-26 13:42:38,24.659555374999577,35.14116727044038,22.299486857601675,47.01531954142975
2025-11-26 13:42:39,35.28010068824999,35.241042058305645,22.350348041097917,19.13879760532778
2025-11-26 13:42:40,24.604519860621807,35.25908467014301,22.450032117090004,19.161307770099523
2025-11-26 13:42:41,24.1,35.2407892618971,38.876824584751105,27.813015011375573
2025-11-26 13:42:42,24.1,35.25933828929358,58.58049449129904,33.64764046685627
2025-11-26 13:42:43,24.1,48.41646091606205,42.47357841078065,32.28730496062413
2025-11-26 13:42:44,24.1,55.95013797211893,22.1,41.890486016823374
2025-11-26 13:42:45,24.1,50.3886457973931,39.26154803731427,19.1
2025-11-26 13:42:46,24.1,59.77166845650688,41.29605336761959,19.1
2025-11-26 13:42:47,24.1,35.2,22.253035906497367,19.1
2025-11-26 13:42:48,24.1,35.2,22.148867541867553,19.1
2025-11-26 13:42:49,24.1,35.2,22.2,19.1
2025-11-26 13:42:50,24.004356879266112,35.1604227084144,22.2,19.1
2025-11-26 13:42:51,24.09563131688174,35.13945899065535,22.151505037510436,19.1
2025-11-26 13:42:52,24.004377441345135,35.592993699515546,52.82013555798907,43.854494316395446
2025-11-26 13:42:53,24.095608618944105,36.278210820909734,60.32382197284659,77.55329334686584
2025-11-26 13:42:54,24.1,35.93194662908828,39.51157007111957,39.63794293867378
2025-11-26 13:42:55,24.1,35.2,41.659481116717615,19.162990733305328
2025-11-26 13:42:56,34.21957390014549,49.628240747109515,22.14779096403042,19.43177931800519
2025-11-26 13:42:57,24.58577536895471,59.784458232812625,22.247662192849177,19.66937736468422
2025-11-26 13:42:58,24.1,35.1,22.252463145451696,19.1
2025-11-26 13:42:59,24.1,35.138399770071096,22.294813594776095,19.1
2025-11-26 13:43:00,24.1,35.2,22.352728968063857,19.136473052802657
2025-11-26 13:43:01,24.1,35.161845510354695,22.205706097167468,19.163629365057623
2025-11-26 13:43:02,24.1,35.13803643421006,22.194042136877353,19.1
2025-11-26 13:43:03,24.1,35.162081072507725,22.20620813820154,19.1
2025-11-26 13:43:04,24.1,35.137802356222295,22.287048466308345,19.1
2025-11-26 13:43:05,24.1,35.2,22.36014210241956,19.1
2025-11-26 13:43:06,24.1,35.16243738937758,22.2,19.064142142396776
2025-11-26 13:43:07,24.00453621776172,35.1,22.2,19.035753597626876
2025-11-26 13:43:08,44.7321505713656,36.77263894888529,22.384911836548547,19.1
2025-11-26 13:43:09,80.06616216546485,48.32465178882404,22.55393317616276,41.72779459023084
2025-11-26 13:43:10,91.78299966757768,53.792707190089445,22.591806052903102,66.20860832929603
2025-11-26 13:43:11,27.46925202708547,35.384445567853554,22.608521855296544,29.155214838060143
2025-11-26 13:43:12,24.095290672504973,35.47957437586995,22.40881275243419,38.65306589508403
2025-11-26 13:43:13,24.1,35.1,22.20905566578381,19.064877929342092
2025-11-26 13:43:14,24.1,35.1,22.1,19.0
2025-11-26 13:43:15,24.1,35.1,22.05474944037862,19.0
2025-11-26 13:43:16,24.1,48.549026731571104,37.77217517987778,19.034809231601617
2025-11-26 13:43:17,38.63593039772894,60.701122629875705,42.866346027287726,19.169379912522334
2025-11-26 13:43:18,24.859936760787335,46.96734737032689,22.5,30.474030495365316
2025-11-26 13:43:19,24.1,57.63138272841138,37.448118442806376,44.81739125020146
2025-11-26 13:43:20,24.1,35.164228626976474,42.23595995404255,24.992744233416875
2025-11-26 13:43:21,24.1,35.1,22.2,19.1
2025-11-26 13:43:22,24.48034591112537,35.17106282976819,22.28870215366111,19.06582385391288
2025-11-26 13:43:23,41.30433944976893,35.22918855299683,22.48840233351075,19.03407089603688
2025-11-26 13:43:24,34.22703738063648,35.17057504424003,22.46784780289899,19.1
2025-11-26 13:43:25,24.58922525123135,35.264841637244984,22.212148122003505,19.1
2025-11-26 13:43:26,24.1,35.16496420659277,22.1,19.1
2025-11-26 13:43:27,24.1,35.13491790392036,22.1,19.06634986544443
2025-11-26 13:43:28,24.1,35.2,22.1,19.0
2025-11-26 13:43:29,32.937474330127316,35.2,22.360708074424764,19.03344287797486
2025-11-26 13:43:30,24.588672900002024,35.2,22.440160805068448,27.80025553154946
2025-11-26 13:43:31,24.1,35.2,22.143191476137662,37.48813852790545
2025-11-26 13:43:32,31.812553556329433,47.06100832187066,21.855176532351138,19.1993347706161
2025-11-26 13:43:33,32.76965754994361,59.62975735673722,30.49506935162667,21.756961196540267
2025-11-26 13:43:34,24.56334158098196,35.2,34.34811263460638,24.174456198631724
2025-11-26 13:43:35,24.1,35.2,21.77263596212105,19.1
2025-11-26 13:43:36,24.1,35.2,21.2,19.1
2025-11-26 13:43:37,24.1,35.2,21.58253966101405,19.067498600119613
2025-11-26 13:43:38,24.1,35.4350027305208,21.76104520780575,19.06478660667404
2025-11-26 13:43:39,24.1,35.799843695777284,42.66497214788536,36.86645251768952
2025-11-26 13:43:40,41.57311047232693,35.33405602461355,53.80279262697604,60.8696835654255
2025-11-26 13:43:41,25.1181067595044,34.9655305721535,21.6777090441707,19.167849975443996
2025-11-26 13:43:42,24.1,35.10244480695927,21.78173201027688,19.1
2025-11-26 13:43:43,24.1,35.19159064157659,34.54076510794269,30.557718260743364
2025-11-26 13:43:44,24.1,35.874519929613356,41.56716026201228,45.407261527260275
2025-11-26 13:43:45,24.1,35.2,22.25859531385512,19.031713598598497
2025-11-26 13:43:46,24.1,35.16762437549401,22.158713974565547,19.068392304762614
2025-11-26 13:43:47,24.1,35.1,22.017638012587295,19.0315074391794
2025-11-26 13:43:48,24.1,35.1,21.61245870379075,19.06859735736205
2025-11-26 13:43:49,24.1,45.63306100714626,21.690873387372985,29.61378384914128
2025-11-26 13:43:50,24.1,59.09284009193552,22.35928870572834,44.059476685427576
2025-11-26 13:43:51,24.1,35.2,22.259418613040573,19.068920684751724
2025-11-26 13:43:52,24.1,35.16832487677139,22.15953909396808,19.0
2025-11-26 13:43:53,24.1,35.1,22.1,19.0
2025-11-26 13:43:54,24.1,35.13144409425756,22.180448590653885,19.0
2025-11-26 13:43:55,24.005371926146207,35.41911579196858,22.580456636954207,28.51053211981501
2025-11-26 13:43:56,24.09462448598915,35.71321520786089,35.41020388666748,63.26320683200025
2025-11-26 13:43:57,24.76184245602358,58.18249896131688,56.19419801218522,78.62702172233264
2025-11-26 13:43:58,29.40608974093053,95.0294662069887,58.136165978680566,19.169746345447894
2025-11-26 13:43:59,24.41206348270822,34.892360407486166,44.74074794222521,19.1
2025-11-26 13:44:00,24.1,35.06939686112859,22.160481303519052,19.069971450471357
2025-11-26 13:44:01,39.88435096163988,35.060983807996344,22.218180783662348,19.02992812800593
2025-11-26 13:44:02,25.065533916539103,35.16962537243304,22.32148938703394,19.070179997875428
2025-11-26 13:44:03,24.1,35.1,22.16086677483015,19.0
2025-11-26 13:44:04,24.1,45.407459022275546,22.139014434788656,28.904759199089973
2025-11-26 13:44:05,24.1,60.6668414577572,21.81071036141362,44.28887357605666
2025-11-26 13:44:06,24.1,34.67009332936626,21.23886181432615,19.07059758044847
2025-11-26 13:44:07,24.1,45.10164654876462,21.72555894860013,19.029300020790966
2025-11-26 13:44:08,24.1,61.48740099726572,22.32302353519683,19.070806540318205
2025-11-26 13:44:09,37.03512885336238,35.129420850009275,22.27671697104278,19.02909164951989
2025-11-26 13:44:10,24.909988885003017,35.40495884406913,34.50190949198872,30.03229862064793
2025-11-26 13:44:11,24.1,35.72534853841494,43.29107702028254,48.09297309207097
2025-11-26 13:44:12,38.178156626938446,35.24203418965851,22.45187297531379,19.0
2025-11-26 13:44:13,25.04182292250974,35.1,22.435249505257524,19.0
2025-11-26 13:44:14,24.1,35.27246178394888,22.150800329282685,27.39505401986585
2025-11-26 13:44:15,24.1,35.52846336971957,22.249738009289768,41.359433109366165
2025-11-26 13:44:16,24.1,45.945566290198215,34.772348176284204,19.0
2025-11-26 13:44:17,24.1,64.67159479079034,45.0347248970145,19.0
2025-11-26 13:44:18,24.1,45.097002713400855,22.2628088788217,28.791449617801636
2025-11-26 13:44:19,24.1,62.37923311966603,22.16292497686897,45.85835173693883
2025-11-26 13:44:20,24.1,35.17210037238466,22.063031233803848,18.972024960496046
2025-11-26 13:44:21,35.94435887482905,35.12778810236294,22.073720568887406,18.92787671626015
2025-11-26 13:44:22,25.02811425287151,35.2,33.90188825704918,27.03730984832276
2025-11-26 13:44:23,24.1,35.17245171899317,43.40545068533198,41.21367690145512
2025-11-26 13:44:24,24.1,35.04510010529875,21.2,19.0
2025-11-26 13:44:25,24.377612009591974,34.95470260100555,21.236470486830797,19.0
2025-11-26 13:44:26,24.12273293851368,35.1,21.62674690678438,19.0
2025-11-26 13:44:27,24.1,35.07293489664478,22.127747323612823,18.97272288553955
2025-11-26 13:44:28,24.007794453080734,35.02697597353929,22.43178238790866,18.9
2025-11-26 13:44:29,24.09209323160869,35.12686524939567,22.84146981276717,25.94100423234441
2025-11-26 13:44:30,24.1,35.03944037676717,21.913080643400814,48.10189231960831
2025-11-26 13:44:31,24.1,34.759904139103924,21.793218501757813,47.126835375799615
2025-11-26 13:44:32,24.1,44.36887947336407,22.39338421810207,19.31379279323662
2025-11-26 13:44:33,33.983622057412084,62.60363918280704,22.164583133877567,19.66069209512285
2025-11-26 13:44:34,24.947655617362035,35.1,22.1,19.0
2025-11-26 13:44:35,24.0,35.1,22.064801354188894,19.0
2025-11-26 13:44:36,24.0,35.1,22.0,19.0
2025-11-26 13:44:37,31.504515739797156,35.1,22.03498535949257,22.11080537697748
2025-11-26 13:44:38,24.84162821405421,35.20336167054014,32.74834018166215,36.723885166079
2025-11-26 13:44:39,24.1,35.39708666461848,54.54490404412917,52.04719127540924
2025-11-26 13:44:40,24.1,35.1,45.47713897731442,37.7772761946688
2025-11-26 13:44:41,24.1,43.4185027930644,22.16885279157843,27.522522792628987
2025-11-26 13:44:42,24.1,61.11903731364604,22.19709080455691,45.45062638223323
2025-11-26 13:44:43,24.1,35.1,22.0,19.07451445146873
2025-11-26 13:44:44,24.1,35.1,22.0,19.0
2025-11-26 13:44:45,24.1,35.1,22.0,19.0
2025-11-26 13:44:46,24.009869717368073,35.1,22.0338861458764,19.0
2025-11-26 13:44:47,24.0,35.1,22.06622096050357,19.0
2025-11-26 13:44:48,24.089914522871776,35.1,22.0,19.0
2025-11-26 13:44:49,29.722346202782095,35.1,22.0,19.0
2025-11-26 13:44:50,24.75518317941602,35.1,22.0,19.0
2025-11-26 13:44:51,24.01044260783679,35.1,22.0,19.0
2025-11-26 13:44:52,24.0,35.1,22.0332688982312,19.0
2025-11-26 13:44:53,24.0,44.38601901644044,33.5910145789191,19.02445430519756
2025-11-26 13:44:54,24.0,66.75264141310652,59.9317188581407,29.828029719228603
2025-11-26 13:44:55,24.089132305300545,35.1,51.86864585601791,55.7181484242227
2025-11-26 13:44:56,33.87265379032317,35.24285190254351,22.1,20.870890427959715
2025-11-26 13:44:57,25.346275846840637,35.55773644577596,22.132671582016503,24.743672411642812
2025-11-26 13:44:58,24.011209430394658,35.1,22.134890783664535,19.0
2025-11-26 13:44:59,24.0,35.381465556408195,22.518291431692436,26.38319948106719
2025-11-26 13:45:00,24.088572143678903,44.22710166389798,23.149148051434175,44.39259227738904
2025-11-26 13:45:01,24.1,64.18221882745227,22.13569334460626,19.25302364738145
2025-11-26 13:45:02,24.011645403928515,54.916437123616085,33.55329303511519,19.31019144378589
2025-11-26 13:45:03,53.43355365724102,114.91330412224026,48.47755284380746,19.79125420137567
2025-11-26 13:45:04,28.338609667196295,43.86430729954047,32.87822705889987,19.07683801366886
2025-11-26 13:45:05,24.1,66.97958839102704,46.9259543196156,19.0
2025-11-26 13:45:06,24.1,35.1,22.031558396403003,19.0
2025-11-26 13:45:07,24.1,35.12241206793584,22.068553174524165,19.0
2025-11-26 13:45:08,37.13801845263957,35.177708471711945,22.125311196009264,19.0
2025-11-26 13:45:09,26.0122278075986,35.1,22.27521763847518,19.0
2025-11-26 13:45:10,24.1,42.831952365182495,22.0621636037203,26.518021029599467
2025-11-26 13:45:11,24.1,64.49606907607465,22.138079418544585,46.69473282339169
2025-11-26 13:45:12,39.77045207009255,35.1,22.06169601839495,18.92234115364245
2025-11-26 13:45:13,26.424226372939284,42.94781184492388,22.322851488768364,32.91937547514191
2025-11-26 13:45:14,30.816064259875244,65.70639348140632,32.1871530586177,83.48107861077992
2025-11-26 13:45:15,40.076995440723394,35.3357912286484,45.8174997168478,61.834306818178966
2025-11-26 13:45:16,26.46993929685524,35.1,22.2393516817358,19.078166297375763
2025-11-26 13:45:17,24.1,35.1,22.16040214318911,19.021730330923944
2025-11-26 13:45:18,24.1,35.1,22.23986087359911,19.078376669959827
2025-11-26 13:45:19,24.013715258261136,35.120946593098324,31.949274028502693,24.699079815986387
2025-11-26 13:45:20,24.086175766133536,35.553468731635796,46.8224927525514,41.148831991392015
2025-11-26 13:45:21,35.485642763096024,36.52995785629949,22.25941863884018,19.730201116239822
2025-11-26 13:45:22,31.27692047232067,35.079476285796964,22.34085965076033,23.578855780024412
2025-11-26 13:45:23,24.882974468063697,35.02041441347469,22.229439828793517,36.52312519703345
2025-11-26 13:45:24,24.0,35.12029982854693,22.329304543566167,19.07901992752113
2025-11-26 13:45:25,29.196289498485857,35.17982083977694,23.648525395829022,19.0
2025-11-26 13:45:26,24.883510500395115,35.1,25.40825912981235,19.02077417458784
2025-11-26 13:45:27,24.0,35.1,22.2577240791635,19.1
2025-11-26 13:45:28,24.0,35.1,22.4,19.1
2025-11-26 13:45:29,24.0,35.1,22.4,19.079543563167416
2025-11-26 13:45:30,24.340716714896026,35.11960918603563,22.4,19.020354586113772
2025-11-26 13:45:31,40.42050761160435,35.18050877144936,22.4,19.1
2025-11-26 13:45:32,27.099788424655873,41.652673590929155,22.48443067424649,19.28109041795024
2025-11-26 13:45:33,24.1,64.38164843880715,22.61606232196827,19.820324410147116
2025-11-26 13:45:34,24.1,35.31042903015386,31.631261420951702,26.397513765065057
2025-11-26 13:45:35,24.1,35.99157203037515,47.795444118106445,50.77200690400248
2025-11-26 13:45:36,24.1,35.1,30.803822082828425,26.077027602878204
2025-11-26 13:45:37,24.1,35.11879757456489,48.06090499970392,49.736687935980584
2025-11-26 13:45:38,24.1,35.18132146914048,21.327322049200117,19.1
2025-11-26 13:45:39,24.1,35.1,21.698669760324737,19.1
2025-11-26 13:45:40,24.1,41.04511857739851,22.47306779185667,25.23136463818368
2025-11-26 13:45:41,24.1,63.29554114725987,30.480940466711864,52.54064855601481
2025-11-26 13:45:42,24.1,35.427378253464454,45.96821804263766,49.19025904219245
2025-11-26 13:45:43,24.1,35.1,22.47350811030877,19.1
2025-11-26 13:45:44,24.1,35.1,22.4,19.0813290289084
2025-11-26 13:45:45,29.24204942329704,35.2423478100293,22.37378848662586,21.94167154422301
2025-11-26 13:45:46,30.548018162824192,35.759062801023525,22.32607590422143,32.3597333761878
2025-11-26 13:45:47,25.201816650199003,41.81499766291306,31.34004090958306,19.1
2025-11-26 13:45:48,24.1,69.43132715299076,49.88884325667269,19.1
2025-11-26 13:45:49,24.1,40.06844158337516,22.474280268391567,19.28101002620892
2025-11-26 13:45:50,24.1,60.367608520189606,22.374421137292305,19.92058784685487
2025-11-26 13:45:51,24.017297571387775,35.1,22.32544202271059,19.1
2025-11-26 13:45:52,24.0825907434155,35.1,22.4,19.08219572025674
2025-11-26 13:45:53,24.017514133174807,35.1,22.42515182469345,19.017695847639697
2025-11-26 13:45:54,24.082374878990056,35.1,31.419761848190273,19.1
2025-11-26 13:45:55,24.1,35.1,51.32922512724749,19.08252254526618
2025-11-26 13:45:56,24.1,35.1,22.3,19.017371107822296
2025-11-26 13:45:57,24.01795870694909,35.1,22.3,19.0827334308294
2025-11-26 13:45:58,24.0,35.1,22.251071133106848,19.0
2025-11-26 13:45:59,24.0,35.1,22.002564572951183,19.0
2025-11-26 13:46:00,24.65328736718637,44.091494250703576,21.869719596871747,19.10168901363955
2025-11-26 13:46:01,82.49124270490776,88.52939719305083,22.375970611352347,19.516022965106036
2025-11-26 13:46:02,39.5742998598236,40.677201859400256,22.37167010542893,19.1
2025-11-26 13:46:03,24.1,72.21332838812293,30.757256220034215,19.1
2025-11-26 13:46:04,24.01879335151528,69.13701972673265,50.72394041128779,19.083457293957437
2025-11-26 13:46:05,24.0,35.1,22.22349039985027,19.0
2025-11-26 13:46:06,24.0,35.1,22.3,19.0
2025-11-26 13:46:07,24.0,35.1,22.323231019039888,19.0
2025-11-26 13:46:08,24.0,35.1,22.215126750388603,19.0
2025-11-26 13:46:09,38.11184808082699,35.11482666954969,21.761034373340895,23.271903402965975
2025-11-26 13:46:10,53.36333991999841,40.63896835126913,22.3,42.73129130800127
2025-11-26 13:46:11,36.93000604662369,69.30966489776833,22.32265895890453,19.25277984524963
2025-11-26 13:46:12,25.617081130706183,35.18557593524435,22.37748120920168,19.01563521499141
2025-11-26 13:46:13,24.1,39.83191652128097,22.34479409535866,24.160114897405133
2025-11-26 13:46:14,24.1,65.48336063342794,22.410756412674644,48.60485906791972
2025-11-26 13:46:15,33.95766964878384,37.60135970070632,22.210952474239296,24.545901495912027
2025-11-26 13:46:16,26.67014834028622,50.96150817064195,22.533892141399942,51.806076266785375
2025-11-26 13:46:17,24.1,35.11382781479663,29.66668282021651,24.546511010945196
2025-11-26 13:46:18,33.90966990956223,35.2,50.54140689654492,52.45197787153899
2025-11-26 13:46:19,26.71956663482498,35.2,22.28344456301106,19.1
2025-11-26 13:46:20,24.1,35.18653232025003,21.672523315713395,19.1
2025-11-26 13:46:21,24.416137422363025,35.11335051984597,22.321349577141223,19.1
2025-11-26 13:46:22,24.18435010154663,35.17353800264272,29.312594808931024,24.27517581781025
2025-11-26 13:46:23,24.1,35.026247523788186,49.94533075742156,52.41672252687806
2025-11-26 13:46:24,37.17639338403704,35.2,22.5,19.08589919493991
2025-11-26 13:46:25,27.78254270245022,35.2,22.416818297101667,19.0
2025-11-26 13:46:26,24.648904152492396,41.15136169720032,22.12067915198991,25.70154580285046
2025-11-26 13:46:27,24.251960542416736,80.101028177729,22.158877839149927,65.0547063578519
2025-11-26 13:46:28,24.1,35.16268852853899,22.081785896837356,22.903204627867556
2025-11-26 13:46:29,24.1,35.538112136909106,22.37969634372473,44.53732767299959
2025-11-26 13:46:30,24.1,35.1,22.25965612006268,19.0
2025-11-26 13:46:31,24.1,35.1,22.1,19.0
2025-11-26 13:46:32,24.1,35.1,22.1,19.0
2025-11-26 13:46:33,29.11332540174377,35.1,22.1,22.628073720190265
2025-11-26 13:46:34,25.57353991252365,35.1,22.1,44.53719802052488
2025-11-26 13:46:35,24.1,35.111713687846304,22.080386729015324,19.08717222017535
2025-11-26 13:46:36,24.1,35.25795239986834,28.414798649416273,23.62167312746756
2025-11-26 13:46:37,24.1,35.63145079667338,50.42862501165654,53.24458194580388
2025-11-26 13:46:38,24.1,35.122617634600516,28.45555722886009,23.51388808939654
2025-11-26 13:46:39,24.1,39.50553359620392,55.19367947645025,52.59967730124825
2025-11-26 13:46:40,28.756115239382957,71.4877870751981,52.064589730649494,19.184885162588568
2025-11-26 13:46:41,30.50412521281804,35.18907883349425,22.1,19.716365021137616
2025-11-26 13:46:42,25.636263654381,35.1,22.118769290849215,19.08816108626168
2025-11-26 13:46:43,24.1,35.1,22.218643880537595,19.01173533265014
2025-11-26 13:46:44,24.1,35.1,22.281483916612473,19.088373312145315
2025-11-26 13:46:45,24.1,35.1,22.181602258627628,19.0
2025-11-26 13:46:46,24.1,35.1,22.08171320035725,19.0
2025-11-26 13:46:47,24.1,35.1,22.018179893474255,19.0
2025-11-26 13:46:48,24.1,35.1,22.1,19.0
2025-11-26 13:46:49,24.1,35.05986452320574,28.423015842016383,19.01111096028148
2025-11-26 13:46:50,27.18793890127988,34.779583368028874,53.27270573435837,21.40647812582406
2025-11-26 13:46:51,25.108402484665717,35.46102032913935,22.364719441509543,38.56782605817353
2025-11-26 13:46:52,24.1,38.741027994745274,28.22203700182095,19.1
2025-11-26 13:46:53,24.55139490997506,73.88715250446668,52.70991107799427,19.218322957353045
2025-11-26 13:46:54,24.249375286374708,63.320821380906686,22.265590283929946,20.083736506677724
2025-11-26 13:46:55,24.1,35.1,22.1,19.08943517454656
2025-11-26 13:46:56,24.1,35.1,22.117080188301816,19.010463138736807
2025-11-26 13:46:57,24.1,35.1,22.2169609320105,19.1
2025-11-26 13:46:58,24.174646203361004,35.1,27.582081135231768,22.77374181154341
2025-11-26 13:46:59,24.1254719847818,35.05603299732099,50.05018583882314,53.79035417651177
2025-11-26 13:47:00,24.1,34.64357362721442,21.449522031510597,18.64012410596594
2025-11-26 13:47:01,24.54552042770648,38.20782807248937,22.216404135200943,19.0688495077463
2025-11-26 13:47:02,24.2552600770634,71.18345389616562,22.3,19.631981215750685
2025-11-26 13:47:03,35.181317790395546,35.1,22.380630106628157,19.0
2025-11-26 13:47:04,28.130593973178776,35.1,22.688308796563103,19.0
2025-11-26 13:47:05,24.1,35.108070340634306,22.131676694599157,19.0
2025-11-26 13:47:06,34.771727239953584,35.2,22.3,19.0
2025-11-26 13:47:07,28.052812514794702,37.95944158359059,22.966700394852108,19.0
2025-11-26 13:47:08,24.1,70.15293850696006,25.9363978164756,19.0
2025-11-26 13:47:09,24.1,35.1,22.2153730451622,19.0
2025-11-26 13:47:10,24.1,35.1,22.25425906885319,19.0
2025-11-26 13:47:11,24.02694588245157,37.64438720238369,22.045418661081708,21.807278399458067
2025-11-26 13:47:12,24.072945397717085,69.63516061308441,27.2908871667396,53.2566085022466
2025-11-26 13:47:13,24.1,34.91428437448525,52.61563259439512,54.564801113183464
2025-11-26 13:47:14,24.1,35.1,22.170574355214836,18.991920126890697
2025-11-26 13:47:15,24.1,35.10687750883278,22.029214798390257,18.915955520866547
2025-11-26 13:47:16,33.9700843132133,35.2,22.214478645751115,19.092208320829226
2025-11-26 13:47:17,27.9699999276095,36.47524703913879,22.3,21.79347810069953
2025-11-26 13:47:18,24.02778387624512,53.93731276038591,22.35682390366713,56.49278623181123
2025-11-26 13:47:19,24.072110514585503,36.13763148924607,22.643849757835984,49.90143379476302
2025-11-26 13:47:20,36.553615250488576,35.19379069348207,22.3,19.0
2025-11-26 13:47:21,29.14237075873632,35.10609184319585,22.286228415594113,19.0
2025-11-26 13:47:22,24.028267948404665,35.2,22.22729655368451,20.775635865008855
2025-11-26 13:47:23,24.071625156382517,35.19414522768784,26.96636667129826,45.20390192696267
2025-11-26 13:47:24,38.67217401001666,35.1,53.78940280485755,55.3135694871408
2025-11-26 13:47:25,30.11405944800262,35.1,22.1,19.00664035483816
2025-11-26 13:47:26,24.0,35.1,22.113140375549516,19.1
2025-11-26 13:47:27,24.0,36.85104480997043,22.226024334811505,21.162100726481995
2025-11-26 13:47:28,24.0,67.71442367290553,22.4,51.27483234465194
2025-11-26 13:47:29,24.0,35.19482476378452,22.3618127768694,19.1
2025-11-26 13:47:30,24.070806727840544,35.1,22.1,19.093896895087443
2025-11-26 13:47:31,24.029298936931596,35.1,22.1,19.0
2025-11-26 13:47:32,24.070590833932876,35.1,22.1,19.0
2025-11-26 13:47:33,24.029516888629978,35.14242279683719,26.284757573352564,22.848492761015113
2025-11-26 13:47:34,24.070373273185524,36.00902230645353,57.17493219074672,89.33947000452012
2025-11-26 13:47:35,28.360078428160666,36.15609106684847,51.86118390468155,55.32890068375549
2025-11-26 13:47:36,25.862049920965937,35.19563363588064,22.28817891183597,50.9778811478092
2025-11-26 13:47:37,28.592522344191647,35.1,22.223399280588385,19.1
2025-11-26 13:47:38,26.070014478478868,35.1,22.37688390730721,19.09487606344797
2025-11-26 13:47:39,24.796933302943454,36.56062880679744,22.234305528874135,19.050109279762378
2025-11-26 13:47:40,24.40379098959072,72.78945538351319,22.47743464517585,19.990378647379934
2025-11-26 13:47:41,24.03045799088748,65.18002885839206,22.27770101557114,19.762172620748785
2025-11-26 13:47:42,24.06943249827933,35.1,22.122065831436057,19.0
2025-11-26 13:47:43,24.1,35.110424564271256,22.28909874600872,19.004513252396283
2025-11-26 13:47:44,24.1,35.39000616083372,22.189221279678343,19.095596114310975
2025-11-26 13:47:45,28.698916720188397,35.11928906030786,22.131971384699625,19.526314219473953
2025-11-26 13:47:46,36.82270556483549,35.68176851353292,22.368464399461036,31.032452389859365
2025-11-26 13:47:47,29.04904732660532,35.1,22.1,19.095961194081752
2025-11-26 13:47:48,24.1,36.17246374952292,25.68338663059983,19.00393270614963
2025-11-26 13:47:49,24.1,74.22348048565811,55.76180471462316,19.1
2025-11-26 13:47:50,24.031573950843928,35.1974700772387,22.36985810519257,19.09630243903369
2025-11-26 13:47:51,24.0,35.1,22.090070613385464,19.0
2025-11-26 13:47:52,24.136412737141377,35.10461091189946,25.413595463304883,19.91536206018521
2025-11-26 13:47:53,24.0638070498135,35.29783374279571,55.732679452190126,45.81340563969024
2025-11-26 13:47:54,34.24700491706399,35.19795524568248,22.31916823446876,19.1
2025-11-26 13:47:55,28.991162574430845,35.10192616162165,22.481133612646317,19.1
2025-11-26 13:47:56,24.0,35.19819480605769,22.290708271621988,19.096959304493954
2025-11-26 13:47:57,24.0,35.10168941331786,22.21832505480399,19.002932486090245
2025-11-26 13:47:58,24.0,35.766404640586174,25.466211681335167,19.1
2025-11-26 13:47:59,32.98432489060311,71.86866665549611,57.74425409880623,19.1
2025-11-26 13:48:00,28.473689995345342,35.2,58.3501297358152,19.09733366422184
2025-11-26 13:48:01,24.0,35.2,22.208602714049956,19.002559370405645
2025-11-26 13:48:02,24.0,35.19896292126189,22.29152852784133,19.09754680000772
2025-11-26 13:48:03,24.066971804789713,35.10092047315759,22.216694152896768,19.0
2025-11-26 13:48:04,24.0331365521236,35.2,22.383587949034155,19.0
2025-11-26 13:48:05,24.0,35.2,22.208079295078665,19.00215098064665
2025-11-26 13:48:06,24.06665194010712,35.199445753155594,22.292054411563353,19.09796098750236
2025-11-26 13:48:07,24.1,35.1004373556912,23.03579276385688,19.00193756894289
2025-11-26 13:48:08,24.1,35.2,32.290757296988,19.1
2025-11-26 13:48:09,24.1,35.2,22.40757395421468,19.1
2025-11-26 13:48:10,24.1,35.2,22.485163751858583,19.1
2025-11-26 13:48:11,24.033896134207215,35.2,24.768778549500215,19.649229677692553
2025-11-26 13:48:12,34.01036088720744,71.28266340741251,56.08768177623732,56.59489676238224
2025-11-26 13:48:13,64.91917672657031,83.70925748847112,22.59297259055368,19.101239206766707
2025-11-26 13:48:14,44.670977715200706,35.34191164048617,22.48625390213815,19.19888722919021
2025-11-26 13:48:15,31.87635934774183,35.2,22.306738017769053,19.1
2025-11-26 13:48:16,28.2939829514064,35.2,22.380217222209783,19.098230054768596
2025-11-26 13:48:17,35.34098408311496,35.00124692223086,22.106485122664,18.90079106285509
2025-11-26 13:48:18,30.295920198215587,35.099265699125496,22.21906940592527,19.00058581098588
2025-11-26 13:48:19,24.1,35.19914027035111,22.49379416296539,19.1
2025-11-26 13:48:20,24.1,35.2,22.381809420388215,19.09963888857133
2025-11-26 13:48:21,24.1,35.10109405943895,22.117836270814568,19.000256295700748
2025-11-26 13:48:22,24.1,35.19878051974771,24.31817594313135,19.150538722666106
2025-11-26 13:48:23,24.229232066630527,35.2,55.80883705733029,54.42088258844208
2025-11-26 13:48:24,24.17101073824545,35.2,22.589026892835275,19.114128604262277
2025-11-26 13:48:25,24.1,35.2,22.416011561477827,19.1
2025-11-26 13:48:26,24.1,35.3965541272023,22.674162217870855,50.04462306053254
2025-11-26 13:48:27,24.1,35.2036842374732,22.22017083064174,19.30667691660527
2025-11-26 13:48:28,24.1,35.2,22.580491466230928,19.100438306643188
2025-11-26 13:48:29,24.1,35.2,22.209508096180897,19.1
2025-11-26 13:48:30,24.03617825098998,35.2,22.395387382359605,19.1
2025-11-26 13:48:31,28.80740779272859,35.6880865309849,22.304474545087917,49.58990211614258
2025-11-26 13:48:32,26.8508435479643,66.82981338710707,22.4,52.524536826760965
2025-11-26 13:48:33,24.1,36.396142802082274,22.4,19.724718762468605
2025-11-26 13:48:34,24.1,35.402751256745,22.4,19.4
2025-11-26 13:48:35,24.1,35.49709468794902,22.4,19.498753325512705
2025-11-26 13:48:36,24.1,35.5,22.37753801882837,19.5
2025-11-26 13:48:37,24.1,35.306390900645084,21.821910809846592,19.30306260744508
2025-11-26 13:48:38,24.1,35.20331544154768,22.4,43.09834142730379
2025-11-26 13:48:39,24.1,35.48960995182069,22.393459260998508,20.027335119650154
2025-11-26 13:48:40,27.714382118348553,35.5,22.209447469387037,19.6
2025-11-26 13:48:41,36.39649624782156,36.270734910479874,22.494018718826165,55.9262734970991
2025-11-26 13:48:42,30.377372527057094,35.2394585772591,22.30285864140847,19.90375836069169
2025-11-26 13:48:43,24.1,35.2,22.4,19.002085877209467
2025-11-26 13:48:44,24.1,35.2,22.392268771518204,19.0
2025-11-26 13:48:45,24.1,35.2,23.84250804689743,19.0
2025-11-26 13:48:46,32.46359670792915,35.87376116509803,94.48711513719728,55.27413331987919
2025-11-26 13:48:47,29.41569653825858,36.092266590336706,56.050445145083906,54.87547762976253
2025-11-26 13:48:48,26.61493403259627,70.66239892647879,57.67104955422646,20.13954016883943
2025-11-26 13:48:49,25.686058253188634,37.52116387471678,22.482292804653696,48.46333682932457
2025-11-26 13:48:50,27.698747617499784,35.23074763188662,21.59619300923251,19.96382895337011
2025-11-26 13:48:51,27.25807930345107,35.2,21.407022966452978,56.57432163453866
2025-11-26 13:48:52,24.64517032898661,35.2,22.35785977038143,20.281814215428337
2025-11-26 13:48:53,32.63902216970465,71.97780325868858,57.788945437183145,19.19704945553431
2025-11-26 13:48:54,29.73737862963831,37.122879086127334,22.68398710529571,20.555000054689327
2025-11-26 13:48:55,24.1,35.21190779420167,21.31215650587984,19.148515077838056
2025-11-26 13:48:56,24.1,35.2,22.398266289081363,19.1
2025-11-26 13:48:57,24.039466208226575,69.80495327639647,22.47156347097349,19.96855633991409
2025-11-26 13:48:58,24.0,36.780199280546334,58.75763395705113,19.130802703811263
2025-11-26 13:48:59,24.06032026999383,68.6156186663906,22.30084966022637,19.00352312901127
2025-11-26 13:49:00,24.1,36.74519766439559,22.49945656482972,19.096459299187774
2025-11-26 13:49:01,24.1,35.2,22.3,19.1
2025-11-26 13:49:02,24.1,35.104166321024664,22.300779505381715,19.00355760616078
2025-11-26 13:49:03,24.1,35.19581352475429,33.459422988498716,19.096428887289587
2025-11-26 13:49:04,35.01040273147977,35.2,22.43478326175402,19.1
2025-11-26 13:49:05,31.756886562271205,35.104210947170465,22.4,19.1
2025-11-26 13:49:06,24.1,35.195786006680294,22.4,19.1
2025-11-26 13:49:07,24.1,35.2,21.306809315938946,19.1
2025-11-26 13:49:08,24.1,66.60643759573063,21.399232839835285,50.24971809395946
2025-11-26 13:49:09,24.1,36.678357652758784,21.30090188997128,20.368719855711724
2025-11-26 13:49:10,34.02026458247481,35.00838981941385,21.003016121660433,18.90732970061682
2025-11-26 13:49:11,31.252896093843688,35.09579170068595,21.296580118429414,19.0924592478348
2025-11-26 13:49:12,24.1,35.19578591641972,21.3,19.1
2025-11-26 13:49:13,24.1,35.10421029114991,21.3,19.003794811865024
2025-11-26 13:49:14,24.1,35.1,21.3,19.0
2025-11-26 13:49:15,24.1,34.716654422007565,55.39374869787535,52.69876679207881
2025-11-26 13:49:16,24.1,35.083175740244265,21.910819816433907,20.528364808502012
2025-11-26 13:49:17,24.1,35.1,21.201739959914683,19.00379993319312
2025-11-26 13:49:18,24.1,35.1,21.2,19.0
2025-11-26 13:49:19,24.1,34.71665572644354,21.39608538781175,18.61504291590601
2025-11-26 13:49:20,24.1,34.60415819053859,21.204084572937916,18.6
2025-11-26 13:49:21,24.1,35.36613598094906,21.493416404035557,45.59835793938599
2025-11-26 13:49:22,24.1,34.633275589724505,21.304654676748903,19.868588588794903
2025-11-26 13:49:23,27.58695266881425,34.6,54.28601023586289,51.785938732818465
2025-11-26 13:49:24,26.715083691000498,34.695775667356024,22.29468410855155,38.04259450686072
2025-11-26 13:49:25,32.84256797624886,34.79569786267732,21.594741566561176,19.45718979470705
2025-11-26 13:49:26,30.848144220700835,34.7043694828108,21.21079483331304,18.60412548626057
2025-11-26 13:49:27,24.1,34.60443214867262,21.2,18.6
2025-11-26 13:49:28,24.1,34.6,21.297052454672563,18.6
2025-11-26 13:49:29,29.16434697430148,34.69544097064866,21.493790032554493,52.65003815607247
2025-11-26 13:49:30,28.035419226511053,34.5092130934471,21.016039811811353,20.17713150174594
2025-11-26 13:49:31,24.1,34.5,20.90330317583837,18.5
2025-11-26 13:49:32,24.1,34.97625517626082,21.96039116573178,27.48939837122802
2025-11-26 13:49:33,24.71887953712203,34.71416483280868,21.2283312611557,19.02659539162167
2025-11-26 13:49:34,24.582314415320923,35.17582461675845,22.16363855054376,19.076985743768883
2025-11-26 13:49:35,24.1,35.2,22.2,19.1
2025-11-26 13:49:36,24.1,35.2,22.2,19.1
2025-11-26 13:49:37,24.1,63.16713152802494,22.296337332003755,48.30991675646222
2025-11-26 13:49:38,31.47089885631125,37.62618556690906,55.77348873342794,55.1009004952724
2025-11-26 13:49:39,30.129463288695863,35.24467359978697,23.671457740952505,20.901461316846984
2025-11-26 13:49:40,27.24422665706195,35.10497159717357,22.203665682961425,19.1
2025-11-26 13:49:41,27.600976924968215,35.00497829099131,22.10366232261981,52.44874565996484
2025-11-26 13:49:42,32.53304478419579,70.57798390957271,22.1,21.215830129098144
2025-11-26 13:49:43,30.53720297880429,37.051956338182805,22.67762042211538,19.68520483989862
2025-11-26 13:49:44,24.1,35.09491209664328,22.31505859068698,19.129672354963457
2025-11-26 13:49:45,24.1,35.57423016424783,52.85053708853019,49.72780310056059
2025-11-26 13:49:46,24.1,35.030982689331786,23.39666983524697,20.822289517515188
2025-11-26 13:49:47,24.1,66.62638875957451,53.90939496818,19.194978152354995
2025-11-26 13:49:48,27.989909377931173,37.06044284002907,23.651883330075822,19.105034114864623
2025-11-26 13:49:49,30.871083242920708,35.95729501971009,22.3,54.91878539122008
2025-11-26 13:49:50,35.11502397387406,68.09630020070378,55.08294960926068,56.383574665856926
2025-11-26 13:49:51,31.151069735213007,37.06781294025742,23.61228960972325,21.037203773166397
2025-11-26 13:49:52,24.1,35.1,22.2,19.194946980876313
2025-11-26 13:49:53,24.1,35.19470128552574,22.2,19.010010772530716
2025-11-26 13:49:54,24.1,35.673125362406196,53.63246785561181,49.96798159310551
2025-11-26 13:49:55,24.1,35.1323661446454,23.55038659224605,20.870905458665344
2025-11-26 13:49:56,24.1,35.19458283684248,22.296125170621984,19.1
2025-11-26 13:49:57,24.1,34.726968605666926,21.337907580585465,18.720375924824573
2025-11-26 13:49:58,24.1,34.7,54.27401339828775,52.448037253312606
2025-11-26 13:49:59,24.1,64.70011072884029,22.834640367276073,21.19393894284611
2025-11-26 13:50:00,24.1,36.59508966881338,21.30394872595412,18.821054453945113
2025-11-26 13:50:01,24.1,35.45408279809318,22.54694401210657,19.0838839642185
2025-11-26 13:50:02,24.04722945530353,35.97078136979619,22.69590752480837,19.28918550449746
2025-11-26 13:50:03,24.0,35.9058401949124,22.50816741417913,19.110807800133617
2025-11-26 13:50:04,24.05255657861302,35.24102621248974,22.116198506450655,19.1
2025-11-26 13:50:05,24.1,35.10587697814665,22.387776826747267,19.005426356773953
2025-11-26 13:50:06,32.695906755885964,35.19410044981621,52.232525903360646,49.36685577831233
2025-11-26 13:50:07,32.22127877439634,35.2,23.655150295368212,21.02510080965428
2025-11-26 13:50:08,24.1,64.54016019685842,59.456914213457594,19.947593817766
2025-11-26 13:50:09,24.1,37.19187993609305,24.21522137015902,19.152648111274193
2025-11-26 13:50:10,24.1,35.10600284344463,22.116302761065334,19.19403511838369
2025-11-26 13:50:11,24.1,58.02252498314456,22.291800930685326,19.481631669338626
2025-11-26 13:50:12,24.1,65.46501743763876,22.20409265142505,46.5340729293969
2025-11-26 13:50:13,24.1,37.024310512370754,22.104093569482252,21.073842936533737
2025-11-26 13:50:14,24.1,64.4974700782303,22.195896225470516,19.006470917452383
2025-11-26 13:50:15,24.048754324229375,37.22735665946129,22.29588255500809,19.09341362541017
2025-11-26 13:50:16,24.051136094908475,35.2,22.395865507356927,19.1
2025-11-26 13:50:17,24.048973137476445,35.2,22.304128208930955,19.1
2025-11-26 13:50:18,24.0,35.2,23.162036798622285,37.796535428660775
2025-11-26 13:50:19,24.0,35.2,22.433250187346875,20.583974387791677
2025-11-26 13:50:20,24.0,35.2,52.38916666743651,49.26616255808263
2025-11-26 13:50:21,24.05060642910593,35.57494728304561,24.20477049815737,46.04467976643321
2025-11-26 13:50:22,24.049499627739618,35.225175979923286,22.60865319481042,50.305604661505214
2025-11-26 13:50:23,24.0,35.10631043116274,22.40874200334975,21.623469995138823
2025-11-26 13:50:24,30.69904140560944,35.1,22.4,19.1
2025-11-26 13:50:25,38.0363770975652,35.1,22.4,19.1
2025-11-26 13:50:26,31.65675566636052,35.1936335649867,22.49560007513782,26.760751277379377
2025-11-26 13:50:27,24.25087210998577,35.106379788888304,22.308768349165856,19.885566317125683
2025-11-26 13:50:28,24.0,66.92961373153355,22.39560032772215,51.05954650320083
2025-11-26 13:50:29,24.0,37.440515410176275,22.304394767261098,22.25640169917154
2025-11-26 13:50:30,24.0,35.00642018281257,22.10876111073489,19.1
2025-11-26 13:50:31,24.0,35.0,22.1,19.1
2025-11-26 13:50:32,30.86044416740806,35.0,22.19560843999177,19.1
2025-11-26 13:50:33,31.309274374604332,68.47171946684347,22.582220892048372,19.191160210068286
2025-11-26 13:50:34,24.1,37.57966066031127,22.313443052890182,19.108949482782396
2025-11-26 13:50:35,24.1,59.8674992794028,52.98318096569479,75.8403611683573
2025-11-26 13:50:36,24.1,36.91596884243043,23.86760105046392,25.713682651814025
2025-11-26 13:50:37,24.148771305296144,35.1,22.39539472288761,19.10927848137138
2025-11-26 13:50:38,27.58157542829212,35.84722542859688,51.16952141820852,49.66505902457754
2025-11-26 13:50:39,30.33766998707348,66.75705058355541,24.08107981717277,23.36236247120473
2025-11-26 13:50:40,26.849626034481563,37.50258962214275,22.40925895941986,50.12830021311712
2025-11-26 13:50:41,24.1,35.1,22.304623089290395,22.668157642576904
2025-11-26 13:50:42,24.1,35.006640927285254,22.20462042931201,19.1
2025-11-26 13:50:43,24.1,35.093351310282124,22.390729451184537,19.1
2025-11-26 13:50:44,24.1,35.1,22.4,19.1
2025-11-26 13:50:45,24.1,35.37991072896811,50.98004347876363,47.3871669780638
2025-11-26 13:50:46,24.1,35.02681432016412,23.793799150525437,22.55762407055332
2025-11-26 13:50:47,24.1,35.0,22.20466910605024,19.1
2025-11-26 13:50:48,24.1,35.0,22.295319159993365,19.1
2025-11-26 13:50:49,26.87893262829622,63.92463578811868,51.766874573135176,19.1
2025-11-26 13:50:50,27.2267357460516,37.316900846178875,24.04214381115692,49.38015294680409
2025-11-26 13:50:51,32.00027414954979,35.00673359614969,22.30939475880487,23.129220774093188
2025-11-26 13:50:52,33.23966240749252,35.09325684820065,22.204688999550545,19.11094458143741
2025-11-26 13:50:53,24.1,35.1,22.2,19.1
2025-11-26 13:50:54,24.1,64.36028463841095,50.945697984328646,19.188825496355676
2025-11-26 13:50:55,24.1,37.38084073067439,23.90429041247948,19.2
2025-11-26 13:50:56,24.1,35.1,22.304714764440597,19.11141433964565
2025-11-26 13:50:57,24.053401893571507,35.1,22.3,19.1
2025-11-26 13:50:58,28.967496747177076,35.19314281519181,22.77612347436834,50.214793280214025
2025-11-26 13:50:59,29.903482012484815,35.2,22.609529398411333,23.660581298666138
2025-11-26 13:51:00,24.1,35.106888772819566,22.40948268502227,19.111929513471395
2025-11-26 13:51:01,24.1,35.1,22.495244934514243,19.1
2025-11-26 13:51:02,24.1,35.1,49.5153497050984,47.82011325271452
2025-11-26 13:51:03,24.1,35.1,23.763972607615138,23.508153530659488
2025-11-26 13:51:04,29.344693270330644,55.93512595630122,22.585405362502716,19.28750250592255
2025-11-26 13:51:05,30.48486451342585,71.59096094660939,22.6,19.12521258940854
2025-11-26 13:51:06,24.1,37.852500994410235,22.314540735292855,19.1
2025-11-26 13:51:07,24.1,60.96791803930248,51.34792877205078,49.386426990631726
2025-11-26 13:51:08,24.1,37.075571279194946,23.911833326159012,23.938274991878437
2025-11-26 13:51:09,24.1,60.2351844631279,22.489978184539023,44.42133034125632
2025-11-26 13:51:10,24.1,37.1356152837633,22.5,23.263521093290464
2025-11-26 13:51:11,24.1,35.1,22.30999564073556,19.11328256747873
2025-11-26 13:51:12,24.1,35.1,22.3,19.013380208221683
2025-11-26 13:51:13,24.1,35.007383800329535,22.20500124460077,19.0
2025-11-26 13:51:14,24.1,35.0,22.389966073962192,19.08640977765923
2025-11-26 13:51:15,24.1,35.0,22.11498417112121,19.186288207111357
2025-11-26 13:51:16,24.1,35.0,22.1,19.1138124910531
